[RUN_JG] ./synthlc/i_MUL_out/xCoverAPerflocDiv/22_update_file_.sh
SYMBOLIC? 0
[RUN_JG] SVA is ./synthlc/i_MUL_out/xCoverAPerflocDiv/out/22.sv
[RUN_JG] HDLF is ./synthlc/i_MUL_out/xCoverAPerflocDiv/22_hdls.f
[RUN_JG] ADD DEFINE
====================
====================
[RUN_JG] TCLF is ./synthlc/i_MUL_out/xCoverAPerflocDiv/22_.tcl
CHECK ASSUMPTION!

[RUN_JG] CMDTASK: task -create mytask -copy_assumes   -regexp
[RUN_JG] no gui
[RUN_JG] jg -no_gui -fpv ./synthlc/i_MUL_out/xCoverAPerflocDiv/22_.tcl -proj ./synthlc/i_MUL_out/xCoverAPerflocDiv/22_jgsession_26-03-02-00_06_27
Jasper Apps 2023.12p001 64 bits 2024.01.23 16:09:24 UTC

Any disclosure about the Cadence Design Systems software or its use
model to any third party violates the written Non-Disclosure Agreement
between Cadence Design Systems, Inc. and the customer.

THIS SOFTWARE CONTAINS CONFIDENTIAL INFORMATION AND TRADE SECRETS OF
CADENCE DESIGN SYSTEMS, INC. USE, DISCLOSURE, OR REPRODUCTION IS
PROHIBITED WITHOUT THE PRIOR EXPRESS WRITTEN PERMISSION OF CADENCE
DESIGN SYSTEMS, INC.

Copyright (C) 2000-2023 Cadence Design Systems, Inc. All Rights
Reserved.  Unpublished -- rights reserved under the copyright laws of
the United States.

This product includes software developed by others and redistributed
according to license agreement. See doc/third_party_readme.txt for
further details.

RESTRICTED RIGHTS LEGEND

Use, duplication, or disclosure by the Government is subject to
restrictions as set forth in subparagraph (c) (1) (ii) of the Rights in
Technical Data and Computer Software clause at DFARS 252.227-7013 or
subparagraphs (c) (1) and (2) of Commercial Computer Software -- Restricted
Rights at 48 CFR 52.227-19, as applicable.


                          Cadence Design Systems, Inc.
                          2655 Seely Avenue
                          San Jose, CA 95134
                          Phone: 408.943.1234

For technical assistance visit http://support.cadence.com.

Jasper Apps Analysis Session - /home/users/cheriek/Documents/Formal_Method/final_project/SynthLC/fv/synthlc/i_MUL_out/xCoverAPerflocDiv/22_jgsession_26-03-02-00_06_27/sessionLogs/session_0

INFO: successfully checked out licenses "jasper_interactive" and "jasper_fao".
INFO: reading configuration file "/home/users/cheriek/.config/cadence/jasper.conf".
% # Run JG with a TCl file: jg jg_test.tcl
% set assert_report_incompletes 1
1
% set RTL_DIR /home/users/cheriek/Documents/Formal_Method/final_project/ibex
/home/users/cheriek/Documents/Formal_Method/final_project/ibex
% set SRCDIR /home/users/cheriek/Documents/Formal_Method/final_project/ibex/rtl
/home/users/cheriek/Documents/Formal_Method/final_project/ibex/rtl
% 
% ############
% set FPV 1
1
% set REACH 0
0
% set CUSTOMTCL 0
0
% ############
% exec ./synthlc/i_MUL_out/xCoverAPerflocDiv/22_update_file_.sh
% # Analyze RTL files
% analyze -sv09 -f ./synthlc/i_MUL_out/xCoverAPerflocDiv/22_hdls.f -y $SRCDIR +incdir+$SRCDIR
INFO (INL011): Processing "-f" file "/home/users/cheriek/Documents/Formal_Method/final_project/SynthLC/fv/synthlc/i_MUL_out/xCoverAPerflocDiv/22_hdls.f".
[-- (VERI-1482)] Analyzing Verilog file '/cad/cadence/jasper_2023.12p001/lib/verilog/packages/std/std.sv' into library 'std'
[-- (VERI-1482)] Analyzing Verilog file '/home/users/cheriek/Documents/Formal_Method/final_project/ibex/rtl/ibex_pkg.sv'
[WARN (VERI-2418)] /home/users/cheriek/Documents/Formal_Method/final_project/ibex/rtl/ibex_pkg.sv(381): parameter 'ADDR_W' declared inside package 'ibex_pkg' shall be treated as localparam
[WARN (VERI-2418)] /home/users/cheriek/Documents/Formal_Method/final_project/ibex/rtl/ibex_pkg.sv(382): parameter 'BUS_SIZE' declared inside package 'ibex_pkg' shall be treated as localparam
[WARN (VERI-2418)] /home/users/cheriek/Documents/Formal_Method/final_project/ibex/rtl/ibex_pkg.sv(383): parameter 'BUS_BYTES' declared inside package 'ibex_pkg' shall be treated as localparam
[WARN (VERI-2418)] /home/users/cheriek/Documents/Formal_Method/final_project/ibex/rtl/ibex_pkg.sv(384): parameter 'BUS_W' declared inside package 'ibex_pkg' shall be treated as localparam
[WARN (VERI-2418)] /home/users/cheriek/Documents/Formal_Method/final_project/ibex/rtl/ibex_pkg.sv(385): parameter 'IC_SIZE_BYTES' declared inside package 'ibex_pkg' shall be treated as localparam
[WARN (VERI-2418)] /home/users/cheriek/Documents/Formal_Method/final_project/ibex/rtl/ibex_pkg.sv(386): parameter 'IC_NUM_WAYS' declared inside package 'ibex_pkg' shall be treated as localparam
[WARN (VERI-2418)] /home/users/cheriek/Documents/Formal_Method/final_project/ibex/rtl/ibex_pkg.sv(387): parameter 'IC_LINE_SIZE' declared inside package 'ibex_pkg' shall be treated as localparam
[WARN (VERI-2418)] /home/users/cheriek/Documents/Formal_Method/final_project/ibex/rtl/ibex_pkg.sv(388): parameter 'IC_LINE_BYTES' declared inside package 'ibex_pkg' shall be treated as localparam
[WARN (VERI-2418)] /home/users/cheriek/Documents/Formal_Method/final_project/ibex/rtl/ibex_pkg.sv(389): parameter 'IC_LINE_W' declared inside package 'ibex_pkg' shall be treated as localparam
[WARN (VERI-2418)] /home/users/cheriek/Documents/Formal_Method/final_project/ibex/rtl/ibex_pkg.sv(390): parameter 'IC_NUM_LINES' declared inside package 'ibex_pkg' shall be treated as localparam
[WARN (VERI-2418)] /home/users/cheriek/Documents/Formal_Method/final_project/ibex/rtl/ibex_pkg.sv(391): parameter 'IC_LINE_BEATS' declared inside package 'ibex_pkg' shall be treated as localparam
[WARN (VERI-2418)] /home/users/cheriek/Documents/Formal_Method/final_project/ibex/rtl/ibex_pkg.sv(392): parameter 'IC_LINE_BEATS_W' declared inside package 'ibex_pkg' shall be treated as localparam
[WARN (VERI-2418)] /home/users/cheriek/Documents/Formal_Method/final_project/ibex/rtl/ibex_pkg.sv(393): parameter 'IC_INDEX_W' declared inside package 'ibex_pkg' shall be treated as localparam
[WARN (VERI-2418)] /home/users/cheriek/Documents/Formal_Method/final_project/ibex/rtl/ibex_pkg.sv(394): parameter 'IC_INDEX_HI' declared inside package 'ibex_pkg' shall be treated as localparam
[WARN (VERI-2418)] /home/users/cheriek/Documents/Formal_Method/final_project/ibex/rtl/ibex_pkg.sv(395): parameter 'IC_TAG_SIZE' declared inside package 'ibex_pkg' shall be treated as localparam
[WARN (VERI-2418)] /home/users/cheriek/Documents/Formal_Method/final_project/ibex/rtl/ibex_pkg.sv(396): parameter 'IC_OUTPUT_BEATS' declared inside package 'ibex_pkg' shall be treated as localparam
[WARN (VERI-2418)] /home/users/cheriek/Documents/Formal_Method/final_project/ibex/rtl/ibex_pkg.sv(398): parameter 'SCRAMBLE_KEY_W' declared inside package 'ibex_pkg' shall be treated as localparam
[WARN (VERI-2418)] /home/users/cheriek/Documents/Formal_Method/final_project/ibex/rtl/ibex_pkg.sv(399): parameter 'SCRAMBLE_NONCE_W' declared inside package 'ibex_pkg' shall be treated as localparam
[WARN (VERI-2418)] /home/users/cheriek/Documents/Formal_Method/final_project/ibex/rtl/ibex_pkg.sv(402): parameter 'PMP_MAX_REGIONS' declared inside package 'ibex_pkg' shall be treated as localparam
[WARN (VERI-2418)] /home/users/cheriek/Documents/Formal_Method/final_project/ibex/rtl/ibex_pkg.sv(403): parameter 'PMP_CFG_W' declared inside package 'ibex_pkg' shall be treated as localparam
[WARN (VERI-2418)] /home/users/cheriek/Documents/Formal_Method/final_project/ibex/rtl/ibex_pkg.sv(406): parameter 'PMP_ADDR_MSB' declared inside package 'ibex_pkg' shall be treated as localparam
[WARN (VERI-2418)] /home/users/cheriek/Documents/Formal_Method/final_project/ibex/rtl/ibex_pkg.sv(409): parameter 'PMP_ADDR_LSB' declared inside package 'ibex_pkg' shall be treated as localparam
[WARN (VERI-2418)] /home/users/cheriek/Documents/Formal_Method/final_project/ibex/rtl/ibex_pkg.sv(412): parameter 'PMP_I' declared inside package 'ibex_pkg' shall be treated as localparam
[WARN (VERI-2418)] /home/users/cheriek/Documents/Formal_Method/final_project/ibex/rtl/ibex_pkg.sv(413): parameter 'PMP_I2' declared inside package 'ibex_pkg' shall be treated as localparam
[WARN (VERI-2418)] /home/users/cheriek/Documents/Formal_Method/final_project/ibex/rtl/ibex_pkg.sv(414): parameter 'PMP_D' declared inside package 'ibex_pkg' shall be treated as localparam
[WARN (VERI-2418)] /home/users/cheriek/Documents/Formal_Method/final_project/ibex/rtl/ibex_pkg.sv(614): parameter 'CSR_OFF_PMP_CFG' declared inside package 'ibex_pkg' shall be treated as localparam
[WARN (VERI-2418)] /home/users/cheriek/Documents/Formal_Method/final_project/ibex/rtl/ibex_pkg.sv(615): parameter 'CSR_OFF_PMP_ADDR' declared inside package 'ibex_pkg' shall be treated as localparam
[WARN (VERI-2418)] /home/users/cheriek/Documents/Formal_Method/final_project/ibex/rtl/ibex_pkg.sv(618): parameter 'CSR_MSTATUS_MIE_BIT' declared inside package 'ibex_pkg' shall be treated as localparam
[WARN (VERI-2418)] /home/users/cheriek/Documents/Formal_Method/final_project/ibex/rtl/ibex_pkg.sv(619): parameter 'CSR_MSTATUS_MPIE_BIT' declared inside package 'ibex_pkg' shall be treated as localparam
[WARN (VERI-2418)] /home/users/cheriek/Documents/Formal_Method/final_project/ibex/rtl/ibex_pkg.sv(620): parameter 'CSR_MSTATUS_MPP_BIT_LOW' declared inside package 'ibex_pkg' shall be treated as localparam
[WARN (VERI-2418)] /home/users/cheriek/Documents/Formal_Method/final_project/ibex/rtl/ibex_pkg.sv(621): parameter 'CSR_MSTATUS_MPP_BIT_HIGH' declared inside package 'ibex_pkg' shall be treated as localparam
[WARN (VERI-2418)] /home/users/cheriek/Documents/Formal_Method/final_project/ibex/rtl/ibex_pkg.sv(622): parameter 'CSR_MSTATUS_MPRV_BIT' declared inside package 'ibex_pkg' shall be treated as localparam
[WARN (VERI-2418)] /home/users/cheriek/Documents/Formal_Method/final_project/ibex/rtl/ibex_pkg.sv(623): parameter 'CSR_MSTATUS_TW_BIT' declared inside package 'ibex_pkg' shall be treated as localparam
[WARN (VERI-2418)] /home/users/cheriek/Documents/Formal_Method/final_project/ibex/rtl/ibex_pkg.sv(626): parameter 'CSR_MISA_MXL' declared inside package 'ibex_pkg' shall be treated as localparam
[WARN (VERI-2418)] /home/users/cheriek/Documents/Formal_Method/final_project/ibex/rtl/ibex_pkg.sv(629): parameter 'CSR_MSIX_BIT' declared inside package 'ibex_pkg' shall be treated as localparam
[WARN (VERI-2418)] /home/users/cheriek/Documents/Formal_Method/final_project/ibex/rtl/ibex_pkg.sv(630): parameter 'CSR_MTIX_BIT' declared inside package 'ibex_pkg' shall be treated as localparam
[WARN (VERI-2418)] /home/users/cheriek/Documents/Formal_Method/final_project/ibex/rtl/ibex_pkg.sv(631): parameter 'CSR_MEIX_BIT' declared inside package 'ibex_pkg' shall be treated as localparam
[WARN (VERI-2418)] /home/users/cheriek/Documents/Formal_Method/final_project/ibex/rtl/ibex_pkg.sv(632): parameter 'CSR_MFIX_BIT_LOW' declared inside package 'ibex_pkg' shall be treated as localparam
[WARN (VERI-2418)] /home/users/cheriek/Documents/Formal_Method/final_project/ibex/rtl/ibex_pkg.sv(633): parameter 'CSR_MFIX_BIT_HIGH' declared inside package 'ibex_pkg' shall be treated as localparam
[WARN (VERI-2418)] /home/users/cheriek/Documents/Formal_Method/final_project/ibex/rtl/ibex_pkg.sv(636): parameter 'CSR_MSECCFG_MML_BIT' declared inside package 'ibex_pkg' shall be treated as localparam
[WARN (VERI-2418)] /home/users/cheriek/Documents/Formal_Method/final_project/ibex/rtl/ibex_pkg.sv(637): parameter 'CSR_MSECCFG_MMWP_BIT' declared inside package 'ibex_pkg' shall be treated as localparam
[WARN (VERI-2418)] /home/users/cheriek/Documents/Formal_Method/final_project/ibex/rtl/ibex_pkg.sv(638): parameter 'CSR_MSECCFG_RLB_BIT' declared inside package 'ibex_pkg' shall be treated as localparam
[WARN (VERI-2418)] /home/users/cheriek/Documents/Formal_Method/final_project/ibex/rtl/ibex_pkg.sv(653): parameter 'LfsrWidth' declared inside package 'ibex_pkg' shall be treated as localparam
[WARN (VERI-2418)] /home/users/cheriek/Documents/Formal_Method/final_project/ibex/rtl/ibex_pkg.sv(656): parameter 'RndCnstLfsrSeedDefault' declared inside package 'ibex_pkg' shall be treated as localparam
[WARN (VERI-2418)] /home/users/cheriek/Documents/Formal_Method/final_project/ibex/rtl/ibex_pkg.sv(657): parameter 'RndCnstLfsrPermDefault' declared inside package 'ibex_pkg' shall be treated as localparam
[WARN (VERI-2418)] /home/users/cheriek/Documents/Formal_Method/final_project/ibex/rtl/ibex_pkg.sv(660): parameter 'RndCnstIbexKeyDefault' declared inside package 'ibex_pkg' shall be treated as localparam
[WARN (VERI-2418)] /home/users/cheriek/Documents/Formal_Method/final_project/ibex/rtl/ibex_pkg.sv(662): parameter 'RndCnstIbexNonceDefault' declared inside package 'ibex_pkg' shall be treated as localparam
[WARN (VERI-2418)] /home/users/cheriek/Documents/Formal_Method/final_project/ibex/rtl/ibex_pkg.sv(667): parameter 'IbexMuBiWidth' declared inside package 'ibex_pkg' shall be treated as localparam
[WARN (VERI-2418)] /home/users/cheriek/Documents/Formal_Method/final_project/ibex/rtl/ibex_pkg.sv(674): parameter 'IbexMuBiOn' declared inside package 'ibex_pkg' shall be treated as localparam
[WARN (VERI-2418)] /home/users/cheriek/Documents/Formal_Method/final_project/ibex/rtl/ibex_pkg.sv(675): parameter 'IbexMuBiOff' declared inside package 'ibex_pkg' shall be treated as localparam
[WARN (VERI-2418)] /home/users/cheriek/Documents/Formal_Method/final_project/ibex/rtl/ibex_pkg.sv(684): parameter 'PmpCfgRst' declared inside package 'ibex_pkg' shall be treated as localparam
[WARN (VERI-2418)] /home/users/cheriek/Documents/Formal_Method/final_project/ibex/rtl/ibex_pkg.sv(706): parameter 'PmpAddrRst' declared inside package 'ibex_pkg' shall be treated as localparam
[WARN (VERI-2418)] /home/users/cheriek/Documents/Formal_Method/final_project/ibex/rtl/ibex_pkg.sv(725): parameter 'PmpMseccfgRst' declared inside package 'ibex_pkg' shall be treated as localparam
[-- (VERI-1482)] Analyzing Verilog file '/home/users/cheriek/Documents/Formal_Method/final_project/ibex/rtl/ibex_tracer_pkg.sv'
[WARN (VERI-2418)] /home/users/cheriek/Documents/Formal_Method/final_project/ibex/rtl/ibex_tracer_pkg.sv(9): parameter 'OPCODE_C0' declared inside package 'ibex_tracer_pkg' shall be treated as localparam
[WARN (VERI-2418)] /home/users/cheriek/Documents/Formal_Method/final_project/ibex/rtl/ibex_tracer_pkg.sv(10): parameter 'OPCODE_C1' declared inside package 'ibex_tracer_pkg' shall be treated as localparam
[WARN (VERI-2418)] /home/users/cheriek/Documents/Formal_Method/final_project/ibex/rtl/ibex_tracer_pkg.sv(11): parameter 'OPCODE_C2' declared inside package 'ibex_tracer_pkg' shall be treated as localparam
[WARN (VERI-2418)] /home/users/cheriek/Documents/Formal_Method/final_project/ibex/rtl/ibex_tracer_pkg.sv(14): parameter 'INSN_LUI' declared inside package 'ibex_tracer_pkg' shall be treated as localparam
[WARN (VERI-2418)] /home/users/cheriek/Documents/Formal_Method/final_project/ibex/rtl/ibex_tracer_pkg.sv(15): parameter 'INSN_AUIPC' declared inside package 'ibex_tracer_pkg' shall be treated as localparam
[WARN (VERI-2418)] /home/users/cheriek/Documents/Formal_Method/final_project/ibex/rtl/ibex_tracer_pkg.sv(16): parameter 'INSN_JAL' declared inside package 'ibex_tracer_pkg' shall be treated as localparam
[WARN (VERI-2418)] /home/users/cheriek/Documents/Formal_Method/final_project/ibex/rtl/ibex_tracer_pkg.sv(17): parameter 'INSN_JALR' declared inside package 'ibex_tracer_pkg' shall be treated as localparam
[WARN (VERI-2418)] /home/users/cheriek/Documents/Formal_Method/final_project/ibex/rtl/ibex_tracer_pkg.sv(20): parameter 'INSN_BEQ' declared inside package 'ibex_tracer_pkg' shall be treated as localparam
[WARN (VERI-2418)] /home/users/cheriek/Documents/Formal_Method/final_project/ibex/rtl/ibex_tracer_pkg.sv(21): parameter 'INSN_BNE' declared inside package 'ibex_tracer_pkg' shall be treated as localparam
[WARN (VERI-2418)] /home/users/cheriek/Documents/Formal_Method/final_project/ibex/rtl/ibex_tracer_pkg.sv(22): parameter 'INSN_BLT' declared inside package 'ibex_tracer_pkg' shall be treated as localparam
[WARN (VERI-2418)] /home/users/cheriek/Documents/Formal_Method/final_project/ibex/rtl/ibex_tracer_pkg.sv(23): parameter 'INSN_BGE' declared inside package 'ibex_tracer_pkg' shall be treated as localparam
[WARN (VERI-2418)] /home/users/cheriek/Documents/Formal_Method/final_project/ibex/rtl/ibex_tracer_pkg.sv(24): parameter 'INSN_BLTU' declared inside package 'ibex_tracer_pkg' shall be treated as localparam
[WARN (VERI-2418)] /home/users/cheriek/Documents/Formal_Method/final_project/ibex/rtl/ibex_tracer_pkg.sv(25): parameter 'INSN_BGEU' declared inside package 'ibex_tracer_pkg' shall be treated as localparam
[WARN (VERI-2418)] /home/users/cheriek/Documents/Formal_Method/final_project/ibex/rtl/ibex_tracer_pkg.sv(28): parameter 'INSN_ADDI' declared inside package 'ibex_tracer_pkg' shall be treated as localparam
[WARN (VERI-2418)] /home/users/cheriek/Documents/Formal_Method/final_project/ibex/rtl/ibex_tracer_pkg.sv(29): parameter 'INSN_SLTI' declared inside package 'ibex_tracer_pkg' shall be treated as localparam
[WARN (VERI-2418)] /home/users/cheriek/Documents/Formal_Method/final_project/ibex/rtl/ibex_tracer_pkg.sv(30): parameter 'INSN_SLTIU' declared inside package 'ibex_tracer_pkg' shall be treated as localparam
[WARN (VERI-2418)] /home/users/cheriek/Documents/Formal_Method/final_project/ibex/rtl/ibex_tracer_pkg.sv(31): parameter 'INSN_XORI' declared inside package 'ibex_tracer_pkg' shall be treated as localparam
[WARN (VERI-2418)] /home/users/cheriek/Documents/Formal_Method/final_project/ibex/rtl/ibex_tracer_pkg.sv(32): parameter 'INSN_ORI' declared inside package 'ibex_tracer_pkg' shall be treated as localparam
[WARN (VERI-2418)] /home/users/cheriek/Documents/Formal_Method/final_project/ibex/rtl/ibex_tracer_pkg.sv(33): parameter 'INSN_ANDI' declared inside package 'ibex_tracer_pkg' shall be treated as localparam
[WARN (VERI-2418)] /home/users/cheriek/Documents/Formal_Method/final_project/ibex/rtl/ibex_tracer_pkg.sv(34): parameter 'INSN_SLLI' declared inside package 'ibex_tracer_pkg' shall be treated as localparam
[WARN (VERI-2418)] /home/users/cheriek/Documents/Formal_Method/final_project/ibex/rtl/ibex_tracer_pkg.sv(35): parameter 'INSN_SRLI' declared inside package 'ibex_tracer_pkg' shall be treated as localparam
[WARN (VERI-2418)] /home/users/cheriek/Documents/Formal_Method/final_project/ibex/rtl/ibex_tracer_pkg.sv(36): parameter 'INSN_SRAI' declared inside package 'ibex_tracer_pkg' shall be treated as localparam
[WARN (VERI-2418)] /home/users/cheriek/Documents/Formal_Method/final_project/ibex/rtl/ibex_tracer_pkg.sv(39): parameter 'INSN_ADD' declared inside package 'ibex_tracer_pkg' shall be treated as localparam
[WARN (VERI-2418)] /home/users/cheriek/Documents/Formal_Method/final_project/ibex/rtl/ibex_tracer_pkg.sv(40): parameter 'INSN_SUB' declared inside package 'ibex_tracer_pkg' shall be treated as localparam
[WARN (VERI-2418)] /home/users/cheriek/Documents/Formal_Method/final_project/ibex/rtl/ibex_tracer_pkg.sv(41): parameter 'INSN_SLL' declared inside package 'ibex_tracer_pkg' shall be treated as localparam
[WARN (VERI-2418)] /home/users/cheriek/Documents/Formal_Method/final_project/ibex/rtl/ibex_tracer_pkg.sv(42): parameter 'INSN_SLT' declared inside package 'ibex_tracer_pkg' shall be treated as localparam
[WARN (VERI-2418)] /home/users/cheriek/Documents/Formal_Method/final_project/ibex/rtl/ibex_tracer_pkg.sv(43): parameter 'INSN_SLTU' declared inside package 'ibex_tracer_pkg' shall be treated as localparam
[WARN (VERI-2418)] /home/users/cheriek/Documents/Formal_Method/final_project/ibex/rtl/ibex_tracer_pkg.sv(44): parameter 'INSN_XOR' declared inside package 'ibex_tracer_pkg' shall be treated as localparam
[WARN (VERI-2418)] /home/users/cheriek/Documents/Formal_Method/final_project/ibex/rtl/ibex_tracer_pkg.sv(45): parameter 'INSN_SRL' declared inside package 'ibex_tracer_pkg' shall be treated as localparam
[WARN (VERI-2418)] /home/users/cheriek/Documents/Formal_Method/final_project/ibex/rtl/ibex_tracer_pkg.sv(46): parameter 'INSN_SRA' declared inside package 'ibex_tracer_pkg' shall be treated as localparam
[WARN (VERI-2418)] /home/users/cheriek/Documents/Formal_Method/final_project/ibex/rtl/ibex_tracer_pkg.sv(47): parameter 'INSN_OR' declared inside package 'ibex_tracer_pkg' shall be treated as localparam
[WARN (VERI-2418)] /home/users/cheriek/Documents/Formal_Method/final_project/ibex/rtl/ibex_tracer_pkg.sv(48): parameter 'INSN_AND' declared inside package 'ibex_tracer_pkg' shall be treated as localparam
[WARN (VERI-2418)] /home/users/cheriek/Documents/Formal_Method/final_project/ibex/rtl/ibex_tracer_pkg.sv(51): parameter 'INSN_CSRRW' declared inside package 'ibex_tracer_pkg' shall be treated as localparam
[WARN (VERI-2418)] /home/users/cheriek/Documents/Formal_Method/final_project/ibex/rtl/ibex_tracer_pkg.sv(52): parameter 'INSN_CSRRS' declared inside package 'ibex_tracer_pkg' shall be treated as localparam
[WARN (VERI-2418)] /home/users/cheriek/Documents/Formal_Method/final_project/ibex/rtl/ibex_tracer_pkg.sv(53): parameter 'INSN_CSRRC' declared inside package 'ibex_tracer_pkg' shall be treated as localparam
[WARN (VERI-2418)] /home/users/cheriek/Documents/Formal_Method/final_project/ibex/rtl/ibex_tracer_pkg.sv(54): parameter 'INSN_CSRRWI' declared inside package 'ibex_tracer_pkg' shall be treated as localparam
[WARN (VERI-2418)] /home/users/cheriek/Documents/Formal_Method/final_project/ibex/rtl/ibex_tracer_pkg.sv(55): parameter 'INSN_CSRRSI' declared inside package 'ibex_tracer_pkg' shall be treated as localparam
[WARN (VERI-2418)] /home/users/cheriek/Documents/Formal_Method/final_project/ibex/rtl/ibex_tracer_pkg.sv(56): parameter 'INSN_CSRRCI' declared inside package 'ibex_tracer_pkg' shall be treated as localparam
[WARN (VERI-2418)] /home/users/cheriek/Documents/Formal_Method/final_project/ibex/rtl/ibex_tracer_pkg.sv(57): parameter 'INSN_ECALL' declared inside package 'ibex_tracer_pkg' shall be treated as localparam
[WARN (VERI-2418)] /home/users/cheriek/Documents/Formal_Method/final_project/ibex/rtl/ibex_tracer_pkg.sv(58): parameter 'INSN_EBREAK' declared inside package 'ibex_tracer_pkg' shall be treated as localparam
[WARN (VERI-2418)] /home/users/cheriek/Documents/Formal_Method/final_project/ibex/rtl/ibex_tracer_pkg.sv(59): parameter 'INSN_MRET' declared inside package 'ibex_tracer_pkg' shall be treated as localparam
[WARN (VERI-2418)] /home/users/cheriek/Documents/Formal_Method/final_project/ibex/rtl/ibex_tracer_pkg.sv(60): parameter 'INSN_DRET' declared inside package 'ibex_tracer_pkg' shall be treated as localparam
[WARN (VERI-2418)] /home/users/cheriek/Documents/Formal_Method/final_project/ibex/rtl/ibex_tracer_pkg.sv(61): parameter 'INSN_WFI' declared inside package 'ibex_tracer_pkg' shall be treated as localparam
[WARN (VERI-2418)] /home/users/cheriek/Documents/Formal_Method/final_project/ibex/rtl/ibex_tracer_pkg.sv(64): parameter 'INSN_DIV' declared inside package 'ibex_tracer_pkg' shall be treated as localparam
[WARN (VERI-2418)] /home/users/cheriek/Documents/Formal_Method/final_project/ibex/rtl/ibex_tracer_pkg.sv(65): parameter 'INSN_DIVU' declared inside package 'ibex_tracer_pkg' shall be treated as localparam
[WARN (VERI-2418)] /home/users/cheriek/Documents/Formal_Method/final_project/ibex/rtl/ibex_tracer_pkg.sv(66): parameter 'INSN_REM' declared inside package 'ibex_tracer_pkg' shall be treated as localparam
[WARN (VERI-2418)] /home/users/cheriek/Documents/Formal_Method/final_project/ibex/rtl/ibex_tracer_pkg.sv(67): parameter 'INSN_REMU' declared inside package 'ibex_tracer_pkg' shall be treated as localparam
[WARN (VERI-2418)] /home/users/cheriek/Documents/Formal_Method/final_project/ibex/rtl/ibex_tracer_pkg.sv(68): parameter 'INSN_PMUL' declared inside package 'ibex_tracer_pkg' shall be treated as localparam
[WARN (VERI-2418)] /home/users/cheriek/Documents/Formal_Method/final_project/ibex/rtl/ibex_tracer_pkg.sv(69): parameter 'INSN_PMUH' declared inside package 'ibex_tracer_pkg' shall be treated as localparam
[WARN (VERI-2418)] /home/users/cheriek/Documents/Formal_Method/final_project/ibex/rtl/ibex_tracer_pkg.sv(70): parameter 'INSN_PMULHSU' declared inside package 'ibex_tracer_pkg' shall be treated as localparam
[WARN (VERI-2418)] /home/users/cheriek/Documents/Formal_Method/final_project/ibex/rtl/ibex_tracer_pkg.sv(71): parameter 'INSN_PMULHU' declared inside package 'ibex_tracer_pkg' shall be treated as localparam
[WARN (VERI-2418)] /home/users/cheriek/Documents/Formal_Method/final_project/ibex/rtl/ibex_tracer_pkg.sv(75): parameter 'INSN_SH1ADD' declared inside package 'ibex_tracer_pkg' shall be treated as localparam
[WARN (VERI-2418)] /home/users/cheriek/Documents/Formal_Method/final_project/ibex/rtl/ibex_tracer_pkg.sv(76): parameter 'INSN_SH2ADD' declared inside package 'ibex_tracer_pkg' shall be treated as localparam
[WARN (VERI-2418)] /home/users/cheriek/Documents/Formal_Method/final_project/ibex/rtl/ibex_tracer_pkg.sv(77): parameter 'INSN_SH3ADD' declared inside package 'ibex_tracer_pkg' shall be treated as localparam
[WARN (VERI-2418)] /home/users/cheriek/Documents/Formal_Method/final_project/ibex/rtl/ibex_tracer_pkg.sv(83): parameter 'INSN_RORI' declared inside package 'ibex_tracer_pkg' shall be treated as localparam
[WARN (VERI-2418)] /home/users/cheriek/Documents/Formal_Method/final_project/ibex/rtl/ibex_tracer_pkg.sv(84): parameter 'INSN_CLZ' declared inside package 'ibex_tracer_pkg' shall be treated as localparam
[WARN (VERI-2418)] /home/users/cheriek/Documents/Formal_Method/final_project/ibex/rtl/ibex_tracer_pkg.sv(85): parameter 'INSN_CTZ' declared inside package 'ibex_tracer_pkg' shall be treated as localparam
[WARN (VERI-2418)] /home/users/cheriek/Documents/Formal_Method/final_project/ibex/rtl/ibex_tracer_pkg.sv(86): parameter 'INSN_CPOP' declared inside package 'ibex_tracer_pkg' shall be treated as localparam
[WARN (VERI-2418)] /home/users/cheriek/Documents/Formal_Method/final_project/ibex/rtl/ibex_tracer_pkg.sv(87): parameter 'INSN_SEXTB' declared inside package 'ibex_tracer_pkg' shall be treated as localparam
[WARN (VERI-2418)] /home/users/cheriek/Documents/Formal_Method/final_project/ibex/rtl/ibex_tracer_pkg.sv(88): parameter 'INSN_SEXTH' declared inside package 'ibex_tracer_pkg' shall be treated as localparam
[WARN (VERI-2418)] /home/users/cheriek/Documents/Formal_Method/final_project/ibex/rtl/ibex_tracer_pkg.sv(100): parameter 'INSN_ROL' declared inside package 'ibex_tracer_pkg' shall be treated as localparam
[WARN (VERI-2418)] /home/users/cheriek/Documents/Formal_Method/final_project/ibex/rtl/ibex_tracer_pkg.sv(101): parameter 'INSN_ROR' declared inside package 'ibex_tracer_pkg' shall be treated as localparam
[WARN (VERI-2418)] /home/users/cheriek/Documents/Formal_Method/final_project/ibex/rtl/ibex_tracer_pkg.sv(102): parameter 'INSN_MIN' declared inside package 'ibex_tracer_pkg' shall be treated as localparam
[WARN (VERI-2418)] /home/users/cheriek/Documents/Formal_Method/final_project/ibex/rtl/ibex_tracer_pkg.sv(103): parameter 'INSN_MAX' declared inside package 'ibex_tracer_pkg' shall be treated as localparam
[WARN (VERI-2418)] /home/users/cheriek/Documents/Formal_Method/final_project/ibex/rtl/ibex_tracer_pkg.sv(104): parameter 'INSN_MINU' declared inside package 'ibex_tracer_pkg' shall be treated as localparam
[WARN (VERI-2418)] /home/users/cheriek/Documents/Formal_Method/final_project/ibex/rtl/ibex_tracer_pkg.sv(105): parameter 'INSN_MAXU' declared inside package 'ibex_tracer_pkg' shall be treated as localparam
[WARN (VERI-2418)] /home/users/cheriek/Documents/Formal_Method/final_project/ibex/rtl/ibex_tracer_pkg.sv(106): parameter 'INSN_XNOR' declared inside package 'ibex_tracer_pkg' shall be treated as localparam
[WARN (VERI-2418)] /home/users/cheriek/Documents/Formal_Method/final_project/ibex/rtl/ibex_tracer_pkg.sv(107): parameter 'INSN_ORN' declared inside package 'ibex_tracer_pkg' shall be treated as localparam
[WARN (VERI-2418)] /home/users/cheriek/Documents/Formal_Method/final_project/ibex/rtl/ibex_tracer_pkg.sv(108): parameter 'INSN_ANDN' declared inside package 'ibex_tracer_pkg' shall be treated as localparam
[WARN (VERI-2418)] /home/users/cheriek/Documents/Formal_Method/final_project/ibex/rtl/ibex_tracer_pkg.sv(109): parameter 'INSN_PACK' declared inside package 'ibex_tracer_pkg' shall be treated as localparam
[WARN (VERI-2418)] /home/users/cheriek/Documents/Formal_Method/final_project/ibex/rtl/ibex_tracer_pkg.sv(110): parameter 'INSN_PACKU' declared inside package 'ibex_tracer_pkg' shall be treated as localparam
[WARN (VERI-2418)] /home/users/cheriek/Documents/Formal_Method/final_project/ibex/rtl/ibex_tracer_pkg.sv(111): parameter 'INSN_PACKH' declared inside package 'ibex_tracer_pkg' shall be treated as localparam
[WARN (VERI-2418)] /home/users/cheriek/Documents/Formal_Method/final_project/ibex/rtl/ibex_tracer_pkg.sv(114): parameter 'INSN_BCLRI' declared inside package 'ibex_tracer_pkg' shall be treated as localparam
[WARN (VERI-2418)] /home/users/cheriek/Documents/Formal_Method/final_project/ibex/rtl/ibex_tracer_pkg.sv(115): parameter 'INSN_BSETI' declared inside package 'ibex_tracer_pkg' shall be treated as localparam
[WARN (VERI-2418)] /home/users/cheriek/Documents/Formal_Method/final_project/ibex/rtl/ibex_tracer_pkg.sv(116): parameter 'INSN_BINVI' declared inside package 'ibex_tracer_pkg' shall be treated as localparam
[WARN (VERI-2418)] /home/users/cheriek/Documents/Formal_Method/final_project/ibex/rtl/ibex_tracer_pkg.sv(119): parameter 'INSN_BEXTI' declared inside package 'ibex_tracer_pkg' shall be treated as localparam
[WARN (VERI-2418)] /home/users/cheriek/Documents/Formal_Method/final_project/ibex/rtl/ibex_tracer_pkg.sv(121): parameter 'INSN_BCLR' declared inside package 'ibex_tracer_pkg' shall be treated as localparam
[WARN (VERI-2418)] /home/users/cheriek/Documents/Formal_Method/final_project/ibex/rtl/ibex_tracer_pkg.sv(122): parameter 'INSN_BSET' declared inside package 'ibex_tracer_pkg' shall be treated as localparam
[WARN (VERI-2418)] /home/users/cheriek/Documents/Formal_Method/final_project/ibex/rtl/ibex_tracer_pkg.sv(123): parameter 'INSN_BINV' declared inside package 'ibex_tracer_pkg' shall be treated as localparam
[WARN (VERI-2418)] /home/users/cheriek/Documents/Formal_Method/final_project/ibex/rtl/ibex_tracer_pkg.sv(124): parameter 'INSN_BEXT' declared inside package 'ibex_tracer_pkg' shall be treated as localparam
[WARN (VERI-2418)] /home/users/cheriek/Documents/Formal_Method/final_project/ibex/rtl/ibex_tracer_pkg.sv(130): parameter 'INSN_GREVI' declared inside package 'ibex_tracer_pkg' shall be treated as localparam
[WARN (VERI-2418)] /home/users/cheriek/Documents/Formal_Method/final_project/ibex/rtl/ibex_tracer_pkg.sv(132): parameter 'INSN_REV_P' declared inside package 'ibex_tracer_pkg' shall be treated as localparam
[WARN (VERI-2418)] /home/users/cheriek/Documents/Formal_Method/final_project/ibex/rtl/ibex_tracer_pkg.sv(134): parameter 'INSN_REV2_N' declared inside package 'ibex_tracer_pkg' shall be treated as localparam
[WARN (VERI-2418)] /home/users/cheriek/Documents/Formal_Method/final_project/ibex/rtl/ibex_tracer_pkg.sv(136): parameter 'INSN_REV_N' declared inside package 'ibex_tracer_pkg' shall be treated as localparam
[WARN (VERI-2418)] /home/users/cheriek/Documents/Formal_Method/final_project/ibex/rtl/ibex_tracer_pkg.sv(138): parameter 'INSN_REV4_B' declared inside package 'ibex_tracer_pkg' shall be treated as localparam
[WARN (VERI-2418)] /home/users/cheriek/Documents/Formal_Method/final_project/ibex/rtl/ibex_tracer_pkg.sv(140): parameter 'INSN_REV2_B' declared inside package 'ibex_tracer_pkg' shall be treated as localparam
[WARN (VERI-2418)] /home/users/cheriek/Documents/Formal_Method/final_project/ibex/rtl/ibex_tracer_pkg.sv(142): parameter 'INSN_REV_B' declared inside package 'ibex_tracer_pkg' shall be treated as localparam
[WARN (VERI-2418)] /home/users/cheriek/Documents/Formal_Method/final_project/ibex/rtl/ibex_tracer_pkg.sv(144): parameter 'INSN_REV8_H' declared inside package 'ibex_tracer_pkg' shall be treated as localparam
[WARN (VERI-2418)] /home/users/cheriek/Documents/Formal_Method/final_project/ibex/rtl/ibex_tracer_pkg.sv(146): parameter 'INSN_REV4_H' declared inside package 'ibex_tracer_pkg' shall be treated as localparam
[WARN (VERI-2418)] /home/users/cheriek/Documents/Formal_Method/final_project/ibex/rtl/ibex_tracer_pkg.sv(148): parameter 'INSN_REV2_H' declared inside package 'ibex_tracer_pkg' shall be treated as localparam
[WARN (VERI-2418)] /home/users/cheriek/Documents/Formal_Method/final_project/ibex/rtl/ibex_tracer_pkg.sv(150): parameter 'INSN_REV_H' declared inside package 'ibex_tracer_pkg' shall be treated as localparam
[WARN (VERI-2418)] /home/users/cheriek/Documents/Formal_Method/final_project/ibex/rtl/ibex_tracer_pkg.sv(152): parameter 'INSN_REV16' declared inside package 'ibex_tracer_pkg' shall be treated as localparam
[WARN (VERI-2418)] /home/users/cheriek/Documents/Formal_Method/final_project/ibex/rtl/ibex_tracer_pkg.sv(154): parameter 'INSN_REV8' declared inside package 'ibex_tracer_pkg' shall be treated as localparam
[WARN (VERI-2418)] /home/users/cheriek/Documents/Formal_Method/final_project/ibex/rtl/ibex_tracer_pkg.sv(156): parameter 'INSN_REV4' declared inside package 'ibex_tracer_pkg' shall be treated as localparam
[WARN (VERI-2418)] /home/users/cheriek/Documents/Formal_Method/final_project/ibex/rtl/ibex_tracer_pkg.sv(158): parameter 'INSN_REV2' declared inside package 'ibex_tracer_pkg' shall be treated as localparam
[WARN (VERI-2418)] /home/users/cheriek/Documents/Formal_Method/final_project/ibex/rtl/ibex_tracer_pkg.sv(160): parameter 'INSN_REV' declared inside package 'ibex_tracer_pkg' shall be treated as localparam
[WARN (VERI-2418)] /home/users/cheriek/Documents/Formal_Method/final_project/ibex/rtl/ibex_tracer_pkg.sv(165): parameter 'INSN_GORCI' declared inside package 'ibex_tracer_pkg' shall be treated as localparam
[WARN (VERI-2418)] /home/users/cheriek/Documents/Formal_Method/final_project/ibex/rtl/ibex_tracer_pkg.sv(167): parameter 'INSN_ORC_P' declared inside package 'ibex_tracer_pkg' shall be treated as localparam
[WARN (VERI-2418)] /home/users/cheriek/Documents/Formal_Method/final_project/ibex/rtl/ibex_tracer_pkg.sv(169): parameter 'INSN_ORC2_N' declared inside package 'ibex_tracer_pkg' shall be treated as localparam
[WARN (VERI-2418)] /home/users/cheriek/Documents/Formal_Method/final_project/ibex/rtl/ibex_tracer_pkg.sv(171): parameter 'INSN_ORC_N' declared inside package 'ibex_tracer_pkg' shall be treated as localparam
[WARN (VERI-2418)] /home/users/cheriek/Documents/Formal_Method/final_project/ibex/rtl/ibex_tracer_pkg.sv(173): parameter 'INSN_ORC4_B' declared inside package 'ibex_tracer_pkg' shall be treated as localparam
[WARN (VERI-2418)] /home/users/cheriek/Documents/Formal_Method/final_project/ibex/rtl/ibex_tracer_pkg.sv(175): parameter 'INSN_ORC2_B' declared inside package 'ibex_tracer_pkg' shall be treated as localparam
[WARN (VERI-2418)] /home/users/cheriek/Documents/Formal_Method/final_project/ibex/rtl/ibex_tracer_pkg.sv(177): parameter 'INSN_ORC_B' declared inside package 'ibex_tracer_pkg' shall be treated as localparam
[WARN (VERI-2418)] /home/users/cheriek/Documents/Formal_Method/final_project/ibex/rtl/ibex_tracer_pkg.sv(179): parameter 'INSN_ORC8_H' declared inside package 'ibex_tracer_pkg' shall be treated as localparam
[WARN (VERI-2418)] /home/users/cheriek/Documents/Formal_Method/final_project/ibex/rtl/ibex_tracer_pkg.sv(181): parameter 'INSN_ORC4_H' declared inside package 'ibex_tracer_pkg' shall be treated as localparam
[WARN (VERI-2418)] /home/users/cheriek/Documents/Formal_Method/final_project/ibex/rtl/ibex_tracer_pkg.sv(183): parameter 'INSN_ORC2_H' declared inside package 'ibex_tracer_pkg' shall be treated as localparam
[WARN (VERI-2418)] /home/users/cheriek/Documents/Formal_Method/final_project/ibex/rtl/ibex_tracer_pkg.sv(185): parameter 'INSN_ORC_H' declared inside package 'ibex_tracer_pkg' shall be treated as localparam
[WARN (VERI-2418)] /home/users/cheriek/Documents/Formal_Method/final_project/ibex/rtl/ibex_tracer_pkg.sv(187): parameter 'INSN_ORC16' declared inside package 'ibex_tracer_pkg' shall be treated as localparam
[WARN (VERI-2418)] /home/users/cheriek/Documents/Formal_Method/final_project/ibex/rtl/ibex_tracer_pkg.sv(189): parameter 'INSN_ORC8' declared inside package 'ibex_tracer_pkg' shall be treated as localparam
[WARN (VERI-2418)] /home/users/cheriek/Documents/Formal_Method/final_project/ibex/rtl/ibex_tracer_pkg.sv(191): parameter 'INSN_ORC4' declared inside package 'ibex_tracer_pkg' shall be treated as localparam
[WARN (VERI-2418)] /home/users/cheriek/Documents/Formal_Method/final_project/ibex/rtl/ibex_tracer_pkg.sv(193): parameter 'INSN_ORC2' declared inside package 'ibex_tracer_pkg' shall be treated as localparam
[WARN (VERI-2418)] /home/users/cheriek/Documents/Formal_Method/final_project/ibex/rtl/ibex_tracer_pkg.sv(195): parameter 'INSN_ORC' declared inside package 'ibex_tracer_pkg' shall be treated as localparam
[WARN (VERI-2418)] /home/users/cheriek/Documents/Formal_Method/final_project/ibex/rtl/ibex_tracer_pkg.sv(198): parameter 'INSN_SHFLI' declared inside package 'ibex_tracer_pkg' shall be treated as localparam
[WARN (VERI-2418)] /home/users/cheriek/Documents/Formal_Method/final_project/ibex/rtl/ibex_tracer_pkg.sv(200): parameter 'INSN_ZIP_N' declared inside package 'ibex_tracer_pkg' shall be treated as localparam
[WARN (VERI-2418)] /home/users/cheriek/Documents/Formal_Method/final_project/ibex/rtl/ibex_tracer_pkg.sv(202): parameter 'INSN_ZIP2_B' declared inside package 'ibex_tracer_pkg' shall be treated as localparam
[WARN (VERI-2418)] /home/users/cheriek/Documents/Formal_Method/final_project/ibex/rtl/ibex_tracer_pkg.sv(204): parameter 'INSN_ZIP_B' declared inside package 'ibex_tracer_pkg' shall be treated as localparam
[WARN (VERI-2418)] /home/users/cheriek/Documents/Formal_Method/final_project/ibex/rtl/ibex_tracer_pkg.sv(206): parameter 'INSN_ZIP4_H' declared inside package 'ibex_tracer_pkg' shall be treated as localparam
[WARN (VERI-2418)] /home/users/cheriek/Documents/Formal_Method/final_project/ibex/rtl/ibex_tracer_pkg.sv(208): parameter 'INSN_ZIP2_H' declared inside package 'ibex_tracer_pkg' shall be treated as localparam
[WARN (VERI-2418)] /home/users/cheriek/Documents/Formal_Method/final_project/ibex/rtl/ibex_tracer_pkg.sv(210): parameter 'INSN_ZIP_H' declared inside package 'ibex_tracer_pkg' shall be treated as localparam
[WARN (VERI-2418)] /home/users/cheriek/Documents/Formal_Method/final_project/ibex/rtl/ibex_tracer_pkg.sv(212): parameter 'INSN_ZIP8' declared inside package 'ibex_tracer_pkg' shall be treated as localparam
[WARN (VERI-2418)] /home/users/cheriek/Documents/Formal_Method/final_project/ibex/rtl/ibex_tracer_pkg.sv(214): parameter 'INSN_ZIP4' declared inside package 'ibex_tracer_pkg' shall be treated as localparam
[WARN (VERI-2418)] /home/users/cheriek/Documents/Formal_Method/final_project/ibex/rtl/ibex_tracer_pkg.sv(216): parameter 'INSN_ZIP2' declared inside package 'ibex_tracer_pkg' shall be treated as localparam
[WARN (VERI-2418)] /home/users/cheriek/Documents/Formal_Method/final_project/ibex/rtl/ibex_tracer_pkg.sv(218): parameter 'INSN_ZIP' declared inside package 'ibex_tracer_pkg' shall be treated as localparam
[WARN (VERI-2418)] /home/users/cheriek/Documents/Formal_Method/final_project/ibex/rtl/ibex_tracer_pkg.sv(221): parameter 'INSN_UNSHFLI' declared inside package 'ibex_tracer_pkg' shall be treated as localparam
[WARN (VERI-2418)] /home/users/cheriek/Documents/Formal_Method/final_project/ibex/rtl/ibex_tracer_pkg.sv(223): parameter 'INSN_UNZIP_N' declared inside package 'ibex_tracer_pkg' shall be treated as localparam
[WARN (VERI-2418)] /home/users/cheriek/Documents/Formal_Method/final_project/ibex/rtl/ibex_tracer_pkg.sv(225): parameter 'INSN_UNZIP2_B' declared inside package 'ibex_tracer_pkg' shall be treated as localparam
[WARN (VERI-2418)] /home/users/cheriek/Documents/Formal_Method/final_project/ibex/rtl/ibex_tracer_pkg.sv(227): parameter 'INSN_UNZIP_B' declared inside package 'ibex_tracer_pkg' shall be treated as localparam
[WARN (VERI-2418)] /home/users/cheriek/Documents/Formal_Method/final_project/ibex/rtl/ibex_tracer_pkg.sv(229): parameter 'INSN_UNZIP4_H' declared inside package 'ibex_tracer_pkg' shall be treated as localparam
[WARN (VERI-2418)] /home/users/cheriek/Documents/Formal_Method/final_project/ibex/rtl/ibex_tracer_pkg.sv(231): parameter 'INSN_UNZIP2_H' declared inside package 'ibex_tracer_pkg' shall be treated as localparam
[WARN (VERI-2418)] /home/users/cheriek/Documents/Formal_Method/final_project/ibex/rtl/ibex_tracer_pkg.sv(233): parameter 'INSN_UNZIP_H' declared inside package 'ibex_tracer_pkg' shall be treated as localparam
[WARN (VERI-2418)] /home/users/cheriek/Documents/Formal_Method/final_project/ibex/rtl/ibex_tracer_pkg.sv(235): parameter 'INSN_UNZIP8' declared inside package 'ibex_tracer_pkg' shall be treated as localparam
[WARN (VERI-2418)] /home/users/cheriek/Documents/Formal_Method/final_project/ibex/rtl/ibex_tracer_pkg.sv(237): parameter 'INSN_UNZIP4' declared inside package 'ibex_tracer_pkg' shall be treated as localparam
[WARN (VERI-2418)] /home/users/cheriek/Documents/Formal_Method/final_project/ibex/rtl/ibex_tracer_pkg.sv(239): parameter 'INSN_UNZIP2' declared inside package 'ibex_tracer_pkg' shall be treated as localparam
[WARN (VERI-2418)] /home/users/cheriek/Documents/Formal_Method/final_project/ibex/rtl/ibex_tracer_pkg.sv(241): parameter 'INSN_UNZIP' declared inside package 'ibex_tracer_pkg' shall be treated as localparam
[WARN (VERI-2418)] /home/users/cheriek/Documents/Formal_Method/final_project/ibex/rtl/ibex_tracer_pkg.sv(244): parameter 'INSN_GREV' declared inside package 'ibex_tracer_pkg' shall be treated as localparam
[WARN (VERI-2418)] /home/users/cheriek/Documents/Formal_Method/final_project/ibex/rtl/ibex_tracer_pkg.sv(245): parameter 'INSN_GORC' declared inside package 'ibex_tracer_pkg' shall be treated as localparam
[WARN (VERI-2418)] /home/users/cheriek/Documents/Formal_Method/final_project/ibex/rtl/ibex_tracer_pkg.sv(246): parameter 'INSN_SHFL' declared inside package 'ibex_tracer_pkg' shall be treated as localparam
[WARN (VERI-2418)] /home/users/cheriek/Documents/Formal_Method/final_project/ibex/rtl/ibex_tracer_pkg.sv(247): parameter 'INSN_UNSHFL' declared inside package 'ibex_tracer_pkg' shall be treated as localparam
[WARN (VERI-2418)] /home/users/cheriek/Documents/Formal_Method/final_project/ibex/rtl/ibex_tracer_pkg.sv(249): parameter 'INSN_XPERM_N' declared inside package 'ibex_tracer_pkg' shall be treated as localparam
[WARN (VERI-2418)] /home/users/cheriek/Documents/Formal_Method/final_project/ibex/rtl/ibex_tracer_pkg.sv(250): parameter 'INSN_XPERM_B' declared inside package 'ibex_tracer_pkg' shall be treated as localparam
[WARN (VERI-2418)] /home/users/cheriek/Documents/Formal_Method/final_project/ibex/rtl/ibex_tracer_pkg.sv(251): parameter 'INSN_XPERM_H' declared inside package 'ibex_tracer_pkg' shall be treated as localparam
[WARN (VERI-2418)] /home/users/cheriek/Documents/Formal_Method/final_project/ibex/rtl/ibex_tracer_pkg.sv(253): parameter 'INSN_SLO' declared inside package 'ibex_tracer_pkg' shall be treated as localparam
[WARN (VERI-2418)] /home/users/cheriek/Documents/Formal_Method/final_project/ibex/rtl/ibex_tracer_pkg.sv(254): parameter 'INSN_SRO' declared inside package 'ibex_tracer_pkg' shall be treated as localparam
[WARN (VERI-2418)] /home/users/cheriek/Documents/Formal_Method/final_project/ibex/rtl/ibex_tracer_pkg.sv(255): parameter 'INSN_SLOI' declared inside package 'ibex_tracer_pkg' shall be treated as localparam
[WARN (VERI-2418)] /home/users/cheriek/Documents/Formal_Method/final_project/ibex/rtl/ibex_tracer_pkg.sv(259): parameter 'INSN_SROI' declared inside package 'ibex_tracer_pkg' shall be treated as localparam
[WARN (VERI-2418)] /home/users/cheriek/Documents/Formal_Method/final_project/ibex/rtl/ibex_tracer_pkg.sv(262): parameter 'INSN_BDECOMPRESS' declared inside package 'ibex_tracer_pkg' shall be treated as localparam
[WARN (VERI-2418)] /home/users/cheriek/Documents/Formal_Method/final_project/ibex/rtl/ibex_tracer_pkg.sv(263): parameter 'INSN_BCOMPRESS' declared inside package 'ibex_tracer_pkg' shall be treated as localparam
[WARN (VERI-2418)] /home/users/cheriek/Documents/Formal_Method/final_project/ibex/rtl/ibex_tracer_pkg.sv(266): parameter 'INSN_FSRI' declared inside package 'ibex_tracer_pkg' shall be treated as localparam
[WARN (VERI-2418)] /home/users/cheriek/Documents/Formal_Method/final_project/ibex/rtl/ibex_tracer_pkg.sv(268): parameter 'INSN_CMIX' declared inside package 'ibex_tracer_pkg' shall be treated as localparam
[WARN (VERI-2418)] /home/users/cheriek/Documents/Formal_Method/final_project/ibex/rtl/ibex_tracer_pkg.sv(269): parameter 'INSN_CMOV' declared inside package 'ibex_tracer_pkg' shall be treated as localparam
[WARN (VERI-2418)] /home/users/cheriek/Documents/Formal_Method/final_project/ibex/rtl/ibex_tracer_pkg.sv(270): parameter 'INSN_FSL' declared inside package 'ibex_tracer_pkg' shall be treated as localparam
[WARN (VERI-2418)] /home/users/cheriek/Documents/Formal_Method/final_project/ibex/rtl/ibex_tracer_pkg.sv(271): parameter 'INSN_FSR' declared inside package 'ibex_tracer_pkg' shall be treated as localparam
[WARN (VERI-2418)] /home/users/cheriek/Documents/Formal_Method/final_project/ibex/rtl/ibex_tracer_pkg.sv(274): parameter 'INSN_BFP' declared inside package 'ibex_tracer_pkg' shall be treated as localparam
[WARN (VERI-2418)] /home/users/cheriek/Documents/Formal_Method/final_project/ibex/rtl/ibex_tracer_pkg.sv(277): parameter 'INSN_CLMUL' declared inside package 'ibex_tracer_pkg' shall be treated as localparam
[WARN (VERI-2418)] /home/users/cheriek/Documents/Formal_Method/final_project/ibex/rtl/ibex_tracer_pkg.sv(278): parameter 'INSN_CLMULR' declared inside package 'ibex_tracer_pkg' shall be treated as localparam
[WARN (VERI-2418)] /home/users/cheriek/Documents/Formal_Method/final_project/ibex/rtl/ibex_tracer_pkg.sv(279): parameter 'INSN_CLMULH' declared inside package 'ibex_tracer_pkg' shall be treated as localparam
[WARN (VERI-2418)] /home/users/cheriek/Documents/Formal_Method/final_project/ibex/rtl/ibex_tracer_pkg.sv(282): parameter 'INSN_CRC32_B' declared inside package 'ibex_tracer_pkg' shall be treated as localparam
[WARN (VERI-2418)] /home/users/cheriek/Documents/Formal_Method/final_project/ibex/rtl/ibex_tracer_pkg.sv(284): parameter 'INSN_CRC32_H' declared inside package 'ibex_tracer_pkg' shall be treated as localparam
[WARN (VERI-2418)] /home/users/cheriek/Documents/Formal_Method/final_project/ibex/rtl/ibex_tracer_pkg.sv(286): parameter 'INSN_CRC32_W' declared inside package 'ibex_tracer_pkg' shall be treated as localparam
[WARN (VERI-2418)] /home/users/cheriek/Documents/Formal_Method/final_project/ibex/rtl/ibex_tracer_pkg.sv(288): parameter 'INSN_CRC32C_B' declared inside package 'ibex_tracer_pkg' shall be treated as localparam
[WARN (VERI-2418)] /home/users/cheriek/Documents/Formal_Method/final_project/ibex/rtl/ibex_tracer_pkg.sv(290): parameter 'INSN_CRC32C_H' declared inside package 'ibex_tracer_pkg' shall be treated as localparam
[WARN (VERI-2418)] /home/users/cheriek/Documents/Formal_Method/final_project/ibex/rtl/ibex_tracer_pkg.sv(292): parameter 'INSN_CRC32C_W' declared inside package 'ibex_tracer_pkg' shall be treated as localparam
[WARN (VERI-2418)] /home/users/cheriek/Documents/Formal_Method/final_project/ibex/rtl/ibex_tracer_pkg.sv(296): parameter 'INSN_LOAD' declared inside package 'ibex_tracer_pkg' shall be treated as localparam
[WARN (VERI-2418)] /home/users/cheriek/Documents/Formal_Method/final_project/ibex/rtl/ibex_tracer_pkg.sv(297): parameter 'INSN_STORE' declared inside package 'ibex_tracer_pkg' shall be treated as localparam
[WARN (VERI-2418)] /home/users/cheriek/Documents/Formal_Method/final_project/ibex/rtl/ibex_tracer_pkg.sv(300): parameter 'INSN_FENCE' declared inside package 'ibex_tracer_pkg' shall be treated as localparam
[WARN (VERI-2418)] /home/users/cheriek/Documents/Formal_Method/final_project/ibex/rtl/ibex_tracer_pkg.sv(301): parameter 'INSN_FENCEI' declared inside package 'ibex_tracer_pkg' shall be treated as localparam
[WARN (VERI-2418)] /home/users/cheriek/Documents/Formal_Method/final_project/ibex/rtl/ibex_tracer_pkg.sv(305): parameter 'INSN_CADDI4SPN' declared inside package 'ibex_tracer_pkg' shall be treated as localparam
[WARN (VERI-2418)] /home/users/cheriek/Documents/Formal_Method/final_project/ibex/rtl/ibex_tracer_pkg.sv(306): parameter 'INSN_CLW' declared inside package 'ibex_tracer_pkg' shall be treated as localparam
[WARN (VERI-2418)] /home/users/cheriek/Documents/Formal_Method/final_project/ibex/rtl/ibex_tracer_pkg.sv(307): parameter 'INSN_CSW' declared inside package 'ibex_tracer_pkg' shall be treated as localparam
[WARN (VERI-2418)] /home/users/cheriek/Documents/Formal_Method/final_project/ibex/rtl/ibex_tracer_pkg.sv(309): parameter 'INSN_CLBU' declared inside package 'ibex_tracer_pkg' shall be treated as localparam
[WARN (VERI-2418)] /home/users/cheriek/Documents/Formal_Method/final_project/ibex/rtl/ibex_tracer_pkg.sv(310): parameter 'INSN_CLHU' declared inside package 'ibex_tracer_pkg' shall be treated as localparam
[WARN (VERI-2418)] /home/users/cheriek/Documents/Formal_Method/final_project/ibex/rtl/ibex_tracer_pkg.sv(311): parameter 'INSN_CLH' declared inside package 'ibex_tracer_pkg' shall be treated as localparam
[WARN (VERI-2418)] /home/users/cheriek/Documents/Formal_Method/final_project/ibex/rtl/ibex_tracer_pkg.sv(312): parameter 'INSN_CSB' declared inside package 'ibex_tracer_pkg' shall be treated as localparam
[WARN (VERI-2418)] /home/users/cheriek/Documents/Formal_Method/final_project/ibex/rtl/ibex_tracer_pkg.sv(313): parameter 'INSN_CSH' declared inside package 'ibex_tracer_pkg' shall be treated as localparam
[WARN (VERI-2418)] /home/users/cheriek/Documents/Formal_Method/final_project/ibex/rtl/ibex_tracer_pkg.sv(316): parameter 'INSN_CADDI' declared inside package 'ibex_tracer_pkg' shall be treated as localparam
[WARN (VERI-2418)] /home/users/cheriek/Documents/Formal_Method/final_project/ibex/rtl/ibex_tracer_pkg.sv(317): parameter 'INSN_CJAL' declared inside package 'ibex_tracer_pkg' shall be treated as localparam
[WARN (VERI-2418)] /home/users/cheriek/Documents/Formal_Method/final_project/ibex/rtl/ibex_tracer_pkg.sv(318): parameter 'INSN_CJ' declared inside package 'ibex_tracer_pkg' shall be treated as localparam
[WARN (VERI-2418)] /home/users/cheriek/Documents/Formal_Method/final_project/ibex/rtl/ibex_tracer_pkg.sv(319): parameter 'INSN_CLI' declared inside package 'ibex_tracer_pkg' shall be treated as localparam
[WARN (VERI-2418)] /home/users/cheriek/Documents/Formal_Method/final_project/ibex/rtl/ibex_tracer_pkg.sv(320): parameter 'INSN_CLUI' declared inside package 'ibex_tracer_pkg' shall be treated as localparam
[WARN (VERI-2418)] /home/users/cheriek/Documents/Formal_Method/final_project/ibex/rtl/ibex_tracer_pkg.sv(321): parameter 'INSN_CBEQZ' declared inside package 'ibex_tracer_pkg' shall be treated as localparam
[WARN (VERI-2418)] /home/users/cheriek/Documents/Formal_Method/final_project/ibex/rtl/ibex_tracer_pkg.sv(322): parameter 'INSN_CBNEZ' declared inside package 'ibex_tracer_pkg' shall be treated as localparam
[WARN (VERI-2418)] /home/users/cheriek/Documents/Formal_Method/final_project/ibex/rtl/ibex_tracer_pkg.sv(323): parameter 'INSN_CSRLI' declared inside package 'ibex_tracer_pkg' shall be treated as localparam
[WARN (VERI-2418)] /home/users/cheriek/Documents/Formal_Method/final_project/ibex/rtl/ibex_tracer_pkg.sv(324): parameter 'INSN_CSRAI' declared inside package 'ibex_tracer_pkg' shall be treated as localparam
[WARN (VERI-2418)] /home/users/cheriek/Documents/Formal_Method/final_project/ibex/rtl/ibex_tracer_pkg.sv(325): parameter 'INSN_CANDI' declared inside package 'ibex_tracer_pkg' shall be treated as localparam
[WARN (VERI-2418)] /home/users/cheriek/Documents/Formal_Method/final_project/ibex/rtl/ibex_tracer_pkg.sv(326): parameter 'INSN_CSUB' declared inside package 'ibex_tracer_pkg' shall be treated as localparam
[WARN (VERI-2418)] /home/users/cheriek/Documents/Formal_Method/final_project/ibex/rtl/ibex_tracer_pkg.sv(327): parameter 'INSN_CXOR' declared inside package 'ibex_tracer_pkg' shall be treated as localparam
[WARN (VERI-2418)] /home/users/cheriek/Documents/Formal_Method/final_project/ibex/rtl/ibex_tracer_pkg.sv(328): parameter 'INSN_COR' declared inside package 'ibex_tracer_pkg' shall be treated as localparam
[WARN (VERI-2418)] /home/users/cheriek/Documents/Formal_Method/final_project/ibex/rtl/ibex_tracer_pkg.sv(329): parameter 'INSN_CAND' declared inside package 'ibex_tracer_pkg' shall be treated as localparam
[WARN (VERI-2418)] /home/users/cheriek/Documents/Formal_Method/final_project/ibex/rtl/ibex_tracer_pkg.sv(331): parameter 'INSN_CZEXTB' declared inside package 'ibex_tracer_pkg' shall be treated as localparam
[WARN (VERI-2418)] /home/users/cheriek/Documents/Formal_Method/final_project/ibex/rtl/ibex_tracer_pkg.sv(332): parameter 'INSN_CSEXTB' declared inside package 'ibex_tracer_pkg' shall be treated as localparam
[WARN (VERI-2418)] /home/users/cheriek/Documents/Formal_Method/final_project/ibex/rtl/ibex_tracer_pkg.sv(333): parameter 'INSN_CZEXTH' declared inside package 'ibex_tracer_pkg' shall be treated as localparam
[WARN (VERI-2418)] /home/users/cheriek/Documents/Formal_Method/final_project/ibex/rtl/ibex_tracer_pkg.sv(334): parameter 'INSN_CSEXTH' declared inside package 'ibex_tracer_pkg' shall be treated as localparam
[WARN (VERI-2418)] /home/users/cheriek/Documents/Formal_Method/final_project/ibex/rtl/ibex_tracer_pkg.sv(335): parameter 'INSN_CNOT' declared inside package 'ibex_tracer_pkg' shall be treated as localparam
[WARN (VERI-2418)] /home/users/cheriek/Documents/Formal_Method/final_project/ibex/rtl/ibex_tracer_pkg.sv(336): parameter 'INSN_CMUL' declared inside package 'ibex_tracer_pkg' shall be treated as localparam
[WARN (VERI-2418)] /home/users/cheriek/Documents/Formal_Method/final_project/ibex/rtl/ibex_tracer_pkg.sv(339): parameter 'INSN_CSLLI' declared inside package 'ibex_tracer_pkg' shall be treated as localparam
[WARN (VERI-2418)] /home/users/cheriek/Documents/Formal_Method/final_project/ibex/rtl/ibex_tracer_pkg.sv(340): parameter 'INSN_CLWSP' declared inside package 'ibex_tracer_pkg' shall be treated as localparam
[WARN (VERI-2418)] /home/users/cheriek/Documents/Formal_Method/final_project/ibex/rtl/ibex_tracer_pkg.sv(341): parameter 'INSN_SWSP' declared inside package 'ibex_tracer_pkg' shall be treated as localparam
[WARN (VERI-2418)] /home/users/cheriek/Documents/Formal_Method/final_project/ibex/rtl/ibex_tracer_pkg.sv(342): parameter 'INSN_CMV' declared inside package 'ibex_tracer_pkg' shall be treated as localparam
[WARN (VERI-2418)] /home/users/cheriek/Documents/Formal_Method/final_project/ibex/rtl/ibex_tracer_pkg.sv(343): parameter 'INSN_CADD' declared inside package 'ibex_tracer_pkg' shall be treated as localparam
[WARN (VERI-2418)] /home/users/cheriek/Documents/Formal_Method/final_project/ibex/rtl/ibex_tracer_pkg.sv(344): parameter 'INSN_CEBREAK' declared inside package 'ibex_tracer_pkg' shall be treated as localparam
[WARN (VERI-2418)] /home/users/cheriek/Documents/Formal_Method/final_project/ibex/rtl/ibex_tracer_pkg.sv(345): parameter 'INSN_CJR' declared inside package 'ibex_tracer_pkg' shall be treated as localparam
[WARN (VERI-2418)] /home/users/cheriek/Documents/Formal_Method/final_project/ibex/rtl/ibex_tracer_pkg.sv(346): parameter 'INSN_CJALR' declared inside package 'ibex_tracer_pkg' shall be treated as localparam
[WARN (VERI-2418)] /home/users/cheriek/Documents/Formal_Method/final_project/ibex/rtl/ibex_tracer_pkg.sv(348): parameter 'INSN_CMPUSH' declared inside package 'ibex_tracer_pkg' shall be treated as localparam
[WARN (VERI-2418)] /home/users/cheriek/Documents/Formal_Method/final_project/ibex/rtl/ibex_tracer_pkg.sv(349): parameter 'INSN_CMPOP' declared inside package 'ibex_tracer_pkg' shall be treated as localparam
[WARN (VERI-2418)] /home/users/cheriek/Documents/Formal_Method/final_project/ibex/rtl/ibex_tracer_pkg.sv(350): parameter 'INSN_CMPOPRETZ' declared inside package 'ibex_tracer_pkg' shall be treated as localparam
[WARN (VERI-2418)] /home/users/cheriek/Documents/Formal_Method/final_project/ibex/rtl/ibex_tracer_pkg.sv(351): parameter 'INSN_CMPOPRET' declared inside package 'ibex_tracer_pkg' shall be treated as localparam
[WARN (VERI-2418)] /home/users/cheriek/Documents/Formal_Method/final_project/ibex/rtl/ibex_tracer_pkg.sv(352): parameter 'INSN_CMMVSA01' declared inside package 'ibex_tracer_pkg' shall be treated as localparam
[WARN (VERI-2418)] /home/users/cheriek/Documents/Formal_Method/final_project/ibex/rtl/ibex_tracer_pkg.sv(353): parameter 'INSN_CMMVA01S' declared inside package 'ibex_tracer_pkg' shall be treated as localparam
[-- (VERI-1482)] Analyzing Verilog file '/home/users/cheriek/Documents/Formal_Method/final_project/ibex/rtl/ibex_alu.sv'
[-- (VERI-1482)] Analyzing Verilog file '/home/users/cheriek/Documents/Formal_Method/final_project/ibex/rtl/ibex_compressed_decoder.sv'
[INFO (VERI-1328)] /home/users/cheriek/Documents/Formal_Method/final_project/ibex/rtl/ibex_compressed_decoder.sv(14): analyzing included file '/home/users/cheriek/Documents/Formal_Method/final_project/ibex/vendor/lowrisc_ip/ip/prim/rtl/prim_assert.sv'
[INFO (VERI-1328)] /home/users/cheriek/Documents/Formal_Method/final_project/ibex/vendor/lowrisc_ip/ip/prim/rtl/prim_assert.sv(110): analyzing included file '/home/users/cheriek/Documents/Formal_Method/final_project/ibex/vendor/lowrisc_ip/ip/prim/rtl/prim_assert_standard_macros.svh'
[INFO (VERI-1328)] /home/users/cheriek/Documents/Formal_Method/final_project/ibex/vendor/lowrisc_ip/ip/prim/rtl/prim_assert.sv(187): analyzing included file '/home/users/cheriek/Documents/Formal_Method/final_project/ibex/vendor/lowrisc_ip/ip/prim/rtl/prim_assert_sec_cm.svh'
[INFO (VERI-1328)] /home/users/cheriek/Documents/Formal_Method/final_project/ibex/vendor/lowrisc_ip/ip/prim/rtl/prim_assert.sv(188): analyzing included file '/home/users/cheriek/Documents/Formal_Method/final_project/ibex/vendor/lowrisc_ip/ip/prim/rtl/prim_flop_macros.sv'
[-- (VERI-1482)] Analyzing Verilog file '/home/users/cheriek/Documents/Formal_Method/final_project/ibex/rtl/ibex_controller.sv'
[INFO (VERI-1328)] /home/users/cheriek/Documents/Formal_Method/final_project/ibex/rtl/ibex_controller.sv(10): analyzing included file '/home/users/cheriek/Documents/Formal_Method/final_project/ibex/vendor/lowrisc_ip/ip/prim/rtl/prim_assert.sv'
[INFO (VERI-1328)] /home/users/cheriek/Documents/Formal_Method/final_project/ibex/rtl/ibex_controller.sv(11): analyzing included file '/home/users/cheriek/Documents/Formal_Method/final_project/ibex/vendor/lowrisc_ip/dv/sv/dv_utils/dv_fcov_macros.svh'
[-- (VERI-1482)] Analyzing Verilog file '/home/users/cheriek/Documents/Formal_Method/final_project/ibex/rtl/ibex_counter.sv'
[-- (VERI-1482)] Analyzing Verilog file '/home/users/cheriek/Documents/Formal_Method/final_project/ibex/rtl/ibex_cs_registers.sv'
[INFO (VERI-1328)] /home/users/cheriek/Documents/Formal_Method/final_project/ibex/rtl/ibex_cs_registers.sv(10): analyzing included file '/home/users/cheriek/Documents/Formal_Method/final_project/ibex/vendor/lowrisc_ip/ip/prim/rtl/prim_assert.sv'
[-- (VERI-1482)] Analyzing Verilog file '/home/users/cheriek/Documents/Formal_Method/final_project/ibex/rtl/ibex_csr.sv'
[INFO (VERI-1328)] /home/users/cheriek/Documents/Formal_Method/final_project/ibex/rtl/ibex_csr.sv(9): analyzing included file '/home/users/cheriek/Documents/Formal_Method/final_project/ibex/vendor/lowrisc_ip/ip/prim/rtl/prim_assert.sv'
[-- (VERI-1482)] Analyzing Verilog file '/home/users/cheriek/Documents/Formal_Method/final_project/ibex/rtl/ibex_decoder.sv'
[INFO (VERI-1328)] /home/users/cheriek/Documents/Formal_Method/final_project/ibex/rtl/ibex_decoder.sv(14): analyzing included file '/home/users/cheriek/Documents/Formal_Method/final_project/ibex/vendor/lowrisc_ip/ip/prim/rtl/prim_assert.sv'
[-- (VERI-1482)] Analyzing Verilog file '/home/users/cheriek/Documents/Formal_Method/final_project/ibex/rtl/ibex_ex_block.sv'
[-- (VERI-1482)] Analyzing Verilog file '/home/users/cheriek/Documents/Formal_Method/final_project/ibex/rtl/ibex_id_stage.sv'
[INFO (VERI-1328)] /home/users/cheriek/Documents/Formal_Method/final_project/ibex/rtl/ibex_id_stage.sv(17): analyzing included file '/home/users/cheriek/Documents/Formal_Method/final_project/ibex/vendor/lowrisc_ip/ip/prim/rtl/prim_assert.sv'
[INFO (VERI-1328)] /home/users/cheriek/Documents/Formal_Method/final_project/ibex/rtl/ibex_id_stage.sv(18): analyzing included file '/home/users/cheriek/Documents/Formal_Method/final_project/ibex/vendor/lowrisc_ip/dv/sv/dv_utils/dv_fcov_macros.svh'
[-- (VERI-1482)] Analyzing Verilog file '/home/users/cheriek/Documents/Formal_Method/final_project/ibex/rtl/ibex_if_stage.sv'
[INFO (VERI-1328)] /home/users/cheriek/Documents/Formal_Method/final_project/ibex/rtl/ibex_if_stage.sv(13): analyzing included file '/home/users/cheriek/Documents/Formal_Method/final_project/ibex/vendor/lowrisc_ip/ip/prim/rtl/prim_assert.sv'
[INFO (VERI-1328)] /home/users/cheriek/Documents/Formal_Method/final_project/ibex/rtl/ibex_if_stage.sv(14): analyzing included file '/home/users/cheriek/Documents/Formal_Method/final_project/ibex/vendor/lowrisc_ip/dv/sv/dv_utils/dv_fcov_macros.svh'
[-- (VERI-1482)] Analyzing Verilog file '/home/users/cheriek/Documents/Formal_Method/final_project/ibex/rtl/ibex_load_store_unit.sv'
[INFO (VERI-1328)] /home/users/cheriek/Documents/Formal_Method/final_project/ibex/rtl/ibex_load_store_unit.sv(14): analyzing included file '/home/users/cheriek/Documents/Formal_Method/final_project/ibex/vendor/lowrisc_ip/ip/prim/rtl/prim_assert.sv'
[INFO (VERI-1328)] /home/users/cheriek/Documents/Formal_Method/final_project/ibex/rtl/ibex_load_store_unit.sv(15): analyzing included file '/home/users/cheriek/Documents/Formal_Method/final_project/ibex/vendor/lowrisc_ip/dv/sv/dv_utils/dv_fcov_macros.svh'
[-- (VERI-1482)] Analyzing Verilog file '/home/users/cheriek/Documents/Formal_Method/final_project/ibex/rtl/ibex_multdiv_fast.sv'
[INFO (VERI-1328)] /home/users/cheriek/Documents/Formal_Method/final_project/ibex/rtl/ibex_multdiv_fast.sv(15): analyzing included file '/home/users/cheriek/Documents/Formal_Method/final_project/ibex/vendor/lowrisc_ip/ip/prim/rtl/prim_assert.sv'
[-- (VERI-1482)] Analyzing Verilog file '/home/users/cheriek/Documents/Formal_Method/final_project/ibex/rtl/ibex_multdiv_slow.sv'
[INFO (VERI-1328)] /home/users/cheriek/Documents/Formal_Method/final_project/ibex/rtl/ibex_multdiv_slow.sv(12): analyzing included file '/home/users/cheriek/Documents/Formal_Method/final_project/ibex/vendor/lowrisc_ip/ip/prim/rtl/prim_assert.sv'
[-- (VERI-1482)] Analyzing Verilog file './synthlc/i_MUL_out/xCoverAPerflocDiv/22_top.sv'
[INFO (VERI-1328)] ./synthlc/i_MUL_out/xCoverAPerflocDiv/22_top.sv(10): analyzing included file '/home/users/cheriek/Documents/Formal_Method/final_project/ibex/vendor/lowrisc_ip/ip/prim/rtl/prim_assert.sv'
[WARN (VERI-1763)] ./synthlc/i_MUL_out/xCoverAPerflocDiv/22_top.sv(764): SVA directive is not sensitive to any clock. The directive will be sampled on the posedge of the fastest clock.
[WARN (VERI-1763)] ./synthlc/i_MUL_out/xCoverAPerflocDiv/22_top.sv(765): SVA directive is not sensitive to any clock. The directive will be sampled on the posedge of the fastest clock.
[WARN (VERI-1763)] ./synthlc/i_MUL_out/xCoverAPerflocDiv/22_top.sv(766): SVA directive is not sensitive to any clock. The directive will be sampled on the posedge of the fastest clock.
[WARN (VERI-1763)] ./synthlc/i_MUL_out/xCoverAPerflocDiv/22_top.sv(767): SVA directive is not sensitive to any clock. The directive will be sampled on the posedge of the fastest clock.
[-- (VERI-1482)] Analyzing Verilog file '/home/users/cheriek/Documents/Formal_Method/final_project/ibex/rtl/ibex_prefetch_buffer.sv'
[-- (VERI-1482)] Analyzing Verilog file '/home/users/cheriek/Documents/Formal_Method/final_project/ibex/rtl/ibex_fetch_fifo.sv'
[INFO (VERI-1328)] /home/users/cheriek/Documents/Formal_Method/final_project/ibex/rtl/ibex_fetch_fifo.sv(13): analyzing included file '/home/users/cheriek/Documents/Formal_Method/final_project/ibex/vendor/lowrisc_ip/ip/prim/rtl/prim_assert.sv'
[-- (VERI-1482)] Analyzing Verilog file '/home/users/cheriek/Documents/Formal_Method/final_project/ibex/rtl/ibex_register_file_ff.sv'
[-- (VERI-1482)] Analyzing Verilog file '/home/users/cheriek/Documents/Formal_Method/final_project/ibex/rtl/ibex_pmp.sv'
[INFO (VERI-1328)] /home/users/cheriek/Documents/Formal_Method/final_project/ibex/rtl/ibex_pmp.sv(5): analyzing included file '/home/users/cheriek/Documents/Formal_Method/final_project/ibex/vendor/lowrisc_ip/dv/sv/dv_utils/dv_fcov_macros.svh'
[-- (VERI-1482)] Analyzing Verilog file '/home/users/cheriek/Documents/Formal_Method/final_project/ibex/rtl/ibex_wb_stage.sv'
[INFO (VERI-1328)] /home/users/cheriek/Documents/Formal_Method/final_project/ibex/rtl/ibex_wb_stage.sv(14): analyzing included file '/home/users/cheriek/Documents/Formal_Method/final_project/ibex/vendor/lowrisc_ip/ip/prim/rtl/prim_assert.sv'
[INFO (VERI-1328)] /home/users/cheriek/Documents/Formal_Method/final_project/ibex/rtl/ibex_wb_stage.sv(15): analyzing included file '/home/users/cheriek/Documents/Formal_Method/final_project/ibex/vendor/lowrisc_ip/dv/sv/dv_utils/dv_fcov_macros.svh'
[-- (VERI-1482)] Analyzing Verilog file '/home/users/cheriek/Documents/Formal_Method/final_project/ibex/rtl/ibex_dummy_instr.sv'
[-- (VERI-1482)] Analyzing Verilog file '/home/users/cheriek/Documents/Formal_Method/final_project/ibex/rtl/ibex_branch_predict.sv'
[INFO (VERI-1328)] /home/users/cheriek/Documents/Formal_Method/final_project/ibex/rtl/ibex_branch_predict.sv(18): analyzing included file '/home/users/cheriek/Documents/Formal_Method/final_project/ibex/vendor/lowrisc_ip/ip/prim/rtl/prim_assert.sv'
[-- (VERI-1482)] Analyzing Verilog file '/home/users/cheriek/Documents/Formal_Method/final_project/ibex/rtl/ibex_core.sv'
[INFO (VERI-1328)] /home/users/cheriek/Documents/Formal_Method/final_project/ibex/rtl/ibex_core.sv(10): analyzing included file '/home/users/cheriek/Documents/Formal_Method/final_project/ibex/vendor/lowrisc_ip/ip/prim/rtl/prim_assert.sv'
[INFO (VERI-1328)] /home/users/cheriek/Documents/Formal_Method/final_project/ibex/rtl/ibex_core.sv(11): analyzing included file '/home/users/cheriek/Documents/Formal_Method/final_project/ibex/vendor/lowrisc_ip/dv/sv/dv_utils/dv_fcov_macros.svh'
[-- (VERI-1482)] Analyzing Verilog file '/home/users/cheriek/Documents/Formal_Method/final_project/ibex/vendor/lowrisc_ip/ip/prim/rtl/prim_assert.sv'
% 
% if {$REACH == 1} {
    puts "test bboxing mfpt" 
    #elaborate -bbox_m  {miss_prediction_fix_table} -bbox_m {reorderbuf}
    #elaborate
    source reach_collect.tcl
}
% if {$FPV == 1} {
    puts "fpv" 
    # Elaborates
    #elaborate -bbox_m {wt_cache_subsystem} -bbox_m {ibex_if_stage}
    #puts "multiplier no-bbox"
    elaborate -top ibex_fv -bbox_m {ibex_if_stage} -bbox_m {prim_lfsr}
    #elaborate -bbox_m {ibex_if_stage}
    #stopat -env {issue_stage_i.i_scoreboard.mem_n[0].sbe.is_compressed}  
    #elaborate


    # Initialization
    # Clock specification
    clock clk_i
    # -both_edges: ridecore 
    reset !rst_ni
    set_proofgrid_per_engine_max_jobs 10
    set_proofgrid_max_jobs 30


    #SOURCE_TCL
    # assume -enable {.*ASSUME_W_R} -regexp
    # assume -disable {.*ASSUME_R_W} -regexp

    task -create mytask -copy_assumes   -regexp
    task -set mytask

    if { $CUSTOMTCL == 1 } {
        puts "=========CUSTOMTCL========="

        #CUSTOMTCL
        
        puts "=========EXIT CUSTOMTCL========="
        exit
        
    } 
    
    puts "=============================================================="
    puts "CHECK ASSUMPTION...."
    puts "=============================================================="
    set CA 0
    set CA 1
    #
    set_prove_time_limit 15m
    #SETPROVETIME
    set_prove_per_property_time_limit 5m 

    set ls [get_property_list -task mytask -include {type {assert cover} }]
    if { [llength $ls] > 10 } { 
        set_prove_time_limit 25m 
        puts "PROVEN TIME 25min" }  

    if { $CA == 1 } { 
        #set_prove_time_limit 10m
        set CONFLICT [check_assumptions -task mytask -conflict]
        puts "=============================================================="
        puts "CHECK ASSUMPTION CONFLICT result? $CONFLICT"
        puts "=============================================================="
    }  else {
        puts "AUTOPROVE:" 
        #set_prove_time_limit 1h
        #set_prove_per_property_time_limit 1h
        puts "=================================================="
        puts " PROVE TIME LIMIT"
        puts [get_prove_time_limit]     
        #puts [get_prove_per_property_time_limit]
        puts "=================================================="
        set_engine_mode {K C Tri I N AD AM Hp B}

        prove -task mytask
        #prove -all
    }
    
    puts "END"
    report -task mytask -csv -results -file "./synthlc/i_MUL_out/xCoverAPerflocDiv/22.csv" -force
    exit
}
fpv
INFO (ISW003): Top module name is "ibex_fv".
[INFO (VERI-1018)] /home/users/cheriek/Documents/Formal_Method/final_project/ibex/rtl/ibex_register_file_ff.sv(13): compiling module 'ibex_register_file_ff:(DataWidth=32'b0100000,WordZeroVal=32'b0)'
[INFO (VERI-1018)] /home/users/cheriek/Documents/Formal_Method/final_project/ibex/rtl/ibex_if_stage.sv(16): compiling module 'ibex_if_stage:(RV32ZC=RV32ZcaZcbZcmp,BusSizeECC=32'b0100000,TagSizeECC=32'b010110,LineSizeECC=32'b01000000,RndCnstLfsrSeed=32'b10101100010100110011101111110100,RndCnstLfsrPerm=160'b01111000110101111011001011101001000110011111111101000110110001001011101001010110000001010100101100000001001111101001000011100001111000101010001101101011101101,MemDataWidth=32'b0100000)'
[INFO (VERI-1018)] /home/users/cheriek/Documents/Formal_Method/final_project/ibex/rtl/ibex_decoder.sv(16): compiling module 'ibex_decoder:(RV32E=1'b0,RV32M=RV32MFast,RV32B=RV32BNone,BranchTargetALU=1'b0)'
[WARN (VERI-1796)] /home/users/cheriek/Documents/Formal_Method/final_project/ibex/rtl/ibex_decoder.sv(1211): system function call isunknown with non-constant argument is not supported for synthesis
[INFO (VERI-1018)] /home/users/cheriek/Documents/Formal_Method/final_project/ibex/rtl/ibex_controller.sv(13): compiling module 'ibex_controller:(WritebackStage=1'b1)'
[INFO (VERI-1018)] /home/users/cheriek/Documents/Formal_Method/final_project/ibex/rtl/ibex_id_stage.sv(20): compiling module 'ibex_id_stage:(RV32E=1'b0,RV32M=RV32MFast,RV32B=RV32BNone,BranchTargetALU=1'b0,WritebackStage=1'b1,BranchPredictor=1'b0)'
[WARN (VERI-1796)] /home/users/cheriek/Documents/Formal_Method/final_project/ibex/rtl/ibex_id_stage.sv(1106): system function call isunknown with non-constant argument is not supported for synthesis
[WARN (VERI-1796)] /home/users/cheriek/Documents/Formal_Method/final_project/ibex/rtl/ibex_id_stage.sv(1112): system function call isunknown with non-constant argument is not supported for synthesis
[WARN (VERI-1796)] /home/users/cheriek/Documents/Formal_Method/final_project/ibex/rtl/ibex_id_stage.sv(1116): system function call isunknown with non-constant argument is not supported for synthesis
[WARN (VERI-1796)] /home/users/cheriek/Documents/Formal_Method/final_project/ibex/rtl/ibex_id_stage.sv(1125): system function call isunknown with non-constant argument is not supported for synthesis
[WARN (VERI-1796)] /home/users/cheriek/Documents/Formal_Method/final_project/ibex/rtl/ibex_id_stage.sv(1128): system function call isunknown with non-constant argument is not supported for synthesis
[WARN (VERI-1796)] /home/users/cheriek/Documents/Formal_Method/final_project/ibex/rtl/ibex_id_stage.sv(1132): system function call isunknown with non-constant argument is not supported for synthesis
[WARN (VERI-1796)] /home/users/cheriek/Documents/Formal_Method/final_project/ibex/rtl/ibex_id_stage.sv(1136): system function call isunknown with non-constant argument is not supported for synthesis
[INFO (VERI-1018)] /home/users/cheriek/Documents/Formal_Method/final_project/ibex/rtl/ibex_alu.sv(9): compiling module 'ibex_alu:(RV32B=RV32BNone)'
[WARN (VERI-1209)] /home/users/cheriek/Documents/Formal_Method/final_project/ibex/rtl/ibex_alu.sv(280): expression size 32 truncated to fit in target size 6
[INFO (VERI-1018)] /home/users/cheriek/Documents/Formal_Method/final_project/ibex/rtl/ibex_multdiv_fast.sv(17): compiling module 'ibex_multdiv_fast:(RV32M=RV32MFast)'
[WARN (VERI-1796)] /home/users/cheriek/Documents/Formal_Method/final_project/ibex/rtl/ibex_multdiv_fast.sv(117): system function call isunknown with non-constant argument is not supported for synthesis
[WARN (VERI-1796)] /home/users/cheriek/Documents/Formal_Method/final_project/ibex/rtl/ibex_multdiv_fast.sv(118): system function call isunknown with non-constant argument is not supported for synthesis
[WARN (VERI-1796)] /home/users/cheriek/Documents/Formal_Method/final_project/ibex/rtl/ibex_multdiv_fast.sv(119): system function call isunknown with non-constant argument is not supported for synthesis
[WARN (VERI-1796)] /home/users/cheriek/Documents/Formal_Method/final_project/ibex/rtl/ibex_multdiv_fast.sv(378): system function call isunknown with non-constant argument is not supported for synthesis
[INFO (VERI-1018)] /home/users/cheriek/Documents/Formal_Method/final_project/ibex/rtl/ibex_ex_block.sv(11): compiling module 'ibex_ex_block:(RV32M=RV32MFast,RV32B=RV32BNone,BranchTargetALU=1'b0)'
[INFO (VERI-1018)] /home/users/cheriek/Documents/Formal_Method/final_project/ibex/rtl/ibex_load_store_unit.sv(17): compiling module 'ibex_load_store_unit:(MemDataWidth=32'b0100000)'
[WARN (VERI-1796)] /home/users/cheriek/Documents/Formal_Method/final_project/ibex/rtl/ibex_load_store_unit.sv(610): system function call isunknown with non-constant argument is not supported for synthesis
[WARN (VERI-1796)] /home/users/cheriek/Documents/Formal_Method/final_project/ibex/rtl/ibex_load_store_unit.sv(611): system function call isunknown with non-constant argument is not supported for synthesis
[WARN (VERI-1796)] /home/users/cheriek/Documents/Formal_Method/final_project/ibex/rtl/ibex_load_store_unit.sv(612): system function call isunknown with non-constant argument is not supported for synthesis
[WARN (VERI-1796)] /home/users/cheriek/Documents/Formal_Method/final_project/ibex/rtl/ibex_load_store_unit.sv(613): system function call isunknown with non-constant argument is not supported for synthesis
[WARN (VERI-1796)] /home/users/cheriek/Documents/Formal_Method/final_project/ibex/rtl/ibex_load_store_unit.sv(619): system function call isunknown with non-constant argument is not supported for synthesis
[INFO (VERI-1018)] /home/users/cheriek/Documents/Formal_Method/final_project/ibex/rtl/ibex_wb_stage.sv(17): compiling module 'ibex_wb_stage:(WritebackStage=1'b1)'
[INFO (VERI-1018)] /home/users/cheriek/Documents/Formal_Method/final_project/ibex/rtl/ibex_csr.sv(11): compiling module 'ibex_csr:(Width=32'b0110,ResetValue=6'b010000)'
[WARN (VERI-1796)] /home/users/cheriek/Documents/Formal_Method/final_project/ibex/rtl/ibex_csr.sv(55): system function call isunknown with non-constant argument is not supported for synthesis
[INFO (VERI-1018)] /home/users/cheriek/Documents/Formal_Method/final_project/ibex/rtl/ibex_csr.sv(11): compiling module 'ibex_csr:(ResetValue=32'b0)'
[INFO (VERI-1018)] /home/users/cheriek/Documents/Formal_Method/final_project/ibex/rtl/ibex_csr.sv(11): compiling module 'ibex_csr:(Width=32'b010010,ResetValue=18'b0)'
[INFO (VERI-1018)] /home/users/cheriek/Documents/Formal_Method/final_project/ibex/rtl/ibex_csr.sv(11): compiling module 'ibex_csr:(Width=32'b0111,ResetValue=7'b0)'
[INFO (VERI-1018)] /home/users/cheriek/Documents/Formal_Method/final_project/ibex/rtl/ibex_csr.sv(11): compiling module 'ibex_csr:(ResetValue=32'b01)'
[INFO (VERI-1018)] /home/users/cheriek/Documents/Formal_Method/final_project/ibex/rtl/ibex_csr.sv(11): compiling module 'ibex_csr:(Width=32'b0100000,ResetValue=32'b01000000000000000000000000000011)'
[INFO (VERI-1018)] /home/users/cheriek/Documents/Formal_Method/final_project/ibex/rtl/ibex_csr.sv(11): compiling module 'ibex_csr:(Width=32'b011,ResetValue=3'b100)'
[INFO (VERI-1018)] /home/users/cheriek/Documents/Formal_Method/final_project/ibex/rtl/ibex_counter.sv(5): compiling module 'ibex_counter:(CounterWidth=64)'
[INFO (VERI-1018)] /home/users/cheriek/Documents/Formal_Method/final_project/ibex/rtl/ibex_counter.sv(5): compiling module 'ibex_counter:(CounterWidth=64,ProvideValUpd=1'b1)'
[INFO (VERI-1018)] /home/users/cheriek/Documents/Formal_Method/final_project/ibex/rtl/ibex_csr.sv(11): compiling module 'ibex_csr:(Width=32'b01000,ResetValue=8'b0)'
[INFO (VERI-1018)] /home/users/cheriek/Documents/Formal_Method/final_project/ibex/rtl/ibex_cs_registers.sv(12): compiling module 'ibex_cs_registers:(DbgTriggerEn=1'b0,DbgHwBreakNum=32'b01,MHPMCounterNum=32'b0,MHPMCounterWidth=32'b0101000,PMPEnable=1'b0,PMPGranularity=32'b0,PMPNumRegions=32'b0100,PMPRstCfg='{'{1'b0,PMP_MODE_OFF,1'b0,1'b0,1'b0},'{1'b0,PMP_MODE_OFF,1'b0,1'b0,1'b0},'{1'b0,PMP_MODE_OFF,1'b0,1'b0,1'b0},'{1'b0,PMP_MODE_OFF,1'b0,1'b0,1'b0},'{1'b0,PMP_MODE_OFF,1'b0,1'b0,1'b0},'{1'b0,PMP_MODE_OFF,1'b0,1'b0,1'b0},'{1'b0,PMP_MODE_OFF,1'b0,1'b0,1'b0},'{1'b0,PMP_MODE_OFF,1'b0,1'b0,1'b0},'{1'b0,PMP_MODE_OFF,1'b0,1'b0,1'b0},'{1'b0,PMP_MODE_OFF,1'b0,1'b0,1'b0},'{1'b0,PMP_MODE_OFF,1'b0,1'b0,1'b0},'{1'b0,PMP_MODE_OFF,1'b0,1'b0,1'b0},'{1'b0,PMP_MODE_OFF,1'b0,1'b0,1'b0},'{1'b0,PMP_MODE_OFF,1'b0,1'b0,1'b0},'{1'b0,PMP_MODE_OFF,1'b0,1'b0,1'b0},'{1'b0,PMP_MODE_OFF,1'b0,1'b0,1'b0}},PMPRstAddr='{34'b0,34'b0,34'b0,34'b0,34'b0,34'b0,34'b0,34'b0,34'b0,34'b0,34'b0,34'b0,34'b0,34'b0,34'b0,34'b0},PMPRstMsecCfg='{1'b0,1'b0,1'b0},RV32E=1'b0,RV32M=RV32MFast,RV32B=RV32BNone)'
[INFO (VERI-1018)] /home/users/cheriek/Documents/Formal_Method/final_project/ibex/rtl/ibex_core.sv(16): compiling module 'ibex_core:(RV32M=RV32MFast,RV32B=RV32BNone,WritebackStage=1'b1)'
[WARN (VERI-1060)] /home/users/cheriek/Documents/Formal_Method/final_project/ibex/rtl/ibex_core.sv(531): 'initial' construct is ignored
[WARN (VERI-1060)] /home/users/cheriek/Documents/Formal_Method/final_project/ibex/rtl/ibex_core.sv(532): 'initial' construct is ignored
[WARN (VERI-1060)] /home/users/cheriek/Documents/Formal_Method/final_project/ibex/rtl/ibex_core.sv(1945): 'initial' construct is ignored
[WARN (VERI-1796)] /home/users/cheriek/Documents/Formal_Method/final_project/ibex/rtl/ibex_core.sv(1172): system function call isunknown with non-constant argument is not supported for synthesis
[INFO (VERI-1018)] ./synthlc/i_MUL_out/xCoverAPerflocDiv/22_top.sv(12): compiling module 'ibex_fv'
[WARN (VERI-1060)] ./synthlc/i_MUL_out/xCoverAPerflocDiv/22_top.sv(499): 'initial' construct is ignored
[WARN (VDB-1002)] ./synthlc/i_MUL_out/xCoverAPerflocDiv/22_top.sv(81): net 'data_rdata_i[31]' does not have a driver
[WARN (VDB-1002)] ./synthlc/i_MUL_out/xCoverAPerflocDiv/22_top.sv(444): net 'pc0[31]' does not have a driver
[WARN (VDB-1002)] ./synthlc/i_MUL_out/xCoverAPerflocDiv/22_top.sv(448): net 'i0[31]' does not have a driver
WARNING (WNL008): Module "ibex_if_stage" is blackboxed due to analyze/elaborate bbox_m or compilation configuration. All instances will be blackboxed.
INFO (INL208): Elaboration synthesis summary:
  Number of synthesized netlists          24 (1 packages)
  Single run mode                         On
  Pipeline                                On (22 pipelined netlists)
  Late hierarchical reference connection  On
  Number of analyzed Verilog modules      24 (16 synthesized)
  Number of analyzed VHDL entities        0 (0 synthesized)
WARNING (VDB-1002): /home/users/cheriek/Documents/Formal_Method/final_project/ibex/rtl/ibex_if_stage.sv(87): net 'pc_id_o' does not have a driver
WARNING (WNL018): /home/users/cheriek/Documents/Formal_Method/final_project/ibex/rtl/ibex_multdiv_fast.sv(278): multiplication operator mult_17s_17s (size 34) automatically black boxed.
    Use the "elaborate -bbox_mul" command to prevent automatic black-boxing.
INFO (INL003): Clearing all state information (assumes, stopats, and so forth).
INFO (IPM031): Clearing proof results of all properties.
INFO (IRS006): Current reset condition is "rst_ni".
WARNING (WPM025): Property "ibex_fv.EVENTUAL_ISSUE:precondition1", a related cover of "ibex_fv.EVENTUAL_ISSUE", was not copied to the new task.
WARNING (WPM025): Property "ibex_fv.EXE_IUV:precondition1", a related cover of "ibex_fv.EXE_IUV", was not copied to the new task.
WARNING (WPM025): Property "ibex_fv.IF_ID_CONTRACT:precondition1", a related cover of "ibex_fv.IF_ID_CONTRACT", was not copied to the new task.
WARNING (WPM025): Property "ibex_fv.ISSUE_ONCE:precondition1", a related cover of "ibex_fv.ISSUE_ONCE", was not copied to the new task.
WARNING (WPM025): Property "ibex_fv.VALID_INSTN:precondition1", a related cover of "ibex_fv.VALID_INSTN", was not copied to the new task.
WARNING (WPM025): Property "ibex_fv.pc0_i0_assoc:precondition1", a related cover of "ibex_fv.pc0_i0_assoc", was not copied to the new task.
==============================================================
CHECK ASSUMPTION....
==============================================================
WARNING (WPM042): No properties matched the specified filters.
INFO (IPF036): Starting proof on task: "mytask", 1 properties to prove with 0 already proven/unreachable
INFO (IRS029): Starting reset analysis: phase 1 of 4.
INFO (IRS030): Running reset analysis: phase 2 of 4.
INFO (IRS031): Running reset analysis: phase 3 of 4.
INFO (IRS020): Starting the reset analysis simulation with a limit of 100 iterations (phase 4 of 4).
INFO (IRS024): Reset iterations 0 to 4 analyzed.
INFO (IRS018): Reset analysis simulation executed for 3 iterations. Assigned values for 1832 of 1906 design flops, 0 of 0 design latches, 165 of 296 internal elements.
INFO (IRS039): Reset analysis complete.
INFO (IPF031): Settings used for proof thread 0:
    orchestration                 = off
    time_limit                    = 900s
    per_property_time_limit       = 300s * 10 ^ scan
    engine_mode                   = Q1 Q2 Q3 
    proofgrid_per_engine_max_jobs = 1
    max engine jobs               = Q1 Q2 Q3, total 3
    proofgrid_mode                = local
    proofgrid_restarts            = 10
0: Using multistage preprocessing
0: Starting reduce
0: Finished reduce in 0.043s
0.0.PRE: Performing Proof Simplification...
0.0.Q1: clocks: 1, declared: 1, looping: 0, posedge: 1, negedge: 0, noedge: 0, bothedge: 0
0.0.Q1: Proof Simplification Iteration 1	[0.00 s]
0.0.Q1: Proof Simplification Iteration 2	[0.04 s]
0.0.Q1: Proof Simplification Iteration 3	[0.06 s]
0.0.Q1: Proof Simplification Iteration 4	[0.08 s]
0.0.Q1: Proof Simplification Iteration 5	[0.10 s]
0.0.Q1: Proof Simplification Iteration 6	[0.12 s]
0.0.Q1: Proof Simplification Iteration 7	[0.13 s]
0.0.Q1: Proof Simplification Iteration 8	[0.15 s]
0.0.Q1: Proof Simplification Iteration 9	[0.17 s]
0.0.Q1: Proof Simplification Iteration 10	[0.19 s]
0.0.PRE: Proof Simplification completed in 0.24 s
0: About to start ProofGrid in its own thread with a limit of 10000 pending notifications and a limit of 10 traces.
0: =============================== ProofGrid start ===============================
0: ProofGrid usable level: 4294967295
0: Initial ProofGrid level: 1
0: ProofGrid is starting event handling
0.0.Q3: caddy12.stanford.edu: "Rocky Linux 8.10 (Green Obsidian)" is an unsupported operating system.
0.0.Q1: caddy12.stanford.edu: "Rocky Linux 8.10 (Green Obsidian)" is an unsupported operating system.
0.0.Q2: caddy12.stanford.edu: "Rocky Linux 8.10 (Green Obsidian)" is an unsupported operating system.
0.0.Q1: Proofgrid shell started at 404959@caddy12.stanford.edu(local) jg_404689_caddy12.stanford.edu_1
0.0.Q2: Proofgrid shell started at 404960@caddy12.stanford.edu(local) jg_404689_caddy12.stanford.edu_1
0.0.Q2: clocks: 1, declared: 1, looping: 0, posedge: 1, negedge: 0, noedge: 0, bothedge: 0
0.0.Q1: clocks: 1, declared: 1, looping: 0, posedge: 1, negedge: 0, noedge: 0, bothedge: 0
0.0.Q3: Proofgrid shell started at 404961@caddy12.stanford.edu(local) jg_404689_caddy12.stanford.edu_1
0.0.Q1: Trace Attempt  1	[0.02 s]
0.0.Q3: clocks: 1, declared: 1, looping: 0, posedge: 1, negedge: 0, noedge: 0, bothedge: 0
0.0.Q3: Seed 7, 50%
0.0.Q2: Trace Attempt  1	[0.04 s]
0.0.Q1: Cycle 1, State Sig: 9e5936bd
0.0.Q1: Trace Attempt  2	[0.05 s]
0.0.Q2: Trace Attempt  2	[0.05 s]
0.0.Q3: Trace Attempt  1	[0.04 s]
0.0.Q2: Trace Attempt  3	[0.07 s]
0.0.Q1: Cycle 2, State Sig: 1e2b92b5
0.0.Q2: Trace Attempt  4	[0.08 s]
0.0.Q1: Trace Attempt  3	[0.08 s]
0.0.Q3: Cycle 1, State Sig: 19de42db
0.0.Q3: Trace Attempt  2	[0.07 s]
0.0.Q3: Cycle 2, State Sig: b8a9a881
0.0.Q3: Trace Attempt  3	[0.07 s]
0.0.Q3: Trace Attempt  4	[0.07 s]
0.0.Q3: Cycle 4, State Sig: 51548008
0.0.Q3: Trace Attempt  5	[0.08 s]
0.0.Q3: A trace with 5 cycles was found. [0.08 s]
INFO (IPF155): 0.0.Q3: A dead end state was reached after 5 cycles in task "mytask" in 0.11 s.
    Use check_assumptions -show -dead_end to show this property in the property table.
0.0.Q3: Trace Attempt  4	[0.08 s]
0.0.Q3: Trace Attempt  5	[0.08 s]
0.0.Q3: Cycle 8, State Sig: d362044b
0.0.Q2: Trace Attempt  5	[0.10 s]
0.0.Q3: Cycle 16, State Sig: fad0c61e
0.0.Q1: Trace Attempt  4	[0.11 s]
0.0.Q3: Cycle 32, State Sig: a922123a
0.0.Q1: Cycle 4, State Sig: 75e2eb30
0.0.Q1: Trace Attempt  5	[0.15 s]
0.0.Q3: Cycle 64, State Sig: 9b77ddb9
0.0.Q3: Cycle 128, State Sig: a7ef7a36
0.0.Q3: Restart 1, Seed 17f7addfcdf3ee97, 50.0%
0.0.Q3: Trace Attempt  1	[0.30 s]
0.0.Q3: Trace Attempt  2	[0.30 s]
0.0.Q3: Trace Attempt  3	[0.30 s]
0.0.Q3: Trace Attempt  4	[0.31 s]
0.0.Q3: Trace Attempt  5	[0.31 s]
0.0.Q1: Cycle 8, State Sig: 4ce0d37a
0.0.Q3: Restart 2, Seed 5711a4f3d7a64423, 50.0%
0.0.Q3: Trace Attempt  1	[0.54 s]
0.0.Q3: Trace Attempt  2	[0.54 s]
0.0.Q3: Trace Attempt  3	[0.54 s]
0.0.Q3: Trace Attempt  4	[0.54 s]
0.0.Q3: Trace Attempt  5	[0.54 s]
0.0.Q3: Restart 3, Seed c71fcbf1635e5e19, 50.0%
0.0.Q3: Trace Attempt  1	[0.77 s]
0.0.Q3: Trace Attempt  2	[0.77 s]
0.0.Q3: Trace Attempt  3	[0.77 s]
0.0.Q3: Trace Attempt  4	[0.77 s]
0.0.Q3: Trace Attempt  5	[0.77 s]
0.0.Q3: Restart 4, Seed 21e5f929b7a52606, 50.0%
0.0.Q3: Trace Attempt  1	[1.00 s]
0.0.Q3: Trace Attempt  2	[1.00 s]
0.0.Q3: Trace Attempt  3	[1.00 s]
0.0.Q3: Trace Attempt  4	[1.00 s]
0.0.Q3: Trace Attempt  5	[1.00 s]
0.0.Q3: Restart 5, Seed 87127f24cbe32d24, 50.0%
0.0.Q3: Trace Attempt  1	[1.23 s]
0.0.Q3: Trace Attempt  2	[1.23 s]
0.0.Q3: Trace Attempt  3	[1.23 s]
0.0.Q3: Trace Attempt  4	[1.23 s]
0.0.Q3: Trace Attempt  5	[1.23 s]
0.0.Q3: Restart 6, Seed 35912a3d3c9c6916, 50.0%
0.0.Q3: Trace Attempt  1	[1.47 s]
0.0.Q3: Trace Attempt  2	[1.47 s]
0.0.Q3: Trace Attempt  3	[1.47 s]
0.0.Q3: Trace Attempt  4	[1.47 s]
0.0.Q3: Trace Attempt  5	[1.47 s]
0.0.Q3: Restart 7, Seed 89952ca347b53804, 50.0%
0.0.Q3: Trace Attempt  1	[1.70 s]
0.0.Q3: Trace Attempt  2	[1.70 s]
0.0.Q3: Trace Attempt  3	[1.70 s]
0.0.Q3: Trace Attempt  4	[1.70 s]
0.0.Q3: Trace Attempt  5	[1.70 s]
0.0.Q1: Cycle 16, State Sig: f12c4ad2
0.0.Q3: Restart 8, Seed c8b9e325b1bca63b, 50.0%
0.0.Q3: Trace Attempt  1	[1.93 s]
0.0.Q3: Trace Attempt  2	[1.93 s]
0.0.Q3: Trace Attempt  3	[1.93 s]
0.0.Q3: Trace Attempt  4	[1.93 s]
0.0.Q3: Trace Attempt  5	[1.93 s]
0.0.Q3: Restart 9, Seed 3c96540b341fbe66, 50.0%
0.0.Q3: Trace Attempt  1	[2.16 s]
0.0.Q3: Trace Attempt  2	[2.16 s]
0.0.Q3: Trace Attempt  3	[2.16 s]
0.0.Q3: Trace Attempt  4	[2.16 s]
0.0.Q3: Trace Attempt  5	[2.16 s]
0.0.Q3: Restart 10, Seed 70a5647c3234a2f, 50.0%
0.0.Q3: Trace Attempt  1	[2.39 s]
0.0.Q3: Trace Attempt  2	[2.39 s]
0.0.Q3: Trace Attempt  3	[2.39 s]
0.0.Q3: Trace Attempt  4	[2.39 s]
0.0.Q3: Trace Attempt  5	[2.39 s]
0.0.Q3: Restart 11, Seed 30a7cd7865103cd6, 50.0%
0.0.Q3: Trace Attempt  1	[2.62 s]
0.0.Q3: Trace Attempt  2	[2.62 s]
0.0.Q3: Trace Attempt  3	[2.62 s]
0.0.Q3: Trace Attempt  4	[2.62 s]
0.0.Q3: Trace Attempt  5	[2.62 s]
0.0.Q3: Restart 12, Seed f38d86279fad185b, 50.0%
0.0.Q3: Trace Attempt  1	[2.85 s]
0.0.Q3: Trace Attempt  2	[2.85 s]
0.0.Q3: Trace Attempt  3	[2.85 s]
0.0.Q3: Trace Attempt  4	[2.85 s]
0.0.Q3: Trace Attempt  5	[2.85 s]
0.0.Q3: Restart 13, Seed ad67c5ce736d464b, 50.0%
0.0.Q3: Trace Attempt  1	[3.08 s]
0.0.Q3: Trace Attempt  2	[3.08 s]
0.0.Q3: Trace Attempt  3	[3.08 s]
0.0.Q3: Trace Attempt  4	[3.08 s]
0.0.Q3: Trace Attempt  5	[3.08 s]
0.0.Q3: Restart 14, Seed 15cfc6943b939352, 50.0%
0.0.Q3: Trace Attempt  1	[3.31 s]
0.0.Q3: Trace Attempt  2	[3.31 s]
0.0.Q3: Trace Attempt  3	[3.31 s]
0.0.Q3: Trace Attempt  4	[3.31 s]
0.0.Q3: Trace Attempt  5	[3.31 s]
0.0.Q3: Restart 15, Seed 11dd8251a2c01828, 50.0%
0.0.Q3: Trace Attempt  1	[3.55 s]
0.0.Q3: Trace Attempt  2	[3.55 s]
0.0.Q3: Trace Attempt  3	[3.55 s]
0.0.Q3: Trace Attempt  4	[3.55 s]
0.0.Q3: Trace Attempt  5	[3.55 s]
0.0.Q3: Restart 16, Seed 9bb92627e74dd6c1, 50.0%
0.0.Q3: Trace Attempt  1	[3.78 s]
0.0.Q3: Trace Attempt  2	[3.78 s]
0.0.Q3: Trace Attempt  3	[3.78 s]
0.0.Q3: Trace Attempt  4	[3.78 s]
0.0.Q3: Trace Attempt  5	[3.78 s]
0.0.Q3: Restart 17, Seed b72f530a7fc441cd, 50.0%
0.0.Q3: Trace Attempt  1	[4.01 s]
0.0.Q3: Trace Attempt  2	[4.01 s]
0.0.Q3: Trace Attempt  3	[4.01 s]
0.0.Q3: Trace Attempt  4	[4.01 s]
0.0.Q3: Trace Attempt  5	[4.01 s]
0.0.Q2: Trace Attempt 139	[4.11 s]
0.0.Q1: Trace Attempt 30	[4.22 s]
0.0.Q3: Restart 18, Seed 55b9bd8bc67a39aa, 50.0%
0.0.Q3: Trace Attempt  1	[4.24 s]
0.0.Q3: Trace Attempt  2	[4.24 s]
0.0.Q3: Trace Attempt  3	[4.24 s]
0.0.Q3: Trace Attempt  4	[4.24 s]
0.0.Q3: Trace Attempt  5	[4.24 s]
0.0.Q3: Restart 19, Seed 3ada50144984909d, 50.0%
0.0.Q3: Trace Attempt  1	[4.47 s]
0.0.Q3: Trace Attempt  2	[4.47 s]
0.0.Q3: Trace Attempt  3	[4.47 s]
0.0.Q3: Trace Attempt  4	[4.47 s]
0.0.Q3: Trace Attempt  5	[4.47 s]
0.0.Q3: Restart 20, Seed 78cdc59894a906e0, 50.0%
0.0.Q3: Trace Attempt  1	[4.70 s]
0.0.Q3: Trace Attempt  2	[4.70 s]
0.0.Q3: Trace Attempt  3	[4.70 s]
0.0.Q3: Trace Attempt  4	[4.70 s]
0.0.Q3: Trace Attempt  5	[4.70 s]
0.0.Q3: Restart 21, Seed d34b97cd7ee57a41, 50.0%
0.0.Q3: Trace Attempt  1	[4.93 s]
0.0.Q3: Trace Attempt  2	[4.93 s]
0.0.Q3: Trace Attempt  3	[4.93 s]
0.0.Q3: Trace Attempt  4	[4.94 s]
0.0.Q3: Trace Attempt  5	[4.94 s]
0.0.Q1: Cycle 32, State Sig: 33d8d8da
0.0.Q3: Restart 22, Seed 370d874d55f6d07, 50.0%
0.0.Q3: Trace Attempt  1	[5.17 s]
0.0.Q3: Trace Attempt  2	[5.17 s]
0.0.Q3: Trace Attempt  3	[5.17 s]
0.0.Q3: Trace Attempt  4	[5.17 s]
0.0.Q3: Trace Attempt  5	[5.17 s]
0.0.Q3: Restart 23, Seed 8d5dda535a67504d, 50.0%
0.0.Q3: Trace Attempt  1	[5.39 s]
0.0.Q3: Trace Attempt  2	[5.40 s]
0.0.Q3: Trace Attempt  3	[5.40 s]
0.0.Q3: Trace Attempt  4	[5.40 s]
0.0.Q3: Trace Attempt  5	[5.40 s]
0.0.Q3: Restart 24, Seed b9f5ef409b92d8c1, 50.0%
0.0.Q3: Trace Attempt  1	[5.64 s]
0.0.Q3: Trace Attempt  2	[5.64 s]
0.0.Q3: Trace Attempt  3	[5.64 s]
0.0.Q3: Trace Attempt  4	[5.64 s]
0.0.Q3: Trace Attempt  5	[5.64 s]
0.0.Q3: Restart 25, Seed 8d1a10b165eb4fee, 50.0%
0.0.Q3: Trace Attempt  1	[5.87 s]
0.0.Q3: Trace Attempt  2	[5.88 s]
0.0.Q3: Trace Attempt  3	[5.88 s]
0.0.Q3: Trace Attempt  4	[5.88 s]
0.0.Q3: Trace Attempt  5	[5.88 s]
0.0.Q3: Restart 26, Seed 449fb4a4b92be4d6, 50.0%
0.0.Q3: Trace Attempt  1	[6.11 s]
0.0.Q3: Trace Attempt  2	[6.12 s]
0.0.Q3: Trace Attempt  3	[6.12 s]
0.0.Q3: Trace Attempt  4	[6.12 s]
0.0.Q3: Trace Attempt  5	[6.12 s]
0.0.Q3: Restart 27, Seed e5f46661c9e9d8e8, 50.0%
0.0.Q3: Trace Attempt  1	[6.36 s]
0.0.Q3: Trace Attempt  2	[6.36 s]
0.0.Q3: Trace Attempt  3	[6.36 s]
0.0.Q3: Trace Attempt  4	[6.36 s]
0.0.Q3: Trace Attempt  5	[6.36 s]
0.0.Q3: Restart 28, Seed d22b4ebc4e398282, 50.0%
0.0.Q3: Trace Attempt  1	[6.59 s]
0.0.Q3: Trace Attempt  2	[6.59 s]
0.0.Q3: Trace Attempt  3	[6.60 s]
0.0.Q3: Trace Attempt  4	[6.60 s]
0.0.Q3: Trace Attempt  5	[6.60 s]
0.0.Q3: Restart 29, Seed 8115b139f0fe6f67, 50.0%
0.0.Q3: Trace Attempt  1	[6.83 s]
0.0.Q3: Trace Attempt  2	[6.84 s]
0.0.Q3: Trace Attempt  3	[6.84 s]
0.0.Q3: Trace Attempt  4	[6.84 s]
0.0.Q3: Trace Attempt  5	[6.84 s]
0.0.Q3: Restart 30, Seed 16a4fb04c7f43b04, 50.0%
0.0.Q3: Trace Attempt  1	[7.08 s]
0.0.Q3: Trace Attempt  2	[7.08 s]
0.0.Q3: Trace Attempt  3	[7.08 s]
0.0.Q3: Trace Attempt  4	[7.08 s]
0.0.Q3: Trace Attempt  5	[7.08 s]
0.0.Q3: Restart 31, Seed 6b49eb09e556361d, 50.0%
0.0.Q3: Trace Attempt  1	[7.32 s]
0.0.Q3: Trace Attempt  2	[7.32 s]
0.0.Q3: Trace Attempt  3	[7.32 s]
0.0.Q3: Trace Attempt  4	[7.32 s]
0.0.Q3: Trace Attempt  5	[7.32 s]
0.0.Q3: Restart 32, Seed becb1ba12fde64f5, 50.0%
0.0.Q3: Trace Attempt  1	[7.56 s]
0.0.Q3: Trace Attempt  2	[7.56 s]
0.0.Q3: Trace Attempt  3	[7.56 s]
0.0.Q3: Trace Attempt  4	[7.57 s]
0.0.Q3: Trace Attempt  5	[7.57 s]
0.0.Q3: Restart 33, Seed 46fb9774c2f5b0da, 50.0%
0.0.Q3: Trace Attempt  1	[7.81 s]
0.0.Q3: Trace Attempt  2	[7.81 s]
0.0.Q3: Trace Attempt  3	[7.81 s]
0.0.Q3: Trace Attempt  4	[7.81 s]
0.0.Q3: Trace Attempt  5	[7.81 s]
0.0.Q3: Restart 34, Seed 74b2967718507263, 50.0%
0.0.Q3: Trace Attempt  1	[8.05 s]
0.0.Q3: Trace Attempt  2	[8.05 s]
0.0.Q3: Trace Attempt  3	[8.05 s]
0.0.Q3: Trace Attempt  4	[8.05 s]
0.0.Q3: Trace Attempt  5	[8.05 s]
0.0.Q2: Trace Attempt 257	[8.18 s]
0.0.Q3: Restart 35, Seed cbc439a3940e2888, 50.0%
0.0.Q3: Trace Attempt  1	[8.29 s]
0.0.Q3: Trace Attempt  2	[8.29 s]
0.0.Q3: Trace Attempt  3	[8.29 s]
0.0.Q3: Trace Attempt  4	[8.29 s]
0.0.Q3: Trace Attempt  5	[8.30 s]
0.0.Q3: Restart 36, Seed 3dc111ee991d37cb, 50.0%
0.0.Q3: Trace Attempt  1	[8.54 s]
0.0.Q3: Trace Attempt  2	[8.54 s]
0.0.Q3: Trace Attempt  3	[8.54 s]
0.0.Q3: Trace Attempt  4	[8.54 s]
0.0.Q3: Trace Attempt  5	[8.54 s]
0.0.Q1: Trace Attempt 36	[8.64 s]
0.0.Q3: Restart 37, Seed 132eb582d310411d, 50.0%
0.0.Q3: Trace Attempt  1	[8.78 s]
0.0.Q3: Trace Attempt  2	[8.78 s]
0.0.Q3: Trace Attempt  3	[8.78 s]
0.0.Q3: Trace Attempt  4	[8.78 s]
0.0.Q3: Trace Attempt  5	[8.78 s]
0.0.Q3: Restart 38, Seed bfe3f2c760c236da, 50.0%
0.0.Q3: Trace Attempt  1	[9.02 s]
0.0.Q3: Trace Attempt  2	[9.02 s]
0.0.Q3: Trace Attempt  3	[9.02 s]
0.0.Q3: Trace Attempt  4	[9.03 s]
0.0.Q3: Trace Attempt  5	[9.03 s]
0.0.Q3: Restart 39, Seed a48b73e5761d5312, 50.0%
0.0.Q3: Trace Attempt  1	[9.27 s]
0.0.Q3: Trace Attempt  2	[9.27 s]
0.0.Q3: Trace Attempt  3	[9.27 s]
0.0.Q3: Trace Attempt  4	[9.27 s]
0.0.Q3: Trace Attempt  5	[9.27 s]
0.0.Q3: Restart 40, Seed a2d5ea57469aa832, 50.0%
0.0.Q3: Trace Attempt  1	[9.51 s]
0.0.Q3: Trace Attempt  2	[9.51 s]
0.0.Q3: Trace Attempt  3	[9.51 s]
0.0.Q3: Trace Attempt  4	[9.51 s]
0.0.Q3: Trace Attempt  5	[9.51 s]
0.0.Q3: Restart 41, Seed 8dda2c5b6d9eac8c, 50.0%
0.0.Q3: Trace Attempt  1	[9.76 s]
0.0.Q3: Trace Attempt  2	[9.76 s]
0.0.Q3: Trace Attempt  3	[9.76 s]
0.0.Q3: Trace Attempt  4	[9.76 s]
0.0.Q3: Trace Attempt  5	[9.76 s]
0.0.Q3: Restart 42, Seed e9ea8b685314e0e, 50.0%
0.0.Q3: Trace Attempt  1	[10.00 s]
0.0.Q3: Trace Attempt  2	[10.00 s]
0.0.Q3: Trace Attempt  3	[10.00 s]
0.0.Q3: Trace Attempt  4	[10.00 s]
0.0.Q3: Trace Attempt  5	[10.00 s]
0.0.Q3: Restart 43, Seed f698f0c3e471610b, 50.0%
0.0.Q3: Trace Attempt  1	[10.24 s]
0.0.Q3: Trace Attempt  2	[10.24 s]
0.0.Q3: Trace Attempt  3	[10.24 s]
0.0.Q3: Trace Attempt  4	[10.24 s]
0.0.Q3: Trace Attempt  5	[10.24 s]
0.0.Q3: Restart 44, Seed 21a82f7621c20c1a, 50.0%
0.0.Q3: Trace Attempt  1	[10.48 s]
0.0.Q3: Trace Attempt  2	[10.48 s]
0.0.Q3: Trace Attempt  3	[10.48 s]
0.0.Q3: Trace Attempt  4	[10.48 s]
0.0.Q3: Trace Attempt  5	[10.48 s]
0.0.Q3: Restart 45, Seed ec6a4e51b0fbac84, 50.0%
0.0.Q3: Trace Attempt  1	[10.72 s]
0.0.Q3: Trace Attempt  2	[10.72 s]
0.0.Q3: Trace Attempt  3	[10.72 s]
0.0.Q3: Trace Attempt  4	[10.72 s]
0.0.Q3: Trace Attempt  5	[10.72 s]
0.0.Q3: Restart 46, Seed ed2ba6e10de8d5c3, 50.0%
0.0.Q3: Trace Attempt  1	[10.96 s]
0.0.Q3: Trace Attempt  2	[10.96 s]
0.0.Q3: Trace Attempt  3	[10.96 s]
0.0.Q3: Trace Attempt  4	[10.96 s]
0.0.Q3: Trace Attempt  5	[10.97 s]
0.0.Q3: Restart 47, Seed a02275118eb3446b, 50.0%
0.0.Q3: Trace Attempt  1	[11.20 s]
0.0.Q3: Trace Attempt  2	[11.20 s]
0.0.Q3: Trace Attempt  3	[11.20 s]
0.0.Q3: Trace Attempt  4	[11.21 s]
0.0.Q3: Trace Attempt  5	[11.21 s]
0.0.Q3: Restart 48, Seed 50f2d2286a2d99d2, 50.0%
0.0.Q3: Trace Attempt  1	[11.45 s]
0.0.Q3: Trace Attempt  2	[11.45 s]
0.0.Q3: Trace Attempt  3	[11.45 s]
0.0.Q3: Trace Attempt  4	[11.45 s]
0.0.Q3: Trace Attempt  5	[11.45 s]
0.0.Q3: Restart 49, Seed 20224f508aa2f52a, 50.0%
0.0.Q3: Trace Attempt  1	[11.70 s]
0.0.Q3: Trace Attempt  2	[11.70 s]
0.0.Q3: Trace Attempt  3	[11.70 s]
0.0.Q3: Trace Attempt  4	[11.70 s]
0.0.Q3: Trace Attempt  5	[11.70 s]
0.0.Q3: Restart 50, Seed 9de91110018732c4, 50.0%
0.0.Q3: Trace Attempt  1	[11.94 s]
0.0.Q3: Trace Attempt  2	[11.94 s]
0.0.Q3: Trace Attempt  3	[11.94 s]
0.0.Q3: Trace Attempt  4	[11.94 s]
0.0.Q3: Trace Attempt  5	[11.94 s]
0.0.Q3: Restart 51, Seed f61743ce092d4bee, 50.0%
0.0.Q3: Trace Attempt  1	[12.18 s]
0.0.Q3: Trace Attempt  2	[12.18 s]
0.0.Q3: Trace Attempt  3	[12.18 s]
0.0.Q3: Trace Attempt  4	[12.18 s]
0.0.Q3: Trace Attempt  5	[12.18 s]
0.0.Q2: Trace Attempt 369	[12.21 s]
0.0.Q3: Restart 52, Seed fc041260ad79a8bd, 50.0%
0.0.Q3: Trace Attempt  1	[12.42 s]
0.0.Q3: Trace Attempt  2	[12.42 s]
0.0.Q3: Trace Attempt  3	[12.42 s]
0.0.Q3: Trace Attempt  4	[12.43 s]
0.0.Q3: Trace Attempt  5	[12.43 s]
0.0.Q3: Restart 53, Seed 892d01998505034c, 50.0%
0.0.Q3: Trace Attempt  1	[12.66 s]
0.0.Q3: Trace Attempt  2	[12.67 s]
0.0.Q3: Trace Attempt  3	[12.67 s]
0.0.Q3: Trace Attempt  4	[12.67 s]
0.0.Q3: Trace Attempt  5	[12.67 s]
0.0.Q3: Restart 54, Seed b332db01cd2827cd, 50.0%
0.0.Q3: Trace Attempt  1	[12.91 s]
0.0.Q3: Trace Attempt  2	[12.91 s]
0.0.Q3: Trace Attempt  3	[12.91 s]
0.0.Q3: Trace Attempt  4	[12.91 s]
0.0.Q3: Trace Attempt  5	[12.91 s]
0.0.Q1: Trace Attempt 42	[13.05 s]
0.0.Q3: Restart 55, Seed 2a4f4f30a0071170, 50.0%
0.0.Q3: Trace Attempt  1	[13.15 s]
0.0.Q3: Trace Attempt  2	[13.15 s]
0.0.Q3: Trace Attempt  3	[13.15 s]
0.0.Q3: Trace Attempt  4	[13.15 s]
0.0.Q3: Trace Attempt  5	[13.16 s]
0.0.Q3: Restart 56, Seed db2478acefec0ada, 50.0%
0.0.Q3: Trace Attempt  1	[13.40 s]
0.0.Q3: Trace Attempt  2	[13.40 s]
0.0.Q3: Trace Attempt  3	[13.40 s]
0.0.Q3: Trace Attempt  4	[13.40 s]
0.0.Q3: Trace Attempt  5	[13.40 s]
0.0.Q3: Restart 57, Seed c7be44e5cf3b0ca7, 50.0%
0.0.Q3: Trace Attempt  1	[13.64 s]
0.0.Q3: Trace Attempt  2	[13.64 s]
0.0.Q3: Trace Attempt  3	[13.64 s]
0.0.Q3: Trace Attempt  4	[13.64 s]
0.0.Q3: Trace Attempt  5	[13.64 s]
0.0.Q3: Restart 58, Seed c435c725f6f8f4c7, 50.0%
0.0.Q3: Trace Attempt  1	[13.89 s]
0.0.Q3: Trace Attempt  2	[13.89 s]
0.0.Q3: Trace Attempt  3	[13.89 s]
0.0.Q3: Trace Attempt  4	[13.89 s]
0.0.Q3: Trace Attempt  5	[13.89 s]
0.0.Q3: Restart 59, Seed 704fe0ed777a5e0a, 50.0%
0.0.Q3: Trace Attempt  1	[14.13 s]
0.0.Q3: Trace Attempt  2	[14.13 s]
0.0.Q3: Trace Attempt  3	[14.14 s]
0.0.Q3: Trace Attempt  4	[14.14 s]
0.0.Q3: Trace Attempt  5	[14.14 s]
0.0.Q3: Restart 60, Seed 204906b52f607766, 50.0%
0.0.Q3: Trace Attempt  1	[14.38 s]
0.0.Q3: Trace Attempt  2	[14.38 s]
0.0.Q3: Trace Attempt  3	[14.38 s]
0.0.Q3: Trace Attempt  4	[14.38 s]
0.0.Q3: Trace Attempt  5	[14.38 s]
0.0.Q3: Restart 61, Seed fed30e8697eda41c, 50.0%
0.0.Q3: Trace Attempt  1	[14.62 s]
0.0.Q3: Trace Attempt  2	[14.62 s]
0.0.Q3: Trace Attempt  3	[14.62 s]
0.0.Q3: Trace Attempt  4	[14.63 s]
0.0.Q3: Trace Attempt  5	[14.63 s]
0.0.Q3: Restart 62, Seed 21622fbaccde218e, 50.0%
0.0.Q3: Trace Attempt  1	[14.87 s]
0.0.Q3: Trace Attempt  2	[14.87 s]
0.0.Q3: Trace Attempt  3	[14.87 s]
0.0.Q3: Trace Attempt  4	[14.87 s]
0.0.Q3: Trace Attempt  5	[14.87 s]
0.0.Q3: Restart 63, Seed e09534cec15f9855, 50.0%
0.0.Q3: Trace Attempt  1	[15.11 s]
0.0.Q3: Trace Attempt  2	[15.11 s]
0.0.Q3: Trace Attempt  3	[15.11 s]
0.0.Q3: Trace Attempt  4	[15.12 s]
0.0.Q3: Trace Attempt  5	[15.12 s]
0.0.Q3: Restart 64, Seed ecc7e52524b4c90c, 50.0%
0.0.Q3: Trace Attempt  1	[15.36 s]
0.0.Q3: Trace Attempt  2	[15.36 s]
0.0.Q3: Trace Attempt  3	[15.36 s]
0.0.Q3: Trace Attempt  4	[15.36 s]
0.0.Q3: Trace Attempt  5	[15.36 s]
0.0.Q3: Restart 65, Seed 7f3a4f7685e82da1, 50.0%
0.0.Q3: Trace Attempt  1	[15.60 s]
0.0.Q3: Trace Attempt  2	[15.60 s]
0.0.Q3: Trace Attempt  3	[15.60 s]
0.0.Q3: Trace Attempt  4	[15.60 s]
0.0.Q3: Trace Attempt  5	[15.60 s]
0.0.Q3: Restart 66, Seed cac7e68b139bc272, 50.0%
0.0.Q3: Trace Attempt  1	[15.85 s]
0.0.Q3: Trace Attempt  2	[15.85 s]
0.0.Q3: Trace Attempt  3	[15.85 s]
0.0.Q3: Trace Attempt  4	[15.86 s]
0.0.Q3: Trace Attempt  5	[15.86 s]
0.0.Q3: Restart 67, Seed 6c2534417aac8c67, 50.0%
0.0.Q3: Trace Attempt  1	[16.10 s]
0.0.Q3: Trace Attempt  2	[16.10 s]
0.0.Q3: Trace Attempt  3	[16.10 s]
0.0.Q3: Trace Attempt  4	[16.10 s]
0.0.Q3: Trace Attempt  5	[16.10 s]
0.0.Q2: Trace Attempt 482	[16.21 s]
0.0.Q3: Restart 68, Seed 2620c8c03f9dafa1, 50.0%
0.0.Q3: Trace Attempt  1	[16.34 s]
0.0.Q3: Trace Attempt  2	[16.34 s]
0.0.Q3: Trace Attempt  3	[16.34 s]
0.0.Q3: Trace Attempt  4	[16.34 s]
0.0.Q3: Trace Attempt  5	[16.34 s]
0.0.Q3: Restart 69, Seed cc875761536784a3, 50.0%
0.0.Q3: Trace Attempt  1	[16.58 s]
0.0.Q3: Trace Attempt  2	[16.59 s]
0.0.Q3: Trace Attempt  3	[16.59 s]
0.0.Q3: Trace Attempt  4	[16.59 s]
0.0.Q3: Trace Attempt  5	[16.59 s]
0.0.Q3: Restart 70, Seed 48f311c41ec8e367, 50.0%
0.0.Q3: Trace Attempt  1	[16.83 s]
0.0.Q3: Trace Attempt  2	[16.83 s]
0.0.Q3: Trace Attempt  3	[16.83 s]
0.0.Q3: Trace Attempt  4	[16.83 s]
0.0.Q3: Trace Attempt  5	[16.83 s]
0.0.Q3: Restart 71, Seed 3ff37bc6c7cb44f0, 50.0%
0.0.Q3: Trace Attempt  1	[17.07 s]
0.0.Q3: Trace Attempt  2	[17.07 s]
0.0.Q3: Trace Attempt  3	[17.07 s]
0.0.Q3: Trace Attempt  4	[17.07 s]
0.0.Q3: Trace Attempt  5	[17.08 s]
0.0.Q3: Restart 72, Seed 11af98398cac07, 50.0%
0.0.Q3: Trace Attempt  1	[17.32 s]
0.0.Q3: Trace Attempt  2	[17.32 s]
0.0.Q3: Trace Attempt  3	[17.32 s]
0.0.Q3: Trace Attempt  4	[17.32 s]
0.0.Q3: Trace Attempt  5	[17.32 s]
0.0.Q3: Restart 73, Seed f77eaa86dece4dd3, 50.0%
0.0.Q3: Trace Attempt  1	[17.56 s]
0.0.Q3: Trace Attempt  2	[17.56 s]
0.0.Q3: Trace Attempt  3	[17.56 s]
0.0.Q3: Trace Attempt  4	[17.56 s]
0.0.Q3: Trace Attempt  5	[17.56 s]
0.0.Q3: Restart 74, Seed ce7933c220039acd, 50.0%
0.0.Q3: Trace Attempt  1	[17.81 s]
0.0.Q3: Trace Attempt  2	[17.81 s]
0.0.Q3: Trace Attempt  3	[17.81 s]
0.0.Q3: Trace Attempt  4	[17.81 s]
0.0.Q3: Trace Attempt  5	[17.82 s]
0.0.Q3: Restart 75, Seed b57164ccd1bd3736, 50.0%
0.0.Q3: Trace Attempt  1	[18.05 s]
0.0.Q3: Trace Attempt  2	[18.06 s]
0.0.Q3: Trace Attempt  3	[18.06 s]
0.0.Q3: Trace Attempt  4	[18.06 s]
0.0.Q3: Trace Attempt  5	[18.06 s]
0.0.Q3: Restart 76, Seed ce403744b386704, 50.0%
0.0.Q3: Trace Attempt  1	[18.30 s]
0.0.Q3: Trace Attempt  2	[18.30 s]
0.0.Q3: Trace Attempt  3	[18.30 s]
0.0.Q3: Trace Attempt  4	[18.30 s]
0.0.Q3: Trace Attempt  5	[18.30 s]
0.0.Q3: Restart 77, Seed a41f8595f06055d6, 50.0%
0.0.Q3: Trace Attempt  1	[18.54 s]
0.0.Q3: Trace Attempt  2	[18.54 s]
0.0.Q3: Trace Attempt  3	[18.55 s]
0.0.Q3: Trace Attempt  4	[18.55 s]
0.0.Q3: Trace Attempt  5	[18.55 s]
0.0.Q3: Restart 78, Seed 4e26bfb51199c899, 50.0%
0.0.Q3: Trace Attempt  1	[18.79 s]
0.0.Q3: Trace Attempt  2	[18.79 s]
0.0.Q3: Trace Attempt  3	[18.79 s]
0.0.Q3: Trace Attempt  4	[18.79 s]
0.0.Q3: Trace Attempt  5	[18.79 s]
0.0.Q3: Restart 79, Seed 2911a25260f1feb, 50.0%
0.0.Q3: Trace Attempt  1	[19.04 s]
0.0.Q3: Trace Attempt  2	[19.04 s]
0.0.Q3: Trace Attempt  3	[19.04 s]
0.0.Q3: Trace Attempt  4	[19.04 s]
0.0.Q3: Trace Attempt  5	[19.04 s]
0.0.Q1: Trace Attempt 45	[19.06 s]
0.0.Q3: Restart 80, Seed ac873e3b3ab09065, 50.0%
0.0.Q3: Trace Attempt  1	[19.28 s]
0.0.Q3: Trace Attempt  2	[19.28 s]
0.0.Q3: Trace Attempt  3	[19.28 s]
0.0.Q3: Trace Attempt  4	[19.29 s]
0.0.Q3: Trace Attempt  5	[19.29 s]
0.0.Q3: Restart 81, Seed 1015597892b21f8a, 50.0%
0.0.Q3: Trace Attempt  1	[19.53 s]
0.0.Q3: Trace Attempt  2	[19.53 s]
0.0.Q3: Trace Attempt  3	[19.53 s]
0.0.Q3: Trace Attempt  4	[19.53 s]
0.0.Q3: Trace Attempt  5	[19.53 s]
0.0.Q3: Restart 82, Seed 7b4563aad9a2a66e, 50.0%
0.0.Q3: Trace Attempt  1	[19.78 s]
0.0.Q3: Trace Attempt  2	[19.78 s]
0.0.Q3: Trace Attempt  3	[19.78 s]
0.0.Q3: Trace Attempt  4	[19.78 s]
0.0.Q3: Trace Attempt  5	[19.78 s]
0.0.Q3: Restart 83, Seed a15f2cf71fe754cc, 50.0%
0.0.Q3: Trace Attempt  1	[20.03 s]
0.0.Q3: Trace Attempt  2	[20.03 s]
0.0.Q3: Trace Attempt  3	[20.03 s]
0.0.Q3: Trace Attempt  4	[20.03 s]
0.0.Q3: Trace Attempt  5	[20.03 s]
0.0.Q2: Trace Attempt 584	[20.23 s]
0.0.Q3: Restart 84, Seed 22eb3a4887ac7640, 50.0%
0.0.Q3: Trace Attempt  1	[20.27 s]
0.0.Q3: Trace Attempt  2	[20.28 s]
0.0.Q3: Trace Attempt  3	[20.28 s]
0.0.Q3: Trace Attempt  4	[20.28 s]
0.0.Q3: Trace Attempt  5	[20.28 s]
0.0.Q3: Restart 85, Seed d4e6477cfdf8bb99, 50.0%
0.0.Q3: Trace Attempt  1	[20.52 s]
0.0.Q3: Trace Attempt  2	[20.52 s]
0.0.Q3: Trace Attempt  3	[20.53 s]
0.0.Q3: Trace Attempt  4	[20.53 s]
0.0.Q3: Trace Attempt  5	[20.53 s]
0.0.Q3: Restart 86, Seed 3db3695cb520481, 50.0%
0.0.Q3: Trace Attempt  1	[20.77 s]
0.0.Q3: Trace Attempt  2	[20.77 s]
0.0.Q3: Trace Attempt  3	[20.78 s]
0.0.Q3: Trace Attempt  4	[20.78 s]
0.0.Q3: Trace Attempt  5	[20.78 s]
0.0.Q3: Restart 87, Seed 25d45ed6709ae919, 50.0%
0.0.Q3: Trace Attempt  1	[21.02 s]
0.0.Q3: Trace Attempt  2	[21.02 s]
0.0.Q3: Trace Attempt  3	[21.02 s]
0.0.Q3: Trace Attempt  4	[21.02 s]
0.0.Q3: Trace Attempt  5	[21.02 s]
0.0.Q3: Restart 88, Seed eb3a770b2184749f, 50.0%
0.0.Q3: Trace Attempt  1	[21.27 s]
0.0.Q3: Trace Attempt  2	[21.27 s]
0.0.Q3: Trace Attempt  3	[21.27 s]
0.0.Q3: Trace Attempt  4	[21.27 s]
0.0.Q3: Trace Attempt  5	[21.27 s]
0.0.Q3: Restart 89, Seed 816f012001af487a, 50.0%
0.0.Q3: Trace Attempt  1	[21.51 s]
0.0.Q3: Trace Attempt  2	[21.51 s]
0.0.Q3: Trace Attempt  3	[21.51 s]
0.0.Q3: Trace Attempt  4	[21.52 s]
0.0.Q3: Trace Attempt  5	[21.52 s]
0.0.Q3: Restart 90, Seed c53bd026b4f4d116, 50.0%
0.0.Q3: Trace Attempt  1	[21.76 s]
0.0.Q3: Trace Attempt  2	[21.76 s]
0.0.Q3: Trace Attempt  3	[21.76 s]
0.0.Q3: Trace Attempt  4	[21.76 s]
0.0.Q3: Trace Attempt  5	[21.77 s]
0.0.Q3: Restart 91, Seed 8bc248a8aee9a16e, 50.0%
0.0.Q3: Trace Attempt  1	[22.01 s]
0.0.Q3: Trace Attempt  2	[22.01 s]
0.0.Q3: Trace Attempt  3	[22.01 s]
0.0.Q3: Trace Attempt  4	[22.01 s]
0.0.Q3: Trace Attempt  5	[22.01 s]
0.0.Q3: Restart 92, Seed 85705ca23e501c89, 50.0%
0.0.Q3: Trace Attempt  1	[22.26 s]
0.0.Q3: Trace Attempt  2	[22.26 s]
0.0.Q3: Trace Attempt  3	[22.26 s]
0.0.Q3: Trace Attempt  4	[22.26 s]
0.0.Q3: Trace Attempt  5	[22.26 s]
0.0.Q3: Restart 93, Seed 9bf5883ddcf0af2f, 50.0%
0.0.Q3: Trace Attempt  1	[22.50 s]
0.0.Q3: Trace Attempt  2	[22.50 s]
0.0.Q3: Trace Attempt  3	[22.51 s]
0.0.Q3: Trace Attempt  4	[22.51 s]
0.0.Q3: Trace Attempt  5	[22.51 s]
0.0.Q3: Restart 94, Seed f9bfa0339409b930, 50.0%
0.0.Q3: Trace Attempt  1	[22.75 s]
0.0.Q3: Trace Attempt  2	[22.75 s]
0.0.Q3: Trace Attempt  3	[22.75 s]
0.0.Q3: Trace Attempt  4	[22.76 s]
0.0.Q3: Trace Attempt  5	[22.76 s]
0.0.Q3: Restart 95, Seed 8bf45eb34226c020, 50.0%
0.0.Q3: Trace Attempt  1	[23.00 s]
0.0.Q3: Trace Attempt  2	[23.00 s]
0.0.Q3: Trace Attempt  3	[23.00 s]
0.0.Q3: Trace Attempt  4	[23.00 s]
0.0.Q3: Trace Attempt  5	[23.00 s]
0.0.Q3: Restart 96, Seed cdc81c645477a192, 50.0%
0.0.Q3: Trace Attempt  1	[23.25 s]
0.0.Q3: Trace Attempt  2	[23.25 s]
0.0.Q3: Trace Attempt  3	[23.25 s]
0.0.Q3: Trace Attempt  4	[23.25 s]
0.0.Q3: Trace Attempt  5	[23.25 s]
0.0.Q1: Trace Attempt 52	[23.41 s]
0.0.Q3: Restart 97, Seed c6a59677d105d10b, 50.0%
0.0.Q3: Trace Attempt  1	[23.49 s]
0.0.Q3: Trace Attempt  2	[23.49 s]
0.0.Q3: Trace Attempt  3	[23.49 s]
0.0.Q3: Trace Attempt  4	[23.49 s]
0.0.Q3: Trace Attempt  5	[23.49 s]
0.0.Q3: Restart 98, Seed ab55f31192a498a2, 50.0%
0.0.Q3: Trace Attempt  1	[23.73 s]
0.0.Q3: Trace Attempt  2	[23.73 s]
0.0.Q3: Trace Attempt  3	[23.74 s]
0.0.Q3: Trace Attempt  4	[23.74 s]
0.0.Q3: Trace Attempt  5	[23.74 s]
0.0.Q3: Restart 99, Seed ffdfa0a74bf209c2, 50.0%
0.0.Q3: Trace Attempt  1	[23.98 s]
0.0.Q3: Trace Attempt  2	[23.98 s]
0.0.Q3: Trace Attempt  3	[23.98 s]
0.0.Q3: Trace Attempt  4	[23.98 s]
0.0.Q3: Trace Attempt  5	[23.98 s]
0.0.Q2: Trace Attempt 697	[24.23 s]
0.0.Q3: Restart 100, Seed 1ce58eeedd23ace7, 50.0%
0.0.Q3: Trace Attempt  1	[24.22 s]
0.0.Q3: Trace Attempt  2	[24.23 s]
0.0.Q3: Trace Attempt  3	[24.23 s]
0.0.Q3: Trace Attempt  4	[24.23 s]
0.0.Q3: Trace Attempt  5	[24.23 s]
0.0.Q3: Restart 101, Seed 3714b34d107de346, 50.0%
0.0.Q3: Trace Attempt  1	[24.47 s]
0.0.Q3: Trace Attempt  2	[24.48 s]
0.0.Q3: Trace Attempt  3	[24.48 s]
0.0.Q3: Trace Attempt  4	[24.48 s]
0.0.Q3: Trace Attempt  5	[24.48 s]
0.0.Q3: Restart 102, Seed d516dc33474a673c, 50.0%
0.0.Q3: Trace Attempt  1	[24.72 s]
0.0.Q3: Trace Attempt  2	[24.73 s]
0.0.Q3: Trace Attempt  3	[24.73 s]
0.0.Q3: Trace Attempt  4	[24.73 s]
0.0.Q3: Trace Attempt  5	[24.73 s]
0.0.Q3: Restart 103, Seed af3d7dfb94fc8934, 50.0%
0.0.Q3: Trace Attempt  1	[24.97 s]
0.0.Q3: Trace Attempt  2	[24.97 s]
0.0.Q3: Trace Attempt  3	[24.98 s]
0.0.Q3: Trace Attempt  4	[24.98 s]
0.0.Q3: Trace Attempt  5	[24.98 s]
0.0.Q3: Restart 104, Seed 6f709b21548b4062, 50.0%
0.0.Q3: Trace Attempt  1	[25.22 s]
0.0.Q3: Trace Attempt  2	[25.23 s]
0.0.Q3: Trace Attempt  3	[25.23 s]
0.0.Q3: Trace Attempt  4	[25.23 s]
0.0.Q3: Trace Attempt  5	[25.23 s]
0.0.Q3: Restart 105, Seed ccbd4df4e08b5599, 50.0%
0.0.Q3: Trace Attempt  1	[25.47 s]
0.0.Q3: Trace Attempt  2	[25.47 s]
0.0.Q3: Trace Attempt  3	[25.48 s]
0.0.Q3: Trace Attempt  4	[25.48 s]
0.0.Q3: Trace Attempt  5	[25.48 s]
0.0.Q3: Restart 106, Seed d74b55b926e1ff84, 50.0%
0.0.Q3: Trace Attempt  1	[25.72 s]
0.0.Q3: Trace Attempt  2	[25.72 s]
0.0.Q3: Trace Attempt  3	[25.72 s]
0.0.Q3: Trace Attempt  4	[25.72 s]
0.0.Q3: Trace Attempt  5	[25.72 s]
0.0.Q3: Restart 107, Seed 1b58cb79626c10e7, 50.0%
0.0.Q3: Trace Attempt  1	[25.97 s]
0.0.Q3: Trace Attempt  2	[25.97 s]
0.0.Q3: Trace Attempt  3	[25.97 s]
0.0.Q3: Trace Attempt  4	[25.97 s]
0.0.Q3: Trace Attempt  5	[25.97 s]
0.0.Q3: Restart 108, Seed 1c2c93e108af270c, 50.0%
0.0.Q3: Trace Attempt  1	[26.22 s]
0.0.Q3: Trace Attempt  2	[26.22 s]
0.0.Q3: Trace Attempt  3	[26.22 s]
0.0.Q3: Trace Attempt  4	[26.22 s]
0.0.Q3: Trace Attempt  5	[26.23 s]
0.0.Q3: Restart 109, Seed 64ec0ffdaac9dad, 50.0%
0.0.Q3: Trace Attempt  1	[26.47 s]
0.0.Q3: Trace Attempt  2	[26.47 s]
0.0.Q3: Trace Attempt  3	[26.47 s]
0.0.Q3: Trace Attempt  4	[26.47 s]
0.0.Q3: Trace Attempt  5	[26.47 s]
0.0.Q3: Restart 110, Seed b30aaa0c18dbc88d, 50.0%
0.0.Q3: Trace Attempt  1	[26.72 s]
0.0.Q3: Trace Attempt  2	[26.72 s]
0.0.Q3: Trace Attempt  3	[26.72 s]
0.0.Q3: Trace Attempt  4	[26.72 s]
0.0.Q3: Trace Attempt  5	[26.73 s]
0.0.Q3: Restart 111, Seed 2ccba71f50c7fb1b, 50.0%
0.0.Q3: Trace Attempt  1	[26.97 s]
0.0.Q3: Trace Attempt  2	[26.97 s]
0.0.Q3: Trace Attempt  3	[26.97 s]
0.0.Q3: Trace Attempt  4	[26.97 s]
0.0.Q3: Trace Attempt  5	[26.98 s]
0.0.Q3: Restart 112, Seed 6da87316cdd3464d, 50.0%
0.0.Q3: Trace Attempt  1	[27.22 s]
0.0.Q3: Trace Attempt  2	[27.22 s]
0.0.Q3: Trace Attempt  3	[27.22 s]
0.0.Q3: Trace Attempt  4	[27.22 s]
0.0.Q3: Trace Attempt  5	[27.22 s]
0.0.Q3: Restart 113, Seed 37d7709e3acd3595, 50.0%
0.0.Q3: Trace Attempt  1	[27.47 s]
0.0.Q3: Trace Attempt  2	[27.47 s]
0.0.Q3: Trace Attempt  3	[27.47 s]
0.0.Q3: Trace Attempt  4	[27.47 s]
0.0.Q3: Trace Attempt  5	[27.47 s]
0.0.Q3: Restart 114, Seed b2ac6fa76e31dfb2, 50.0%
0.0.Q3: Trace Attempt  1	[27.72 s]
0.0.Q3: Trace Attempt  2	[27.72 s]
0.0.Q3: Trace Attempt  3	[27.72 s]
0.0.Q3: Trace Attempt  4	[27.72 s]
0.0.Q3: Trace Attempt  5	[27.72 s]
0.0.Q3: Restart 115, Seed 1b8fd2e28e96d0c0, 50.0%
0.0.Q3: Trace Attempt  1	[27.96 s]
0.0.Q3: Trace Attempt  2	[27.96 s]
0.0.Q3: Trace Attempt  3	[27.97 s]
0.0.Q3: Trace Attempt  4	[27.97 s]
0.0.Q3: Trace Attempt  5	[27.97 s]
0.0.Q3: Restart 116, Seed 114b8215a3f34709, 50.0%
0.0.Q3: Trace Attempt  1	[28.21 s]
0.0.Q2: Trace Attempt 800	[28.23 s]
0.0.Q3: Trace Attempt  2	[28.21 s]
0.0.Q3: Trace Attempt  3	[28.21 s]
0.0.Q3: Trace Attempt  4	[28.22 s]
0.0.Q3: Trace Attempt  5	[28.22 s]
0.0.Q3: Restart 117, Seed 3c6c7761c0a50f47, 50.0%
0.0.Q3: Trace Attempt  1	[28.46 s]
0.0.Q3: Trace Attempt  2	[28.46 s]
0.0.Q3: Trace Attempt  3	[28.46 s]
0.0.Q3: Trace Attempt  4	[28.47 s]
0.0.Q3: Trace Attempt  5	[28.47 s]
0.0.Q3: Restart 118, Seed e12ea9168f10a827, 50.0%
0.0.Q3: Trace Attempt  1	[28.71 s]
0.0.Q3: Trace Attempt  2	[28.71 s]
0.0.Q3: Trace Attempt  3	[28.71 s]
0.0.Q3: Trace Attempt  4	[28.71 s]
0.0.Q3: Trace Attempt  5	[28.72 s]
0.0.Q3: Restart 119, Seed 5a4c693f45e83a03, 50.0%
0.0.Q3: Trace Attempt  1	[28.96 s]
0.0.Q3: Trace Attempt  2	[28.96 s]
0.0.Q3: Trace Attempt  3	[28.96 s]
0.0.Q3: Trace Attempt  4	[28.96 s]
0.0.Q3: Trace Attempt  5	[28.96 s]
0.0.Q3: Restart 120, Seed 27d5a1a12652f2ad, 50.0%
0.0.Q3: Trace Attempt  1	[29.21 s]
0.0.Q3: Trace Attempt  2	[29.21 s]
0.0.Q3: Trace Attempt  3	[29.21 s]
0.0.Q3: Trace Attempt  4	[29.21 s]
0.0.Q3: Trace Attempt  5	[29.21 s]
0.0.Q3: Restart 121, Seed d2511aec8ad4e809, 50.0%
0.0.Q3: Trace Attempt  1	[29.46 s]
0.0.Q3: Trace Attempt  2	[29.46 s]
0.0.Q3: Trace Attempt  3	[29.46 s]
0.0.Q3: Trace Attempt  4	[29.47 s]
0.0.Q3: Trace Attempt  5	[29.47 s]
0.0.Q1: Trace Attempt 53	[29.61 s]
0.0.Q3: Restart 122, Seed 16c6f0f3d1ddbfc8, 50.0%
0.0.Q3: Trace Attempt  1	[29.71 s]
0.0.Q3: Trace Attempt  2	[29.72 s]
0.0.Q3: Trace Attempt  3	[29.72 s]
0.0.Q3: Trace Attempt  4	[29.72 s]
0.0.Q3: Trace Attempt  5	[29.72 s]
0.0.Q3: Restart 123, Seed 7c42a40afcb3c0bb, 50.0%
0.0.Q3: Trace Attempt  1	[29.96 s]
0.0.Q3: Trace Attempt  2	[29.96 s]
0.0.Q3: Trace Attempt  3	[29.97 s]
0.0.Q3: Trace Attempt  4	[29.97 s]
0.0.Q3: Trace Attempt  5	[29.97 s]
0.0.Q3: Restart 124, Seed 68de027a02c5bb58, 50.0%
0.0.Q3: Trace Attempt  1	[30.21 s]
0.0.Q3: Trace Attempt  2	[30.21 s]
0.0.Q3: Trace Attempt  3	[30.21 s]
0.0.Q3: Trace Attempt  4	[30.21 s]
0.0.Q3: Trace Attempt  5	[30.22 s]
0.0.Q3: Restart 125, Seed 99820a47e685c0ee, 50.0%
0.0.Q3: Trace Attempt  1	[30.46 s]
0.0.Q3: Trace Attempt  2	[30.46 s]
0.0.Q3: Trace Attempt  3	[30.46 s]
0.0.Q3: Trace Attempt  4	[30.46 s]
0.0.Q3: Trace Attempt  5	[30.46 s]
0.0.Q3: Restart 126, Seed 2d83a3e0565efc37, 50.0%
0.0.Q3: Trace Attempt  1	[30.71 s]
0.0.Q3: Trace Attempt  2	[30.71 s]
0.0.Q3: Trace Attempt  3	[30.71 s]
0.0.Q3: Trace Attempt  4	[30.71 s]
0.0.Q3: Trace Attempt  5	[30.71 s]
0.0.Q3: Restart 127, Seed ba7782cb33f80a2, 50.0%
0.0.Q3: Trace Attempt  1	[30.96 s]
0.0.Q3: Trace Attempt  2	[30.96 s]
0.0.Q3: Trace Attempt  3	[30.96 s]
0.0.Q3: Trace Attempt  4	[30.96 s]
0.0.Q3: Trace Attempt  5	[30.96 s]
0.0.Q3: Restart 128, Seed 4d220a43c01fa6a9, 50.0%
0.0.Q3: Trace Attempt  1	[31.21 s]
0.0.Q3: Trace Attempt  2	[31.21 s]
0.0.Q3: Trace Attempt  3	[31.21 s]
0.0.Q3: Trace Attempt  4	[31.21 s]
0.0.Q3: Trace Attempt  5	[31.21 s]
0.0.Q3: Restart 129, Seed edbdca3685b17e3d, 50.0%
0.0.Q3: Trace Attempt  1	[31.46 s]
0.0.Q3: Trace Attempt  2	[31.46 s]
0.0.Q3: Trace Attempt  3	[31.46 s]
0.0.Q3: Trace Attempt  4	[31.46 s]
0.0.Q3: Trace Attempt  5	[31.46 s]
0.0.Q3: Restart 130, Seed 9558e9561bf67f42, 50.0%
0.0.Q3: Trace Attempt  1	[31.70 s]
0.0.Q3: Trace Attempt  2	[31.71 s]
0.0.Q3: Trace Attempt  3	[31.71 s]
0.0.Q3: Trace Attempt  4	[31.71 s]
0.0.Q3: Trace Attempt  5	[31.71 s]
0.0.Q3: Restart 131, Seed 28ad7c20e1476892, 50.0%
0.0.Q3: Trace Attempt  1	[31.96 s]
0.0.Q3: Trace Attempt  2	[31.96 s]
0.0.Q3: Trace Attempt  3	[31.96 s]
0.0.Q3: Trace Attempt  4	[31.96 s]
0.0.Q3: Trace Attempt  5	[31.96 s]
0.0.Q3: Restart 132, Seed 6ef7990b9d4b32ee, 50.0%
0.0.Q3: Trace Attempt  1	[32.20 s]
0.0.Q3: Trace Attempt  2	[32.21 s]
0.0.Q3: Trace Attempt  3	[32.21 s]
0.0.Q3: Trace Attempt  4	[32.21 s]
0.0.Q3: Trace Attempt  5	[32.21 s]
0.0.Q2: Trace Attempt 903	[32.26 s]
0.0.Q3: Restart 133, Seed b57290af723ae2a8, 50.0%
0.0.Q3: Trace Attempt  1	[32.45 s]
0.0.Q3: Trace Attempt  2	[32.45 s]
0.0.Q3: Trace Attempt  3	[32.46 s]
0.0.Q3: Trace Attempt  4	[32.46 s]
0.0.Q3: Trace Attempt  5	[32.46 s]
0.0.Q3: Restart 134, Seed 4ccb125e6299a420, 50.0%
0.0.Q3: Trace Attempt  1	[32.70 s]
0.0.Q3: Trace Attempt  2	[32.70 s]
0.0.Q3: Trace Attempt  3	[32.71 s]
0.0.Q3: Trace Attempt  4	[32.71 s]
0.0.Q3: Trace Attempt  5	[32.71 s]
0.0.Q3: Restart 135, Seed 14011e24cd8bc2dd, 50.0%
0.0.Q3: Trace Attempt  1	[32.95 s]
0.0.Q3: Trace Attempt  2	[32.95 s]
0.0.Q3: Trace Attempt  3	[32.95 s]
0.0.Q3: Trace Attempt  4	[32.96 s]
0.0.Q3: Trace Attempt  5	[32.96 s]
0.0.Q3: Restart 136, Seed b5c2fa34c0b6155e, 50.0%
0.0.Q3: Trace Attempt  1	[33.20 s]
0.0.Q3: Trace Attempt  2	[33.20 s]
0.0.Q3: Trace Attempt  3	[33.20 s]
0.0.Q3: Trace Attempt  4	[33.20 s]
0.0.Q3: Trace Attempt  5	[33.21 s]
0.0.Q3: Restart 137, Seed 841a2a152981301d, 50.0%
0.0.Q3: Trace Attempt  1	[33.45 s]
0.0.Q3: Trace Attempt  2	[33.45 s]
0.0.Q3: Trace Attempt  3	[33.45 s]
0.0.Q3: Trace Attempt  4	[33.45 s]
0.0.Q3: Trace Attempt  5	[33.45 s]
0.0.Q1: Cycle 64, State Sig: a0bbd49a
0.0.Q1: Trace Attempt 65	[33.67 s]
0.0.Q3: Restart 138, Seed 25e950b90e39adb3, 50.0%
0.0.Q3: Trace Attempt  1	[33.70 s]
0.0.Q3: Trace Attempt  2	[33.70 s]
0.0.Q3: Trace Attempt  3	[33.70 s]
0.0.Q3: Trace Attempt  4	[33.70 s]
0.0.Q3: Trace Attempt  5	[33.70 s]
0.0.Q3: Restart 139, Seed a6008b3895338cde, 50.0%
0.0.Q3: Trace Attempt  1	[33.95 s]
0.0.Q3: Trace Attempt  2	[33.95 s]
0.0.Q3: Trace Attempt  3	[33.95 s]
0.0.Q3: Trace Attempt  4	[33.95 s]
0.0.Q3: Trace Attempt  5	[33.95 s]
0.0.Q3: Restart 140, Seed 2f4ceb11738530c7, 50.0%
0.0.Q3: Trace Attempt  1	[34.20 s]
0.0.Q3: Trace Attempt  2	[34.20 s]
0.0.Q3: Trace Attempt  3	[34.20 s]
0.0.Q3: Trace Attempt  4	[34.20 s]
0.0.Q3: Trace Attempt  5	[34.20 s]
0.0.Q3: Restart 141, Seed e85b91fb32f8e00d, 50.0%
0.0.Q3: Trace Attempt  1	[34.45 s]
0.0.Q3: Trace Attempt  2	[34.45 s]
0.0.Q3: Trace Attempt  3	[34.45 s]
0.0.Q3: Trace Attempt  4	[34.45 s]
0.0.Q3: Trace Attempt  5	[34.45 s]
0.0.Q3: Restart 142, Seed 277f1cf37c35523e, 50.0%
0.0.Q3: Trace Attempt  1	[34.70 s]
0.0.Q3: Trace Attempt  2	[34.70 s]
0.0.Q3: Trace Attempt  3	[34.70 s]
0.0.Q3: Trace Attempt  4	[34.70 s]
0.0.Q3: Trace Attempt  5	[34.70 s]
0.0.Q3: Restart 143, Seed 9c48cdb396953f12, 50.0%
0.0.Q3: Trace Attempt  1	[34.95 s]
0.0.Q3: Trace Attempt  2	[34.95 s]
0.0.Q3: Trace Attempt  3	[34.95 s]
0.0.Q3: Trace Attempt  4	[34.95 s]
0.0.Q3: Trace Attempt  5	[34.95 s]
0.0.Q3: Restart 144, Seed 803089b3ab0379c, 50.0%
0.0.Q3: Trace Attempt  1	[35.20 s]
0.0.Q3: Trace Attempt  2	[35.20 s]
0.0.Q3: Trace Attempt  3	[35.20 s]
0.0.Q3: Trace Attempt  4	[35.20 s]
0.0.Q3: Trace Attempt  5	[35.20 s]
0.0.Q3: Restart 145, Seed b60e000cf586f8fd, 50.0%
0.0.Q3: Trace Attempt  1	[35.45 s]
0.0.Q3: Trace Attempt  2	[35.45 s]
0.0.Q3: Trace Attempt  3	[35.45 s]
0.0.Q3: Trace Attempt  4	[35.45 s]
0.0.Q3: Trace Attempt  5	[35.45 s]
0.0.Q3: Restart 146, Seed a6dfdce3777e8e41, 50.0%
0.0.Q3: Trace Attempt  1	[35.70 s]
0.0.Q3: Trace Attempt  2	[35.70 s]
0.0.Q3: Trace Attempt  3	[35.70 s]
0.0.Q3: Trace Attempt  4	[35.70 s]
0.0.Q3: Trace Attempt  5	[35.70 s]
0.0.Q3: Restart 147, Seed c1a57732d7b39f4e, 50.0%
0.0.Q3: Trace Attempt  1	[35.95 s]
0.0.Q3: Trace Attempt  2	[35.95 s]
0.0.Q3: Trace Attempt  3	[35.95 s]
0.0.Q3: Trace Attempt  4	[35.95 s]
0.0.Q3: Trace Attempt  5	[35.95 s]
0.0.Q3: Restart 148, Seed 39a4d168f14d59b1, 50.0%
0.0.Q3: Trace Attempt  1	[36.20 s]
0.0.Q3: Trace Attempt  2	[36.20 s]
0.0.Q3: Trace Attempt  3	[36.20 s]
0.0.Q3: Trace Attempt  4	[36.20 s]
0.0.Q3: Trace Attempt  5	[36.20 s]
0.0.Q2: Trace Attempt 983	[36.30 s]
0.0.Q3: Restart 149, Seed 91133adcad9625cc, 50.0%
0.0.Q3: Trace Attempt  1	[36.45 s]
0.0.Q3: Trace Attempt  2	[36.45 s]
0.0.Q3: Trace Attempt  3	[36.45 s]
0.0.Q3: Trace Attempt  4	[36.45 s]
0.0.Q3: Trace Attempt  5	[36.45 s]
0.0.Q3: Restart 150, Seed 9906c7817aed8657, 50.0%
0.0.Q3: Trace Attempt  1	[36.70 s]
0.0.Q3: Trace Attempt  2	[36.70 s]
0.0.Q3: Trace Attempt  3	[36.70 s]
0.0.Q3: Trace Attempt  4	[36.70 s]
0.0.Q3: Trace Attempt  5	[36.70 s]
0.0.Q3: Restart 151, Seed cfed90738ce943dd, 50.0%
0.0.Q3: Trace Attempt  1	[36.95 s]
0.0.Q3: Trace Attempt  2	[36.95 s]
0.0.Q3: Trace Attempt  3	[36.95 s]
0.0.Q3: Trace Attempt  4	[36.95 s]
0.0.Q3: Trace Attempt  5	[36.95 s]
0.0.Q3: Restart 152, Seed d5e61cac88a7de11, 50.0%
0.0.Q3: Trace Attempt  1	[37.19 s]
0.0.Q3: Trace Attempt  2	[37.19 s]
0.0.Q3: Trace Attempt  3	[37.20 s]
0.0.Q3: Trace Attempt  4	[37.20 s]
0.0.Q3: Trace Attempt  5	[37.20 s]
0.0.Q3: Restart 153, Seed f38168864f17446e, 50.0%
0.0.Q3: Trace Attempt  1	[37.44 s]
0.0.Q3: Trace Attempt  2	[37.44 s]
0.0.Q3: Trace Attempt  3	[37.44 s]
0.0.Q3: Trace Attempt  4	[37.44 s]
0.0.Q3: Trace Attempt  5	[37.45 s]
0.0.Q3: Restart 154, Seed 9eff51627e664369, 50.0%
0.0.Q3: Trace Attempt  1	[37.69 s]
0.0.Q3: Trace Attempt  2	[37.69 s]
0.0.Q3: Trace Attempt  3	[37.69 s]
0.0.Q3: Trace Attempt  4	[37.69 s]
0.0.Q3: Trace Attempt  5	[37.69 s]
0.0.Q3: Restart 155, Seed deba027b8ad15b35, 50.0%
0.0.Q3: Trace Attempt  1	[37.94 s]
0.0.Q3: Trace Attempt  2	[37.94 s]
0.0.Q3: Trace Attempt  3	[37.94 s]
0.0.Q3: Trace Attempt  4	[37.94 s]
0.0.Q3: Trace Attempt  5	[37.94 s]
0.0.Q3: Restart 156, Seed e600a81a3bdb739d, 50.0%
0.0.Q3: Trace Attempt  1	[38.19 s]
0.0.Q3: Trace Attempt  2	[38.19 s]
0.0.Q3: Trace Attempt  3	[38.19 s]
0.0.Q3: Trace Attempt  4	[38.19 s]
0.0.Q3: Trace Attempt  5	[38.19 s]
0.0.Q3: Restart 157, Seed 3163a4ce15b2f57e, 50.0%
0.0.Q3: Trace Attempt  1	[38.44 s]
0.0.Q3: Trace Attempt  2	[38.44 s]
0.0.Q3: Trace Attempt  3	[38.44 s]
0.0.Q3: Trace Attempt  4	[38.44 s]
0.0.Q3: Trace Attempt  5	[38.44 s]
0.0.Q3: Restart 158, Seed ca63a77ccf16eb16, 50.0%
0.0.Q3: Trace Attempt  1	[38.68 s]
0.0.Q3: Trace Attempt  2	[38.69 s]
0.0.Q3: Trace Attempt  3	[38.69 s]
0.0.Q3: Trace Attempt  4	[38.69 s]
0.0.Q3: Trace Attempt  5	[38.69 s]
0.0.Q3: Restart 159, Seed 2e28c732be1047bb, 50.0%
0.0.Q3: Trace Attempt  1	[38.93 s]
0.0.Q3: Trace Attempt  2	[38.93 s]
0.0.Q3: Trace Attempt  3	[38.94 s]
0.0.Q3: Trace Attempt  4	[38.94 s]
0.0.Q3: Trace Attempt  5	[38.94 s]
0.0.Q3: Restart 160, Seed 39a1fe07e9e3b839, 50.0%
0.0.Q3: Trace Attempt  1	[39.18 s]
0.0.Q3: Trace Attempt  2	[39.18 s]
0.0.Q3: Trace Attempt  3	[39.18 s]
0.0.Q3: Trace Attempt  4	[39.18 s]
0.0.Q3: Trace Attempt  5	[39.19 s]
0.0.Q3: Restart 161, Seed 60d0ecc6c083589e, 50.0%
0.0.Q3: Trace Attempt  1	[39.43 s]
0.0.Q3: Trace Attempt  2	[39.43 s]
0.0.Q3: Trace Attempt  3	[39.43 s]
0.0.Q3: Trace Attempt  4	[39.43 s]
0.0.Q3: Trace Attempt  5	[39.43 s]
0.0.Q3: Restart 162, Seed 3c4e63f01c3c1398, 50.0%
0.0.Q3: Trace Attempt  1	[39.68 s]
0.0.Q3: Trace Attempt  2	[39.68 s]
0.0.Q3: Trace Attempt  3	[39.68 s]
0.0.Q3: Trace Attempt  4	[39.68 s]
0.0.Q3: Trace Attempt  5	[39.68 s]
0.0.Q3: Restart 163, Seed 73d0169a74877470, 50.0%
0.0.Q3: Trace Attempt  1	[39.93 s]
0.0.Q3: Trace Attempt  2	[39.93 s]
0.0.Q3: Trace Attempt  3	[39.93 s]
0.0.Q3: Trace Attempt  4	[39.93 s]
0.0.Q3: Trace Attempt  5	[39.93 s]
0.0.Q3: Restart 164, Seed 7c40ea92f0752a58, 50.0%
0.0.Q3: Trace Attempt  1	[40.17 s]
0.0.Q3: Trace Attempt  2	[40.18 s]
0.0.Q3: Trace Attempt  3	[40.18 s]
0.0.Q3: Trace Attempt  4	[40.18 s]
0.0.Q3: Trace Attempt  5	[40.18 s]
0.0.Q3: Restart 165, Seed 51ddc9ff5adbfcb7, 50.0%
0.0.Q3: Trace Attempt  1	[40.42 s]
0.0.Q3: Trace Attempt  2	[40.42 s]
0.0.Q3: Trace Attempt  3	[40.42 s]
0.0.Q3: Trace Attempt  4	[40.43 s]
0.0.Q3: Trace Attempt  5	[40.43 s]
0.0.Q3: Restart 166, Seed 22d4b8f628d261ed, 50.0%
0.0.Q3: Trace Attempt  1	[40.67 s]
0.0.Q3: Trace Attempt  2	[40.67 s]
0.0.Q3: Trace Attempt  3	[40.67 s]
0.0.Q3: Trace Attempt  4	[40.67 s]
0.0.Q3: Trace Attempt  5	[40.68 s]
0.0.Q3: Restart 167, Seed ff9f2c4923cbb308, 50.0%
0.0.Q3: Trace Attempt  1	[40.92 s]
0.0.Q3: Trace Attempt  2	[40.92 s]
0.0.Q3: Trace Attempt  3	[40.92 s]
0.0.Q3: Trace Attempt  4	[40.92 s]
0.0.Q3: Trace Attempt  5	[40.92 s]
0.0.Q3: Restart 168, Seed 9c38924fd14a9aa0, 50.0%
0.0.Q3: Trace Attempt  1	[41.17 s]
0.0.Q3: Trace Attempt  2	[41.17 s]
0.0.Q3: Trace Attempt  3	[41.17 s]
0.0.Q3: Trace Attempt  4	[41.17 s]
0.0.Q3: Trace Attempt  5	[41.17 s]
0.0.Q3: Restart 169, Seed 4a1fbafbd18f4c9f, 50.0%
0.0.Q3: Trace Attempt  1	[41.42 s]
0.0.Q3: Trace Attempt  2	[41.42 s]
0.0.Q3: Trace Attempt  3	[41.42 s]
0.0.Q3: Trace Attempt  4	[41.42 s]
0.0.Q3: Trace Attempt  5	[41.42 s]
0.0.Q3: Restart 170, Seed 682ddbbc805cbd00, 50.0%
0.0.Q3: Trace Attempt  1	[41.66 s]
0.0.Q3: Trace Attempt  2	[41.66 s]
0.0.Q3: Trace Attempt  3	[41.67 s]
0.0.Q3: Trace Attempt  4	[41.67 s]
0.0.Q3: Trace Attempt  5	[41.67 s]
0.0.Q3: Restart 171, Seed be67795cce14a78a, 50.0%
0.0.Q3: Trace Attempt  1	[41.91 s]
0.0.Q3: Trace Attempt  2	[41.91 s]
0.0.Q3: Trace Attempt  3	[41.91 s]
0.0.Q3: Trace Attempt  4	[41.92 s]
0.0.Q3: Trace Attempt  5	[41.92 s]
0.0.Q3: Restart 172, Seed 783e27b3b4684679, 50.0%
0.0.Q3: Trace Attempt  1	[42.16 s]
0.0.Q3: Trace Attempt  2	[42.16 s]
0.0.Q3: Trace Attempt  3	[42.16 s]
0.0.Q3: Trace Attempt  4	[42.17 s]
0.0.Q3: Trace Attempt  5	[42.17 s]
0.0.Q3: Restart 173, Seed 61272dcc201b3861, 50.0%
0.0.Q3: Trace Attempt  1	[42.41 s]
0.0.Q3: Trace Attempt  2	[42.41 s]
0.0.Q3: Trace Attempt  3	[42.41 s]
0.0.Q3: Trace Attempt  4	[42.41 s]
0.0.Q3: Trace Attempt  5	[42.42 s]
0.0.Q3: Restart 174, Seed 7431e352527b6921, 50.0%
0.0.Q3: Trace Attempt  1	[42.66 s]
0.0.Q3: Trace Attempt  2	[42.66 s]
0.0.Q3: Trace Attempt  3	[42.66 s]
0.0.Q3: Trace Attempt  4	[42.66 s]
0.0.Q3: Trace Attempt  5	[42.67 s]
0.0.Q3: Restart 175, Seed cee5bb5d7f8183fb, 50.0%
0.0.Q3: Trace Attempt  1	[42.91 s]
0.0.Q3: Trace Attempt  2	[42.91 s]
0.0.Q3: Trace Attempt  3	[42.92 s]
0.0.Q3: Trace Attempt  4	[42.92 s]
0.0.Q3: Trace Attempt  5	[42.92 s]
0.0.Q3: Restart 176, Seed 4720b67cae20afa0, 50.0%
0.0.Q3: Trace Attempt  1	[43.17 s]
0.0.Q3: Trace Attempt  2	[43.17 s]
0.0.Q3: Trace Attempt  3	[43.17 s]
0.0.Q3: Trace Attempt  4	[43.17 s]
0.0.Q3: Trace Attempt  5	[43.17 s]
0.0.Q3: Restart 177, Seed 3f7b9aa8f702398c, 50.0%
0.0.Q3: Trace Attempt  1	[43.42 s]
0.0.Q3: Trace Attempt  2	[43.42 s]
0.0.Q3: Trace Attempt  3	[43.42 s]
0.0.Q3: Trace Attempt  4	[43.42 s]
0.0.Q3: Trace Attempt  5	[43.42 s]
0.0.Q3: Restart 178, Seed 1b53e2c9e4123414, 50.0%
0.0.Q3: Trace Attempt  1	[43.67 s]
0.0.Q3: Trace Attempt  2	[43.67 s]
0.0.Q3: Trace Attempt  3	[43.67 s]
0.0.Q3: Trace Attempt  4	[43.67 s]
0.0.Q3: Trace Attempt  5	[43.67 s]
0.0.Q3: Restart 179, Seed ef83e4c451a8244b, 50.0%
0.0.Q3: Trace Attempt  1	[43.92 s]
0.0.Q3: Trace Attempt  2	[43.92 s]
0.0.Q3: Trace Attempt  3	[43.92 s]
0.0.Q3: Trace Attempt  4	[43.92 s]
0.0.Q3: Trace Attempt  5	[43.92 s]
0.0.Q3: Restart 180, Seed a8de1e5255c8ffaa, 50.0%
0.0.Q3: Trace Attempt  1	[44.18 s]
0.0.Q3: Trace Attempt  2	[44.18 s]
0.0.Q3: Trace Attempt  3	[44.18 s]
0.0.Q3: Trace Attempt  4	[44.18 s]
0.0.Q3: Trace Attempt  5	[44.19 s]
0.0.Q3: Restart 181, Seed e2be7d56bfa3ba9, 50.0%
0.0.Q3: Trace Attempt  1	[44.45 s]
0.0.Q3: Trace Attempt  2	[44.45 s]
0.0.Q3: Trace Attempt  3	[44.45 s]
0.0.Q3: Trace Attempt  4	[44.45 s]
0.0.Q3: Trace Attempt  5	[44.45 s]
0.0.Q3: Restart 182, Seed e004a747fa10df74, 50.0%
0.0.Q3: Trace Attempt  1	[44.71 s]
0.0.Q3: Trace Attempt  2	[44.72 s]
0.0.Q3: Trace Attempt  3	[44.72 s]
0.0.Q3: Trace Attempt  4	[44.72 s]
0.0.Q3: Trace Attempt  5	[44.72 s]
0.0.Q3: Restart 183, Seed 218926715bfa237f, 50.0%
0.0.Q3: Trace Attempt  1	[44.98 s]
0.0.Q3: Trace Attempt  2	[44.98 s]
0.0.Q3: Trace Attempt  3	[44.98 s]
0.0.Q3: Trace Attempt  4	[44.98 s]
0.0.Q3: Trace Attempt  5	[44.99 s]
0.0.Q3: Restart 184, Seed 8667ee128ecfa80c, 50.0%
0.0.Q3: Trace Attempt  1	[45.24 s]
0.0.Q3: Trace Attempt  2	[45.25 s]
0.0.Q3: Trace Attempt  3	[45.25 s]
0.0.Q3: Trace Attempt  4	[45.25 s]
0.0.Q3: Trace Attempt  5	[45.25 s]
0.0.Q3: Restart 185, Seed 32cea314da1ecde6, 50.0%
0.0.Q3: Trace Attempt  1	[45.51 s]
0.0.Q3: Trace Attempt  2	[45.51 s]
0.0.Q3: Trace Attempt  3	[45.51 s]
0.0.Q3: Trace Attempt  4	[45.51 s]
0.0.Q3: Trace Attempt  5	[45.51 s]
0.0.Q3: Restart 186, Seed b0cdab3420391e19, 50.0%
0.0.Q3: Trace Attempt  1	[45.77 s]
0.0.Q3: Trace Attempt  2	[45.77 s]
0.0.Q3: Trace Attempt  3	[45.77 s]
0.0.Q3: Trace Attempt  4	[45.77 s]
0.0.Q3: Trace Attempt  5	[45.77 s]
0.0.Q1: Trace Attempt 69	[46.03 s]
0.0.Q3: Restart 187, Seed f8f81e189e54cae2, 50.0%
0.0.Q3: Trace Attempt  1	[46.03 s]
0.0.Q3: Trace Attempt  2	[46.03 s]
0.0.Q3: Trace Attempt  3	[46.03 s]
0.0.Q3: Trace Attempt  4	[46.04 s]
0.0.Q3: Trace Attempt  5	[46.04 s]
0.0.Q3: Restart 188, Seed 63939694662fcaf7, 50.0%
0.0.Q3: Trace Attempt  1	[46.30 s]
0.0.Q3: Trace Attempt  2	[46.30 s]
0.0.Q3: Trace Attempt  3	[46.30 s]
0.0.Q3: Trace Attempt  4	[46.30 s]
0.0.Q3: Trace Attempt  5	[46.30 s]
0.0.Q3: Restart 189, Seed fd6791fdf0028598, 50.0%
0.0.Q3: Trace Attempt  1	[46.55 s]
0.0.Q3: Trace Attempt  2	[46.55 s]
0.0.Q3: Trace Attempt  3	[46.55 s]
0.0.Q3: Trace Attempt  4	[46.55 s]
0.0.Q3: Trace Attempt  5	[46.55 s]
0.0.Q3: Restart 190, Seed 6d6e24d20667a669, 50.0%
0.0.Q3: Trace Attempt  1	[46.80 s]
0.0.Q3: Trace Attempt  2	[46.80 s]
0.0.Q3: Trace Attempt  3	[46.80 s]
0.0.Q3: Trace Attempt  4	[46.80 s]
0.0.Q3: Trace Attempt  5	[46.81 s]
0.0.Q3: Restart 191, Seed c0daa913eafd61aa, 50.0%
0.0.Q3: Trace Attempt  1	[47.06 s]
0.0.Q3: Trace Attempt  2	[47.06 s]
0.0.Q3: Trace Attempt  3	[47.06 s]
0.0.Q3: Trace Attempt  4	[47.06 s]
0.0.Q3: Trace Attempt  5	[47.06 s]
0.0.Q3: Restart 192, Seed b65df1f6f4f1cb78, 50.0%
0.0.Q3: Trace Attempt  1	[47.31 s]
0.0.Q3: Trace Attempt  2	[47.31 s]
0.0.Q3: Trace Attempt  3	[47.31 s]
0.0.Q3: Trace Attempt  4	[47.31 s]
0.0.Q3: Trace Attempt  5	[47.31 s]
0.0.Q3: Restart 193, Seed 7b0633594f4e558e, 50.0%
0.0.Q3: Trace Attempt  1	[47.56 s]
0.0.Q3: Trace Attempt  2	[47.57 s]
0.0.Q3: Trace Attempt  3	[47.57 s]
0.0.Q3: Trace Attempt  4	[47.57 s]
0.0.Q3: Trace Attempt  5	[47.57 s]
0.0.Q3: Restart 194, Seed 26cb1ebcab5eaa2a, 50.0%
0.0.Q3: Trace Attempt  1	[47.82 s]
0.0.Q3: Trace Attempt  2	[47.82 s]
0.0.Q3: Trace Attempt  3	[47.82 s]
0.0.Q3: Trace Attempt  4	[47.82 s]
0.0.Q3: Trace Attempt  5	[47.83 s]
0.0.Q3: Restart 195, Seed 9a011e6e1d948dba, 50.0%
0.0.Q3: Trace Attempt  1	[48.08 s]
0.0.Q3: Trace Attempt  2	[48.08 s]
0.0.Q3: Trace Attempt  3	[48.08 s]
0.0.Q3: Trace Attempt  4	[48.08 s]
0.0.Q3: Trace Attempt  5	[48.08 s]
0.0.Q3: Restart 196, Seed d256466fb6314cd8, 50.0%
0.0.Q3: Trace Attempt  1	[48.33 s]
0.0.Q3: Trace Attempt  2	[48.33 s]
0.0.Q3: Trace Attempt  3	[48.33 s]
0.0.Q3: Trace Attempt  4	[48.33 s]
0.0.Q3: Trace Attempt  5	[48.33 s]
0.0.Q3: Restart 197, Seed 59afe02251ff1429, 50.0%
0.0.Q3: Trace Attempt  1	[48.58 s]
0.0.Q3: Trace Attempt  2	[48.58 s]
0.0.Q3: Trace Attempt  3	[48.58 s]
0.0.Q3: Trace Attempt  4	[48.58 s]
0.0.Q3: Trace Attempt  5	[48.58 s]
0.0.Q3: Restart 198, Seed d4cb204d994fb5e2, 50.0%
0.0.Q3: Trace Attempt  1	[48.83 s]
0.0.Q3: Trace Attempt  2	[48.83 s]
0.0.Q3: Trace Attempt  3	[48.83 s]
0.0.Q3: Trace Attempt  4	[48.83 s]
0.0.Q3: Trace Attempt  5	[48.84 s]
0.0.Q3: Restart 199, Seed c0b55c780f56b83c, 50.0%
0.0.Q3: Trace Attempt  1	[49.08 s]
0.0.Q3: Trace Attempt  2	[49.08 s]
0.0.Q3: Trace Attempt  3	[49.08 s]
0.0.Q3: Trace Attempt  4	[49.09 s]
0.0.Q3: Trace Attempt  5	[49.09 s]
0.0.Q3: Restart 200, Seed c85b53fbdbf2cffb, 50.0%
0.0.Q3: Trace Attempt  1	[49.34 s]
0.0.Q3: Trace Attempt  2	[49.34 s]
0.0.Q3: Trace Attempt  3	[49.34 s]
0.0.Q3: Trace Attempt  4	[49.34 s]
0.0.Q3: Trace Attempt  5	[49.34 s]
0.0.Q3: Restart 201, Seed 9d7dac8c9f2d460c, 50.0%
0.0.Q3: Trace Attempt  1	[49.59 s]
0.0.Q3: Trace Attempt  2	[49.59 s]
0.0.Q3: Trace Attempt  3	[49.59 s]
0.0.Q3: Trace Attempt  4	[49.59 s]
0.0.Q3: Trace Attempt  5	[49.59 s]
0.0.Q3: Restart 202, Seed 80e387962ea3d71f, 50.0%
0.0.Q3: Trace Attempt  1	[49.84 s]
0.0.Q3: Trace Attempt  2	[49.84 s]
0.0.Q3: Trace Attempt  3	[49.85 s]
0.0.Q3: Trace Attempt  4	[49.85 s]
0.0.Q3: Trace Attempt  5	[49.85 s]
0.0.Q3: Restart 203, Seed daeb28ba27765bc6, 50.0%
0.0.Q3: Trace Attempt  1	[50.10 s]
0.0.Q3: Trace Attempt  2	[50.10 s]
0.0.Q3: Trace Attempt  3	[50.10 s]
0.0.Q3: Trace Attempt  4	[50.10 s]
0.0.Q3: Trace Attempt  5	[50.10 s]
0.0.Q3: Restart 204, Seed f32b7296edd34715, 50.0%
0.0.Q3: Trace Attempt  1	[50.35 s]
0.0.Q3: Trace Attempt  2	[50.35 s]
0.0.Q3: Trace Attempt  3	[50.35 s]
0.0.Q3: Trace Attempt  4	[50.36 s]
0.0.Q3: Trace Attempt  5	[50.36 s]
0.0.Q3: Restart 205, Seed 316a076bf3c30216, 50.0%
0.0.Q3: Trace Attempt  1	[50.61 s]
0.0.Q3: Trace Attempt  2	[50.61 s]
0.0.Q3: Trace Attempt  3	[50.61 s]
0.0.Q3: Trace Attempt  4	[50.61 s]
0.0.Q3: Trace Attempt  5	[50.61 s]
0.0.Q3: Restart 206, Seed 13d287f18036f531, 50.0%
0.0.Q3: Trace Attempt  1	[50.86 s]
0.0.Q3: Trace Attempt  2	[50.86 s]
0.0.Q3: Trace Attempt  3	[50.87 s]
0.0.Q3: Trace Attempt  4	[50.87 s]
0.0.Q3: Trace Attempt  5	[50.87 s]
0.0.Q3: Restart 207, Seed 97abfdbe753b63a, 50.0%
0.0.Q3: Trace Attempt  1	[51.12 s]
0.0.Q3: Trace Attempt  2	[51.12 s]
0.0.Q3: Trace Attempt  3	[51.12 s]
0.0.Q3: Trace Attempt  4	[51.12 s]
0.0.Q3: Trace Attempt  5	[51.12 s]
0.0.Q3: Restart 208, Seed 6251cc6210addf85, 50.0%
0.0.Q3: Trace Attempt  1	[51.37 s]
0.0.Q3: Trace Attempt  2	[51.37 s]
0.0.Q3: Trace Attempt  3	[51.37 s]
0.0.Q3: Trace Attempt  4	[51.37 s]
0.0.Q3: Trace Attempt  5	[51.37 s]
0.0.Q3: Restart 209, Seed ba61aa9274451f5c, 50.0%
0.0.Q3: Trace Attempt  1	[51.62 s]
0.0.Q3: Trace Attempt  2	[51.62 s]
0.0.Q3: Trace Attempt  3	[51.62 s]
0.0.Q3: Trace Attempt  4	[51.62 s]
0.0.Q3: Trace Attempt  5	[51.62 s]
0.0.Q3: Restart 210, Seed 6cf5b229879fcf72, 50.0%
0.0.Q3: Trace Attempt  1	[51.88 s]
0.0.Q3: Trace Attempt  2	[51.88 s]
0.0.Q3: Trace Attempt  3	[51.88 s]
0.0.Q3: Trace Attempt  4	[51.88 s]
0.0.Q3: Trace Attempt  5	[51.88 s]
0.0.Q3: Restart 211, Seed bfa9d2ca0ed4aeda, 50.0%
0.0.Q3: Trace Attempt  1	[52.13 s]
0.0.Q3: Trace Attempt  2	[52.13 s]
0.0.Q3: Trace Attempt  3	[52.13 s]
0.0.Q3: Trace Attempt  4	[52.13 s]
0.0.Q3: Trace Attempt  5	[52.14 s]
0.0.Q3: Restart 212, Seed 12346627cd77686e, 50.0%
0.0.Q3: Trace Attempt  1	[52.39 s]
0.0.Q3: Trace Attempt  2	[52.39 s]
0.0.Q3: Trace Attempt  3	[52.39 s]
0.0.Q3: Trace Attempt  4	[52.39 s]
0.0.Q3: Trace Attempt  5	[52.39 s]
0.0.Q3: Restart 213, Seed 73592d372b96d70d, 50.0%
0.0.Q3: Trace Attempt  1	[52.64 s]
0.0.Q3: Trace Attempt  2	[52.65 s]
0.0.Q3: Trace Attempt  3	[52.65 s]
0.0.Q3: Trace Attempt  4	[52.65 s]
0.0.Q3: Trace Attempt  5	[52.65 s]
0.0.Q3: Restart 214, Seed 86f09e8db7193410, 50.0%
0.0.Q3: Trace Attempt  1	[52.90 s]
0.0.Q3: Trace Attempt  2	[52.90 s]
0.0.Q3: Trace Attempt  3	[52.90 s]
0.0.Q3: Trace Attempt  4	[52.90 s]
0.0.Q3: Trace Attempt  5	[52.90 s]
0.0.Q3: Restart 215, Seed 5dae3ff690506838, 50.0%
0.0.Q3: Trace Attempt  1	[53.15 s]
0.0.Q3: Trace Attempt  2	[53.15 s]
0.0.Q3: Trace Attempt  3	[53.16 s]
0.0.Q3: Trace Attempt  4	[53.16 s]
0.0.Q3: Trace Attempt  5	[53.16 s]
0.0.Q3: Restart 216, Seed e5c627fb6f4a9bc9, 50.0%
0.0.Q3: Trace Attempt  1	[53.41 s]
0.0.Q3: Trace Attempt  2	[53.41 s]
0.0.Q3: Trace Attempt  3	[53.41 s]
0.0.Q3: Trace Attempt  4	[53.41 s]
0.0.Q3: Trace Attempt  5	[53.41 s]
0.0.Q3: Restart 217, Seed f9250aecf1c7004a, 50.0%
0.0.Q3: Trace Attempt  1	[53.66 s]
0.0.Q3: Trace Attempt  2	[53.66 s]
0.0.Q3: Trace Attempt  3	[53.66 s]
0.0.Q3: Trace Attempt  4	[53.66 s]
0.0.Q3: Trace Attempt  5	[53.67 s]
0.0.Q3: Restart 218, Seed 6dde03bb5797ea2, 50.0%
0.0.Q3: Trace Attempt  1	[53.91 s]
0.0.Q3: Trace Attempt  2	[53.92 s]
0.0.Q3: Trace Attempt  3	[53.92 s]
0.0.Q3: Trace Attempt  4	[53.92 s]
0.0.Q3: Trace Attempt  5	[53.92 s]
0.0.Q3: Restart 219, Seed 5d159cdbf8284c75, 50.0%
0.0.Q3: Trace Attempt  1	[54.17 s]
0.0.Q3: Trace Attempt  2	[54.17 s]
0.0.Q3: Trace Attempt  3	[54.17 s]
0.0.Q3: Trace Attempt  4	[54.17 s]
0.0.Q3: Trace Attempt  5	[54.17 s]
0.0.Q3: Restart 220, Seed 80724cd6c1dc9969, 50.0%
0.0.Q3: Trace Attempt  1	[54.42 s]
0.0.Q3: Trace Attempt  2	[54.42 s]
0.0.Q3: Trace Attempt  3	[54.42 s]
0.0.Q3: Trace Attempt  4	[54.42 s]
0.0.Q3: Trace Attempt  5	[54.42 s]
0.0.Q3: Restart 221, Seed 2f8f9153177a037e, 50.0%
0.0.Q3: Trace Attempt  1	[54.67 s]
0.0.Q3: Trace Attempt  2	[54.67 s]
0.0.Q3: Trace Attempt  3	[54.67 s]
0.0.Q3: Trace Attempt  4	[54.67 s]
0.0.Q3: Trace Attempt  5	[54.67 s]
0.0.Q3: Restart 222, Seed 18c3d9b1fd8fc709, 50.0%
0.0.Q3: Trace Attempt  1	[54.91 s]
0.0.Q3: Trace Attempt  2	[54.92 s]
0.0.Q3: Trace Attempt  3	[54.92 s]
0.0.Q3: Trace Attempt  4	[54.92 s]
0.0.Q3: Trace Attempt  5	[54.92 s]
0.0.Q3: Restart 223, Seed a24c4838cb341430, 50.0%
0.0.Q3: Trace Attempt  1	[55.16 s]
0.0.Q3: Trace Attempt  2	[55.16 s]
0.0.Q3: Trace Attempt  3	[55.16 s]
0.0.Q3: Trace Attempt  4	[55.17 s]
0.0.Q3: Trace Attempt  5	[55.17 s]
0.0.Q3: Restart 224, Seed 5d54fee1dbaa14de, 50.0%
0.0.Q3: Trace Attempt  1	[55.41 s]
0.0.Q3: Trace Attempt  2	[55.41 s]
0.0.Q3: Trace Attempt  3	[55.41 s]
0.0.Q3: Trace Attempt  4	[55.41 s]
0.0.Q3: Trace Attempt  5	[55.41 s]
0.0.Q3: Restart 225, Seed a5d7f1fcc93afc8e, 50.0%
0.0.Q3: Trace Attempt  1	[55.66 s]
0.0.Q3: Trace Attempt  2	[55.66 s]
0.0.Q3: Trace Attempt  3	[55.66 s]
0.0.Q3: Trace Attempt  4	[55.66 s]
0.0.Q3: Trace Attempt  5	[55.66 s]
0.0.Q3: Restart 226, Seed a0f2daa5430526bc, 50.0%
0.0.Q3: Trace Attempt  1	[55.91 s]
0.0.Q3: Trace Attempt  2	[55.91 s]
0.0.Q3: Trace Attempt  3	[55.91 s]
0.0.Q3: Trace Attempt  4	[55.91 s]
0.0.Q3: Trace Attempt  5	[55.91 s]
0.0.Q3: Restart 227, Seed b641ec5dcd976731, 50.0%
0.0.Q3: Trace Attempt  1	[56.15 s]
0.0.Q3: Trace Attempt  2	[56.16 s]
0.0.Q3: Trace Attempt  3	[56.16 s]
0.0.Q3: Trace Attempt  4	[56.16 s]
0.0.Q3: Trace Attempt  5	[56.16 s]
0.0.Q3: Restart 228, Seed e47d468f51426a31, 50.0%
0.0.Q3: Trace Attempt  1	[56.40 s]
0.0.Q3: Trace Attempt  2	[56.40 s]
0.0.Q3: Trace Attempt  3	[56.41 s]
0.0.Q3: Trace Attempt  4	[56.41 s]
0.0.Q3: Trace Attempt  5	[56.41 s]
0.0.Q3: Restart 229, Seed 70b51cd96e45b49e, 50.0%
0.0.Q3: Trace Attempt  1	[56.65 s]
0.0.Q3: Trace Attempt  2	[56.65 s]
0.0.Q3: Trace Attempt  3	[56.65 s]
0.0.Q3: Trace Attempt  4	[56.65 s]
0.0.Q3: Trace Attempt  5	[56.66 s]
0.0.Q3: Restart 230, Seed c5bf7b4316f251f0, 50.0%
0.0.Q3: Trace Attempt  1	[56.90 s]
0.0.Q3: Trace Attempt  2	[56.90 s]
0.0.Q3: Trace Attempt  3	[56.90 s]
0.0.Q3: Trace Attempt  4	[56.90 s]
0.0.Q3: Trace Attempt  5	[56.90 s]
0.0.Q3: Restart 231, Seed 997a3e722d37662e, 50.0%
0.0.Q3: Trace Attempt  1	[57.15 s]
0.0.Q3: Trace Attempt  2	[57.15 s]
0.0.Q3: Trace Attempt  3	[57.15 s]
0.0.Q3: Trace Attempt  4	[57.15 s]
0.0.Q3: Trace Attempt  5	[57.15 s]
0.0.Q3: Restart 232, Seed 48bed72af33eda2c, 50.0%
0.0.Q3: Trace Attempt  1	[57.40 s]
0.0.Q3: Trace Attempt  2	[57.40 s]
0.0.Q3: Trace Attempt  3	[57.40 s]
0.0.Q3: Trace Attempt  4	[57.40 s]
0.0.Q3: Trace Attempt  5	[57.40 s]
0.0.Q3: Restart 233, Seed 7869fa52c88b5889, 50.0%
0.0.Q3: Trace Attempt  1	[57.65 s]
0.0.Q3: Trace Attempt  2	[57.65 s]
0.0.Q3: Trace Attempt  3	[57.65 s]
0.0.Q3: Trace Attempt  4	[57.65 s]
0.0.Q3: Trace Attempt  5	[57.65 s]
0.0.Q3: Restart 234, Seed 86ff46177bd15438, 50.0%
0.0.Q3: Trace Attempt  1	[57.89 s]
0.0.Q3: Trace Attempt  2	[57.90 s]
0.0.Q3: Trace Attempt  3	[57.90 s]
0.0.Q3: Trace Attempt  4	[57.90 s]
0.0.Q3: Trace Attempt  5	[57.90 s]
0.0.Q3: Restart 235, Seed af75c53dc5cb2312, 50.0%
0.0.Q3: Trace Attempt  1	[58.14 s]
0.0.Q3: Trace Attempt  2	[58.14 s]
0.0.Q3: Trace Attempt  3	[58.14 s]
0.0.Q3: Trace Attempt  4	[58.15 s]
0.0.Q3: Trace Attempt  5	[58.15 s]
0.0.Q3: Restart 236, Seed ab665145d4f879fd, 50.0%
0.0.Q3: Trace Attempt  1	[58.39 s]
0.0.Q3: Trace Attempt  2	[58.39 s]
0.0.Q3: Trace Attempt  3	[58.39 s]
0.0.Q3: Trace Attempt  4	[58.39 s]
0.0.Q3: Trace Attempt  5	[58.39 s]
0.0.Q3: Restart 237, Seed dfdc6c70b04c3614, 50.0%
0.0.Q3: Trace Attempt  1	[58.64 s]
0.0.Q3: Trace Attempt  2	[58.64 s]
0.0.Q3: Trace Attempt  3	[58.64 s]
0.0.Q3: Trace Attempt  4	[58.64 s]
0.0.Q3: Trace Attempt  5	[58.64 s]
0.0.Q3: Restart 238, Seed 72c5af5d8f8cb819, 50.0%
0.0.Q3: Trace Attempt  1	[58.88 s]
0.0.Q3: Trace Attempt  2	[58.89 s]
0.0.Q3: Trace Attempt  3	[58.89 s]
0.0.Q3: Trace Attempt  4	[58.89 s]
0.0.Q3: Trace Attempt  5	[58.89 s]
0.0.Q3: Restart 239, Seed 8b91ee0aa07faa54, 50.0%
0.0.Q3: Trace Attempt  1	[59.13 s]
0.0.Q3: Trace Attempt  2	[59.13 s]
0.0.Q3: Trace Attempt  3	[59.14 s]
0.0.Q3: Trace Attempt  4	[59.14 s]
0.0.Q3: Trace Attempt  5	[59.14 s]
0.0.Q3: Restart 240, Seed eb7d83f5bc04ad14, 50.0%
0.0.Q3: Trace Attempt  1	[59.38 s]
0.0.Q3: Trace Attempt  2	[59.38 s]
0.0.Q3: Trace Attempt  3	[59.38 s]
0.0.Q3: Trace Attempt  4	[59.38 s]
0.0.Q3: Trace Attempt  5	[59.38 s]
0.0.Q3: Restart 241, Seed 4d7c570b2b973701, 50.0%
0.0.Q3: Trace Attempt  1	[59.63 s]
0.0.Q3: Trace Attempt  2	[59.63 s]
0.0.Q3: Trace Attempt  3	[59.63 s]
0.0.Q3: Trace Attempt  4	[59.63 s]
0.0.Q3: Trace Attempt  5	[59.63 s]
0.0.Q3: Restart 242, Seed be4340f68c07f44e, 50.0%
0.0.Q3: Trace Attempt  1	[59.88 s]
0.0.Q3: Trace Attempt  2	[59.88 s]
0.0.Q3: Trace Attempt  3	[59.88 s]
0.0.Q3: Trace Attempt  4	[59.88 s]
0.0.Q3: Trace Attempt  5	[59.88 s]
0.0.Q3: Restart 243, Seed 7cd657b8a47ae4e8, 50.0%
0.0.Q3: Trace Attempt  1	[60.12 s]
0.0.Q3: Trace Attempt  2	[60.12 s]
0.0.Q3: Trace Attempt  3	[60.13 s]
0.0.Q3: Trace Attempt  4	[60.13 s]
0.0.Q3: Trace Attempt  5	[60.13 s]
0.0.Q3: Restart 244, Seed c2a3692c801ea4c9, 50.0%
0.0.Q3: Trace Attempt  1	[60.37 s]
0.0.Q3: Trace Attempt  2	[60.37 s]
0.0.Q3: Trace Attempt  3	[60.38 s]
0.0.Q3: Trace Attempt  4	[60.38 s]
0.0.Q3: Trace Attempt  5	[60.38 s]
0.0.Q3: Restart 245, Seed ed60778e450af1cf, 50.0%
0.0.Q3: Trace Attempt  1	[60.62 s]
0.0.Q3: Trace Attempt  2	[60.62 s]
0.0.Q3: Trace Attempt  3	[60.62 s]
0.0.Q3: Trace Attempt  4	[60.62 s]
0.0.Q3: Trace Attempt  5	[60.63 s]
0.0.Q3: Restart 246, Seed 74402fa2a6dcd671, 50.0%
0.0.Q3: Trace Attempt  1	[60.87 s]
0.0.Q3: Trace Attempt  2	[60.87 s]
0.0.Q3: Trace Attempt  3	[60.87 s]
0.0.Q3: Trace Attempt  4	[60.87 s]
0.0.Q3: Trace Attempt  5	[60.87 s]
0.0.Q3: Restart 247, Seed 20125d9f505acf77, 50.0%
0.0.Q3: Trace Attempt  1	[61.12 s]
0.0.Q3: Trace Attempt  2	[61.12 s]
0.0.Q3: Trace Attempt  3	[61.12 s]
0.0.Q3: Trace Attempt  4	[61.12 s]
0.0.Q3: Trace Attempt  5	[61.12 s]
0.0.Q3: Restart 248, Seed c459afedf529af3c, 50.0%
0.0.Q3: Trace Attempt  1	[61.37 s]
0.0.Q3: Trace Attempt  2	[61.37 s]
0.0.Q3: Trace Attempt  3	[61.37 s]
0.0.Q3: Trace Attempt  4	[61.37 s]
0.0.Q3: Trace Attempt  5	[61.37 s]
0.0.Q3: Restart 249, Seed 305aa39eb882996c, 50.0%
0.0.Q3: Trace Attempt  1	[61.61 s]
0.0.Q3: Trace Attempt  2	[61.62 s]
0.0.Q3: Trace Attempt  3	[61.62 s]
0.0.Q3: Trace Attempt  4	[61.62 s]
0.0.Q3: Trace Attempt  5	[61.62 s]
0.0.Q3: Restart 250, Seed 123054bf25a3bd6a, 50.0%
0.0.Q3: Trace Attempt  1	[61.86 s]
0.0.Q3: Trace Attempt  2	[61.86 s]
0.0.Q3: Trace Attempt  3	[61.86 s]
0.0.Q3: Trace Attempt  4	[61.87 s]
0.0.Q3: Trace Attempt  5	[61.87 s]
0.0.Q2: Trace Attempt 1027	[61.92 s]
0.0.Q1: Trace Attempt 79	[61.93 s]
0.0.Q3: Restart 251, Seed 335c9a9a667661dc, 50.0%
0.0.Q3: Trace Attempt  1	[62.11 s]
0.0.Q3: Trace Attempt  2	[62.11 s]
0.0.Q3: Trace Attempt  3	[62.11 s]
0.0.Q3: Trace Attempt  4	[62.11 s]
0.0.Q3: Trace Attempt  5	[62.11 s]
0.0.Q3: Restart 252, Seed 9995a42b73c4f19b, 50.0%
0.0.Q3: Trace Attempt  1	[62.36 s]
0.0.Q3: Trace Attempt  2	[62.36 s]
0.0.Q3: Trace Attempt  3	[62.36 s]
0.0.Q3: Trace Attempt  4	[62.36 s]
0.0.Q3: Trace Attempt  5	[62.36 s]
0.0.Q3: Restart 253, Seed 66dab7eec9560d95, 50.0%
0.0.Q3: Trace Attempt  1	[62.61 s]
0.0.Q3: Trace Attempt  2	[62.61 s]
0.0.Q3: Trace Attempt  3	[62.61 s]
0.0.Q3: Trace Attempt  4	[62.61 s]
0.0.Q3: Trace Attempt  5	[62.61 s]
0.0.Q3: Restart 254, Seed cfd195a5316d4156, 50.0%
0.0.Q3: Trace Attempt  1	[62.85 s]
0.0.Q3: Trace Attempt  2	[62.86 s]
0.0.Q3: Trace Attempt  3	[62.86 s]
0.0.Q3: Trace Attempt  4	[62.86 s]
0.0.Q3: Trace Attempt  5	[62.86 s]
0.0.Q3: Restart 255, Seed ae159303acf5857c, 50.0%
0.0.Q3: Trace Attempt  1	[63.10 s]
0.0.Q3: Trace Attempt  2	[63.10 s]
0.0.Q3: Trace Attempt  3	[63.10 s]
0.0.Q3: Trace Attempt  4	[63.11 s]
0.0.Q3: Trace Attempt  5	[63.11 s]
0.0.Q3: Restart 256, Seed 19fb4152acea1065, 50.0%
0.0.Q3: Trace Attempt  1	[63.35 s]
0.0.Q3: Trace Attempt  2	[63.35 s]
0.0.Q3: Trace Attempt  3	[63.35 s]
0.0.Q3: Trace Attempt  4	[63.35 s]
0.0.Q3: Trace Attempt  5	[63.35 s]
0.0.Q3: Restart 257, Seed 6ab22840da491399, 50.0%
0.0.Q3: Trace Attempt  1	[63.60 s]
0.0.Q3: Trace Attempt  2	[63.60 s]
0.0.Q3: Trace Attempt  3	[63.60 s]
0.0.Q3: Trace Attempt  4	[63.60 s]
0.0.Q3: Trace Attempt  5	[63.60 s]
0.0.Q3: Restart 258, Seed ae2b45ef54b215db, 50.0%
0.0.Q3: Trace Attempt  1	[63.84 s]
0.0.Q3: Trace Attempt  2	[63.85 s]
0.0.Q3: Trace Attempt  3	[63.85 s]
0.0.Q3: Trace Attempt  4	[63.85 s]
0.0.Q3: Trace Attempt  5	[63.85 s]
0.0.Q3: Restart 259, Seed 9c4b3bf3657f87f2, 50.0%
0.0.Q3: Trace Attempt  1	[64.09 s]
0.0.Q3: Trace Attempt  2	[64.09 s]
0.0.Q3: Trace Attempt  3	[64.09 s]
0.0.Q3: Trace Attempt  4	[64.10 s]
0.0.Q3: Trace Attempt  5	[64.10 s]
0.0.Q3: Restart 260, Seed 4fc73a9578943003, 50.0%
0.0.Q3: Trace Attempt  1	[64.34 s]
0.0.Q3: Trace Attempt  2	[64.34 s]
0.0.Q3: Trace Attempt  3	[64.34 s]
0.0.Q3: Trace Attempt  4	[64.34 s]
0.0.Q3: Trace Attempt  5	[64.34 s]
0.0.Q3: Restart 261, Seed 30da8618ef5709ab, 50.0%
0.0.Q3: Trace Attempt  1	[64.59 s]
0.0.Q3: Trace Attempt  2	[64.59 s]
0.0.Q3: Trace Attempt  3	[64.59 s]
0.0.Q3: Trace Attempt  4	[64.59 s]
0.0.Q3: Trace Attempt  5	[64.59 s]
0.0.Q3: Restart 262, Seed 555349223eaa339b, 50.0%
0.0.Q3: Trace Attempt  1	[64.84 s]
0.0.Q3: Trace Attempt  2	[64.84 s]
0.0.Q3: Trace Attempt  3	[64.84 s]
0.0.Q3: Trace Attempt  4	[64.84 s]
0.0.Q3: Trace Attempt  5	[64.84 s]
0.0.Q3: Restart 263, Seed 35da4d58d12d1577, 50.0%
0.0.Q3: Trace Attempt  1	[65.08 s]
0.0.Q3: Trace Attempt  2	[65.08 s]
0.0.Q3: Trace Attempt  3	[65.09 s]
0.0.Q3: Trace Attempt  4	[65.09 s]
0.0.Q3: Trace Attempt  5	[65.09 s]
0.0.Q3: Restart 264, Seed c718ca0736f31244, 50.0%
0.0.Q3: Trace Attempt  1	[65.33 s]
0.0.Q3: Trace Attempt  2	[65.33 s]
0.0.Q3: Trace Attempt  3	[65.33 s]
0.0.Q3: Trace Attempt  4	[65.33 s]
0.0.Q3: Trace Attempt  5	[65.34 s]
0.0.Q3: Restart 265, Seed f07af00557804da5, 50.0%
0.0.Q3: Trace Attempt  1	[65.58 s]
0.0.Q3: Trace Attempt  2	[65.58 s]
0.0.Q3: Trace Attempt  3	[65.58 s]
0.0.Q3: Trace Attempt  4	[65.58 s]
0.0.Q3: Trace Attempt  5	[65.58 s]
0.0.Q3: Restart 266, Seed 4158bfc6d91d1a26, 50.0%
0.0.Q3: Trace Attempt  1	[65.83 s]
0.0.Q3: Trace Attempt  2	[65.83 s]
0.0.Q3: Trace Attempt  3	[65.83 s]
0.0.Q3: Trace Attempt  4	[65.83 s]
0.0.Q3: Trace Attempt  5	[65.83 s]
0.0.Q2: Trace Attempt 1104	[65.95 s]
0.0.Q3: Restart 267, Seed 6b046f54becb3af7, 50.0%
0.0.Q3: Trace Attempt  1	[66.07 s]
0.0.Q3: Trace Attempt  2	[66.07 s]
0.0.Q3: Trace Attempt  3	[66.08 s]
0.0.Q3: Trace Attempt  4	[66.08 s]
0.0.Q3: Trace Attempt  5	[66.08 s]
0.0.Q3: Restart 268, Seed f05219364b85db1a, 50.0%
0.0.Q3: Trace Attempt  1	[66.32 s]
0.0.Q3: Trace Attempt  2	[66.32 s]
0.0.Q3: Trace Attempt  3	[66.32 s]
0.0.Q3: Trace Attempt  4	[66.33 s]
0.0.Q3: Trace Attempt  5	[66.33 s]
0.0.Q3: Restart 269, Seed e4b52eeb6c7a30db, 50.0%
0.0.Q3: Trace Attempt  1	[66.57 s]
0.0.Q3: Trace Attempt  2	[66.57 s]
0.0.Q3: Trace Attempt  3	[66.57 s]
0.0.Q3: Trace Attempt  4	[66.57 s]
0.0.Q3: Trace Attempt  5	[66.57 s]
0.0.Q3: Restart 270, Seed 837006dba0d793c3, 50.0%
0.0.Q3: Trace Attempt  1	[66.82 s]
0.0.Q3: Trace Attempt  2	[66.82 s]
0.0.Q3: Trace Attempt  3	[66.82 s]
0.0.Q3: Trace Attempt  4	[66.82 s]
0.0.Q3: Trace Attempt  5	[66.82 s]
0.0.Q3: Restart 271, Seed 7454e21f60f16544, 50.0%
0.0.Q3: Trace Attempt  1	[67.06 s]
0.0.Q3: Trace Attempt  2	[67.06 s]
0.0.Q3: Trace Attempt  3	[67.07 s]
0.0.Q3: Trace Attempt  4	[67.07 s]
0.0.Q3: Trace Attempt  5	[67.07 s]
0.0.Q3: Restart 272, Seed 60b71049ba59c8b4, 50.0%
0.0.Q3: Trace Attempt  1	[67.31 s]
0.0.Q3: Trace Attempt  2	[67.31 s]
0.0.Q3: Trace Attempt  3	[67.31 s]
0.0.Q3: Trace Attempt  4	[67.31 s]
0.0.Q3: Trace Attempt  5	[67.31 s]
0.0.Q3: Restart 273, Seed 1a1529921f249e2d, 50.0%
0.0.Q3: Trace Attempt  1	[67.56 s]
0.0.Q3: Trace Attempt  2	[67.56 s]
0.0.Q3: Trace Attempt  3	[67.56 s]
0.0.Q3: Trace Attempt  4	[67.56 s]
0.0.Q3: Trace Attempt  5	[67.56 s]
0.0.Q3: Restart 274, Seed 3d26a8fdc113ee3, 50.0%
0.0.Q3: Trace Attempt  1	[67.81 s]
0.0.Q3: Trace Attempt  2	[67.81 s]
0.0.Q3: Trace Attempt  3	[67.81 s]
0.0.Q3: Trace Attempt  4	[67.81 s]
0.0.Q3: Trace Attempt  5	[67.81 s]
0.0.Q3: Restart 275, Seed f3d268739e571899, 50.0%
0.0.Q3: Trace Attempt  1	[68.05 s]
0.0.Q3: Trace Attempt  2	[68.06 s]
0.0.Q3: Trace Attempt  3	[68.06 s]
0.0.Q3: Trace Attempt  4	[68.06 s]
0.0.Q3: Trace Attempt  5	[68.06 s]
0.0.Q3: Restart 276, Seed b18a2fcfc4af4cf, 50.0%
0.0.Q3: Trace Attempt  1	[68.30 s]
0.0.Q3: Trace Attempt  2	[68.30 s]
0.0.Q3: Trace Attempt  3	[68.30 s]
0.0.Q3: Trace Attempt  4	[68.31 s]
0.0.Q3: Trace Attempt  5	[68.31 s]
0.0.Q3: Restart 277, Seed f83b241077eafbd, 50.0%
0.0.Q3: Trace Attempt  1	[68.55 s]
0.0.Q3: Trace Attempt  2	[68.55 s]
0.0.Q3: Trace Attempt  3	[68.55 s]
0.0.Q3: Trace Attempt  4	[68.55 s]
0.0.Q3: Trace Attempt  5	[68.55 s]
0.0.Q3: Restart 278, Seed ea0030376a24a281, 50.0%
0.0.Q3: Trace Attempt  1	[68.80 s]
0.0.Q3: Trace Attempt  2	[68.80 s]
0.0.Q3: Trace Attempt  3	[68.80 s]
0.0.Q3: Trace Attempt  4	[68.80 s]
0.0.Q3: Trace Attempt  5	[68.80 s]
0.0.Q3: Restart 279, Seed a6fe7a6bceabf847, 50.0%
0.0.Q3: Trace Attempt  1	[69.04 s]
0.0.Q3: Trace Attempt  2	[69.05 s]
0.0.Q3: Trace Attempt  3	[69.05 s]
0.0.Q3: Trace Attempt  4	[69.05 s]
0.0.Q3: Trace Attempt  5	[69.05 s]
0.0.Q3: Restart 280, Seed cbf96c6458daf333, 50.0%
0.0.Q3: Trace Attempt  1	[69.29 s]
0.0.Q3: Trace Attempt  2	[69.29 s]
0.0.Q3: Trace Attempt  3	[69.29 s]
0.0.Q3: Trace Attempt  4	[69.30 s]
0.0.Q3: Trace Attempt  5	[69.30 s]
0.0.Q3: Restart 281, Seed 36fa21d95a1eb819, 50.0%
0.0.Q3: Trace Attempt  1	[69.54 s]
0.0.Q3: Trace Attempt  2	[69.54 s]
0.0.Q3: Trace Attempt  3	[69.54 s]
0.0.Q3: Trace Attempt  4	[69.54 s]
0.0.Q3: Trace Attempt  5	[69.54 s]
0.0.Q3: Restart 282, Seed d5d325c15fbb6ce4, 50.0%
0.0.Q3: Trace Attempt  1	[69.79 s]
0.0.Q3: Trace Attempt  2	[69.79 s]
0.0.Q3: Trace Attempt  3	[69.79 s]
0.0.Q3: Trace Attempt  4	[69.79 s]
0.0.Q3: Trace Attempt  5	[69.79 s]
0.0.Q2: Trace Attempt 1193	[69.98 s]
0.0.Q3: Restart 283, Seed 4dee13ad7b5e80b1, 50.0%
0.0.Q3: Trace Attempt  1	[70.04 s]
0.0.Q3: Trace Attempt  2	[70.04 s]
0.0.Q3: Trace Attempt  3	[70.04 s]
0.0.Q3: Trace Attempt  4	[70.04 s]
0.0.Q3: Trace Attempt  5	[70.04 s]
0.0.Q3: Restart 284, Seed f54d93cca7ad67e1, 50.0%
0.0.Q3: Trace Attempt  1	[70.28 s]
0.0.Q3: Trace Attempt  2	[70.28 s]
0.0.Q3: Trace Attempt  3	[70.29 s]
0.0.Q3: Trace Attempt  4	[70.29 s]
0.0.Q3: Trace Attempt  5	[70.29 s]
0.0.Q3: Restart 285, Seed 838044d7699cd5a, 50.0%
0.0.Q3: Trace Attempt  1	[70.53 s]
0.0.Q3: Trace Attempt  2	[70.53 s]
0.0.Q3: Trace Attempt  3	[70.53 s]
0.0.Q3: Trace Attempt  4	[70.53 s]
0.0.Q3: Trace Attempt  5	[70.53 s]
0.0.Q3: Restart 286, Seed 12ec5a102a3aaf20, 50.0%
0.0.Q3: Trace Attempt  1	[70.78 s]
0.0.Q3: Trace Attempt  2	[70.78 s]
0.0.Q3: Trace Attempt  3	[70.78 s]
0.0.Q3: Trace Attempt  4	[70.78 s]
0.0.Q3: Trace Attempt  5	[70.78 s]
0.0.Q3: Restart 287, Seed b5639c1717373c0a, 50.0%
0.0.Q3: Trace Attempt  1	[71.03 s]
0.0.Q3: Trace Attempt  2	[71.03 s]
0.0.Q3: Trace Attempt  3	[71.03 s]
0.0.Q3: Trace Attempt  4	[71.03 s]
0.0.Q3: Trace Attempt  5	[71.03 s]
0.0.Q3: Restart 288, Seed de937c89fe114f08, 50.0%
0.0.Q3: Trace Attempt  1	[71.28 s]
0.0.Q3: Trace Attempt  2	[71.28 s]
0.0.Q3: Trace Attempt  3	[71.28 s]
0.0.Q3: Trace Attempt  4	[71.28 s]
0.0.Q3: Trace Attempt  5	[71.28 s]
0.0.Q3: Restart 289, Seed a7b885c4796a36b4, 50.0%
0.0.Q3: Trace Attempt  1	[71.52 s]
0.0.Q3: Trace Attempt  2	[71.52 s]
0.0.Q3: Trace Attempt  3	[71.53 s]
0.0.Q3: Trace Attempt  4	[71.53 s]
0.0.Q3: Trace Attempt  5	[71.53 s]
0.0.Q3: Restart 290, Seed f64cc33bae1899fa, 50.0%
0.0.Q3: Trace Attempt  1	[71.77 s]
0.0.Q3: Trace Attempt  2	[71.77 s]
0.0.Q3: Trace Attempt  3	[71.77 s]
0.0.Q3: Trace Attempt  4	[71.77 s]
0.0.Q3: Trace Attempt  5	[71.78 s]
0.0.Q3: Restart 291, Seed b0548b701fc60d7, 50.0%
0.0.Q3: Trace Attempt  1	[72.02 s]
0.0.Q3: Trace Attempt  2	[72.02 s]
0.0.Q3: Trace Attempt  3	[72.02 s]
0.0.Q3: Trace Attempt  4	[72.02 s]
0.0.Q3: Trace Attempt  5	[72.02 s]
0.0.Q3: Restart 292, Seed 2c1c9144f8a16b79, 50.0%
0.0.Q3: Trace Attempt  1	[72.27 s]
0.0.Q3: Trace Attempt  2	[72.27 s]
0.0.Q3: Trace Attempt  3	[72.27 s]
0.0.Q3: Trace Attempt  4	[72.27 s]
0.0.Q3: Trace Attempt  5	[72.27 s]
0.0.Q3: Restart 293, Seed 7312c6eb4cb60832, 50.0%
0.0.Q3: Trace Attempt  1	[72.51 s]
0.0.Q3: Trace Attempt  2	[72.51 s]
0.0.Q3: Trace Attempt  3	[72.52 s]
0.0.Q3: Trace Attempt  4	[72.52 s]
0.0.Q3: Trace Attempt  5	[72.52 s]
0.0.Q3: Restart 294, Seed ed1f57ebc78e34d0, 50.0%
0.0.Q3: Trace Attempt  1	[72.76 s]
0.0.Q3: Trace Attempt  2	[72.76 s]
0.0.Q3: Trace Attempt  3	[72.76 s]
0.0.Q3: Trace Attempt  4	[72.76 s]
0.0.Q3: Trace Attempt  5	[72.77 s]
0.0.Q3: Restart 295, Seed b57c3f5d0b9f6d47, 50.0%
0.0.Q3: Trace Attempt  1	[73.01 s]
0.0.Q3: Trace Attempt  2	[73.01 s]
0.0.Q3: Trace Attempt  3	[73.01 s]
0.0.Q3: Trace Attempt  4	[73.01 s]
0.0.Q3: Trace Attempt  5	[73.01 s]
0.0.Q3: Restart 296, Seed 1c4903839a72d029, 50.0%
0.0.Q3: Trace Attempt  1	[73.26 s]
0.0.Q3: Trace Attempt  2	[73.26 s]
0.0.Q3: Trace Attempt  3	[73.26 s]
0.0.Q3: Trace Attempt  4	[73.26 s]
0.0.Q3: Trace Attempt  5	[73.26 s]
0.0.Q3: Restart 297, Seed 9fd124fb2abca4db, 50.0%
0.0.Q3: Trace Attempt  1	[73.51 s]
0.0.Q3: Trace Attempt  2	[73.51 s]
0.0.Q3: Trace Attempt  3	[73.51 s]
0.0.Q3: Trace Attempt  4	[73.51 s]
0.0.Q3: Trace Attempt  5	[73.51 s]
0.0.Q3: Restart 298, Seed 1b841d597200ea73, 50.0%
0.0.Q3: Trace Attempt  1	[73.76 s]
0.0.Q3: Trace Attempt  2	[73.76 s]
0.0.Q3: Trace Attempt  3	[73.76 s]
0.0.Q3: Trace Attempt  4	[73.77 s]
0.0.Q3: Trace Attempt  5	[73.77 s]
0.0.Q2: Trace Attempt 1277	[74.03 s]
0.0.Q3: Restart 299, Seed e9a9062c017b273a, 50.0%
0.0.Q3: Trace Attempt  1	[74.01 s]
0.0.Q3: Trace Attempt  2	[74.02 s]
0.0.Q3: Trace Attempt  3	[74.02 s]
0.0.Q3: Trace Attempt  4	[74.02 s]
0.0.Q3: Trace Attempt  5	[74.02 s]
0.0.Q3: Restart 300, Seed 8b9c05ef10924d1a, 50.0%
0.0.Q3: Trace Attempt  1	[74.27 s]
0.0.Q3: Trace Attempt  2	[74.27 s]
0.0.Q3: Trace Attempt  3	[74.27 s]
0.0.Q3: Trace Attempt  4	[74.27 s]
0.0.Q3: Trace Attempt  5	[74.27 s]
0.0.Q3: Restart 301, Seed e1f71c3b20f05638, 50.0%
0.0.Q3: Trace Attempt  1	[74.52 s]
0.0.Q3: Trace Attempt  2	[74.52 s]
0.0.Q3: Trace Attempt  3	[74.52 s]
0.0.Q3: Trace Attempt  4	[74.52 s]
0.0.Q3: Trace Attempt  5	[74.52 s]
0.0.Q3: Restart 302, Seed 359fb39681ccb3cf, 50.0%
0.0.Q3: Trace Attempt  1	[74.77 s]
0.0.Q3: Trace Attempt  2	[74.77 s]
0.0.Q3: Trace Attempt  3	[74.77 s]
0.0.Q3: Trace Attempt  4	[74.77 s]
0.0.Q3: Trace Attempt  5	[74.78 s]
0.0.Q3: Restart 303, Seed fe7e801827446275, 50.0%
0.0.Q3: Trace Attempt  1	[75.02 s]
0.0.Q3: Trace Attempt  2	[75.03 s]
0.0.Q3: Trace Attempt  3	[75.03 s]
0.0.Q3: Trace Attempt  4	[75.03 s]
0.0.Q3: Trace Attempt  5	[75.03 s]
0.0.Q3: Restart 304, Seed e9cdaaaa395cd7c2, 50.0%
0.0.Q3: Trace Attempt  1	[75.27 s]
0.0.Q3: Trace Attempt  2	[75.28 s]
0.0.Q3: Trace Attempt  3	[75.28 s]
0.0.Q3: Trace Attempt  4	[75.28 s]
0.0.Q3: Trace Attempt  5	[75.28 s]
0.0.Q3: Restart 305, Seed bcd0f91b5c23f446, 50.0%
0.0.Q3: Trace Attempt  1	[75.52 s]
0.0.Q3: Trace Attempt  2	[75.53 s]
0.0.Q3: Trace Attempt  3	[75.53 s]
0.0.Q3: Trace Attempt  4	[75.53 s]
0.0.Q3: Trace Attempt  5	[75.53 s]
0.0.Q3: Restart 306, Seed 805594d14bd78fd9, 50.0%
0.0.Q3: Trace Attempt  1	[75.78 s]
0.0.Q3: Trace Attempt  2	[75.78 s]
0.0.Q3: Trace Attempt  3	[75.78 s]
0.0.Q3: Trace Attempt  4	[75.78 s]
0.0.Q3: Trace Attempt  5	[75.78 s]
0.0.Q3: Restart 307, Seed e5757bcb4eaf6560, 50.0%
0.0.Q3: Trace Attempt  1	[76.03 s]
0.0.Q3: Trace Attempt  2	[76.03 s]
0.0.Q3: Trace Attempt  3	[76.03 s]
0.0.Q3: Trace Attempt  4	[76.03 s]
0.0.Q3: Trace Attempt  5	[76.03 s]
0.0.Q3: Restart 308, Seed 6e5a895fd2745697, 50.0%
0.0.Q3: Trace Attempt  1	[76.28 s]
0.0.Q3: Trace Attempt  2	[76.28 s]
0.0.Q3: Trace Attempt  3	[76.28 s]
0.0.Q3: Trace Attempt  4	[76.28 s]
0.0.Q3: Trace Attempt  5	[76.28 s]
0.0.Q3: Restart 309, Seed 41a3bcb390acddc5, 50.0%
0.0.Q3: Trace Attempt  1	[76.53 s]
0.0.Q3: Trace Attempt  2	[76.53 s]
0.0.Q3: Trace Attempt  3	[76.53 s]
0.0.Q3: Trace Attempt  4	[76.53 s]
0.0.Q3: Trace Attempt  5	[76.53 s]
0.0.Q3: Restart 310, Seed f68ade6b6d3c60f9, 50.0%
0.0.Q3: Trace Attempt  1	[76.78 s]
0.0.Q3: Trace Attempt  2	[76.78 s]
0.0.Q3: Trace Attempt  3	[76.78 s]
0.0.Q3: Trace Attempt  4	[76.78 s]
0.0.Q3: Trace Attempt  5	[76.78 s]
0.0.Q3: Restart 311, Seed 999935f4ca72b1d4, 50.0%
0.0.Q3: Trace Attempt  1	[77.03 s]
0.0.Q3: Trace Attempt  2	[77.03 s]
0.0.Q3: Trace Attempt  3	[77.03 s]
0.0.Q3: Trace Attempt  4	[77.03 s]
0.0.Q3: Trace Attempt  5	[77.03 s]
0.0.Q1: Trace Attempt 80	[77.13 s]
0.0.Q3: Restart 312, Seed 2454ce0382e10368, 50.0%
0.0.Q3: Trace Attempt  1	[77.28 s]
0.0.Q3: Trace Attempt  2	[77.28 s]
0.0.Q3: Trace Attempt  3	[77.28 s]
0.0.Q3: Trace Attempt  4	[77.28 s]
0.0.Q3: Trace Attempt  5	[77.28 s]
0.0.Q3: Restart 313, Seed 45ec5d4ccaf7bf3a, 50.0%
0.0.Q3: Trace Attempt  1	[77.53 s]
0.0.Q3: Trace Attempt  2	[77.53 s]
0.0.Q3: Trace Attempt  3	[77.53 s]
0.0.Q3: Trace Attempt  4	[77.54 s]
0.0.Q3: Trace Attempt  5	[77.54 s]
0.0.Q3: Restart 314, Seed 7d3c92bfc8efea2f, 50.0%
0.0.Q3: Trace Attempt  1	[77.79 s]
0.0.Q3: Trace Attempt  2	[77.79 s]
0.0.Q3: Trace Attempt  3	[77.79 s]
0.0.Q3: Trace Attempt  4	[77.79 s]
0.0.Q3: Trace Attempt  5	[77.79 s]
0.0.Q3: Restart 315, Seed 351533c6451bae11, 50.0%
0.0.Q3: Trace Attempt  1	[78.04 s]
0.0.Q3: Trace Attempt  2	[78.04 s]
0.0.Q3: Trace Attempt  3	[78.04 s]
0.0.Q3: Trace Attempt  4	[78.04 s]
0.0.Q3: Trace Attempt  5	[78.04 s]
0.0.Q2: Trace Attempt 1349	[78.08 s]
0.0.Q3: Restart 316, Seed ae5aec1d37c0c5fd, 50.0%
0.0.Q3: Trace Attempt  1	[78.29 s]
0.0.Q3: Trace Attempt  2	[78.29 s]
0.0.Q3: Trace Attempt  3	[78.29 s]
0.0.Q3: Trace Attempt  4	[78.29 s]
0.0.Q3: Trace Attempt  5	[78.29 s]
0.0.Q3: Restart 317, Seed ff4aa42cdd1ac2ca, 50.0%
0.0.Q3: Trace Attempt  1	[78.54 s]
0.0.Q3: Trace Attempt  2	[78.54 s]
0.0.Q3: Trace Attempt  3	[78.54 s]
0.0.Q3: Trace Attempt  4	[78.55 s]
0.0.Q3: Trace Attempt  5	[78.55 s]
0.0.Q3: Restart 318, Seed d49f4e1042e6ccc9, 50.0%
0.0.Q3: Trace Attempt  1	[78.80 s]
0.0.Q3: Trace Attempt  2	[78.80 s]
0.0.Q3: Trace Attempt  3	[78.80 s]
0.0.Q3: Trace Attempt  4	[78.80 s]
0.0.Q3: Trace Attempt  5	[78.80 s]
0.0.Q3: Restart 319, Seed b09645392471585b, 50.0%
0.0.Q3: Trace Attempt  1	[79.05 s]
0.0.Q3: Trace Attempt  2	[79.05 s]
0.0.Q3: Trace Attempt  3	[79.05 s]
0.0.Q3: Trace Attempt  4	[79.05 s]
0.0.Q3: Trace Attempt  5	[79.05 s]
0.0.Q3: Restart 320, Seed 8558a7c03a9d133e, 50.0%
0.0.Q3: Trace Attempt  1	[79.30 s]
0.0.Q3: Trace Attempt  2	[79.30 s]
0.0.Q3: Trace Attempt  3	[79.30 s]
0.0.Q3: Trace Attempt  4	[79.31 s]
0.0.Q3: Trace Attempt  5	[79.31 s]
0.0.Q3: Restart 321, Seed 387454b50f51d1b3, 50.0%
0.0.Q3: Trace Attempt  1	[79.56 s]
0.0.Q3: Trace Attempt  2	[79.56 s]
0.0.Q3: Trace Attempt  3	[79.56 s]
0.0.Q3: Trace Attempt  4	[79.56 s]
0.0.Q3: Trace Attempt  5	[79.56 s]
0.0.Q3: Restart 322, Seed 24ce6c3f0f2fac01, 50.0%
0.0.Q3: Trace Attempt  1	[79.81 s]
0.0.Q3: Trace Attempt  2	[79.81 s]
0.0.Q3: Trace Attempt  3	[79.81 s]
0.0.Q3: Trace Attempt  4	[79.81 s]
0.0.Q3: Trace Attempt  5	[79.81 s]
0.0.Q3: Restart 323, Seed 69e85109e37ce328, 50.0%
0.0.Q3: Trace Attempt  1	[80.06 s]
0.0.Q3: Trace Attempt  2	[80.06 s]
0.0.Q3: Trace Attempt  3	[80.07 s]
0.0.Q3: Trace Attempt  4	[80.07 s]
0.0.Q3: Trace Attempt  5	[80.07 s]
0.0.Q3: Restart 324, Seed 8b79d235917f4477, 50.0%
0.0.Q3: Trace Attempt  1	[80.32 s]
0.0.Q3: Trace Attempt  2	[80.32 s]
0.0.Q3: Trace Attempt  3	[80.32 s]
0.0.Q3: Trace Attempt  4	[80.32 s]
0.0.Q3: Trace Attempt  5	[80.32 s]
0.0.Q3: Restart 325, Seed 8aecc80a7ec85360, 50.0%
0.0.Q3: Trace Attempt  1	[80.57 s]
0.0.Q3: Trace Attempt  2	[80.57 s]
0.0.Q3: Trace Attempt  3	[80.57 s]
0.0.Q3: Trace Attempt  4	[80.57 s]
0.0.Q3: Trace Attempt  5	[80.57 s]
0.0.Q3: Restart 326, Seed 5dd71a5c53c6bb1f, 50.0%
0.0.Q3: Trace Attempt  1	[80.82 s]
0.0.Q3: Trace Attempt  2	[80.82 s]
0.0.Q3: Trace Attempt  3	[80.82 s]
0.0.Q3: Trace Attempt  4	[80.82 s]
0.0.Q3: Trace Attempt  5	[80.82 s]
0.0.Q3: Restart 327, Seed 54987c58269b3721, 50.0%
0.0.Q3: Trace Attempt  1	[81.07 s]
0.0.Q3: Trace Attempt  2	[81.07 s]
0.0.Q3: Trace Attempt  3	[81.07 s]
0.0.Q3: Trace Attempt  4	[81.07 s]
0.0.Q3: Trace Attempt  5	[81.07 s]
0.0.Q3: Restart 328, Seed 20c84cea35cd2b85, 50.0%
0.0.Q3: Trace Attempt  1	[81.32 s]
0.0.Q3: Trace Attempt  2	[81.32 s]
0.0.Q3: Trace Attempt  3	[81.32 s]
0.0.Q3: Trace Attempt  4	[81.32 s]
0.0.Q3: Trace Attempt  5	[81.32 s]
0.0.Q3: Restart 329, Seed 85ddf0b9139c63ca, 50.0%
0.0.Q3: Trace Attempt  1	[81.57 s]
0.0.Q3: Trace Attempt  2	[81.57 s]
0.0.Q3: Trace Attempt  3	[81.57 s]
0.0.Q3: Trace Attempt  4	[81.57 s]
0.0.Q3: Trace Attempt  5	[81.57 s]
0.0.Q3: Restart 330, Seed 34d013d34ce2aaf2, 50.0%
0.0.Q3: Trace Attempt  1	[81.82 s]
0.0.Q3: Trace Attempt  2	[81.82 s]
0.0.Q3: Trace Attempt  3	[81.82 s]
0.0.Q3: Trace Attempt  4	[81.82 s]
0.0.Q3: Trace Attempt  5	[81.82 s]
0.0.Q3: Restart 331, Seed fd1e5e0480fbc04a, 50.0%
0.0.Q3: Trace Attempt  1	[82.07 s]
0.0.Q3: Trace Attempt  2	[82.07 s]
0.0.Q3: Trace Attempt  3	[82.07 s]
0.0.Q3: Trace Attempt  4	[82.07 s]
0.0.Q3: Trace Attempt  5	[82.07 s]
0.0.Q2: Trace Attempt 1433	[82.13 s]
0.0.Q3: Restart 332, Seed 89ff31e114df91bf, 50.0%
0.0.Q3: Trace Attempt  1	[82.32 s]
0.0.Q3: Trace Attempt  2	[82.32 s]
0.0.Q3: Trace Attempt  3	[82.32 s]
0.0.Q3: Trace Attempt  4	[82.32 s]
0.0.Q3: Trace Attempt  5	[82.32 s]
0.0.Q3: Restart 333, Seed b7d8c7dd76fb486f, 50.0%
0.0.Q3: Trace Attempt  1	[82.57 s]
0.0.Q3: Trace Attempt  2	[82.57 s]
0.0.Q3: Trace Attempt  3	[82.57 s]
0.0.Q3: Trace Attempt  4	[82.57 s]
0.0.Q3: Trace Attempt  5	[82.57 s]
0.0.Q1: Trace Attempt 81	[82.59 s]
0.0.Q3: Restart 334, Seed 7ab825f47caeeb6f, 50.0%
0.0.Q3: Trace Attempt  1	[82.82 s]
0.0.Q3: Trace Attempt  2	[82.83 s]
0.0.Q3: Trace Attempt  3	[82.83 s]
0.0.Q3: Trace Attempt  4	[82.83 s]
0.0.Q3: Trace Attempt  5	[82.83 s]
0.0.Q3: Restart 335, Seed ab0e833c2945bb20, 50.0%
0.0.Q3: Trace Attempt  1	[83.07 s]
0.0.Q3: Trace Attempt  2	[83.08 s]
0.0.Q3: Trace Attempt  3	[83.08 s]
0.0.Q3: Trace Attempt  4	[83.08 s]
0.0.Q3: Trace Attempt  5	[83.08 s]
0.0.Q3: Restart 336, Seed 7d7dec766b9b9e95, 50.0%
0.0.Q3: Trace Attempt  1	[83.32 s]
0.0.Q3: Trace Attempt  2	[83.32 s]
0.0.Q3: Trace Attempt  3	[83.33 s]
0.0.Q3: Trace Attempt  4	[83.33 s]
0.0.Q3: Trace Attempt  5	[83.33 s]
0.0.Q3: Restart 337, Seed b1ba9b98955d2e5e, 50.0%
0.0.Q3: Trace Attempt  1	[83.57 s]
0.0.Q3: Trace Attempt  2	[83.57 s]
0.0.Q3: Trace Attempt  3	[83.57 s]
0.0.Q3: Trace Attempt  4	[83.58 s]
0.0.Q3: Trace Attempt  5	[83.58 s]
0.0.Q3: Restart 338, Seed 802e2b5d8d7fa0e7, 50.0%
0.0.Q3: Trace Attempt  1	[83.82 s]
0.0.Q3: Trace Attempt  2	[83.83 s]
0.0.Q3: Trace Attempt  3	[83.83 s]
0.0.Q3: Trace Attempt  4	[83.83 s]
0.0.Q3: Trace Attempt  5	[83.83 s]
0.0.Q3: Restart 339, Seed 8fb5070bf5e96cd7, 50.0%
0.0.Q3: Trace Attempt  1	[84.07 s]
0.0.Q3: Trace Attempt  2	[84.08 s]
0.0.Q3: Trace Attempt  3	[84.08 s]
0.0.Q3: Trace Attempt  4	[84.08 s]
0.0.Q3: Trace Attempt  5	[84.08 s]
0.0.Q3: Restart 340, Seed e9eb0b3f9b73ccf8, 50.0%
0.0.Q3: Trace Attempt  1	[84.33 s]
0.0.Q3: Trace Attempt  2	[84.33 s]
0.0.Q3: Trace Attempt  3	[84.33 s]
0.0.Q3: Trace Attempt  4	[84.33 s]
0.0.Q3: Trace Attempt  5	[84.33 s]
0.0.Q3: Restart 341, Seed f20fdd79d4bdabc5, 50.0%
0.0.Q3: Trace Attempt  1	[84.58 s]
0.0.Q3: Trace Attempt  2	[84.58 s]
0.0.Q3: Trace Attempt  3	[84.58 s]
0.0.Q3: Trace Attempt  4	[84.58 s]
0.0.Q3: Trace Attempt  5	[84.58 s]
0.0.Q3: Restart 342, Seed 49a2caa29c66a637, 50.0%
0.0.Q3: Trace Attempt  1	[84.83 s]
0.0.Q3: Trace Attempt  2	[84.83 s]
0.0.Q3: Trace Attempt  3	[84.83 s]
0.0.Q3: Trace Attempt  4	[84.83 s]
0.0.Q3: Trace Attempt  5	[84.83 s]
0.0.Q3: Restart 343, Seed f8ecdfabd7bb2b86, 50.0%
0.0.Q3: Trace Attempt  1	[85.08 s]
0.0.Q3: Trace Attempt  2	[85.08 s]
0.0.Q3: Trace Attempt  3	[85.08 s]
0.0.Q3: Trace Attempt  4	[85.08 s]
0.0.Q3: Trace Attempt  5	[85.08 s]
0.0.Q3: Restart 344, Seed 6cd5dea15a6a1d57, 50.0%
0.0.Q3: Trace Attempt  1	[85.33 s]
0.0.Q3: Trace Attempt  2	[85.33 s]
0.0.Q3: Trace Attempt  3	[85.33 s]
0.0.Q3: Trace Attempt  4	[85.33 s]
0.0.Q3: Trace Attempt  5	[85.33 s]
0.0.Q3: Restart 345, Seed 134309b56b33ac85, 50.0%
0.0.Q3: Trace Attempt  1	[85.58 s]
0.0.Q3: Trace Attempt  2	[85.58 s]
0.0.Q3: Trace Attempt  3	[85.58 s]
0.0.Q3: Trace Attempt  4	[85.58 s]
0.0.Q3: Trace Attempt  5	[85.59 s]
0.0.Q3: Restart 346, Seed 42dd7afab66394d3, 50.0%
0.0.Q3: Trace Attempt  1	[85.83 s]
0.0.Q3: Trace Attempt  2	[85.84 s]
0.0.Q3: Trace Attempt  3	[85.84 s]
0.0.Q3: Trace Attempt  4	[85.84 s]
0.0.Q3: Trace Attempt  5	[85.84 s]
0.0.Q3: Restart 347, Seed b4b7eda90887bc62, 50.0%
0.0.Q3: Trace Attempt  1	[86.09 s]
0.0.Q3: Trace Attempt  2	[86.09 s]
0.0.Q3: Trace Attempt  3	[86.09 s]
0.0.Q3: Trace Attempt  4	[86.09 s]
0.0.Q3: Trace Attempt  5	[86.09 s]
0.0.Q2: Trace Attempt 1512	[86.14 s]
0.0.Q3: Restart 348, Seed 46014ab858380994, 50.0%
0.0.Q3: Trace Attempt  1	[86.34 s]
0.0.Q3: Trace Attempt  2	[86.34 s]
0.0.Q3: Trace Attempt  3	[86.35 s]
0.0.Q3: Trace Attempt  4	[86.35 s]
0.0.Q3: Trace Attempt  5	[86.35 s]
0.0.Q3: Restart 349, Seed 9d58ff3e188335ba, 50.0%
0.0.Q3: Trace Attempt  1	[86.60 s]
0.0.Q3: Trace Attempt  2	[86.60 s]
0.0.Q3: Trace Attempt  3	[86.60 s]
0.0.Q3: Trace Attempt  4	[86.60 s]
0.0.Q3: Trace Attempt  5	[86.60 s]
0.0.Q3: Restart 350, Seed 40a64ff6258f32ea, 50.0%
0.0.Q3: Trace Attempt  1	[86.85 s]
0.0.Q3: Trace Attempt  2	[86.85 s]
0.0.Q3: Trace Attempt  3	[86.85 s]
0.0.Q3: Trace Attempt  4	[86.85 s]
0.0.Q3: Trace Attempt  5	[86.86 s]
0.0.Q1: Trace Attempt 90	[87.00 s]
0.0.Q3: Restart 351, Seed e304559a701cc7aa, 50.0%
0.0.Q3: Trace Attempt  1	[87.11 s]
0.0.Q3: Trace Attempt  2	[87.11 s]
0.0.Q3: Trace Attempt  3	[87.11 s]
0.0.Q3: Trace Attempt  4	[87.11 s]
0.0.Q3: Trace Attempt  5	[87.11 s]
0.0.Q3: Restart 352, Seed 440b5eb72c6e79d5, 50.0%
0.0.Q3: Trace Attempt  1	[87.36 s]
0.0.Q3: Trace Attempt  2	[87.36 s]
0.0.Q3: Trace Attempt  3	[87.36 s]
0.0.Q3: Trace Attempt  4	[87.36 s]
0.0.Q3: Trace Attempt  5	[87.37 s]
0.0.Q3: Restart 353, Seed 217ebf2e015d8b7e, 50.0%
0.0.Q3: Trace Attempt  1	[87.62 s]
0.0.Q3: Trace Attempt  2	[87.62 s]
0.0.Q3: Trace Attempt  3	[87.62 s]
0.0.Q3: Trace Attempt  4	[87.62 s]
0.0.Q3: Trace Attempt  5	[87.62 s]
0.0.Q3: Restart 354, Seed edd72cf75042397, 50.0%
0.0.Q3: Trace Attempt  1	[87.87 s]
0.0.Q3: Trace Attempt  2	[87.87 s]
0.0.Q3: Trace Attempt  3	[87.87 s]
0.0.Q3: Trace Attempt  4	[87.87 s]
0.0.Q3: Trace Attempt  5	[87.87 s]
0.0.Q3: Restart 355, Seed f684e6fcce87879a, 50.0%
0.0.Q3: Trace Attempt  1	[88.12 s]
0.0.Q3: Trace Attempt  2	[88.12 s]
0.0.Q3: Trace Attempt  3	[88.13 s]
0.0.Q3: Trace Attempt  4	[88.13 s]
0.0.Q3: Trace Attempt  5	[88.13 s]
0.0.Q3: Restart 356, Seed 295089ae317e0dac, 50.0%
0.0.Q3: Trace Attempt  1	[88.38 s]
0.0.Q3: Trace Attempt  2	[88.38 s]
0.0.Q3: Trace Attempt  3	[88.38 s]
0.0.Q3: Trace Attempt  4	[88.39 s]
0.0.Q3: Trace Attempt  5	[88.39 s]
0.0.Q3: Restart 357, Seed f41ac379502719dc, 50.0%
0.0.Q3: Trace Attempt  1	[88.64 s]
0.0.Q3: Trace Attempt  2	[88.64 s]
0.0.Q3: Trace Attempt  3	[88.64 s]
0.0.Q3: Trace Attempt  4	[88.64 s]
0.0.Q3: Trace Attempt  5	[88.65 s]
0.0.Q3: Restart 358, Seed 705103fb8cbaf3e2, 50.0%
0.0.Q3: Trace Attempt  1	[88.90 s]
0.0.Q3: Trace Attempt  2	[88.90 s]
0.0.Q3: Trace Attempt  3	[88.90 s]
0.0.Q3: Trace Attempt  4	[88.91 s]
0.0.Q3: Trace Attempt  5	[88.91 s]
0.0.Q3: Restart 359, Seed d7c8492e3f28b2b4, 50.0%
0.0.Q3: Trace Attempt  1	[89.16 s]
0.0.Q3: Trace Attempt  2	[89.16 s]
0.0.Q3: Trace Attempt  3	[89.16 s]
0.0.Q3: Trace Attempt  4	[89.17 s]
0.0.Q3: Trace Attempt  5	[89.17 s]
0.0.Q3: Restart 360, Seed 4c164f240be114bf, 50.0%
0.0.Q3: Trace Attempt  1	[89.42 s]
0.0.Q3: Trace Attempt  2	[89.42 s]
0.0.Q3: Trace Attempt  3	[89.42 s]
0.0.Q3: Trace Attempt  4	[89.42 s]
0.0.Q3: Trace Attempt  5	[89.42 s]
0.0.Q3: Restart 361, Seed ccd2184875625935, 50.0%
0.0.Q3: Trace Attempt  1	[89.67 s]
0.0.Q3: Trace Attempt  2	[89.68 s]
0.0.Q3: Trace Attempt  3	[89.68 s]
0.0.Q3: Trace Attempt  4	[89.68 s]
0.0.Q3: Trace Attempt  5	[89.68 s]
0.0.Q3: Restart 362, Seed 690da4c6519c95f1, 50.0%
0.0.Q3: Trace Attempt  1	[89.93 s]
0.0.Q3: Trace Attempt  2	[89.93 s]
0.0.Q3: Trace Attempt  3	[89.94 s]
0.0.Q3: Trace Attempt  4	[89.94 s]
0.0.Q3: Trace Attempt  5	[89.94 s]
0.0.Q2: Trace Attempt 1584	[90.18 s]
0.0.Q3: Restart 363, Seed ab29fec07518985d, 50.0%
0.0.Q3: Trace Attempt  1	[90.19 s]
0.0.Q3: Trace Attempt  2	[90.19 s]
0.0.Q3: Trace Attempt  3	[90.19 s]
0.0.Q3: Trace Attempt  4	[90.20 s]
0.0.Q3: Trace Attempt  5	[90.20 s]
0.0.Q3: Restart 364, Seed 11e3f631eb90d76, 50.0%
0.0.Q3: Trace Attempt  1	[90.45 s]
0.0.Q3: Trace Attempt  2	[90.45 s]
0.0.Q3: Trace Attempt  3	[90.45 s]
0.0.Q3: Trace Attempt  4	[90.45 s]
0.0.Q3: Trace Attempt  5	[90.45 s]
0.0.Q3: Restart 365, Seed 84cf65df9311a41e, 50.0%
0.0.Q3: Trace Attempt  1	[90.71 s]
0.0.Q3: Trace Attempt  2	[90.71 s]
0.0.Q3: Trace Attempt  3	[90.71 s]
0.0.Q3: Trace Attempt  4	[90.71 s]
0.0.Q3: Trace Attempt  5	[90.71 s]
0.0.Q3: Restart 366, Seed 80584abc1b92f1b8, 50.0%
0.0.Q3: Trace Attempt  1	[90.97 s]
0.0.Q3: Trace Attempt  2	[90.97 s]
0.0.Q3: Trace Attempt  3	[90.98 s]
0.0.Q3: Trace Attempt  4	[90.98 s]
0.0.Q3: Trace Attempt  5	[90.98 s]
0.0.Q3: Restart 367, Seed 194101be3e9582ff, 50.0%
0.0.Q3: Trace Attempt  1	[91.23 s]
0.0.Q3: Trace Attempt  2	[91.23 s]
0.0.Q3: Trace Attempt  3	[91.23 s]
0.0.Q3: Trace Attempt  4	[91.23 s]
0.0.Q3: Trace Attempt  5	[91.23 s]
0.0.Q3: Restart 368, Seed 2e4e62cc7e35b1b5, 50.0%
0.0.Q3: Trace Attempt  1	[91.48 s]
0.0.Q3: Trace Attempt  2	[91.48 s]
0.0.Q3: Trace Attempt  3	[91.48 s]
0.0.Q3: Trace Attempt  4	[91.48 s]
0.0.Q3: Trace Attempt  5	[91.48 s]
0.0.Q3: Restart 369, Seed 39f00014b2531b0a, 50.0%
0.0.Q3: Trace Attempt  1	[91.73 s]
0.0.Q3: Trace Attempt  2	[91.73 s]
0.0.Q3: Trace Attempt  3	[91.74 s]
0.0.Q3: Trace Attempt  4	[91.74 s]
0.0.Q3: Trace Attempt  5	[91.74 s]
0.0.Q3: Restart 370, Seed fa2604fbf4871bc3, 50.0%
0.0.Q3: Trace Attempt  1	[91.98 s]
0.0.Q3: Trace Attempt  2	[91.98 s]
0.0.Q3: Trace Attempt  3	[91.99 s]
0.0.Q3: Trace Attempt  4	[91.99 s]
0.0.Q3: Trace Attempt  5	[91.99 s]
0.0.Q3: Restart 371, Seed 1c279f28dd8b9eb2, 50.0%
0.0.Q3: Trace Attempt  1	[92.24 s]
0.0.Q3: Trace Attempt  2	[92.24 s]
0.0.Q3: Trace Attempt  3	[92.24 s]
0.0.Q3: Trace Attempt  4	[92.24 s]
0.0.Q3: Trace Attempt  5	[92.24 s]
0.0.Q3: Restart 372, Seed 5e4816313c6eb771, 50.0%
0.0.Q3: Trace Attempt  1	[92.48 s]
0.0.Q3: Trace Attempt  2	[92.49 s]
0.0.Q3: Trace Attempt  3	[92.49 s]
0.0.Q3: Trace Attempt  4	[92.49 s]
0.0.Q3: Trace Attempt  5	[92.49 s]
0.0.Q3: Restart 373, Seed 3e8cd732a520853, 50.0%
0.0.Q3: Trace Attempt  1	[92.74 s]
0.0.Q3: Trace Attempt  2	[92.74 s]
0.0.Q3: Trace Attempt  3	[92.74 s]
0.0.Q3: Trace Attempt  4	[92.74 s]
0.0.Q3: Trace Attempt  5	[92.74 s]
0.0.Q3: Restart 374, Seed afd1834ee1704dc0, 50.0%
0.0.Q3: Trace Attempt  1	[92.99 s]
0.0.Q3: Trace Attempt  2	[92.99 s]
0.0.Q3: Trace Attempt  3	[92.99 s]
0.0.Q3: Trace Attempt  4	[92.99 s]
0.0.Q3: Trace Attempt  5	[93.00 s]
0.0.Q3: Restart 375, Seed a6b09bcfd1cd348c, 50.0%
0.0.Q3: Trace Attempt  1	[93.25 s]
0.0.Q3: Trace Attempt  2	[93.25 s]
0.0.Q3: Trace Attempt  3	[93.25 s]
0.0.Q3: Trace Attempt  4	[93.25 s]
0.0.Q3: Trace Attempt  5	[93.25 s]
0.0.Q3: Restart 376, Seed dc2709a557c9840a, 50.0%
0.0.Q3: Trace Attempt  1	[93.49 s]
0.0.Q3: Trace Attempt  2	[93.50 s]
0.0.Q3: Trace Attempt  3	[93.50 s]
0.0.Q3: Trace Attempt  4	[93.50 s]
0.0.Q3: Trace Attempt  5	[93.50 s]
0.0.Q3: Restart 377, Seed 4403882729137ece, 50.0%
0.0.Q3: Trace Attempt  1	[93.74 s]
0.0.Q3: Trace Attempt  2	[93.74 s]
0.0.Q3: Trace Attempt  3	[93.75 s]
0.0.Q3: Trace Attempt  4	[93.75 s]
0.0.Q3: Trace Attempt  5	[93.75 s]
0.0.Q3: Restart 378, Seed facff2b38f4d77cb, 50.0%
0.0.Q3: Trace Attempt  1	[93.99 s]
0.0.Q3: Trace Attempt  2	[93.99 s]
0.0.Q3: Trace Attempt  3	[93.99 s]
0.0.Q3: Trace Attempt  4	[93.99 s]
0.0.Q3: Trace Attempt  5	[94.00 s]
0.0.Q2: Trace Attempt 1653	[94.20 s]
0.0.Q3: Restart 379, Seed d827247667098252, 50.0%
0.0.Q3: Trace Attempt  1	[94.24 s]
0.0.Q3: Trace Attempt  2	[94.24 s]
0.0.Q3: Trace Attempt  3	[94.24 s]
0.0.Q3: Trace Attempt  4	[94.24 s]
0.0.Q3: Trace Attempt  5	[94.24 s]
0.0.Q3: Restart 380, Seed f2a5093bd08ea9f7, 50.0%
0.0.Q3: Trace Attempt  1	[94.49 s]
0.0.Q3: Trace Attempt  2	[94.49 s]
0.0.Q3: Trace Attempt  3	[94.49 s]
0.0.Q3: Trace Attempt  4	[94.49 s]
0.0.Q3: Trace Attempt  5	[94.49 s]
0.0.Q3: Restart 381, Seed 542a49d55c0ff19a, 50.0%
0.0.Q3: Trace Attempt  1	[94.73 s]
0.0.Q3: Trace Attempt  2	[94.73 s]
0.0.Q3: Trace Attempt  3	[94.74 s]
0.0.Q3: Trace Attempt  4	[94.74 s]
0.0.Q3: Trace Attempt  5	[94.74 s]
0.0.Q3: Restart 382, Seed d3328380a9f21f6d, 50.0%
0.0.Q3: Trace Attempt  1	[94.98 s]
0.0.Q3: Trace Attempt  2	[94.98 s]
0.0.Q3: Trace Attempt  3	[94.98 s]
0.0.Q3: Trace Attempt  4	[94.98 s]
0.0.Q3: Trace Attempt  5	[94.99 s]
0.0.Q3: Restart 383, Seed f2670f04043154d2, 50.0%
0.0.Q3: Trace Attempt  1	[95.23 s]
0.0.Q3: Trace Attempt  2	[95.23 s]
0.0.Q3: Trace Attempt  3	[95.23 s]
0.0.Q3: Trace Attempt  4	[95.23 s]
0.0.Q3: Trace Attempt  5	[95.23 s]
0.0.Q3: Restart 384, Seed 20e20cb71380a5bf, 50.0%
0.0.Q3: Trace Attempt  1	[95.47 s]
0.0.Q3: Trace Attempt  2	[95.48 s]
0.0.Q3: Trace Attempt  3	[95.48 s]
0.0.Q3: Trace Attempt  4	[95.48 s]
0.0.Q3: Trace Attempt  5	[95.48 s]
0.0.Q3: Restart 385, Seed d42b9997905a88cb, 50.0%
0.0.Q3: Trace Attempt  1	[95.72 s]
0.0.Q3: Trace Attempt  2	[95.72 s]
0.0.Q3: Trace Attempt  3	[95.72 s]
0.0.Q3: Trace Attempt  4	[95.73 s]
0.0.Q3: Trace Attempt  5	[95.73 s]
0.0.Q3: Restart 386, Seed 1f0d882d1f887db2, 50.0%
0.0.Q3: Trace Attempt  1	[95.97 s]
0.0.Q3: Trace Attempt  2	[95.97 s]
0.0.Q3: Trace Attempt  3	[95.97 s]
0.0.Q3: Trace Attempt  4	[95.97 s]
0.0.Q3: Trace Attempt  5	[95.97 s]
0.0.Q3: Restart 387, Seed da0826a894798d4e, 50.0%
0.0.Q3: Trace Attempt  1	[96.22 s]
0.0.Q3: Trace Attempt  2	[96.22 s]
0.0.Q3: Trace Attempt  3	[96.22 s]
0.0.Q3: Trace Attempt  4	[96.22 s]
0.0.Q3: Trace Attempt  5	[96.22 s]
0.0.Q3: Restart 388, Seed 1d95f5f57bbd4998, 50.0%
0.0.Q3: Trace Attempt  1	[96.46 s]
0.0.Q3: Trace Attempt  2	[96.47 s]
0.0.Q3: Trace Attempt  3	[96.47 s]
0.0.Q3: Trace Attempt  4	[96.47 s]
0.0.Q3: Trace Attempt  5	[96.47 s]
0.0.Q3: Restart 389, Seed f2bd605156d186e4, 50.0%
0.0.Q3: Trace Attempt  1	[96.71 s]
0.0.Q3: Trace Attempt  2	[96.71 s]
0.0.Q3: Trace Attempt  3	[96.71 s]
0.0.Q3: Trace Attempt  4	[96.72 s]
0.0.Q3: Trace Attempt  5	[96.72 s]
0.0.Q3: Restart 390, Seed 3e3c0bdfcb2cf384, 50.0%
0.0.Q3: Trace Attempt  1	[96.96 s]
0.0.Q3: Trace Attempt  2	[96.96 s]
0.0.Q3: Trace Attempt  3	[96.96 s]
0.0.Q3: Trace Attempt  4	[96.96 s]
0.0.Q3: Trace Attempt  5	[96.96 s]
0.0.Q3: Restart 391, Seed ddf189d58beaaf35, 50.0%
0.0.Q3: Trace Attempt  1	[97.21 s]
0.0.Q3: Trace Attempt  2	[97.21 s]
0.0.Q3: Trace Attempt  3	[97.21 s]
0.0.Q3: Trace Attempt  4	[97.21 s]
0.0.Q3: Trace Attempt  5	[97.21 s]
0.0.Q3: Restart 392, Seed e52f1768c1e49150, 50.0%
0.0.Q3: Trace Attempt  1	[97.45 s]
0.0.Q3: Trace Attempt  2	[97.45 s]
0.0.Q3: Trace Attempt  3	[97.46 s]
0.0.Q3: Trace Attempt  4	[97.46 s]
0.0.Q3: Trace Attempt  5	[97.46 s]
0.0.Q3: Restart 393, Seed 70b400482eb2a8d6, 50.0%
0.0.Q3: Trace Attempt  1	[97.70 s]
0.0.Q3: Trace Attempt  2	[97.70 s]
0.0.Q3: Trace Attempt  3	[97.70 s]
0.0.Q3: Trace Attempt  4	[97.70 s]
0.0.Q3: Trace Attempt  5	[97.70 s]
0.0.Q3: Restart 394, Seed ccf41a30b1efb33e, 50.0%
0.0.Q3: Trace Attempt  1	[97.95 s]
0.0.Q3: Trace Attempt  2	[97.95 s]
0.0.Q3: Trace Attempt  3	[97.95 s]
0.0.Q3: Trace Attempt  4	[97.95 s]
0.0.Q3: Trace Attempt  5	[97.95 s]
0.0.Q3: Restart 395, Seed da42328b27773a1f, 50.0%
0.0.Q3: Trace Attempt  1	[98.19 s]
0.0.Q3: Trace Attempt  2	[98.20 s]
0.0.Q3: Trace Attempt  3	[98.20 s]
0.0.Q3: Trace Attempt  4	[98.20 s]
0.0.Q3: Trace Attempt  5	[98.20 s]
0.0.Q2: Trace Attempt 1725	[98.26 s]
0.0.Q3: Restart 396, Seed ca3ab1db5ed3e4a8, 50.0%
0.0.Q3: Trace Attempt  1	[98.44 s]
0.0.Q3: Trace Attempt  2	[98.44 s]
0.0.Q3: Trace Attempt  3	[98.44 s]
0.0.Q3: Trace Attempt  4	[98.45 s]
0.0.Q3: Trace Attempt  5	[98.45 s]
0.0.Q3: Restart 397, Seed 579d016de78f8ef9, 50.0%
0.0.Q3: Trace Attempt  1	[98.69 s]
0.0.Q3: Trace Attempt  2	[98.69 s]
0.0.Q3: Trace Attempt  3	[98.69 s]
0.0.Q3: Trace Attempt  4	[98.69 s]
0.0.Q3: Trace Attempt  5	[98.69 s]
0.0.Q3: Restart 398, Seed 393ab2b1dde9b33a, 50.0%
0.0.Q3: Trace Attempt  1	[98.94 s]
0.0.Q3: Trace Attempt  2	[98.94 s]
0.0.Q3: Trace Attempt  3	[98.94 s]
0.0.Q3: Trace Attempt  4	[98.94 s]
0.0.Q3: Trace Attempt  5	[98.94 s]
0.0.Q3: Restart 399, Seed c20442539798ab7f, 50.0%
0.0.Q3: Trace Attempt  1	[99.19 s]
0.0.Q3: Trace Attempt  2	[99.19 s]
0.0.Q3: Trace Attempt  3	[99.19 s]
0.0.Q3: Trace Attempt  4	[99.19 s]
0.0.Q3: Trace Attempt  5	[99.19 s]
0.0.Q3: Restart 400, Seed 79bd56cf17b3a45a, 50.0%
0.0.Q3: Trace Attempt  1	[99.43 s]
0.0.Q3: Trace Attempt  2	[99.43 s]
0.0.Q3: Trace Attempt  3	[99.43 s]
0.0.Q3: Trace Attempt  4	[99.44 s]
0.0.Q3: Trace Attempt  5	[99.44 s]
0.0.Q3: Restart 401, Seed 23a080e5f88b238b, 50.0%
0.0.Q3: Trace Attempt  1	[99.68 s]
0.0.Q3: Trace Attempt  2	[99.68 s]
0.0.Q3: Trace Attempt  3	[99.68 s]
0.0.Q3: Trace Attempt  4	[99.68 s]
0.0.Q3: Trace Attempt  5	[99.68 s]
0.0.Q3: Restart 402, Seed c071a148e5f0f45d, 50.0%
0.0.Q3: Trace Attempt  1	[99.93 s]
0.0.Q3: Trace Attempt  2	[99.93 s]
0.0.Q3: Trace Attempt  3	[99.93 s]
0.0.Q3: Trace Attempt  4	[99.93 s]
0.0.Q3: Trace Attempt  5	[99.93 s]
0.0.Q3: Restart 403, Seed aaece3a1986f60f, 50.0%
0.0.Q3: Trace Attempt  1	[100.17 s]
0.0.Q3: Trace Attempt  2	[100.17 s]
0.0.Q3: Trace Attempt  3	[100.17 s]
0.0.Q3: Trace Attempt  4	[100.18 s]
0.0.Q3: Trace Attempt  5	[100.18 s]
0.0.Q3: Restart 404, Seed 89935b01c9e3a746, 50.0%
0.0.Q3: Trace Attempt  1	[100.42 s]
0.0.Q3: Trace Attempt  2	[100.42 s]
0.0.Q3: Trace Attempt  3	[100.42 s]
0.0.Q3: Trace Attempt  4	[100.42 s]
0.0.Q3: Trace Attempt  5	[100.42 s]
0.0.Q3: Restart 405, Seed 267d269ac8b88d52, 50.0%
0.0.Q3: Trace Attempt  1	[100.67 s]
0.0.Q3: Trace Attempt  2	[100.67 s]
0.0.Q3: Trace Attempt  3	[100.67 s]
0.0.Q3: Trace Attempt  4	[100.67 s]
0.0.Q3: Trace Attempt  5	[100.67 s]
0.0.Q3: Restart 406, Seed e5db169f3d29c46c, 50.0%
0.0.Q3: Trace Attempt  1	[100.91 s]
0.0.Q3: Trace Attempt  2	[100.92 s]
0.0.Q3: Trace Attempt  3	[100.92 s]
0.0.Q3: Trace Attempt  4	[100.92 s]
0.0.Q3: Trace Attempt  5	[100.92 s]
0.0.Q3: Restart 407, Seed d826806675ef6739, 50.0%
0.0.Q3: Trace Attempt  1	[101.16 s]
0.0.Q3: Trace Attempt  2	[101.16 s]
0.0.Q3: Trace Attempt  3	[101.16 s]
0.0.Q3: Trace Attempt  4	[101.16 s]
0.0.Q3: Trace Attempt  5	[101.17 s]
0.0.Q3: Restart 408, Seed 7ef3eecb8499a6d9, 50.0%
0.0.Q3: Trace Attempt  1	[101.41 s]
0.0.Q3: Trace Attempt  2	[101.41 s]
0.0.Q3: Trace Attempt  3	[101.41 s]
0.0.Q3: Trace Attempt  4	[101.41 s]
0.0.Q3: Trace Attempt  5	[101.41 s]
0.0.Q3: Restart 409, Seed 21a42b8c506c32e9, 50.0%
0.0.Q3: Trace Attempt  1	[101.66 s]
0.0.Q3: Trace Attempt  2	[101.66 s]
0.0.Q3: Trace Attempt  3	[101.66 s]
0.0.Q3: Trace Attempt  4	[101.66 s]
0.0.Q3: Trace Attempt  5	[101.66 s]
0.0.Q3: Restart 410, Seed 9ff0a956608ef0e3, 50.0%
0.0.Q3: Trace Attempt  1	[101.90 s]
0.0.Q3: Trace Attempt  2	[101.90 s]
0.0.Q3: Trace Attempt  3	[101.91 s]
0.0.Q3: Trace Attempt  4	[101.91 s]
0.0.Q3: Trace Attempt  5	[101.91 s]
0.0.Q3: Restart 411, Seed 48ddeab9e0978344, 50.0%
0.0.Q3: Trace Attempt  1	[102.15 s]
0.0.Q3: Trace Attempt  2	[102.15 s]
0.0.Q3: Trace Attempt  3	[102.15 s]
0.0.Q3: Trace Attempt  4	[102.15 s]
0.0.Q3: Trace Attempt  5	[102.15 s]
0.0.Q2: Trace Attempt 1796	[102.27 s]
0.0.Q3: Restart 412, Seed 3a7c72bbbfb47fe4, 50.0%
0.0.Q3: Trace Attempt  1	[102.40 s]
0.0.Q3: Trace Attempt  2	[102.40 s]
0.0.Q3: Trace Attempt  3	[102.40 s]
0.0.Q3: Trace Attempt  4	[102.40 s]
0.0.Q3: Trace Attempt  5	[102.40 s]
0.0.Q3: Restart 413, Seed 8f4bec35c6ad535a, 50.0%
0.0.Q3: Trace Attempt  1	[102.64 s]
0.0.Q3: Trace Attempt  2	[102.65 s]
0.0.Q3: Trace Attempt  3	[102.65 s]
0.0.Q3: Trace Attempt  4	[102.65 s]
0.0.Q3: Trace Attempt  5	[102.65 s]
0.0.Q3: Restart 414, Seed 2bd8dc89de15fc7a, 50.0%
0.0.Q3: Trace Attempt  1	[102.89 s]
0.0.Q3: Trace Attempt  2	[102.89 s]
0.0.Q3: Trace Attempt  3	[102.89 s]
0.0.Q3: Trace Attempt  4	[102.90 s]
0.0.Q3: Trace Attempt  5	[102.90 s]
0.0.Q3: Restart 415, Seed 9f2a7202424a64a1, 50.0%
0.0.Q3: Trace Attempt  1	[103.14 s]
0.0.Q3: Trace Attempt  2	[103.14 s]
0.0.Q3: Trace Attempt  3	[103.14 s]
0.0.Q3: Trace Attempt  4	[103.14 s]
0.0.Q3: Trace Attempt  5	[103.15 s]
0.0.Q3: Restart 416, Seed b7b3ffff10d7217, 50.0%
0.0.Q3: Trace Attempt  1	[103.39 s]
0.0.Q3: Trace Attempt  2	[103.40 s]
0.0.Q3: Trace Attempt  3	[103.40 s]
0.0.Q3: Trace Attempt  4	[103.40 s]
0.0.Q3: Trace Attempt  5	[103.40 s]
0.0.Q3: Restart 417, Seed 898846c4dc3596a1, 50.0%
0.0.Q3: Trace Attempt  1	[103.65 s]
0.0.Q3: Trace Attempt  2	[103.65 s]
0.0.Q3: Trace Attempt  3	[103.65 s]
0.0.Q3: Trace Attempt  4	[103.65 s]
0.0.Q3: Trace Attempt  5	[103.65 s]
0.0.Q3: Restart 418, Seed e0e887bf05eae499, 50.0%
0.0.Q3: Trace Attempt  1	[103.90 s]
0.0.Q3: Trace Attempt  2	[103.90 s]
0.0.Q3: Trace Attempt  3	[103.91 s]
0.0.Q3: Trace Attempt  4	[103.91 s]
0.0.Q3: Trace Attempt  5	[103.91 s]
0.0.Q3: Restart 419, Seed ca7c91b879fbb9e8, 50.0%
0.0.Q3: Trace Attempt  1	[104.16 s]
0.0.Q3: Trace Attempt  2	[104.16 s]
0.0.Q3: Trace Attempt  3	[104.16 s]
0.0.Q3: Trace Attempt  4	[104.16 s]
0.0.Q3: Trace Attempt  5	[104.16 s]
0.0.Q3: Restart 420, Seed bb9360d642c7f472, 50.0%
0.0.Q3: Trace Attempt  1	[104.41 s]
0.0.Q3: Trace Attempt  2	[104.41 s]
0.0.Q3: Trace Attempt  3	[104.41 s]
0.0.Q3: Trace Attempt  4	[104.42 s]
0.0.Q3: Trace Attempt  5	[104.42 s]
0.0.Q3: Restart 421, Seed 5beb263c59327b5c, 50.0%
0.0.Q3: Trace Attempt  1	[104.67 s]
0.0.Q3: Trace Attempt  2	[104.67 s]
0.0.Q3: Trace Attempt  3	[104.67 s]
0.0.Q3: Trace Attempt  4	[104.67 s]
0.0.Q3: Trace Attempt  5	[104.67 s]
0.0.Q3: Restart 422, Seed 33fed45600e0b065, 50.0%
0.0.Q3: Trace Attempt  1	[104.92 s]
0.0.Q3: Trace Attempt  2	[104.92 s]
0.0.Q3: Trace Attempt  3	[104.92 s]
0.0.Q3: Trace Attempt  4	[104.92 s]
0.0.Q3: Trace Attempt  5	[104.92 s]
0.0.Q3: Restart 423, Seed 8ba1226a8e1ce366, 50.0%
0.0.Q3: Trace Attempt  1	[105.18 s]
0.0.Q3: Trace Attempt  2	[105.18 s]
0.0.Q3: Trace Attempt  3	[105.18 s]
0.0.Q3: Trace Attempt  4	[105.18 s]
0.0.Q3: Trace Attempt  5	[105.18 s]
0.0.Q3: Restart 424, Seed 1dc107d45d23b76c, 50.0%
0.0.Q3: Trace Attempt  1	[105.44 s]
0.0.Q3: Trace Attempt  2	[105.44 s]
0.0.Q3: Trace Attempt  3	[105.44 s]
0.0.Q3: Trace Attempt  4	[105.44 s]
0.0.Q3: Trace Attempt  5	[105.44 s]
0.0.Q3: Restart 425, Seed a8414c82db6654e3, 50.0%
0.0.Q3: Trace Attempt  1	[105.70 s]
0.0.Q3: Trace Attempt  2	[105.70 s]
0.0.Q3: Trace Attempt  3	[105.70 s]
0.0.Q3: Trace Attempt  4	[105.70 s]
0.0.Q3: Trace Attempt  5	[105.70 s]
0.0.Q1: Trace Attempt 91	[105.87 s]
0.0.Q3: Restart 426, Seed 15ea426ca58ad006, 50.0%
0.0.Q3: Trace Attempt  1	[105.95 s]
0.0.Q3: Trace Attempt  2	[105.96 s]
0.0.Q3: Trace Attempt  3	[105.96 s]
0.0.Q3: Trace Attempt  4	[105.96 s]
0.0.Q3: Trace Attempt  5	[105.96 s]
0.0.Q3: Restart 427, Seed efa2b5fca1e62e1f, 50.0%
0.0.Q3: Trace Attempt  1	[106.21 s]
0.0.Q3: Trace Attempt  2	[106.21 s]
0.0.Q3: Trace Attempt  3	[106.22 s]
0.0.Q3: Trace Attempt  4	[106.22 s]
0.0.Q3: Trace Attempt  5	[106.22 s]
0.0.Q2: Trace Attempt 1860	[106.31 s]
0.0.Q3: Restart 428, Seed 2999b98ce1c2b314, 50.0%
0.0.Q3: Trace Attempt  1	[106.47 s]
0.0.Q3: Trace Attempt  2	[106.47 s]
0.0.Q3: Trace Attempt  3	[106.47 s]
0.0.Q3: Trace Attempt  4	[106.47 s]
0.0.Q3: Trace Attempt  5	[106.47 s]
0.0.Q3: Restart 429, Seed 7a03a59433d28375, 50.0%
0.0.Q3: Trace Attempt  1	[106.73 s]
0.0.Q3: Trace Attempt  2	[106.73 s]
0.0.Q3: Trace Attempt  3	[106.73 s]
0.0.Q3: Trace Attempt  4	[106.73 s]
0.0.Q3: Trace Attempt  5	[106.73 s]
0.0.Q3: Restart 430, Seed ee5ed58767668f58, 50.0%
0.0.Q3: Trace Attempt  1	[106.99 s]
0.0.Q3: Trace Attempt  2	[106.99 s]
0.0.Q3: Trace Attempt  3	[106.99 s]
0.0.Q3: Trace Attempt  4	[106.99 s]
0.0.Q3: Trace Attempt  5	[106.99 s]
0.0.Q3: Restart 431, Seed ec4150edb0eea946, 50.0%
0.0.Q3: Trace Attempt  1	[107.25 s]
0.0.Q3: Trace Attempt  2	[107.25 s]
0.0.Q3: Trace Attempt  3	[107.25 s]
0.0.Q3: Trace Attempt  4	[107.25 s]
0.0.Q3: Trace Attempt  5	[107.25 s]
0.0.Q3: Restart 432, Seed c722758961432ec, 50.0%
0.0.Q3: Trace Attempt  1	[107.50 s]
0.0.Q3: Trace Attempt  2	[107.51 s]
0.0.Q3: Trace Attempt  3	[107.51 s]
0.0.Q3: Trace Attempt  4	[107.51 s]
0.0.Q3: Trace Attempt  5	[107.51 s]
0.0.Q3: Restart 433, Seed df48f55d1a8d0c44, 50.0%
0.0.Q3: Trace Attempt  1	[107.76 s]
0.0.Q3: Trace Attempt  2	[107.76 s]
0.0.Q3: Trace Attempt  3	[107.76 s]
0.0.Q3: Trace Attempt  4	[107.77 s]
0.0.Q3: Trace Attempt  5	[107.77 s]
0.0.Q3: Restart 434, Seed b8674d255977205c, 50.0%
0.0.Q3: Trace Attempt  1	[108.02 s]
0.0.Q3: Trace Attempt  2	[108.02 s]
0.0.Q3: Trace Attempt  3	[108.02 s]
0.0.Q3: Trace Attempt  4	[108.02 s]
0.0.Q3: Trace Attempt  5	[108.02 s]
0.0.Q3: Restart 435, Seed ab5c1916df086766, 50.0%
0.0.Q3: Trace Attempt  1	[108.28 s]
0.0.Q3: Trace Attempt  2	[108.28 s]
0.0.Q3: Trace Attempt  3	[108.28 s]
0.0.Q3: Trace Attempt  4	[108.28 s]
0.0.Q3: Trace Attempt  5	[108.28 s]
0.0.Q3: Restart 436, Seed c83c4f7fa325c75f, 50.0%
0.0.Q3: Trace Attempt  1	[108.53 s]
0.0.Q3: Trace Attempt  2	[108.53 s]
0.0.Q3: Trace Attempt  3	[108.54 s]
0.0.Q3: Trace Attempt  4	[108.54 s]
0.0.Q3: Trace Attempt  5	[108.54 s]
0.0.Q3: Restart 437, Seed ab9cbfbcbe3024f, 50.0%
0.0.Q3: Trace Attempt  1	[108.79 s]
0.0.Q3: Trace Attempt  2	[108.79 s]
0.0.Q3: Trace Attempt  3	[108.79 s]
0.0.Q3: Trace Attempt  4	[108.79 s]
0.0.Q3: Trace Attempt  5	[108.80 s]
0.0.Q3: Restart 438, Seed 10a27b38531ea67f, 50.0%
0.0.Q3: Trace Attempt  1	[109.05 s]
0.0.Q3: Trace Attempt  2	[109.05 s]
0.0.Q3: Trace Attempt  3	[109.05 s]
0.0.Q3: Trace Attempt  4	[109.05 s]
0.0.Q3: Trace Attempt  5	[109.05 s]
0.0.Q3: Restart 439, Seed 1febe1383047bb0b, 50.0%
0.0.Q3: Trace Attempt  1	[109.31 s]
0.0.Q3: Trace Attempt  2	[109.31 s]
0.0.Q3: Trace Attempt  3	[109.31 s]
0.0.Q3: Trace Attempt  4	[109.31 s]
0.0.Q3: Trace Attempt  5	[109.31 s]
0.0.Q3: Restart 440, Seed 21d0b7b2a3333171, 50.0%
0.0.Q3: Trace Attempt  1	[109.56 s]
0.0.Q3: Trace Attempt  2	[109.56 s]
0.0.Q3: Trace Attempt  3	[109.56 s]
0.0.Q3: Trace Attempt  4	[109.56 s]
0.0.Q3: Trace Attempt  5	[109.57 s]
0.0.Q3: Restart 441, Seed d41d0e68496ea202, 50.0%
0.0.Q3: Trace Attempt  1	[109.82 s]
0.0.Q3: Trace Attempt  2	[109.82 s]
0.0.Q3: Trace Attempt  3	[109.82 s]
0.0.Q3: Trace Attempt  4	[109.82 s]
0.0.Q3: Trace Attempt  5	[109.82 s]
0.0.Q3: Restart 442, Seed c07845dff9611205, 50.0%
0.0.Q3: Trace Attempt  1	[110.08 s]
0.0.Q3: Trace Attempt  2	[110.08 s]
0.0.Q3: Trace Attempt  3	[110.08 s]
0.0.Q3: Trace Attempt  4	[110.08 s]
0.0.Q3: Trace Attempt  5	[110.08 s]
0.0.Q3: Restart 443, Seed af6315de224d0a61, 50.0%
0.0.Q3: Trace Attempt  1	[110.33 s]
0.0.Q3: Trace Attempt  2	[110.33 s]
0.0.Q3: Trace Attempt  3	[110.33 s]
0.0.Q3: Trace Attempt  4	[110.34 s]
0.0.Q3: Trace Attempt  5	[110.34 s]
0.0.Q2: Trace Attempt 1933	[110.38 s]
0.0.Q3: Restart 444, Seed 1197dbf81b9def6a, 50.0%
0.0.Q3: Trace Attempt  1	[110.59 s]
0.0.Q3: Trace Attempt  2	[110.59 s]
0.0.Q3: Trace Attempt  3	[110.59 s]
0.0.Q3: Trace Attempt  4	[110.59 s]
0.0.Q3: Trace Attempt  5	[110.59 s]
0.0.Q3: Restart 445, Seed 3ec41b710e2876df, 50.0%
0.0.Q3: Trace Attempt  1	[110.85 s]
0.0.Q3: Trace Attempt  2	[110.85 s]
0.0.Q3: Trace Attempt  3	[110.85 s]
0.0.Q3: Trace Attempt  4	[110.85 s]
0.0.Q3: Trace Attempt  5	[110.85 s]
0.0.Q3: Restart 446, Seed 6ef7be9d4959b4bf, 50.0%
0.0.Q3: Trace Attempt  1	[111.11 s]
0.0.Q3: Trace Attempt  2	[111.11 s]
0.0.Q3: Trace Attempt  3	[111.11 s]
0.0.Q3: Trace Attempt  4	[111.11 s]
0.0.Q3: Trace Attempt  5	[111.11 s]
0.0.Q3: Restart 447, Seed fb38ca1f7daba99d, 50.0%
0.0.Q3: Trace Attempt  1	[111.36 s]
0.0.Q3: Trace Attempt  2	[111.36 s]
0.0.Q3: Trace Attempt  3	[111.36 s]
0.0.Q3: Trace Attempt  4	[111.36 s]
0.0.Q3: Trace Attempt  5	[111.37 s]
0.0.Q3: Restart 448, Seed 5e3accf869c92393, 50.0%
0.0.Q3: Trace Attempt  1	[111.62 s]
0.0.Q3: Trace Attempt  2	[111.62 s]
0.0.Q3: Trace Attempt  3	[111.62 s]
0.0.Q3: Trace Attempt  4	[111.62 s]
0.0.Q3: Trace Attempt  5	[111.62 s]
0.0.Q3: Restart 449, Seed bc3db9918ca20e52, 50.0%
0.0.Q3: Trace Attempt  1	[111.88 s]
0.0.Q3: Trace Attempt  2	[111.88 s]
0.0.Q3: Trace Attempt  3	[111.88 s]
0.0.Q3: Trace Attempt  4	[111.88 s]
0.0.Q3: Trace Attempt  5	[111.88 s]
0.0.Q3: Restart 450, Seed d039ff3f4bfdae2e, 50.0%
0.0.Q3: Trace Attempt  1	[112.14 s]
0.0.Q3: Trace Attempt  2	[112.14 s]
0.0.Q3: Trace Attempt  3	[112.14 s]
0.0.Q3: Trace Attempt  4	[112.14 s]
0.0.Q3: Trace Attempt  5	[112.14 s]
0.0.Q3: Restart 451, Seed dd94e100bbf7f927, 50.0%
0.0.Q3: Trace Attempt  1	[112.39 s]
0.0.Q3: Trace Attempt  2	[112.39 s]
0.0.Q3: Trace Attempt  3	[112.39 s]
0.0.Q3: Trace Attempt  4	[112.40 s]
0.0.Q3: Trace Attempt  5	[112.40 s]
0.0.Q3: Restart 452, Seed f2edf782507daaac, 50.0%
0.0.Q3: Trace Attempt  1	[112.65 s]
0.0.Q3: Trace Attempt  2	[112.65 s]
0.0.Q3: Trace Attempt  3	[112.65 s]
0.0.Q3: Trace Attempt  4	[112.66 s]
0.0.Q3: Trace Attempt  5	[112.66 s]
0.0.Q3: Restart 453, Seed 99e8e99fdf59ea12, 50.0%
0.0.Q3: Trace Attempt  1	[112.91 s]
0.0.Q3: Trace Attempt  2	[112.91 s]
0.0.Q3: Trace Attempt  3	[112.91 s]
0.0.Q3: Trace Attempt  4	[112.91 s]
0.0.Q3: Trace Attempt  5	[112.91 s]
0.0.Q3: Restart 454, Seed 726d2325cb3e7185, 50.0%
0.0.Q3: Trace Attempt  1	[113.17 s]
0.0.Q3: Trace Attempt  2	[113.17 s]
0.0.Q3: Trace Attempt  3	[113.17 s]
0.0.Q3: Trace Attempt  4	[113.17 s]
0.0.Q3: Trace Attempt  5	[113.17 s]
0.0.Q3: Restart 455, Seed 3879aab3237c2d92, 50.0%
0.0.Q3: Trace Attempt  1	[113.42 s]
0.0.Q3: Trace Attempt  2	[113.43 s]
0.0.Q3: Trace Attempt  3	[113.43 s]
0.0.Q3: Trace Attempt  4	[113.43 s]
0.0.Q3: Trace Attempt  5	[113.43 s]
0.0.Q3: Restart 456, Seed 2ece80d315ad93c3, 50.0%
0.0.Q3: Trace Attempt  1	[113.68 s]
0.0.Q3: Trace Attempt  2	[113.68 s]
0.0.Q3: Trace Attempt  3	[113.68 s]
0.0.Q3: Trace Attempt  4	[113.69 s]
0.0.Q3: Trace Attempt  5	[113.69 s]
0.0.Q3: Restart 457, Seed cd4a24e726c9f3b3, 50.0%
0.0.Q3: Trace Attempt  1	[113.94 s]
0.0.Q3: Trace Attempt  2	[113.94 s]
0.0.Q3: Trace Attempt  3	[113.94 s]
0.0.Q3: Trace Attempt  4	[113.94 s]
0.0.Q3: Trace Attempt  5	[113.94 s]
0.0.Q3: Restart 458, Seed 84ab88bd9b07145b, 50.0%
0.0.Q3: Trace Attempt  1	[114.20 s]
0.0.Q3: Trace Attempt  2	[114.20 s]
0.0.Q3: Trace Attempt  3	[114.20 s]
0.0.Q3: Trace Attempt  4	[114.20 s]
0.0.Q3: Trace Attempt  5	[114.20 s]
0.0.Q2: Trace Attempt 1975	[114.44 s]
0.0.Q3: Restart 459, Seed d2a5ba8dac3a5ca9, 50.0%
0.0.Q3: Trace Attempt  1	[114.45 s]
0.0.Q3: Trace Attempt  2	[114.46 s]
0.0.Q3: Trace Attempt  3	[114.46 s]
0.0.Q3: Trace Attempt  4	[114.46 s]
0.0.Q3: Trace Attempt  5	[114.46 s]
0.0.Q3: Restart 460, Seed 9ce991968f4a0df3, 50.0%
0.0.Q3: Trace Attempt  1	[114.71 s]
0.0.Q3: Trace Attempt  2	[114.71 s]
0.0.Q3: Trace Attempt  3	[114.71 s]
0.0.Q3: Trace Attempt  4	[114.72 s]
0.0.Q3: Trace Attempt  5	[114.72 s]
0.0.Q3: Restart 461, Seed a5a8b8ed8b4d5844, 50.0%
0.0.Q3: Trace Attempt  1	[114.97 s]
0.0.Q3: Trace Attempt  2	[114.97 s]
0.0.Q3: Trace Attempt  3	[114.97 s]
0.0.Q3: Trace Attempt  4	[114.97 s]
0.0.Q3: Trace Attempt  5	[114.97 s]
0.0.Q3: Restart 462, Seed 5790da34b0be2ba3, 50.0%
0.0.Q3: Trace Attempt  1	[115.23 s]
0.0.Q3: Trace Attempt  2	[115.23 s]
0.0.Q3: Trace Attempt  3	[115.23 s]
0.0.Q3: Trace Attempt  4	[115.23 s]
0.0.Q3: Trace Attempt  5	[115.23 s]
0.0.Q3: Restart 463, Seed 430780f27aa54bc3, 50.0%
0.0.Q3: Trace Attempt  1	[115.48 s]
0.0.Q3: Trace Attempt  2	[115.48 s]
0.0.Q3: Trace Attempt  3	[115.48 s]
0.0.Q3: Trace Attempt  4	[115.49 s]
0.0.Q3: Trace Attempt  5	[115.49 s]
0.0.Q3: Restart 464, Seed 5e8b8d200792765d, 50.0%
0.0.Q3: Trace Attempt  1	[115.74 s]
0.0.Q3: Trace Attempt  2	[115.74 s]
0.0.Q3: Trace Attempt  3	[115.74 s]
0.0.Q3: Trace Attempt  4	[115.74 s]
0.0.Q3: Trace Attempt  5	[115.75 s]
0.0.Q3: Restart 465, Seed 173fc6943ea28907, 50.0%
0.0.Q3: Trace Attempt  1	[116.00 s]
0.0.Q3: Trace Attempt  2	[116.00 s]
0.0.Q3: Trace Attempt  3	[116.00 s]
0.0.Q3: Trace Attempt  4	[116.00 s]
0.0.Q3: Trace Attempt  5	[116.00 s]
0.0.Q3: Restart 466, Seed 48ee0cf9b73de9bf, 50.0%
0.0.Q3: Trace Attempt  1	[116.25 s]
0.0.Q3: Trace Attempt  2	[116.26 s]
0.0.Q3: Trace Attempt  3	[116.26 s]
0.0.Q3: Trace Attempt  4	[116.26 s]
0.0.Q3: Trace Attempt  5	[116.26 s]
0.0.Q3: Restart 467, Seed ea52169fd8d38aaa, 50.0%
0.0.Q3: Trace Attempt  1	[116.51 s]
0.0.Q3: Trace Attempt  2	[116.51 s]
0.0.Q3: Trace Attempt  3	[116.51 s]
0.0.Q3: Trace Attempt  4	[116.52 s]
0.0.Q3: Trace Attempt  5	[116.52 s]
0.0.Q3: Restart 468, Seed c187757c3111ef2d, 50.0%
0.0.Q3: Trace Attempt  1	[116.77 s]
0.0.Q3: Trace Attempt  2	[116.77 s]
0.0.Q3: Trace Attempt  3	[116.77 s]
0.0.Q3: Trace Attempt  4	[116.77 s]
0.0.Q3: Trace Attempt  5	[116.77 s]
0.0.Q3: Restart 469, Seed 98d4262f58cde756, 50.0%
0.0.Q3: Trace Attempt  1	[117.03 s]
0.0.Q3: Trace Attempt  2	[117.03 s]
0.0.Q3: Trace Attempt  3	[117.03 s]
0.0.Q3: Trace Attempt  4	[117.03 s]
0.0.Q3: Trace Attempt  5	[117.03 s]
0.0.Q3: Restart 470, Seed 3ed17c170b08e784, 50.0%
0.0.Q3: Trace Attempt  1	[117.28 s]
0.0.Q3: Trace Attempt  2	[117.28 s]
0.0.Q3: Trace Attempt  3	[117.29 s]
0.0.Q3: Trace Attempt  4	[117.29 s]
0.0.Q3: Trace Attempt  5	[117.29 s]
0.0.Q3: Restart 471, Seed ba7495841844d281, 50.0%
0.0.Q3: Trace Attempt  1	[117.54 s]
0.0.Q3: Trace Attempt  2	[117.54 s]
0.0.Q3: Trace Attempt  3	[117.54 s]
0.0.Q3: Trace Attempt  4	[117.54 s]
0.0.Q3: Trace Attempt  5	[117.55 s]
0.0.Q3: Restart 472, Seed 1782a97def8a7814, 50.0%
0.0.Q3: Trace Attempt  1	[117.80 s]
0.0.Q3: Trace Attempt  2	[117.80 s]
0.0.Q3: Trace Attempt  3	[117.80 s]
0.0.Q3: Trace Attempt  4	[117.80 s]
0.0.Q3: Trace Attempt  5	[117.80 s]
0.0.Q3: Restart 473, Seed bc0ae2bcc2069834, 50.0%
0.0.Q3: Trace Attempt  1	[118.05 s]
0.0.Q3: Trace Attempt  2	[118.06 s]
0.0.Q3: Trace Attempt  3	[118.06 s]
0.0.Q3: Trace Attempt  4	[118.06 s]
0.0.Q3: Trace Attempt  5	[118.06 s]
0.0.Q3: Restart 474, Seed 1bfddd330087ae25, 50.0%
0.0.Q3: Trace Attempt  1	[118.31 s]
0.0.Q3: Trace Attempt  2	[118.31 s]
0.0.Q3: Trace Attempt  3	[118.31 s]
0.0.Q3: Trace Attempt  4	[118.31 s]
0.0.Q3: Trace Attempt  5	[118.31 s]
0.0.Q2: Trace Attempt 2029	[118.50 s]
0.0.Q3: Restart 475, Seed 4e08e7e1e0d33e5e, 50.0%
0.0.Q3: Trace Attempt  1	[118.57 s]
0.0.Q3: Trace Attempt  2	[118.57 s]
0.0.Q3: Trace Attempt  3	[118.57 s]
0.0.Q3: Trace Attempt  4	[118.57 s]
0.0.Q3: Trace Attempt  5	[118.57 s]
0.0.Q3: Restart 476, Seed 7134af3a4d6d8d80, 50.0%
0.0.Q3: Trace Attempt  1	[118.82 s]
0.0.Q3: Trace Attempt  2	[118.82 s]
0.0.Q3: Trace Attempt  3	[118.83 s]
0.0.Q3: Trace Attempt  4	[118.83 s]
0.0.Q3: Trace Attempt  5	[118.83 s]
0.0.Q3: Restart 477, Seed da95b93f5e8dd988, 50.0%
0.0.Q3: Trace Attempt  1	[119.08 s]
0.0.Q3: Trace Attempt  2	[119.08 s]
0.0.Q3: Trace Attempt  3	[119.08 s]
0.0.Q3: Trace Attempt  4	[119.08 s]
0.0.Q3: Trace Attempt  5	[119.08 s]
0.0.Q3: Restart 478, Seed cd5c15d2bf8b01f2, 50.0%
0.0.Q3: Trace Attempt  1	[119.34 s]
0.0.Q3: Trace Attempt  2	[119.34 s]
0.0.Q3: Trace Attempt  3	[119.34 s]
0.0.Q3: Trace Attempt  4	[119.34 s]
0.0.Q3: Trace Attempt  5	[119.34 s]
0.0.Q3: Restart 479, Seed 238509693a54da77, 50.0%
0.0.Q3: Trace Attempt  1	[119.59 s]
0.0.Q3: Trace Attempt  2	[119.60 s]
0.0.Q3: Trace Attempt  3	[119.60 s]
0.0.Q3: Trace Attempt  4	[119.60 s]
0.0.Q3: Trace Attempt  5	[119.60 s]
0.0.Q3: Restart 480, Seed 358c1e2852859b89, 50.0%
0.0.Q3: Trace Attempt  1	[119.85 s]
0.0.Q3: Trace Attempt  2	[119.85 s]
0.0.Q3: Trace Attempt  3	[119.86 s]
0.0.Q3: Trace Attempt  4	[119.86 s]
0.0.Q3: Trace Attempt  5	[119.86 s]
0.0.Q3: Restart 481, Seed 2ac83f0061b1c2ee, 50.0%
0.0.Q3: Trace Attempt  1	[120.11 s]
0.0.Q3: Trace Attempt  2	[120.11 s]
0.0.Q3: Trace Attempt  3	[120.11 s]
0.0.Q3: Trace Attempt  4	[120.11 s]
0.0.Q3: Trace Attempt  5	[120.11 s]
0.0.Q3: Restart 482, Seed d7fe14db749d4a0c, 50.0%
0.0.Q3: Trace Attempt  1	[120.36 s]
0.0.Q3: Trace Attempt  2	[120.37 s]
0.0.Q3: Trace Attempt  3	[120.37 s]
0.0.Q3: Trace Attempt  4	[120.37 s]
0.0.Q3: Trace Attempt  5	[120.37 s]
0.0.Q3: Restart 483, Seed 9bc04f1206191fc5, 50.0%
0.0.Q3: Trace Attempt  1	[120.62 s]
0.0.Q3: Trace Attempt  2	[120.62 s]
0.0.Q3: Trace Attempt  3	[120.62 s]
0.0.Q3: Trace Attempt  4	[120.62 s]
0.0.Q3: Trace Attempt  5	[120.63 s]
0.0.Q3: Restart 484, Seed a2f6ae58563f4e83, 50.0%
0.0.Q3: Trace Attempt  1	[120.88 s]
0.0.Q3: Trace Attempt  2	[120.88 s]
0.0.Q3: Trace Attempt  3	[120.88 s]
0.0.Q3: Trace Attempt  4	[120.88 s]
0.0.Q3: Trace Attempt  5	[120.88 s]
0.0.Q3: Restart 485, Seed cb6d57365fb79d23, 50.0%
0.0.Q3: Trace Attempt  1	[121.13 s]
0.0.Q3: Trace Attempt  2	[121.14 s]
0.0.Q3: Trace Attempt  3	[121.14 s]
0.0.Q3: Trace Attempt  4	[121.14 s]
0.0.Q3: Trace Attempt  5	[121.14 s]
0.0.Q3: Restart 486, Seed a31a3173d276326, 50.0%
0.0.Q3: Trace Attempt  1	[121.39 s]
0.0.Q3: Trace Attempt  2	[121.39 s]
0.0.Q3: Trace Attempt  3	[121.39 s]
0.0.Q3: Trace Attempt  4	[121.39 s]
0.0.Q3: Trace Attempt  5	[121.39 s]
0.0.Q3: Restart 487, Seed a3af7e1687c80044, 50.0%
0.0.Q3: Trace Attempt  1	[121.65 s]
0.0.Q3: Trace Attempt  2	[121.65 s]
0.0.Q3: Trace Attempt  3	[121.65 s]
0.0.Q3: Trace Attempt  4	[121.65 s]
0.0.Q3: Trace Attempt  5	[121.65 s]
0.0.Q3: Restart 488, Seed 299e630150fdaf53, 50.0%
0.0.Q3: Trace Attempt  1	[121.90 s]
0.0.Q3: Trace Attempt  2	[121.90 s]
0.0.Q3: Trace Attempt  3	[121.90 s]
0.0.Q3: Trace Attempt  4	[121.91 s]
0.0.Q3: Trace Attempt  5	[121.91 s]
0.0.Q3: Restart 489, Seed 88df2c08673f4680, 50.0%
0.0.Q3: Trace Attempt  1	[122.16 s]
0.0.Q3: Trace Attempt  2	[122.16 s]
0.0.Q3: Trace Attempt  3	[122.16 s]
0.0.Q3: Trace Attempt  4	[122.16 s]
0.0.Q3: Trace Attempt  5	[122.16 s]
0.0.Q3: Restart 490, Seed d9dea31ade5de3e8, 50.0%
0.0.Q3: Trace Attempt  1	[122.42 s]
0.0.Q3: Trace Attempt  2	[122.42 s]
0.0.Q3: Trace Attempt  3	[122.42 s]
0.0.Q3: Trace Attempt  4	[122.42 s]
0.0.Q3: Trace Attempt  5	[122.42 s]
0.0.Q2: Trace Attempt 2052	[122.69 s]
0.0.Q3: Restart 491, Seed af9f5cc4741b5dda, 50.0%
0.0.Q3: Trace Attempt  1	[122.67 s]
0.0.Q3: Trace Attempt  2	[122.67 s]
0.0.Q3: Trace Attempt  3	[122.67 s]
0.0.Q3: Trace Attempt  4	[122.67 s]
0.0.Q3: Trace Attempt  5	[122.68 s]
0.0.Q3: Restart 492, Seed d2fe537e60d3ad08, 50.0%
0.0.Q3: Trace Attempt  1	[122.93 s]
0.0.Q3: Trace Attempt  2	[122.93 s]
0.0.Q3: Trace Attempt  3	[122.93 s]
0.0.Q3: Trace Attempt  4	[122.93 s]
0.0.Q3: Trace Attempt  5	[122.93 s]
0.0.Q3: Restart 493, Seed 37e637b94eccff9d, 50.0%
0.0.Q3: Trace Attempt  1	[123.19 s]
0.0.Q3: Trace Attempt  2	[123.19 s]
0.0.Q3: Trace Attempt  3	[123.19 s]
0.0.Q3: Trace Attempt  4	[123.19 s]
0.0.Q3: Trace Attempt  5	[123.19 s]
0.0.Q3: Restart 494, Seed f87072cb14b481cd, 50.0%
0.0.Q3: Trace Attempt  1	[123.44 s]
0.0.Q3: Trace Attempt  2	[123.44 s]
0.0.Q3: Trace Attempt  3	[123.44 s]
0.0.Q3: Trace Attempt  4	[123.44 s]
0.0.Q3: Trace Attempt  5	[123.44 s]
0.0.Q3: Restart 495, Seed 48a2fff41b2d92ed, 50.0%
0.0.Q3: Trace Attempt  1	[123.70 s]
0.0.Q3: Trace Attempt  2	[123.70 s]
0.0.Q3: Trace Attempt  3	[123.70 s]
0.0.Q3: Trace Attempt  4	[123.70 s]
0.0.Q3: Trace Attempt  5	[123.70 s]
0.0.Q3: Restart 496, Seed a790f0db4e952617, 50.0%
0.0.Q3: Trace Attempt  1	[123.95 s]
0.0.Q3: Trace Attempt  2	[123.95 s]
0.0.Q3: Trace Attempt  3	[123.96 s]
0.0.Q3: Trace Attempt  4	[123.96 s]
0.0.Q3: Trace Attempt  5	[123.96 s]
0.0.Q3: Restart 497, Seed 22e6baa9f7042a02, 50.0%
0.0.Q3: Trace Attempt  1	[124.21 s]
0.0.Q3: Trace Attempt  2	[124.21 s]
0.0.Q3: Trace Attempt  3	[124.21 s]
0.0.Q3: Trace Attempt  4	[124.21 s]
0.0.Q3: Trace Attempt  5	[124.21 s]
0.0.Q3: Restart 498, Seed 1d412b601fe35444, 50.0%
0.0.Q3: Trace Attempt  1	[124.47 s]
0.0.Q3: Trace Attempt  2	[124.47 s]
0.0.Q3: Trace Attempt  3	[124.47 s]
0.0.Q3: Trace Attempt  4	[124.47 s]
0.0.Q3: Trace Attempt  5	[124.47 s]
0.0.Q3: Restart 499, Seed 5901c81410bb22e, 50.0%
0.0.Q3: Trace Attempt  1	[124.72 s]
0.0.Q3: Trace Attempt  2	[124.72 s]
0.0.Q3: Trace Attempt  3	[124.73 s]
0.0.Q3: Trace Attempt  4	[124.73 s]
0.0.Q3: Trace Attempt  5	[124.73 s]
0.0.Q3: Restart 500, Seed 219606118ae64e29, 50.0%
0.0.Q3: Trace Attempt  1	[124.98 s]
0.0.Q3: Trace Attempt  2	[124.98 s]
0.0.Q3: Trace Attempt  3	[124.98 s]
0.0.Q3: Trace Attempt  4	[124.98 s]
0.0.Q3: Trace Attempt  5	[124.98 s]
0.0.Q3: Restart 501, Seed 44df3352814bc71a, 50.0%
0.0.Q3: Trace Attempt  1	[125.24 s]
0.0.Q3: Trace Attempt  2	[125.24 s]
0.0.Q3: Trace Attempt  3	[125.24 s]
0.0.Q3: Trace Attempt  4	[125.24 s]
0.0.Q3: Trace Attempt  5	[125.24 s]
0.0.Q3: Restart 502, Seed e0efc6401e791ea6, 50.0%
0.0.Q3: Trace Attempt  1	[125.50 s]
0.0.Q3: Trace Attempt  2	[125.50 s]
0.0.Q3: Trace Attempt  3	[125.50 s]
0.0.Q3: Trace Attempt  4	[125.50 s]
0.0.Q3: Trace Attempt  5	[125.50 s]
0.0.Q3: Restart 503, Seed cea88c8dc5837aad, 50.0%
0.0.Q3: Trace Attempt  1	[125.75 s]
0.0.Q3: Trace Attempt  2	[125.75 s]
0.0.Q3: Trace Attempt  3	[125.75 s]
0.0.Q3: Trace Attempt  4	[125.76 s]
0.0.Q3: Trace Attempt  5	[125.76 s]
0.0.Q3: Restart 504, Seed 81e6139e3aa24397, 50.0%
0.0.Q3: Trace Attempt  1	[126.02 s]
0.0.Q3: Trace Attempt  2	[126.02 s]
0.0.Q3: Trace Attempt  3	[126.02 s]
0.0.Q3: Trace Attempt  4	[126.02 s]
0.0.Q3: Trace Attempt  5	[126.02 s]
0.0.Q3: Restart 505, Seed 57a60977042d94af, 50.0%
0.0.Q3: Trace Attempt  1	[126.27 s]
0.0.Q3: Trace Attempt  2	[126.28 s]
0.0.Q3: Trace Attempt  3	[126.28 s]
0.0.Q3: Trace Attempt  4	[126.28 s]
0.0.Q3: Trace Attempt  5	[126.28 s]
0.0.Q3: Restart 506, Seed 12fa4e48aeb49111, 50.0%
0.0.Q3: Trace Attempt  1	[126.53 s]
0.0.Q3: Trace Attempt  2	[126.53 s]
0.0.Q3: Trace Attempt  3	[126.53 s]
0.0.Q3: Trace Attempt  4	[126.54 s]
0.0.Q3: Trace Attempt  5	[126.54 s]
0.0.Q2: Trace Attempt 2088	[126.71 s]
0.0.Q3: Restart 507, Seed fa589096dd2beddd, 50.0%
0.0.Q3: Trace Attempt  1	[126.79 s]
0.0.Q3: Trace Attempt  2	[126.79 s]
0.0.Q3: Trace Attempt  3	[126.79 s]
0.0.Q3: Trace Attempt  4	[126.80 s]
0.0.Q3: Trace Attempt  5	[126.80 s]
0.0.Q3: Restart 508, Seed 84e6bfa6555107f9, 50.0%
0.0.Q3: Trace Attempt  1	[127.05 s]
0.0.Q3: Trace Attempt  2	[127.05 s]
0.0.Q3: Trace Attempt  3	[127.05 s]
0.0.Q3: Trace Attempt  4	[127.05 s]
0.0.Q3: Trace Attempt  5	[127.05 s]
0.0.Q3: Restart 509, Seed d665fd184a436a8f, 50.0%
0.0.Q3: Trace Attempt  1	[127.31 s]
0.0.Q3: Trace Attempt  2	[127.31 s]
0.0.Q3: Trace Attempt  3	[127.31 s]
0.0.Q3: Trace Attempt  4	[127.31 s]
0.0.Q3: Trace Attempt  5	[127.31 s]
0.0.Q3: Restart 510, Seed c2346a779a448bf1, 50.0%
0.0.Q3: Trace Attempt  1	[127.57 s]
0.0.Q3: Trace Attempt  2	[127.57 s]
0.0.Q3: Trace Attempt  3	[127.57 s]
0.0.Q3: Trace Attempt  4	[127.57 s]
0.0.Q3: Trace Attempt  5	[127.57 s]
0.0.Q3: Restart 511, Seed 1cada8038ef5e88a, 50.0%
0.0.Q3: Trace Attempt  1	[127.83 s]
0.0.Q3: Trace Attempt  2	[127.83 s]
0.0.Q3: Trace Attempt  3	[127.83 s]
0.0.Q3: Trace Attempt  4	[127.83 s]
0.0.Q3: Trace Attempt  5	[127.83 s]
0.0.Q3: Restart 512, Seed 5958f53727095a60, 50.0%
0.0.Q3: Trace Attempt  1	[128.09 s]
0.0.Q3: Trace Attempt  2	[128.09 s]
0.0.Q3: Trace Attempt  3	[128.09 s]
0.0.Q3: Trace Attempt  4	[128.09 s]
0.0.Q3: Trace Attempt  5	[128.09 s]
0.0.Q3: Restart 513, Seed 512507244af6fe98, 50.0%
0.0.Q3: Trace Attempt  1	[128.34 s]
0.0.Q3: Trace Attempt  2	[128.34 s]
0.0.Q3: Trace Attempt  3	[128.35 s]
0.0.Q3: Trace Attempt  4	[128.35 s]
0.0.Q3: Trace Attempt  5	[128.35 s]
0.0.Q3: Restart 514, Seed 422edc3aaedc5b2c, 50.0%
0.0.Q3: Trace Attempt  1	[128.60 s]
0.0.Q3: Trace Attempt  2	[128.60 s]
0.0.Q3: Trace Attempt  3	[128.60 s]
0.0.Q3: Trace Attempt  4	[128.61 s]
0.0.Q3: Trace Attempt  5	[128.61 s]
0.0.Q3: Restart 515, Seed 113ff8b7b4ea490e, 50.0%
0.0.Q3: Trace Attempt  1	[128.86 s]
0.0.Q3: Trace Attempt  2	[128.86 s]
0.0.Q3: Trace Attempt  3	[128.86 s]
0.0.Q3: Trace Attempt  4	[128.86 s]
0.0.Q3: Trace Attempt  5	[128.87 s]
0.0.Q3: Restart 516, Seed 5af221e23d1f5777, 50.0%
0.0.Q3: Trace Attempt  1	[129.12 s]
0.0.Q3: Trace Attempt  2	[129.12 s]
0.0.Q3: Trace Attempt  3	[129.12 s]
0.0.Q3: Trace Attempt  4	[129.12 s]
0.0.Q3: Trace Attempt  5	[129.12 s]
0.0.Q3: Restart 517, Seed 5b0657c27cb5ad09, 50.0%
0.0.Q3: Trace Attempt  1	[129.39 s]
0.0.Q3: Trace Attempt  2	[129.39 s]
0.0.Q3: Trace Attempt  3	[129.39 s]
0.0.Q3: Trace Attempt  4	[129.39 s]
0.0.Q3: Trace Attempt  5	[129.39 s]
0.0.Q3: Restart 518, Seed d63d05f28b27259c, 50.0%
0.0.Q3: Trace Attempt  1	[129.66 s]
0.0.Q3: Trace Attempt  2	[129.66 s]
0.0.Q3: Trace Attempt  3	[129.66 s]
0.0.Q3: Trace Attempt  4	[129.66 s]
0.0.Q3: Trace Attempt  5	[129.66 s]
0.0.Q3: Restart 519, Seed 383d3699191e07ff, 50.0%
0.0.Q3: Trace Attempt  1	[129.93 s]
0.0.Q3: Trace Attempt  2	[129.93 s]
0.0.Q3: Trace Attempt  3	[129.93 s]
0.0.Q3: Trace Attempt  4	[129.93 s]
0.0.Q3: Trace Attempt  5	[129.93 s]
0.0.Q3: Restart 520, Seed 45fa52e7567bb2de, 50.0%
0.0.Q3: Trace Attempt  1	[130.20 s]
0.0.Q3: Trace Attempt  2	[130.20 s]
0.0.Q3: Trace Attempt  3	[130.20 s]
0.0.Q3: Trace Attempt  4	[130.20 s]
0.0.Q3: Trace Attempt  5	[130.20 s]
0.0.Q3: Restart 521, Seed 8bb2ef7f95a7ffdb, 50.0%
0.0.Q3: Trace Attempt  1	[130.47 s]
0.0.Q3: Trace Attempt  2	[130.47 s]
0.0.Q3: Trace Attempt  3	[130.47 s]
0.0.Q3: Trace Attempt  4	[130.47 s]
0.0.Q3: Trace Attempt  5	[130.47 s]
0.0.Q3: Restart 522, Seed 7833796935081c95, 50.0%
0.0.Q3: Trace Attempt  1	[130.73 s]
0.0.Q3: Trace Attempt  2	[130.74 s]
0.0.Q3: Trace Attempt  3	[130.74 s]
0.0.Q3: Trace Attempt  4	[130.74 s]
0.0.Q3: Trace Attempt  5	[130.74 s]
0.0.Q2: Trace Attempt 2128	[130.76 s]
0.0.Q3: Restart 523, Seed 8bd3192a58f5aa, 50.0%
0.0.Q3: Trace Attempt  1	[131.00 s]
0.0.Q3: Trace Attempt  2	[131.00 s]
0.0.Q3: Trace Attempt  3	[131.00 s]
0.0.Q3: Trace Attempt  4	[131.01 s]
0.0.Q3: Trace Attempt  5	[131.01 s]
0.0.Q3: Restart 524, Seed 13e2c27ec6408b34, 50.0%
0.0.Q3: Trace Attempt  1	[131.27 s]
0.0.Q3: Trace Attempt  2	[131.27 s]
0.0.Q3: Trace Attempt  3	[131.27 s]
0.0.Q3: Trace Attempt  4	[131.28 s]
0.0.Q3: Trace Attempt  5	[131.28 s]
0.0.Q3: Restart 525, Seed c8390cdc3c25cfb3, 50.0%
0.0.Q3: Trace Attempt  1	[131.54 s]
0.0.Q3: Trace Attempt  2	[131.54 s]
0.0.Q3: Trace Attempt  3	[131.54 s]
0.0.Q3: Trace Attempt  4	[131.54 s]
0.0.Q3: Trace Attempt  5	[131.54 s]
0.0.Q3: Restart 526, Seed 7ee6e47483839ff5, 50.0%
0.0.Q3: Trace Attempt  1	[131.81 s]
0.0.Q3: Trace Attempt  2	[131.81 s]
0.0.Q3: Trace Attempt  3	[131.81 s]
0.0.Q3: Trace Attempt  4	[131.81 s]
0.0.Q3: Trace Attempt  5	[131.81 s]
0.0.Q3: Restart 527, Seed 20a97fa05a5b2932, 50.0%
0.0.Q3: Trace Attempt  1	[132.07 s]
0.0.Q3: Trace Attempt  2	[132.07 s]
0.0.Q3: Trace Attempt  3	[132.08 s]
0.0.Q3: Trace Attempt  4	[132.08 s]
0.0.Q3: Trace Attempt  5	[132.08 s]
0.0.Q3: Restart 528, Seed 1aa245190949b7f0, 50.0%
0.0.Q3: Trace Attempt  1	[132.34 s]
0.0.Q3: Trace Attempt  2	[132.34 s]
0.0.Q3: Trace Attempt  3	[132.34 s]
0.0.Q3: Trace Attempt  4	[132.34 s]
0.0.Q3: Trace Attempt  5	[132.35 s]
0.0.Q3: Restart 529, Seed 6676e71f6efc260c, 50.0%
0.0.Q3: Trace Attempt  1	[132.61 s]
0.0.Q3: Trace Attempt  2	[132.61 s]
0.0.Q3: Trace Attempt  3	[132.61 s]
0.0.Q3: Trace Attempt  4	[132.61 s]
0.0.Q3: Trace Attempt  5	[132.62 s]
0.0.Q3: Restart 530, Seed 8cedc96f4fffc542, 50.0%
0.0.Q3: Trace Attempt  1	[132.88 s]
0.0.Q3: Trace Attempt  2	[132.88 s]
0.0.Q3: Trace Attempt  3	[132.88 s]
0.0.Q3: Trace Attempt  4	[132.88 s]
0.0.Q3: Trace Attempt  5	[132.88 s]
0.0.Q3: Restart 531, Seed ad21fb217575c27, 50.0%
0.0.Q3: Trace Attempt  1	[133.14 s]
0.0.Q3: Trace Attempt  2	[133.14 s]
0.0.Q3: Trace Attempt  3	[133.14 s]
0.0.Q3: Trace Attempt  4	[133.15 s]
0.0.Q3: Trace Attempt  5	[133.15 s]
0.0.Q3: Restart 532, Seed e9beadd93eb22dfd, 50.0%
0.0.Q3: Trace Attempt  1	[133.41 s]
0.0.Q3: Trace Attempt  2	[133.41 s]
0.0.Q3: Trace Attempt  3	[133.41 s]
0.0.Q3: Trace Attempt  4	[133.41 s]
0.0.Q3: Trace Attempt  5	[133.41 s]
0.0.Q3: Restart 533, Seed 540c83f329d932e6, 50.0%
0.0.Q3: Trace Attempt  1	[133.68 s]
0.0.Q3: Trace Attempt  2	[133.68 s]
0.0.Q3: Trace Attempt  3	[133.68 s]
0.0.Q3: Trace Attempt  4	[133.68 s]
0.0.Q3: Trace Attempt  5	[133.68 s]
0.0.Q3: Restart 534, Seed fc51b29798481844, 50.0%
0.0.Q3: Trace Attempt  1	[133.94 s]
0.0.Q3: Trace Attempt  2	[133.94 s]
0.0.Q3: Trace Attempt  3	[133.94 s]
0.0.Q3: Trace Attempt  4	[133.94 s]
0.0.Q3: Trace Attempt  5	[133.94 s]
0.0.Q3: Restart 535, Seed d05066e3ad06c53f, 50.0%
0.0.Q3: Trace Attempt  1	[134.21 s]
0.0.Q3: Trace Attempt  2	[134.21 s]
0.0.Q3: Trace Attempt  3	[134.21 s]
0.0.Q3: Trace Attempt  4	[134.21 s]
0.0.Q3: Trace Attempt  5	[134.22 s]
0.0.Q3: Restart 536, Seed 614faecd0bc28d7f, 50.0%
0.0.Q3: Trace Attempt  1	[134.48 s]
0.0.Q3: Trace Attempt  2	[134.48 s]
0.0.Q3: Trace Attempt  3	[134.48 s]
0.0.Q3: Trace Attempt  4	[134.48 s]
0.0.Q3: Trace Attempt  5	[134.48 s]
0.0.Q3: Restart 537, Seed 578b71df37df689b, 50.0%
0.0.Q3: Trace Attempt  1	[134.74 s]
0.0.Q3: Trace Attempt  2	[134.74 s]
0.0.Q3: Trace Attempt  3	[134.74 s]
0.0.Q3: Trace Attempt  4	[134.75 s]
0.0.Q3: Trace Attempt  5	[134.75 s]
0.0.Q2: Trace Attempt 2174	[134.76 s]
0.0.Q3: Restart 538, Seed a8d897d3fe9bdd43, 50.0%
0.0.Q3: Trace Attempt  1	[135.01 s]
0.0.Q3: Trace Attempt  2	[135.01 s]
0.0.Q3: Trace Attempt  3	[135.01 s]
0.0.Q3: Trace Attempt  4	[135.01 s]
0.0.Q3: Trace Attempt  5	[135.01 s]
0.0.Q3: Restart 539, Seed ce0d539d0ed64a0d, 50.0%
0.0.Q3: Trace Attempt  1	[135.28 s]
0.0.Q3: Trace Attempt  2	[135.28 s]
0.0.Q3: Trace Attempt  3	[135.28 s]
0.0.Q3: Trace Attempt  4	[135.28 s]
0.0.Q3: Trace Attempt  5	[135.28 s]
0.0.Q3: Restart 540, Seed b27c9b03dabe61, 50.0%
0.0.Q3: Trace Attempt  1	[135.55 s]
0.0.Q3: Trace Attempt  2	[135.55 s]
0.0.Q3: Trace Attempt  3	[135.55 s]
0.0.Q3: Trace Attempt  4	[135.55 s]
0.0.Q3: Trace Attempt  5	[135.55 s]
0.0.Q3: Restart 541, Seed b9aadb1c7a3f74dd, 50.0%
0.0.Q3: Trace Attempt  1	[135.81 s]
0.0.Q3: Trace Attempt  2	[135.81 s]
0.0.Q3: Trace Attempt  3	[135.81 s]
0.0.Q3: Trace Attempt  4	[135.81 s]
0.0.Q3: Trace Attempt  5	[135.81 s]
0.0.Q3: Restart 542, Seed 3b33c9b010ddc1ad, 50.0%
0.0.Q3: Trace Attempt  1	[136.07 s]
0.0.Q3: Trace Attempt  2	[136.07 s]
0.0.Q3: Trace Attempt  3	[136.08 s]
0.0.Q3: Trace Attempt  4	[136.08 s]
0.0.Q3: Trace Attempt  5	[136.08 s]
0.0.Q3: Restart 543, Seed 78029cab7f521e86, 50.0%
0.0.Q3: Trace Attempt  1	[136.34 s]
0.0.Q3: Trace Attempt  2	[136.34 s]
0.0.Q3: Trace Attempt  3	[136.34 s]
0.0.Q3: Trace Attempt  4	[136.34 s]
0.0.Q3: Trace Attempt  5	[136.34 s]
0.0.Q3: Restart 544, Seed 42264ebc621925be, 50.0%
0.0.Q3: Trace Attempt  1	[136.60 s]
0.0.Q3: Trace Attempt  2	[136.60 s]
0.0.Q3: Trace Attempt  3	[136.60 s]
0.0.Q3: Trace Attempt  4	[136.61 s]
0.0.Q3: Trace Attempt  5	[136.61 s]
0.0.Q3: Restart 545, Seed 85788bb8a7229aa7, 50.0%
0.0.Q3: Trace Attempt  1	[136.87 s]
0.0.Q3: Trace Attempt  2	[136.87 s]
0.0.Q3: Trace Attempt  3	[136.87 s]
0.0.Q3: Trace Attempt  4	[136.87 s]
0.0.Q3: Trace Attempt  5	[136.87 s]
0.0.Q3: Restart 546, Seed 8fad67fa76253471, 50.0%
0.0.Q3: Trace Attempt  1	[137.13 s]
0.0.Q3: Trace Attempt  2	[137.13 s]
0.0.Q3: Trace Attempt  3	[137.13 s]
0.0.Q3: Trace Attempt  4	[137.13 s]
0.0.Q3: Trace Attempt  5	[137.13 s]
0.0.Q3: Restart 547, Seed db1b9bc594ab617e, 50.0%
0.0.Q3: Trace Attempt  1	[137.39 s]
0.0.Q3: Trace Attempt  2	[137.40 s]
0.0.Q3: Trace Attempt  3	[137.40 s]
0.0.Q3: Trace Attempt  4	[137.40 s]
0.0.Q3: Trace Attempt  5	[137.40 s]
0.0.Q3: Restart 548, Seed 11aa2f803ef11803, 50.0%
0.0.Q3: Trace Attempt  1	[137.66 s]
0.0.Q3: Trace Attempt  2	[137.66 s]
0.0.Q3: Trace Attempt  3	[137.66 s]
0.0.Q3: Trace Attempt  4	[137.66 s]
0.0.Q3: Trace Attempt  5	[137.66 s]
0.0.Q3: Restart 549, Seed a0b4616577fda2c5, 50.0%
0.0.Q3: Trace Attempt  1	[137.92 s]
0.0.Q3: Trace Attempt  2	[137.92 s]
0.0.Q3: Trace Attempt  3	[137.93 s]
0.0.Q3: Trace Attempt  4	[137.93 s]
0.0.Q3: Trace Attempt  5	[137.93 s]
0.0.Q3: Restart 550, Seed 1ad31d2b00faa78a, 50.0%
0.0.Q3: Trace Attempt  1	[138.19 s]
0.0.Q3: Trace Attempt  2	[138.19 s]
0.0.Q3: Trace Attempt  3	[138.19 s]
0.0.Q3: Trace Attempt  4	[138.19 s]
0.0.Q3: Trace Attempt  5	[138.19 s]
0.0.Q3: Restart 551, Seed d9136b6c12a97d8, 50.0%
0.0.Q3: Trace Attempt  1	[138.45 s]
0.0.Q3: Trace Attempt  2	[138.45 s]
0.0.Q3: Trace Attempt  3	[138.46 s]
0.0.Q3: Trace Attempt  4	[138.46 s]
0.0.Q3: Trace Attempt  5	[138.46 s]
0.0.Q3: Restart 552, Seed 81a369c8a85493b3, 50.0%
0.0.Q3: Trace Attempt  1	[138.72 s]
0.0.Q3: Trace Attempt  2	[138.72 s]
0.0.Q3: Trace Attempt  3	[138.73 s]
0.0.Q3: Trace Attempt  4	[138.73 s]
0.0.Q3: Trace Attempt  5	[138.73 s]
0.0.Q2: Trace Attempt 2218	[138.77 s]
0.0.Q3: Restart 553, Seed 242f519a938aef48, 50.0%
0.0.Q3: Trace Attempt  1	[138.99 s]
0.0.Q3: Trace Attempt  2	[138.99 s]
0.0.Q3: Trace Attempt  3	[138.99 s]
0.0.Q3: Trace Attempt  4	[138.99 s]
0.0.Q3: Trace Attempt  5	[139.00 s]
0.0.Q3: Restart 554, Seed c6dc8439b765c9b1, 50.0%
0.0.Q3: Trace Attempt  1	[139.25 s]
0.0.Q3: Trace Attempt  2	[139.25 s]
0.0.Q3: Trace Attempt  3	[139.26 s]
0.0.Q3: Trace Attempt  4	[139.26 s]
0.0.Q3: Trace Attempt  5	[139.26 s]
0.0.Q3: Restart 555, Seed 42f09f5d72bdfe0e, 50.0%
0.0.Q3: Trace Attempt  1	[139.53 s]
0.0.Q3: Trace Attempt  2	[139.53 s]
0.0.Q3: Trace Attempt  3	[139.53 s]
0.0.Q3: Trace Attempt  4	[139.53 s]
0.0.Q3: Trace Attempt  5	[139.53 s]
0.0.Q3: Restart 556, Seed ec6f0e23bb8f16ae, 50.0%
0.0.Q3: Trace Attempt  1	[139.80 s]
0.0.Q3: Trace Attempt  2	[139.80 s]
0.0.Q3: Trace Attempt  3	[139.80 s]
0.0.Q3: Trace Attempt  4	[139.80 s]
0.0.Q3: Trace Attempt  5	[139.80 s]
0.0.Q3: Restart 557, Seed 36a3a9ecededf059, 50.0%
0.0.Q3: Trace Attempt  1	[140.06 s]
0.0.Q3: Trace Attempt  2	[140.06 s]
0.0.Q3: Trace Attempt  3	[140.06 s]
0.0.Q3: Trace Attempt  4	[140.06 s]
0.0.Q3: Trace Attempt  5	[140.06 s]
0.0.Q3: Restart 558, Seed 3a7197c9c4df694c, 50.0%
0.0.Q3: Trace Attempt  1	[140.32 s]
0.0.Q3: Trace Attempt  2	[140.32 s]
0.0.Q3: Trace Attempt  3	[140.32 s]
0.0.Q3: Trace Attempt  4	[140.32 s]
0.0.Q3: Trace Attempt  5	[140.32 s]
0.0.Q3: Restart 559, Seed 3d3d61409dc84567, 50.0%
0.0.Q3: Trace Attempt  1	[140.58 s]
0.0.Q3: Trace Attempt  2	[140.58 s]
0.0.Q3: Trace Attempt  3	[140.58 s]
0.0.Q3: Trace Attempt  4	[140.58 s]
0.0.Q3: Trace Attempt  5	[140.58 s]
0.0.Q3: Restart 560, Seed 9631f4427daf3311, 50.0%
0.0.Q3: Trace Attempt  1	[140.84 s]
0.0.Q3: Trace Attempt  2	[140.84 s]
0.0.Q3: Trace Attempt  3	[140.85 s]
0.0.Q3: Trace Attempt  4	[140.85 s]
0.0.Q3: Trace Attempt  5	[140.85 s]
0.0.Q3: Restart 561, Seed 1ea614f2efa8b450, 50.0%
0.0.Q3: Trace Attempt  1	[141.11 s]
0.0.Q3: Trace Attempt  2	[141.12 s]
0.0.Q3: Trace Attempt  3	[141.12 s]
0.0.Q3: Trace Attempt  4	[141.12 s]
0.0.Q3: Trace Attempt  5	[141.12 s]
0.0.Q3: Restart 562, Seed a876db675fa73cb8, 50.0%
0.0.Q3: Trace Attempt  1	[141.38 s]
0.0.Q3: Trace Attempt  2	[141.39 s]
0.0.Q3: Trace Attempt  3	[141.39 s]
0.0.Q3: Trace Attempt  4	[141.39 s]
0.0.Q3: Trace Attempt  5	[141.39 s]
0.0.Q3: Restart 563, Seed cc38f6eb2b1d5051, 50.0%
0.0.Q3: Trace Attempt  1	[141.66 s]
0.0.Q3: Trace Attempt  2	[141.66 s]
0.0.Q3: Trace Attempt  3	[141.66 s]
0.0.Q3: Trace Attempt  4	[141.66 s]
0.0.Q3: Trace Attempt  5	[141.66 s]
0.0.Q3: Restart 564, Seed 888edb68a73909d2, 50.0%
0.0.Q3: Trace Attempt  1	[141.92 s]
0.0.Q3: Trace Attempt  2	[141.93 s]
0.0.Q3: Trace Attempt  3	[141.93 s]
0.0.Q3: Trace Attempt  4	[141.93 s]
0.0.Q3: Trace Attempt  5	[141.93 s]
0.0.Q3: Restart 565, Seed 1ac47e117f3da1f5, 50.0%
0.0.Q3: Trace Attempt  1	[142.19 s]
0.0.Q3: Trace Attempt  2	[142.19 s]
0.0.Q3: Trace Attempt  3	[142.20 s]
0.0.Q3: Trace Attempt  4	[142.20 s]
0.0.Q3: Trace Attempt  5	[142.20 s]
0.0.Q3: Restart 566, Seed 1a8290f5d1b67762, 50.0%
0.0.Q3: Trace Attempt  1	[142.46 s]
0.0.Q3: Trace Attempt  2	[142.46 s]
0.0.Q3: Trace Attempt  3	[142.46 s]
0.0.Q3: Trace Attempt  4	[142.47 s]
0.0.Q3: Trace Attempt  5	[142.47 s]
0.0.Q3: Restart 567, Seed 283e2ba7dd4c031a, 50.0%
0.0.Q3: Trace Attempt  1	[142.73 s]
0.0.Q3: Trace Attempt  2	[142.73 s]
0.0.Q3: Trace Attempt  3	[142.73 s]
0.0.Q3: Trace Attempt  4	[142.73 s]
0.0.Q3: Trace Attempt  5	[142.73 s]
0.0.Q2: Trace Attempt 2274	[142.77 s]
0.0.Q3: Restart 568, Seed feffe2c012b44a93, 50.0%
0.0.Q3: Trace Attempt  1	[143.00 s]
0.0.Q3: Trace Attempt  2	[143.00 s]
0.0.Q3: Trace Attempt  3	[143.00 s]
0.0.Q3: Trace Attempt  4	[143.00 s]
0.0.Q3: Trace Attempt  5	[143.00 s]
0.0.Q3: Restart 569, Seed 585bde1fb91318e4, 50.0%
0.0.Q3: Trace Attempt  1	[143.26 s]
0.0.Q3: Trace Attempt  2	[143.26 s]
0.0.Q3: Trace Attempt  3	[143.26 s]
0.0.Q3: Trace Attempt  4	[143.26 s]
0.0.Q3: Trace Attempt  5	[143.26 s]
0.0.Q3: Restart 570, Seed 72b96441a7b29b4c, 50.0%
0.0.Q3: Trace Attempt  1	[143.53 s]
0.0.Q3: Trace Attempt  2	[143.53 s]
0.0.Q3: Trace Attempt  3	[143.53 s]
0.0.Q3: Trace Attempt  4	[143.53 s]
0.0.Q3: Trace Attempt  5	[143.53 s]
0.0.Q3: Restart 571, Seed 73ea53753465e3b0, 50.0%
0.0.Q3: Trace Attempt  1	[143.79 s]
0.0.Q3: Trace Attempt  2	[143.79 s]
0.0.Q3: Trace Attempt  3	[143.80 s]
0.0.Q3: Trace Attempt  4	[143.80 s]
0.0.Q3: Trace Attempt  5	[143.80 s]
0.0.Q3: Restart 572, Seed bb6c29671a5ce46e, 50.0%
0.0.Q3: Trace Attempt  1	[144.06 s]
0.0.Q3: Trace Attempt  2	[144.06 s]
0.0.Q3: Trace Attempt  3	[144.06 s]
0.0.Q3: Trace Attempt  4	[144.06 s]
0.0.Q3: Trace Attempt  5	[144.06 s]
0.0.Q3: Restart 573, Seed 47e8be1ff9f85bf8, 50.0%
0.0.Q3: Trace Attempt  1	[144.33 s]
0.0.Q3: Trace Attempt  2	[144.33 s]
0.0.Q3: Trace Attempt  3	[144.33 s]
0.0.Q3: Trace Attempt  4	[144.33 s]
0.0.Q3: Trace Attempt  5	[144.33 s]
0.0.Q3: Restart 574, Seed 58b5d342c81d4711, 50.0%
0.0.Q3: Trace Attempt  1	[144.59 s]
0.0.Q3: Trace Attempt  2	[144.59 s]
0.0.Q3: Trace Attempt  3	[144.59 s]
0.0.Q3: Trace Attempt  4	[144.60 s]
0.0.Q3: Trace Attempt  5	[144.60 s]
0.0.Q3: Restart 575, Seed d7fafe50d296c61, 50.0%
0.0.Q3: Trace Attempt  1	[144.85 s]
0.0.Q3: Trace Attempt  2	[144.86 s]
0.0.Q3: Trace Attempt  3	[144.86 s]
0.0.Q3: Trace Attempt  4	[144.86 s]
0.0.Q3: Trace Attempt  5	[144.86 s]
0.0.Q3: Restart 576, Seed 209b5cbd227920c8, 50.0%
0.0.Q3: Trace Attempt  1	[145.12 s]
0.0.Q3: Trace Attempt  2	[145.12 s]
0.0.Q3: Trace Attempt  3	[145.12 s]
0.0.Q3: Trace Attempt  4	[145.13 s]
0.0.Q3: Trace Attempt  5	[145.13 s]
0.0.Q3: Restart 577, Seed aa57c26152a666ec, 50.0%
0.0.Q3: Trace Attempt  1	[145.39 s]
0.0.Q3: Trace Attempt  2	[145.39 s]
0.0.Q3: Trace Attempt  3	[145.39 s]
0.0.Q3: Trace Attempt  4	[145.39 s]
0.0.Q3: Trace Attempt  5	[145.39 s]
0.0.Q3: Restart 578, Seed d55bf181f4414ea9, 50.0%
0.0.Q3: Trace Attempt  1	[145.65 s]
0.0.Q3: Trace Attempt  2	[145.65 s]
0.0.Q3: Trace Attempt  3	[145.65 s]
0.0.Q3: Trace Attempt  4	[145.65 s]
0.0.Q3: Trace Attempt  5	[145.66 s]
0.0.Q3: Restart 579, Seed 5e2f16608368da6c, 50.0%
0.0.Q3: Trace Attempt  1	[145.91 s]
0.0.Q3: Trace Attempt  2	[145.91 s]
0.0.Q3: Trace Attempt  3	[145.92 s]
0.0.Q3: Trace Attempt  4	[145.92 s]
0.0.Q3: Trace Attempt  5	[145.92 s]
0.0.Q3: Restart 580, Seed 766969b982aa3a98, 50.0%
0.0.Q3: Trace Attempt  1	[146.19 s]
0.0.Q3: Trace Attempt  2	[146.19 s]
0.0.Q3: Trace Attempt  3	[146.19 s]
0.0.Q3: Trace Attempt  4	[146.19 s]
0.0.Q3: Trace Attempt  5	[146.20 s]
0.0.Q3: Restart 581, Seed 38dd6ee0ed6779d1, 50.0%
0.0.Q3: Trace Attempt  1	[146.47 s]
0.0.Q3: Trace Attempt  2	[146.47 s]
0.0.Q3: Trace Attempt  3	[146.47 s]
0.0.Q3: Trace Attempt  4	[146.47 s]
0.0.Q3: Trace Attempt  5	[146.47 s]
0.0.Q3: Restart 582, Seed 4355ff33e7e9dc25, 50.0%
0.0.Q3: Trace Attempt  1	[146.74 s]
0.0.Q3: Trace Attempt  2	[146.74 s]
0.0.Q3: Trace Attempt  3	[146.74 s]
0.0.Q3: Trace Attempt  4	[146.74 s]
0.0.Q3: Trace Attempt  5	[146.74 s]
0.0.Q2: Trace Attempt 2325	[146.78 s]
0.0.Q3: Restart 583, Seed 20e792e687c996c2, 50.0%
0.0.Q3: Trace Attempt  1	[147.01 s]
0.0.Q3: Trace Attempt  2	[147.01 s]
0.0.Q3: Trace Attempt  3	[147.01 s]
0.0.Q3: Trace Attempt  4	[147.02 s]
0.0.Q3: Trace Attempt  5	[147.02 s]
0.0.Q3: Restart 584, Seed 2485a59cb6c44e17, 50.0%
0.0.Q3: Trace Attempt  1	[147.28 s]
0.0.Q3: Trace Attempt  2	[147.28 s]
0.0.Q3: Trace Attempt  3	[147.29 s]
0.0.Q3: Trace Attempt  4	[147.29 s]
0.0.Q3: Trace Attempt  5	[147.29 s]
0.0.Q3: Restart 585, Seed f0875f09b124bea4, 50.0%
0.0.Q3: Trace Attempt  1	[147.56 s]
0.0.Q3: Trace Attempt  2	[147.56 s]
0.0.Q3: Trace Attempt  3	[147.56 s]
0.0.Q3: Trace Attempt  4	[147.56 s]
0.0.Q3: Trace Attempt  5	[147.56 s]
0.0.Q3: Restart 586, Seed 84fdcfc039e6220c, 50.0%
0.0.Q3: Trace Attempt  1	[147.82 s]
0.0.Q3: Trace Attempt  2	[147.82 s]
0.0.Q3: Trace Attempt  3	[147.83 s]
0.0.Q3: Trace Attempt  4	[147.83 s]
0.0.Q3: Trace Attempt  5	[147.83 s]
0.0.Q3: Restart 587, Seed 37a270f45142b160, 50.0%
0.0.Q3: Trace Attempt  1	[148.09 s]
0.0.Q3: Trace Attempt  2	[148.09 s]
0.0.Q3: Trace Attempt  3	[148.10 s]
0.0.Q3: Trace Attempt  4	[148.10 s]
0.0.Q3: Trace Attempt  5	[148.10 s]
0.0.Q3: Restart 588, Seed 2c847def2ddd2dec, 50.0%
0.0.Q3: Trace Attempt  1	[148.36 s]
0.0.Q3: Trace Attempt  2	[148.36 s]
0.0.Q3: Trace Attempt  3	[148.37 s]
0.0.Q3: Trace Attempt  4	[148.37 s]
0.0.Q3: Trace Attempt  5	[148.37 s]
0.0.Q3: Restart 589, Seed 9b1848de4a7af358, 50.0%
0.0.Q3: Trace Attempt  1	[148.64 s]
0.0.Q3: Trace Attempt  2	[148.64 s]
0.0.Q3: Trace Attempt  3	[148.64 s]
0.0.Q3: Trace Attempt  4	[148.64 s]
0.0.Q3: Trace Attempt  5	[148.64 s]
0.0.Q3: Restart 590, Seed a758ddc88d1b38da, 50.0%
0.0.Q3: Trace Attempt  1	[148.90 s]
0.0.Q3: Trace Attempt  2	[148.90 s]
0.0.Q3: Trace Attempt  3	[148.90 s]
0.0.Q3: Trace Attempt  4	[148.91 s]
0.0.Q3: Trace Attempt  5	[148.91 s]
0.0.Q3: Restart 591, Seed 34d129514cf3ab5b, 50.0%
0.0.Q3: Trace Attempt  1	[149.18 s]
0.0.Q3: Trace Attempt  2	[149.18 s]
0.0.Q3: Trace Attempt  3	[149.18 s]
0.0.Q3: Trace Attempt  4	[149.18 s]
0.0.Q3: Trace Attempt  5	[149.18 s]
0.0.Q3: Restart 592, Seed fe7962b835f7dcb3, 50.0%
0.0.Q3: Trace Attempt  1	[149.45 s]
0.0.Q3: Trace Attempt  2	[149.45 s]
0.0.Q3: Trace Attempt  3	[149.45 s]
0.0.Q3: Trace Attempt  4	[149.45 s]
0.0.Q3: Trace Attempt  5	[149.46 s]
0.0.Q3: Restart 593, Seed 3875f085e43ee2ff, 50.0%
0.0.Q3: Trace Attempt  1	[149.72 s]
0.0.Q3: Trace Attempt  2	[149.72 s]
0.0.Q3: Trace Attempt  3	[149.73 s]
0.0.Q3: Trace Attempt  4	[149.73 s]
0.0.Q3: Trace Attempt  5	[149.73 s]
0.0.Q3: Restart 594, Seed a8b851e77a507a, 50.0%
0.0.Q3: Trace Attempt  1	[150.00 s]
0.0.Q3: Trace Attempt  2	[150.00 s]
0.0.Q3: Trace Attempt  3	[150.00 s]
0.0.Q3: Trace Attempt  4	[150.00 s]
0.0.Q3: Trace Attempt  5	[150.00 s]
0.0.Q3: Restart 595, Seed 6c49b64511c5c0e2, 50.0%
0.0.Q3: Trace Attempt  1	[150.27 s]
0.0.Q3: Trace Attempt  2	[150.27 s]
0.0.Q3: Trace Attempt  3	[150.27 s]
0.0.Q3: Trace Attempt  4	[150.27 s]
0.0.Q3: Trace Attempt  5	[150.27 s]
0.0.Q3: Restart 596, Seed bf8f7ec0256bf4e, 50.0%
0.0.Q3: Trace Attempt  1	[150.54 s]
0.0.Q3: Trace Attempt  2	[150.54 s]
0.0.Q3: Trace Attempt  3	[150.54 s]
0.0.Q3: Trace Attempt  4	[150.54 s]
0.0.Q3: Trace Attempt  5	[150.54 s]
0.0.Q2: Trace Attempt 2373	[150.81 s]
0.0.Q3: Restart 597, Seed a47e7dec98b5f771, 50.0%
0.0.Q3: Trace Attempt  1	[150.81 s]
0.0.Q3: Trace Attempt  2	[150.81 s]
0.0.Q3: Trace Attempt  3	[150.81 s]
0.0.Q3: Trace Attempt  4	[150.81 s]
0.0.Q3: Trace Attempt  5	[150.81 s]
0.0.Q3: Restart 598, Seed 6b644a7989af6932, 50.0%
0.0.Q3: Trace Attempt  1	[151.08 s]
0.0.Q3: Trace Attempt  2	[151.08 s]
0.0.Q3: Trace Attempt  3	[151.09 s]
0.0.Q3: Trace Attempt  4	[151.09 s]
0.0.Q3: Trace Attempt  5	[151.09 s]
0.0.Q3: Restart 599, Seed b0a929081bc2fe02, 50.0%
0.0.Q3: Trace Attempt  1	[151.35 s]
0.0.Q3: Trace Attempt  2	[151.35 s]
0.0.Q3: Trace Attempt  3	[151.36 s]
0.0.Q3: Trace Attempt  4	[151.36 s]
0.0.Q3: Trace Attempt  5	[151.36 s]
0.0.Q3: Restart 600, Seed f5adfe4adf9c1d2b, 50.0%
0.0.Q3: Trace Attempt  1	[151.62 s]
0.0.Q3: Trace Attempt  2	[151.62 s]
0.0.Q3: Trace Attempt  3	[151.62 s]
0.0.Q3: Trace Attempt  4	[151.62 s]
0.0.Q3: Trace Attempt  5	[151.63 s]
0.0.Q3: Restart 601, Seed 66376ed87f06b992, 50.0%
0.0.Q3: Trace Attempt  1	[151.90 s]
0.0.Q3: Trace Attempt  2	[151.90 s]
0.0.Q3: Trace Attempt  3	[151.90 s]
0.0.Q3: Trace Attempt  4	[151.90 s]
0.0.Q3: Trace Attempt  5	[151.90 s]
0.0.Q3: Restart 602, Seed c50d49e53f5bfe5, 50.0%
0.0.Q3: Trace Attempt  1	[152.16 s]
0.0.Q3: Trace Attempt  2	[152.16 s]
0.0.Q3: Trace Attempt  3	[152.16 s]
0.0.Q3: Trace Attempt  4	[152.17 s]
0.0.Q3: Trace Attempt  5	[152.17 s]
0.0.Q3: Restart 603, Seed a38821efd1175715, 50.0%
0.0.Q3: Trace Attempt  1	[152.43 s]
0.0.Q3: Trace Attempt  2	[152.44 s]
0.0.Q3: Trace Attempt  3	[152.44 s]
0.0.Q3: Trace Attempt  4	[152.44 s]
0.0.Q3: Trace Attempt  5	[152.44 s]
0.0.Q3: Restart 604, Seed ff99429e52347317, 50.0%
0.0.Q3: Trace Attempt  1	[152.71 s]
0.0.Q3: Trace Attempt  2	[152.71 s]
0.0.Q3: Trace Attempt  3	[152.71 s]
0.0.Q3: Trace Attempt  4	[152.71 s]
0.0.Q3: Trace Attempt  5	[152.71 s]
0.0.Q3: Restart 605, Seed f4c7693563a2eaca, 50.0%
0.0.Q3: Trace Attempt  1	[152.98 s]
0.0.Q3: Trace Attempt  2	[152.98 s]
0.0.Q3: Trace Attempt  3	[152.99 s]
0.0.Q3: Trace Attempt  4	[152.99 s]
0.0.Q3: Trace Attempt  5	[152.99 s]
0.0.Q3: Restart 606, Seed f564bb17c4e5e43a, 50.0%
0.0.Q3: Trace Attempt  1	[153.26 s]
0.0.Q3: Trace Attempt  2	[153.26 s]
0.0.Q3: Trace Attempt  3	[153.26 s]
0.0.Q3: Trace Attempt  4	[153.26 s]
0.0.Q3: Trace Attempt  5	[153.26 s]
0.0.Q3: Restart 607, Seed e03c1539c222b13b, 50.0%
0.0.Q3: Trace Attempt  1	[153.53 s]
0.0.Q3: Trace Attempt  2	[153.53 s]
0.0.Q3: Trace Attempt  3	[153.53 s]
0.0.Q3: Trace Attempt  4	[153.53 s]
0.0.Q3: Trace Attempt  5	[153.53 s]
0.0.Q3: Restart 608, Seed a98fb4c9b3ccf9e3, 50.0%
0.0.Q3: Trace Attempt  1	[153.80 s]
0.0.Q3: Trace Attempt  2	[153.80 s]
0.0.Q3: Trace Attempt  3	[153.80 s]
0.0.Q3: Trace Attempt  4	[153.80 s]
0.0.Q3: Trace Attempt  5	[153.80 s]
0.0.Q3: Restart 609, Seed b7d1924b4fd50f23, 50.0%
0.0.Q3: Trace Attempt  1	[154.07 s]
0.0.Q3: Trace Attempt  2	[154.07 s]
0.0.Q3: Trace Attempt  3	[154.07 s]
0.0.Q3: Trace Attempt  4	[154.07 s]
0.0.Q3: Trace Attempt  5	[154.07 s]
0.0.Q3: Restart 610, Seed 44c6ae86bf7e45cf, 50.0%
0.0.Q3: Trace Attempt  1	[154.34 s]
0.0.Q3: Trace Attempt  2	[154.34 s]
0.0.Q3: Trace Attempt  3	[154.34 s]
0.0.Q3: Trace Attempt  4	[154.34 s]
0.0.Q3: Trace Attempt  5	[154.34 s]
0.0.Q3: Restart 611, Seed 2649951896a52c0b, 50.0%
0.0.Q3: Trace Attempt  1	[154.60 s]
0.0.Q3: Trace Attempt  2	[154.60 s]
0.0.Q3: Trace Attempt  3	[154.60 s]
0.0.Q3: Trace Attempt  4	[154.61 s]
0.0.Q3: Trace Attempt  5	[154.61 s]
0.0.Q2: Trace Attempt 2423	[154.81 s]
0.0.Q3: Restart 612, Seed a35aeaaef3d9033a, 50.0%
0.0.Q3: Trace Attempt  1	[154.87 s]
0.0.Q3: Trace Attempt  2	[154.87 s]
0.0.Q3: Trace Attempt  3	[154.87 s]
0.0.Q3: Trace Attempt  4	[154.88 s]
0.0.Q3: Trace Attempt  5	[154.88 s]
0.0.Q3: Restart 613, Seed 2e3b1c3070de2743, 50.0%
0.0.Q3: Trace Attempt  1	[155.14 s]
0.0.Q3: Trace Attempt  2	[155.14 s]
0.0.Q3: Trace Attempt  3	[155.14 s]
0.0.Q3: Trace Attempt  4	[155.14 s]
0.0.Q3: Trace Attempt  5	[155.14 s]
0.0.Q3: Restart 614, Seed e36abbfbdcff6b3e, 50.0%
0.0.Q3: Trace Attempt  1	[155.40 s]
0.0.Q3: Trace Attempt  2	[155.41 s]
0.0.Q3: Trace Attempt  3	[155.41 s]
0.0.Q3: Trace Attempt  4	[155.41 s]
0.0.Q3: Trace Attempt  5	[155.41 s]
0.0.Q3: Restart 615, Seed 6e5467cae3ae5ace, 50.0%
0.0.Q3: Trace Attempt  1	[155.68 s]
0.0.Q3: Trace Attempt  2	[155.68 s]
0.0.Q3: Trace Attempt  3	[155.68 s]
0.0.Q3: Trace Attempt  4	[155.68 s]
0.0.Q3: Trace Attempt  5	[155.68 s]
0.0.Q3: Restart 616, Seed dbee12ede75350e8, 50.0%
0.0.Q3: Trace Attempt  1	[155.95 s]
0.0.Q3: Trace Attempt  2	[155.95 s]
0.0.Q3: Trace Attempt  3	[155.95 s]
0.0.Q3: Trace Attempt  4	[155.95 s]
0.0.Q3: Trace Attempt  5	[155.95 s]
0.0.Q3: Restart 617, Seed 9f1890a3a8ff8385, 50.0%
0.0.Q3: Trace Attempt  1	[156.22 s]
0.0.Q3: Trace Attempt  2	[156.22 s]
0.0.Q3: Trace Attempt  3	[156.22 s]
0.0.Q3: Trace Attempt  4	[156.22 s]
0.0.Q3: Trace Attempt  5	[156.22 s]
0.0.Q3: Restart 618, Seed 3e031b990b475ff6, 50.0%
0.0.Q3: Trace Attempt  1	[156.49 s]
0.0.Q3: Trace Attempt  2	[156.49 s]
0.0.Q3: Trace Attempt  3	[156.49 s]
0.0.Q3: Trace Attempt  4	[156.49 s]
0.0.Q3: Trace Attempt  5	[156.49 s]
0.0.Q3: Restart 619, Seed f72ab5939308c22a, 50.0%
0.0.Q3: Trace Attempt  1	[156.76 s]
0.0.Q3: Trace Attempt  2	[156.76 s]
0.0.Q3: Trace Attempt  3	[156.76 s]
0.0.Q3: Trace Attempt  4	[156.76 s]
0.0.Q3: Trace Attempt  5	[156.76 s]
0.0.Q3: Restart 620, Seed c12d735c21552b0, 50.0%
0.0.Q3: Trace Attempt  1	[157.03 s]
0.0.Q3: Trace Attempt  2	[157.03 s]
0.0.Q3: Trace Attempt  3	[157.03 s]
0.0.Q3: Trace Attempt  4	[157.03 s]
0.0.Q3: Trace Attempt  5	[157.03 s]
0.0.Q3: Restart 621, Seed ac3712f701e4f3e2, 50.0%
0.0.Q3: Trace Attempt  1	[157.29 s]
0.0.Q3: Trace Attempt  2	[157.30 s]
0.0.Q3: Trace Attempt  3	[157.30 s]
0.0.Q3: Trace Attempt  4	[157.30 s]
0.0.Q3: Trace Attempt  5	[157.30 s]
0.0.Q3: Restart 622, Seed 853b528085462282, 50.0%
0.0.Q3: Trace Attempt  1	[157.57 s]
0.0.Q3: Trace Attempt  2	[157.57 s]
0.0.Q3: Trace Attempt  3	[157.57 s]
0.0.Q3: Trace Attempt  4	[157.57 s]
0.0.Q3: Trace Attempt  5	[157.57 s]
0.0.Q3: Restart 623, Seed 1728c30eef22d89, 50.0%
0.0.Q3: Trace Attempt  1	[157.84 s]
0.0.Q3: Trace Attempt  2	[157.84 s]
0.0.Q3: Trace Attempt  3	[157.84 s]
0.0.Q3: Trace Attempt  4	[157.84 s]
0.0.Q3: Trace Attempt  5	[157.84 s]
0.0.Q3: Restart 624, Seed 73c824e39a2936c9, 50.0%
0.0.Q3: Trace Attempt  1	[158.11 s]
0.0.Q3: Trace Attempt  2	[158.11 s]
0.0.Q3: Trace Attempt  3	[158.12 s]
0.0.Q3: Trace Attempt  4	[158.12 s]
0.0.Q3: Trace Attempt  5	[158.12 s]
0.0.Q3: Restart 625, Seed c92c9a7cfc4feb14, 50.0%
0.0.Q3: Trace Attempt  1	[158.38 s]
0.0.Q3: Trace Attempt  2	[158.39 s]
0.0.Q3: Trace Attempt  3	[158.39 s]
0.0.Q3: Trace Attempt  4	[158.39 s]
0.0.Q3: Trace Attempt  5	[158.39 s]
0.0.Q3: Restart 626, Seed a03f27969b157e6b, 50.0%
0.0.Q3: Trace Attempt  1	[158.66 s]
0.0.Q3: Trace Attempt  2	[158.66 s]
0.0.Q3: Trace Attempt  3	[158.66 s]
0.0.Q3: Trace Attempt  4	[158.66 s]
0.0.Q3: Trace Attempt  5	[158.66 s]
0.0.Q2: Trace Attempt 2478	[158.88 s]
0.0.Q1: Trace Attempt 95	[158.90 s]
0.0.Q3: Restart 627, Seed 4eecfdbb80b964, 50.0%
0.0.Q3: Trace Attempt  1	[158.93 s]
0.0.Q3: Trace Attempt  2	[158.93 s]
0.0.Q3: Trace Attempt  3	[158.93 s]
0.0.Q3: Trace Attempt  4	[158.93 s]
0.0.Q3: Trace Attempt  5	[158.93 s]
0.0.Q3: Restart 628, Seed 7939b3ddbab3662b, 50.0%
0.0.Q3: Trace Attempt  1	[159.20 s]
0.0.Q3: Trace Attempt  2	[159.20 s]
0.0.Q3: Trace Attempt  3	[159.20 s]
0.0.Q3: Trace Attempt  4	[159.20 s]
0.0.Q3: Trace Attempt  5	[159.20 s]
0.0.Q3: Restart 629, Seed 16e684886a436cba, 50.0%
0.0.Q3: Trace Attempt  1	[159.47 s]
0.0.Q3: Trace Attempt  2	[159.47 s]
0.0.Q3: Trace Attempt  3	[159.47 s]
0.0.Q3: Trace Attempt  4	[159.47 s]
0.0.Q3: Trace Attempt  5	[159.47 s]
0.0.Q3: Restart 630, Seed 2e9b6e3323c687ee, 50.0%
0.0.Q3: Trace Attempt  1	[159.74 s]
0.0.Q3: Trace Attempt  2	[159.74 s]
0.0.Q3: Trace Attempt  3	[159.74 s]
0.0.Q3: Trace Attempt  4	[159.74 s]
0.0.Q3: Trace Attempt  5	[159.74 s]
0.0.Q3: Restart 631, Seed c279b0009eb08c38, 50.0%
0.0.Q3: Trace Attempt  1	[160.01 s]
0.0.Q3: Trace Attempt  2	[160.01 s]
0.0.Q3: Trace Attempt  3	[160.01 s]
0.0.Q3: Trace Attempt  4	[160.01 s]
0.0.Q3: Trace Attempt  5	[160.01 s]
0.0.Q3: Restart 632, Seed 18fb0a1433b80b2c, 50.0%
0.0.Q3: Trace Attempt  1	[160.28 s]
0.0.Q3: Trace Attempt  2	[160.28 s]
0.0.Q3: Trace Attempt  3	[160.28 s]
0.0.Q3: Trace Attempt  4	[160.28 s]
0.0.Q3: Trace Attempt  5	[160.29 s]
0.0.Q3: Restart 633, Seed 5652dfb92a7183df, 50.0%
0.0.Q3: Trace Attempt  1	[160.55 s]
0.0.Q3: Trace Attempt  2	[160.55 s]
0.0.Q3: Trace Attempt  3	[160.55 s]
0.0.Q3: Trace Attempt  4	[160.55 s]
0.0.Q3: Trace Attempt  5	[160.55 s]
0.0.Q3: Restart 634, Seed 3a855bb8189615d8, 50.0%
0.0.Q3: Trace Attempt  1	[160.82 s]
0.0.Q3: Trace Attempt  2	[160.82 s]
0.0.Q3: Trace Attempt  3	[160.82 s]
0.0.Q3: Trace Attempt  4	[160.82 s]
0.0.Q3: Trace Attempt  5	[160.82 s]
0.0.Q3: Restart 635, Seed c6a507053f85c2d3, 50.0%
0.0.Q3: Trace Attempt  1	[161.08 s]
0.0.Q3: Trace Attempt  2	[161.09 s]
0.0.Q3: Trace Attempt  3	[161.09 s]
0.0.Q3: Trace Attempt  4	[161.09 s]
0.0.Q3: Trace Attempt  5	[161.09 s]
0.0.Q3: Restart 636, Seed 135751e638fd5c0e, 50.0%
0.0.Q3: Trace Attempt  1	[161.36 s]
0.0.Q3: Trace Attempt  2	[161.36 s]
0.0.Q3: Trace Attempt  3	[161.36 s]
0.0.Q3: Trace Attempt  4	[161.36 s]
0.0.Q3: Trace Attempt  5	[161.36 s]
0.0.Q3: Restart 637, Seed 3a54ade9c22df965, 50.0%
0.0.Q3: Trace Attempt  1	[161.62 s]
0.0.Q3: Trace Attempt  2	[161.62 s]
0.0.Q3: Trace Attempt  3	[161.62 s]
0.0.Q3: Trace Attempt  4	[161.62 s]
0.0.Q3: Trace Attempt  5	[161.62 s]
0.0.Q3: Restart 638, Seed 4f7ec633eb93fe8a, 50.0%
0.0.Q3: Trace Attempt  1	[161.88 s]
0.0.Q3: Trace Attempt  2	[161.88 s]
0.0.Q3: Trace Attempt  3	[161.89 s]
0.0.Q3: Trace Attempt  4	[161.89 s]
0.0.Q3: Trace Attempt  5	[161.89 s]
0.0.Q3: Restart 639, Seed ae1af53fe6d91733, 50.0%
0.0.Q3: Trace Attempt  1	[162.15 s]
0.0.Q3: Trace Attempt  2	[162.15 s]
0.0.Q3: Trace Attempt  3	[162.16 s]
0.0.Q3: Trace Attempt  4	[162.16 s]
0.0.Q3: Trace Attempt  5	[162.16 s]
0.0.Q3: Restart 640, Seed de8df7ebe14cbf16, 50.0%
0.0.Q3: Trace Attempt  1	[162.43 s]
0.0.Q3: Trace Attempt  2	[162.43 s]
0.0.Q3: Trace Attempt  3	[162.43 s]
0.0.Q3: Trace Attempt  4	[162.43 s]
0.0.Q3: Trace Attempt  5	[162.43 s]
0.0.Q3: Restart 641, Seed 27dcd03004f3a715, 50.0%
0.0.Q3: Trace Attempt  1	[162.69 s]
0.0.Q3: Trace Attempt  2	[162.69 s]
0.0.Q3: Trace Attempt  3	[162.70 s]
0.0.Q3: Trace Attempt  4	[162.70 s]
0.0.Q3: Trace Attempt  5	[162.70 s]
0.0.Q2: Trace Attempt 2531	[162.93 s]
0.0.Q3: Restart 642, Seed fe76c142899dd043, 50.0%
0.0.Q3: Trace Attempt  1	[162.96 s]
0.0.Q3: Trace Attempt  2	[162.96 s]
0.0.Q3: Trace Attempt  3	[162.96 s]
0.0.Q3: Trace Attempt  4	[162.97 s]
0.0.Q3: Trace Attempt  5	[162.97 s]
0.0.Q3: Restart 643, Seed 3c2ac66d14cc5cdf, 50.0%
0.0.Q3: Trace Attempt  1	[163.23 s]
0.0.Q3: Trace Attempt  2	[163.23 s]
0.0.Q3: Trace Attempt  3	[163.23 s]
0.0.Q3: Trace Attempt  4	[163.23 s]
0.0.Q3: Trace Attempt  5	[163.23 s]
0.0.Q3: Restart 644, Seed ee0c7068bb4ab253, 50.0%
0.0.Q3: Trace Attempt  1	[163.50 s]
0.0.Q3: Trace Attempt  2	[163.50 s]
0.0.Q3: Trace Attempt  3	[163.50 s]
0.0.Q3: Trace Attempt  4	[163.50 s]
0.0.Q3: Trace Attempt  5	[163.50 s]
0.0.Q3: Restart 645, Seed bf2e6e5f7eec562c, 50.0%
0.0.Q3: Trace Attempt  1	[163.78 s]
0.0.Q3: Trace Attempt  2	[163.78 s]
0.0.Q3: Trace Attempt  3	[163.78 s]
0.0.Q3: Trace Attempt  4	[163.78 s]
0.0.Q3: Trace Attempt  5	[163.78 s]
0.0.Q3: Restart 646, Seed 8866aaaa4703ca29, 50.0%
0.0.Q3: Trace Attempt  1	[164.05 s]
0.0.Q3: Trace Attempt  2	[164.05 s]
0.0.Q3: Trace Attempt  3	[164.05 s]
0.0.Q3: Trace Attempt  4	[164.05 s]
0.0.Q3: Trace Attempt  5	[164.06 s]
0.0.Q3: Restart 647, Seed 82fa948ff0ea1816, 50.0%
0.0.Q3: Trace Attempt  1	[164.32 s]
0.0.Q3: Trace Attempt  2	[164.32 s]
0.0.Q3: Trace Attempt  3	[164.32 s]
0.0.Q3: Trace Attempt  4	[164.32 s]
0.0.Q3: Trace Attempt  5	[164.32 s]
0.0.Q3: Restart 648, Seed c4d3cda7af6d3184, 50.0%
0.0.Q3: Trace Attempt  1	[164.59 s]
0.0.Q3: Trace Attempt  2	[164.60 s]
0.0.Q3: Trace Attempt  3	[164.60 s]
0.0.Q3: Trace Attempt  4	[164.60 s]
0.0.Q3: Trace Attempt  5	[164.60 s]
0.0.Q3: Restart 649, Seed cb634414dbf62032, 50.0%
0.0.Q3: Trace Attempt  1	[164.87 s]
0.0.Q3: Trace Attempt  2	[164.88 s]
0.0.Q3: Trace Attempt  3	[164.88 s]
0.0.Q3: Trace Attempt  4	[164.88 s]
0.0.Q3: Trace Attempt  5	[164.88 s]
0.0.Q3: Restart 650, Seed e4715b2f42ea1ee2, 50.0%
0.0.Q3: Trace Attempt  1	[165.14 s]
0.0.Q3: Trace Attempt  2	[165.14 s]
0.0.Q3: Trace Attempt  3	[165.14 s]
0.0.Q3: Trace Attempt  4	[165.14 s]
0.0.Q3: Trace Attempt  5	[165.15 s]
0.0.Q3: Restart 651, Seed 5139c526555f9054, 50.0%
0.0.Q3: Trace Attempt  1	[165.41 s]
0.0.Q3: Trace Attempt  2	[165.41 s]
0.0.Q3: Trace Attempt  3	[165.41 s]
0.0.Q3: Trace Attempt  4	[165.41 s]
0.0.Q3: Trace Attempt  5	[165.41 s]
0.0.Q3: Restart 652, Seed 9cc3da48880bc9f6, 50.0%
0.0.Q3: Trace Attempt  1	[165.68 s]
0.0.Q3: Trace Attempt  2	[165.68 s]
0.0.Q3: Trace Attempt  3	[165.68 s]
0.0.Q3: Trace Attempt  4	[165.68 s]
0.0.Q3: Trace Attempt  5	[165.68 s]
0.0.Q1: Trace Attempt 96	[165.91 s]
0.0.Q3: Restart 653, Seed fb8ddd457eece0c5, 50.0%
0.0.Q3: Trace Attempt  1	[165.95 s]
0.0.Q3: Trace Attempt  2	[165.95 s]
0.0.Q3: Trace Attempt  3	[165.95 s]
0.0.Q3: Trace Attempt  4	[165.95 s]
0.0.Q3: Trace Attempt  5	[165.95 s]
0.0.Q3: Restart 654, Seed cf233d3db3b5d520, 50.0%
0.0.Q3: Trace Attempt  1	[166.22 s]
0.0.Q3: Trace Attempt  2	[166.22 s]
0.0.Q3: Trace Attempt  3	[166.23 s]
0.0.Q3: Trace Attempt  4	[166.23 s]
0.0.Q3: Trace Attempt  5	[166.23 s]
0.0.Q3: Restart 655, Seed e3d3ad8f3a43a259, 50.0%
0.0.Q3: Trace Attempt  1	[166.50 s]
0.0.Q3: Trace Attempt  2	[166.50 s]
0.0.Q3: Trace Attempt  3	[166.50 s]
0.0.Q3: Trace Attempt  4	[166.50 s]
0.0.Q3: Trace Attempt  5	[166.50 s]
0.0.Q3: Restart 656, Seed 31343a32c8bb0ea0, 50.0%
0.0.Q3: Trace Attempt  1	[166.77 s]
0.0.Q3: Trace Attempt  2	[166.77 s]
0.0.Q3: Trace Attempt  3	[166.77 s]
0.0.Q3: Trace Attempt  4	[166.77 s]
0.0.Q3: Trace Attempt  5	[166.78 s]
0.0.Q2: Trace Attempt 2580	[167.00 s]
0.0.Q3: Restart 657, Seed 2df139d908c1ee, 50.0%
0.0.Q3: Trace Attempt  1	[167.04 s]
0.0.Q3: Trace Attempt  2	[167.04 s]
0.0.Q3: Trace Attempt  3	[167.04 s]
0.0.Q3: Trace Attempt  4	[167.04 s]
0.0.Q3: Trace Attempt  5	[167.04 s]
0.0.Q3: Restart 658, Seed cf2b390c7ef01c5d, 50.0%
0.0.Q3: Trace Attempt  1	[167.31 s]
0.0.Q3: Trace Attempt  2	[167.31 s]
0.0.Q3: Trace Attempt  3	[167.31 s]
0.0.Q3: Trace Attempt  4	[167.31 s]
0.0.Q3: Trace Attempt  5	[167.32 s]
0.0.Q3: Restart 659, Seed 40345e38528e37de, 50.0%
0.0.Q3: Trace Attempt  1	[167.58 s]
0.0.Q3: Trace Attempt  2	[167.59 s]
0.0.Q3: Trace Attempt  3	[167.59 s]
0.0.Q3: Trace Attempt  4	[167.59 s]
0.0.Q3: Trace Attempt  5	[167.59 s]
0.0.Q3: Restart 660, Seed 8e10da567452f992, 50.0%
0.0.Q3: Trace Attempt  1	[167.85 s]
0.0.Q3: Trace Attempt  2	[167.85 s]
0.0.Q3: Trace Attempt  3	[167.85 s]
0.0.Q3: Trace Attempt  4	[167.86 s]
0.0.Q3: Trace Attempt  5	[167.86 s]
0.0.Q3: Restart 661, Seed bc2d165cac7ad4e8, 50.0%
0.0.Q3: Trace Attempt  1	[168.13 s]
0.0.Q3: Trace Attempt  2	[168.13 s]
0.0.Q3: Trace Attempt  3	[168.13 s]
0.0.Q3: Trace Attempt  4	[168.13 s]
0.0.Q3: Trace Attempt  5	[168.13 s]
0.0.Q3: Restart 662, Seed 49e385fc62daef4, 50.0%
0.0.Q3: Trace Attempt  1	[168.39 s]
0.0.Q3: Trace Attempt  2	[168.39 s]
0.0.Q3: Trace Attempt  3	[168.39 s]
0.0.Q3: Trace Attempt  4	[168.39 s]
0.0.Q3: Trace Attempt  5	[168.40 s]
0.0.Q3: Restart 663, Seed d3aae34e08822e8e, 50.0%
0.0.Q3: Trace Attempt  1	[168.66 s]
0.0.Q3: Trace Attempt  2	[168.66 s]
0.0.Q3: Trace Attempt  3	[168.66 s]
0.0.Q3: Trace Attempt  4	[168.66 s]
0.0.Q3: Trace Attempt  5	[168.66 s]
0.0.Q3: Restart 664, Seed d1cb5a9e985dc292, 50.0%
0.0.Q3: Trace Attempt  1	[168.93 s]
0.0.Q3: Trace Attempt  2	[168.93 s]
0.0.Q3: Trace Attempt  3	[168.93 s]
0.0.Q3: Trace Attempt  4	[168.93 s]
0.0.Q3: Trace Attempt  5	[168.93 s]
0.0.Q3: Restart 665, Seed e2061e28d445035e, 50.0%
0.0.Q3: Trace Attempt  1	[169.20 s]
0.0.Q3: Trace Attempt  2	[169.20 s]
0.0.Q3: Trace Attempt  3	[169.20 s]
0.0.Q3: Trace Attempt  4	[169.20 s]
0.0.Q3: Trace Attempt  5	[169.20 s]
0.0.Q3: Restart 666, Seed e9c8177d394a1ff6, 50.0%
0.0.Q3: Trace Attempt  1	[169.47 s]
0.0.Q3: Trace Attempt  2	[169.47 s]
0.0.Q3: Trace Attempt  3	[169.47 s]
0.0.Q3: Trace Attempt  4	[169.47 s]
0.0.Q3: Trace Attempt  5	[169.47 s]
0.0.Q3: Restart 667, Seed ca6fba13a15063ce, 50.0%
0.0.Q3: Trace Attempt  1	[169.74 s]
0.0.Q3: Trace Attempt  2	[169.74 s]
0.0.Q3: Trace Attempt  3	[169.74 s]
0.0.Q3: Trace Attempt  4	[169.74 s]
0.0.Q3: Trace Attempt  5	[169.74 s]
0.0.Q3: Restart 668, Seed 8b2be27acc925597, 50.0%
0.0.Q3: Trace Attempt  1	[170.01 s]
0.0.Q3: Trace Attempt  2	[170.01 s]
0.0.Q3: Trace Attempt  3	[170.01 s]
0.0.Q3: Trace Attempt  4	[170.01 s]
0.0.Q3: Trace Attempt  5	[170.01 s]
0.0.Q1: Trace Attempt 104	[170.12 s]
0.0.Q3: Restart 669, Seed e064bad7dec71aa3, 50.0%
0.0.Q3: Trace Attempt  1	[170.28 s]
0.0.Q3: Trace Attempt  2	[170.28 s]
0.0.Q3: Trace Attempt  3	[170.28 s]
0.0.Q3: Trace Attempt  4	[170.28 s]
0.0.Q3: Trace Attempt  5	[170.28 s]
0.0.Q3: Restart 670, Seed 78ed9c3bac2a37af, 50.0%
0.0.Q3: Trace Attempt  1	[170.55 s]
0.0.Q3: Trace Attempt  2	[170.55 s]
0.0.Q3: Trace Attempt  3	[170.55 s]
0.0.Q3: Trace Attempt  4	[170.55 s]
0.0.Q3: Trace Attempt  5	[170.55 s]
0.0.Q3: Restart 671, Seed da19f27619f237ae, 50.0%
0.0.Q3: Trace Attempt  1	[170.82 s]
0.0.Q3: Trace Attempt  2	[170.82 s]
0.0.Q3: Trace Attempt  3	[170.82 s]
0.0.Q3: Trace Attempt  4	[170.82 s]
0.0.Q3: Trace Attempt  5	[170.82 s]
0.0.Q2: Trace Attempt 2635	[171.08 s]
0.0.Q3: Restart 672, Seed a130c57d4c6414f8, 50.0%
0.0.Q3: Trace Attempt  1	[171.09 s]
0.0.Q3: Trace Attempt  2	[171.09 s]
0.0.Q3: Trace Attempt  3	[171.09 s]
0.0.Q3: Trace Attempt  4	[171.09 s]
0.0.Q3: Trace Attempt  5	[171.09 s]
0.0.Q3: Restart 673, Seed 23dfbba012ecd47b, 50.0%
0.0.Q3: Trace Attempt  1	[171.36 s]
0.0.Q3: Trace Attempt  2	[171.36 s]
0.0.Q3: Trace Attempt  3	[171.36 s]
0.0.Q3: Trace Attempt  4	[171.36 s]
0.0.Q3: Trace Attempt  5	[171.36 s]
0.0.Q3: Restart 674, Seed 296b13b08ac0c40e, 50.0%
0.0.Q3: Trace Attempt  1	[171.63 s]
0.0.Q3: Trace Attempt  2	[171.63 s]
0.0.Q3: Trace Attempt  3	[171.63 s]
0.0.Q3: Trace Attempt  4	[171.63 s]
0.0.Q3: Trace Attempt  5	[171.63 s]
0.0.Q3: Restart 675, Seed e547737013e38ae4, 50.0%
0.0.Q3: Trace Attempt  1	[171.90 s]
0.0.Q3: Trace Attempt  2	[171.90 s]
0.0.Q3: Trace Attempt  3	[171.90 s]
0.0.Q3: Trace Attempt  4	[171.90 s]
0.0.Q3: Trace Attempt  5	[171.90 s]
0.0.Q3: Restart 676, Seed fb0607ac5fafa3bc, 50.0%
0.0.Q3: Trace Attempt  1	[172.16 s]
0.0.Q3: Trace Attempt  2	[172.17 s]
0.0.Q3: Trace Attempt  3	[172.17 s]
0.0.Q3: Trace Attempt  4	[172.17 s]
0.0.Q3: Trace Attempt  5	[172.17 s]
0.0.Q3: Restart 677, Seed 3b6e71b02898ee32, 50.0%
0.0.Q3: Trace Attempt  1	[172.43 s]
0.0.Q3: Trace Attempt  2	[172.43 s]
0.0.Q3: Trace Attempt  3	[172.44 s]
0.0.Q3: Trace Attempt  4	[172.44 s]
0.0.Q3: Trace Attempt  5	[172.44 s]
0.0.Q3: Restart 678, Seed 3438dbf2a178f861, 50.0%
0.0.Q3: Trace Attempt  1	[172.70 s]
0.0.Q3: Trace Attempt  2	[172.70 s]
0.0.Q3: Trace Attempt  3	[172.70 s]
0.0.Q3: Trace Attempt  4	[172.70 s]
0.0.Q3: Trace Attempt  5	[172.71 s]
0.0.Q3: Restart 679, Seed 1d3bf062ef46cb75, 50.0%
0.0.Q3: Trace Attempt  1	[172.97 s]
0.0.Q3: Trace Attempt  2	[172.97 s]
0.0.Q3: Trace Attempt  3	[172.97 s]
0.0.Q3: Trace Attempt  4	[172.97 s]
0.0.Q3: Trace Attempt  5	[172.97 s]
0.0.Q3: Restart 680, Seed 81e4f14aae4ea8d0, 50.0%
0.0.Q3: Trace Attempt  1	[173.24 s]
0.0.Q3: Trace Attempt  2	[173.24 s]
0.0.Q3: Trace Attempt  3	[173.24 s]
0.0.Q3: Trace Attempt  4	[173.24 s]
0.0.Q3: Trace Attempt  5	[173.25 s]
0.0.Q3: Restart 681, Seed c2536456cd2767de, 50.0%
0.0.Q3: Trace Attempt  1	[173.51 s]
0.0.Q3: Trace Attempt  2	[173.51 s]
0.0.Q3: Trace Attempt  3	[173.51 s]
0.0.Q3: Trace Attempt  4	[173.51 s]
0.0.Q3: Trace Attempt  5	[173.52 s]
0.0.Q3: Restart 682, Seed 498430d1e9abcfa0, 50.0%
0.0.Q3: Trace Attempt  1	[173.78 s]
0.0.Q3: Trace Attempt  2	[173.78 s]
0.0.Q3: Trace Attempt  3	[173.78 s]
0.0.Q3: Trace Attempt  4	[173.78 s]
0.0.Q3: Trace Attempt  5	[173.78 s]
0.0.Q3: Restart 683, Seed e3ca5760a8565c80, 50.0%
0.0.Q3: Trace Attempt  1	[174.04 s]
0.0.Q3: Trace Attempt  2	[174.04 s]
0.0.Q3: Trace Attempt  3	[174.04 s]
0.0.Q3: Trace Attempt  4	[174.04 s]
0.0.Q3: Trace Attempt  5	[174.04 s]
0.0.Q3: Restart 684, Seed d15fe90bd59d2d3f, 50.0%
0.0.Q3: Trace Attempt  1	[174.31 s]
0.0.Q3: Trace Attempt  2	[174.31 s]
0.0.Q3: Trace Attempt  3	[174.31 s]
0.0.Q3: Trace Attempt  4	[174.31 s]
0.0.Q3: Trace Attempt  5	[174.31 s]
0.0.Q3: Restart 685, Seed 9a6cbab80cb3e04e, 50.0%
0.0.Q3: Trace Attempt  1	[174.57 s]
0.0.Q3: Trace Attempt  2	[174.57 s]
0.0.Q3: Trace Attempt  3	[174.57 s]
0.0.Q3: Trace Attempt  4	[174.57 s]
0.0.Q3: Trace Attempt  5	[174.57 s]
0.0.Q3: Restart 686, Seed cc74e852099ea262, 50.0%
0.0.Q3: Trace Attempt  1	[174.83 s]
0.0.Q3: Trace Attempt  2	[174.83 s]
0.0.Q3: Trace Attempt  3	[174.83 s]
0.0.Q3: Trace Attempt  4	[174.84 s]
0.0.Q3: Trace Attempt  5	[174.84 s]
0.0.Q3: Restart 687, Seed 5d78e854c66af7f1, 50.0%
0.0.Q3: Trace Attempt  1	[175.09 s]
0.0.Q3: Trace Attempt  2	[175.09 s]
0.0.Q3: Trace Attempt  3	[175.09 s]
0.0.Q3: Trace Attempt  4	[175.10 s]
0.0.Q3: Trace Attempt  5	[175.10 s]
0.0.Q2: Trace Attempt 2694	[175.14 s]
0.0.Q3: Restart 688, Seed d58b58f34246b3, 50.0%
0.0.Q3: Trace Attempt  1	[175.36 s]
0.0.Q3: Trace Attempt  2	[175.36 s]
0.0.Q3: Trace Attempt  3	[175.37 s]
0.0.Q3: Trace Attempt  4	[175.37 s]
0.0.Q3: Trace Attempt  5	[175.37 s]
0.0.Q3: Restart 689, Seed fc56194dfcabc7a, 50.0%
0.0.Q3: Trace Attempt  1	[175.63 s]
0.0.Q3: Trace Attempt  2	[175.64 s]
0.0.Q3: Trace Attempt  3	[175.64 s]
0.0.Q3: Trace Attempt  4	[175.64 s]
0.0.Q3: Trace Attempt  5	[175.64 s]
0.0.Q3: Restart 690, Seed 3fc7a9d1d630f91b, 50.0%
0.0.Q3: Trace Attempt  1	[175.91 s]
0.0.Q3: Trace Attempt  2	[175.91 s]
0.0.Q3: Trace Attempt  3	[175.91 s]
0.0.Q3: Trace Attempt  4	[175.91 s]
0.0.Q3: Trace Attempt  5	[175.91 s]
0.0.Q3: Restart 691, Seed 8552f80de48403cc, 50.0%
0.0.Q3: Trace Attempt  1	[176.18 s]
0.0.Q3: Trace Attempt  2	[176.18 s]
0.0.Q3: Trace Attempt  3	[176.18 s]
0.0.Q3: Trace Attempt  4	[176.18 s]
0.0.Q3: Trace Attempt  5	[176.18 s]
0.0.Q3: Restart 692, Seed 9a87a176d56ca2ed, 50.0%
0.0.Q3: Trace Attempt  1	[176.44 s]
0.0.Q3: Trace Attempt  2	[176.44 s]
0.0.Q3: Trace Attempt  3	[176.45 s]
0.0.Q3: Trace Attempt  4	[176.45 s]
0.0.Q3: Trace Attempt  5	[176.45 s]
0.0.Q3: Restart 693, Seed 2fcf5089b2bb8cd2, 50.0%
0.0.Q3: Trace Attempt  1	[176.71 s]
0.0.Q3: Trace Attempt  2	[176.71 s]
0.0.Q3: Trace Attempt  3	[176.71 s]
0.0.Q3: Trace Attempt  4	[176.72 s]
0.0.Q3: Trace Attempt  5	[176.72 s]
0.0.Q3: Restart 694, Seed 10d24df5a8f6ed08, 50.0%
0.0.Q3: Trace Attempt  1	[176.98 s]
0.0.Q3: Trace Attempt  2	[176.98 s]
0.0.Q3: Trace Attempt  3	[176.98 s]
0.0.Q3: Trace Attempt  4	[176.98 s]
0.0.Q3: Trace Attempt  5	[176.99 s]
0.0.Q3: Restart 695, Seed ee3411e229a8884c, 50.0%
0.0.Q3: Trace Attempt  1	[177.25 s]
0.0.Q3: Trace Attempt  2	[177.25 s]
0.0.Q3: Trace Attempt  3	[177.25 s]
0.0.Q3: Trace Attempt  4	[177.25 s]
0.0.Q3: Trace Attempt  5	[177.25 s]
0.0.Q3: Restart 696, Seed eea7bfb8a6b36085, 50.0%
0.0.Q3: Trace Attempt  1	[177.51 s]
0.0.Q3: Trace Attempt  2	[177.51 s]
0.0.Q3: Trace Attempt  3	[177.51 s]
0.0.Q3: Trace Attempt  4	[177.52 s]
0.0.Q3: Trace Attempt  5	[177.52 s]
0.0.Q3: Restart 697, Seed 5f03521250fb8fe9, 50.0%
0.0.Q3: Trace Attempt  1	[177.78 s]
0.0.Q3: Trace Attempt  2	[177.78 s]
0.0.Q3: Trace Attempt  3	[177.78 s]
0.0.Q3: Trace Attempt  4	[177.78 s]
0.0.Q3: Trace Attempt  5	[177.78 s]
0.0.Q3: Restart 698, Seed 8ad7505b78408f70, 50.0%
0.0.Q3: Trace Attempt  1	[178.05 s]
0.0.Q3: Trace Attempt  2	[178.05 s]
0.0.Q3: Trace Attempt  3	[178.05 s]
0.0.Q3: Trace Attempt  4	[178.05 s]
0.0.Q3: Trace Attempt  5	[178.06 s]
0.0.Q3: Restart 699, Seed cf897f08e179b0a2, 50.0%
0.0.Q3: Trace Attempt  1	[178.32 s]
0.0.Q3: Trace Attempt  2	[178.32 s]
0.0.Q3: Trace Attempt  3	[178.32 s]
0.0.Q3: Trace Attempt  4	[178.32 s]
0.0.Q3: Trace Attempt  5	[178.32 s]
0.0.Q3: Restart 700, Seed 4c2a87f53b05f734, 50.0%
0.0.Q3: Trace Attempt  1	[178.59 s]
0.0.Q3: Trace Attempt  2	[178.59 s]
0.0.Q3: Trace Attempt  3	[178.59 s]
0.0.Q3: Trace Attempt  4	[178.59 s]
0.0.Q3: Trace Attempt  5	[178.59 s]
0.0.Q3: Restart 701, Seed 4e7c30aa29934e3, 50.0%
0.0.Q3: Trace Attempt  1	[178.85 s]
0.0.Q3: Trace Attempt  2	[178.85 s]
0.0.Q3: Trace Attempt  3	[178.86 s]
0.0.Q3: Trace Attempt  4	[178.86 s]
0.0.Q3: Trace Attempt  5	[178.86 s]
0.0.Q3: Restart 702, Seed 7373d4bf6ef37cc9, 50.0%
0.0.Q3: Trace Attempt  1	[179.12 s]
0.0.Q3: Trace Attempt  2	[179.12 s]
0.0.Q3: Trace Attempt  3	[179.12 s]
0.0.Q3: Trace Attempt  4	[179.12 s]
0.0.Q3: Trace Attempt  5	[179.12 s]
0.0.Q2: Trace Attempt 2749	[179.21 s]
0.0.Q3: Restart 703, Seed 5a6da6d78b195a80, 50.0%
0.0.Q3: Trace Attempt  1	[179.38 s]
0.0.Q3: Trace Attempt  2	[179.39 s]
0.0.Q3: Trace Attempt  3	[179.39 s]
0.0.Q3: Trace Attempt  4	[179.39 s]
0.0.Q3: Trace Attempt  5	[179.39 s]
0.0.Q3: Restart 704, Seed 6de245543a8ebc3b, 50.0%
0.0.Q3: Trace Attempt  1	[179.65 s]
0.0.Q3: Trace Attempt  2	[179.65 s]
0.0.Q3: Trace Attempt  3	[179.65 s]
0.0.Q3: Trace Attempt  4	[179.65 s]
0.0.Q3: Trace Attempt  5	[179.66 s]
0.0.Q3: Restart 705, Seed 9e21d440bdce424b, 50.0%
0.0.Q3: Trace Attempt  1	[179.92 s]
0.0.Q3: Trace Attempt  2	[179.92 s]
0.0.Q3: Trace Attempt  3	[179.93 s]
0.0.Q3: Trace Attempt  4	[179.93 s]
0.0.Q3: Trace Attempt  5	[179.93 s]
0.0.Q3: Restart 706, Seed 10fec790d12c2f7a, 50.0%
0.0.Q3: Trace Attempt  1	[180.19 s]
0.0.Q3: Trace Attempt  2	[180.20 s]
0.0.Q3: Trace Attempt  3	[180.20 s]
0.0.Q3: Trace Attempt  4	[180.20 s]
0.0.Q3: Trace Attempt  5	[180.20 s]
0.0.Q3: Restart 707, Seed afd0805708a33015, 50.0%
0.0.Q3: Trace Attempt  1	[180.46 s]
0.0.Q3: Trace Attempt  2	[180.46 s]
0.0.Q3: Trace Attempt  3	[180.46 s]
0.0.Q3: Trace Attempt  4	[180.47 s]
0.0.Q3: Trace Attempt  5	[180.47 s]
0.0.Q3: Restart 708, Seed e9170a8244bef6b7, 50.0%
0.0.Q3: Trace Attempt  1	[180.74 s]
0.0.Q3: Trace Attempt  2	[180.74 s]
0.0.Q3: Trace Attempt  3	[180.74 s]
0.0.Q3: Trace Attempt  4	[180.74 s]
0.0.Q3: Trace Attempt  5	[180.74 s]
0.0.Q3: Restart 709, Seed 9b429bb5ed67361, 50.0%
0.0.Q3: Trace Attempt  1	[181.00 s]
0.0.Q3: Trace Attempt  2	[181.00 s]
0.0.Q3: Trace Attempt  3	[181.00 s]
0.0.Q3: Trace Attempt  4	[181.00 s]
0.0.Q3: Trace Attempt  5	[181.01 s]
0.0.Q3: Restart 710, Seed cdfb22fdb7a0d830, 50.0%
0.0.Q3: Trace Attempt  1	[181.27 s]
0.0.Q3: Trace Attempt  2	[181.28 s]
0.0.Q3: Trace Attempt  3	[181.28 s]
0.0.Q3: Trace Attempt  4	[181.28 s]
0.0.Q3: Trace Attempt  5	[181.28 s]
0.0.Q3: Restart 711, Seed 57ccb7d340818de2, 50.0%
0.0.Q3: Trace Attempt  1	[181.54 s]
0.0.Q3: Trace Attempt  2	[181.54 s]
0.0.Q3: Trace Attempt  3	[181.54 s]
0.0.Q3: Trace Attempt  4	[181.54 s]
0.0.Q3: Trace Attempt  5	[181.54 s]
0.0.Q3: Restart 712, Seed 67e5394c1dd04947, 50.0%
0.0.Q3: Trace Attempt  1	[181.81 s]
0.0.Q3: Trace Attempt  2	[181.81 s]
0.0.Q3: Trace Attempt  3	[181.81 s]
0.0.Q3: Trace Attempt  4	[181.81 s]
0.0.Q3: Trace Attempt  5	[181.82 s]
0.0.Q3: Restart 713, Seed 6969b2f0893218dc, 50.0%
0.0.Q3: Trace Attempt  1	[182.08 s]
0.0.Q3: Trace Attempt  2	[182.08 s]
0.0.Q3: Trace Attempt  3	[182.08 s]
0.0.Q3: Trace Attempt  4	[182.08 s]
0.0.Q3: Trace Attempt  5	[182.09 s]
0.0.Q3: Restart 714, Seed ae247bbcfc181447, 50.0%
0.0.Q3: Trace Attempt  1	[182.35 s]
0.0.Q3: Trace Attempt  2	[182.35 s]
0.0.Q3: Trace Attempt  3	[182.35 s]
0.0.Q3: Trace Attempt  4	[182.35 s]
0.0.Q3: Trace Attempt  5	[182.35 s]
0.0.Q3: Restart 715, Seed b79e854bda3fd140, 50.0%
0.0.Q3: Trace Attempt  1	[182.62 s]
0.0.Q3: Trace Attempt  2	[182.62 s]
0.0.Q3: Trace Attempt  3	[182.62 s]
0.0.Q3: Trace Attempt  4	[182.62 s]
0.0.Q3: Trace Attempt  5	[182.62 s]
0.0.Q3: Restart 716, Seed 686ea40df658af5e, 50.0%
0.0.Q3: Trace Attempt  1	[182.90 s]
0.0.Q3: Trace Attempt  2	[182.90 s]
0.0.Q3: Trace Attempt  3	[182.90 s]
0.0.Q3: Trace Attempt  4	[182.90 s]
0.0.Q3: Trace Attempt  5	[182.90 s]
0.0.Q3: Restart 717, Seed b6817c7c1c8bd047, 50.0%
0.0.Q3: Trace Attempt  1	[183.17 s]
0.0.Q3: Trace Attempt  2	[183.17 s]
0.0.Q3: Trace Attempt  3	[183.17 s]
0.0.Q3: Trace Attempt  4	[183.17 s]
0.0.Q3: Trace Attempt  5	[183.18 s]
0.0.Q2: Trace Attempt 2805	[183.40 s]
0.0.Q3: Restart 718, Seed cac1200551caee63, 50.0%
0.0.Q3: Trace Attempt  1	[183.44 s]
0.0.Q3: Trace Attempt  2	[183.45 s]
0.0.Q3: Trace Attempt  3	[183.45 s]
0.0.Q3: Trace Attempt  4	[183.45 s]
0.0.Q3: Trace Attempt  5	[183.45 s]
0.0.Q3: Restart 719, Seed 863f44ef32259587, 50.0%
0.0.Q3: Trace Attempt  1	[183.72 s]
0.0.Q3: Trace Attempt  2	[183.72 s]
0.0.Q3: Trace Attempt  3	[183.72 s]
0.0.Q3: Trace Attempt  4	[183.72 s]
0.0.Q3: Trace Attempt  5	[183.72 s]
0.0.Q3: Restart 720, Seed 37b50463756cbbef, 50.0%
0.0.Q3: Trace Attempt  1	[183.99 s]
0.0.Q3: Trace Attempt  2	[184.00 s]
0.0.Q3: Trace Attempt  3	[184.00 s]
0.0.Q3: Trace Attempt  4	[184.00 s]
0.0.Q3: Trace Attempt  5	[184.00 s]
0.0.Q3: Restart 721, Seed 8f7cfcd19f0ac480, 50.0%
0.0.Q3: Trace Attempt  1	[184.27 s]
0.0.Q3: Trace Attempt  2	[184.27 s]
0.0.Q3: Trace Attempt  3	[184.27 s]
0.0.Q3: Trace Attempt  4	[184.27 s]
0.0.Q3: Trace Attempt  5	[184.27 s]
0.0.Q3: Restart 722, Seed fc094fc849f5e75a, 50.0%
0.0.Q3: Trace Attempt  1	[184.54 s]
0.0.Q3: Trace Attempt  2	[184.54 s]
0.0.Q3: Trace Attempt  3	[184.54 s]
0.0.Q3: Trace Attempt  4	[184.54 s]
0.0.Q3: Trace Attempt  5	[184.55 s]
0.0.Q3: Restart 723, Seed bf8215e663519124, 50.0%
0.0.Q3: Trace Attempt  1	[184.81 s]
0.0.Q3: Trace Attempt  2	[184.81 s]
0.0.Q3: Trace Attempt  3	[184.81 s]
0.0.Q3: Trace Attempt  4	[184.81 s]
0.0.Q3: Trace Attempt  5	[184.82 s]
0.0.Q3: Restart 724, Seed e3c0bee7bf1063d6, 50.0%
0.0.Q3: Trace Attempt  1	[185.08 s]
0.0.Q3: Trace Attempt  2	[185.08 s]
0.0.Q3: Trace Attempt  3	[185.09 s]
0.0.Q3: Trace Attempt  4	[185.09 s]
0.0.Q3: Trace Attempt  5	[185.09 s]
0.0.Q3: Restart 725, Seed c12b2c9cac446d6d, 50.0%
0.0.Q3: Trace Attempt  1	[185.35 s]
0.0.Q3: Trace Attempt  2	[185.35 s]
0.0.Q3: Trace Attempt  3	[185.35 s]
0.0.Q3: Trace Attempt  4	[185.35 s]
0.0.Q3: Trace Attempt  5	[185.35 s]
0.0.Q3: Restart 726, Seed 4dc56d8725c1757d, 50.0%
0.0.Q3: Trace Attempt  1	[185.62 s]
0.0.Q3: Trace Attempt  2	[185.62 s]
0.0.Q3: Trace Attempt  3	[185.62 s]
0.0.Q3: Trace Attempt  4	[185.62 s]
0.0.Q3: Trace Attempt  5	[185.62 s]
0.0.Q3: Restart 727, Seed 3104e1060587cba9, 50.0%
0.0.Q3: Trace Attempt  1	[185.89 s]
0.0.Q3: Trace Attempt  2	[185.89 s]
0.0.Q3: Trace Attempt  3	[185.90 s]
0.0.Q3: Trace Attempt  4	[185.90 s]
0.0.Q3: Trace Attempt  5	[185.90 s]
0.0.Q3: Restart 728, Seed 77a398e0088215eb, 50.0%
0.0.Q3: Trace Attempt  1	[186.16 s]
0.0.Q3: Trace Attempt  2	[186.17 s]
0.0.Q3: Trace Attempt  3	[186.17 s]
0.0.Q3: Trace Attempt  4	[186.17 s]
0.0.Q3: Trace Attempt  5	[186.17 s]
0.0.Q3: Restart 729, Seed fd0c788a4231ac2f, 50.0%
0.0.Q3: Trace Attempt  1	[186.43 s]
0.0.Q3: Trace Attempt  2	[186.43 s]
0.0.Q3: Trace Attempt  3	[186.43 s]
0.0.Q3: Trace Attempt  4	[186.44 s]
0.0.Q3: Trace Attempt  5	[186.44 s]
0.0.Q3: Restart 730, Seed efe0b4fcfcf15033, 50.0%
0.0.Q3: Trace Attempt  1	[186.70 s]
0.0.Q3: Trace Attempt  2	[186.70 s]
0.0.Q3: Trace Attempt  3	[186.71 s]
0.0.Q3: Trace Attempt  4	[186.71 s]
0.0.Q3: Trace Attempt  5	[186.71 s]
0.0.Q3: Restart 731, Seed 5a29f887d982c3b0, 50.0%
0.0.Q3: Trace Attempt  1	[186.97 s]
0.0.Q3: Trace Attempt  2	[186.97 s]
0.0.Q3: Trace Attempt  3	[186.97 s]
0.0.Q3: Trace Attempt  4	[186.98 s]
0.0.Q3: Trace Attempt  5	[186.98 s]
0.0.Q3: Restart 732, Seed 7840e657a49a096f, 50.0%
0.0.Q3: Trace Attempt  1	[187.24 s]
0.0.Q3: Trace Attempt  2	[187.24 s]
0.0.Q3: Trace Attempt  3	[187.24 s]
0.0.Q3: Trace Attempt  4	[187.25 s]
0.0.Q3: Trace Attempt  5	[187.25 s]
0.0.Q2: Trace Attempt 2855	[187.46 s]
0.0.Q3: Restart 733, Seed 7e2fedc7fe3c2778, 50.0%
0.0.Q3: Trace Attempt  1	[187.51 s]
0.0.Q3: Trace Attempt  2	[187.51 s]
0.0.Q3: Trace Attempt  3	[187.51 s]
0.0.Q3: Trace Attempt  4	[187.51 s]
0.0.Q3: Trace Attempt  5	[187.51 s]
0.0.Q3: Restart 734, Seed 6d5fda6e98f22df7, 50.0%
0.0.Q3: Trace Attempt  1	[187.77 s]
0.0.Q3: Trace Attempt  2	[187.78 s]
0.0.Q3: Trace Attempt  3	[187.78 s]
0.0.Q3: Trace Attempt  4	[187.78 s]
0.0.Q3: Trace Attempt  5	[187.78 s]
0.0.Q3: Restart 735, Seed 638612418df27854, 50.0%
0.0.Q3: Trace Attempt  1	[188.04 s]
0.0.Q3: Trace Attempt  2	[188.04 s]
0.0.Q3: Trace Attempt  3	[188.04 s]
0.0.Q3: Trace Attempt  4	[188.04 s]
0.0.Q3: Trace Attempt  5	[188.04 s]
0.0.Q1: Trace Attempt 105	[188.08 s]
0.0.Q3: Restart 736, Seed 39ffa0705f028a97, 50.0%
0.0.Q3: Trace Attempt  1	[188.31 s]
0.0.Q3: Trace Attempt  2	[188.31 s]
0.0.Q3: Trace Attempt  3	[188.31 s]
0.0.Q3: Trace Attempt  4	[188.31 s]
0.0.Q3: Trace Attempt  5	[188.31 s]
0.0.Q3: Restart 737, Seed f4b01fa84929592c, 50.0%
0.0.Q3: Trace Attempt  1	[188.58 s]
0.0.Q3: Trace Attempt  2	[188.58 s]
0.0.Q3: Trace Attempt  3	[188.58 s]
0.0.Q3: Trace Attempt  4	[188.58 s]
0.0.Q3: Trace Attempt  5	[188.58 s]
0.0.Q3: Restart 738, Seed 55f38e04012c4800, 50.0%
0.0.Q3: Trace Attempt  1	[188.84 s]
0.0.Q3: Trace Attempt  2	[188.85 s]
0.0.Q3: Trace Attempt  3	[188.85 s]
0.0.Q3: Trace Attempt  4	[188.85 s]
0.0.Q3: Trace Attempt  5	[188.85 s]
0.0.Q3: Restart 739, Seed 3724d3f707a8c418, 50.0%
0.0.Q3: Trace Attempt  1	[189.11 s]
0.0.Q3: Trace Attempt  2	[189.11 s]
0.0.Q3: Trace Attempt  3	[189.12 s]
0.0.Q3: Trace Attempt  4	[189.12 s]
0.0.Q3: Trace Attempt  5	[189.12 s]
0.0.Q3: Restart 740, Seed 175c397d94305791, 50.0%
0.0.Q3: Trace Attempt  1	[189.38 s]
0.0.Q3: Trace Attempt  2	[189.38 s]
0.0.Q3: Trace Attempt  3	[189.38 s]
0.0.Q3: Trace Attempt  4	[189.38 s]
0.0.Q3: Trace Attempt  5	[189.38 s]
0.0.Q3: Restart 741, Seed d2f20c409a7e0e85, 50.0%
0.0.Q3: Trace Attempt  1	[189.65 s]
0.0.Q3: Trace Attempt  2	[189.65 s]
0.0.Q3: Trace Attempt  3	[189.65 s]
0.0.Q3: Trace Attempt  4	[189.65 s]
0.0.Q3: Trace Attempt  5	[189.65 s]
0.0.Q3: Restart 742, Seed f126c912a004402b, 50.0%
0.0.Q3: Trace Attempt  1	[189.92 s]
0.0.Q3: Trace Attempt  2	[189.92 s]
0.0.Q3: Trace Attempt  3	[189.92 s]
0.0.Q3: Trace Attempt  4	[189.92 s]
0.0.Q3: Trace Attempt  5	[189.92 s]
0.0.Q3: Restart 743, Seed adb19e4ddeda2fb0, 50.0%
0.0.Q3: Trace Attempt  1	[190.18 s]
0.0.Q3: Trace Attempt  2	[190.18 s]
0.0.Q3: Trace Attempt  3	[190.19 s]
0.0.Q3: Trace Attempt  4	[190.19 s]
0.0.Q3: Trace Attempt  5	[190.19 s]
0.0.Q3: Restart 744, Seed a5734ea7d443a9b8, 50.0%
0.0.Q3: Trace Attempt  1	[190.45 s]
0.0.Q3: Trace Attempt  2	[190.45 s]
0.0.Q3: Trace Attempt  3	[190.45 s]
0.0.Q3: Trace Attempt  4	[190.46 s]
0.0.Q3: Trace Attempt  5	[190.46 s]
0.0.Q3: Restart 745, Seed 981637026ac24535, 50.0%
0.0.Q3: Trace Attempt  1	[190.72 s]
0.0.Q3: Trace Attempt  2	[190.72 s]
0.0.Q3: Trace Attempt  3	[190.72 s]
0.0.Q3: Trace Attempt  4	[190.72 s]
0.0.Q3: Trace Attempt  5	[190.73 s]
0.0.Q3: Restart 746, Seed beca2c5e01780d68, 50.0%
0.0.Q3: Trace Attempt  1	[190.99 s]
0.0.Q3: Trace Attempt  2	[190.99 s]
0.0.Q3: Trace Attempt  3	[190.99 s]
0.0.Q3: Trace Attempt  4	[191.00 s]
0.0.Q3: Trace Attempt  5	[191.00 s]
0.0.Q3: Restart 747, Seed 4c3470eff62207b7, 50.0%
0.0.Q3: Trace Attempt  1	[191.26 s]
0.0.Q3: Trace Attempt  2	[191.26 s]
0.0.Q3: Trace Attempt  3	[191.26 s]
0.0.Q3: Trace Attempt  4	[191.26 s]
0.0.Q3: Trace Attempt  5	[191.26 s]
0.0.Q2: Trace Attempt 2903	[191.47 s]
0.0.Q3: Restart 748, Seed a02cdfb74ed5482e, 50.0%
0.0.Q3: Trace Attempt  1	[191.53 s]
0.0.Q3: Trace Attempt  2	[191.53 s]
0.0.Q3: Trace Attempt  3	[191.53 s]
0.0.Q3: Trace Attempt  4	[191.53 s]
0.0.Q3: Trace Attempt  5	[191.53 s]
0.0.Q3: Restart 749, Seed af393886783595f8, 50.0%
0.0.Q3: Trace Attempt  1	[191.80 s]
0.0.Q3: Trace Attempt  2	[191.80 s]
0.0.Q3: Trace Attempt  3	[191.80 s]
0.0.Q3: Trace Attempt  4	[191.80 s]
0.0.Q3: Trace Attempt  5	[191.81 s]
0.0.Q3: Restart 750, Seed 82e28fa6a7206f5d, 50.0%
0.0.Q3: Trace Attempt  1	[192.07 s]
0.0.Q3: Trace Attempt  2	[192.07 s]
0.0.Q3: Trace Attempt  3	[192.07 s]
0.0.Q3: Trace Attempt  4	[192.08 s]
0.0.Q3: Trace Attempt  5	[192.08 s]
0.0.Q3: Restart 751, Seed d8da3741984fce49, 50.0%
0.0.Q3: Trace Attempt  1	[192.35 s]
0.0.Q3: Trace Attempt  2	[192.35 s]
0.0.Q3: Trace Attempt  3	[192.35 s]
0.0.Q3: Trace Attempt  4	[192.35 s]
0.0.Q3: Trace Attempt  5	[192.35 s]
0.0.Q3: Restart 752, Seed f5b0807e93530d11, 50.0%
0.0.Q3: Trace Attempt  1	[192.62 s]
0.0.Q3: Trace Attempt  2	[192.62 s]
0.0.Q3: Trace Attempt  3	[192.62 s]
0.0.Q3: Trace Attempt  4	[192.62 s]
0.0.Q3: Trace Attempt  5	[192.62 s]
0.0.Q3: Restart 753, Seed 422643eb308bbbf0, 50.0%
0.0.Q3: Trace Attempt  1	[192.89 s]
0.0.Q3: Trace Attempt  2	[192.89 s]
0.0.Q3: Trace Attempt  3	[192.89 s]
0.0.Q3: Trace Attempt  4	[192.89 s]
0.0.Q3: Trace Attempt  5	[192.89 s]
0.0.Q3: Restart 754, Seed f230684eead32bba, 50.0%
0.0.Q3: Trace Attempt  1	[193.16 s]
0.0.Q3: Trace Attempt  2	[193.16 s]
0.0.Q3: Trace Attempt  3	[193.16 s]
0.0.Q3: Trace Attempt  4	[193.16 s]
0.0.Q3: Trace Attempt  5	[193.16 s]
0.0.Q3: Restart 755, Seed 6917605d3907692f, 50.0%
0.0.Q3: Trace Attempt  1	[193.43 s]
0.0.Q3: Trace Attempt  2	[193.43 s]
0.0.Q3: Trace Attempt  3	[193.43 s]
0.0.Q3: Trace Attempt  4	[193.43 s]
0.0.Q3: Trace Attempt  5	[193.43 s]
0.0.Q3: Restart 756, Seed 14f2cf5b827a235d, 50.0%
0.0.Q3: Trace Attempt  1	[193.69 s]
0.0.Q3: Trace Attempt  2	[193.70 s]
0.0.Q3: Trace Attempt  3	[193.70 s]
0.0.Q3: Trace Attempt  4	[193.70 s]
0.0.Q3: Trace Attempt  5	[193.70 s]
0.0.Q3: Restart 757, Seed be9355fb92f1c329, 50.0%
0.0.Q3: Trace Attempt  1	[193.96 s]
0.0.Q3: Trace Attempt  2	[193.96 s]
0.0.Q3: Trace Attempt  3	[193.97 s]
0.0.Q3: Trace Attempt  4	[193.97 s]
0.0.Q3: Trace Attempt  5	[193.97 s]
0.0.Q3: Restart 758, Seed e9dcda74f2fb01e, 50.0%
0.0.Q3: Trace Attempt  1	[194.23 s]
0.0.Q3: Trace Attempt  2	[194.23 s]
0.0.Q3: Trace Attempt  3	[194.24 s]
0.0.Q3: Trace Attempt  4	[194.24 s]
0.0.Q3: Trace Attempt  5	[194.24 s]
0.0.Q3: Restart 759, Seed ff9ab4dad1a8d5eb, 50.0%
0.0.Q3: Trace Attempt  1	[194.50 s]
0.0.Q3: Trace Attempt  2	[194.51 s]
0.0.Q3: Trace Attempt  3	[194.51 s]
0.0.Q3: Trace Attempt  4	[194.51 s]
0.0.Q3: Trace Attempt  5	[194.51 s]
0.0.Q3: Restart 760, Seed a6b4f3333692d289, 50.0%
0.0.Q3: Trace Attempt  1	[194.77 s]
0.0.Q3: Trace Attempt  2	[194.78 s]
0.0.Q3: Trace Attempt  3	[194.78 s]
0.0.Q3: Trace Attempt  4	[194.78 s]
0.0.Q3: Trace Attempt  5	[194.78 s]
0.0.Q3: Restart 761, Seed c5ea6b3bb687f510, 50.0%
0.0.Q3: Trace Attempt  1	[195.04 s]
0.0.Q3: Trace Attempt  2	[195.04 s]
0.0.Q3: Trace Attempt  3	[195.04 s]
0.0.Q3: Trace Attempt  4	[195.04 s]
0.0.Q3: Trace Attempt  5	[195.04 s]
0.0.Q3: Restart 762, Seed b19f902c3f09e787, 50.0%
0.0.Q3: Trace Attempt  1	[195.31 s]
0.0.Q3: Trace Attempt  2	[195.31 s]
0.0.Q3: Trace Attempt  3	[195.31 s]
0.0.Q3: Trace Attempt  4	[195.31 s]
0.0.Q3: Trace Attempt  5	[195.31 s]
0.0.Q2: Trace Attempt 2956	[195.51 s]
0.0.Q3: Restart 763, Seed ec9efd0641feb639, 50.0%
0.0.Q3: Trace Attempt  1	[195.58 s]
0.0.Q3: Trace Attempt  2	[195.58 s]
0.0.Q3: Trace Attempt  3	[195.58 s]
0.0.Q3: Trace Attempt  4	[195.58 s]
0.0.Q3: Trace Attempt  5	[195.58 s]
0.0.Q3: Restart 764, Seed 2d82f0c385ccf7cd, 50.0%
0.0.Q3: Trace Attempt  1	[195.85 s]
0.0.Q3: Trace Attempt  2	[195.85 s]
0.0.Q3: Trace Attempt  3	[195.85 s]
0.0.Q3: Trace Attempt  4	[195.85 s]
0.0.Q3: Trace Attempt  5	[195.86 s]
0.0.Q3: Restart 765, Seed 50f4fb5316ba1b0, 50.0%
0.0.Q3: Trace Attempt  1	[196.12 s]
0.0.Q3: Trace Attempt  2	[196.12 s]
0.0.Q3: Trace Attempt  3	[196.12 s]
0.0.Q3: Trace Attempt  4	[196.12 s]
0.0.Q3: Trace Attempt  5	[196.13 s]
0.0.Q3: Restart 766, Seed 5f8e954e6ca410de, 50.0%
0.0.Q3: Trace Attempt  1	[196.39 s]
0.0.Q3: Trace Attempt  2	[196.39 s]
0.0.Q3: Trace Attempt  3	[196.40 s]
0.0.Q3: Trace Attempt  4	[196.40 s]
0.0.Q3: Trace Attempt  5	[196.40 s]
0.0.Q3: Restart 767, Seed 804f9d85a2a308e7, 50.0%
0.0.Q3: Trace Attempt  1	[196.66 s]
0.0.Q3: Trace Attempt  2	[196.66 s]
0.0.Q3: Trace Attempt  3	[196.66 s]
0.0.Q3: Trace Attempt  4	[196.66 s]
0.0.Q3: Trace Attempt  5	[196.67 s]
0.0.Q3: Restart 768, Seed 5d545eec40a338ef, 50.0%
0.0.Q3: Trace Attempt  1	[196.93 s]
0.0.Q3: Trace Attempt  2	[196.93 s]
0.0.Q3: Trace Attempt  3	[196.93 s]
0.0.Q3: Trace Attempt  4	[196.93 s]
0.0.Q3: Trace Attempt  5	[196.93 s]
0.0.Q3: Restart 769, Seed 411baffc02ed5572, 50.0%
0.0.Q3: Trace Attempt  1	[197.20 s]
0.0.Q3: Trace Attempt  2	[197.20 s]
0.0.Q3: Trace Attempt  3	[197.20 s]
0.0.Q3: Trace Attempt  4	[197.20 s]
0.0.Q3: Trace Attempt  5	[197.20 s]
0.0.Q3: Restart 770, Seed 91b71fde73affae4, 50.0%
0.0.Q3: Trace Attempt  1	[197.47 s]
0.0.Q3: Trace Attempt  2	[197.47 s]
0.0.Q3: Trace Attempt  3	[197.47 s]
0.0.Q3: Trace Attempt  4	[197.47 s]
0.0.Q3: Trace Attempt  5	[197.47 s]
0.0.Q3: Restart 771, Seed 72be0e1efc457f28, 50.0%
0.0.Q3: Trace Attempt  1	[197.74 s]
0.0.Q3: Trace Attempt  2	[197.74 s]
0.0.Q3: Trace Attempt  3	[197.74 s]
0.0.Q3: Trace Attempt  4	[197.74 s]
0.0.Q3: Trace Attempt  5	[197.74 s]
0.0.Q3: Restart 772, Seed e3d4e0217357a9c2, 50.0%
0.0.Q3: Trace Attempt  1	[198.01 s]
0.0.Q3: Trace Attempt  2	[198.01 s]
0.0.Q3: Trace Attempt  3	[198.01 s]
0.0.Q3: Trace Attempt  4	[198.01 s]
0.0.Q3: Trace Attempt  5	[198.01 s]
0.0.Q3: Restart 773, Seed 35c5c49a7132fb7f, 50.0%
0.0.Q3: Trace Attempt  1	[198.29 s]
0.0.Q3: Trace Attempt  2	[198.29 s]
0.0.Q3: Trace Attempt  3	[198.29 s]
0.0.Q3: Trace Attempt  4	[198.29 s]
0.0.Q3: Trace Attempt  5	[198.29 s]
0.0.Q3: Restart 774, Seed 210ad70cd90970a2, 50.0%
0.0.Q3: Trace Attempt  1	[198.57 s]
0.0.Q3: Trace Attempt  2	[198.57 s]
0.0.Q3: Trace Attempt  3	[198.57 s]
0.0.Q3: Trace Attempt  4	[198.57 s]
0.0.Q3: Trace Attempt  5	[198.57 s]
0.0.Q3: Restart 775, Seed 720e8637ed616d27, 50.0%
0.0.Q3: Trace Attempt  1	[198.85 s]
0.0.Q3: Trace Attempt  2	[198.85 s]
0.0.Q3: Trace Attempt  3	[198.85 s]
0.0.Q3: Trace Attempt  4	[198.85 s]
0.0.Q3: Trace Attempt  5	[198.85 s]
0.0.Q3: Restart 776, Seed 6fbcb6f13b25e034, 50.0%
0.0.Q3: Trace Attempt  1	[199.12 s]
0.0.Q3: Trace Attempt  2	[199.12 s]
0.0.Q3: Trace Attempt  3	[199.12 s]
0.0.Q3: Trace Attempt  4	[199.13 s]
0.0.Q3: Trace Attempt  5	[199.13 s]
0.0.Q3: Restart 777, Seed 7302bd2cc4b2ec1d, 50.0%
0.0.Q3: Trace Attempt  1	[199.40 s]
0.0.Q3: Trace Attempt  2	[199.40 s]
0.0.Q3: Trace Attempt  3	[199.40 s]
0.0.Q3: Trace Attempt  4	[199.40 s]
0.0.Q3: Trace Attempt  5	[199.41 s]
0.0.Q2: Trace Attempt 3000	[199.54 s]
0.0.Q3: Restart 778, Seed 4e6ed8d67cbecaf, 50.0%
0.0.Q3: Trace Attempt  1	[199.68 s]
0.0.Q3: Trace Attempt  2	[199.68 s]
0.0.Q3: Trace Attempt  3	[199.68 s]
0.0.Q3: Trace Attempt  4	[199.68 s]
0.0.Q3: Trace Attempt  5	[199.68 s]
0.0.Q3: Restart 779, Seed a24f7e01d7733cde, 50.0%
0.0.Q3: Trace Attempt  1	[199.96 s]
0.0.Q3: Trace Attempt  2	[199.96 s]
0.0.Q3: Trace Attempt  3	[199.96 s]
0.0.Q3: Trace Attempt  4	[199.96 s]
0.0.Q3: Trace Attempt  5	[199.96 s]
0.0.Q3: Restart 780, Seed 8d832fe900729ba4, 50.0%
0.0.Q3: Trace Attempt  1	[200.24 s]
0.0.Q3: Trace Attempt  2	[200.24 s]
0.0.Q3: Trace Attempt  3	[200.24 s]
0.0.Q3: Trace Attempt  4	[200.24 s]
0.0.Q3: Trace Attempt  5	[200.24 s]
0.0.Q3: Restart 781, Seed 65264f82728b91c9, 50.0%
0.0.Q3: Trace Attempt  1	[200.52 s]
0.0.Q3: Trace Attempt  2	[200.52 s]
0.0.Q3: Trace Attempt  3	[200.52 s]
0.0.Q3: Trace Attempt  4	[200.52 s]
0.0.Q3: Trace Attempt  5	[200.53 s]
0.0.Q3: Restart 782, Seed 9fc0cd753f6d5ba3, 50.0%
0.0.Q3: Trace Attempt  1	[200.79 s]
0.0.Q3: Trace Attempt  2	[200.79 s]
0.0.Q3: Trace Attempt  3	[200.79 s]
0.0.Q3: Trace Attempt  4	[200.79 s]
0.0.Q3: Trace Attempt  5	[200.80 s]
0.0.Q3: Restart 783, Seed 3e7054a769055023, 50.0%
0.0.Q3: Trace Attempt  1	[201.07 s]
0.0.Q3: Trace Attempt  2	[201.07 s]
0.0.Q3: Trace Attempt  3	[201.07 s]
0.0.Q3: Trace Attempt  4	[201.07 s]
0.0.Q3: Trace Attempt  5	[201.07 s]
0.0.Q3: Restart 784, Seed d00af7f6721e8a94, 50.0%
0.0.Q3: Trace Attempt  1	[201.34 s]
0.0.Q3: Trace Attempt  2	[201.34 s]
0.0.Q3: Trace Attempt  3	[201.34 s]
0.0.Q3: Trace Attempt  4	[201.34 s]
0.0.Q3: Trace Attempt  5	[201.35 s]
0.0.Q3: Restart 785, Seed c7c1bb7ffe4b80f1, 50.0%
0.0.Q3: Trace Attempt  1	[201.62 s]
0.0.Q3: Trace Attempt  2	[201.62 s]
0.0.Q3: Trace Attempt  3	[201.62 s]
0.0.Q3: Trace Attempt  4	[201.62 s]
0.0.Q3: Trace Attempt  5	[201.62 s]
0.0.Q3: Restart 786, Seed 80577030e0f83550, 50.0%
0.0.Q3: Trace Attempt  1	[201.89 s]
0.0.Q3: Trace Attempt  2	[201.89 s]
0.0.Q3: Trace Attempt  3	[201.89 s]
0.0.Q3: Trace Attempt  4	[201.90 s]
0.0.Q3: Trace Attempt  5	[201.90 s]
0.0.Q3: Restart 787, Seed 2a009d4dbba86a89, 50.0%
0.0.Q3: Trace Attempt  1	[202.17 s]
0.0.Q3: Trace Attempt  2	[202.17 s]
0.0.Q3: Trace Attempt  3	[202.17 s]
0.0.Q3: Trace Attempt  4	[202.17 s]
0.0.Q3: Trace Attempt  5	[202.17 s]
0.0.Q3: Restart 788, Seed 599ae29b227bca8d, 50.0%
0.0.Q3: Trace Attempt  1	[202.44 s]
0.0.Q3: Trace Attempt  2	[202.44 s]
0.0.Q3: Trace Attempt  3	[202.44 s]
0.0.Q3: Trace Attempt  4	[202.45 s]
0.0.Q3: Trace Attempt  5	[202.45 s]
0.0.Q3: Restart 789, Seed 115843fabf7901d7, 50.0%
0.0.Q3: Trace Attempt  1	[202.72 s]
0.0.Q3: Trace Attempt  2	[202.72 s]
0.0.Q3: Trace Attempt  3	[202.72 s]
0.0.Q3: Trace Attempt  4	[202.72 s]
0.0.Q3: Trace Attempt  5	[202.72 s]
0.0.Q3: Restart 790, Seed 4aa0d39b0031f6fa, 50.0%
0.0.Q3: Trace Attempt  1	[202.99 s]
0.0.Q3: Trace Attempt  2	[203.00 s]
0.0.Q3: Trace Attempt  3	[203.00 s]
0.0.Q3: Trace Attempt  4	[203.00 s]
0.0.Q3: Trace Attempt  5	[203.00 s]
0.0.Q3: Restart 791, Seed 22783e556f88035f, 50.0%
0.0.Q3: Trace Attempt  1	[203.26 s]
0.0.Q3: Trace Attempt  2	[203.26 s]
0.0.Q3: Trace Attempt  3	[203.26 s]
0.0.Q3: Trace Attempt  4	[203.27 s]
0.0.Q3: Trace Attempt  5	[203.27 s]
0.0.Q3: Restart 792, Seed 9f2caad77ff66ba5, 50.0%
0.0.Q3: Trace Attempt  1	[203.53 s]
0.0.Q3: Trace Attempt  2	[203.53 s]
0.0.Q3: Trace Attempt  3	[203.53 s]
0.0.Q3: Trace Attempt  4	[203.53 s]
0.0.Q3: Trace Attempt  5	[203.54 s]
0.0.Q2: Trace Attempt 3047	[203.61 s]
0.0.Q3: Restart 793, Seed 613c0f99a6f320db, 50.0%
0.0.Q3: Trace Attempt  1	[203.80 s]
0.0.Q3: Trace Attempt  2	[203.80 s]
0.0.Q3: Trace Attempt  3	[203.80 s]
0.0.Q3: Trace Attempt  4	[203.80 s]
0.0.Q3: Trace Attempt  5	[203.81 s]
0.0.Q3: Restart 794, Seed 5295a142ca6bf331, 50.0%
0.0.Q3: Trace Attempt  1	[204.07 s]
0.0.Q3: Trace Attempt  2	[204.07 s]
0.0.Q3: Trace Attempt  3	[204.07 s]
0.0.Q3: Trace Attempt  4	[204.07 s]
0.0.Q3: Trace Attempt  5	[204.07 s]
0.0.Q3: Restart 795, Seed daf0afe0ccfed62d, 50.0%
0.0.Q3: Trace Attempt  1	[204.34 s]
0.0.Q3: Trace Attempt  2	[204.34 s]
0.0.Q3: Trace Attempt  3	[204.34 s]
0.0.Q3: Trace Attempt  4	[204.34 s]
0.0.Q3: Trace Attempt  5	[204.34 s]
0.0.Q3: Restart 796, Seed d8ef0619cbcc5b6f, 50.0%
0.0.Q3: Trace Attempt  1	[204.60 s]
0.0.Q3: Trace Attempt  2	[204.61 s]
0.0.Q3: Trace Attempt  3	[204.61 s]
0.0.Q3: Trace Attempt  4	[204.61 s]
0.0.Q3: Trace Attempt  5	[204.61 s]
0.0.Q3: Restart 797, Seed 7710e2cb4b094b81, 50.0%
0.0.Q3: Trace Attempt  1	[204.88 s]
0.0.Q3: Trace Attempt  2	[204.88 s]
0.0.Q3: Trace Attempt  3	[204.88 s]
0.0.Q3: Trace Attempt  4	[204.88 s]
0.0.Q3: Trace Attempt  5	[204.88 s]
0.0.Q3: Restart 798, Seed 9797b080aa39ea0f, 50.0%
0.0.Q3: Trace Attempt  1	[205.14 s]
0.0.Q3: Trace Attempt  2	[205.14 s]
0.0.Q3: Trace Attempt  3	[205.15 s]
0.0.Q3: Trace Attempt  4	[205.15 s]
0.0.Q3: Trace Attempt  5	[205.15 s]
0.0.Q3: Restart 799, Seed 6481c90e89e1ad86, 50.0%
0.0.Q3: Trace Attempt  1	[205.41 s]
0.0.Q3: Trace Attempt  2	[205.41 s]
0.0.Q3: Trace Attempt  3	[205.41 s]
0.0.Q3: Trace Attempt  4	[205.41 s]
0.0.Q3: Trace Attempt  5	[205.42 s]
0.0.Q3: Restart 800, Seed b24a2d01de296201, 50.0%
0.0.Q3: Trace Attempt  1	[205.68 s]
0.0.Q3: Trace Attempt  2	[205.68 s]
0.0.Q3: Trace Attempt  3	[205.68 s]
0.0.Q3: Trace Attempt  4	[205.68 s]
0.0.Q3: Trace Attempt  5	[205.69 s]
0.0.Q3: Restart 801, Seed bfe8822e77658ee4, 50.0%
0.0.Q3: Trace Attempt  1	[205.95 s]
0.0.Q3: Trace Attempt  2	[205.95 s]
0.0.Q3: Trace Attempt  3	[205.95 s]
0.0.Q3: Trace Attempt  4	[205.95 s]
0.0.Q3: Trace Attempt  5	[205.96 s]
0.0.Q3: Restart 802, Seed 8a2532012a70c13f, 50.0%
0.0.Q3: Trace Attempt  1	[206.22 s]
0.0.Q3: Trace Attempt  2	[206.22 s]
0.0.Q3: Trace Attempt  3	[206.22 s]
0.0.Q3: Trace Attempt  4	[206.22 s]
0.0.Q3: Trace Attempt  5	[206.22 s]
0.0.Q3: Restart 803, Seed c4ea2f44f78bf33d, 50.0%
0.0.Q3: Trace Attempt  1	[206.49 s]
0.0.Q3: Trace Attempt  2	[206.49 s]
0.0.Q3: Trace Attempt  3	[206.49 s]
0.0.Q3: Trace Attempt  4	[206.49 s]
0.0.Q3: Trace Attempt  5	[206.49 s]
0.0.Q3: Restart 804, Seed ce7ed657ba2ee985, 50.0%
0.0.Q3: Trace Attempt  1	[206.76 s]
0.0.Q3: Trace Attempt  2	[206.76 s]
0.0.Q3: Trace Attempt  3	[206.76 s]
0.0.Q3: Trace Attempt  4	[206.76 s]
0.0.Q3: Trace Attempt  5	[206.76 s]
0.0.Q3: Restart 805, Seed 4be19a7edf9aca79, 50.0%
0.0.Q3: Trace Attempt  1	[207.03 s]
0.0.Q3: Trace Attempt  2	[207.03 s]
0.0.Q3: Trace Attempt  3	[207.03 s]
0.0.Q3: Trace Attempt  4	[207.03 s]
0.0.Q3: Trace Attempt  5	[207.03 s]
0.0.Q3: Restart 806, Seed c56fc62e08c525e9, 50.0%
0.0.Q3: Trace Attempt  1	[207.30 s]
0.0.Q3: Trace Attempt  2	[207.30 s]
0.0.Q3: Trace Attempt  3	[207.30 s]
0.0.Q3: Trace Attempt  4	[207.30 s]
0.0.Q3: Trace Attempt  5	[207.30 s]
0.0.Q3: Restart 807, Seed 323ace7ce8d300e1, 50.0%
0.0.Q3: Trace Attempt  1	[207.57 s]
0.0.Q3: Trace Attempt  2	[207.57 s]
0.0.Q3: Trace Attempt  3	[207.57 s]
0.0.Q3: Trace Attempt  4	[207.57 s]
0.0.Q3: Trace Attempt  5	[207.57 s]
0.0.Q2: Trace Attempt 3089	[207.70 s]
0.0.Q3: Restart 808, Seed a0cd08e684f0a43f, 50.0%
0.0.Q3: Trace Attempt  1	[207.84 s]
0.0.Q3: Trace Attempt  2	[207.84 s]
0.0.Q3: Trace Attempt  3	[207.84 s]
0.0.Q3: Trace Attempt  4	[207.84 s]
0.0.Q3: Trace Attempt  5	[207.84 s]
0.0.Q3: Restart 809, Seed 7bd96ca8252503d8, 50.0%
0.0.Q3: Trace Attempt  1	[208.10 s]
0.0.Q3: Trace Attempt  2	[208.11 s]
0.0.Q3: Trace Attempt  3	[208.11 s]
0.0.Q3: Trace Attempt  4	[208.11 s]
0.0.Q3: Trace Attempt  5	[208.11 s]
0.0.Q3: Restart 810, Seed 24556463edcc1892, 50.0%
0.0.Q3: Trace Attempt  1	[208.38 s]
0.0.Q3: Trace Attempt  2	[208.38 s]
0.0.Q3: Trace Attempt  3	[208.38 s]
0.0.Q3: Trace Attempt  4	[208.38 s]
0.0.Q3: Trace Attempt  5	[208.38 s]
0.0.Q3: Restart 811, Seed a281e5e27581ca82, 50.0%
0.0.Q3: Trace Attempt  1	[208.65 s]
0.0.Q3: Trace Attempt  2	[208.65 s]
0.0.Q3: Trace Attempt  3	[208.65 s]
0.0.Q3: Trace Attempt  4	[208.65 s]
0.0.Q3: Trace Attempt  5	[208.65 s]
0.0.Q3: Restart 812, Seed 5bb9b443af42df91, 50.0%
0.0.Q3: Trace Attempt  1	[208.91 s]
0.0.Q3: Trace Attempt  2	[208.91 s]
0.0.Q3: Trace Attempt  3	[208.92 s]
0.0.Q3: Trace Attempt  4	[208.92 s]
0.0.Q3: Trace Attempt  5	[208.92 s]
0.0.Q1: Trace Attempt 107	[208.94 s]
0.0.Q3: Restart 813, Seed 181e32fe0407e6ca, 50.0%
0.0.Q3: Trace Attempt  1	[209.18 s]
0.0.Q3: Trace Attempt  2	[209.18 s]
0.0.Q3: Trace Attempt  3	[209.18 s]
0.0.Q3: Trace Attempt  4	[209.19 s]
0.0.Q3: Trace Attempt  5	[209.19 s]
0.0.Q3: Restart 814, Seed e57b8a14517b422a, 50.0%
0.0.Q3: Trace Attempt  1	[209.45 s]
0.0.Q3: Trace Attempt  2	[209.45 s]
0.0.Q3: Trace Attempt  3	[209.45 s]
0.0.Q3: Trace Attempt  4	[209.46 s]
0.0.Q3: Trace Attempt  5	[209.46 s]
0.0.Q3: Restart 815, Seed cb6fe0397549dd27, 50.0%
0.0.Q3: Trace Attempt  1	[209.72 s]
0.0.Q3: Trace Attempt  2	[209.73 s]
0.0.Q3: Trace Attempt  3	[209.73 s]
0.0.Q3: Trace Attempt  4	[209.73 s]
0.0.Q3: Trace Attempt  5	[209.73 s]
0.0.Q3: Restart 816, Seed 9e905525b837645, 50.0%
0.0.Q3: Trace Attempt  1	[210.00 s]
0.0.Q3: Trace Attempt  2	[210.00 s]
0.0.Q3: Trace Attempt  3	[210.00 s]
0.0.Q3: Trace Attempt  4	[210.00 s]
0.0.Q3: Trace Attempt  5	[210.00 s]
0.0.Q3: Restart 817, Seed 1168a0a60022c2c6, 50.0%
0.0.Q3: Trace Attempt  1	[210.27 s]
0.0.Q3: Trace Attempt  2	[210.27 s]
0.0.Q3: Trace Attempt  3	[210.27 s]
0.0.Q3: Trace Attempt  4	[210.27 s]
0.0.Q3: Trace Attempt  5	[210.27 s]
0.0.Q3: Restart 818, Seed 9e3790361775cde8, 50.0%
0.0.Q3: Trace Attempt  1	[210.54 s]
0.0.Q3: Trace Attempt  2	[210.54 s]
0.0.Q3: Trace Attempt  3	[210.54 s]
0.0.Q3: Trace Attempt  4	[210.55 s]
0.0.Q3: Trace Attempt  5	[210.55 s]
0.0.Q3: Restart 819, Seed 6a5a42c3c03998da, 50.0%
0.0.Q3: Trace Attempt  1	[210.81 s]
0.0.Q3: Trace Attempt  2	[210.81 s]
0.0.Q3: Trace Attempt  3	[210.82 s]
0.0.Q3: Trace Attempt  4	[210.82 s]
0.0.Q3: Trace Attempt  5	[210.82 s]
0.0.Q3: Restart 820, Seed e63e31c425f91704, 50.0%
0.0.Q3: Trace Attempt  1	[211.09 s]
0.0.Q3: Trace Attempt  2	[211.09 s]
0.0.Q3: Trace Attempt  3	[211.09 s]
0.0.Q3: Trace Attempt  4	[211.09 s]
0.0.Q3: Trace Attempt  5	[211.09 s]
0.0.Q3: Restart 821, Seed cb6265e59cbb6d01, 50.0%
0.0.Q3: Trace Attempt  1	[211.36 s]
0.0.Q3: Trace Attempt  2	[211.36 s]
0.0.Q3: Trace Attempt  3	[211.36 s]
0.0.Q3: Trace Attempt  4	[211.36 s]
0.0.Q3: Trace Attempt  5	[211.36 s]
0.0.Q3: Restart 822, Seed b681490bddd07ae0, 50.0%
0.0.Q3: Trace Attempt  1	[211.63 s]
0.0.Q3: Trace Attempt  2	[211.63 s]
0.0.Q3: Trace Attempt  3	[211.63 s]
0.0.Q3: Trace Attempt  4	[211.63 s]
0.0.Q3: Trace Attempt  5	[211.63 s]
0.0.Q2: Trace Attempt 3131	[211.77 s]
0.0.Q3: Restart 823, Seed 374a9c6192fad519, 50.0%
0.0.Q3: Trace Attempt  1	[211.90 s]
0.0.Q3: Trace Attempt  2	[211.90 s]
0.0.Q3: Trace Attempt  3	[211.90 s]
0.0.Q3: Trace Attempt  4	[211.90 s]
0.0.Q3: Trace Attempt  5	[211.90 s]
0.0.Q3: Restart 824, Seed fdf0159675988f27, 50.0%
0.0.Q3: Trace Attempt  1	[212.17 s]
0.0.Q3: Trace Attempt  2	[212.17 s]
0.0.Q3: Trace Attempt  3	[212.17 s]
0.0.Q3: Trace Attempt  4	[212.17 s]
0.0.Q3: Trace Attempt  5	[212.17 s]
0.0.Q3: Restart 825, Seed fa4021984ba71457, 50.0%
0.0.Q3: Trace Attempt  1	[212.44 s]
0.0.Q3: Trace Attempt  2	[212.44 s]
0.0.Q3: Trace Attempt  3	[212.44 s]
0.0.Q3: Trace Attempt  4	[212.44 s]
0.0.Q3: Trace Attempt  5	[212.44 s]
0.0.Q3: Restart 826, Seed 90aabc2a65616bd5, 50.0%
0.0.Q3: Trace Attempt  1	[212.72 s]
0.0.Q3: Trace Attempt  2	[212.72 s]
0.0.Q3: Trace Attempt  3	[212.72 s]
0.0.Q3: Trace Attempt  4	[212.72 s]
0.0.Q3: Trace Attempt  5	[212.72 s]
0.0.Q3: Restart 827, Seed ac065cc49176c53f, 50.0%
0.0.Q3: Trace Attempt  1	[212.99 s]
0.0.Q3: Trace Attempt  2	[212.99 s]
0.0.Q3: Trace Attempt  3	[212.99 s]
0.0.Q3: Trace Attempt  4	[212.99 s]
0.0.Q3: Trace Attempt  5	[212.99 s]
0.0.Q3: Restart 828, Seed 2514611792ef8163, 50.0%
0.0.Q3: Trace Attempt  1	[213.26 s]
0.0.Q3: Trace Attempt  2	[213.26 s]
0.0.Q3: Trace Attempt  3	[213.26 s]
0.0.Q3: Trace Attempt  4	[213.26 s]
0.0.Q3: Trace Attempt  5	[213.26 s]
0.0.Q1: Trace Attempt 116	[213.43 s]
0.0.Q3: Restart 829, Seed f9b59a860f40607e, 50.0%
0.0.Q3: Trace Attempt  1	[213.53 s]
0.0.Q3: Trace Attempt  2	[213.53 s]
0.0.Q3: Trace Attempt  3	[213.53 s]
0.0.Q3: Trace Attempt  4	[213.53 s]
0.0.Q3: Trace Attempt  5	[213.53 s]
0.0.Q3: Restart 830, Seed 25b87044fe615f3b, 50.0%
0.0.Q3: Trace Attempt  1	[213.80 s]
0.0.Q3: Trace Attempt  2	[213.80 s]
0.0.Q3: Trace Attempt  3	[213.80 s]
0.0.Q3: Trace Attempt  4	[213.80 s]
0.0.Q3: Trace Attempt  5	[213.80 s]
0.0.Q3: Restart 831, Seed 188d3a8acb62eb9e, 50.0%
0.0.Q3: Trace Attempt  1	[214.07 s]
0.0.Q3: Trace Attempt  2	[214.07 s]
0.0.Q3: Trace Attempt  3	[214.07 s]
0.0.Q3: Trace Attempt  4	[214.07 s]
0.0.Q3: Trace Attempt  5	[214.07 s]
0.0.Q3: Restart 832, Seed db38e2c072bd4033, 50.0%
0.0.Q3: Trace Attempt  1	[214.34 s]
0.0.Q3: Trace Attempt  2	[214.34 s]
0.0.Q3: Trace Attempt  3	[214.34 s]
0.0.Q3: Trace Attempt  4	[214.34 s]
0.0.Q3: Trace Attempt  5	[214.34 s]
0.0.Q3: Restart 833, Seed d553325c62584a2a, 50.0%
0.0.Q3: Trace Attempt  1	[214.61 s]
0.0.Q3: Trace Attempt  2	[214.61 s]
0.0.Q3: Trace Attempt  3	[214.62 s]
0.0.Q3: Trace Attempt  4	[214.62 s]
0.0.Q3: Trace Attempt  5	[214.62 s]
0.0.Q3: Restart 834, Seed b33fd610c0d9f5ef, 50.0%
0.0.Q3: Trace Attempt  1	[214.88 s]
0.0.Q3: Trace Attempt  2	[214.88 s]
0.0.Q3: Trace Attempt  3	[214.89 s]
0.0.Q3: Trace Attempt  4	[214.89 s]
0.0.Q3: Trace Attempt  5	[214.89 s]
0.0.Q3: Restart 835, Seed 86c4f024096bfdf5, 50.0%
0.0.Q3: Trace Attempt  1	[215.15 s]
0.0.Q3: Trace Attempt  2	[215.15 s]
0.0.Q3: Trace Attempt  3	[215.16 s]
0.0.Q3: Trace Attempt  4	[215.16 s]
0.0.Q3: Trace Attempt  5	[215.16 s]
0.0.Q3: Restart 836, Seed ed4186a9529994fd, 50.0%
0.0.Q3: Trace Attempt  1	[215.42 s]
0.0.Q3: Trace Attempt  2	[215.42 s]
0.0.Q3: Trace Attempt  3	[215.43 s]
0.0.Q3: Trace Attempt  4	[215.43 s]
0.0.Q3: Trace Attempt  5	[215.43 s]
0.0.Q3: Restart 837, Seed d9526188e9885c5b, 50.0%
0.0.Q3: Trace Attempt  1	[215.69 s]
0.0.Q3: Trace Attempt  2	[215.69 s]
0.0.Q3: Trace Attempt  3	[215.69 s]
0.0.Q3: Trace Attempt  4	[215.69 s]
0.0.Q3: Trace Attempt  5	[215.70 s]
0.0.Q2: Trace Attempt 3174	[215.79 s]
0.0.Q3: Restart 838, Seed 49c5dee1f994968, 50.0%
0.0.Q3: Trace Attempt  1	[215.96 s]
0.0.Q3: Trace Attempt  2	[215.96 s]
0.0.Q3: Trace Attempt  3	[215.96 s]
0.0.Q3: Trace Attempt  4	[215.96 s]
0.0.Q3: Trace Attempt  5	[215.96 s]
0.0.Q3: Restart 839, Seed 445bedf81aa346da, 50.0%
0.0.Q3: Trace Attempt  1	[216.23 s]
0.0.Q3: Trace Attempt  2	[216.23 s]
0.0.Q3: Trace Attempt  3	[216.23 s]
0.0.Q3: Trace Attempt  4	[216.23 s]
0.0.Q3: Trace Attempt  5	[216.23 s]
0.0.Q3: Restart 840, Seed cbe6e57cbed3be04, 50.0%
0.0.Q3: Trace Attempt  1	[216.50 s]
0.0.Q3: Trace Attempt  2	[216.50 s]
0.0.Q3: Trace Attempt  3	[216.51 s]
0.0.Q3: Trace Attempt  4	[216.51 s]
0.0.Q3: Trace Attempt  5	[216.51 s]
0.0.Q3: Restart 841, Seed 32519403858124d7, 50.0%
0.0.Q3: Trace Attempt  1	[216.77 s]
0.0.Q3: Trace Attempt  2	[216.77 s]
0.0.Q3: Trace Attempt  3	[216.77 s]
0.0.Q3: Trace Attempt  4	[216.78 s]
0.0.Q3: Trace Attempt  5	[216.78 s]
0.0.Q3: Restart 842, Seed b4f60454b59cfc95, 50.0%
0.0.Q3: Trace Attempt  1	[217.04 s]
0.0.Q3: Trace Attempt  2	[217.05 s]
0.0.Q3: Trace Attempt  3	[217.05 s]
0.0.Q3: Trace Attempt  4	[217.05 s]
0.0.Q3: Trace Attempt  5	[217.05 s]
0.0.Q3: Restart 843, Seed b3d49d9454ca5ea4, 50.0%
0.0.Q3: Trace Attempt  1	[217.31 s]
0.0.Q3: Trace Attempt  2	[217.31 s]
0.0.Q3: Trace Attempt  3	[217.31 s]
0.0.Q3: Trace Attempt  4	[217.31 s]
0.0.Q3: Trace Attempt  5	[217.31 s]
0.0.Q3: Restart 844, Seed d2a6c6626964c970, 50.0%
0.0.Q3: Trace Attempt  1	[217.58 s]
0.0.Q3: Trace Attempt  2	[217.58 s]
0.0.Q3: Trace Attempt  3	[217.59 s]
0.0.Q3: Trace Attempt  4	[217.59 s]
0.0.Q3: Trace Attempt  5	[217.59 s]
0.0.Q3: Restart 845, Seed e742122d7b2ee88c, 50.0%
0.0.Q3: Trace Attempt  1	[217.85 s]
0.0.Q3: Trace Attempt  2	[217.85 s]
0.0.Q3: Trace Attempt  3	[217.85 s]
0.0.Q3: Trace Attempt  4	[217.86 s]
0.0.Q3: Trace Attempt  5	[217.86 s]
0.0.Q3: Restart 846, Seed d8a303a28ad54245, 50.0%
0.0.Q3: Trace Attempt  1	[218.12 s]
0.0.Q3: Trace Attempt  2	[218.12 s]
0.0.Q3: Trace Attempt  3	[218.12 s]
0.0.Q3: Trace Attempt  4	[218.12 s]
0.0.Q3: Trace Attempt  5	[218.13 s]
0.0.Q3: Restart 847, Seed 2f762ad276c6b77a, 50.0%
0.0.Q3: Trace Attempt  1	[218.39 s]
0.0.Q3: Trace Attempt  2	[218.39 s]
0.0.Q3: Trace Attempt  3	[218.39 s]
0.0.Q3: Trace Attempt  4	[218.39 s]
0.0.Q3: Trace Attempt  5	[218.40 s]
0.0.Q3: Restart 848, Seed 3c3dfa2612e5ca10, 50.0%
0.0.Q3: Trace Attempt  1	[218.66 s]
0.0.Q3: Trace Attempt  2	[218.66 s]
0.0.Q3: Trace Attempt  3	[218.66 s]
0.0.Q3: Trace Attempt  4	[218.66 s]
0.0.Q3: Trace Attempt  5	[218.66 s]
0.0.Q3: Restart 849, Seed 796cdb0cfdcf8bdb, 50.0%
0.0.Q3: Trace Attempt  1	[218.93 s]
0.0.Q3: Trace Attempt  2	[218.93 s]
0.0.Q3: Trace Attempt  3	[218.93 s]
0.0.Q3: Trace Attempt  4	[218.93 s]
0.0.Q3: Trace Attempt  5	[218.93 s]
0.0.Q3: Restart 850, Seed 50bb2725af7c806c, 50.0%
0.0.Q3: Trace Attempt  1	[219.20 s]
0.0.Q3: Trace Attempt  2	[219.20 s]
0.0.Q3: Trace Attempt  3	[219.20 s]
0.0.Q3: Trace Attempt  4	[219.20 s]
0.0.Q3: Trace Attempt  5	[219.20 s]
0.0.Q3: Restart 851, Seed a6aa2c61c06bb8b3, 50.0%
0.0.Q3: Trace Attempt  1	[219.47 s]
0.0.Q3: Trace Attempt  2	[219.47 s]
0.0.Q3: Trace Attempt  3	[219.47 s]
0.0.Q3: Trace Attempt  4	[219.47 s]
0.0.Q3: Trace Attempt  5	[219.47 s]
0.0.Q3: Restart 852, Seed 3cff639f5424af01, 50.0%
0.0.Q3: Trace Attempt  1	[219.74 s]
0.0.Q3: Trace Attempt  2	[219.74 s]
0.0.Q3: Trace Attempt  3	[219.74 s]
0.0.Q3: Trace Attempt  4	[219.74 s]
0.0.Q3: Trace Attempt  5	[219.74 s]
0.0.Q2: Trace Attempt 3208	[219.83 s]
0.0.Q3: Restart 853, Seed 5717e7c5bb347e54, 50.0%
0.0.Q3: Trace Attempt  1	[220.01 s]
0.0.Q3: Trace Attempt  2	[220.01 s]
0.0.Q3: Trace Attempt  3	[220.01 s]
0.0.Q3: Trace Attempt  4	[220.01 s]
0.0.Q3: Trace Attempt  5	[220.01 s]
0.0.Q3: Restart 854, Seed 42fae84bef2504b6, 50.0%
0.0.Q3: Trace Attempt  1	[220.28 s]
0.0.Q3: Trace Attempt  2	[220.28 s]
0.0.Q3: Trace Attempt  3	[220.28 s]
0.0.Q3: Trace Attempt  4	[220.28 s]
0.0.Q3: Trace Attempt  5	[220.28 s]
0.0.Q3: Restart 855, Seed 724c21a1b6cfdc4f, 50.0%
0.0.Q3: Trace Attempt  1	[220.55 s]
0.0.Q3: Trace Attempt  2	[220.55 s]
0.0.Q3: Trace Attempt  3	[220.55 s]
0.0.Q3: Trace Attempt  4	[220.55 s]
0.0.Q3: Trace Attempt  5	[220.55 s]
0.0.Q3: Restart 856, Seed 1603ad4baa50ad15, 50.0%
0.0.Q3: Trace Attempt  1	[220.82 s]
0.0.Q3: Trace Attempt  2	[220.82 s]
0.0.Q3: Trace Attempt  3	[220.82 s]
0.0.Q3: Trace Attempt  4	[220.82 s]
0.0.Q3: Trace Attempt  5	[220.82 s]
0.0.Q3: Restart 857, Seed b24f4bbf65f36ddb, 50.0%
0.0.Q3: Trace Attempt  1	[221.09 s]
0.0.Q3: Trace Attempt  2	[221.09 s]
0.0.Q3: Trace Attempt  3	[221.09 s]
0.0.Q3: Trace Attempt  4	[221.09 s]
0.0.Q3: Trace Attempt  5	[221.09 s]
0.0.Q3: Restart 858, Seed 240e63e15cc1e7d9, 50.0%
0.0.Q3: Trace Attempt  1	[221.36 s]
0.0.Q3: Trace Attempt  2	[221.36 s]
0.0.Q3: Trace Attempt  3	[221.36 s]
0.0.Q3: Trace Attempt  4	[221.36 s]
0.0.Q3: Trace Attempt  5	[221.37 s]
0.0.Q3: Restart 859, Seed e6e7f9b3733f730b, 50.0%
0.0.Q3: Trace Attempt  1	[221.63 s]
0.0.Q3: Trace Attempt  2	[221.63 s]
0.0.Q3: Trace Attempt  3	[221.63 s]
0.0.Q3: Trace Attempt  4	[221.63 s]
0.0.Q3: Trace Attempt  5	[221.63 s]
0.0.Q3: Restart 860, Seed 2b5ee42637fefb91, 50.0%
0.0.Q3: Trace Attempt  1	[221.90 s]
0.0.Q3: Trace Attempt  2	[221.90 s]
0.0.Q3: Trace Attempt  3	[221.90 s]
0.0.Q3: Trace Attempt  4	[221.90 s]
0.0.Q3: Trace Attempt  5	[221.90 s]
0.0.Q3: Restart 861, Seed 2b6f879efc508bc4, 50.0%
0.0.Q3: Trace Attempt  1	[222.17 s]
0.0.Q3: Trace Attempt  2	[222.17 s]
0.0.Q3: Trace Attempt  3	[222.17 s]
0.0.Q3: Trace Attempt  4	[222.17 s]
0.0.Q3: Trace Attempt  5	[222.17 s]
0.0.Q3: Restart 862, Seed 58c7f20786011e62, 50.0%
0.0.Q3: Trace Attempt  1	[222.44 s]
0.0.Q3: Trace Attempt  2	[222.44 s]
0.0.Q3: Trace Attempt  3	[222.44 s]
0.0.Q3: Trace Attempt  4	[222.44 s]
0.0.Q3: Trace Attempt  5	[222.44 s]
0.0.Q3: Restart 863, Seed 3a89087c5ef8aa0c, 50.0%
0.0.Q3: Trace Attempt  1	[222.71 s]
0.0.Q3: Trace Attempt  2	[222.71 s]
0.0.Q3: Trace Attempt  3	[222.71 s]
0.0.Q3: Trace Attempt  4	[222.71 s]
0.0.Q3: Trace Attempt  5	[222.71 s]
0.0.Q3: Restart 864, Seed 409043cdc499095, 50.0%
0.0.Q3: Trace Attempt  1	[222.98 s]
0.0.Q3: Trace Attempt  2	[222.98 s]
0.0.Q3: Trace Attempt  3	[222.99 s]
0.0.Q3: Trace Attempt  4	[222.99 s]
0.0.Q3: Trace Attempt  5	[222.99 s]
0.0.Q3: Restart 865, Seed 14ee5b2beba06759, 50.0%
0.0.Q3: Trace Attempt  1	[223.26 s]
0.0.Q3: Trace Attempt  2	[223.26 s]
0.0.Q3: Trace Attempt  3	[223.26 s]
0.0.Q3: Trace Attempt  4	[223.26 s]
0.0.Q3: Trace Attempt  5	[223.26 s]
0.0.Q3: Restart 866, Seed 236f83ef3b3b7f4f, 50.0%
0.0.Q3: Trace Attempt  1	[223.53 s]
0.0.Q3: Trace Attempt  2	[223.53 s]
0.0.Q3: Trace Attempt  3	[223.53 s]
0.0.Q3: Trace Attempt  4	[223.53 s]
0.0.Q3: Trace Attempt  5	[223.53 s]
0.0.Q3: Restart 867, Seed a1cb2d11aa2f9212, 50.0%
0.0.Q3: Trace Attempt  1	[223.80 s]
0.0.Q3: Trace Attempt  2	[223.80 s]
0.0.Q3: Trace Attempt  3	[223.80 s]
0.0.Q3: Trace Attempt  4	[223.80 s]
0.0.Q3: Trace Attempt  5	[223.80 s]
0.0.Q2: Trace Attempt 3248	[223.84 s]
0.0.Q3: Restart 868, Seed 910e002d4a4329ef, 50.0%
0.0.Q3: Trace Attempt  1	[224.07 s]
0.0.Q3: Trace Attempt  2	[224.07 s]
0.0.Q3: Trace Attempt  3	[224.07 s]
0.0.Q3: Trace Attempt  4	[224.07 s]
0.0.Q3: Trace Attempt  5	[224.07 s]
0.0.Q3: Restart 869, Seed dc48755f900bf1d2, 50.0%
0.0.Q3: Trace Attempt  1	[224.34 s]
0.0.Q3: Trace Attempt  2	[224.34 s]
0.0.Q3: Trace Attempt  3	[224.34 s]
0.0.Q3: Trace Attempt  4	[224.34 s]
0.0.Q3: Trace Attempt  5	[224.34 s]
0.0.Q3: Restart 870, Seed e0e1e26e340c4cb6, 50.0%
0.0.Q3: Trace Attempt  1	[224.61 s]
0.0.Q3: Trace Attempt  2	[224.61 s]
0.0.Q3: Trace Attempt  3	[224.61 s]
0.0.Q3: Trace Attempt  4	[224.61 s]
0.0.Q3: Trace Attempt  5	[224.62 s]
0.0.Q3: Restart 871, Seed d1c810c71472cedc, 50.0%
0.0.Q3: Trace Attempt  1	[224.88 s]
0.0.Q3: Trace Attempt  2	[224.88 s]
0.0.Q3: Trace Attempt  3	[224.89 s]
0.0.Q3: Trace Attempt  4	[224.89 s]
0.0.Q3: Trace Attempt  5	[224.89 s]
0.0.Q3: Restart 872, Seed 3ca818dd2d615145, 50.0%
0.0.Q3: Trace Attempt  1	[225.15 s]
0.0.Q3: Trace Attempt  2	[225.16 s]
0.0.Q3: Trace Attempt  3	[225.16 s]
0.0.Q3: Trace Attempt  4	[225.16 s]
0.0.Q3: Trace Attempt  5	[225.16 s]
0.0.Q3: Restart 873, Seed 429e043768d76ed0, 50.0%
0.0.Q3: Trace Attempt  1	[225.43 s]
0.0.Q3: Trace Attempt  2	[225.43 s]
0.0.Q3: Trace Attempt  3	[225.43 s]
0.0.Q3: Trace Attempt  4	[225.43 s]
0.0.Q3: Trace Attempt  5	[225.43 s]
0.0.Q3: Restart 874, Seed 8cdbb4749d54a98f, 50.0%
0.0.Q3: Trace Attempt  1	[225.70 s]
0.0.Q3: Trace Attempt  2	[225.70 s]
0.0.Q3: Trace Attempt  3	[225.70 s]
0.0.Q3: Trace Attempt  4	[225.70 s]
0.0.Q3: Trace Attempt  5	[225.71 s]
0.0.Q3: Restart 875, Seed 4417862ab92742b7, 50.0%
0.0.Q3: Trace Attempt  1	[225.97 s]
0.0.Q3: Trace Attempt  2	[225.98 s]
0.0.Q3: Trace Attempt  3	[225.98 s]
0.0.Q3: Trace Attempt  4	[225.98 s]
0.0.Q3: Trace Attempt  5	[225.98 s]
0.0.Q3: Restart 876, Seed b1acf10a9b1c8cd, 50.0%
0.0.Q3: Trace Attempt  1	[226.25 s]
0.0.Q3: Trace Attempt  2	[226.25 s]
0.0.Q3: Trace Attempt  3	[226.25 s]
0.0.Q3: Trace Attempt  4	[226.25 s]
0.0.Q3: Trace Attempt  5	[226.25 s]
0.0.Q3: Restart 877, Seed 7efe221619df93e3, 50.0%
0.0.Q3: Trace Attempt  1	[226.52 s]
0.0.Q3: Trace Attempt  2	[226.52 s]
0.0.Q3: Trace Attempt  3	[226.52 s]
0.0.Q3: Trace Attempt  4	[226.52 s]
0.0.Q3: Trace Attempt  5	[226.53 s]
0.0.Q3: Restart 878, Seed 3ef3d4af1dcef78e, 50.0%
0.0.Q3: Trace Attempt  1	[226.79 s]
0.0.Q3: Trace Attempt  2	[226.79 s]
0.0.Q3: Trace Attempt  3	[226.79 s]
0.0.Q3: Trace Attempt  4	[226.79 s]
0.0.Q3: Trace Attempt  5	[226.79 s]
0.0.Q3: Restart 879, Seed bb1f323cbcc66bca, 50.0%
0.0.Q3: Trace Attempt  1	[227.06 s]
0.0.Q3: Trace Attempt  2	[227.06 s]
0.0.Q3: Trace Attempt  3	[227.06 s]
0.0.Q3: Trace Attempt  4	[227.06 s]
0.0.Q3: Trace Attempt  5	[227.06 s]
0.0.Q3: Restart 880, Seed 3207c63695ba1f51, 50.0%
0.0.Q3: Trace Attempt  1	[227.33 s]
0.0.Q3: Trace Attempt  2	[227.33 s]
0.0.Q3: Trace Attempt  3	[227.34 s]
0.0.Q3: Trace Attempt  4	[227.34 s]
0.0.Q3: Trace Attempt  5	[227.34 s]
0.0.Q3: Restart 881, Seed 8a28be9e08eba4a3, 50.0%
0.0.Q3: Trace Attempt  1	[227.60 s]
0.0.Q3: Trace Attempt  2	[227.61 s]
0.0.Q3: Trace Attempt  3	[227.61 s]
0.0.Q3: Trace Attempt  4	[227.61 s]
0.0.Q3: Trace Attempt  5	[227.61 s]
0.0.Q2: Trace Attempt 3291	[227.86 s]
0.0.Q3: Restart 882, Seed 612ea2abf1d2186e, 50.0%
0.0.Q3: Trace Attempt  1	[227.88 s]
0.0.Q3: Trace Attempt  2	[227.88 s]
0.0.Q3: Trace Attempt  3	[227.88 s]
0.0.Q3: Trace Attempt  4	[227.88 s]
0.0.Q3: Trace Attempt  5	[227.88 s]
0.0.Q3: Restart 883, Seed a4f6d75a8bb99a13, 50.0%
0.0.Q3: Trace Attempt  1	[228.15 s]
0.0.Q3: Trace Attempt  2	[228.15 s]
0.0.Q3: Trace Attempt  3	[228.15 s]
0.0.Q3: Trace Attempt  4	[228.15 s]
0.0.Q3: Trace Attempt  5	[228.16 s]
0.0.Q3: Restart 884, Seed b581d0c810f47163, 50.0%
0.0.Q3: Trace Attempt  1	[228.43 s]
0.0.Q3: Trace Attempt  2	[228.43 s]
0.0.Q3: Trace Attempt  3	[228.43 s]
0.0.Q3: Trace Attempt  4	[228.43 s]
0.0.Q3: Trace Attempt  5	[228.43 s]
0.0.Q3: Restart 885, Seed 1d87986102ef8e12, 50.0%
0.0.Q3: Trace Attempt  1	[228.70 s]
0.0.Q3: Trace Attempt  2	[228.70 s]
0.0.Q3: Trace Attempt  3	[228.70 s]
0.0.Q3: Trace Attempt  4	[228.70 s]
0.0.Q3: Trace Attempt  5	[228.71 s]
0.0.Q3: Restart 886, Seed 831b9a59c0a3580c, 50.0%
0.0.Q3: Trace Attempt  1	[228.97 s]
0.0.Q3: Trace Attempt  2	[228.98 s]
0.0.Q3: Trace Attempt  3	[228.98 s]
0.0.Q3: Trace Attempt  4	[228.98 s]
0.0.Q3: Trace Attempt  5	[228.98 s]
0.0.Q3: Restart 887, Seed e42cc36e6725b258, 50.0%
0.0.Q3: Trace Attempt  1	[229.25 s]
0.0.Q3: Trace Attempt  2	[229.25 s]
0.0.Q3: Trace Attempt  3	[229.25 s]
0.0.Q3: Trace Attempt  4	[229.25 s]
0.0.Q3: Trace Attempt  5	[229.25 s]
0.0.Q3: Restart 888, Seed 331fdd83937d813c, 50.0%
0.0.Q3: Trace Attempt  1	[229.52 s]
0.0.Q3: Trace Attempt  2	[229.53 s]
0.0.Q3: Trace Attempt  3	[229.53 s]
0.0.Q3: Trace Attempt  4	[229.53 s]
0.0.Q3: Trace Attempt  5	[229.53 s]
0.0.Q3: Restart 889, Seed 601c027bd4e87a57, 50.0%
0.0.Q3: Trace Attempt  1	[229.80 s]
0.0.Q3: Trace Attempt  2	[229.80 s]
0.0.Q3: Trace Attempt  3	[229.80 s]
0.0.Q3: Trace Attempt  4	[229.80 s]
0.0.Q3: Trace Attempt  5	[229.80 s]
0.0.Q3: Restart 890, Seed e989596680b179d9, 50.0%
0.0.Q3: Trace Attempt  1	[230.07 s]
0.0.Q3: Trace Attempt  2	[230.07 s]
0.0.Q3: Trace Attempt  3	[230.07 s]
0.0.Q3: Trace Attempt  4	[230.07 s]
0.0.Q3: Trace Attempt  5	[230.08 s]
0.0.Q3: Restart 891, Seed fce2806b61133839, 50.0%
0.0.Q3: Trace Attempt  1	[230.34 s]
0.0.Q3: Trace Attempt  2	[230.34 s]
0.0.Q3: Trace Attempt  3	[230.35 s]
0.0.Q3: Trace Attempt  4	[230.35 s]
0.0.Q3: Trace Attempt  5	[230.35 s]
0.0.Q3: Restart 892, Seed b1626db597eab22d, 50.0%
0.0.Q3: Trace Attempt  1	[230.62 s]
0.0.Q3: Trace Attempt  2	[230.62 s]
0.0.Q3: Trace Attempt  3	[230.62 s]
0.0.Q3: Trace Attempt  4	[230.62 s]
0.0.Q3: Trace Attempt  5	[230.62 s]
0.0.Q3: Restart 893, Seed 28491f5263e45df0, 50.0%
0.0.Q3: Trace Attempt  1	[230.89 s]
0.0.Q3: Trace Attempt  2	[230.89 s]
0.0.Q3: Trace Attempt  3	[230.89 s]
0.0.Q3: Trace Attempt  4	[230.89 s]
0.0.Q3: Trace Attempt  5	[230.90 s]
0.0.Q3: Restart 894, Seed e94e9861ea936de6, 50.0%
0.0.Q3: Trace Attempt  1	[231.16 s]
0.0.Q3: Trace Attempt  2	[231.16 s]
0.0.Q3: Trace Attempt  3	[231.16 s]
0.0.Q3: Trace Attempt  4	[231.16 s]
0.0.Q3: Trace Attempt  5	[231.16 s]
0.0.Q3: Restart 895, Seed 10eeaeb6e4e5977f, 50.0%
0.0.Q3: Trace Attempt  1	[231.43 s]
0.0.Q3: Trace Attempt  2	[231.43 s]
0.0.Q3: Trace Attempt  3	[231.44 s]
0.0.Q3: Trace Attempt  4	[231.44 s]
0.0.Q3: Trace Attempt  5	[231.44 s]
0.0.Q3: Restart 896, Seed 962568e5ee5d52a5, 50.0%
0.0.Q3: Trace Attempt  1	[231.70 s]
0.0.Q3: Trace Attempt  2	[231.71 s]
0.0.Q3: Trace Attempt  3	[231.71 s]
0.0.Q3: Trace Attempt  4	[231.71 s]
0.0.Q3: Trace Attempt  5	[231.71 s]
0.0.Q2: Trace Attempt 3335	[231.94 s]
0.0.Q3: Restart 897, Seed 643d3c615b3d0209, 50.0%
0.0.Q3: Trace Attempt  1	[231.97 s]
0.0.Q3: Trace Attempt  2	[231.98 s]
0.0.Q3: Trace Attempt  3	[231.98 s]
0.0.Q3: Trace Attempt  4	[231.98 s]
0.0.Q3: Trace Attempt  5	[231.98 s]
0.0.Q3: Restart 898, Seed bfeb85590f6684ef, 50.0%
0.0.Q3: Trace Attempt  1	[232.25 s]
0.0.Q3: Trace Attempt  2	[232.25 s]
0.0.Q3: Trace Attempt  3	[232.25 s]
0.0.Q3: Trace Attempt  4	[232.25 s]
0.0.Q3: Trace Attempt  5	[232.25 s]
0.0.Q3: Restart 899, Seed 46cb4be94cbe8116, 50.0%
0.0.Q3: Trace Attempt  1	[232.52 s]
0.0.Q3: Trace Attempt  2	[232.52 s]
0.0.Q3: Trace Attempt  3	[232.52 s]
0.0.Q3: Trace Attempt  4	[232.52 s]
0.0.Q3: Trace Attempt  5	[232.52 s]
0.0.Q3: Restart 900, Seed d24cc01ae6332df9, 50.0%
0.0.Q3: Trace Attempt  1	[232.79 s]
0.0.Q3: Trace Attempt  2	[232.79 s]
0.0.Q3: Trace Attempt  3	[232.79 s]
0.0.Q3: Trace Attempt  4	[232.79 s]
0.0.Q3: Trace Attempt  5	[232.79 s]
0.0.Q3: Restart 901, Seed bf0ce1a5fcc78413, 50.0%
0.0.Q3: Trace Attempt  1	[233.06 s]
0.0.Q3: Trace Attempt  2	[233.06 s]
0.0.Q3: Trace Attempt  3	[233.06 s]
0.0.Q3: Trace Attempt  4	[233.06 s]
0.0.Q3: Trace Attempt  5	[233.06 s]
0.0.Q3: Restart 902, Seed e98488f1f0d1489a, 50.0%
0.0.Q3: Trace Attempt  1	[233.33 s]
0.0.Q3: Trace Attempt  2	[233.33 s]
0.0.Q3: Trace Attempt  3	[233.33 s]
0.0.Q3: Trace Attempt  4	[233.33 s]
0.0.Q3: Trace Attempt  5	[233.33 s]
0.0.Q3: Restart 903, Seed 4a8a57abcb279be5, 50.0%
0.0.Q3: Trace Attempt  1	[233.60 s]
0.0.Q3: Trace Attempt  2	[233.60 s]
0.0.Q3: Trace Attempt  3	[233.60 s]
0.0.Q3: Trace Attempt  4	[233.60 s]
0.0.Q3: Trace Attempt  5	[233.60 s]
0.0.Q3: Restart 904, Seed bb74967128169f4d, 50.0%
0.0.Q3: Trace Attempt  1	[233.87 s]
0.0.Q3: Trace Attempt  2	[233.87 s]
0.0.Q3: Trace Attempt  3	[233.87 s]
0.0.Q3: Trace Attempt  4	[233.87 s]
0.0.Q3: Trace Attempt  5	[233.88 s]
0.0.Q3: Restart 905, Seed 53ef39be940bf0a1, 50.0%
0.0.Q3: Trace Attempt  1	[234.14 s]
0.0.Q3: Trace Attempt  2	[234.14 s]
0.0.Q3: Trace Attempt  3	[234.14 s]
0.0.Q3: Trace Attempt  4	[234.14 s]
0.0.Q3: Trace Attempt  5	[234.15 s]
0.0.Q3: Restart 906, Seed 4f3ddd0807bf6678, 50.0%
0.0.Q3: Trace Attempt  1	[234.41 s]
0.0.Q3: Trace Attempt  2	[234.41 s]
0.0.Q3: Trace Attempt  3	[234.41 s]
0.0.Q3: Trace Attempt  4	[234.41 s]
0.0.Q3: Trace Attempt  5	[234.42 s]
0.0.Q3: Restart 907, Seed f71f97a15ace3c9d, 50.0%
0.0.Q3: Trace Attempt  1	[234.68 s]
0.0.Q3: Trace Attempt  2	[234.68 s]
0.0.Q3: Trace Attempt  3	[234.69 s]
0.0.Q3: Trace Attempt  4	[234.69 s]
0.0.Q3: Trace Attempt  5	[234.69 s]
0.0.Q3: Restart 908, Seed 6f33a66711640edd, 50.0%
0.0.Q3: Trace Attempt  1	[234.96 s]
0.0.Q3: Trace Attempt  2	[234.96 s]
0.0.Q3: Trace Attempt  3	[234.96 s]
0.0.Q3: Trace Attempt  4	[234.96 s]
0.0.Q3: Trace Attempt  5	[234.96 s]
0.0.Q3: Restart 909, Seed c770dc17b994f01f, 50.0%
0.0.Q3: Trace Attempt  1	[235.23 s]
0.0.Q3: Trace Attempt  2	[235.23 s]
0.0.Q3: Trace Attempt  3	[235.23 s]
0.0.Q3: Trace Attempt  4	[235.23 s]
0.0.Q3: Trace Attempt  5	[235.23 s]
0.0.Q3: Restart 910, Seed 1f83a758149c500a, 50.0%
0.0.Q3: Trace Attempt  1	[235.50 s]
0.0.Q3: Trace Attempt  2	[235.50 s]
0.0.Q3: Trace Attempt  3	[235.50 s]
0.0.Q3: Trace Attempt  4	[235.50 s]
0.0.Q3: Trace Attempt  5	[235.50 s]
0.0.Q3: Restart 911, Seed ec99a7ff9f2e87d4, 50.0%
0.0.Q3: Trace Attempt  1	[235.77 s]
0.0.Q3: Trace Attempt  2	[235.77 s]
0.0.Q3: Trace Attempt  3	[235.77 s]
0.0.Q3: Trace Attempt  4	[235.78 s]
0.0.Q3: Trace Attempt  5	[235.78 s]
0.0.Q3: Restart 912, Seed bfd18c95c182343f, 50.0%
0.0.Q3: Trace Attempt  1	[236.04 s]
0.0.Q3: Trace Attempt  2	[236.04 s]
0.0.Q3: Trace Attempt  3	[236.04 s]
0.0.Q3: Trace Attempt  4	[236.05 s]
0.0.Q3: Trace Attempt  5	[236.05 s]
0.0.Q2: Trace Attempt 3378	[236.07 s]
0.0.Q3: Restart 913, Seed 60b92faf27fa3be2, 50.0%
0.0.Q3: Trace Attempt  1	[236.31 s]
0.0.Q3: Trace Attempt  2	[236.32 s]
0.0.Q3: Trace Attempt  3	[236.32 s]
0.0.Q3: Trace Attempt  4	[236.32 s]
0.0.Q3: Trace Attempt  5	[236.32 s]
0.0.Q3: Restart 914, Seed 5a00f80ff5a1f5aa, 50.0%
0.0.Q3: Trace Attempt  1	[236.59 s]
0.0.Q3: Trace Attempt  2	[236.59 s]
0.0.Q3: Trace Attempt  3	[236.59 s]
0.0.Q3: Trace Attempt  4	[236.59 s]
0.0.Q3: Trace Attempt  5	[236.59 s]
0.0.Q3: Restart 915, Seed 7bda1eaef179628c, 50.0%
0.0.Q3: Trace Attempt  1	[236.86 s]
0.0.Q3: Trace Attempt  2	[236.86 s]
0.0.Q3: Trace Attempt  3	[236.86 s]
0.0.Q3: Trace Attempt  4	[236.86 s]
0.0.Q3: Trace Attempt  5	[236.86 s]
0.0.Q3: Restart 916, Seed 58387e50bcbb29c0, 50.0%
0.0.Q3: Trace Attempt  1	[237.13 s]
0.0.Q3: Trace Attempt  2	[237.13 s]
0.0.Q3: Trace Attempt  3	[237.13 s]
0.0.Q3: Trace Attempt  4	[237.13 s]
0.0.Q3: Trace Attempt  5	[237.13 s]
0.0.Q3: Restart 917, Seed 1d1ad4718ea91cf5, 50.0%
0.0.Q3: Trace Attempt  1	[237.40 s]
0.0.Q3: Trace Attempt  2	[237.40 s]
0.0.Q3: Trace Attempt  3	[237.41 s]
0.0.Q3: Trace Attempt  4	[237.41 s]
0.0.Q3: Trace Attempt  5	[237.41 s]
0.0.Q3: Restart 918, Seed 2a826b754099f3e6, 50.0%
0.0.Q3: Trace Attempt  1	[237.68 s]
0.0.Q3: Trace Attempt  2	[237.68 s]
0.0.Q3: Trace Attempt  3	[237.68 s]
0.0.Q3: Trace Attempt  4	[237.68 s]
0.0.Q3: Trace Attempt  5	[237.68 s]
0.0.Q3: Restart 919, Seed 18285138e116bcc4, 50.0%
0.0.Q3: Trace Attempt  1	[237.95 s]
0.0.Q3: Trace Attempt  2	[237.95 s]
0.0.Q3: Trace Attempt  3	[237.95 s]
0.0.Q3: Trace Attempt  4	[237.95 s]
0.0.Q3: Trace Attempt  5	[237.95 s]
0.0.Q3: Restart 920, Seed 92758e5b2af33128, 50.0%
0.0.Q3: Trace Attempt  1	[238.22 s]
0.0.Q3: Trace Attempt  2	[238.22 s]
0.0.Q3: Trace Attempt  3	[238.22 s]
0.0.Q3: Trace Attempt  4	[238.22 s]
0.0.Q3: Trace Attempt  5	[238.22 s]
0.0.Q3: Restart 921, Seed ee5b6d31932dac45, 50.0%
0.0.Q3: Trace Attempt  1	[238.49 s]
0.0.Q3: Trace Attempt  2	[238.49 s]
0.0.Q3: Trace Attempt  3	[238.49 s]
0.0.Q3: Trace Attempt  4	[238.49 s]
0.0.Q3: Trace Attempt  5	[238.50 s]
0.0.Q3: Restart 922, Seed bb758ac9e2c8f4bb, 50.0%
0.0.Q3: Trace Attempt  1	[238.76 s]
0.0.Q3: Trace Attempt  2	[238.76 s]
0.0.Q3: Trace Attempt  3	[238.76 s]
0.0.Q3: Trace Attempt  4	[238.76 s]
0.0.Q3: Trace Attempt  5	[238.77 s]
0.0.Q3: Restart 923, Seed 5ab850283bbde566, 50.0%
0.0.Q3: Trace Attempt  1	[239.03 s]
0.0.Q3: Trace Attempt  2	[239.03 s]
0.0.Q3: Trace Attempt  3	[239.03 s]
0.0.Q3: Trace Attempt  4	[239.04 s]
0.0.Q3: Trace Attempt  5	[239.04 s]
0.0.Q3: Restart 924, Seed 60a82f17edafcea9, 50.0%
0.0.Q3: Trace Attempt  1	[239.30 s]
0.0.Q3: Trace Attempt  2	[239.31 s]
0.0.Q3: Trace Attempt  3	[239.31 s]
0.0.Q3: Trace Attempt  4	[239.31 s]
0.0.Q3: Trace Attempt  5	[239.31 s]
0.0.Q3: Restart 925, Seed a3b29edc2e06dbc4, 50.0%
0.0.Q3: Trace Attempt  1	[239.57 s]
0.0.Q3: Trace Attempt  2	[239.58 s]
0.0.Q3: Trace Attempt  3	[239.58 s]
0.0.Q3: Trace Attempt  4	[239.58 s]
0.0.Q3: Trace Attempt  5	[239.58 s]
0.0.Q3: Restart 926, Seed 6e3043c4e9571268, 50.0%
0.0.Q3: Trace Attempt  1	[239.85 s]
0.0.Q3: Trace Attempt  2	[239.85 s]
0.0.Q3: Trace Attempt  3	[239.85 s]
0.0.Q3: Trace Attempt  4	[239.85 s]
0.0.Q3: Trace Attempt  5	[239.85 s]
0.0.Q3: Restart 927, Seed b942daa73afd611e, 50.0%
0.0.Q3: Trace Attempt  1	[240.13 s]
0.0.Q3: Trace Attempt  2	[240.13 s]
0.0.Q2: Trace Attempt 3428	[240.15 s]
0.0.Q3: Trace Attempt  3	[240.13 s]
0.0.Q3: Trace Attempt  4	[240.13 s]
0.0.Q3: Trace Attempt  5	[240.13 s]
0.0.Q3: Restart 928, Seed 30b64383cea7c066, 50.0%
0.0.Q3: Trace Attempt  1	[240.41 s]
0.0.Q3: Trace Attempt  2	[240.41 s]
0.0.Q3: Trace Attempt  3	[240.41 s]
0.0.Q3: Trace Attempt  4	[240.41 s]
0.0.Q3: Trace Attempt  5	[240.41 s]
0.0.Q3: Restart 929, Seed aa15ee1d0ad47303, 50.0%
0.0.Q3: Trace Attempt  1	[240.68 s]
0.0.Q3: Trace Attempt  2	[240.68 s]
0.0.Q3: Trace Attempt  3	[240.69 s]
0.0.Q3: Trace Attempt  4	[240.69 s]
0.0.Q3: Trace Attempt  5	[240.69 s]
0.0.Q3: Restart 930, Seed 914fb1f317583743, 50.0%
0.0.Q3: Trace Attempt  1	[240.96 s]
0.0.Q3: Trace Attempt  2	[240.96 s]
0.0.Q3: Trace Attempt  3	[240.96 s]
0.0.Q3: Trace Attempt  4	[240.96 s]
0.0.Q3: Trace Attempt  5	[240.96 s]
0.0.Q3: Restart 931, Seed 6b34fab8941a1a52, 50.0%
0.0.Q3: Trace Attempt  1	[241.24 s]
0.0.Q3: Trace Attempt  2	[241.24 s]
0.0.Q3: Trace Attempt  3	[241.24 s]
0.0.Q3: Trace Attempt  4	[241.24 s]
0.0.Q3: Trace Attempt  5	[241.24 s]
0.0.Q3: Restart 932, Seed b0e1dcd102cb8fa5, 50.0%
0.0.Q3: Trace Attempt  1	[241.51 s]
0.0.Q3: Trace Attempt  2	[241.51 s]
0.0.Q3: Trace Attempt  3	[241.51 s]
0.0.Q3: Trace Attempt  4	[241.51 s]
0.0.Q3: Trace Attempt  5	[241.51 s]
0.0.Q3: Restart 933, Seed c4799fb3061fe4fd, 50.0%
0.0.Q3: Trace Attempt  1	[241.79 s]
0.0.Q3: Trace Attempt  2	[241.79 s]
0.0.Q3: Trace Attempt  3	[241.79 s]
0.0.Q3: Trace Attempt  4	[241.79 s]
0.0.Q3: Trace Attempt  5	[241.79 s]
0.0.Q3: Restart 934, Seed cd628b8d174e7185, 50.0%
0.0.Q3: Trace Attempt  1	[242.06 s]
0.0.Q3: Trace Attempt  2	[242.06 s]
0.0.Q3: Trace Attempt  3	[242.06 s]
0.0.Q3: Trace Attempt  4	[242.06 s]
0.0.Q3: Trace Attempt  5	[242.06 s]
0.0.Q3: Restart 935, Seed 88fbca2369ccd009, 50.0%
0.0.Q3: Trace Attempt  1	[242.33 s]
0.0.Q3: Trace Attempt  2	[242.33 s]
0.0.Q3: Trace Attempt  3	[242.34 s]
0.0.Q3: Trace Attempt  4	[242.34 s]
0.0.Q3: Trace Attempt  5	[242.34 s]
0.0.Q3: Restart 936, Seed 94fe8ea52622915, 50.0%
0.0.Q3: Trace Attempt  1	[242.61 s]
0.0.Q3: Trace Attempt  2	[242.61 s]
0.0.Q3: Trace Attempt  3	[242.61 s]
0.0.Q3: Trace Attempt  4	[242.61 s]
0.0.Q3: Trace Attempt  5	[242.61 s]
0.0.Q3: Restart 937, Seed 12c082526079e296, 50.0%
0.0.Q3: Trace Attempt  1	[242.88 s]
0.0.Q3: Trace Attempt  2	[242.88 s]
0.0.Q3: Trace Attempt  3	[242.88 s]
0.0.Q3: Trace Attempt  4	[242.88 s]
0.0.Q3: Trace Attempt  5	[242.89 s]
0.0.Q3: Restart 938, Seed b1dfe2d0411e3787, 50.0%
0.0.Q3: Trace Attempt  1	[243.15 s]
0.0.Q3: Trace Attempt  2	[243.16 s]
0.0.Q3: Trace Attempt  3	[243.16 s]
0.0.Q3: Trace Attempt  4	[243.16 s]
0.0.Q3: Trace Attempt  5	[243.16 s]
0.0.Q3: Restart 939, Seed 25d47cf1b723fdda, 50.0%
0.0.Q3: Trace Attempt  1	[243.43 s]
0.0.Q3: Trace Attempt  2	[243.43 s]
0.0.Q3: Trace Attempt  3	[243.43 s]
0.0.Q3: Trace Attempt  4	[243.43 s]
0.0.Q3: Trace Attempt  5	[243.44 s]
0.0.Q3: Restart 940, Seed b927ef93ac21fc10, 50.0%
0.0.Q3: Trace Attempt  1	[243.71 s]
0.0.Q3: Trace Attempt  2	[243.71 s]
0.0.Q3: Trace Attempt  3	[243.71 s]
0.0.Q3: Trace Attempt  4	[243.71 s]
0.0.Q3: Trace Attempt  5	[243.71 s]
0.0.Q3: Restart 941, Seed c738c675ac4fa594, 50.0%
0.0.Q3: Trace Attempt  1	[243.98 s]
0.0.Q3: Trace Attempt  2	[243.98 s]
0.0.Q3: Trace Attempt  3	[243.98 s]
0.0.Q3: Trace Attempt  4	[243.99 s]
0.0.Q3: Trace Attempt  5	[243.99 s]
0.0.Q2: Trace Attempt 3470	[244.18 s]
0.0.Q3: Restart 942, Seed a495eed15cab95d5, 50.0%
0.0.Q3: Trace Attempt  1	[244.26 s]
0.0.Q3: Trace Attempt  2	[244.26 s]
0.0.Q3: Trace Attempt  3	[244.26 s]
0.0.Q3: Trace Attempt  4	[244.27 s]
0.0.Q3: Trace Attempt  5	[244.27 s]
0.0.Q3: Restart 943, Seed 7f5e921e83add301, 50.0%
0.0.Q3: Trace Attempt  1	[244.54 s]
0.0.Q3: Trace Attempt  2	[244.54 s]
0.0.Q3: Trace Attempt  3	[244.54 s]
0.0.Q3: Trace Attempt  4	[244.54 s]
0.0.Q3: Trace Attempt  5	[244.54 s]
0.0.Q3: Restart 944, Seed d940ce6dcf8a9d3c, 50.0%
0.0.Q3: Trace Attempt  1	[244.81 s]
0.0.Q3: Trace Attempt  2	[244.81 s]
0.0.Q3: Trace Attempt  3	[244.81 s]
0.0.Q3: Trace Attempt  4	[244.81 s]
0.0.Q3: Trace Attempt  5	[244.82 s]
0.0.Q3: Restart 945, Seed 934ccca63639f292, 50.0%
0.0.Q3: Trace Attempt  1	[245.08 s]
0.0.Q3: Trace Attempt  2	[245.09 s]
0.0.Q3: Trace Attempt  3	[245.09 s]
0.0.Q3: Trace Attempt  4	[245.09 s]
0.0.Q3: Trace Attempt  5	[245.09 s]
0.0.Q3: Restart 946, Seed 7d253ed072bc0d8b, 50.0%
0.0.Q3: Trace Attempt  1	[245.36 s]
0.0.Q3: Trace Attempt  2	[245.36 s]
0.0.Q3: Trace Attempt  3	[245.36 s]
0.0.Q3: Trace Attempt  4	[245.36 s]
0.0.Q3: Trace Attempt  5	[245.36 s]
0.0.Q3: Restart 947, Seed f54afb6dd502dd31, 50.0%
0.0.Q3: Trace Attempt  1	[245.63 s]
0.0.Q3: Trace Attempt  2	[245.63 s]
0.0.Q3: Trace Attempt  3	[245.63 s]
0.0.Q3: Trace Attempt  4	[245.64 s]
0.0.Q3: Trace Attempt  5	[245.64 s]
0.0.Q3: Restart 948, Seed ce719d6c10e313f9, 50.0%
0.0.Q3: Trace Attempt  1	[245.91 s]
0.0.Q3: Trace Attempt  2	[245.91 s]
0.0.Q3: Trace Attempt  3	[245.91 s]
0.0.Q3: Trace Attempt  4	[245.91 s]
0.0.Q3: Trace Attempt  5	[245.91 s]
0.0.Q3: Restart 949, Seed e929d99407e7abc4, 50.0%
0.0.Q3: Trace Attempt  1	[246.18 s]
0.0.Q3: Trace Attempt  2	[246.18 s]
0.0.Q3: Trace Attempt  3	[246.19 s]
0.0.Q3: Trace Attempt  4	[246.19 s]
0.0.Q3: Trace Attempt  5	[246.19 s]
0.0.Q3: Restart 950, Seed c86fcc617c45c03a, 50.0%
0.0.Q3: Trace Attempt  1	[246.46 s]
0.0.Q3: Trace Attempt  2	[246.46 s]
0.0.Q3: Trace Attempt  3	[246.46 s]
0.0.Q3: Trace Attempt  4	[246.46 s]
0.0.Q3: Trace Attempt  5	[246.46 s]
0.0.Q3: Restart 951, Seed 6032f8b077d037cd, 50.0%
0.0.Q3: Trace Attempt  1	[246.73 s]
0.0.Q3: Trace Attempt  2	[246.73 s]
0.0.Q3: Trace Attempt  3	[246.73 s]
0.0.Q3: Trace Attempt  4	[246.73 s]
0.0.Q3: Trace Attempt  5	[246.73 s]
0.0.Q3: Restart 952, Seed f5d811020a6aad5a, 50.0%
0.0.Q3: Trace Attempt  1	[247.00 s]
0.0.Q3: Trace Attempt  2	[247.01 s]
0.0.Q3: Trace Attempt  3	[247.01 s]
0.0.Q3: Trace Attempt  4	[247.01 s]
0.0.Q3: Trace Attempt  5	[247.01 s]
0.0.Q3: Restart 953, Seed 7d027e1ad9658310, 50.0%
0.0.Q3: Trace Attempt  1	[247.28 s]
0.0.Q3: Trace Attempt  2	[247.28 s]
0.0.Q3: Trace Attempt  3	[247.28 s]
0.0.Q3: Trace Attempt  4	[247.28 s]
0.0.Q3: Trace Attempt  5	[247.28 s]
0.0.Q3: Restart 954, Seed c20636b9552b31a5, 50.0%
0.0.Q3: Trace Attempt  1	[247.55 s]
0.0.Q3: Trace Attempt  2	[247.55 s]
0.0.Q3: Trace Attempt  3	[247.56 s]
0.0.Q3: Trace Attempt  4	[247.56 s]
0.0.Q3: Trace Attempt  5	[247.56 s]
0.0.Q3: Restart 955, Seed 219f126342d0ed5e, 50.0%
0.0.Q3: Trace Attempt  1	[247.82 s]
0.0.Q3: Trace Attempt  2	[247.83 s]
0.0.Q3: Trace Attempt  3	[247.83 s]
0.0.Q3: Trace Attempt  4	[247.83 s]
0.0.Q3: Trace Attempt  5	[247.83 s]
0.0.Q3: Restart 956, Seed e5e5f1a049a2612, 50.0%
0.0.Q3: Trace Attempt  1	[248.10 s]
0.0.Q3: Trace Attempt  2	[248.10 s]
0.0.Q3: Trace Attempt  3	[248.10 s]
0.0.Q3: Trace Attempt  4	[248.10 s]
0.0.Q3: Trace Attempt  5	[248.10 s]
0.0.Q2: Trace Attempt 3515	[248.34 s]
0.0.Q3: Restart 957, Seed 5595caeed6dd8885, 50.0%
0.0.Q3: Trace Attempt  1	[248.37 s]
0.0.Q3: Trace Attempt  2	[248.37 s]
0.0.Q3: Trace Attempt  3	[248.37 s]
0.0.Q3: Trace Attempt  4	[248.37 s]
0.0.Q3: Trace Attempt  5	[248.37 s]
0.0.Q3: Restart 958, Seed 8fc5698328aac416, 50.0%
0.0.Q3: Trace Attempt  1	[248.64 s]
0.0.Q3: Trace Attempt  2	[248.64 s]
0.0.Q3: Trace Attempt  3	[248.64 s]
0.0.Q3: Trace Attempt  4	[248.64 s]
0.0.Q3: Trace Attempt  5	[248.65 s]
0.0.Q3: Restart 959, Seed 2f5417022aef0cec, 50.0%
0.0.Q3: Trace Attempt  1	[248.91 s]
0.0.Q3: Trace Attempt  2	[248.91 s]
0.0.Q3: Trace Attempt  3	[248.92 s]
0.0.Q3: Trace Attempt  4	[248.92 s]
0.0.Q3: Trace Attempt  5	[248.92 s]
0.0.Q3: Restart 960, Seed e346216f3dcf4b78, 50.0%
0.0.Q3: Trace Attempt  1	[249.19 s]
0.0.Q3: Trace Attempt  2	[249.19 s]
0.0.Q3: Trace Attempt  3	[249.19 s]
0.0.Q3: Trace Attempt  4	[249.19 s]
0.0.Q3: Trace Attempt  5	[249.19 s]
0.0.Q3: Restart 961, Seed 762ddff7bb5abc5d, 50.0%
0.0.Q3: Trace Attempt  1	[249.46 s]
0.0.Q3: Trace Attempt  2	[249.46 s]
0.0.Q3: Trace Attempt  3	[249.46 s]
0.0.Q3: Trace Attempt  4	[249.46 s]
0.0.Q3: Trace Attempt  5	[249.46 s]
0.0.Q3: Restart 962, Seed 3c47b566f4e37e9c, 50.0%
0.0.Q3: Trace Attempt  1	[249.73 s]
0.0.Q3: Trace Attempt  2	[249.73 s]
0.0.Q3: Trace Attempt  3	[249.73 s]
0.0.Q3: Trace Attempt  4	[249.74 s]
0.0.Q3: Trace Attempt  5	[249.74 s]
0.0.Q3: Restart 963, Seed 74593a7a1a3f5bb3, 50.0%
0.0.Q3: Trace Attempt  1	[250.00 s]
0.0.Q3: Trace Attempt  2	[250.01 s]
0.0.Q3: Trace Attempt  3	[250.01 s]
0.0.Q3: Trace Attempt  4	[250.01 s]
0.0.Q3: Trace Attempt  5	[250.01 s]
0.0.Q3: Restart 964, Seed daa8ea734f9f434d, 50.0%
0.0.Q3: Trace Attempt  1	[250.28 s]
0.0.Q3: Trace Attempt  2	[250.28 s]
0.0.Q3: Trace Attempt  3	[250.28 s]
0.0.Q3: Trace Attempt  4	[250.28 s]
0.0.Q3: Trace Attempt  5	[250.28 s]
0.0.Q3: Restart 965, Seed c472f577d5a296fc, 50.0%
0.0.Q3: Trace Attempt  1	[250.55 s]
0.0.Q3: Trace Attempt  2	[250.55 s]
0.0.Q3: Trace Attempt  3	[250.55 s]
0.0.Q3: Trace Attempt  4	[250.55 s]
0.0.Q3: Trace Attempt  5	[250.56 s]
0.0.Q3: Restart 966, Seed 7a1bc9c2522d4e65, 50.0%
0.0.Q3: Trace Attempt  1	[250.82 s]
0.0.Q3: Trace Attempt  2	[250.83 s]
0.0.Q3: Trace Attempt  3	[250.83 s]
0.0.Q3: Trace Attempt  4	[250.83 s]
0.0.Q3: Trace Attempt  5	[250.83 s]
0.0.Q3: Restart 967, Seed b1aa5e7c86c52eec, 50.0%
0.0.Q3: Trace Attempt  1	[251.10 s]
0.0.Q3: Trace Attempt  2	[251.10 s]
0.0.Q3: Trace Attempt  3	[251.10 s]
0.0.Q3: Trace Attempt  4	[251.10 s]
0.0.Q3: Trace Attempt  5	[251.10 s]
0.0.Q3: Restart 968, Seed 3ce9f22d914f9ab8, 50.0%
0.0.Q3: Trace Attempt  1	[251.37 s]
0.0.Q3: Trace Attempt  2	[251.37 s]
0.0.Q3: Trace Attempt  3	[251.37 s]
0.0.Q3: Trace Attempt  4	[251.38 s]
0.0.Q3: Trace Attempt  5	[251.38 s]
0.0.Q3: Restart 969, Seed 6bfe74dde51ae461, 50.0%
0.0.Q3: Trace Attempt  1	[251.65 s]
0.0.Q3: Trace Attempt  2	[251.65 s]
0.0.Q3: Trace Attempt  3	[251.65 s]
0.0.Q3: Trace Attempt  4	[251.65 s]
0.0.Q3: Trace Attempt  5	[251.65 s]
0.0.Q3: Restart 970, Seed 86741edc613c3d0f, 50.0%
0.0.Q3: Trace Attempt  1	[251.92 s]
0.0.Q3: Trace Attempt  2	[251.92 s]
0.0.Q3: Trace Attempt  3	[251.92 s]
0.0.Q3: Trace Attempt  4	[251.92 s]
0.0.Q3: Trace Attempt  5	[251.92 s]
0.0.Q3: Restart 971, Seed d4556207f2979e63, 50.0%
0.0.Q3: Trace Attempt  1	[252.19 s]
0.0.Q3: Trace Attempt  2	[252.19 s]
0.0.Q3: Trace Attempt  3	[252.20 s]
0.0.Q3: Trace Attempt  4	[252.20 s]
0.0.Q3: Trace Attempt  5	[252.20 s]
0.0.Q2: Trace Attempt 3556	[252.36 s]
0.0.Q3: Restart 972, Seed dad1dc37caf86c91, 50.0%
0.0.Q3: Trace Attempt  1	[252.47 s]
0.0.Q3: Trace Attempt  2	[252.47 s]
0.0.Q3: Trace Attempt  3	[252.47 s]
0.0.Q3: Trace Attempt  4	[252.47 s]
0.0.Q3: Trace Attempt  5	[252.47 s]
0.0.Q3: Restart 973, Seed e06ce2af3ea21e9b, 50.0%
0.0.Q3: Trace Attempt  1	[252.74 s]
0.0.Q3: Trace Attempt  2	[252.74 s]
0.0.Q3: Trace Attempt  3	[252.74 s]
0.0.Q3: Trace Attempt  4	[252.74 s]
0.0.Q3: Trace Attempt  5	[252.75 s]
0.0.Q3: Restart 974, Seed 11dfc8a29b772369, 50.0%
0.0.Q3: Trace Attempt  1	[253.01 s]
0.0.Q3: Trace Attempt  2	[253.01 s]
0.0.Q3: Trace Attempt  3	[253.02 s]
0.0.Q3: Trace Attempt  4	[253.02 s]
0.0.Q3: Trace Attempt  5	[253.02 s]
0.0.Q3: Restart 975, Seed b15bc271f5d12bc8, 50.0%
0.0.Q3: Trace Attempt  1	[253.29 s]
0.0.Q3: Trace Attempt  2	[253.29 s]
0.0.Q3: Trace Attempt  3	[253.29 s]
0.0.Q3: Trace Attempt  4	[253.29 s]
0.0.Q3: Trace Attempt  5	[253.29 s]
0.0.Q3: Restart 976, Seed ac8237c77373c345, 50.0%
0.0.Q3: Trace Attempt  1	[253.56 s]
0.0.Q3: Trace Attempt  2	[253.56 s]
0.0.Q3: Trace Attempt  3	[253.56 s]
0.0.Q3: Trace Attempt  4	[253.57 s]
0.0.Q3: Trace Attempt  5	[253.57 s]
0.0.Q3: Restart 977, Seed 337943e613ba011d, 50.0%
0.0.Q3: Trace Attempt  1	[253.84 s]
0.0.Q3: Trace Attempt  2	[253.84 s]
0.0.Q3: Trace Attempt  3	[253.84 s]
0.0.Q3: Trace Attempt  4	[253.84 s]
0.0.Q3: Trace Attempt  5	[253.84 s]
0.0.Q3: Restart 978, Seed 71f82db3ff82ef24, 50.0%
0.0.Q3: Trace Attempt  1	[254.11 s]
0.0.Q3: Trace Attempt  2	[254.11 s]
0.0.Q3: Trace Attempt  3	[254.11 s]
0.0.Q3: Trace Attempt  4	[254.11 s]
0.0.Q3: Trace Attempt  5	[254.11 s]
0.0.Q3: Restart 979, Seed f5ff2101501480b4, 50.0%
0.0.Q3: Trace Attempt  1	[254.39 s]
0.0.Q3: Trace Attempt  2	[254.39 s]
0.0.Q3: Trace Attempt  3	[254.39 s]
0.0.Q3: Trace Attempt  4	[254.39 s]
0.0.Q3: Trace Attempt  5	[254.39 s]
0.0.Q3: Restart 980, Seed cc8b22fdf31a9629, 50.0%
0.0.Q3: Trace Attempt  1	[254.66 s]
0.0.Q3: Trace Attempt  2	[254.66 s]
0.0.Q3: Trace Attempt  3	[254.67 s]
0.0.Q3: Trace Attempt  4	[254.67 s]
0.0.Q3: Trace Attempt  5	[254.67 s]
0.0.Q3: Restart 981, Seed e221c393d0a4fddc, 50.0%
0.0.Q3: Trace Attempt  1	[254.94 s]
0.0.Q3: Trace Attempt  2	[254.95 s]
0.0.Q3: Trace Attempt  3	[254.95 s]
0.0.Q3: Trace Attempt  4	[254.95 s]
0.0.Q3: Trace Attempt  5	[254.95 s]
0.0.Q3: Restart 982, Seed 869d6c5d4c27d2de, 50.0%
0.0.Q3: Trace Attempt  1	[255.22 s]
0.0.Q3: Trace Attempt  2	[255.22 s]
0.0.Q3: Trace Attempt  3	[255.22 s]
0.0.Q3: Trace Attempt  4	[255.23 s]
0.0.Q3: Trace Attempt  5	[255.23 s]
0.0.Q3: Restart 983, Seed 703f85c3c87e192c, 50.0%
0.0.Q3: Trace Attempt  1	[255.50 s]
0.0.Q3: Trace Attempt  2	[255.50 s]
0.0.Q3: Trace Attempt  3	[255.50 s]
0.0.Q3: Trace Attempt  4	[255.50 s]
0.0.Q3: Trace Attempt  5	[255.50 s]
0.0.Q3: Restart 984, Seed 72d8b724dcd6cca0, 50.0%
0.0.Q3: Trace Attempt  1	[255.77 s]
0.0.Q3: Trace Attempt  2	[255.77 s]
0.0.Q3: Trace Attempt  3	[255.77 s]
0.0.Q3: Trace Attempt  4	[255.77 s]
0.0.Q3: Trace Attempt  5	[255.77 s]
0.0.Q3: Restart 985, Seed 6f2b2891e1b13002, 50.0%
0.0.Q3: Trace Attempt  1	[256.04 s]
0.0.Q3: Trace Attempt  2	[256.04 s]
0.0.Q3: Trace Attempt  3	[256.04 s]
0.0.Q3: Trace Attempt  4	[256.05 s]
0.0.Q3: Trace Attempt  5	[256.05 s]
0.0.Q3: Restart 986, Seed 130ad0109ad85f4c, 50.0%
0.0.Q3: Trace Attempt  1	[256.31 s]
0.0.Q3: Trace Attempt  2	[256.31 s]
0.0.Q3: Trace Attempt  3	[256.32 s]
0.0.Q3: Trace Attempt  4	[256.32 s]
0.0.Q3: Trace Attempt  5	[256.32 s]
0.0.Q2: Trace Attempt 3598	[256.43 s]
0.0.Q3: Restart 987, Seed 1ead4368af2bc57b, 50.0%
0.0.Q3: Trace Attempt  1	[256.59 s]
0.0.Q3: Trace Attempt  2	[256.59 s]
0.0.Q3: Trace Attempt  3	[256.59 s]
0.0.Q3: Trace Attempt  4	[256.59 s]
0.0.Q3: Trace Attempt  5	[256.59 s]
0.0.Q3: Restart 988, Seed b569d5d03bd25729, 50.0%
0.0.Q3: Trace Attempt  1	[256.86 s]
0.0.Q3: Trace Attempt  2	[256.86 s]
0.0.Q3: Trace Attempt  3	[256.86 s]
0.0.Q3: Trace Attempt  4	[256.87 s]
0.0.Q3: Trace Attempt  5	[256.87 s]
0.0.Q3: Restart 989, Seed b5d8eaa6d8e781a, 50.0%
0.0.Q3: Trace Attempt  1	[257.13 s]
0.0.Q3: Trace Attempt  2	[257.13 s]
0.0.Q3: Trace Attempt  3	[257.14 s]
0.0.Q3: Trace Attempt  4	[257.14 s]
0.0.Q3: Trace Attempt  5	[257.14 s]
0.0.Q3: Restart 990, Seed c28d54ff705b7bee, 50.0%
0.0.Q3: Trace Attempt  1	[257.41 s]
0.0.Q3: Trace Attempt  2	[257.41 s]
0.0.Q3: Trace Attempt  3	[257.41 s]
0.0.Q3: Trace Attempt  4	[257.41 s]
0.0.Q3: Trace Attempt  5	[257.41 s]
0.0.Q3: Restart 991, Seed 521cc72c4efdf79c, 50.0%
0.0.Q3: Trace Attempt  1	[257.68 s]
0.0.Q3: Trace Attempt  2	[257.68 s]
0.0.Q3: Trace Attempt  3	[257.68 s]
0.0.Q3: Trace Attempt  4	[257.68 s]
0.0.Q3: Trace Attempt  5	[257.68 s]
0.0.Q3: Restart 992, Seed c2375bab3e1350cf, 50.0%
0.0.Q3: Trace Attempt  1	[257.95 s]
0.0.Q3: Trace Attempt  2	[257.95 s]
0.0.Q3: Trace Attempt  3	[257.96 s]
0.0.Q3: Trace Attempt  4	[257.96 s]
0.0.Q3: Trace Attempt  5	[257.96 s]
0.0.Q3: Restart 993, Seed 91c4206ae9bed1c5, 50.0%
0.0.Q3: Trace Attempt  1	[258.23 s]
0.0.Q3: Trace Attempt  2	[258.23 s]
0.0.Q3: Trace Attempt  3	[258.23 s]
0.0.Q3: Trace Attempt  4	[258.23 s]
0.0.Q3: Trace Attempt  5	[258.23 s]
0.0.Q3: Restart 994, Seed 9c40c1a207a56e16, 50.0%
0.0.Q3: Trace Attempt  1	[258.50 s]
0.0.Q3: Trace Attempt  2	[258.50 s]
0.0.Q3: Trace Attempt  3	[258.50 s]
0.0.Q3: Trace Attempt  4	[258.50 s]
0.0.Q3: Trace Attempt  5	[258.50 s]
0.0.Q3: Restart 995, Seed f8382ed4ce435ef3, 50.0%
0.0.Q3: Trace Attempt  1	[258.77 s]
0.0.Q3: Trace Attempt  2	[258.77 s]
0.0.Q3: Trace Attempt  3	[258.77 s]
0.0.Q3: Trace Attempt  4	[258.78 s]
0.0.Q3: Trace Attempt  5	[258.78 s]
0.0.Q3: Restart 996, Seed d3bfbe18d420dd68, 50.0%
0.0.Q3: Trace Attempt  1	[259.05 s]
0.0.Q3: Trace Attempt  2	[259.05 s]
0.0.Q3: Trace Attempt  3	[259.05 s]
0.0.Q3: Trace Attempt  4	[259.05 s]
0.0.Q3: Trace Attempt  5	[259.05 s]
0.0.Q3: Restart 997, Seed e2cf3b67fd8421fe, 50.0%
0.0.Q3: Trace Attempt  1	[259.32 s]
0.0.Q3: Trace Attempt  2	[259.32 s]
0.0.Q3: Trace Attempt  3	[259.32 s]
0.0.Q3: Trace Attempt  4	[259.32 s]
0.0.Q3: Trace Attempt  5	[259.32 s]
0.0.Q3: Restart 998, Seed 61c39f3333e8cf81, 50.0%
0.0.Q3: Trace Attempt  1	[259.59 s]
0.0.Q3: Trace Attempt  2	[259.59 s]
0.0.Q3: Trace Attempt  3	[259.59 s]
0.0.Q3: Trace Attempt  4	[259.60 s]
0.0.Q3: Trace Attempt  5	[259.60 s]
0.0.Q3: Restart 999, Seed e72d9986ea39cc84, 50.0%
0.0.Q3: Trace Attempt  1	[259.86 s]
0.0.Q3: Trace Attempt  2	[259.87 s]
0.0.Q3: Trace Attempt  3	[259.87 s]
0.0.Q3: Trace Attempt  4	[259.87 s]
0.0.Q3: Trace Attempt  5	[259.87 s]
0.0.Q3: Restart 1000, Seed a8b540afc2148528, 50.0%
0.0.Q3: Trace Attempt  1	[260.14 s]
0.0.Q3: Trace Attempt  2	[260.14 s]
0.0.Q3: Trace Attempt  3	[260.14 s]
0.0.Q3: Trace Attempt  4	[260.14 s]
0.0.Q3: Trace Attempt  5	[260.14 s]
0.0.Q3: Trace Attempt 200	[260.41 s]
0.0.Q3: Reached length limit (200) [260.42 s]
0.0.Q2: Trace Attempt 3642	[260.45 s]
0.0.Q3: Exited with Success (@ 260.55 s)
0: ProofGrid usable level: 1
0.0.Q2: Trace Attempt 3679	[266.71 s]
0.0.Q2: Trace Attempt 3724	[270.74 s]
0.0.Q1: Trace Attempt 120	[272.98 s]
0.0.Q2: Trace Attempt 3771	[274.78 s]
0.0.Q2: Trace Attempt 3816	[278.88 s]
0.0.Q2: Trace Attempt 3858	[282.92 s]
0.0.Q2: Trace Attempt 3907	[287.02 s]
0.0.Q2: Trace Attempt 3951	[291.05 s]
0.0.Q2: Trace Attempt 3993	[295.13 s]
0.0.Q2: Trace Attempt 4037	[299.15 s]
0.0.Q2: Trace Attempt 4085	[303.22 s]
0.0.Q2: Trace Attempt 4104	[307.40 s]
0.0.Q2: Trace Attempt 4127	[311.40 s]
0.0.Q2: Trace Attempt 4163	[315.47 s]
0.0.Q2: Trace Attempt 4205	[319.49 s]
0.0.Q2: Trace Attempt 4241	[323.53 s]
0.0.Q2: Trace Attempt 4287	[327.63 s]
0.0.Q2: Trace Attempt 4329	[331.64 s]
0.0.Q2: Trace Attempt 4365	[335.64 s]
0.0.Q2: Trace Attempt 4403	[339.73 s]
0.0.Q2: Trace Attempt 4445	[343.80 s]
0.0.Q2: Trace Attempt 4488	[347.83 s]
0.0.Q2: Trace Attempt 4524	[351.92 s]
0.0.Q2: Trace Attempt 4564	[355.98 s]
0.0.Q2: Trace Attempt 4599	[360.02 s]
0.0.Q2: Trace Attempt 4634	[364.11 s]
0.0.Q2: Trace Attempt 4673	[368.21 s]
0.0.Q2: Trace Attempt 4718	[372.22 s]
0.0.Q2: Trace Attempt 4762	[376.23 s]
0.0.Q1: Trace Attempt 123	[377.11 s]
0.0.Q2: Trace Attempt 4803	[380.29 s]
0.0.Q1: Cycle 128, State Sig: fa46eeb3
0.0.Q1: Trace Attempt 130	[381.40 s]
0.0.Q2: Trace Attempt 4841	[384.30 s]
0.0.Q2: Trace Attempt 4886	[388.34 s]
0.0.Q2: Trace Attempt 4931	[392.35 s]
0.0.Q2: Trace Attempt 4977	[396.41 s]
0.0.Q2: Trace Attempt 5019	[400.44 s]
0.0.Q2: Trace Attempt 5058	[404.50 s]
0.0.Q2: Trace Attempt 5095	[408.60 s]
0.0.Q2: Trace Attempt 5133	[412.60 s]
0.0.Q2: Trace Attempt 5173	[416.65 s]
0.0.Q2: Trace Attempt 5209	[420.75 s]
0.0.Q2: Trace Attempt 5248	[424.80 s]
0.0.Q2: Trace Attempt 5284	[429.03 s]
0.0.Q2: Trace Attempt 5322	[433.07 s]
0.0.Q2: Trace Attempt 5357	[437.14 s]
0.0.Q2: Trace Attempt 5395	[441.28 s]
0.0.Q2: Trace Attempt 5431	[445.49 s]
0.0.Q2: Trace Attempt 5463	[449.71 s]
0.0.Q2: Trace Attempt 5495	[453.73 s]
0.0.Q1: Trace Attempt 134	[455.50 s]
0.0.Q2: Trace Attempt 5528	[457.87 s]
0.0.Q2: Trace Attempt 5559	[462.00 s]
0.0.Q2: Trace Attempt 5595	[466.00 s]
0.0.Q2: Trace Attempt 5624	[470.02 s]
0.0.Q2: Trace Attempt 5655	[474.18 s]
0.0.Q2: Trace Attempt 5687	[478.33 s]
0.0.Q2: Trace Attempt 5718	[482.35 s]
0.0.Q2: Trace Attempt 5748	[486.37 s]
0.0.Q2: Trace Attempt 5783	[490.38 s]
0.0.Q2: Trace Attempt 5816	[494.50 s]
0.0.Q2: Trace Attempt 5850	[498.56 s]
0.0.Q2: Trace Attempt 5883	[502.63 s]
0.0.Q2: Trace Attempt 5920	[506.67 s]
0.0.Q2: Trace Attempt 5954	[510.84 s]
0.0.Q2: Trace Attempt 5985	[514.88 s]
0.0.Q2: Trace Attempt 6017	[519.06 s]
0.0.Q2: Trace Attempt 6041	[523.08 s]
0.0.Q2: Trace Attempt 6078	[527.15 s]
0.0.Q2: Trace Attempt 6102	[534.30 s]
0.0.Q2: Trace Attempt 6137	[538.32 s]
0.0.Q2: Trace Attempt 6158	[542.51 s]
0.0.Q2: Trace Attempt 6179	[546.56 s]
0.0.Q2: Trace Attempt 6206	[550.60 s]
0.0.Q2: Trace Attempt 6226	[554.63 s]
0.0.Q2: Trace Attempt 6254	[558.75 s]
0.0.Q2: Trace Attempt 6279	[562.93 s]
0.0.Q2: Trace Attempt 6305	[567.08 s]
0.0.Q2: Trace Attempt 6332	[571.10 s]
0.0.Q2: Trace Attempt 6371	[575.19 s]
0.0.Q2: Trace Attempt 6409	[579.26 s]
0.0.Q2: Trace Attempt 6439	[583.41 s]
0.0.Q2: Trace Attempt 6472	[587.45 s]
0.0.Q2: Trace Attempt 6503	[591.66 s]
0.0.Q2: Trace Attempt 6540	[595.74 s]
0.0.Q2: Trace Attempt 6575	[599.81 s]
0.0.Q2: Trace Attempt 6611	[603.90 s]
0.0.Q2: Trace Attempt 6643	[607.92 s]
0.0.Q2: Trace Attempt 6667	[611.94 s]
0.0.Q2: Trace Attempt 6693	[616.11 s]
0.0.Q2: Trace Attempt 6723	[620.26 s]
0.0.Q1: Trace Attempt 135	[621.62 s]
0.0.Q2: Trace Attempt 6755	[624.35 s]
0.0.Q2: Trace Attempt 6778	[628.50 s]
0.0.Q2: Trace Attempt 6799	[632.70 s]
0.0.Q2: Trace Attempt 6823	[636.86 s]
0.0.Q1: Trace Attempt 137	[638.89 s]
0.0.Q2: Trace Attempt 6852	[640.99 s]
0.0.Q2: Trace Attempt 6880	[645.04 s]
0.0.Q2: Trace Attempt 6907	[649.25 s]
0.0.Q2: Trace Attempt 6936	[653.35 s]
0.0.Q1: Trace Attempt 141	[654.40 s]
0.0.Q2: Trace Attempt 6963	[657.42 s]
0.0.Q1: Trace Attempt 142	[661.18 s]
0.0.Q2: Trace Attempt 6991	[661.53 s]
0.0.Q2: Trace Attempt 7021	[665.58 s]
0.0.Q1: Trace Attempt 148	[666.06 s]
0.0.Q2: Trace Attempt 7046	[669.67 s]
0.0.Q2: Trace Attempt 7069	[673.87 s]
0.0.Q1: Trace Attempt 153	[677.34 s]
0.0.Q2: Trace Attempt 7095	[678.18 s]
0.0.Q2: Trace Attempt 7121	[682.23 s]
0.0.Q2: Trace Attempt 7145	[686.36 s]
0.0.Q2: Trace Attempt 7170	[690.42 s]
0.0.Q2: Trace Attempt 7190	[694.62 s]
0.0.Q2: Trace Attempt 7215	[698.83 s]
0.0.Q2: Trace Attempt 7240	[702.92 s]
0.0.Q1: Trace Attempt 157	[706.29 s]
0.0.Q2: Trace Attempt 7270	[707.21 s]
0.0.Q2: Trace Attempt 7296	[711.37 s]
0.0.Q2: Trace Attempt 7319	[715.42 s]
0.0.Q2: Trace Attempt 7345	[719.52 s]
0.0.Q2: Trace Attempt 7366	[723.63 s]
0.0.Q2: Trace Attempt 7392	[727.71 s]
0.0.Q2: Trace Attempt 7420	[731.79 s]
0.0.Q2: Trace Attempt 7443	[735.93 s]
0.0.Q2: Trace Attempt 7468	[739.93 s]
0.0.Q2: Trace Attempt 7492	[744.07 s]
0.0.Q2: Trace Attempt 7516	[748.17 s]
0.0.Q2: Trace Attempt 7544	[752.21 s]
0.0.Q2: Trace Attempt 7570	[756.58 s]
0.0.Q2: Trace Attempt 7589	[760.58 s]
0.0.Q2: Trace Attempt 7614	[764.65 s]
0.0.Q2: Trace Attempt 7637	[768.65 s]
0.0.Q2: Trace Attempt 7661	[772.96 s]
0.0.Q2: Trace Attempt 7687	[777.21 s]
0.0.Q2: Trace Attempt 7707	[781.33 s]
0.0.Q2: Trace Attempt 7728	[785.56 s]
0.0.Q2: Trace Attempt 7751	[789.80 s]
0.0.Q2: Trace Attempt 7774	[793.94 s]
0.0.Q2: Trace Attempt 7793	[798.06 s]
0.0.Q1: Trace Attempt 160	[800.82 s]
0.0.Q2: Trace Attempt 7811	[802.07 s]
0.0.Q2: Trace Attempt 7834	[806.40 s]
0.0.Q2: Trace Attempt 7855	[810.60 s]
INFO (IPL017): The host machine is running out of memory.
    This message was triggered because the system reached 10% memory.
    System memory use information:
    [Process]
        Memory In Use: 28442624 kB (28%)
        Peak Memory Usage: 28442624 kB (28%)
    [Host]
        Available Memory: 10782160 kB (10%)
        Total Memory: 98449088 kB
        Free Swap: 4183440 kB (99%)
        Total Swap: 4194300 kB
0.0.Q2: Trace Attempt 7881	[814.62 s]
0.0.Q2: Trace Attempt 7906	[818.63 s]
0.0.Q2: Trace Attempt 7931	[822.69 s]
0.0.Q2: Trace Attempt 7952	[826.99 s]
0.0.Q2: Trace Attempt 7973	[831.11 s]
0.0.Q2: Trace Attempt 7993	[835.27 s]
0.0.Q2: Trace Attempt 8015	[839.44 s]
0.0.Q2: Trace Attempt 8042	[843.47 s]
0.0.Q2: Trace Attempt 8065	[847.65 s]
0.0.Q2: Trace Attempt 8086	[851.69 s]
0.0.Q2: Trace Attempt 8109	[855.80 s]
0.0.Q2: Trace Attempt 8135	[860.05 s]
0.0.Q2: Trace Attempt 8158	[864.15 s]
0.0.Q2: Trace Attempt 8183	[868.22 s]
0.0.Q2: Trace Attempt 8194	[872.39 s]
INFO (IPF144): 0: Initiating shutdown of proof [900.09 s]
0.0.Q1: Trace Attempt 162	[802.78 s]
0.0.Q1: Time limit expired (900.00 s) [900.74 s]
0.0.Q1: Exited with Success (@ 901.25 s)
0.0.Q2: Sending SIGKILL
0.0.Q2: Terminated by signal SIGKILL (@ 903.57 s)
0: ProofGrid usable level: 0
0: --------------------------------------------------------------
ProofGrid Summary (utilization 99.99 %)
--------------------------------------------------------------
     engines started                               :     3
     engine jobs started                           :     3

    Average time in state (seconds)
    ------------------------------------------------------
    Engine  Pending     Running        Dead    Utilization
    ------------------------------------------------------
     Q1        0.09      900.74        0.00       99.99 %
     Q2        0.06      902.24        0.00       99.99 %
     Q3        0.08      260.42        0.00       99.97 %
    all        0.08      687.80        0.00       99.99 %

    Total time in state (seconds)
    -----------------------------------------
            Pending     Running        Dead  
    -----------------------------------------
               0.23     2063.40        0.00

    Data read    : 5.12 MiB
    Data written : 3.70 kiB

0: All pending notifications were processed.
----------------------------------------
| INFO (ICD005): 0: The proof thread was terminated because of a time_limit expiration.
|     The current limit is 900 seconds.
|     Modify it with the "-time_limit" switch or "set_prove_time_limit" command.
----------------------------------------
INFO (IPF059): 0: Completed proof on task: "mytask"
==============================================================
CHECK ASSUMPTION CONFLICT result? undetermined
==============================================================
END
[mytask] % INFO (IPL005): Received request to exit from the console.
INFO (IPL014): Waiting for the Tcl-thread to exit.
INFO: Waiting for proof threads to stop...
INFO: Proof threads stopped.
INFO (IPL018): The peak resident set memory use for this session was 28.642 GB.
INFO (IPL015): The Tcl-thread exited with status 0.
INFO (IPL016): Exiting the analysis session with status 0.
./RUN_JG.sh -j ./synthlc/i_MUL_out/xCoverAPerflocDiv -s ./synthlc/i_MUL_out/xCoverAPerflocDiv/out/22.sv  -g 0
