# ----------------------------------------
# Jasper Version Info
# tool      : Jasper 2023.12
# platform  : Linux 4.18.0-553.89.1.el8_10.x86_64
# version   : 2023.12p001 64 bits
# build date: 2024.01.23 16:09:24 UTC
# ----------------------------------------
# started   : 2026-02-27 12:12:52 PST
# hostname  : caddy12.stanford.edu.(none)
# pid       : 3045794
# arguments : '-label' 'session_0' '-console' '//127.0.0.1:41659' '-nowindow' '-style' 'windows' '-data' 'AAAB4HictY+7TsNAEEWPQSBEgSj5BqQkTkSAIgUI6Ih4CQoaCxkCjiI7ihPzaKDkM/kTc+KQwh/AjnbuPO7dmQ2A3mdZllRn9UO3zTl9rjnTX3Anwg5dOhwSckTMA4+MSIzChS74WSC9gPqZ5yv1ytVXDWFtKV5S1r27NJwz0jJeiZiRkuvHWsaEKU9uEbnhjewt2an1iGc5iZUNKwO5hfE9TVqq3+VMefHN2DyR3efW30YqZ3ZavHFiXPj2hGMuKxxUO8ScqijktNlT0ZQf24FNJ43lZQzNvv9h1tBf5fZzLbGfWuuw79xQbHgP9G0x+vNdcX5+ARBUQ/Y=' '-proj' '/home/users/cheriek/Documents/Formal_Method/final_project/SynthLC/fv/synthlc/i_MUL_out/xCoverAPerflocDiv/14_jgsession_26-02-27-12_12_51/sessionLogs/session_0' '-init' '-hidden' '/home/users/cheriek/Documents/Formal_Method/final_project/SynthLC/fv/synthlc/i_MUL_out/xCoverAPerflocDiv/14_jgsession_26-02-27-12_12_51/.tmp/.initCmds.tcl' './synthlc/i_MUL_out/xCoverAPerflocDiv/14_.tcl'

Any disclosure about the Cadence Design Systems software or its use
model to any third party violates the written Non-Disclosure Agreement
between Cadence Design Systems, Inc. and the customer.

THIS SOFTWARE CONTAINS CONFIDENTIAL INFORMATION AND TRADE SECRETS OF
CADENCE DESIGN SYSTEMS, INC. USE, DISCLOSURE, OR REPRODUCTION IS
PROHIBITED WITHOUT THE PRIOR EXPRESS WRITTEN PERMISSION OF CADENCE
DESIGN SYSTEMS, INC.

Copyright (C) 2000-2023 Cadence Design Systems, Inc. All Rights
Reserved.  Unpublished -- rights reserved under the copyright laws of
the United States.

This product includes software developed by others and redistributed
according to license agreement. See doc/third_party_readme.txt for
further details.

RESTRICTED RIGHTS LEGEND

Use, duplication, or disclosure by the Government is subject to
restrictions as set forth in subparagraph (c) (1) (ii) of the Rights in
Technical Data and Computer Software clause at DFARS 252.227-7013 or
subparagraphs (c) (1) and (2) of Commercial Computer Software -- Restricted
Rights at 48 CFR 52.227-19, as applicable.


                          Cadence Design Systems, Inc.
                          2655 Seely Avenue
                          San Jose, CA 95134
                          Phone: 408.943.1234

For technical assistance visit http://support.cadence.com.

Jasper Apps Analysis Session - /home/users/cheriek/Documents/Formal_Method/final_project/SynthLC/fv/synthlc/i_MUL_out/xCoverAPerflocDiv/14_jgsession_26-02-27-12_12_51/sessionLogs/session_0

INFO: successfully checked out licenses "jasper_interactive" and "jasper_fao".
INFO: reading configuration file "/home/users/cheriek/.config/cadence/jasper.conf".
% # Run JG with a TCl file: jg jg_test.tcl
% set assert_report_incompletes 1
1
% set RTL_DIR /home/users/cheriek/Documents/Formal_Method/final_project/ibex
/home/users/cheriek/Documents/Formal_Method/final_project/ibex
% set SRCDIR /home/users/cheriek/Documents/Formal_Method/final_project/ibex/rtl
/home/users/cheriek/Documents/Formal_Method/final_project/ibex/rtl
% 
% ############
% set FPV 1
1
% set REACH 0
0
% set CUSTOMTCL 0
0
% ############
% exec ./synthlc/i_MUL_out/xCoverAPerflocDiv/14_update_file_.sh
% # Analyze RTL files
% analyze -sv09 -f ./synthlc/i_MUL_out/xCoverAPerflocDiv/14_hdls.f -y $SRCDIR +incdir+$SRCDIR
INFO (INL011): Processing "-f" file "/home/users/cheriek/Documents/Formal_Method/final_project/SynthLC/fv/synthlc/i_MUL_out/xCoverAPerflocDiv/14_hdls.f".
[-- (VERI-1482)] Analyzing Verilog file '/cad/cadence/jasper_2023.12p001/lib/verilog/packages/std/std.sv' into library 'std'
[-- (VERI-1482)] Analyzing Verilog file '/home/users/cheriek/Documents/Formal_Method/final_project/ibex/rtl/ibex_pkg.sv'
[WARN (VERI-2418)] /home/users/cheriek/Documents/Formal_Method/final_project/ibex/rtl/ibex_pkg.sv(381): parameter 'ADDR_W' declared inside package 'ibex_pkg' shall be treated as localparam
[WARN (VERI-2418)] /home/users/cheriek/Documents/Formal_Method/final_project/ibex/rtl/ibex_pkg.sv(382): parameter 'BUS_SIZE' declared inside package 'ibex_pkg' shall be treated as localparam
[WARN (VERI-2418)] /home/users/cheriek/Documents/Formal_Method/final_project/ibex/rtl/ibex_pkg.sv(383): parameter 'BUS_BYTES' declared inside package 'ibex_pkg' shall be treated as localparam
[WARN (VERI-2418)] /home/users/cheriek/Documents/Formal_Method/final_project/ibex/rtl/ibex_pkg.sv(384): parameter 'BUS_W' declared inside package 'ibex_pkg' shall be treated as localparam
[WARN (VERI-2418)] /home/users/cheriek/Documents/Formal_Method/final_project/ibex/rtl/ibex_pkg.sv(385): parameter 'IC_SIZE_BYTES' declared inside package 'ibex_pkg' shall be treated as localparam
[WARN (VERI-2418)] /home/users/cheriek/Documents/Formal_Method/final_project/ibex/rtl/ibex_pkg.sv(386): parameter 'IC_NUM_WAYS' declared inside package 'ibex_pkg' shall be treated as localparam
[WARN (VERI-2418)] /home/users/cheriek/Documents/Formal_Method/final_project/ibex/rtl/ibex_pkg.sv(387): parameter 'IC_LINE_SIZE' declared inside package 'ibex_pkg' shall be treated as localparam
[WARN (VERI-2418)] /home/users/cheriek/Documents/Formal_Method/final_project/ibex/rtl/ibex_pkg.sv(388): parameter 'IC_LINE_BYTES' declared inside package 'ibex_pkg' shall be treated as localparam
[WARN (VERI-2418)] /home/users/cheriek/Documents/Formal_Method/final_project/ibex/rtl/ibex_pkg.sv(389): parameter 'IC_LINE_W' declared inside package 'ibex_pkg' shall be treated as localparam
[WARN (VERI-2418)] /home/users/cheriek/Documents/Formal_Method/final_project/ibex/rtl/ibex_pkg.sv(390): parameter 'IC_NUM_LINES' declared inside package 'ibex_pkg' shall be treated as localparam
[WARN (VERI-2418)] /home/users/cheriek/Documents/Formal_Method/final_project/ibex/rtl/ibex_pkg.sv(391): parameter 'IC_LINE_BEATS' declared inside package 'ibex_pkg' shall be treated as localparam
[WARN (VERI-2418)] /home/users/cheriek/Documents/Formal_Method/final_project/ibex/rtl/ibex_pkg.sv(392): parameter 'IC_LINE_BEATS_W' declared inside package 'ibex_pkg' shall be treated as localparam
[WARN (VERI-2418)] /home/users/cheriek/Documents/Formal_Method/final_project/ibex/rtl/ibex_pkg.sv(393): parameter 'IC_INDEX_W' declared inside package 'ibex_pkg' shall be treated as localparam
[WARN (VERI-2418)] /home/users/cheriek/Documents/Formal_Method/final_project/ibex/rtl/ibex_pkg.sv(394): parameter 'IC_INDEX_HI' declared inside package 'ibex_pkg' shall be treated as localparam
[WARN (VERI-2418)] /home/users/cheriek/Documents/Formal_Method/final_project/ibex/rtl/ibex_pkg.sv(395): parameter 'IC_TAG_SIZE' declared inside package 'ibex_pkg' shall be treated as localparam
[WARN (VERI-2418)] /home/users/cheriek/Documents/Formal_Method/final_project/ibex/rtl/ibex_pkg.sv(396): parameter 'IC_OUTPUT_BEATS' declared inside package 'ibex_pkg' shall be treated as localparam
[WARN (VERI-2418)] /home/users/cheriek/Documents/Formal_Method/final_project/ibex/rtl/ibex_pkg.sv(398): parameter 'SCRAMBLE_KEY_W' declared inside package 'ibex_pkg' shall be treated as localparam
[WARN (VERI-2418)] /home/users/cheriek/Documents/Formal_Method/final_project/ibex/rtl/ibex_pkg.sv(399): parameter 'SCRAMBLE_NONCE_W' declared inside package 'ibex_pkg' shall be treated as localparam
[WARN (VERI-2418)] /home/users/cheriek/Documents/Formal_Method/final_project/ibex/rtl/ibex_pkg.sv(402): parameter 'PMP_MAX_REGIONS' declared inside package 'ibex_pkg' shall be treated as localparam
[WARN (VERI-2418)] /home/users/cheriek/Documents/Formal_Method/final_project/ibex/rtl/ibex_pkg.sv(403): parameter 'PMP_CFG_W' declared inside package 'ibex_pkg' shall be treated as localparam
[WARN (VERI-2418)] /home/users/cheriek/Documents/Formal_Method/final_project/ibex/rtl/ibex_pkg.sv(406): parameter 'PMP_ADDR_MSB' declared inside package 'ibex_pkg' shall be treated as localparam
[WARN (VERI-2418)] /home/users/cheriek/Documents/Formal_Method/final_project/ibex/rtl/ibex_pkg.sv(409): parameter 'PMP_ADDR_LSB' declared inside package 'ibex_pkg' shall be treated as localparam
[WARN (VERI-2418)] /home/users/cheriek/Documents/Formal_Method/final_project/ibex/rtl/ibex_pkg.sv(412): parameter 'PMP_I' declared inside package 'ibex_pkg' shall be treated as localparam
[WARN (VERI-2418)] /home/users/cheriek/Documents/Formal_Method/final_project/ibex/rtl/ibex_pkg.sv(413): parameter 'PMP_I2' declared inside package 'ibex_pkg' shall be treated as localparam
[WARN (VERI-2418)] /home/users/cheriek/Documents/Formal_Method/final_project/ibex/rtl/ibex_pkg.sv(414): parameter 'PMP_D' declared inside package 'ibex_pkg' shall be treated as localparam
[WARN (VERI-2418)] /home/users/cheriek/Documents/Formal_Method/final_project/ibex/rtl/ibex_pkg.sv(614): parameter 'CSR_OFF_PMP_CFG' declared inside package 'ibex_pkg' shall be treated as localparam
[WARN (VERI-2418)] /home/users/cheriek/Documents/Formal_Method/final_project/ibex/rtl/ibex_pkg.sv(615): parameter 'CSR_OFF_PMP_ADDR' declared inside package 'ibex_pkg' shall be treated as localparam
[WARN (VERI-2418)] /home/users/cheriek/Documents/Formal_Method/final_project/ibex/rtl/ibex_pkg.sv(618): parameter 'CSR_MSTATUS_MIE_BIT' declared inside package 'ibex_pkg' shall be treated as localparam
[WARN (VERI-2418)] /home/users/cheriek/Documents/Formal_Method/final_project/ibex/rtl/ibex_pkg.sv(619): parameter 'CSR_MSTATUS_MPIE_BIT' declared inside package 'ibex_pkg' shall be treated as localparam
[WARN (VERI-2418)] /home/users/cheriek/Documents/Formal_Method/final_project/ibex/rtl/ibex_pkg.sv(620): parameter 'CSR_MSTATUS_MPP_BIT_LOW' declared inside package 'ibex_pkg' shall be treated as localparam
[WARN (VERI-2418)] /home/users/cheriek/Documents/Formal_Method/final_project/ibex/rtl/ibex_pkg.sv(621): parameter 'CSR_MSTATUS_MPP_BIT_HIGH' declared inside package 'ibex_pkg' shall be treated as localparam
[WARN (VERI-2418)] /home/users/cheriek/Documents/Formal_Method/final_project/ibex/rtl/ibex_pkg.sv(622): parameter 'CSR_MSTATUS_MPRV_BIT' declared inside package 'ibex_pkg' shall be treated as localparam
[WARN (VERI-2418)] /home/users/cheriek/Documents/Formal_Method/final_project/ibex/rtl/ibex_pkg.sv(623): parameter 'CSR_MSTATUS_TW_BIT' declared inside package 'ibex_pkg' shall be treated as localparam
[WARN (VERI-2418)] /home/users/cheriek/Documents/Formal_Method/final_project/ibex/rtl/ibex_pkg.sv(626): parameter 'CSR_MISA_MXL' declared inside package 'ibex_pkg' shall be treated as localparam
[WARN (VERI-2418)] /home/users/cheriek/Documents/Formal_Method/final_project/ibex/rtl/ibex_pkg.sv(629): parameter 'CSR_MSIX_BIT' declared inside package 'ibex_pkg' shall be treated as localparam
[WARN (VERI-2418)] /home/users/cheriek/Documents/Formal_Method/final_project/ibex/rtl/ibex_pkg.sv(630): parameter 'CSR_MTIX_BIT' declared inside package 'ibex_pkg' shall be treated as localparam
[WARN (VERI-2418)] /home/users/cheriek/Documents/Formal_Method/final_project/ibex/rtl/ibex_pkg.sv(631): parameter 'CSR_MEIX_BIT' declared inside package 'ibex_pkg' shall be treated as localparam
[WARN (VERI-2418)] /home/users/cheriek/Documents/Formal_Method/final_project/ibex/rtl/ibex_pkg.sv(632): parameter 'CSR_MFIX_BIT_LOW' declared inside package 'ibex_pkg' shall be treated as localparam
[WARN (VERI-2418)] /home/users/cheriek/Documents/Formal_Method/final_project/ibex/rtl/ibex_pkg.sv(633): parameter 'CSR_MFIX_BIT_HIGH' declared inside package 'ibex_pkg' shall be treated as localparam
[WARN (VERI-2418)] /home/users/cheriek/Documents/Formal_Method/final_project/ibex/rtl/ibex_pkg.sv(636): parameter 'CSR_MSECCFG_MML_BIT' declared inside package 'ibex_pkg' shall be treated as localparam
[WARN (VERI-2418)] /home/users/cheriek/Documents/Formal_Method/final_project/ibex/rtl/ibex_pkg.sv(637): parameter 'CSR_MSECCFG_MMWP_BIT' declared inside package 'ibex_pkg' shall be treated as localparam
[WARN (VERI-2418)] /home/users/cheriek/Documents/Formal_Method/final_project/ibex/rtl/ibex_pkg.sv(638): parameter 'CSR_MSECCFG_RLB_BIT' declared inside package 'ibex_pkg' shall be treated as localparam
[WARN (VERI-2418)] /home/users/cheriek/Documents/Formal_Method/final_project/ibex/rtl/ibex_pkg.sv(653): parameter 'LfsrWidth' declared inside package 'ibex_pkg' shall be treated as localparam
[WARN (VERI-2418)] /home/users/cheriek/Documents/Formal_Method/final_project/ibex/rtl/ibex_pkg.sv(656): parameter 'RndCnstLfsrSeedDefault' declared inside package 'ibex_pkg' shall be treated as localparam
[WARN (VERI-2418)] /home/users/cheriek/Documents/Formal_Method/final_project/ibex/rtl/ibex_pkg.sv(657): parameter 'RndCnstLfsrPermDefault' declared inside package 'ibex_pkg' shall be treated as localparam
[WARN (VERI-2418)] /home/users/cheriek/Documents/Formal_Method/final_project/ibex/rtl/ibex_pkg.sv(660): parameter 'RndCnstIbexKeyDefault' declared inside package 'ibex_pkg' shall be treated as localparam
[WARN (VERI-2418)] /home/users/cheriek/Documents/Formal_Method/final_project/ibex/rtl/ibex_pkg.sv(662): parameter 'RndCnstIbexNonceDefault' declared inside package 'ibex_pkg' shall be treated as localparam
[WARN (VERI-2418)] /home/users/cheriek/Documents/Formal_Method/final_project/ibex/rtl/ibex_pkg.sv(667): parameter 'IbexMuBiWidth' declared inside package 'ibex_pkg' shall be treated as localparam
[WARN (VERI-2418)] /home/users/cheriek/Documents/Formal_Method/final_project/ibex/rtl/ibex_pkg.sv(674): parameter 'IbexMuBiOn' declared inside package 'ibex_pkg' shall be treated as localparam
[WARN (VERI-2418)] /home/users/cheriek/Documents/Formal_Method/final_project/ibex/rtl/ibex_pkg.sv(675): parameter 'IbexMuBiOff' declared inside package 'ibex_pkg' shall be treated as localparam
[WARN (VERI-2418)] /home/users/cheriek/Documents/Formal_Method/final_project/ibex/rtl/ibex_pkg.sv(684): parameter 'PmpCfgRst' declared inside package 'ibex_pkg' shall be treated as localparam
[WARN (VERI-2418)] /home/users/cheriek/Documents/Formal_Method/final_project/ibex/rtl/ibex_pkg.sv(706): parameter 'PmpAddrRst' declared inside package 'ibex_pkg' shall be treated as localparam
[WARN (VERI-2418)] /home/users/cheriek/Documents/Formal_Method/final_project/ibex/rtl/ibex_pkg.sv(725): parameter 'PmpMseccfgRst' declared inside package 'ibex_pkg' shall be treated as localparam
[-- (VERI-1482)] Analyzing Verilog file '/home/users/cheriek/Documents/Formal_Method/final_project/ibex/rtl/ibex_tracer_pkg.sv'
[WARN (VERI-2418)] /home/users/cheriek/Documents/Formal_Method/final_project/ibex/rtl/ibex_tracer_pkg.sv(9): parameter 'OPCODE_C0' declared inside package 'ibex_tracer_pkg' shall be treated as localparam
[WARN (VERI-2418)] /home/users/cheriek/Documents/Formal_Method/final_project/ibex/rtl/ibex_tracer_pkg.sv(10): parameter 'OPCODE_C1' declared inside package 'ibex_tracer_pkg' shall be treated as localparam
[WARN (VERI-2418)] /home/users/cheriek/Documents/Formal_Method/final_project/ibex/rtl/ibex_tracer_pkg.sv(11): parameter 'OPCODE_C2' declared inside package 'ibex_tracer_pkg' shall be treated as localparam
[WARN (VERI-2418)] /home/users/cheriek/Documents/Formal_Method/final_project/ibex/rtl/ibex_tracer_pkg.sv(14): parameter 'INSN_LUI' declared inside package 'ibex_tracer_pkg' shall be treated as localparam
[WARN (VERI-2418)] /home/users/cheriek/Documents/Formal_Method/final_project/ibex/rtl/ibex_tracer_pkg.sv(15): parameter 'INSN_AUIPC' declared inside package 'ibex_tracer_pkg' shall be treated as localparam
[WARN (VERI-2418)] /home/users/cheriek/Documents/Formal_Method/final_project/ibex/rtl/ibex_tracer_pkg.sv(16): parameter 'INSN_JAL' declared inside package 'ibex_tracer_pkg' shall be treated as localparam
[WARN (VERI-2418)] /home/users/cheriek/Documents/Formal_Method/final_project/ibex/rtl/ibex_tracer_pkg.sv(17): parameter 'INSN_JALR' declared inside package 'ibex_tracer_pkg' shall be treated as localparam
[WARN (VERI-2418)] /home/users/cheriek/Documents/Formal_Method/final_project/ibex/rtl/ibex_tracer_pkg.sv(20): parameter 'INSN_BEQ' declared inside package 'ibex_tracer_pkg' shall be treated as localparam
[WARN (VERI-2418)] /home/users/cheriek/Documents/Formal_Method/final_project/ibex/rtl/ibex_tracer_pkg.sv(21): parameter 'INSN_BNE' declared inside package 'ibex_tracer_pkg' shall be treated as localparam
[WARN (VERI-2418)] /home/users/cheriek/Documents/Formal_Method/final_project/ibex/rtl/ibex_tracer_pkg.sv(22): parameter 'INSN_BLT' declared inside package 'ibex_tracer_pkg' shall be treated as localparam
[WARN (VERI-2418)] /home/users/cheriek/Documents/Formal_Method/final_project/ibex/rtl/ibex_tracer_pkg.sv(23): parameter 'INSN_BGE' declared inside package 'ibex_tracer_pkg' shall be treated as localparam
[WARN (VERI-2418)] /home/users/cheriek/Documents/Formal_Method/final_project/ibex/rtl/ibex_tracer_pkg.sv(24): parameter 'INSN_BLTU' declared inside package 'ibex_tracer_pkg' shall be treated as localparam
[WARN (VERI-2418)] /home/users/cheriek/Documents/Formal_Method/final_project/ibex/rtl/ibex_tracer_pkg.sv(25): parameter 'INSN_BGEU' declared inside package 'ibex_tracer_pkg' shall be treated as localparam
[WARN (VERI-2418)] /home/users/cheriek/Documents/Formal_Method/final_project/ibex/rtl/ibex_tracer_pkg.sv(28): parameter 'INSN_ADDI' declared inside package 'ibex_tracer_pkg' shall be treated as localparam
[WARN (VERI-2418)] /home/users/cheriek/Documents/Formal_Method/final_project/ibex/rtl/ibex_tracer_pkg.sv(29): parameter 'INSN_SLTI' declared inside package 'ibex_tracer_pkg' shall be treated as localparam
[WARN (VERI-2418)] /home/users/cheriek/Documents/Formal_Method/final_project/ibex/rtl/ibex_tracer_pkg.sv(30): parameter 'INSN_SLTIU' declared inside package 'ibex_tracer_pkg' shall be treated as localparam
[WARN (VERI-2418)] /home/users/cheriek/Documents/Formal_Method/final_project/ibex/rtl/ibex_tracer_pkg.sv(31): parameter 'INSN_XORI' declared inside package 'ibex_tracer_pkg' shall be treated as localparam
[WARN (VERI-2418)] /home/users/cheriek/Documents/Formal_Method/final_project/ibex/rtl/ibex_tracer_pkg.sv(32): parameter 'INSN_ORI' declared inside package 'ibex_tracer_pkg' shall be treated as localparam
[WARN (VERI-2418)] /home/users/cheriek/Documents/Formal_Method/final_project/ibex/rtl/ibex_tracer_pkg.sv(33): parameter 'INSN_ANDI' declared inside package 'ibex_tracer_pkg' shall be treated as localparam
[WARN (VERI-2418)] /home/users/cheriek/Documents/Formal_Method/final_project/ibex/rtl/ibex_tracer_pkg.sv(34): parameter 'INSN_SLLI' declared inside package 'ibex_tracer_pkg' shall be treated as localparam
[WARN (VERI-2418)] /home/users/cheriek/Documents/Formal_Method/final_project/ibex/rtl/ibex_tracer_pkg.sv(35): parameter 'INSN_SRLI' declared inside package 'ibex_tracer_pkg' shall be treated as localparam
[WARN (VERI-2418)] /home/users/cheriek/Documents/Formal_Method/final_project/ibex/rtl/ibex_tracer_pkg.sv(36): parameter 'INSN_SRAI' declared inside package 'ibex_tracer_pkg' shall be treated as localparam
[WARN (VERI-2418)] /home/users/cheriek/Documents/Formal_Method/final_project/ibex/rtl/ibex_tracer_pkg.sv(39): parameter 'INSN_ADD' declared inside package 'ibex_tracer_pkg' shall be treated as localparam
[WARN (VERI-2418)] /home/users/cheriek/Documents/Formal_Method/final_project/ibex/rtl/ibex_tracer_pkg.sv(40): parameter 'INSN_SUB' declared inside package 'ibex_tracer_pkg' shall be treated as localparam
[WARN (VERI-2418)] /home/users/cheriek/Documents/Formal_Method/final_project/ibex/rtl/ibex_tracer_pkg.sv(41): parameter 'INSN_SLL' declared inside package 'ibex_tracer_pkg' shall be treated as localparam
[WARN (VERI-2418)] /home/users/cheriek/Documents/Formal_Method/final_project/ibex/rtl/ibex_tracer_pkg.sv(42): parameter 'INSN_SLT' declared inside package 'ibex_tracer_pkg' shall be treated as localparam
[WARN (VERI-2418)] /home/users/cheriek/Documents/Formal_Method/final_project/ibex/rtl/ibex_tracer_pkg.sv(43): parameter 'INSN_SLTU' declared inside package 'ibex_tracer_pkg' shall be treated as localparam
[WARN (VERI-2418)] /home/users/cheriek/Documents/Formal_Method/final_project/ibex/rtl/ibex_tracer_pkg.sv(44): parameter 'INSN_XOR' declared inside package 'ibex_tracer_pkg' shall be treated as localparam
[WARN (VERI-2418)] /home/users/cheriek/Documents/Formal_Method/final_project/ibex/rtl/ibex_tracer_pkg.sv(45): parameter 'INSN_SRL' declared inside package 'ibex_tracer_pkg' shall be treated as localparam
[WARN (VERI-2418)] /home/users/cheriek/Documents/Formal_Method/final_project/ibex/rtl/ibex_tracer_pkg.sv(46): parameter 'INSN_SRA' declared inside package 'ibex_tracer_pkg' shall be treated as localparam
[WARN (VERI-2418)] /home/users/cheriek/Documents/Formal_Method/final_project/ibex/rtl/ibex_tracer_pkg.sv(47): parameter 'INSN_OR' declared inside package 'ibex_tracer_pkg' shall be treated as localparam
[WARN (VERI-2418)] /home/users/cheriek/Documents/Formal_Method/final_project/ibex/rtl/ibex_tracer_pkg.sv(48): parameter 'INSN_AND' declared inside package 'ibex_tracer_pkg' shall be treated as localparam
[WARN (VERI-2418)] /home/users/cheriek/Documents/Formal_Method/final_project/ibex/rtl/ibex_tracer_pkg.sv(51): parameter 'INSN_CSRRW' declared inside package 'ibex_tracer_pkg' shall be treated as localparam
[WARN (VERI-2418)] /home/users/cheriek/Documents/Formal_Method/final_project/ibex/rtl/ibex_tracer_pkg.sv(52): parameter 'INSN_CSRRS' declared inside package 'ibex_tracer_pkg' shall be treated as localparam
[WARN (VERI-2418)] /home/users/cheriek/Documents/Formal_Method/final_project/ibex/rtl/ibex_tracer_pkg.sv(53): parameter 'INSN_CSRRC' declared inside package 'ibex_tracer_pkg' shall be treated as localparam
[WARN (VERI-2418)] /home/users/cheriek/Documents/Formal_Method/final_project/ibex/rtl/ibex_tracer_pkg.sv(54): parameter 'INSN_CSRRWI' declared inside package 'ibex_tracer_pkg' shall be treated as localparam
[WARN (VERI-2418)] /home/users/cheriek/Documents/Formal_Method/final_project/ibex/rtl/ibex_tracer_pkg.sv(55): parameter 'INSN_CSRRSI' declared inside package 'ibex_tracer_pkg' shall be treated as localparam
[WARN (VERI-2418)] /home/users/cheriek/Documents/Formal_Method/final_project/ibex/rtl/ibex_tracer_pkg.sv(56): parameter 'INSN_CSRRCI' declared inside package 'ibex_tracer_pkg' shall be treated as localparam
[WARN (VERI-2418)] /home/users/cheriek/Documents/Formal_Method/final_project/ibex/rtl/ibex_tracer_pkg.sv(57): parameter 'INSN_ECALL' declared inside package 'ibex_tracer_pkg' shall be treated as localparam
[WARN (VERI-2418)] /home/users/cheriek/Documents/Formal_Method/final_project/ibex/rtl/ibex_tracer_pkg.sv(58): parameter 'INSN_EBREAK' declared inside package 'ibex_tracer_pkg' shall be treated as localparam
[WARN (VERI-2418)] /home/users/cheriek/Documents/Formal_Method/final_project/ibex/rtl/ibex_tracer_pkg.sv(59): parameter 'INSN_MRET' declared inside package 'ibex_tracer_pkg' shall be treated as localparam
[WARN (VERI-2418)] /home/users/cheriek/Documents/Formal_Method/final_project/ibex/rtl/ibex_tracer_pkg.sv(60): parameter 'INSN_DRET' declared inside package 'ibex_tracer_pkg' shall be treated as localparam
[WARN (VERI-2418)] /home/users/cheriek/Documents/Formal_Method/final_project/ibex/rtl/ibex_tracer_pkg.sv(61): parameter 'INSN_WFI' declared inside package 'ibex_tracer_pkg' shall be treated as localparam
[WARN (VERI-2418)] /home/users/cheriek/Documents/Formal_Method/final_project/ibex/rtl/ibex_tracer_pkg.sv(64): parameter 'INSN_DIV' declared inside package 'ibex_tracer_pkg' shall be treated as localparam
[WARN (VERI-2418)] /home/users/cheriek/Documents/Formal_Method/final_project/ibex/rtl/ibex_tracer_pkg.sv(65): parameter 'INSN_DIVU' declared inside package 'ibex_tracer_pkg' shall be treated as localparam
[WARN (VERI-2418)] /home/users/cheriek/Documents/Formal_Method/final_project/ibex/rtl/ibex_tracer_pkg.sv(66): parameter 'INSN_REM' declared inside package 'ibex_tracer_pkg' shall be treated as localparam
[WARN (VERI-2418)] /home/users/cheriek/Documents/Formal_Method/final_project/ibex/rtl/ibex_tracer_pkg.sv(67): parameter 'INSN_REMU' declared inside package 'ibex_tracer_pkg' shall be treated as localparam
[WARN (VERI-2418)] /home/users/cheriek/Documents/Formal_Method/final_project/ibex/rtl/ibex_tracer_pkg.sv(68): parameter 'INSN_PMUL' declared inside package 'ibex_tracer_pkg' shall be treated as localparam
[WARN (VERI-2418)] /home/users/cheriek/Documents/Formal_Method/final_project/ibex/rtl/ibex_tracer_pkg.sv(69): parameter 'INSN_PMUH' declared inside package 'ibex_tracer_pkg' shall be treated as localparam
[WARN (VERI-2418)] /home/users/cheriek/Documents/Formal_Method/final_project/ibex/rtl/ibex_tracer_pkg.sv(70): parameter 'INSN_PMULHSU' declared inside package 'ibex_tracer_pkg' shall be treated as localparam
[WARN (VERI-2418)] /home/users/cheriek/Documents/Formal_Method/final_project/ibex/rtl/ibex_tracer_pkg.sv(71): parameter 'INSN_PMULHU' declared inside package 'ibex_tracer_pkg' shall be treated as localparam
[WARN (VERI-2418)] /home/users/cheriek/Documents/Formal_Method/final_project/ibex/rtl/ibex_tracer_pkg.sv(75): parameter 'INSN_SH1ADD' declared inside package 'ibex_tracer_pkg' shall be treated as localparam
[WARN (VERI-2418)] /home/users/cheriek/Documents/Formal_Method/final_project/ibex/rtl/ibex_tracer_pkg.sv(76): parameter 'INSN_SH2ADD' declared inside package 'ibex_tracer_pkg' shall be treated as localparam
[WARN (VERI-2418)] /home/users/cheriek/Documents/Formal_Method/final_project/ibex/rtl/ibex_tracer_pkg.sv(77): parameter 'INSN_SH3ADD' declared inside package 'ibex_tracer_pkg' shall be treated as localparam
[WARN (VERI-2418)] /home/users/cheriek/Documents/Formal_Method/final_project/ibex/rtl/ibex_tracer_pkg.sv(83): parameter 'INSN_RORI' declared inside package 'ibex_tracer_pkg' shall be treated as localparam
[WARN (VERI-2418)] /home/users/cheriek/Documents/Formal_Method/final_project/ibex/rtl/ibex_tracer_pkg.sv(84): parameter 'INSN_CLZ' declared inside package 'ibex_tracer_pkg' shall be treated as localparam
[WARN (VERI-2418)] /home/users/cheriek/Documents/Formal_Method/final_project/ibex/rtl/ibex_tracer_pkg.sv(85): parameter 'INSN_CTZ' declared inside package 'ibex_tracer_pkg' shall be treated as localparam
[WARN (VERI-2418)] /home/users/cheriek/Documents/Formal_Method/final_project/ibex/rtl/ibex_tracer_pkg.sv(86): parameter 'INSN_CPOP' declared inside package 'ibex_tracer_pkg' shall be treated as localparam
[WARN (VERI-2418)] /home/users/cheriek/Documents/Formal_Method/final_project/ibex/rtl/ibex_tracer_pkg.sv(87): parameter 'INSN_SEXTB' declared inside package 'ibex_tracer_pkg' shall be treated as localparam
[WARN (VERI-2418)] /home/users/cheriek/Documents/Formal_Method/final_project/ibex/rtl/ibex_tracer_pkg.sv(88): parameter 'INSN_SEXTH' declared inside package 'ibex_tracer_pkg' shall be treated as localparam
[WARN (VERI-2418)] /home/users/cheriek/Documents/Formal_Method/final_project/ibex/rtl/ibex_tracer_pkg.sv(100): parameter 'INSN_ROL' declared inside package 'ibex_tracer_pkg' shall be treated as localparam
[WARN (VERI-2418)] /home/users/cheriek/Documents/Formal_Method/final_project/ibex/rtl/ibex_tracer_pkg.sv(101): parameter 'INSN_ROR' declared inside package 'ibex_tracer_pkg' shall be treated as localparam
[WARN (VERI-2418)] /home/users/cheriek/Documents/Formal_Method/final_project/ibex/rtl/ibex_tracer_pkg.sv(102): parameter 'INSN_MIN' declared inside package 'ibex_tracer_pkg' shall be treated as localparam
[WARN (VERI-2418)] /home/users/cheriek/Documents/Formal_Method/final_project/ibex/rtl/ibex_tracer_pkg.sv(103): parameter 'INSN_MAX' declared inside package 'ibex_tracer_pkg' shall be treated as localparam
[WARN (VERI-2418)] /home/users/cheriek/Documents/Formal_Method/final_project/ibex/rtl/ibex_tracer_pkg.sv(104): parameter 'INSN_MINU' declared inside package 'ibex_tracer_pkg' shall be treated as localparam
[WARN (VERI-2418)] /home/users/cheriek/Documents/Formal_Method/final_project/ibex/rtl/ibex_tracer_pkg.sv(105): parameter 'INSN_MAXU' declared inside package 'ibex_tracer_pkg' shall be treated as localparam
[WARN (VERI-2418)] /home/users/cheriek/Documents/Formal_Method/final_project/ibex/rtl/ibex_tracer_pkg.sv(106): parameter 'INSN_XNOR' declared inside package 'ibex_tracer_pkg' shall be treated as localparam
[WARN (VERI-2418)] /home/users/cheriek/Documents/Formal_Method/final_project/ibex/rtl/ibex_tracer_pkg.sv(107): parameter 'INSN_ORN' declared inside package 'ibex_tracer_pkg' shall be treated as localparam
[WARN (VERI-2418)] /home/users/cheriek/Documents/Formal_Method/final_project/ibex/rtl/ibex_tracer_pkg.sv(108): parameter 'INSN_ANDN' declared inside package 'ibex_tracer_pkg' shall be treated as localparam
[WARN (VERI-2418)] /home/users/cheriek/Documents/Formal_Method/final_project/ibex/rtl/ibex_tracer_pkg.sv(109): parameter 'INSN_PACK' declared inside package 'ibex_tracer_pkg' shall be treated as localparam
[WARN (VERI-2418)] /home/users/cheriek/Documents/Formal_Method/final_project/ibex/rtl/ibex_tracer_pkg.sv(110): parameter 'INSN_PACKU' declared inside package 'ibex_tracer_pkg' shall be treated as localparam
[WARN (VERI-2418)] /home/users/cheriek/Documents/Formal_Method/final_project/ibex/rtl/ibex_tracer_pkg.sv(111): parameter 'INSN_PACKH' declared inside package 'ibex_tracer_pkg' shall be treated as localparam
[WARN (VERI-2418)] /home/users/cheriek/Documents/Formal_Method/final_project/ibex/rtl/ibex_tracer_pkg.sv(114): parameter 'INSN_BCLRI' declared inside package 'ibex_tracer_pkg' shall be treated as localparam
[WARN (VERI-2418)] /home/users/cheriek/Documents/Formal_Method/final_project/ibex/rtl/ibex_tracer_pkg.sv(115): parameter 'INSN_BSETI' declared inside package 'ibex_tracer_pkg' shall be treated as localparam
[WARN (VERI-2418)] /home/users/cheriek/Documents/Formal_Method/final_project/ibex/rtl/ibex_tracer_pkg.sv(116): parameter 'INSN_BINVI' declared inside package 'ibex_tracer_pkg' shall be treated as localparam
[WARN (VERI-2418)] /home/users/cheriek/Documents/Formal_Method/final_project/ibex/rtl/ibex_tracer_pkg.sv(119): parameter 'INSN_BEXTI' declared inside package 'ibex_tracer_pkg' shall be treated as localparam
[WARN (VERI-2418)] /home/users/cheriek/Documents/Formal_Method/final_project/ibex/rtl/ibex_tracer_pkg.sv(121): parameter 'INSN_BCLR' declared inside package 'ibex_tracer_pkg' shall be treated as localparam
[WARN (VERI-2418)] /home/users/cheriek/Documents/Formal_Method/final_project/ibex/rtl/ibex_tracer_pkg.sv(122): parameter 'INSN_BSET' declared inside package 'ibex_tracer_pkg' shall be treated as localparam
[WARN (VERI-2418)] /home/users/cheriek/Documents/Formal_Method/final_project/ibex/rtl/ibex_tracer_pkg.sv(123): parameter 'INSN_BINV' declared inside package 'ibex_tracer_pkg' shall be treated as localparam
[WARN (VERI-2418)] /home/users/cheriek/Documents/Formal_Method/final_project/ibex/rtl/ibex_tracer_pkg.sv(124): parameter 'INSN_BEXT' declared inside package 'ibex_tracer_pkg' shall be treated as localparam
[WARN (VERI-2418)] /home/users/cheriek/Documents/Formal_Method/final_project/ibex/rtl/ibex_tracer_pkg.sv(130): parameter 'INSN_GREVI' declared inside package 'ibex_tracer_pkg' shall be treated as localparam
[WARN (VERI-2418)] /home/users/cheriek/Documents/Formal_Method/final_project/ibex/rtl/ibex_tracer_pkg.sv(132): parameter 'INSN_REV_P' declared inside package 'ibex_tracer_pkg' shall be treated as localparam
[WARN (VERI-2418)] /home/users/cheriek/Documents/Formal_Method/final_project/ibex/rtl/ibex_tracer_pkg.sv(134): parameter 'INSN_REV2_N' declared inside package 'ibex_tracer_pkg' shall be treated as localparam
[WARN (VERI-2418)] /home/users/cheriek/Documents/Formal_Method/final_project/ibex/rtl/ibex_tracer_pkg.sv(136): parameter 'INSN_REV_N' declared inside package 'ibex_tracer_pkg' shall be treated as localparam
[WARN (VERI-2418)] /home/users/cheriek/Documents/Formal_Method/final_project/ibex/rtl/ibex_tracer_pkg.sv(138): parameter 'INSN_REV4_B' declared inside package 'ibex_tracer_pkg' shall be treated as localparam
[WARN (VERI-2418)] /home/users/cheriek/Documents/Formal_Method/final_project/ibex/rtl/ibex_tracer_pkg.sv(140): parameter 'INSN_REV2_B' declared inside package 'ibex_tracer_pkg' shall be treated as localparam
[WARN (VERI-2418)] /home/users/cheriek/Documents/Formal_Method/final_project/ibex/rtl/ibex_tracer_pkg.sv(142): parameter 'INSN_REV_B' declared inside package 'ibex_tracer_pkg' shall be treated as localparam
[WARN (VERI-2418)] /home/users/cheriek/Documents/Formal_Method/final_project/ibex/rtl/ibex_tracer_pkg.sv(144): parameter 'INSN_REV8_H' declared inside package 'ibex_tracer_pkg' shall be treated as localparam
[WARN (VERI-2418)] /home/users/cheriek/Documents/Formal_Method/final_project/ibex/rtl/ibex_tracer_pkg.sv(146): parameter 'INSN_REV4_H' declared inside package 'ibex_tracer_pkg' shall be treated as localparam
[WARN (VERI-2418)] /home/users/cheriek/Documents/Formal_Method/final_project/ibex/rtl/ibex_tracer_pkg.sv(148): parameter 'INSN_REV2_H' declared inside package 'ibex_tracer_pkg' shall be treated as localparam
[WARN (VERI-2418)] /home/users/cheriek/Documents/Formal_Method/final_project/ibex/rtl/ibex_tracer_pkg.sv(150): parameter 'INSN_REV_H' declared inside package 'ibex_tracer_pkg' shall be treated as localparam
[WARN (VERI-2418)] /home/users/cheriek/Documents/Formal_Method/final_project/ibex/rtl/ibex_tracer_pkg.sv(152): parameter 'INSN_REV16' declared inside package 'ibex_tracer_pkg' shall be treated as localparam
[WARN (VERI-2418)] /home/users/cheriek/Documents/Formal_Method/final_project/ibex/rtl/ibex_tracer_pkg.sv(154): parameter 'INSN_REV8' declared inside package 'ibex_tracer_pkg' shall be treated as localparam
[WARN (VERI-2418)] /home/users/cheriek/Documents/Formal_Method/final_project/ibex/rtl/ibex_tracer_pkg.sv(156): parameter 'INSN_REV4' declared inside package 'ibex_tracer_pkg' shall be treated as localparam
[WARN (VERI-2418)] /home/users/cheriek/Documents/Formal_Method/final_project/ibex/rtl/ibex_tracer_pkg.sv(158): parameter 'INSN_REV2' declared inside package 'ibex_tracer_pkg' shall be treated as localparam
[WARN (VERI-2418)] /home/users/cheriek/Documents/Formal_Method/final_project/ibex/rtl/ibex_tracer_pkg.sv(160): parameter 'INSN_REV' declared inside package 'ibex_tracer_pkg' shall be treated as localparam
[WARN (VERI-2418)] /home/users/cheriek/Documents/Formal_Method/final_project/ibex/rtl/ibex_tracer_pkg.sv(165): parameter 'INSN_GORCI' declared inside package 'ibex_tracer_pkg' shall be treated as localparam
[WARN (VERI-2418)] /home/users/cheriek/Documents/Formal_Method/final_project/ibex/rtl/ibex_tracer_pkg.sv(167): parameter 'INSN_ORC_P' declared inside package 'ibex_tracer_pkg' shall be treated as localparam
[WARN (VERI-2418)] /home/users/cheriek/Documents/Formal_Method/final_project/ibex/rtl/ibex_tracer_pkg.sv(169): parameter 'INSN_ORC2_N' declared inside package 'ibex_tracer_pkg' shall be treated as localparam
[WARN (VERI-2418)] /home/users/cheriek/Documents/Formal_Method/final_project/ibex/rtl/ibex_tracer_pkg.sv(171): parameter 'INSN_ORC_N' declared inside package 'ibex_tracer_pkg' shall be treated as localparam
[WARN (VERI-2418)] /home/users/cheriek/Documents/Formal_Method/final_project/ibex/rtl/ibex_tracer_pkg.sv(173): parameter 'INSN_ORC4_B' declared inside package 'ibex_tracer_pkg' shall be treated as localparam
[WARN (VERI-2418)] /home/users/cheriek/Documents/Formal_Method/final_project/ibex/rtl/ibex_tracer_pkg.sv(175): parameter 'INSN_ORC2_B' declared inside package 'ibex_tracer_pkg' shall be treated as localparam
[WARN (VERI-2418)] /home/users/cheriek/Documents/Formal_Method/final_project/ibex/rtl/ibex_tracer_pkg.sv(177): parameter 'INSN_ORC_B' declared inside package 'ibex_tracer_pkg' shall be treated as localparam
[WARN (VERI-2418)] /home/users/cheriek/Documents/Formal_Method/final_project/ibex/rtl/ibex_tracer_pkg.sv(179): parameter 'INSN_ORC8_H' declared inside package 'ibex_tracer_pkg' shall be treated as localparam
[WARN (VERI-2418)] /home/users/cheriek/Documents/Formal_Method/final_project/ibex/rtl/ibex_tracer_pkg.sv(181): parameter 'INSN_ORC4_H' declared inside package 'ibex_tracer_pkg' shall be treated as localparam
[WARN (VERI-2418)] /home/users/cheriek/Documents/Formal_Method/final_project/ibex/rtl/ibex_tracer_pkg.sv(183): parameter 'INSN_ORC2_H' declared inside package 'ibex_tracer_pkg' shall be treated as localparam
[WARN (VERI-2418)] /home/users/cheriek/Documents/Formal_Method/final_project/ibex/rtl/ibex_tracer_pkg.sv(185): parameter 'INSN_ORC_H' declared inside package 'ibex_tracer_pkg' shall be treated as localparam
[WARN (VERI-2418)] /home/users/cheriek/Documents/Formal_Method/final_project/ibex/rtl/ibex_tracer_pkg.sv(187): parameter 'INSN_ORC16' declared inside package 'ibex_tracer_pkg' shall be treated as localparam
[WARN (VERI-2418)] /home/users/cheriek/Documents/Formal_Method/final_project/ibex/rtl/ibex_tracer_pkg.sv(189): parameter 'INSN_ORC8' declared inside package 'ibex_tracer_pkg' shall be treated as localparam
[WARN (VERI-2418)] /home/users/cheriek/Documents/Formal_Method/final_project/ibex/rtl/ibex_tracer_pkg.sv(191): parameter 'INSN_ORC4' declared inside package 'ibex_tracer_pkg' shall be treated as localparam
[WARN (VERI-2418)] /home/users/cheriek/Documents/Formal_Method/final_project/ibex/rtl/ibex_tracer_pkg.sv(193): parameter 'INSN_ORC2' declared inside package 'ibex_tracer_pkg' shall be treated as localparam
[WARN (VERI-2418)] /home/users/cheriek/Documents/Formal_Method/final_project/ibex/rtl/ibex_tracer_pkg.sv(195): parameter 'INSN_ORC' declared inside package 'ibex_tracer_pkg' shall be treated as localparam
[WARN (VERI-2418)] /home/users/cheriek/Documents/Formal_Method/final_project/ibex/rtl/ibex_tracer_pkg.sv(198): parameter 'INSN_SHFLI' declared inside package 'ibex_tracer_pkg' shall be treated as localparam
[WARN (VERI-2418)] /home/users/cheriek/Documents/Formal_Method/final_project/ibex/rtl/ibex_tracer_pkg.sv(200): parameter 'INSN_ZIP_N' declared inside package 'ibex_tracer_pkg' shall be treated as localparam
[WARN (VERI-2418)] /home/users/cheriek/Documents/Formal_Method/final_project/ibex/rtl/ibex_tracer_pkg.sv(202): parameter 'INSN_ZIP2_B' declared inside package 'ibex_tracer_pkg' shall be treated as localparam
[WARN (VERI-2418)] /home/users/cheriek/Documents/Formal_Method/final_project/ibex/rtl/ibex_tracer_pkg.sv(204): parameter 'INSN_ZIP_B' declared inside package 'ibex_tracer_pkg' shall be treated as localparam
[WARN (VERI-2418)] /home/users/cheriek/Documents/Formal_Method/final_project/ibex/rtl/ibex_tracer_pkg.sv(206): parameter 'INSN_ZIP4_H' declared inside package 'ibex_tracer_pkg' shall be treated as localparam
[WARN (VERI-2418)] /home/users/cheriek/Documents/Formal_Method/final_project/ibex/rtl/ibex_tracer_pkg.sv(208): parameter 'INSN_ZIP2_H' declared inside package 'ibex_tracer_pkg' shall be treated as localparam
[WARN (VERI-2418)] /home/users/cheriek/Documents/Formal_Method/final_project/ibex/rtl/ibex_tracer_pkg.sv(210): parameter 'INSN_ZIP_H' declared inside package 'ibex_tracer_pkg' shall be treated as localparam
[WARN (VERI-2418)] /home/users/cheriek/Documents/Formal_Method/final_project/ibex/rtl/ibex_tracer_pkg.sv(212): parameter 'INSN_ZIP8' declared inside package 'ibex_tracer_pkg' shall be treated as localparam
[WARN (VERI-2418)] /home/users/cheriek/Documents/Formal_Method/final_project/ibex/rtl/ibex_tracer_pkg.sv(214): parameter 'INSN_ZIP4' declared inside package 'ibex_tracer_pkg' shall be treated as localparam
[WARN (VERI-2418)] /home/users/cheriek/Documents/Formal_Method/final_project/ibex/rtl/ibex_tracer_pkg.sv(216): parameter 'INSN_ZIP2' declared inside package 'ibex_tracer_pkg' shall be treated as localparam
[WARN (VERI-2418)] /home/users/cheriek/Documents/Formal_Method/final_project/ibex/rtl/ibex_tracer_pkg.sv(218): parameter 'INSN_ZIP' declared inside package 'ibex_tracer_pkg' shall be treated as localparam
[WARN (VERI-2418)] /home/users/cheriek/Documents/Formal_Method/final_project/ibex/rtl/ibex_tracer_pkg.sv(221): parameter 'INSN_UNSHFLI' declared inside package 'ibex_tracer_pkg' shall be treated as localparam
[WARN (VERI-2418)] /home/users/cheriek/Documents/Formal_Method/final_project/ibex/rtl/ibex_tracer_pkg.sv(223): parameter 'INSN_UNZIP_N' declared inside package 'ibex_tracer_pkg' shall be treated as localparam
[WARN (VERI-2418)] /home/users/cheriek/Documents/Formal_Method/final_project/ibex/rtl/ibex_tracer_pkg.sv(225): parameter 'INSN_UNZIP2_B' declared inside package 'ibex_tracer_pkg' shall be treated as localparam
[WARN (VERI-2418)] /home/users/cheriek/Documents/Formal_Method/final_project/ibex/rtl/ibex_tracer_pkg.sv(227): parameter 'INSN_UNZIP_B' declared inside package 'ibex_tracer_pkg' shall be treated as localparam
[WARN (VERI-2418)] /home/users/cheriek/Documents/Formal_Method/final_project/ibex/rtl/ibex_tracer_pkg.sv(229): parameter 'INSN_UNZIP4_H' declared inside package 'ibex_tracer_pkg' shall be treated as localparam
[WARN (VERI-2418)] /home/users/cheriek/Documents/Formal_Method/final_project/ibex/rtl/ibex_tracer_pkg.sv(231): parameter 'INSN_UNZIP2_H' declared inside package 'ibex_tracer_pkg' shall be treated as localparam
[WARN (VERI-2418)] /home/users/cheriek/Documents/Formal_Method/final_project/ibex/rtl/ibex_tracer_pkg.sv(233): parameter 'INSN_UNZIP_H' declared inside package 'ibex_tracer_pkg' shall be treated as localparam
[WARN (VERI-2418)] /home/users/cheriek/Documents/Formal_Method/final_project/ibex/rtl/ibex_tracer_pkg.sv(235): parameter 'INSN_UNZIP8' declared inside package 'ibex_tracer_pkg' shall be treated as localparam
[WARN (VERI-2418)] /home/users/cheriek/Documents/Formal_Method/final_project/ibex/rtl/ibex_tracer_pkg.sv(237): parameter 'INSN_UNZIP4' declared inside package 'ibex_tracer_pkg' shall be treated as localparam
[WARN (VERI-2418)] /home/users/cheriek/Documents/Formal_Method/final_project/ibex/rtl/ibex_tracer_pkg.sv(239): parameter 'INSN_UNZIP2' declared inside package 'ibex_tracer_pkg' shall be treated as localparam
[WARN (VERI-2418)] /home/users/cheriek/Documents/Formal_Method/final_project/ibex/rtl/ibex_tracer_pkg.sv(241): parameter 'INSN_UNZIP' declared inside package 'ibex_tracer_pkg' shall be treated as localparam
[WARN (VERI-2418)] /home/users/cheriek/Documents/Formal_Method/final_project/ibex/rtl/ibex_tracer_pkg.sv(244): parameter 'INSN_GREV' declared inside package 'ibex_tracer_pkg' shall be treated as localparam
[WARN (VERI-2418)] /home/users/cheriek/Documents/Formal_Method/final_project/ibex/rtl/ibex_tracer_pkg.sv(245): parameter 'INSN_GORC' declared inside package 'ibex_tracer_pkg' shall be treated as localparam
[WARN (VERI-2418)] /home/users/cheriek/Documents/Formal_Method/final_project/ibex/rtl/ibex_tracer_pkg.sv(246): parameter 'INSN_SHFL' declared inside package 'ibex_tracer_pkg' shall be treated as localparam
[WARN (VERI-2418)] /home/users/cheriek/Documents/Formal_Method/final_project/ibex/rtl/ibex_tracer_pkg.sv(247): parameter 'INSN_UNSHFL' declared inside package 'ibex_tracer_pkg' shall be treated as localparam
[WARN (VERI-2418)] /home/users/cheriek/Documents/Formal_Method/final_project/ibex/rtl/ibex_tracer_pkg.sv(249): parameter 'INSN_XPERM_N' declared inside package 'ibex_tracer_pkg' shall be treated as localparam
[WARN (VERI-2418)] /home/users/cheriek/Documents/Formal_Method/final_project/ibex/rtl/ibex_tracer_pkg.sv(250): parameter 'INSN_XPERM_B' declared inside package 'ibex_tracer_pkg' shall be treated as localparam
[WARN (VERI-2418)] /home/users/cheriek/Documents/Formal_Method/final_project/ibex/rtl/ibex_tracer_pkg.sv(251): parameter 'INSN_XPERM_H' declared inside package 'ibex_tracer_pkg' shall be treated as localparam
[WARN (VERI-2418)] /home/users/cheriek/Documents/Formal_Method/final_project/ibex/rtl/ibex_tracer_pkg.sv(253): parameter 'INSN_SLO' declared inside package 'ibex_tracer_pkg' shall be treated as localparam
[WARN (VERI-2418)] /home/users/cheriek/Documents/Formal_Method/final_project/ibex/rtl/ibex_tracer_pkg.sv(254): parameter 'INSN_SRO' declared inside package 'ibex_tracer_pkg' shall be treated as localparam
[WARN (VERI-2418)] /home/users/cheriek/Documents/Formal_Method/final_project/ibex/rtl/ibex_tracer_pkg.sv(255): parameter 'INSN_SLOI' declared inside package 'ibex_tracer_pkg' shall be treated as localparam
[WARN (VERI-2418)] /home/users/cheriek/Documents/Formal_Method/final_project/ibex/rtl/ibex_tracer_pkg.sv(259): parameter 'INSN_SROI' declared inside package 'ibex_tracer_pkg' shall be treated as localparam
[WARN (VERI-2418)] /home/users/cheriek/Documents/Formal_Method/final_project/ibex/rtl/ibex_tracer_pkg.sv(262): parameter 'INSN_BDECOMPRESS' declared inside package 'ibex_tracer_pkg' shall be treated as localparam
[WARN (VERI-2418)] /home/users/cheriek/Documents/Formal_Method/final_project/ibex/rtl/ibex_tracer_pkg.sv(263): parameter 'INSN_BCOMPRESS' declared inside package 'ibex_tracer_pkg' shall be treated as localparam
[WARN (VERI-2418)] /home/users/cheriek/Documents/Formal_Method/final_project/ibex/rtl/ibex_tracer_pkg.sv(266): parameter 'INSN_FSRI' declared inside package 'ibex_tracer_pkg' shall be treated as localparam
[WARN (VERI-2418)] /home/users/cheriek/Documents/Formal_Method/final_project/ibex/rtl/ibex_tracer_pkg.sv(268): parameter 'INSN_CMIX' declared inside package 'ibex_tracer_pkg' shall be treated as localparam
[WARN (VERI-2418)] /home/users/cheriek/Documents/Formal_Method/final_project/ibex/rtl/ibex_tracer_pkg.sv(269): parameter 'INSN_CMOV' declared inside package 'ibex_tracer_pkg' shall be treated as localparam
[WARN (VERI-2418)] /home/users/cheriek/Documents/Formal_Method/final_project/ibex/rtl/ibex_tracer_pkg.sv(270): parameter 'INSN_FSL' declared inside package 'ibex_tracer_pkg' shall be treated as localparam
[WARN (VERI-2418)] /home/users/cheriek/Documents/Formal_Method/final_project/ibex/rtl/ibex_tracer_pkg.sv(271): parameter 'INSN_FSR' declared inside package 'ibex_tracer_pkg' shall be treated as localparam
[WARN (VERI-2418)] /home/users/cheriek/Documents/Formal_Method/final_project/ibex/rtl/ibex_tracer_pkg.sv(274): parameter 'INSN_BFP' declared inside package 'ibex_tracer_pkg' shall be treated as localparam
[WARN (VERI-2418)] /home/users/cheriek/Documents/Formal_Method/final_project/ibex/rtl/ibex_tracer_pkg.sv(277): parameter 'INSN_CLMUL' declared inside package 'ibex_tracer_pkg' shall be treated as localparam
[WARN (VERI-2418)] /home/users/cheriek/Documents/Formal_Method/final_project/ibex/rtl/ibex_tracer_pkg.sv(278): parameter 'INSN_CLMULR' declared inside package 'ibex_tracer_pkg' shall be treated as localparam
[WARN (VERI-2418)] /home/users/cheriek/Documents/Formal_Method/final_project/ibex/rtl/ibex_tracer_pkg.sv(279): parameter 'INSN_CLMULH' declared inside package 'ibex_tracer_pkg' shall be treated as localparam
[WARN (VERI-2418)] /home/users/cheriek/Documents/Formal_Method/final_project/ibex/rtl/ibex_tracer_pkg.sv(282): parameter 'INSN_CRC32_B' declared inside package 'ibex_tracer_pkg' shall be treated as localparam
[WARN (VERI-2418)] /home/users/cheriek/Documents/Formal_Method/final_project/ibex/rtl/ibex_tracer_pkg.sv(284): parameter 'INSN_CRC32_H' declared inside package 'ibex_tracer_pkg' shall be treated as localparam
[WARN (VERI-2418)] /home/users/cheriek/Documents/Formal_Method/final_project/ibex/rtl/ibex_tracer_pkg.sv(286): parameter 'INSN_CRC32_W' declared inside package 'ibex_tracer_pkg' shall be treated as localparam
[WARN (VERI-2418)] /home/users/cheriek/Documents/Formal_Method/final_project/ibex/rtl/ibex_tracer_pkg.sv(288): parameter 'INSN_CRC32C_B' declared inside package 'ibex_tracer_pkg' shall be treated as localparam
[WARN (VERI-2418)] /home/users/cheriek/Documents/Formal_Method/final_project/ibex/rtl/ibex_tracer_pkg.sv(290): parameter 'INSN_CRC32C_H' declared inside package 'ibex_tracer_pkg' shall be treated as localparam
[WARN (VERI-2418)] /home/users/cheriek/Documents/Formal_Method/final_project/ibex/rtl/ibex_tracer_pkg.sv(292): parameter 'INSN_CRC32C_W' declared inside package 'ibex_tracer_pkg' shall be treated as localparam
[WARN (VERI-2418)] /home/users/cheriek/Documents/Formal_Method/final_project/ibex/rtl/ibex_tracer_pkg.sv(296): parameter 'INSN_LOAD' declared inside package 'ibex_tracer_pkg' shall be treated as localparam
[WARN (VERI-2418)] /home/users/cheriek/Documents/Formal_Method/final_project/ibex/rtl/ibex_tracer_pkg.sv(297): parameter 'INSN_STORE' declared inside package 'ibex_tracer_pkg' shall be treated as localparam
[WARN (VERI-2418)] /home/users/cheriek/Documents/Formal_Method/final_project/ibex/rtl/ibex_tracer_pkg.sv(300): parameter 'INSN_FENCE' declared inside package 'ibex_tracer_pkg' shall be treated as localparam
[WARN (VERI-2418)] /home/users/cheriek/Documents/Formal_Method/final_project/ibex/rtl/ibex_tracer_pkg.sv(301): parameter 'INSN_FENCEI' declared inside package 'ibex_tracer_pkg' shall be treated as localparam
[WARN (VERI-2418)] /home/users/cheriek/Documents/Formal_Method/final_project/ibex/rtl/ibex_tracer_pkg.sv(305): parameter 'INSN_CADDI4SPN' declared inside package 'ibex_tracer_pkg' shall be treated as localparam
[WARN (VERI-2418)] /home/users/cheriek/Documents/Formal_Method/final_project/ibex/rtl/ibex_tracer_pkg.sv(306): parameter 'INSN_CLW' declared inside package 'ibex_tracer_pkg' shall be treated as localparam
[WARN (VERI-2418)] /home/users/cheriek/Documents/Formal_Method/final_project/ibex/rtl/ibex_tracer_pkg.sv(307): parameter 'INSN_CSW' declared inside package 'ibex_tracer_pkg' shall be treated as localparam
[WARN (VERI-2418)] /home/users/cheriek/Documents/Formal_Method/final_project/ibex/rtl/ibex_tracer_pkg.sv(309): parameter 'INSN_CLBU' declared inside package 'ibex_tracer_pkg' shall be treated as localparam
[WARN (VERI-2418)] /home/users/cheriek/Documents/Formal_Method/final_project/ibex/rtl/ibex_tracer_pkg.sv(310): parameter 'INSN_CLHU' declared inside package 'ibex_tracer_pkg' shall be treated as localparam
[WARN (VERI-2418)] /home/users/cheriek/Documents/Formal_Method/final_project/ibex/rtl/ibex_tracer_pkg.sv(311): parameter 'INSN_CLH' declared inside package 'ibex_tracer_pkg' shall be treated as localparam
[WARN (VERI-2418)] /home/users/cheriek/Documents/Formal_Method/final_project/ibex/rtl/ibex_tracer_pkg.sv(312): parameter 'INSN_CSB' declared inside package 'ibex_tracer_pkg' shall be treated as localparam
[WARN (VERI-2418)] /home/users/cheriek/Documents/Formal_Method/final_project/ibex/rtl/ibex_tracer_pkg.sv(313): parameter 'INSN_CSH' declared inside package 'ibex_tracer_pkg' shall be treated as localparam
[WARN (VERI-2418)] /home/users/cheriek/Documents/Formal_Method/final_project/ibex/rtl/ibex_tracer_pkg.sv(316): parameter 'INSN_CADDI' declared inside package 'ibex_tracer_pkg' shall be treated as localparam
[WARN (VERI-2418)] /home/users/cheriek/Documents/Formal_Method/final_project/ibex/rtl/ibex_tracer_pkg.sv(317): parameter 'INSN_CJAL' declared inside package 'ibex_tracer_pkg' shall be treated as localparam
[WARN (VERI-2418)] /home/users/cheriek/Documents/Formal_Method/final_project/ibex/rtl/ibex_tracer_pkg.sv(318): parameter 'INSN_CJ' declared inside package 'ibex_tracer_pkg' shall be treated as localparam
[WARN (VERI-2418)] /home/users/cheriek/Documents/Formal_Method/final_project/ibex/rtl/ibex_tracer_pkg.sv(319): parameter 'INSN_CLI' declared inside package 'ibex_tracer_pkg' shall be treated as localparam
[WARN (VERI-2418)] /home/users/cheriek/Documents/Formal_Method/final_project/ibex/rtl/ibex_tracer_pkg.sv(320): parameter 'INSN_CLUI' declared inside package 'ibex_tracer_pkg' shall be treated as localparam
[WARN (VERI-2418)] /home/users/cheriek/Documents/Formal_Method/final_project/ibex/rtl/ibex_tracer_pkg.sv(321): parameter 'INSN_CBEQZ' declared inside package 'ibex_tracer_pkg' shall be treated as localparam
[WARN (VERI-2418)] /home/users/cheriek/Documents/Formal_Method/final_project/ibex/rtl/ibex_tracer_pkg.sv(322): parameter 'INSN_CBNEZ' declared inside package 'ibex_tracer_pkg' shall be treated as localparam
[WARN (VERI-2418)] /home/users/cheriek/Documents/Formal_Method/final_project/ibex/rtl/ibex_tracer_pkg.sv(323): parameter 'INSN_CSRLI' declared inside package 'ibex_tracer_pkg' shall be treated as localparam
[WARN (VERI-2418)] /home/users/cheriek/Documents/Formal_Method/final_project/ibex/rtl/ibex_tracer_pkg.sv(324): parameter 'INSN_CSRAI' declared inside package 'ibex_tracer_pkg' shall be treated as localparam
[WARN (VERI-2418)] /home/users/cheriek/Documents/Formal_Method/final_project/ibex/rtl/ibex_tracer_pkg.sv(325): parameter 'INSN_CANDI' declared inside package 'ibex_tracer_pkg' shall be treated as localparam
[WARN (VERI-2418)] /home/users/cheriek/Documents/Formal_Method/final_project/ibex/rtl/ibex_tracer_pkg.sv(326): parameter 'INSN_CSUB' declared inside package 'ibex_tracer_pkg' shall be treated as localparam
[WARN (VERI-2418)] /home/users/cheriek/Documents/Formal_Method/final_project/ibex/rtl/ibex_tracer_pkg.sv(327): parameter 'INSN_CXOR' declared inside package 'ibex_tracer_pkg' shall be treated as localparam
[WARN (VERI-2418)] /home/users/cheriek/Documents/Formal_Method/final_project/ibex/rtl/ibex_tracer_pkg.sv(328): parameter 'INSN_COR' declared inside package 'ibex_tracer_pkg' shall be treated as localparam
[WARN (VERI-2418)] /home/users/cheriek/Documents/Formal_Method/final_project/ibex/rtl/ibex_tracer_pkg.sv(329): parameter 'INSN_CAND' declared inside package 'ibex_tracer_pkg' shall be treated as localparam
[WARN (VERI-2418)] /home/users/cheriek/Documents/Formal_Method/final_project/ibex/rtl/ibex_tracer_pkg.sv(331): parameter 'INSN_CZEXTB' declared inside package 'ibex_tracer_pkg' shall be treated as localparam
[WARN (VERI-2418)] /home/users/cheriek/Documents/Formal_Method/final_project/ibex/rtl/ibex_tracer_pkg.sv(332): parameter 'INSN_CSEXTB' declared inside package 'ibex_tracer_pkg' shall be treated as localparam
[WARN (VERI-2418)] /home/users/cheriek/Documents/Formal_Method/final_project/ibex/rtl/ibex_tracer_pkg.sv(333): parameter 'INSN_CZEXTH' declared inside package 'ibex_tracer_pkg' shall be treated as localparam
[WARN (VERI-2418)] /home/users/cheriek/Documents/Formal_Method/final_project/ibex/rtl/ibex_tracer_pkg.sv(334): parameter 'INSN_CSEXTH' declared inside package 'ibex_tracer_pkg' shall be treated as localparam
[WARN (VERI-2418)] /home/users/cheriek/Documents/Formal_Method/final_project/ibex/rtl/ibex_tracer_pkg.sv(335): parameter 'INSN_CNOT' declared inside package 'ibex_tracer_pkg' shall be treated as localparam
[WARN (VERI-2418)] /home/users/cheriek/Documents/Formal_Method/final_project/ibex/rtl/ibex_tracer_pkg.sv(336): parameter 'INSN_CMUL' declared inside package 'ibex_tracer_pkg' shall be treated as localparam
[WARN (VERI-2418)] /home/users/cheriek/Documents/Formal_Method/final_project/ibex/rtl/ibex_tracer_pkg.sv(339): parameter 'INSN_CSLLI' declared inside package 'ibex_tracer_pkg' shall be treated as localparam
[WARN (VERI-2418)] /home/users/cheriek/Documents/Formal_Method/final_project/ibex/rtl/ibex_tracer_pkg.sv(340): parameter 'INSN_CLWSP' declared inside package 'ibex_tracer_pkg' shall be treated as localparam
[WARN (VERI-2418)] /home/users/cheriek/Documents/Formal_Method/final_project/ibex/rtl/ibex_tracer_pkg.sv(341): parameter 'INSN_SWSP' declared inside package 'ibex_tracer_pkg' shall be treated as localparam
[WARN (VERI-2418)] /home/users/cheriek/Documents/Formal_Method/final_project/ibex/rtl/ibex_tracer_pkg.sv(342): parameter 'INSN_CMV' declared inside package 'ibex_tracer_pkg' shall be treated as localparam
[WARN (VERI-2418)] /home/users/cheriek/Documents/Formal_Method/final_project/ibex/rtl/ibex_tracer_pkg.sv(343): parameter 'INSN_CADD' declared inside package 'ibex_tracer_pkg' shall be treated as localparam
[WARN (VERI-2418)] /home/users/cheriek/Documents/Formal_Method/final_project/ibex/rtl/ibex_tracer_pkg.sv(344): parameter 'INSN_CEBREAK' declared inside package 'ibex_tracer_pkg' shall be treated as localparam
[WARN (VERI-2418)] /home/users/cheriek/Documents/Formal_Method/final_project/ibex/rtl/ibex_tracer_pkg.sv(345): parameter 'INSN_CJR' declared inside package 'ibex_tracer_pkg' shall be treated as localparam
[WARN (VERI-2418)] /home/users/cheriek/Documents/Formal_Method/final_project/ibex/rtl/ibex_tracer_pkg.sv(346): parameter 'INSN_CJALR' declared inside package 'ibex_tracer_pkg' shall be treated as localparam
[WARN (VERI-2418)] /home/users/cheriek/Documents/Formal_Method/final_project/ibex/rtl/ibex_tracer_pkg.sv(348): parameter 'INSN_CMPUSH' declared inside package 'ibex_tracer_pkg' shall be treated as localparam
[WARN (VERI-2418)] /home/users/cheriek/Documents/Formal_Method/final_project/ibex/rtl/ibex_tracer_pkg.sv(349): parameter 'INSN_CMPOP' declared inside package 'ibex_tracer_pkg' shall be treated as localparam
[WARN (VERI-2418)] /home/users/cheriek/Documents/Formal_Method/final_project/ibex/rtl/ibex_tracer_pkg.sv(350): parameter 'INSN_CMPOPRETZ' declared inside package 'ibex_tracer_pkg' shall be treated as localparam
[WARN (VERI-2418)] /home/users/cheriek/Documents/Formal_Method/final_project/ibex/rtl/ibex_tracer_pkg.sv(351): parameter 'INSN_CMPOPRET' declared inside package 'ibex_tracer_pkg' shall be treated as localparam
[WARN (VERI-2418)] /home/users/cheriek/Documents/Formal_Method/final_project/ibex/rtl/ibex_tracer_pkg.sv(352): parameter 'INSN_CMMVSA01' declared inside package 'ibex_tracer_pkg' shall be treated as localparam
[WARN (VERI-2418)] /home/users/cheriek/Documents/Formal_Method/final_project/ibex/rtl/ibex_tracer_pkg.sv(353): parameter 'INSN_CMMVA01S' declared inside package 'ibex_tracer_pkg' shall be treated as localparam
[-- (VERI-1482)] Analyzing Verilog file '/home/users/cheriek/Documents/Formal_Method/final_project/ibex/rtl/ibex_alu.sv'
[-- (VERI-1482)] Analyzing Verilog file '/home/users/cheriek/Documents/Formal_Method/final_project/ibex/rtl/ibex_compressed_decoder.sv'
[INFO (VERI-1328)] /home/users/cheriek/Documents/Formal_Method/final_project/ibex/rtl/ibex_compressed_decoder.sv(14): analyzing included file '/home/users/cheriek/Documents/Formal_Method/final_project/ibex/vendor/lowrisc_ip/ip/prim/rtl/prim_assert.sv'
[INFO (VERI-1328)] /home/users/cheriek/Documents/Formal_Method/final_project/ibex/vendor/lowrisc_ip/ip/prim/rtl/prim_assert.sv(110): analyzing included file '/home/users/cheriek/Documents/Formal_Method/final_project/ibex/vendor/lowrisc_ip/ip/prim/rtl/prim_assert_standard_macros.svh'
[INFO (VERI-1328)] /home/users/cheriek/Documents/Formal_Method/final_project/ibex/vendor/lowrisc_ip/ip/prim/rtl/prim_assert.sv(187): analyzing included file '/home/users/cheriek/Documents/Formal_Method/final_project/ibex/vendor/lowrisc_ip/ip/prim/rtl/prim_assert_sec_cm.svh'
[INFO (VERI-1328)] /home/users/cheriek/Documents/Formal_Method/final_project/ibex/vendor/lowrisc_ip/ip/prim/rtl/prim_assert.sv(188): analyzing included file '/home/users/cheriek/Documents/Formal_Method/final_project/ibex/vendor/lowrisc_ip/ip/prim/rtl/prim_flop_macros.sv'
[-- (VERI-1482)] Analyzing Verilog file '/home/users/cheriek/Documents/Formal_Method/final_project/ibex/rtl/ibex_controller.sv'
[INFO (VERI-1328)] /home/users/cheriek/Documents/Formal_Method/final_project/ibex/rtl/ibex_controller.sv(10): analyzing included file '/home/users/cheriek/Documents/Formal_Method/final_project/ibex/vendor/lowrisc_ip/ip/prim/rtl/prim_assert.sv'
[INFO (VERI-1328)] /home/users/cheriek/Documents/Formal_Method/final_project/ibex/rtl/ibex_controller.sv(11): analyzing included file '/home/users/cheriek/Documents/Formal_Method/final_project/ibex/vendor/lowrisc_ip/dv/sv/dv_utils/dv_fcov_macros.svh'
[-- (VERI-1482)] Analyzing Verilog file '/home/users/cheriek/Documents/Formal_Method/final_project/ibex/rtl/ibex_counter.sv'
[-- (VERI-1482)] Analyzing Verilog file '/home/users/cheriek/Documents/Formal_Method/final_project/ibex/rtl/ibex_cs_registers.sv'
[INFO (VERI-1328)] /home/users/cheriek/Documents/Formal_Method/final_project/ibex/rtl/ibex_cs_registers.sv(10): analyzing included file '/home/users/cheriek/Documents/Formal_Method/final_project/ibex/vendor/lowrisc_ip/ip/prim/rtl/prim_assert.sv'
[-- (VERI-1482)] Analyzing Verilog file '/home/users/cheriek/Documents/Formal_Method/final_project/ibex/rtl/ibex_csr.sv'
[INFO (VERI-1328)] /home/users/cheriek/Documents/Formal_Method/final_project/ibex/rtl/ibex_csr.sv(9): analyzing included file '/home/users/cheriek/Documents/Formal_Method/final_project/ibex/vendor/lowrisc_ip/ip/prim/rtl/prim_assert.sv'
[-- (VERI-1482)] Analyzing Verilog file '/home/users/cheriek/Documents/Formal_Method/final_project/ibex/rtl/ibex_decoder.sv'
[INFO (VERI-1328)] /home/users/cheriek/Documents/Formal_Method/final_project/ibex/rtl/ibex_decoder.sv(14): analyzing included file '/home/users/cheriek/Documents/Formal_Method/final_project/ibex/vendor/lowrisc_ip/ip/prim/rtl/prim_assert.sv'
[-- (VERI-1482)] Analyzing Verilog file '/home/users/cheriek/Documents/Formal_Method/final_project/ibex/rtl/ibex_ex_block.sv'
[-- (VERI-1482)] Analyzing Verilog file '/home/users/cheriek/Documents/Formal_Method/final_project/ibex/rtl/ibex_id_stage.sv'
[INFO (VERI-1328)] /home/users/cheriek/Documents/Formal_Method/final_project/ibex/rtl/ibex_id_stage.sv(17): analyzing included file '/home/users/cheriek/Documents/Formal_Method/final_project/ibex/vendor/lowrisc_ip/ip/prim/rtl/prim_assert.sv'
[INFO (VERI-1328)] /home/users/cheriek/Documents/Formal_Method/final_project/ibex/rtl/ibex_id_stage.sv(18): analyzing included file '/home/users/cheriek/Documents/Formal_Method/final_project/ibex/vendor/lowrisc_ip/dv/sv/dv_utils/dv_fcov_macros.svh'
[-- (VERI-1482)] Analyzing Verilog file '/home/users/cheriek/Documents/Formal_Method/final_project/ibex/rtl/ibex_if_stage.sv'
[INFO (VERI-1328)] /home/users/cheriek/Documents/Formal_Method/final_project/ibex/rtl/ibex_if_stage.sv(13): analyzing included file '/home/users/cheriek/Documents/Formal_Method/final_project/ibex/vendor/lowrisc_ip/ip/prim/rtl/prim_assert.sv'
[INFO (VERI-1328)] /home/users/cheriek/Documents/Formal_Method/final_project/ibex/rtl/ibex_if_stage.sv(14): analyzing included file '/home/users/cheriek/Documents/Formal_Method/final_project/ibex/vendor/lowrisc_ip/dv/sv/dv_utils/dv_fcov_macros.svh'
[-- (VERI-1482)] Analyzing Verilog file '/home/users/cheriek/Documents/Formal_Method/final_project/ibex/rtl/ibex_load_store_unit.sv'
[INFO (VERI-1328)] /home/users/cheriek/Documents/Formal_Method/final_project/ibex/rtl/ibex_load_store_unit.sv(14): analyzing included file '/home/users/cheriek/Documents/Formal_Method/final_project/ibex/vendor/lowrisc_ip/ip/prim/rtl/prim_assert.sv'
[INFO (VERI-1328)] /home/users/cheriek/Documents/Formal_Method/final_project/ibex/rtl/ibex_load_store_unit.sv(15): analyzing included file '/home/users/cheriek/Documents/Formal_Method/final_project/ibex/vendor/lowrisc_ip/dv/sv/dv_utils/dv_fcov_macros.svh'
[-- (VERI-1482)] Analyzing Verilog file '/home/users/cheriek/Documents/Formal_Method/final_project/ibex/rtl/ibex_multdiv_fast.sv'
[INFO (VERI-1328)] /home/users/cheriek/Documents/Formal_Method/final_project/ibex/rtl/ibex_multdiv_fast.sv(15): analyzing included file '/home/users/cheriek/Documents/Formal_Method/final_project/ibex/vendor/lowrisc_ip/ip/prim/rtl/prim_assert.sv'
[-- (VERI-1482)] Analyzing Verilog file '/home/users/cheriek/Documents/Formal_Method/final_project/ibex/rtl/ibex_multdiv_slow.sv'
[INFO (VERI-1328)] /home/users/cheriek/Documents/Formal_Method/final_project/ibex/rtl/ibex_multdiv_slow.sv(12): analyzing included file '/home/users/cheriek/Documents/Formal_Method/final_project/ibex/vendor/lowrisc_ip/ip/prim/rtl/prim_assert.sv'
[-- (VERI-1482)] Analyzing Verilog file './synthlc/i_MUL_out/xCoverAPerflocDiv/14_top.sv'
[INFO (VERI-1328)] ./synthlc/i_MUL_out/xCoverAPerflocDiv/14_top.sv(10): analyzing included file '/home/users/cheriek/Documents/Formal_Method/final_project/ibex/vendor/lowrisc_ip/ip/prim/rtl/prim_assert.sv'
[WARN (VERI-1763)] ./synthlc/i_MUL_out/xCoverAPerflocDiv/14_top.sv(727): SVA directive is not sensitive to any clock. The directive will be sampled on the posedge of the fastest clock.
[WARN (VERI-1763)] ./synthlc/i_MUL_out/xCoverAPerflocDiv/14_top.sv(728): SVA directive is not sensitive to any clock. The directive will be sampled on the posedge of the fastest clock.
[WARN (VERI-1763)] ./synthlc/i_MUL_out/xCoverAPerflocDiv/14_top.sv(729): SVA directive is not sensitive to any clock. The directive will be sampled on the posedge of the fastest clock.
[WARN (VERI-1763)] ./synthlc/i_MUL_out/xCoverAPerflocDiv/14_top.sv(730): SVA directive is not sensitive to any clock. The directive will be sampled on the posedge of the fastest clock.
[-- (VERI-1482)] Analyzing Verilog file '/home/users/cheriek/Documents/Formal_Method/final_project/ibex/rtl/ibex_prefetch_buffer.sv'
[-- (VERI-1482)] Analyzing Verilog file '/home/users/cheriek/Documents/Formal_Method/final_project/ibex/rtl/ibex_fetch_fifo.sv'
[INFO (VERI-1328)] /home/users/cheriek/Documents/Formal_Method/final_project/ibex/rtl/ibex_fetch_fifo.sv(13): analyzing included file '/home/users/cheriek/Documents/Formal_Method/final_project/ibex/vendor/lowrisc_ip/ip/prim/rtl/prim_assert.sv'
[-- (VERI-1482)] Analyzing Verilog file '/home/users/cheriek/Documents/Formal_Method/final_project/ibex/rtl/ibex_register_file_ff.sv'
[-- (VERI-1482)] Analyzing Verilog file '/home/users/cheriek/Documents/Formal_Method/final_project/ibex/rtl/ibex_pmp.sv'
[INFO (VERI-1328)] /home/users/cheriek/Documents/Formal_Method/final_project/ibex/rtl/ibex_pmp.sv(5): analyzing included file '/home/users/cheriek/Documents/Formal_Method/final_project/ibex/vendor/lowrisc_ip/dv/sv/dv_utils/dv_fcov_macros.svh'
[-- (VERI-1482)] Analyzing Verilog file '/home/users/cheriek/Documents/Formal_Method/final_project/ibex/rtl/ibex_wb_stage.sv'
[INFO (VERI-1328)] /home/users/cheriek/Documents/Formal_Method/final_project/ibex/rtl/ibex_wb_stage.sv(14): analyzing included file '/home/users/cheriek/Documents/Formal_Method/final_project/ibex/vendor/lowrisc_ip/ip/prim/rtl/prim_assert.sv'
[INFO (VERI-1328)] /home/users/cheriek/Documents/Formal_Method/final_project/ibex/rtl/ibex_wb_stage.sv(15): analyzing included file '/home/users/cheriek/Documents/Formal_Method/final_project/ibex/vendor/lowrisc_ip/dv/sv/dv_utils/dv_fcov_macros.svh'
[-- (VERI-1482)] Analyzing Verilog file '/home/users/cheriek/Documents/Formal_Method/final_project/ibex/rtl/ibex_dummy_instr.sv'
[-- (VERI-1482)] Analyzing Verilog file '/home/users/cheriek/Documents/Formal_Method/final_project/ibex/rtl/ibex_branch_predict.sv'
[INFO (VERI-1328)] /home/users/cheriek/Documents/Formal_Method/final_project/ibex/rtl/ibex_branch_predict.sv(18): analyzing included file '/home/users/cheriek/Documents/Formal_Method/final_project/ibex/vendor/lowrisc_ip/ip/prim/rtl/prim_assert.sv'
[-- (VERI-1482)] Analyzing Verilog file '/home/users/cheriek/Documents/Formal_Method/final_project/ibex/rtl/ibex_core.sv'
[INFO (VERI-1328)] /home/users/cheriek/Documents/Formal_Method/final_project/ibex/rtl/ibex_core.sv(10): analyzing included file '/home/users/cheriek/Documents/Formal_Method/final_project/ibex/vendor/lowrisc_ip/ip/prim/rtl/prim_assert.sv'
[INFO (VERI-1328)] /home/users/cheriek/Documents/Formal_Method/final_project/ibex/rtl/ibex_core.sv(11): analyzing included file '/home/users/cheriek/Documents/Formal_Method/final_project/ibex/vendor/lowrisc_ip/dv/sv/dv_utils/dv_fcov_macros.svh'
[-- (VERI-1482)] Analyzing Verilog file '/home/users/cheriek/Documents/Formal_Method/final_project/ibex/vendor/lowrisc_ip/ip/prim/rtl/prim_assert.sv'
% 
% if {$REACH == 1} {
    puts "test bboxing mfpt" 
    #elaborate -bbox_m  {miss_prediction_fix_table} -bbox_m {reorderbuf}
    #elaborate
    source reach_collect.tcl
}
% if {$FPV == 1} {
    puts "fpv" 
    # Elaborates
    #elaborate -bbox_m {wt_cache_subsystem} -bbox_m {ibex_if_stage}
    #puts "multiplier no-bbox"
    elaborate -top ibex_fv -bbox_m {ibex_if_stage} -bbox_m {prim_lfsr}
    #elaborate -bbox_m {ibex_if_stage}
    #stopat -env {issue_stage_i.i_scoreboard.mem_n[0].sbe.is_compressed}  
    #elaborate


    # Initialization
    # Clock specification
    clock clk_i
    # -both_edges: ridecore 
    reset !rst_ni
    set_proofgrid_per_engine_max_jobs 10
    set_proofgrid_max_jobs 30


    #SOURCE_TCL
    # assume -enable {.*ASSUME_W_R} -regexp
    # assume -disable {.*ASSUME_R_W} -regexp

    task -create mytask -copy_assumes   -regexp
    task -set mytask

    if { $CUSTOMTCL == 1 } {
        puts "=========CUSTOMTCL========="

        #CUSTOMTCL
        
        puts "=========EXIT CUSTOMTCL========="
        exit
        
    } 
    
    puts "=============================================================="
    puts "CHECK ASSUMPTION...."
    puts "=============================================================="
    set CA 0
    set CA 1
    #
    set_prove_time_limit 15m
    #SETPROVETIME
    set_prove_per_property_time_limit 5m 

    set ls [get_property_list -task mytask -include {type {assert cover} }]
    if { [llength $ls] > 10 } { 
        set_prove_time_limit 25m 
        puts "PROVEN TIME 25min" }  

    if { $CA == 1 } { 
        #set_prove_time_limit 10m
        set CONFLICT [check_assumptions -task mytask -conflict]
        puts "=============================================================="
        puts "CHECK ASSUMPTION CONFLICT result? $CONFLICT"
        puts "=============================================================="
    }  else {
        puts "AUTOPROVE:" 
        #set_prove_time_limit 1h
        #set_prove_per_property_time_limit 1h
        puts "=================================================="
        puts " PROVE TIME LIMIT"
        puts [get_prove_time_limit]     
        #puts [get_prove_per_property_time_limit]
        puts "=================================================="
        set_engine_mode {K C Tri I N AD AM Hp B}

        prove -task mytask
        #prove -all
    }
    
    puts "END"
    report -task mytask -csv -results -file "./synthlc/i_MUL_out/xCoverAPerflocDiv/14.csv" -force
    exit
}
fpv
INFO (ISW003): Top module name is "ibex_fv".
[INFO (VERI-1018)] /home/users/cheriek/Documents/Formal_Method/final_project/ibex/rtl/ibex_register_file_ff.sv(13): compiling module 'ibex_register_file_ff:(DataWidth=32'b0100000,WordZeroVal=32'b0)'
[INFO (VERI-1018)] /home/users/cheriek/Documents/Formal_Method/final_project/ibex/rtl/ibex_if_stage.sv(16): compiling module 'ibex_if_stage:(RV32ZC=RV32ZcaZcbZcmp,BusSizeECC=32'b0100000,TagSizeECC=32'b010110,LineSizeECC=32'b01000000,RndCnstLfsrSeed=32'b10101100010100110011101111110100,RndCnstLfsrPerm=160'b01111000110101111011001011101001000110011111111101000110110001001011101001010110000001010100101100000001001111101001000011100001111000101010001101101011101101,MemDataWidth=32'b0100000)'
[INFO (VERI-1018)] /home/users/cheriek/Documents/Formal_Method/final_project/ibex/rtl/ibex_decoder.sv(16): compiling module 'ibex_decoder:(RV32E=1'b0,RV32M=RV32MFast,RV32B=RV32BNone,BranchTargetALU=1'b0)'
[WARN (VERI-1796)] /home/users/cheriek/Documents/Formal_Method/final_project/ibex/rtl/ibex_decoder.sv(1211): system function call isunknown with non-constant argument is not supported for synthesis
[INFO (VERI-1018)] /home/users/cheriek/Documents/Formal_Method/final_project/ibex/rtl/ibex_controller.sv(13): compiling module 'ibex_controller:(WritebackStage=1'b1)'
[INFO (VERI-1018)] /home/users/cheriek/Documents/Formal_Method/final_project/ibex/rtl/ibex_id_stage.sv(20): compiling module 'ibex_id_stage:(RV32E=1'b0,RV32M=RV32MFast,RV32B=RV32BNone,BranchTargetALU=1'b0,WritebackStage=1'b1,BranchPredictor=1'b0)'
[WARN (VERI-1796)] /home/users/cheriek/Documents/Formal_Method/final_project/ibex/rtl/ibex_id_stage.sv(1106): system function call isunknown with non-constant argument is not supported for synthesis
[WARN (VERI-1796)] /home/users/cheriek/Documents/Formal_Method/final_project/ibex/rtl/ibex_id_stage.sv(1112): system function call isunknown with non-constant argument is not supported for synthesis
[WARN (VERI-1796)] /home/users/cheriek/Documents/Formal_Method/final_project/ibex/rtl/ibex_id_stage.sv(1116): system function call isunknown with non-constant argument is not supported for synthesis
[WARN (VERI-1796)] /home/users/cheriek/Documents/Formal_Method/final_project/ibex/rtl/ibex_id_stage.sv(1125): system function call isunknown with non-constant argument is not supported for synthesis
[WARN (VERI-1796)] /home/users/cheriek/Documents/Formal_Method/final_project/ibex/rtl/ibex_id_stage.sv(1128): system function call isunknown with non-constant argument is not supported for synthesis
[WARN (VERI-1796)] /home/users/cheriek/Documents/Formal_Method/final_project/ibex/rtl/ibex_id_stage.sv(1132): system function call isunknown with non-constant argument is not supported for synthesis
[WARN (VERI-1796)] /home/users/cheriek/Documents/Formal_Method/final_project/ibex/rtl/ibex_id_stage.sv(1136): system function call isunknown with non-constant argument is not supported for synthesis
[INFO (VERI-1018)] /home/users/cheriek/Documents/Formal_Method/final_project/ibex/rtl/ibex_alu.sv(9): compiling module 'ibex_alu:(RV32B=RV32BNone)'
[WARN (VERI-1209)] /home/users/cheriek/Documents/Formal_Method/final_project/ibex/rtl/ibex_alu.sv(280): expression size 32 truncated to fit in target size 6
[INFO (VERI-1018)] /home/users/cheriek/Documents/Formal_Method/final_project/ibex/rtl/ibex_multdiv_fast.sv(17): compiling module 'ibex_multdiv_fast:(RV32M=RV32MFast)'
[WARN (VERI-1796)] /home/users/cheriek/Documents/Formal_Method/final_project/ibex/rtl/ibex_multdiv_fast.sv(117): system function call isunknown with non-constant argument is not supported for synthesis
[WARN (VERI-1796)] /home/users/cheriek/Documents/Formal_Method/final_project/ibex/rtl/ibex_multdiv_fast.sv(118): system function call isunknown with non-constant argument is not supported for synthesis
[WARN (VERI-1796)] /home/users/cheriek/Documents/Formal_Method/final_project/ibex/rtl/ibex_multdiv_fast.sv(119): system function call isunknown with non-constant argument is not supported for synthesis
[WARN (VERI-1796)] /home/users/cheriek/Documents/Formal_Method/final_project/ibex/rtl/ibex_multdiv_fast.sv(378): system function call isunknown with non-constant argument is not supported for synthesis
[INFO (VERI-1018)] /home/users/cheriek/Documents/Formal_Method/final_project/ibex/rtl/ibex_ex_block.sv(11): compiling module 'ibex_ex_block:(RV32M=RV32MFast,RV32B=RV32BNone,BranchTargetALU=1'b0)'
[INFO (VERI-1018)] /home/users/cheriek/Documents/Formal_Method/final_project/ibex/rtl/ibex_load_store_unit.sv(17): compiling module 'ibex_load_store_unit:(MemDataWidth=32'b0100000)'
[WARN (VERI-1796)] /home/users/cheriek/Documents/Formal_Method/final_project/ibex/rtl/ibex_load_store_unit.sv(610): system function call isunknown with non-constant argument is not supported for synthesis
[WARN (VERI-1796)] /home/users/cheriek/Documents/Formal_Method/final_project/ibex/rtl/ibex_load_store_unit.sv(611): system function call isunknown with non-constant argument is not supported for synthesis
[WARN (VERI-1796)] /home/users/cheriek/Documents/Formal_Method/final_project/ibex/rtl/ibex_load_store_unit.sv(612): system function call isunknown with non-constant argument is not supported for synthesis
[WARN (VERI-1796)] /home/users/cheriek/Documents/Formal_Method/final_project/ibex/rtl/ibex_load_store_unit.sv(613): system function call isunknown with non-constant argument is not supported for synthesis
[WARN (VERI-1796)] /home/users/cheriek/Documents/Formal_Method/final_project/ibex/rtl/ibex_load_store_unit.sv(619): system function call isunknown with non-constant argument is not supported for synthesis
[INFO (VERI-1018)] /home/users/cheriek/Documents/Formal_Method/final_project/ibex/rtl/ibex_wb_stage.sv(17): compiling module 'ibex_wb_stage:(WritebackStage=1'b1)'
[INFO (VERI-1018)] /home/users/cheriek/Documents/Formal_Method/final_project/ibex/rtl/ibex_csr.sv(11): compiling module 'ibex_csr:(Width=32'b0110,ResetValue=6'b010000)'
[WARN (VERI-1796)] /home/users/cheriek/Documents/Formal_Method/final_project/ibex/rtl/ibex_csr.sv(55): system function call isunknown with non-constant argument is not supported for synthesis
[INFO (VERI-1018)] /home/users/cheriek/Documents/Formal_Method/final_project/ibex/rtl/ibex_csr.sv(11): compiling module 'ibex_csr:(ResetValue=32'b0)'
[INFO (VERI-1018)] /home/users/cheriek/Documents/Formal_Method/final_project/ibex/rtl/ibex_csr.sv(11): compiling module 'ibex_csr:(Width=32'b010010,ResetValue=18'b0)'
[INFO (VERI-1018)] /home/users/cheriek/Documents/Formal_Method/final_project/ibex/rtl/ibex_csr.sv(11): compiling module 'ibex_csr:(Width=32'b0111,ResetValue=7'b0)'
[INFO (VERI-1018)] /home/users/cheriek/Documents/Formal_Method/final_project/ibex/rtl/ibex_csr.sv(11): compiling module 'ibex_csr:(ResetValue=32'b01)'
[INFO (VERI-1018)] /home/users/cheriek/Documents/Formal_Method/final_project/ibex/rtl/ibex_csr.sv(11): compiling module 'ibex_csr:(Width=32'b0100000,ResetValue=32'b01000000000000000000000000000011)'
[INFO (VERI-1018)] /home/users/cheriek/Documents/Formal_Method/final_project/ibex/rtl/ibex_csr.sv(11): compiling module 'ibex_csr:(Width=32'b011,ResetValue=3'b100)'
[INFO (VERI-1018)] /home/users/cheriek/Documents/Formal_Method/final_project/ibex/rtl/ibex_counter.sv(5): compiling module 'ibex_counter:(CounterWidth=64)'
[INFO (VERI-1018)] /home/users/cheriek/Documents/Formal_Method/final_project/ibex/rtl/ibex_counter.sv(5): compiling module 'ibex_counter:(CounterWidth=64,ProvideValUpd=1'b1)'
[INFO (VERI-1018)] /home/users/cheriek/Documents/Formal_Method/final_project/ibex/rtl/ibex_csr.sv(11): compiling module 'ibex_csr:(Width=32'b01000,ResetValue=8'b0)'
[INFO (VERI-1018)] /home/users/cheriek/Documents/Formal_Method/final_project/ibex/rtl/ibex_cs_registers.sv(12): compiling module 'ibex_cs_registers:(DbgTriggerEn=1'b0,DbgHwBreakNum=32'b01,MHPMCounterNum=32'b0,MHPMCounterWidth=32'b0101000,PMPEnable=1'b0,PMPGranularity=32'b0,PMPNumRegions=32'b0100,PMPRstCfg='{'{1'b0,PMP_MODE_OFF,1'b0,1'b0,1'b0},'{1'b0,PMP_MODE_OFF,1'b0,1'b0,1'b0},'{1'b0,PMP_MODE_OFF,1'b0,1'b0,1'b0},'{1'b0,PMP_MODE_OFF,1'b0,1'b0,1'b0},'{1'b0,PMP_MODE_OFF,1'b0,1'b0,1'b0},'{1'b0,PMP_MODE_OFF,1'b0,1'b0,1'b0},'{1'b0,PMP_MODE_OFF,1'b0,1'b0,1'b0},'{1'b0,PMP_MODE_OFF,1'b0,1'b0,1'b0},'{1'b0,PMP_MODE_OFF,1'b0,1'b0,1'b0},'{1'b0,PMP_MODE_OFF,1'b0,1'b0,1'b0},'{1'b0,PMP_MODE_OFF,1'b0,1'b0,1'b0},'{1'b0,PMP_MODE_OFF,1'b0,1'b0,1'b0},'{1'b0,PMP_MODE_OFF,1'b0,1'b0,1'b0},'{1'b0,PMP_MODE_OFF,1'b0,1'b0,1'b0},'{1'b0,PMP_MODE_OFF,1'b0,1'b0,1'b0},'{1'b0,PMP_MODE_OFF,1'b0,1'b0,1'b0}},PMPRstAddr='{34'b0,34'b0,34'b0,34'b0,34'b0,34'b0,34'b0,34'b0,34'b0,34'b0,34'b0,34'b0,34'b0,34'b0,34'b0,34'b0},PMPRstMsecCfg='{1'b0,1'b0,1'b0},RV32E=1'b0,RV32M=RV32MFast,RV32B=RV32BNone)'
[INFO (VERI-1018)] /home/users/cheriek/Documents/Formal_Method/final_project/ibex/rtl/ibex_core.sv(16): compiling module 'ibex_core:(RV32M=RV32MFast,RV32B=RV32BNone,WritebackStage=1'b1)'
[WARN (VERI-1060)] /home/users/cheriek/Documents/Formal_Method/final_project/ibex/rtl/ibex_core.sv(531): 'initial' construct is ignored
[WARN (VERI-1060)] /home/users/cheriek/Documents/Formal_Method/final_project/ibex/rtl/ibex_core.sv(532): 'initial' construct is ignored
[WARN (VERI-1060)] /home/users/cheriek/Documents/Formal_Method/final_project/ibex/rtl/ibex_core.sv(1945): 'initial' construct is ignored
[WARN (VERI-1796)] /home/users/cheriek/Documents/Formal_Method/final_project/ibex/rtl/ibex_core.sv(1172): system function call isunknown with non-constant argument is not supported for synthesis
[INFO (VERI-1018)] ./synthlc/i_MUL_out/xCoverAPerflocDiv/14_top.sv(12): compiling module 'ibex_fv'
[WARN (VERI-1060)] ./synthlc/i_MUL_out/xCoverAPerflocDiv/14_top.sv(499): 'initial' construct is ignored
[WARN (VDB-1002)] ./synthlc/i_MUL_out/xCoverAPerflocDiv/14_top.sv(81): net 'data_rdata_i[31]' does not have a driver
[WARN (VDB-1002)] ./synthlc/i_MUL_out/xCoverAPerflocDiv/14_top.sv(444): net 'pc0[31]' does not have a driver
[WARN (VDB-1002)] ./synthlc/i_MUL_out/xCoverAPerflocDiv/14_top.sv(448): net 'i0[31]' does not have a driver
WARNING (WNL008): Module "ibex_if_stage" is blackboxed due to analyze/elaborate bbox_m or compilation configuration. All instances will be blackboxed.
INFO (INL208): Elaboration synthesis summary:
  Number of synthesized netlists          24 (1 packages)
  Single run mode                         On
  Pipeline                                On (22 pipelined netlists)
  Late hierarchical reference connection  On
  Number of analyzed Verilog modules      24 (16 synthesized)
  Number of analyzed VHDL entities        0 (0 synthesized)
WARNING (VDB-1002): /home/users/cheriek/Documents/Formal_Method/final_project/ibex/rtl/ibex_if_stage.sv(87): net 'pc_id_o' does not have a driver
WARNING (WNL018): /home/users/cheriek/Documents/Formal_Method/final_project/ibex/rtl/ibex_multdiv_fast.sv(278): multiplication operator mult_17s_17s (size 34) automatically black boxed.
    Use the "elaborate -bbox_mul" command to prevent automatic black-boxing.
INFO (INL003): Clearing all state information (assumes, stopats, and so forth).
INFO (IPM031): Clearing proof results of all properties.
INFO (IRS006): Current reset condition is "rst_ni".
WARNING (WPM025): Property "ibex_fv.EVENTUAL_ISSUE:precondition1", a related cover of "ibex_fv.EVENTUAL_ISSUE", was not copied to the new task.
WARNING (WPM025): Property "ibex_fv.EXE_IUV:precondition1", a related cover of "ibex_fv.EXE_IUV", was not copied to the new task.
WARNING (WPM025): Property "ibex_fv.IF_ID_CONTRACT:precondition1", a related cover of "ibex_fv.IF_ID_CONTRACT", was not copied to the new task.
WARNING (WPM025): Property "ibex_fv.ISSUE_ONCE:precondition1", a related cover of "ibex_fv.ISSUE_ONCE", was not copied to the new task.
WARNING (WPM025): Property "ibex_fv.VALID_INSTN:precondition1", a related cover of "ibex_fv.VALID_INSTN", was not copied to the new task.
WARNING (WPM025): Property "ibex_fv.pc0_i0_assoc:precondition1", a related cover of "ibex_fv.pc0_i0_assoc", was not copied to the new task.
==============================================================
CHECK ASSUMPTION....
==============================================================
WARNING (WPM042): No properties matched the specified filters.
INFO (IPF036): Starting proof on task: "mytask", 1 properties to prove with 0 already proven/unreachable
INFO (IRS029): Starting reset analysis: phase 1 of 4.
INFO (IRS030): Running reset analysis: phase 2 of 4.
INFO (IRS031): Running reset analysis: phase 3 of 4.
INFO (IRS020): Starting the reset analysis simulation with a limit of 100 iterations (phase 4 of 4).
INFO (IRS024): Reset iterations 0 to 4 analyzed.
INFO (IRS018): Reset analysis simulation executed for 3 iterations. Assigned values for 1832 of 1906 design flops, 0 of 0 design latches, 165 of 296 internal elements.
INFO (IRS039): Reset analysis complete.
INFO (IPF031): Settings used for proof thread 0:
    orchestration                 = off
    time_limit                    = 900s
    per_property_time_limit       = 300s * 10 ^ scan
    engine_mode                   = Q1 Q2 Q3 
    proofgrid_per_engine_max_jobs = 1
    max engine jobs               = Q1 Q2 Q3, total 3
    proofgrid_mode                = local
    proofgrid_restarts            = 10
0: Using multistage preprocessing
0: Starting reduce
0: Finished reduce in 0.043s
0.0.PRE: Performing Proof Simplification...
0.0.Q1: clocks: 1, declared: 1, looping: 0, posedge: 1, negedge: 0, noedge: 0, bothedge: 0
0.0.Q1: Proof Simplification Iteration 1	[0.00 s]
0.0.Q1: Proof Simplification Iteration 2	[0.04 s]
0.0.Q1: Proof Simplification Iteration 3	[0.06 s]
0.0.Q1: Proof Simplification Iteration 4	[0.08 s]
0.0.Q1: Proof Simplification Iteration 5	[0.10 s]
0.0.Q1: Proof Simplification Iteration 6	[0.11 s]
0.0.Q1: Proof Simplification Iteration 7	[0.13 s]
0.0.Q1: Proof Simplification Iteration 8	[0.15 s]
0.0.Q1: Proof Simplification Iteration 9	[0.17 s]
0.0.Q1: Proof Simplification Iteration 10	[0.19 s]
0.0.PRE: Proof Simplification completed in 0.23 s
0: About to start ProofGrid in its own thread with a limit of 10000 pending notifications and a limit of 10 traces.
0: =============================== ProofGrid start ===============================
0: ProofGrid usable level: 4294967295
0: Initial ProofGrid level: 1
0: ProofGrid is starting event handling
0.0.Q2: caddy12.stanford.edu: "Rocky Linux 8.10 (Green Obsidian)" is an unsupported operating system.
0.0.Q1: caddy12.stanford.edu: "Rocky Linux 8.10 (Green Obsidian)" is an unsupported operating system.
0.0.Q3: caddy12.stanford.edu: "Rocky Linux 8.10 (Green Obsidian)" is an unsupported operating system.
0.0.Q1: Proofgrid shell started at 3045957@caddy12.stanford.edu(local) jg_3045794_caddy12.stanford.edu_1
0.0.Q2: Proofgrid shell started at 3045958@caddy12.stanford.edu(local) jg_3045794_caddy12.stanford.edu_1
0.0.Q3: Proofgrid shell started at 3045959@caddy12.stanford.edu(local) jg_3045794_caddy12.stanford.edu_1
0.0.Q2: clocks: 1, declared: 1, looping: 0, posedge: 1, negedge: 0, noedge: 0, bothedge: 0
0.0.Q3: clocks: 1, declared: 1, looping: 0, posedge: 1, negedge: 0, noedge: 0, bothedge: 0
0.0.Q1: clocks: 1, declared: 1, looping: 0, posedge: 1, negedge: 0, noedge: 0, bothedge: 0
0.0.Q3: Seed 7, 50%
0.0.Q1: Trace Attempt  1	[0.01 s]
0.0.Q2: Trace Attempt  1	[0.03 s]
0.0.Q3: Trace Attempt  1	[0.04 s]
0.0.Q1: Cycle 1, State Sig: 1c29b52b
0.0.Q1: Trace Attempt  2	[0.04 s]
0.0.Q2: Trace Attempt  2	[0.05 s]
0.0.Q2: Trace Attempt  3	[0.06 s]
0.0.Q1: Cycle 2, State Sig: 8470572a
0.0.Q2: Trace Attempt  4	[0.07 s]
0.0.Q1: Trace Attempt  3	[0.07 s]
0.0.Q3: Cycle 1, State Sig: b04ba2c2
0.0.Q3: Trace Attempt  2	[0.07 s]
0.0.Q3: Cycle 2, State Sig: f9e48ad6
0.0.Q3: Trace Attempt  3	[0.08 s]
0.0.Q3: Trace Attempt  4	[0.08 s]
0.0.Q3: Cycle 4, State Sig: 64b03565
0.0.Q3: Trace Attempt  5	[0.08 s]
0.0.Q3: Cycle 8, State Sig: 6e1b9d1a
0.0.Q2: Trace Attempt  5	[0.09 s]
0.0.Q3: Cycle 16, State Sig: fb7e2ef1
0.0.Q3: Cycle 32, State Sig: 45c1b3c
0.0.Q1: Trace Attempt  4	[0.11 s]
0.0.Q3: Cycle 64, State Sig: 2d6a4ef
0.0.Q1: Cycle 4, State Sig: 82ef2b22
0.0.Q1: Trace Attempt  5	[0.14 s]
0.0.Q3: Cycle 128, State Sig: da37d076
0.0.Q3: Restart 1, Seed 442f47bfdf61f4d5, 50.0%
0.0.Q3: Trace Attempt  1	[0.30 s]
0.0.Q3: Trace Attempt  2	[0.30 s]
0.0.Q3: Trace Attempt  3	[0.30 s]
0.0.Q3: Trace Attempt  4	[0.30 s]
0.0.Q3: Trace Attempt  5	[0.30 s]
0.0.Q1: Cycle 8, State Sig: 282fc2f2
0.0.Q3: Restart 2, Seed d67e2d697a6f20d0, 50.0%
0.0.Q3: Trace Attempt  1	[0.52 s]
0.0.Q3: Trace Attempt  2	[0.52 s]
0.0.Q3: Trace Attempt  3	[0.52 s]
0.0.Q3: Trace Attempt  4	[0.52 s]
0.0.Q3: Trace Attempt  5	[0.52 s]
0.0.Q3: Restart 3, Seed 17c6a6b1fe3bfdc, 50.0%
0.0.Q3: Trace Attempt  1	[0.74 s]
0.0.Q3: Trace Attempt  2	[0.74 s]
0.0.Q3: Trace Attempt  3	[0.74 s]
0.0.Q3: Trace Attempt  4	[0.74 s]
0.0.Q3: Trace Attempt  5	[0.74 s]
0.0.Q3: Restart 4, Seed e95840bb2d11e468, 50.0%
0.0.Q3: Trace Attempt  1	[0.97 s]
0.0.Q3: Trace Attempt  2	[0.97 s]
0.0.Q3: Trace Attempt  3	[0.97 s]
0.0.Q3: Trace Attempt  4	[0.97 s]
0.0.Q3: Trace Attempt  5	[0.97 s]
0.0.Q3: Restart 5, Seed 9f28c08b180c73be, 50.0%
0.0.Q3: Trace Attempt  1	[1.19 s]
0.0.Q3: Trace Attempt  2	[1.19 s]
0.0.Q3: Trace Attempt  3	[1.19 s]
0.0.Q3: Trace Attempt  4	[1.20 s]
0.0.Q3: Trace Attempt  5	[1.20 s]
0.0.Q3: Restart 6, Seed 5e3438a43bb3bf83, 50.0%
0.0.Q3: Trace Attempt  1	[1.42 s]
0.0.Q3: Trace Attempt  2	[1.42 s]
0.0.Q3: Trace Attempt  3	[1.42 s]
0.0.Q3: Trace Attempt  4	[1.42 s]
0.0.Q3: Trace Attempt  5	[1.42 s]
0.0.Q1: Cycle 16, State Sig: 41e23f08
0.0.Q3: Restart 7, Seed 73b63c07f7722fae, 50.0%
0.0.Q3: Trace Attempt  1	[1.65 s]
0.0.Q3: Trace Attempt  2	[1.65 s]
0.0.Q3: Trace Attempt  3	[1.65 s]
0.0.Q3: Trace Attempt  4	[1.65 s]
0.0.Q3: Trace Attempt  5	[1.65 s]
0.0.Q3: Restart 8, Seed d776d958071f4db5, 50.0%
0.0.Q3: Trace Attempt  1	[1.87 s]
0.0.Q3: Trace Attempt  2	[1.87 s]
0.0.Q3: Trace Attempt  3	[1.87 s]
0.0.Q3: Trace Attempt  4	[1.88 s]
0.0.Q3: Trace Attempt  5	[1.88 s]
0.0.Q3: Restart 9, Seed d943116a20134501, 50.0%
0.0.Q3: Trace Attempt  1	[2.10 s]
0.0.Q3: Trace Attempt  2	[2.10 s]
0.0.Q3: Trace Attempt  3	[2.10 s]
0.0.Q3: Trace Attempt  4	[2.10 s]
0.0.Q3: Trace Attempt  5	[2.10 s]
0.0.Q3: Restart 10, Seed 93e6892523818309, 50.0%
0.0.Q3: Trace Attempt  1	[2.33 s]
0.0.Q3: Trace Attempt  2	[2.33 s]
0.0.Q3: Trace Attempt  3	[2.33 s]
0.0.Q3: Trace Attempt  4	[2.33 s]
0.0.Q3: Trace Attempt  5	[2.33 s]
0.0.Q3: Restart 11, Seed 904a17a470dae381, 50.0%
0.0.Q3: Trace Attempt  1	[2.56 s]
0.0.Q3: Trace Attempt  2	[2.56 s]
0.0.Q3: Trace Attempt  3	[2.56 s]
0.0.Q3: Trace Attempt  4	[2.56 s]
0.0.Q3: Trace Attempt  5	[2.56 s]
0.0.Q3: Restart 12, Seed a43c98a218aeb0c3, 50.0%
0.0.Q3: Trace Attempt  1	[2.78 s]
0.0.Q3: Trace Attempt  2	[2.79 s]
0.0.Q3: Trace Attempt  3	[2.79 s]
0.0.Q3: Trace Attempt  4	[2.79 s]
0.0.Q3: Trace Attempt  5	[2.79 s]
0.0.Q3: Restart 13, Seed 3002991d86f6a4b3, 50.0%
0.0.Q3: Trace Attempt  1	[3.01 s]
0.0.Q3: Trace Attempt  2	[3.01 s]
0.0.Q3: Trace Attempt  3	[3.02 s]
0.0.Q3: Trace Attempt  4	[3.02 s]
0.0.Q3: Trace Attempt  5	[3.02 s]
0.0.Q3: Restart 14, Seed 91ac5b55b609435f, 50.0%
0.0.Q3: Trace Attempt  1	[3.24 s]
0.0.Q3: Trace Attempt  2	[3.25 s]
0.0.Q3: Trace Attempt  3	[3.25 s]
0.0.Q3: Trace Attempt  4	[3.25 s]
0.0.Q3: Trace Attempt  5	[3.25 s]
0.0.Q3: Restart 15, Seed ed9c8db5b22ecab4, 50.0%
0.0.Q3: Trace Attempt  1	[3.47 s]
0.0.Q3: Trace Attempt  2	[3.47 s]
0.0.Q3: Trace Attempt  3	[3.47 s]
0.0.Q3: Trace Attempt  4	[3.47 s]
0.0.Q3: Trace Attempt  5	[3.48 s]
0.0.Q3: Restart 16, Seed 7dfcdf4a21342875, 50.0%
0.0.Q3: Trace Attempt  1	[3.73 s]
0.0.Q3: Trace Attempt  2	[3.73 s]
0.0.Q3: Trace Attempt  3	[3.73 s]
0.0.Q3: Trace Attempt  4	[3.73 s]
0.0.Q3: Trace Attempt  5	[3.73 s]
0.0.Q1: Cycle 32, State Sig: 5dc1fc3d
0.0.Q3: Restart 17, Seed 4f1478596f67b304, 50.0%
0.0.Q3: Trace Attempt  1	[4.00 s]
0.0.Q3: Trace Attempt  2	[4.00 s]
0.0.Q3: Trace Attempt  3	[4.00 s]
0.0.Q3: Trace Attempt  4	[4.00 s]
0.0.Q3: Trace Attempt  5	[4.00 s]
0.0.Q2: Trace Attempt 144	[4.11 s]
0.0.Q1: Trace Attempt 35	[4.26 s]
0.0.Q3: Restart 18, Seed 83c4838d45026639, 50.0%
0.0.Q3: Trace Attempt  1	[4.27 s]
0.0.Q3: Trace Attempt  2	[4.27 s]
0.0.Q3: Trace Attempt  3	[4.27 s]
0.0.Q3: Trace Attempt  4	[4.27 s]
0.0.Q3: Trace Attempt  5	[4.28 s]
0.0.Q3: Restart 19, Seed e63aad0e04b5fdcd, 50.0%
0.0.Q3: Trace Attempt  1	[4.54 s]
0.0.Q3: Trace Attempt  2	[4.54 s]
0.0.Q3: Trace Attempt  3	[4.54 s]
0.0.Q3: Trace Attempt  4	[4.55 s]
0.0.Q3: Trace Attempt  5	[4.55 s]
0.0.Q3: Restart 20, Seed 3ba37702b754684a, 50.0%
0.0.Q3: Trace Attempt  1	[4.81 s]
0.0.Q3: Trace Attempt  2	[4.82 s]
0.0.Q3: Trace Attempt  3	[4.82 s]
0.0.Q3: Trace Attempt  4	[4.82 s]
0.0.Q3: Trace Attempt  5	[4.82 s]
0.0.Q3: Restart 21, Seed 804b08f399ede6ff, 50.0%
0.0.Q3: Trace Attempt  1	[5.09 s]
0.0.Q3: Trace Attempt  2	[5.09 s]
0.0.Q3: Trace Attempt  3	[5.09 s]
0.0.Q3: Trace Attempt  4	[5.09 s]
0.0.Q3: Trace Attempt  5	[5.09 s]
0.0.Q3: Restart 22, Seed 7ee17e39f35ada04, 50.0%
0.0.Q3: Trace Attempt  1	[5.36 s]
0.0.Q3: Trace Attempt  2	[5.36 s]
0.0.Q3: Trace Attempt  3	[5.37 s]
0.0.Q3: Trace Attempt  4	[5.37 s]
0.0.Q3: Trace Attempt  5	[5.37 s]
0.0.Q3: Restart 23, Seed e4f868a675db3f2a, 50.0%
0.0.Q3: Trace Attempt  1	[5.64 s]
0.0.Q3: Trace Attempt  2	[5.64 s]
0.0.Q3: Trace Attempt  3	[5.64 s]
0.0.Q3: Trace Attempt  4	[5.64 s]
0.0.Q3: Trace Attempt  5	[5.64 s]
0.0.Q3: Restart 24, Seed 2dc0a49a61f3358c, 50.0%
0.0.Q3: Trace Attempt  1	[5.91 s]
0.0.Q3: Trace Attempt  2	[5.91 s]
0.0.Q3: Trace Attempt  3	[5.91 s]
0.0.Q3: Trace Attempt  4	[5.91 s]
0.0.Q3: Trace Attempt  5	[5.92 s]
0.0.Q3: Restart 25, Seed 7c8e5d8d80966326, 50.0%
0.0.Q3: Trace Attempt  1	[6.18 s]
0.0.Q3: Trace Attempt  2	[6.19 s]
0.0.Q3: Trace Attempt  3	[6.19 s]
0.0.Q3: Trace Attempt  4	[6.19 s]
0.0.Q3: Trace Attempt  5	[6.19 s]
0.0.Q3: Restart 26, Seed 1ae1a8e2b084a5c4, 50.0%
0.0.Q3: Trace Attempt  1	[6.45 s]
0.0.Q3: Trace Attempt  2	[6.45 s]
0.0.Q3: Trace Attempt  3	[6.45 s]
0.0.Q3: Trace Attempt  4	[6.45 s]
0.0.Q3: Trace Attempt  5	[6.46 s]
0.0.Q3: Restart 27, Seed dc4b2bf4ab9a5523, 50.0%
0.0.Q3: Trace Attempt  1	[6.72 s]
0.0.Q3: Trace Attempt  2	[6.72 s]
0.0.Q3: Trace Attempt  3	[6.72 s]
0.0.Q3: Trace Attempt  4	[6.72 s]
0.0.Q3: Trace Attempt  5	[6.72 s]
0.0.Q3: Restart 28, Seed 24c6225c3d5473e3, 50.0%
0.0.Q3: Trace Attempt  1	[6.98 s]
0.0.Q3: Trace Attempt  2	[6.98 s]
0.0.Q3: Trace Attempt  3	[6.98 s]
0.0.Q3: Trace Attempt  4	[6.99 s]
0.0.Q3: Trace Attempt  5	[6.99 s]
0.0.Q3: Restart 29, Seed 9f791a754116eecf, 50.0%
0.0.Q3: Trace Attempt  1	[7.25 s]
0.0.Q3: Trace Attempt  2	[7.25 s]
0.0.Q3: Trace Attempt  3	[7.25 s]
0.0.Q3: Trace Attempt  4	[7.25 s]
0.0.Q3: Trace Attempt  5	[7.25 s]
0.0.Q3: Restart 30, Seed 8ab83f78c443ec14, 50.0%
0.0.Q3: Trace Attempt  1	[7.51 s]
0.0.Q3: Trace Attempt  2	[7.51 s]
0.0.Q3: Trace Attempt  3	[7.51 s]
0.0.Q3: Trace Attempt  4	[7.52 s]
0.0.Q3: Trace Attempt  5	[7.52 s]
0.0.Q3: Restart 31, Seed c44b42ee952a22d4, 50.0%
0.0.Q3: Trace Attempt  1	[7.78 s]
0.0.Q3: Trace Attempt  2	[7.78 s]
0.0.Q3: Trace Attempt  3	[7.78 s]
0.0.Q3: Trace Attempt  4	[7.78 s]
0.0.Q3: Trace Attempt  5	[7.78 s]
0.0.Q3: Restart 32, Seed 974639de51167420, 50.0%
0.0.Q3: Trace Attempt  1	[8.04 s]
0.0.Q3: Trace Attempt  2	[8.04 s]
0.0.Q3: Trace Attempt  3	[8.05 s]
0.0.Q3: Trace Attempt  4	[8.05 s]
0.0.Q3: Trace Attempt  5	[8.05 s]
0.0.Q2: Trace Attempt 247	[8.13 s]
0.0.Q3: Restart 33, Seed 935eb01399890d91, 50.0%
0.0.Q3: Trace Attempt  1	[8.31 s]
0.0.Q3: Trace Attempt  2	[8.31 s]
0.0.Q3: Trace Attempt  3	[8.31 s]
0.0.Q3: Trace Attempt  4	[8.31 s]
0.0.Q3: Trace Attempt  5	[8.31 s]
0.0.Q1: Trace Attempt 51	[8.47 s]
0.0.Q3: Restart 34, Seed 9eeda26952bd0428, 50.0%
0.0.Q3: Trace Attempt  1	[8.58 s]
0.0.Q3: Trace Attempt  2	[8.58 s]
0.0.Q3: Trace Attempt  3	[8.58 s]
0.0.Q3: Trace Attempt  4	[8.58 s]
0.0.Q3: Trace Attempt  5	[8.58 s]
0.0.Q3: Restart 35, Seed 792f9f8bba0f495c, 50.0%
0.0.Q3: Trace Attempt  1	[8.84 s]
0.0.Q3: Trace Attempt  2	[8.84 s]
0.0.Q3: Trace Attempt  3	[8.84 s]
0.0.Q3: Trace Attempt  4	[8.85 s]
0.0.Q3: Trace Attempt  5	[8.85 s]
0.0.Q3: Restart 36, Seed 34be3ca95eff848e, 50.0%
0.0.Q3: Trace Attempt  1	[9.11 s]
0.0.Q3: Trace Attempt  2	[9.11 s]
0.0.Q3: Trace Attempt  3	[9.11 s]
0.0.Q3: Trace Attempt  4	[9.11 s]
0.0.Q3: Trace Attempt  5	[9.11 s]
0.0.Q3: Restart 37, Seed 15936e8fe8d30a74, 50.0%
0.0.Q3: Trace Attempt  1	[9.38 s]
0.0.Q3: Trace Attempt  2	[9.38 s]
0.0.Q3: Trace Attempt  3	[9.38 s]
0.0.Q3: Trace Attempt  4	[9.38 s]
0.0.Q3: Trace Attempt  5	[9.38 s]
0.0.Q3: Restart 38, Seed 9be7f0b1f2b66481, 50.0%
0.0.Q3: Trace Attempt  1	[9.65 s]
0.0.Q3: Trace Attempt  2	[9.65 s]
0.0.Q3: Trace Attempt  3	[9.65 s]
0.0.Q3: Trace Attempt  4	[9.65 s]
0.0.Q3: Trace Attempt  5	[9.65 s]
0.0.Q3: Restart 39, Seed de3688ff6d26b46a, 50.0%
0.0.Q3: Trace Attempt  1	[9.92 s]
0.0.Q3: Trace Attempt  2	[9.92 s]
0.0.Q3: Trace Attempt  3	[9.92 s]
0.0.Q3: Trace Attempt  4	[9.92 s]
0.0.Q3: Trace Attempt  5	[9.92 s]
0.0.Q3: Restart 40, Seed edbc75677ac6af4, 50.0%
0.0.Q3: Trace Attempt  1	[10.19 s]
0.0.Q3: Trace Attempt  2	[10.19 s]
0.0.Q3: Trace Attempt  3	[10.19 s]
0.0.Q3: Trace Attempt  4	[10.19 s]
0.0.Q3: Trace Attempt  5	[10.19 s]
0.0.Q3: Restart 41, Seed a30a0f4c14f9f41e, 50.0%
0.0.Q3: Trace Attempt  1	[10.46 s]
0.0.Q3: Trace Attempt  2	[10.46 s]
0.0.Q3: Trace Attempt  3	[10.46 s]
0.0.Q3: Trace Attempt  4	[10.46 s]
0.0.Q3: Trace Attempt  5	[10.46 s]
0.0.Q3: Restart 42, Seed 788e0e07789a5133, 50.0%
0.0.Q3: Trace Attempt  1	[10.73 s]
0.0.Q3: Trace Attempt  2	[10.73 s]
0.0.Q3: Trace Attempt  3	[10.73 s]
0.0.Q3: Trace Attempt  4	[10.73 s]
0.0.Q3: Trace Attempt  5	[10.74 s]
0.0.Q3: Restart 43, Seed e0b59a6a8e8aadf7, 50.0%
0.0.Q3: Trace Attempt  1	[11.00 s]
0.0.Q3: Trace Attempt  2	[11.00 s]
0.0.Q3: Trace Attempt  3	[11.01 s]
0.0.Q3: Trace Attempt  4	[11.01 s]
0.0.Q3: Trace Attempt  5	[11.01 s]
0.0.Q3: Restart 44, Seed 5c9ce93b86f3f7bd, 50.0%
0.0.Q3: Trace Attempt  1	[11.28 s]
0.0.Q3: Trace Attempt  2	[11.28 s]
0.0.Q3: Trace Attempt  3	[11.28 s]
0.0.Q3: Trace Attempt  4	[11.28 s]
0.0.Q3: Trace Attempt  5	[11.28 s]
0.0.Q3: Restart 45, Seed e720b142b7d03f35, 50.0%
0.0.Q3: Trace Attempt  1	[11.55 s]
0.0.Q3: Trace Attempt  2	[11.55 s]
0.0.Q3: Trace Attempt  3	[11.55 s]
0.0.Q3: Trace Attempt  4	[11.55 s]
0.0.Q3: Trace Attempt  5	[11.55 s]
0.0.Q3: Restart 46, Seed 3e84c6d3407153b0, 50.0%
0.0.Q3: Trace Attempt  1	[11.82 s]
0.0.Q3: Trace Attempt  2	[11.82 s]
0.0.Q3: Trace Attempt  3	[11.82 s]
0.0.Q3: Trace Attempt  4	[11.82 s]
0.0.Q3: Trace Attempt  5	[11.82 s]
0.0.Q3: Restart 47, Seed c919fb65570e15cb, 50.0%
0.0.Q3: Trace Attempt  1	[12.09 s]
0.0.Q3: Trace Attempt  2	[12.09 s]
0.0.Q3: Trace Attempt  3	[12.09 s]
0.0.Q3: Trace Attempt  4	[12.09 s]
0.0.Q3: Trace Attempt  5	[12.10 s]
0.0.Q2: Trace Attempt 333	[12.16 s]
0.0.Q3: Restart 48, Seed e7c1c54998d6dd8d, 50.0%
0.0.Q3: Trace Attempt  1	[12.36 s]
0.0.Q3: Trace Attempt  2	[12.36 s]
0.0.Q3: Trace Attempt  3	[12.36 s]
0.0.Q3: Trace Attempt  4	[12.37 s]
0.0.Q3: Trace Attempt  5	[12.37 s]
0.0.Q3: Restart 49, Seed e96f4b11b4ed1a52, 50.0%
0.0.Q3: Trace Attempt  1	[12.63 s]
0.0.Q3: Trace Attempt  2	[12.63 s]
0.0.Q3: Trace Attempt  3	[12.63 s]
0.0.Q3: Trace Attempt  4	[12.64 s]
0.0.Q3: Trace Attempt  5	[12.64 s]
0.0.Q3: Restart 50, Seed 87e473b1f7d75344, 50.0%
0.0.Q3: Trace Attempt  1	[12.90 s]
0.0.Q3: Trace Attempt  2	[12.90 s]
0.0.Q3: Trace Attempt  3	[12.91 s]
0.0.Q3: Trace Attempt  4	[12.91 s]
0.0.Q3: Trace Attempt  5	[12.91 s]
0.0.Q3: Restart 51, Seed ad2f6d3b91d8d33c, 50.0%
0.0.Q3: Trace Attempt  1	[13.18 s]
0.0.Q3: Trace Attempt  2	[13.18 s]
0.0.Q3: Trace Attempt  3	[13.18 s]
0.0.Q3: Trace Attempt  4	[13.18 s]
0.0.Q3: Trace Attempt  5	[13.18 s]
0.0.Q3: Restart 52, Seed e5b65766bb0ef6e2, 50.0%
0.0.Q3: Trace Attempt  1	[13.45 s]
0.0.Q3: Trace Attempt  2	[13.45 s]
0.0.Q3: Trace Attempt  3	[13.45 s]
0.0.Q3: Trace Attempt  4	[13.45 s]
0.0.Q3: Trace Attempt  5	[13.45 s]
0.0.Q3: Restart 53, Seed f6aaae8ebc4ee9d2, 50.0%
0.0.Q3: Trace Attempt  1	[13.72 s]
0.0.Q3: Trace Attempt  2	[13.72 s]
0.0.Q3: Trace Attempt  3	[13.72 s]
0.0.Q3: Trace Attempt  4	[13.72 s]
0.0.Q3: Trace Attempt  5	[13.72 s]
0.0.Q3: Restart 54, Seed be08331451016c4, 50.0%
0.0.Q3: Trace Attempt  1	[13.99 s]
0.0.Q3: Trace Attempt  2	[13.99 s]
0.0.Q3: Trace Attempt  3	[13.99 s]
0.0.Q3: Trace Attempt  4	[13.99 s]
0.0.Q3: Trace Attempt  5	[14.00 s]
0.0.Q3: Restart 55, Seed bab2569f0ea442b5, 50.0%
0.0.Q3: Trace Attempt  1	[14.26 s]
0.0.Q3: Trace Attempt  2	[14.26 s]
0.0.Q3: Trace Attempt  3	[14.27 s]
0.0.Q3: Trace Attempt  4	[14.27 s]
0.0.Q3: Trace Attempt  5	[14.27 s]
0.0.Q3: Restart 56, Seed a1db249c9980cf7e, 50.0%
0.0.Q3: Trace Attempt  1	[14.54 s]
0.0.Q3: Trace Attempt  2	[14.54 s]
0.0.Q3: Trace Attempt  3	[14.54 s]
0.0.Q3: Trace Attempt  4	[14.54 s]
0.0.Q3: Trace Attempt  5	[14.54 s]
0.0.Q3: Restart 57, Seed 2c4cb801c4997976, 50.0%
0.0.Q3: Trace Attempt  1	[14.81 s]
0.0.Q3: Trace Attempt  2	[14.81 s]
0.0.Q3: Trace Attempt  3	[14.81 s]
0.0.Q3: Trace Attempt  4	[14.81 s]
0.0.Q3: Trace Attempt  5	[14.81 s]
0.0.Q3: Restart 58, Seed 4ad09291b8c39be0, 50.0%
0.0.Q3: Trace Attempt  1	[15.08 s]
0.0.Q3: Trace Attempt  2	[15.08 s]
0.0.Q3: Trace Attempt  3	[15.08 s]
0.0.Q3: Trace Attempt  4	[15.08 s]
0.0.Q3: Trace Attempt  5	[15.08 s]
0.0.Q3: Restart 59, Seed 1715a8cb4424cc46, 50.0%
0.0.Q3: Trace Attempt  1	[15.35 s]
0.0.Q3: Trace Attempt  2	[15.35 s]
0.0.Q3: Trace Attempt  3	[15.35 s]
0.0.Q3: Trace Attempt  4	[15.35 s]
0.0.Q3: Trace Attempt  5	[15.36 s]
0.0.Q3: Restart 60, Seed a166a74a08cee76e, 50.0%
0.0.Q3: Trace Attempt  1	[15.62 s]
0.0.Q3: Trace Attempt  2	[15.62 s]
0.0.Q3: Trace Attempt  3	[15.62 s]
0.0.Q3: Trace Attempt  4	[15.63 s]
0.0.Q3: Trace Attempt  5	[15.63 s]
0.0.Q3: Restart 61, Seed e21608dbec035d78, 50.0%
0.0.Q3: Trace Attempt  1	[15.89 s]
0.0.Q3: Trace Attempt  2	[15.90 s]
0.0.Q3: Trace Attempt  3	[15.90 s]
0.0.Q3: Trace Attempt  4	[15.90 s]
0.0.Q3: Trace Attempt  5	[15.90 s]
0.0.Q3: Restart 62, Seed 8aaba9fa0bdba8a2, 50.0%
0.0.Q3: Trace Attempt  1	[16.17 s]
0.0.Q3: Trace Attempt  2	[16.17 s]
0.0.Q3: Trace Attempt  3	[16.17 s]
0.0.Q3: Trace Attempt  4	[16.17 s]
0.0.Q3: Trace Attempt  5	[16.17 s]
0.0.Q2: Trace Attempt 413	[16.21 s]
0.0.Q3: Restart 63, Seed e30d2a694eb2b446, 50.0%
0.0.Q3: Trace Attempt  1	[16.44 s]
0.0.Q3: Trace Attempt  2	[16.44 s]
0.0.Q3: Trace Attempt  3	[16.44 s]
0.0.Q3: Trace Attempt  4	[16.44 s]
0.0.Q3: Trace Attempt  5	[16.44 s]
0.0.Q3: Restart 64, Seed 71059ac591facfa0, 50.0%
0.0.Q3: Trace Attempt  1	[16.71 s]
0.0.Q3: Trace Attempt  2	[16.71 s]
0.0.Q3: Trace Attempt  3	[16.71 s]
0.0.Q3: Trace Attempt  4	[16.71 s]
0.0.Q3: Trace Attempt  5	[16.72 s]
0.0.Q1: Trace Attempt 52	[16.74 s]
0.0.Q3: Restart 65, Seed 9e54833ab3e22a9e, 50.0%
0.0.Q3: Trace Attempt  1	[16.98 s]
0.0.Q3: Trace Attempt  2	[16.98 s]
0.0.Q3: Trace Attempt  3	[16.99 s]
0.0.Q3: Trace Attempt  4	[16.99 s]
0.0.Q3: Trace Attempt  5	[16.99 s]
0.0.Q3: Restart 66, Seed aff26ebf92edf6eb, 50.0%
0.0.Q3: Trace Attempt  1	[17.26 s]
0.0.Q3: Trace Attempt  2	[17.26 s]
0.0.Q3: Trace Attempt  3	[17.26 s]
0.0.Q3: Trace Attempt  4	[17.26 s]
0.0.Q3: Trace Attempt  5	[17.26 s]
0.0.Q3: Restart 67, Seed 329fcf3133226f35, 50.0%
0.0.Q3: Trace Attempt  1	[17.53 s]
0.0.Q3: Trace Attempt  2	[17.53 s]
0.0.Q3: Trace Attempt  3	[17.53 s]
0.0.Q3: Trace Attempt  4	[17.53 s]
0.0.Q3: Trace Attempt  5	[17.53 s]
0.0.Q3: Restart 68, Seed fd380ecf52fd254c, 50.0%
0.0.Q3: Trace Attempt  1	[17.80 s]
0.0.Q3: Trace Attempt  2	[17.80 s]
0.0.Q3: Trace Attempt  3	[17.80 s]
0.0.Q3: Trace Attempt  4	[17.80 s]
0.0.Q3: Trace Attempt  5	[17.80 s]
0.0.Q3: Restart 69, Seed 9ad0d3114e4082b, 50.0%
0.0.Q3: Trace Attempt  1	[18.07 s]
0.0.Q3: Trace Attempt  2	[18.07 s]
0.0.Q3: Trace Attempt  3	[18.07 s]
0.0.Q3: Trace Attempt  4	[18.07 s]
0.0.Q3: Trace Attempt  5	[18.08 s]
0.0.Q3: Restart 70, Seed 8994a65a9b4a29cc, 50.0%
0.0.Q3: Trace Attempt  1	[18.34 s]
0.0.Q3: Trace Attempt  2	[18.34 s]
0.0.Q3: Trace Attempt  3	[18.35 s]
0.0.Q3: Trace Attempt  4	[18.35 s]
0.0.Q3: Trace Attempt  5	[18.35 s]
0.0.Q3: Restart 71, Seed da63e06dfcd46fa3, 50.0%
0.0.Q3: Trace Attempt  1	[18.62 s]
0.0.Q3: Trace Attempt  2	[18.62 s]
0.0.Q3: Trace Attempt  3	[18.62 s]
0.0.Q3: Trace Attempt  4	[18.62 s]
0.0.Q3: Trace Attempt  5	[18.62 s]
0.0.Q3: Restart 72, Seed abe3881a0e378e33, 50.0%
0.0.Q3: Trace Attempt  1	[18.89 s]
0.0.Q3: Trace Attempt  2	[18.89 s]
0.0.Q3: Trace Attempt  3	[18.89 s]
0.0.Q3: Trace Attempt  4	[18.89 s]
0.0.Q3: Trace Attempt  5	[18.89 s]
0.0.Q3: Restart 73, Seed 855aa63879c599f3, 50.0%
0.0.Q3: Trace Attempt  1	[19.16 s]
0.0.Q3: Trace Attempt  2	[19.16 s]
0.0.Q3: Trace Attempt  3	[19.16 s]
0.0.Q3: Trace Attempt  4	[19.16 s]
0.0.Q3: Trace Attempt  5	[19.17 s]
0.0.Q3: Restart 74, Seed f1ec9539aa11bd4b, 50.0%
0.0.Q3: Trace Attempt  1	[19.43 s]
0.0.Q3: Trace Attempt  2	[19.44 s]
0.0.Q3: Trace Attempt  3	[19.44 s]
0.0.Q3: Trace Attempt  4	[19.44 s]
0.0.Q3: Trace Attempt  5	[19.44 s]
0.0.Q3: Restart 75, Seed 3ed9f81fb62a6b39, 50.0%
0.0.Q3: Trace Attempt  1	[19.71 s]
0.0.Q3: Trace Attempt  2	[19.71 s]
0.0.Q3: Trace Attempt  3	[19.71 s]
0.0.Q3: Trace Attempt  4	[19.71 s]
0.0.Q3: Trace Attempt  5	[19.71 s]
0.0.Q3: Restart 76, Seed 5f1b4c3e6a519c82, 50.0%
0.0.Q3: Trace Attempt  1	[19.98 s]
0.0.Q3: Trace Attempt  2	[19.98 s]
0.0.Q3: Trace Attempt  3	[19.98 s]
0.0.Q3: Trace Attempt  4	[19.98 s]
0.0.Q3: Trace Attempt  5	[19.98 s]
0.0.Q2: Trace Attempt 489	[20.23 s]
0.0.Q3: Restart 77, Seed 3473cbefe34fea71, 50.0%
0.0.Q3: Trace Attempt  1	[20.25 s]
0.0.Q3: Trace Attempt  2	[20.25 s]
0.0.Q3: Trace Attempt  3	[20.25 s]
0.0.Q3: Trace Attempt  4	[20.25 s]
0.0.Q3: Trace Attempt  5	[20.25 s]
0.0.Q3: Restart 78, Seed fac78f6d088fcd4e, 50.0%
0.0.Q3: Trace Attempt  1	[20.52 s]
0.0.Q3: Trace Attempt  2	[20.52 s]
0.0.Q3: Trace Attempt  3	[20.52 s]
0.0.Q3: Trace Attempt  4	[20.52 s]
0.0.Q3: Trace Attempt  5	[20.52 s]
0.0.Q3: Restart 79, Seed 7fd0922dbf8dc555, 50.0%
0.0.Q3: Trace Attempt  1	[20.79 s]
0.0.Q3: Trace Attempt  2	[20.79 s]
0.0.Q3: Trace Attempt  3	[20.79 s]
0.0.Q3: Trace Attempt  4	[20.79 s]
0.0.Q3: Trace Attempt  5	[20.79 s]
0.0.Q1: Cycle 64, State Sig: 268518ce
0.0.Q1: Trace Attempt 65	[20.85 s]
0.0.Q3: Restart 80, Seed 76baeb1cf7310f2c, 50.0%
0.0.Q3: Trace Attempt  1	[21.06 s]
0.0.Q3: Trace Attempt  2	[21.06 s]
0.0.Q3: Trace Attempt  3	[21.06 s]
0.0.Q3: Trace Attempt  4	[21.06 s]
0.0.Q3: Trace Attempt  5	[21.06 s]
0.0.Q3: Restart 81, Seed 473fbdbbe99c8c25, 50.0%
0.0.Q3: Trace Attempt  1	[21.33 s]
0.0.Q3: Trace Attempt  2	[21.33 s]
0.0.Q3: Trace Attempt  3	[21.33 s]
0.0.Q3: Trace Attempt  4	[21.33 s]
0.0.Q3: Trace Attempt  5	[21.33 s]
0.0.Q3: Restart 82, Seed abffb22f7d3b3468, 50.0%
0.0.Q3: Trace Attempt  1	[21.60 s]
0.0.Q3: Trace Attempt  2	[21.60 s]
0.0.Q3: Trace Attempt  3	[21.60 s]
0.0.Q3: Trace Attempt  4	[21.60 s]
0.0.Q3: Trace Attempt  5	[21.61 s]
0.0.Q3: Restart 83, Seed d71aec89416784f0, 50.0%
0.0.Q3: Trace Attempt  1	[21.87 s]
0.0.Q3: Trace Attempt  2	[21.87 s]
0.0.Q3: Trace Attempt  3	[21.87 s]
0.0.Q3: Trace Attempt  4	[21.88 s]
0.0.Q3: Trace Attempt  5	[21.88 s]
0.0.Q3: Restart 84, Seed dba0f8298fef435, 50.0%
0.0.Q3: Trace Attempt  1	[22.14 s]
0.0.Q3: Trace Attempt  2	[22.14 s]
0.0.Q3: Trace Attempt  3	[22.14 s]
0.0.Q3: Trace Attempt  4	[22.15 s]
0.0.Q3: Trace Attempt  5	[22.15 s]
0.0.Q3: Restart 85, Seed 325dcf65ef68237e, 50.0%
0.0.Q3: Trace Attempt  1	[22.41 s]
0.0.Q3: Trace Attempt  2	[22.41 s]
0.0.Q3: Trace Attempt  3	[22.42 s]
0.0.Q3: Trace Attempt  4	[22.42 s]
0.0.Q3: Trace Attempt  5	[22.42 s]
0.0.Q3: Restart 86, Seed 38edb6a39b5c67, 50.0%
0.0.Q3: Trace Attempt  1	[22.69 s]
0.0.Q3: Trace Attempt  2	[22.69 s]
0.0.Q3: Trace Attempt  3	[22.69 s]
0.0.Q3: Trace Attempt  4	[22.69 s]
0.0.Q3: Trace Attempt  5	[22.69 s]
0.0.Q3: Restart 87, Seed e56a6a0480af8d04, 50.0%
0.0.Q3: Trace Attempt  1	[22.96 s]
0.0.Q3: Trace Attempt  2	[22.96 s]
0.0.Q3: Trace Attempt  3	[22.96 s]
0.0.Q3: Trace Attempt  4	[22.96 s]
0.0.Q3: Trace Attempt  5	[22.96 s]
0.0.Q3: Restart 88, Seed e2066414183fbda3, 50.0%
0.0.Q3: Trace Attempt  1	[23.23 s]
0.0.Q3: Trace Attempt  2	[23.23 s]
0.0.Q3: Trace Attempt  3	[23.23 s]
0.0.Q3: Trace Attempt  4	[23.23 s]
0.0.Q3: Trace Attempt  5	[23.23 s]
0.0.Q3: Restart 89, Seed 5a43cfbd9e593d5e, 50.0%
0.0.Q3: Trace Attempt  1	[23.50 s]
0.0.Q3: Trace Attempt  2	[23.50 s]
0.0.Q3: Trace Attempt  3	[23.50 s]
0.0.Q3: Trace Attempt  4	[23.50 s]
0.0.Q3: Trace Attempt  5	[23.50 s]
0.0.Q3: Restart 90, Seed 66a594dbc7c8a822, 50.0%
0.0.Q3: Trace Attempt  1	[23.77 s]
0.0.Q3: Trace Attempt  2	[23.77 s]
0.0.Q3: Trace Attempt  3	[23.77 s]
0.0.Q3: Trace Attempt  4	[23.77 s]
0.0.Q3: Trace Attempt  5	[23.77 s]
0.0.Q3: Restart 91, Seed be5dc12b721e8242, 50.0%
0.0.Q3: Trace Attempt  1	[24.04 s]
0.0.Q3: Trace Attempt  2	[24.04 s]
0.0.Q3: Trace Attempt  3	[24.04 s]
0.0.Q3: Trace Attempt  4	[24.05 s]
0.0.Q3: Trace Attempt  5	[24.05 s]
0.0.Q2: Trace Attempt 573	[24.26 s]
0.0.Q3: Restart 92, Seed df2cbac25a3ff536, 50.0%
0.0.Q3: Trace Attempt  1	[24.31 s]
0.0.Q3: Trace Attempt  2	[24.31 s]
0.0.Q3: Trace Attempt  3	[24.32 s]
0.0.Q3: Trace Attempt  4	[24.32 s]
0.0.Q3: Trace Attempt  5	[24.32 s]
0.0.Q3: Restart 93, Seed 71e174f40a488028, 50.0%
0.0.Q3: Trace Attempt  1	[24.58 s]
0.0.Q3: Trace Attempt  2	[24.59 s]
0.0.Q3: Trace Attempt  3	[24.59 s]
0.0.Q3: Trace Attempt  4	[24.59 s]
0.0.Q3: Trace Attempt  5	[24.59 s]
0.0.Q3: Restart 94, Seed 925a27c81bb39b35, 50.0%
0.0.Q3: Trace Attempt  1	[24.86 s]
0.0.Q3: Trace Attempt  2	[24.86 s]
0.0.Q3: Trace Attempt  3	[24.86 s]
0.0.Q3: Trace Attempt  4	[24.86 s]
0.0.Q3: Trace Attempt  5	[24.86 s]
0.0.Q1: Trace Attempt 76	[24.96 s]
0.0.Q3: Restart 95, Seed 3542e8819880c0c2, 50.0%
0.0.Q3: Trace Attempt  1	[25.13 s]
0.0.Q3: Trace Attempt  2	[25.13 s]
0.0.Q3: Trace Attempt  3	[25.13 s]
0.0.Q3: Trace Attempt  4	[25.13 s]
0.0.Q3: Trace Attempt  5	[25.13 s]
0.0.Q3: Restart 96, Seed 20df861423d8c0e9, 50.0%
0.0.Q3: Trace Attempt  1	[25.40 s]
0.0.Q3: Trace Attempt  2	[25.40 s]
0.0.Q3: Trace Attempt  3	[25.40 s]
0.0.Q3: Trace Attempt  4	[25.40 s]
0.0.Q3: Trace Attempt  5	[25.40 s]
0.0.Q3: Restart 97, Seed c690af3fa25dde1, 50.0%
0.0.Q3: Trace Attempt  1	[25.67 s]
0.0.Q3: Trace Attempt  2	[25.67 s]
0.0.Q3: Trace Attempt  3	[25.67 s]
0.0.Q3: Trace Attempt  4	[25.67 s]
0.0.Q3: Trace Attempt  5	[25.67 s]
0.0.Q3: Restart 98, Seed 31233b3ac866881, 50.0%
0.0.Q3: Trace Attempt  1	[25.94 s]
0.0.Q3: Trace Attempt  2	[25.94 s]
0.0.Q3: Trace Attempt  3	[25.94 s]
0.0.Q3: Trace Attempt  4	[25.94 s]
0.0.Q3: Trace Attempt  5	[25.94 s]
0.0.Q3: Restart 99, Seed fa95edace601d6a1, 50.0%
0.0.Q3: Trace Attempt  1	[26.21 s]
0.0.Q3: Trace Attempt  2	[26.21 s]
0.0.Q3: Trace Attempt  3	[26.21 s]
0.0.Q3: Trace Attempt  4	[26.21 s]
0.0.Q3: Trace Attempt  5	[26.21 s]
0.0.Q3: Restart 100, Seed cddd92439d957c3b, 50.0%
0.0.Q3: Trace Attempt  1	[26.48 s]
0.0.Q3: Trace Attempt  2	[26.48 s]
0.0.Q3: Trace Attempt  3	[26.48 s]
0.0.Q3: Trace Attempt  4	[26.48 s]
0.0.Q3: Trace Attempt  5	[26.48 s]
0.0.Q3: Restart 101, Seed 493efc9f000cd00c, 50.0%
0.0.Q3: Trace Attempt  1	[26.71 s]
0.0.Q3: Trace Attempt  2	[26.71 s]
0.0.Q3: Trace Attempt  3	[26.71 s]
0.0.Q3: Trace Attempt  4	[26.71 s]
0.0.Q3: Trace Attempt  5	[26.71 s]
0.0.Q3: Restart 102, Seed 8b8170413db8030, 50.0%
0.0.Q3: Trace Attempt  1	[26.94 s]
0.0.Q3: Trace Attempt  2	[26.94 s]
0.0.Q3: Trace Attempt  3	[26.94 s]
0.0.Q3: Trace Attempt  4	[26.95 s]
0.0.Q3: Trace Attempt  5	[26.95 s]
0.0.Q3: Restart 103, Seed 27189088ab118c24, 50.0%
0.0.Q3: Trace Attempt  1	[27.18 s]
0.0.Q3: Trace Attempt  2	[27.18 s]
0.0.Q3: Trace Attempt  3	[27.18 s]
0.0.Q3: Trace Attempt  4	[27.18 s]
0.0.Q3: Trace Attempt  5	[27.18 s]
0.0.Q3: Restart 104, Seed 7073b4bd61b3dd72, 50.0%
0.0.Q3: Trace Attempt  1	[27.41 s]
0.0.Q3: Trace Attempt  2	[27.41 s]
0.0.Q3: Trace Attempt  3	[27.41 s]
0.0.Q3: Trace Attempt  4	[27.41 s]
0.0.Q3: Trace Attempt  5	[27.41 s]
0.0.Q3: Restart 105, Seed b37f54111d35f66b, 50.0%
0.0.Q3: Trace Attempt  1	[27.64 s]
0.0.Q3: Trace Attempt  2	[27.64 s]
0.0.Q3: Trace Attempt  3	[27.64 s]
0.0.Q3: Trace Attempt  4	[27.64 s]
0.0.Q3: Trace Attempt  5	[27.65 s]
0.0.Q3: Restart 106, Seed b447dcfb920b3a04, 50.0%
0.0.Q3: Trace Attempt  1	[27.88 s]
0.0.Q3: Trace Attempt  2	[27.88 s]
0.0.Q3: Trace Attempt  3	[27.88 s]
0.0.Q3: Trace Attempt  4	[27.88 s]
0.0.Q3: Trace Attempt  5	[27.88 s]
0.0.Q3: Restart 107, Seed eca6077e301b1421, 50.0%
0.0.Q3: Trace Attempt  1	[28.11 s]
0.0.Q3: Trace Attempt  2	[28.11 s]
0.0.Q3: Trace Attempt  3	[28.11 s]
0.0.Q3: Trace Attempt  4	[28.11 s]
0.0.Q3: Trace Attempt  5	[28.11 s]
0.0.Q2: Trace Attempt 652	[28.27 s]
0.0.Q3: Restart 108, Seed 993ae517b49c8532, 50.0%
0.0.Q3: Trace Attempt  1	[28.34 s]
0.0.Q3: Trace Attempt  2	[28.34 s]
0.0.Q3: Trace Attempt  3	[28.35 s]
0.0.Q3: Trace Attempt  4	[28.35 s]
0.0.Q3: Trace Attempt  5	[28.35 s]
0.0.Q3: Restart 109, Seed b428181dd46c969e, 50.0%
0.0.Q3: Trace Attempt  1	[28.58 s]
0.0.Q3: Trace Attempt  2	[28.58 s]
0.0.Q3: Trace Attempt  3	[28.58 s]
0.0.Q3: Trace Attempt  4	[28.58 s]
0.0.Q3: Trace Attempt  5	[28.58 s]
0.0.Q3: Restart 110, Seed 54079b2124483151, 50.0%
0.0.Q3: Trace Attempt  1	[28.82 s]
0.0.Q3: Trace Attempt  2	[28.82 s]
0.0.Q3: Trace Attempt  3	[28.82 s]
0.0.Q3: Trace Attempt  4	[28.82 s]
0.0.Q3: Trace Attempt  5	[28.82 s]
0.0.Q3: Restart 111, Seed 925bb60eaae6cf64, 50.0%
0.0.Q3: Trace Attempt  1	[29.06 s]
0.0.Q3: Trace Attempt  2	[29.06 s]
0.0.Q3: Trace Attempt  3	[29.06 s]
0.0.Q3: Trace Attempt  4	[29.07 s]
0.0.Q3: Trace Attempt  5	[29.07 s]
0.0.Q3: Restart 112, Seed 77c4eff678b9982d, 50.0%
0.0.Q3: Trace Attempt  1	[29.31 s]
0.0.Q3: Trace Attempt  2	[29.31 s]
0.0.Q3: Trace Attempt  3	[29.31 s]
0.0.Q3: Trace Attempt  4	[29.31 s]
0.0.Q3: Trace Attempt  5	[29.31 s]
0.0.Q3: Restart 113, Seed 8dd24113b294375d, 50.0%
0.0.Q3: Trace Attempt  1	[29.55 s]
0.0.Q3: Trace Attempt  2	[29.55 s]
0.0.Q3: Trace Attempt  3	[29.56 s]
0.0.Q3: Trace Attempt  4	[29.56 s]
0.0.Q3: Trace Attempt  5	[29.56 s]
0.0.Q3: Restart 114, Seed 7071baa6d04f0988, 50.0%
0.0.Q3: Trace Attempt  1	[29.80 s]
0.0.Q3: Trace Attempt  2	[29.80 s]
0.0.Q3: Trace Attempt  3	[29.80 s]
0.0.Q3: Trace Attempt  4	[29.80 s]
0.0.Q3: Trace Attempt  5	[29.80 s]
0.0.Q3: Restart 115, Seed aade4256ecbb16fc, 50.0%
0.0.Q3: Trace Attempt  1	[30.04 s]
0.0.Q3: Trace Attempt  2	[30.04 s]
0.0.Q3: Trace Attempt  3	[30.04 s]
0.0.Q3: Trace Attempt  4	[30.04 s]
0.0.Q3: Trace Attempt  5	[30.04 s]
0.0.Q3: Restart 116, Seed fa7829191a188c3c, 50.0%
0.0.Q3: Trace Attempt  1	[30.28 s]
0.0.Q3: Trace Attempt  2	[30.28 s]
0.0.Q3: Trace Attempt  3	[30.28 s]
0.0.Q3: Trace Attempt  4	[30.28 s]
0.0.Q3: Trace Attempt  5	[30.29 s]
0.0.Q3: Restart 117, Seed 8e0c49ca25b683ec, 50.0%
0.0.Q3: Trace Attempt  1	[30.52 s]
0.0.Q3: Trace Attempt  2	[30.52 s]
0.0.Q3: Trace Attempt  3	[30.53 s]
0.0.Q3: Trace Attempt  4	[30.53 s]
0.0.Q3: Trace Attempt  5	[30.53 s]
0.0.Q3: Restart 118, Seed 9dfeee637a2a05e0, 50.0%
0.0.Q3: Trace Attempt  1	[30.77 s]
0.0.Q3: Trace Attempt  2	[30.77 s]
0.0.Q3: Trace Attempt  3	[30.77 s]
0.0.Q3: Trace Attempt  4	[30.77 s]
0.0.Q3: Trace Attempt  5	[30.77 s]
0.0.Q3: Restart 119, Seed abefc961d50a0c94, 50.0%
0.0.Q3: Trace Attempt  1	[31.01 s]
0.0.Q3: Trace Attempt  2	[31.02 s]
0.0.Q3: Trace Attempt  3	[31.02 s]
0.0.Q3: Trace Attempt  4	[31.02 s]
0.0.Q3: Trace Attempt  5	[31.02 s]
0.0.Q3: Restart 120, Seed 1b39ef6806c66778, 50.0%
0.0.Q3: Trace Attempt  1	[31.26 s]
0.0.Q3: Trace Attempt  2	[31.26 s]
0.0.Q3: Trace Attempt  3	[31.26 s]
0.0.Q3: Trace Attempt  4	[31.26 s]
0.0.Q3: Trace Attempt  5	[31.26 s]
0.0.Q3: Restart 121, Seed caae1058d3846bee, 50.0%
0.0.Q3: Trace Attempt  1	[31.50 s]
0.0.Q3: Trace Attempt  2	[31.50 s]
0.0.Q3: Trace Attempt  3	[31.50 s]
0.0.Q3: Trace Attempt  4	[31.50 s]
0.0.Q3: Trace Attempt  5	[31.50 s]
0.0.Q3: Restart 122, Seed 7e8a180cd4a17d9f, 50.0%
0.0.Q3: Trace Attempt  1	[31.74 s]
0.0.Q3: Trace Attempt  2	[31.74 s]
0.0.Q3: Trace Attempt  3	[31.74 s]
0.0.Q3: Trace Attempt  4	[31.75 s]
0.0.Q3: Trace Attempt  5	[31.75 s]
0.0.Q3: Restart 123, Seed 50d363aa882dfbb9, 50.0%
0.0.Q3: Trace Attempt  1	[31.98 s]
0.0.Q3: Trace Attempt  2	[31.99 s]
0.0.Q3: Trace Attempt  3	[31.99 s]
0.0.Q3: Trace Attempt  4	[31.99 s]
0.0.Q3: Trace Attempt  5	[31.99 s]
0.0.Q3: Restart 124, Seed 276dfe258d6ac8a5, 50.0%
0.0.Q3: Trace Attempt  1	[32.23 s]
0.0.Q3: Trace Attempt  2	[32.23 s]
0.0.Q3: Trace Attempt  3	[32.23 s]
0.0.Q3: Trace Attempt  4	[32.23 s]
0.0.Q3: Trace Attempt  5	[32.23 s]
0.0.Q2: Trace Attempt 722	[32.31 s]
0.0.Q3: Restart 125, Seed ed171ab1cc481c9c, 50.0%
0.0.Q3: Trace Attempt  1	[32.47 s]
0.0.Q3: Trace Attempt  2	[32.47 s]
0.0.Q3: Trace Attempt  3	[32.48 s]
0.0.Q3: Trace Attempt  4	[32.48 s]
0.0.Q3: Trace Attempt  5	[32.48 s]
0.0.Q3: Restart 126, Seed f2d30069831c28c1, 50.0%
0.0.Q3: Trace Attempt  1	[32.72 s]
0.0.Q3: Trace Attempt  2	[32.72 s]
0.0.Q3: Trace Attempt  3	[32.72 s]
0.0.Q3: Trace Attempt  4	[32.72 s]
0.0.Q3: Trace Attempt  5	[32.72 s]
0.0.Q3: Restart 127, Seed 4a3e8a6dad894906, 50.0%
0.0.Q3: Trace Attempt  1	[32.96 s]
0.0.Q3: Trace Attempt  2	[32.96 s]
0.0.Q3: Trace Attempt  3	[32.96 s]
0.0.Q3: Trace Attempt  4	[32.96 s]
0.0.Q3: Trace Attempt  5	[32.96 s]
0.0.Q3: Restart 128, Seed f2d271ce40718b49, 50.0%
0.0.Q3: Trace Attempt  1	[33.20 s]
0.0.Q3: Trace Attempt  2	[33.20 s]
0.0.Q3: Trace Attempt  3	[33.20 s]
0.0.Q3: Trace Attempt  4	[33.20 s]
0.0.Q3: Trace Attempt  5	[33.20 s]
0.0.Q3: Restart 129, Seed 754c9187a60b4ec3, 50.0%
0.0.Q3: Trace Attempt  1	[33.43 s]
0.0.Q3: Trace Attempt  2	[33.44 s]
0.0.Q3: Trace Attempt  3	[33.44 s]
0.0.Q3: Trace Attempt  4	[33.44 s]
0.0.Q3: Trace Attempt  5	[33.44 s]
0.0.Q3: Restart 130, Seed 67a05cfa8f6e6533, 50.0%
0.0.Q3: Trace Attempt  1	[33.67 s]
0.0.Q3: Trace Attempt  2	[33.67 s]
0.0.Q3: Trace Attempt  3	[33.67 s]
0.0.Q3: Trace Attempt  4	[33.68 s]
0.0.Q3: Trace Attempt  5	[33.68 s]
0.0.Q3: Restart 131, Seed 6ec47dba54152873, 50.0%
0.0.Q3: Trace Attempt  1	[33.91 s]
0.0.Q3: Trace Attempt  2	[33.91 s]
0.0.Q3: Trace Attempt  3	[33.91 s]
0.0.Q3: Trace Attempt  4	[33.91 s]
0.0.Q3: Trace Attempt  5	[33.92 s]
0.0.Q3: Restart 132, Seed 86aaae44cd327212, 50.0%
0.0.Q3: Trace Attempt  1	[34.15 s]
0.0.Q3: Trace Attempt  2	[34.15 s]
0.0.Q3: Trace Attempt  3	[34.15 s]
0.0.Q3: Trace Attempt  4	[34.15 s]
0.0.Q3: Trace Attempt  5	[34.16 s]
0.0.Q3: Restart 133, Seed c03658adf09d8d9d, 50.0%
0.0.Q3: Trace Attempt  1	[34.39 s]
0.0.Q3: Trace Attempt  2	[34.39 s]
0.0.Q3: Trace Attempt  3	[34.39 s]
0.0.Q3: Trace Attempt  4	[34.39 s]
0.0.Q3: Trace Attempt  5	[34.39 s]
0.0.Q3: Restart 134, Seed 82c13b6bebbf9697, 50.0%
0.0.Q3: Trace Attempt  1	[34.63 s]
0.0.Q3: Trace Attempt  2	[34.63 s]
0.0.Q3: Trace Attempt  3	[34.63 s]
0.0.Q3: Trace Attempt  4	[34.63 s]
0.0.Q3: Trace Attempt  5	[34.63 s]
0.0.Q3: Restart 135, Seed 4b97132cc5ed12e, 50.0%
0.0.Q3: Trace Attempt  1	[34.87 s]
0.0.Q3: Trace Attempt  2	[34.87 s]
0.0.Q3: Trace Attempt  3	[34.87 s]
0.0.Q3: Trace Attempt  4	[34.87 s]
0.0.Q3: Trace Attempt  5	[34.87 s]
0.0.Q3: Restart 136, Seed 392c5f469a9fd077, 50.0%
0.0.Q3: Trace Attempt  1	[35.10 s]
0.0.Q3: Trace Attempt  2	[35.11 s]
0.0.Q3: Trace Attempt  3	[35.11 s]
0.0.Q3: Trace Attempt  4	[35.11 s]
0.0.Q3: Trace Attempt  5	[35.11 s]
0.0.Q3: Restart 137, Seed 1cf2e5f792bf2637, 50.0%
0.0.Q3: Trace Attempt  1	[35.34 s]
0.0.Q3: Trace Attempt  2	[35.34 s]
0.0.Q3: Trace Attempt  3	[35.34 s]
0.0.Q3: Trace Attempt  4	[35.35 s]
0.0.Q3: Trace Attempt  5	[35.35 s]
0.0.Q3: Restart 138, Seed 14566c54e30133a8, 50.0%
0.0.Q3: Trace Attempt  1	[35.58 s]
0.0.Q3: Trace Attempt  2	[35.58 s]
0.0.Q3: Trace Attempt  3	[35.58 s]
0.0.Q3: Trace Attempt  4	[35.59 s]
0.0.Q3: Trace Attempt  5	[35.59 s]
0.0.Q3: Restart 139, Seed e31bf142646f03c1, 50.0%
0.0.Q3: Trace Attempt  1	[35.82 s]
0.0.Q3: Trace Attempt  2	[35.82 s]
0.0.Q3: Trace Attempt  3	[35.82 s]
0.0.Q3: Trace Attempt  4	[35.83 s]
0.0.Q3: Trace Attempt  5	[35.83 s]
0.0.Q3: Restart 140, Seed b959465393c4ac4a, 50.0%
0.0.Q3: Trace Attempt  1	[36.06 s]
0.0.Q3: Trace Attempt  2	[36.06 s]
0.0.Q3: Trace Attempt  3	[36.06 s]
0.0.Q3: Trace Attempt  4	[36.06 s]
0.0.Q3: Trace Attempt  5	[36.07 s]
0.0.Q3: Restart 141, Seed 8c95e96f968dbdc, 50.0%
0.0.Q3: Trace Attempt  1	[36.30 s]
0.0.Q3: Trace Attempt  2	[36.30 s]
0.0.Q3: Trace Attempt  3	[36.30 s]
0.0.Q3: Trace Attempt  4	[36.30 s]
0.0.Q3: Trace Attempt  5	[36.30 s]
0.0.Q2: Trace Attempt 784	[36.34 s]
0.0.Q3: Restart 142, Seed 2053b72e7b4df9af, 50.0%
0.0.Q3: Trace Attempt  1	[36.54 s]
0.0.Q3: Trace Attempt  2	[36.54 s]
0.0.Q3: Trace Attempt  3	[36.54 s]
0.0.Q3: Trace Attempt  4	[36.54 s]
0.0.Q3: Trace Attempt  5	[36.55 s]
0.0.Q3: Restart 143, Seed 34e26f4887000eb2, 50.0%
0.0.Q3: Trace Attempt  1	[36.78 s]
0.0.Q3: Trace Attempt  2	[36.78 s]
0.0.Q3: Trace Attempt  3	[36.78 s]
0.0.Q3: Trace Attempt  4	[36.79 s]
0.0.Q3: Trace Attempt  5	[36.79 s]
0.0.Q3: Restart 144, Seed bda9692a75361981, 50.0%
0.0.Q3: Trace Attempt  1	[37.03 s]
0.0.Q3: Trace Attempt  2	[37.03 s]
0.0.Q3: Trace Attempt  3	[37.03 s]
0.0.Q3: Trace Attempt  4	[37.03 s]
0.0.Q3: Trace Attempt  5	[37.03 s]
0.0.Q3: Restart 145, Seed 158074e4357c77f5, 50.0%
0.0.Q3: Trace Attempt  1	[37.27 s]
0.0.Q3: Trace Attempt  2	[37.27 s]
0.0.Q3: Trace Attempt  3	[37.27 s]
0.0.Q3: Trace Attempt  4	[37.27 s]
0.0.Q3: Trace Attempt  5	[37.27 s]
0.0.Q3: Restart 146, Seed 98afa8bfc51b2fb9, 50.0%
0.0.Q3: Trace Attempt  1	[37.51 s]
0.0.Q3: Trace Attempt  2	[37.51 s]
0.0.Q3: Trace Attempt  3	[37.51 s]
0.0.Q3: Trace Attempt  4	[37.52 s]
0.0.Q3: Trace Attempt  5	[37.52 s]
0.0.Q3: Restart 147, Seed b6421119fe82cce0, 50.0%
0.0.Q3: Trace Attempt  1	[37.76 s]
0.0.Q3: Trace Attempt  2	[37.76 s]
0.0.Q3: Trace Attempt  3	[37.76 s]
0.0.Q3: Trace Attempt  4	[37.76 s]
0.0.Q3: Trace Attempt  5	[37.76 s]
0.0.Q3: Restart 148, Seed 1e6d2374cdc3e45e, 50.0%
0.0.Q3: Trace Attempt  1	[38.00 s]
0.0.Q3: Trace Attempt  2	[38.00 s]
0.0.Q3: Trace Attempt  3	[38.00 s]
0.0.Q3: Trace Attempt  4	[38.01 s]
0.0.Q3: Trace Attempt  5	[38.01 s]
0.0.Q3: Restart 149, Seed f958a5b422a023e, 50.0%
0.0.Q3: Trace Attempt  1	[38.25 s]
0.0.Q3: Trace Attempt  2	[38.25 s]
0.0.Q3: Trace Attempt  3	[38.25 s]
0.0.Q3: Trace Attempt  4	[38.25 s]
0.0.Q3: Trace Attempt  5	[38.26 s]
0.0.Q3: Restart 150, Seed e3048f55da78de79, 50.0%
0.0.Q3: Trace Attempt  1	[38.50 s]
0.0.Q3: Trace Attempt  2	[38.50 s]
0.0.Q3: Trace Attempt  3	[38.50 s]
0.0.Q3: Trace Attempt  4	[38.50 s]
0.0.Q3: Trace Attempt  5	[38.50 s]
0.0.Q3: Restart 151, Seed 1200eff4c22cba5d, 50.0%
0.0.Q3: Trace Attempt  1	[38.74 s]
0.0.Q3: Trace Attempt  2	[38.74 s]
0.0.Q3: Trace Attempt  3	[38.74 s]
0.0.Q3: Trace Attempt  4	[38.74 s]
0.0.Q3: Trace Attempt  5	[38.74 s]
0.0.Q3: Restart 152, Seed 5f15deb790553883, 50.0%
0.0.Q3: Trace Attempt  1	[38.98 s]
0.0.Q3: Trace Attempt  2	[38.99 s]
0.0.Q3: Trace Attempt  3	[38.99 s]
0.0.Q3: Trace Attempt  4	[38.99 s]
0.0.Q3: Trace Attempt  5	[38.99 s]
0.0.Q3: Restart 153, Seed e9e752534ba5c8dc, 50.0%
0.0.Q3: Trace Attempt  1	[39.23 s]
0.0.Q3: Trace Attempt  2	[39.23 s]
0.0.Q3: Trace Attempt  3	[39.23 s]
0.0.Q3: Trace Attempt  4	[39.23 s]
0.0.Q3: Trace Attempt  5	[39.23 s]
0.0.Q3: Restart 154, Seed c50a9032631eb0d6, 50.0%
0.0.Q3: Trace Attempt  1	[39.47 s]
0.0.Q3: Trace Attempt  2	[39.48 s]
0.0.Q3: Trace Attempt  3	[39.48 s]
0.0.Q3: Trace Attempt  4	[39.48 s]
0.0.Q3: Trace Attempt  5	[39.48 s]
0.0.Q3: Restart 155, Seed c83655b13f3883de, 50.0%
0.0.Q3: Trace Attempt  1	[39.72 s]
0.0.Q3: Trace Attempt  2	[39.72 s]
0.0.Q3: Trace Attempt  3	[39.72 s]
0.0.Q3: Trace Attempt  4	[39.72 s]
0.0.Q3: Trace Attempt  5	[39.72 s]
0.0.Q3: Restart 156, Seed 7237df880e2accb5, 50.0%
0.0.Q3: Trace Attempt  1	[39.96 s]
0.0.Q3: Trace Attempt  2	[39.96 s]
0.0.Q3: Trace Attempt  3	[39.97 s]
0.0.Q3: Trace Attempt  4	[39.97 s]
0.0.Q3: Trace Attempt  5	[39.97 s]
0.0.Q3: Restart 157, Seed 99af2dafff3f8b39, 50.0%
0.0.Q3: Trace Attempt  1	[40.21 s]
0.0.Q3: Trace Attempt  2	[40.21 s]
0.0.Q3: Trace Attempt  3	[40.21 s]
0.0.Q3: Trace Attempt  4	[40.21 s]
0.0.Q3: Trace Attempt  5	[40.21 s]
0.0.Q2: Trace Attempt 863	[40.38 s]
0.0.Q3: Restart 158, Seed f5a40efc6715ad88, 50.0%
0.0.Q3: Trace Attempt  1	[40.45 s]
0.0.Q3: Trace Attempt  2	[40.45 s]
0.0.Q3: Trace Attempt  3	[40.45 s]
0.0.Q3: Trace Attempt  4	[40.45 s]
0.0.Q3: Trace Attempt  5	[40.45 s]
0.0.Q3: Restart 159, Seed e84783e089ad352f, 50.0%
0.0.Q3: Trace Attempt  1	[40.69 s]
0.0.Q3: Trace Attempt  2	[40.69 s]
0.0.Q3: Trace Attempt  3	[40.70 s]
0.0.Q3: Trace Attempt  4	[40.70 s]
0.0.Q3: Trace Attempt  5	[40.70 s]
0.0.Q3: Restart 160, Seed d1b969fb680d347, 50.0%
0.0.Q3: Trace Attempt  1	[40.94 s]
0.0.Q3: Trace Attempt  2	[40.94 s]
0.0.Q3: Trace Attempt  3	[40.94 s]
0.0.Q3: Trace Attempt  4	[40.94 s]
0.0.Q3: Trace Attempt  5	[40.94 s]
0.0.Q3: Restart 161, Seed a872c5d98b613c83, 50.0%
0.0.Q3: Trace Attempt  1	[41.18 s]
0.0.Q3: Trace Attempt  2	[41.18 s]
0.0.Q3: Trace Attempt  3	[41.18 s]
0.0.Q3: Trace Attempt  4	[41.18 s]
0.0.Q3: Trace Attempt  5	[41.19 s]
0.0.Q3: Restart 162, Seed 343f5c1bfe9743bc, 50.0%
0.0.Q3: Trace Attempt  1	[41.42 s]
0.0.Q3: Trace Attempt  2	[41.42 s]
0.0.Q3: Trace Attempt  3	[41.43 s]
0.0.Q3: Trace Attempt  4	[41.43 s]
0.0.Q3: Trace Attempt  5	[41.43 s]
0.0.Q3: Restart 163, Seed 5842b4e98fa4b27f, 50.0%
0.0.Q3: Trace Attempt  1	[41.67 s]
0.0.Q3: Trace Attempt  2	[41.67 s]
0.0.Q3: Trace Attempt  3	[41.67 s]
0.0.Q3: Trace Attempt  4	[41.67 s]
0.0.Q3: Trace Attempt  5	[41.67 s]
0.0.Q3: Restart 164, Seed 74fff14e5cc5c705, 50.0%
0.0.Q3: Trace Attempt  1	[41.91 s]
0.0.Q3: Trace Attempt  2	[41.91 s]
0.0.Q3: Trace Attempt  3	[41.91 s]
0.0.Q3: Trace Attempt  4	[41.91 s]
0.0.Q3: Trace Attempt  5	[41.91 s]
0.0.Q3: Restart 165, Seed 5a41e17a3c9a119b, 50.0%
0.0.Q3: Trace Attempt  1	[42.15 s]
0.0.Q3: Trace Attempt  2	[42.16 s]
0.0.Q3: Trace Attempt  3	[42.16 s]
0.0.Q3: Trace Attempt  4	[42.16 s]
0.0.Q3: Trace Attempt  5	[42.16 s]
0.0.Q3: Restart 166, Seed 233673dfadaefe00, 50.0%
0.0.Q3: Trace Attempt  1	[42.40 s]
0.0.Q3: Trace Attempt  2	[42.40 s]
0.0.Q3: Trace Attempt  3	[42.40 s]
0.0.Q3: Trace Attempt  4	[42.40 s]
0.0.Q3: Trace Attempt  5	[42.40 s]
0.0.Q3: Restart 167, Seed e1edb60c38cb560f, 50.0%
0.0.Q3: Trace Attempt  1	[42.64 s]
0.0.Q3: Trace Attempt  2	[42.64 s]
0.0.Q3: Trace Attempt  3	[42.64 s]
0.0.Q3: Trace Attempt  4	[42.64 s]
0.0.Q3: Trace Attempt  5	[42.65 s]
0.0.Q3: Restart 168, Seed 4ab7cea9cb5935e5, 50.0%
0.0.Q3: Trace Attempt  1	[42.88 s]
0.0.Q3: Trace Attempt  2	[42.89 s]
0.0.Q3: Trace Attempt  3	[42.89 s]
0.0.Q3: Trace Attempt  4	[42.89 s]
0.0.Q3: Trace Attempt  5	[42.89 s]
0.0.Q3: Restart 169, Seed 6ace9f8b141f81d9, 50.0%
0.0.Q3: Trace Attempt  1	[43.13 s]
0.0.Q3: Trace Attempt  2	[43.13 s]
0.0.Q3: Trace Attempt  3	[43.13 s]
0.0.Q3: Trace Attempt  4	[43.13 s]
0.0.Q3: Trace Attempt  5	[43.13 s]
0.0.Q3: Restart 170, Seed 1f78e4d654f529ab, 50.0%
0.0.Q3: Trace Attempt  1	[43.37 s]
0.0.Q3: Trace Attempt  2	[43.38 s]
0.0.Q3: Trace Attempt  3	[43.38 s]
0.0.Q3: Trace Attempt  4	[43.38 s]
0.0.Q3: Trace Attempt  5	[43.38 s]
0.0.Q3: Restart 171, Seed 6611c2c2d102141, 50.0%
0.0.Q3: Trace Attempt  1	[43.62 s]
0.0.Q3: Trace Attempt  2	[43.62 s]
0.0.Q3: Trace Attempt  3	[43.62 s]
0.0.Q3: Trace Attempt  4	[43.62 s]
0.0.Q3: Trace Attempt  5	[43.62 s]
0.0.Q3: Restart 172, Seed bd2046baa73e3744, 50.0%
0.0.Q3: Trace Attempt  1	[43.86 s]
0.0.Q3: Trace Attempt  2	[43.86 s]
0.0.Q3: Trace Attempt  3	[43.86 s]
0.0.Q3: Trace Attempt  4	[43.86 s]
0.0.Q3: Trace Attempt  5	[43.86 s]
0.0.Q3: Restart 173, Seed 6ed68fc4cdc07bac, 50.0%
0.0.Q3: Trace Attempt  1	[44.10 s]
0.0.Q3: Trace Attempt  2	[44.10 s]
0.0.Q3: Trace Attempt  3	[44.11 s]
0.0.Q3: Trace Attempt  4	[44.11 s]
0.0.Q3: Trace Attempt  5	[44.11 s]
0.0.Q3: Restart 174, Seed 6d40baa2d416d28e, 50.0%
0.0.Q3: Trace Attempt  1	[44.35 s]
0.0.Q3: Trace Attempt  2	[44.35 s]
0.0.Q3: Trace Attempt  3	[44.35 s]
0.0.Q3: Trace Attempt  4	[44.35 s]
0.0.Q3: Trace Attempt  5	[44.35 s]
0.0.Q2: Trace Attempt 931	[44.42 s]
0.0.Q3: Restart 175, Seed 9b1cef4ac9ba1a3e, 50.0%
0.0.Q3: Trace Attempt  1	[44.59 s]
0.0.Q3: Trace Attempt  2	[44.59 s]
0.0.Q3: Trace Attempt  3	[44.59 s]
0.0.Q3: Trace Attempt  4	[44.59 s]
0.0.Q3: Trace Attempt  5	[44.59 s]
0.0.Q3: Restart 176, Seed fc67b0dfc2b57016, 50.0%
0.0.Q3: Trace Attempt  1	[44.84 s]
0.0.Q3: Trace Attempt  2	[44.84 s]
0.0.Q3: Trace Attempt  3	[44.84 s]
0.0.Q3: Trace Attempt  4	[44.84 s]
0.0.Q3: Trace Attempt  5	[44.84 s]
0.0.Q3: Restart 177, Seed 493f8411dc687e84, 50.0%
0.0.Q3: Trace Attempt  1	[45.08 s]
0.0.Q3: Trace Attempt  2	[45.08 s]
0.0.Q3: Trace Attempt  3	[45.08 s]
0.0.Q3: Trace Attempt  4	[45.08 s]
0.0.Q3: Trace Attempt  5	[45.08 s]
0.0.Q3: Restart 178, Seed 5d21003ced254054, 50.0%
0.0.Q3: Trace Attempt  1	[45.32 s]
0.0.Q3: Trace Attempt  2	[45.32 s]
0.0.Q3: Trace Attempt  3	[45.32 s]
0.0.Q3: Trace Attempt  4	[45.32 s]
0.0.Q3: Trace Attempt  5	[45.33 s]
0.0.Q3: Restart 179, Seed 67a07314eec35d86, 50.0%
0.0.Q3: Trace Attempt  1	[45.56 s]
0.0.Q3: Trace Attempt  2	[45.56 s]
0.0.Q3: Trace Attempt  3	[45.57 s]
0.0.Q3: Trace Attempt  4	[45.57 s]
0.0.Q3: Trace Attempt  5	[45.57 s]
0.0.Q3: Restart 180, Seed 1c41c526fd3ace91, 50.0%
0.0.Q3: Trace Attempt  1	[45.81 s]
0.0.Q3: Trace Attempt  2	[45.81 s]
0.0.Q3: Trace Attempt  3	[45.81 s]
0.0.Q3: Trace Attempt  4	[45.81 s]
0.0.Q3: Trace Attempt  5	[45.81 s]
0.0.Q3: Restart 181, Seed 9e116abb5cb3e36c, 50.0%
0.0.Q3: Trace Attempt  1	[46.05 s]
0.0.Q3: Trace Attempt  2	[46.05 s]
0.0.Q3: Trace Attempt  3	[46.05 s]
0.0.Q3: Trace Attempt  4	[46.05 s]
0.0.Q3: Trace Attempt  5	[46.05 s]
0.0.Q3: Restart 182, Seed c25cb049c8a89d11, 50.0%
0.0.Q3: Trace Attempt  1	[46.30 s]
0.0.Q3: Trace Attempt  2	[46.30 s]
0.0.Q3: Trace Attempt  3	[46.30 s]
0.0.Q3: Trace Attempt  4	[46.30 s]
0.0.Q3: Trace Attempt  5	[46.30 s]
0.0.Q3: Restart 183, Seed 6456d5b2749fd397, 50.0%
0.0.Q3: Trace Attempt  1	[46.54 s]
0.0.Q3: Trace Attempt  2	[46.54 s]
0.0.Q3: Trace Attempt  3	[46.54 s]
0.0.Q3: Trace Attempt  4	[46.54 s]
0.0.Q3: Trace Attempt  5	[46.55 s]
0.0.Q3: Restart 184, Seed 588faee909b1d385, 50.0%
0.0.Q3: Trace Attempt  1	[46.79 s]
0.0.Q3: Trace Attempt  2	[46.79 s]
0.0.Q3: Trace Attempt  3	[46.79 s]
0.0.Q3: Trace Attempt  4	[46.79 s]
0.0.Q3: Trace Attempt  5	[46.79 s]
0.0.Q3: Restart 185, Seed c594db85a9236b84, 50.0%
0.0.Q3: Trace Attempt  1	[47.03 s]
0.0.Q3: Trace Attempt  2	[47.03 s]
0.0.Q3: Trace Attempt  3	[47.03 s]
0.0.Q3: Trace Attempt  4	[47.03 s]
0.0.Q3: Trace Attempt  5	[47.04 s]
0.0.Q3: Restart 186, Seed 9f36ff6a88f85252, 50.0%
0.0.Q3: Trace Attempt  1	[47.28 s]
0.0.Q3: Trace Attempt  2	[47.28 s]
0.0.Q3: Trace Attempt  3	[47.28 s]
0.0.Q3: Trace Attempt  4	[47.28 s]
0.0.Q3: Trace Attempt  5	[47.28 s]
0.0.Q3: Restart 187, Seed 391361f72b75ea0e, 50.0%
0.0.Q3: Trace Attempt  1	[47.52 s]
0.0.Q3: Trace Attempt  2	[47.52 s]
0.0.Q3: Trace Attempt  3	[47.52 s]
0.0.Q3: Trace Attempt  4	[47.52 s]
0.0.Q3: Trace Attempt  5	[47.52 s]
0.0.Q3: Restart 188, Seed ed5d11509c8a04fd, 50.0%
0.0.Q3: Trace Attempt  1	[47.77 s]
0.0.Q3: Trace Attempt  2	[47.77 s]
0.0.Q3: Trace Attempt  3	[47.77 s]
0.0.Q3: Trace Attempt  4	[47.77 s]
0.0.Q3: Trace Attempt  5	[47.77 s]
0.0.Q3: Restart 189, Seed 4129b34f2edd29e0, 50.0%
0.0.Q3: Trace Attempt  1	[48.01 s]
0.0.Q3: Trace Attempt  2	[48.01 s]
0.0.Q3: Trace Attempt  3	[48.01 s]
0.0.Q3: Trace Attempt  4	[48.01 s]
0.0.Q3: Trace Attempt  5	[48.01 s]
0.0.Q3: Restart 190, Seed 4ee82a2c73ed41ab, 50.0%
0.0.Q3: Trace Attempt  1	[48.26 s]
0.0.Q3: Trace Attempt  2	[48.26 s]
0.0.Q3: Trace Attempt  3	[48.26 s]
0.0.Q3: Trace Attempt  4	[48.26 s]
0.0.Q3: Trace Attempt  5	[48.26 s]
0.0.Q2: Trace Attempt 998	[48.47 s]
0.0.Q3: Restart 191, Seed 6c21f5cc6487fc7c, 50.0%
0.0.Q3: Trace Attempt  1	[48.50 s]
0.0.Q3: Trace Attempt  2	[48.50 s]
0.0.Q3: Trace Attempt  3	[48.50 s]
0.0.Q3: Trace Attempt  4	[48.51 s]
0.0.Q3: Trace Attempt  5	[48.51 s]
0.0.Q3: Restart 192, Seed 29c47f3288b6d5b9, 50.0%
0.0.Q3: Trace Attempt  1	[48.75 s]
0.0.Q3: Trace Attempt  2	[48.75 s]
0.0.Q3: Trace Attempt  3	[48.75 s]
0.0.Q3: Trace Attempt  4	[48.75 s]
0.0.Q3: Trace Attempt  5	[48.75 s]
0.0.Q3: Restart 193, Seed 5283b22543abf387, 50.0%
0.0.Q3: Trace Attempt  1	[48.99 s]
0.0.Q3: Trace Attempt  2	[48.99 s]
0.0.Q3: Trace Attempt  3	[48.99 s]
0.0.Q3: Trace Attempt  4	[48.99 s]
0.0.Q3: Trace Attempt  5	[48.99 s]
0.0.Q3: Restart 194, Seed bfeacec680f9adc9, 50.0%
0.0.Q3: Trace Attempt  1	[49.23 s]
0.0.Q3: Trace Attempt  2	[49.23 s]
0.0.Q3: Trace Attempt  3	[49.23 s]
0.0.Q3: Trace Attempt  4	[49.23 s]
0.0.Q3: Trace Attempt  5	[49.24 s]
0.0.Q3: Restart 195, Seed f2e0a3a5579c1420, 50.0%
0.0.Q3: Trace Attempt  1	[49.48 s]
0.0.Q3: Trace Attempt  2	[49.48 s]
0.0.Q3: Trace Attempt  3	[49.48 s]
0.0.Q3: Trace Attempt  4	[49.48 s]
0.0.Q3: Trace Attempt  5	[49.48 s]
0.0.Q3: Restart 196, Seed 648b903ac6ecbce7, 50.0%
0.0.Q3: Trace Attempt  1	[49.73 s]
0.0.Q3: Trace Attempt  2	[49.73 s]
0.0.Q3: Trace Attempt  3	[49.73 s]
0.0.Q3: Trace Attempt  4	[49.73 s]
0.0.Q3: Trace Attempt  5	[49.73 s]
0.0.Q3: Restart 197, Seed 80199a6dc4da54f7, 50.0%
0.0.Q3: Trace Attempt  1	[49.98 s]
0.0.Q3: Trace Attempt  2	[49.98 s]
0.0.Q3: Trace Attempt  3	[49.98 s]
0.0.Q3: Trace Attempt  4	[49.98 s]
0.0.Q3: Trace Attempt  5	[49.98 s]
0.0.Q3: Restart 198, Seed e172059143726816, 50.0%
0.0.Q3: Trace Attempt  1	[50.22 s]
0.0.Q3: Trace Attempt  2	[50.23 s]
0.0.Q3: Trace Attempt  3	[50.23 s]
0.0.Q3: Trace Attempt  4	[50.23 s]
0.0.Q3: Trace Attempt  5	[50.23 s]
0.0.Q3: Restart 199, Seed f6bada9f09977c57, 50.0%
0.0.Q3: Trace Attempt  1	[50.47 s]
0.0.Q3: Trace Attempt  2	[50.48 s]
0.0.Q3: Trace Attempt  3	[50.48 s]
0.0.Q3: Trace Attempt  4	[50.48 s]
0.0.Q3: Trace Attempt  5	[50.48 s]
0.0.Q3: Restart 200, Seed 31d3a7eba4d0ba35, 50.0%
0.0.Q3: Trace Attempt  1	[50.72 s]
0.0.Q3: Trace Attempt  2	[50.73 s]
0.0.Q3: Trace Attempt  3	[50.73 s]
0.0.Q3: Trace Attempt  4	[50.73 s]
0.0.Q3: Trace Attempt  5	[50.73 s]
0.0.Q3: Restart 201, Seed a04ff1c2aa8ca76e, 50.0%
0.0.Q3: Trace Attempt  1	[50.97 s]
0.0.Q3: Trace Attempt  2	[50.97 s]
0.0.Q3: Trace Attempt  3	[50.98 s]
0.0.Q3: Trace Attempt  4	[50.98 s]
0.0.Q3: Trace Attempt  5	[50.98 s]
0.0.Q3: Restart 202, Seed 533c97a7a85db221, 50.0%
0.0.Q3: Trace Attempt  1	[51.22 s]
0.0.Q3: Trace Attempt  2	[51.22 s]
0.0.Q3: Trace Attempt  3	[51.22 s]
0.0.Q3: Trace Attempt  4	[51.23 s]
0.0.Q3: Trace Attempt  5	[51.23 s]
0.0.Q3: Restart 203, Seed b12702b489439911, 50.0%
0.0.Q3: Trace Attempt  1	[51.47 s]
0.0.Q3: Trace Attempt  2	[51.47 s]
0.0.Q3: Trace Attempt  3	[51.47 s]
0.0.Q3: Trace Attempt  4	[51.47 s]
0.0.Q3: Trace Attempt  5	[51.48 s]
0.0.Q3: Restart 204, Seed e1102b0b92f72f5b, 50.0%
0.0.Q3: Trace Attempt  1	[51.72 s]
0.0.Q3: Trace Attempt  2	[51.72 s]
0.0.Q3: Trace Attempt  3	[51.72 s]
0.0.Q3: Trace Attempt  4	[51.72 s]
0.0.Q3: Trace Attempt  5	[51.72 s]
0.0.Q3: Restart 205, Seed a853027af01ed80c, 50.0%
0.0.Q3: Trace Attempt  1	[51.97 s]
0.0.Q3: Trace Attempt  2	[51.97 s]
0.0.Q3: Trace Attempt  3	[51.97 s]
0.0.Q3: Trace Attempt  4	[51.97 s]
0.0.Q3: Trace Attempt  5	[51.97 s]
0.0.Q3: Restart 206, Seed 648685e7928687b7, 50.0%
0.0.Q3: Trace Attempt  1	[52.22 s]
0.0.Q3: Trace Attempt  2	[52.22 s]
0.0.Q3: Trace Attempt  3	[52.22 s]
0.0.Q3: Trace Attempt  4	[52.22 s]
0.0.Q3: Trace Attempt  5	[52.22 s]
0.0.Q3: Restart 207, Seed a7bcaf3d96d8e760, 50.0%
0.0.Q3: Trace Attempt  1	[52.47 s]
0.0.Q3: Trace Attempt  2	[52.47 s]
0.0.Q3: Trace Attempt  3	[52.47 s]
0.0.Q3: Trace Attempt  4	[52.47 s]
0.0.Q3: Trace Attempt  5	[52.47 s]
0.0.Q2: Trace Attempt 1051	[52.56 s]
0.0.Q3: Restart 208, Seed 9c9799c6c2419041, 50.0%
0.0.Q3: Trace Attempt  1	[52.72 s]
0.0.Q3: Trace Attempt  2	[52.72 s]
0.0.Q3: Trace Attempt  3	[52.72 s]
0.0.Q3: Trace Attempt  4	[52.72 s]
0.0.Q3: Trace Attempt  5	[52.72 s]
0.0.Q3: Restart 209, Seed def765fdcc26fca1, 50.0%
0.0.Q3: Trace Attempt  1	[52.97 s]
0.0.Q3: Trace Attempt  2	[52.97 s]
0.0.Q3: Trace Attempt  3	[52.97 s]
0.0.Q3: Trace Attempt  4	[52.97 s]
0.0.Q3: Trace Attempt  5	[52.97 s]
0.0.Q3: Restart 210, Seed 6b5800de0366f6d, 50.0%
0.0.Q3: Trace Attempt  1	[53.21 s]
0.0.Q3: Trace Attempt  2	[53.21 s]
0.0.Q3: Trace Attempt  3	[53.21 s]
0.0.Q3: Trace Attempt  4	[53.22 s]
0.0.Q3: Trace Attempt  5	[53.22 s]
0.0.Q3: Restart 211, Seed b3358f1fa9923757, 50.0%
0.0.Q3: Trace Attempt  1	[53.46 s]
0.0.Q3: Trace Attempt  2	[53.46 s]
0.0.Q3: Trace Attempt  3	[53.46 s]
0.0.Q3: Trace Attempt  4	[53.46 s]
0.0.Q3: Trace Attempt  5	[53.47 s]
0.0.Q3: Restart 212, Seed 123819aeeb0b9e8a, 50.0%
0.0.Q3: Trace Attempt  1	[53.71 s]
0.0.Q3: Trace Attempt  2	[53.71 s]
0.0.Q3: Trace Attempt  3	[53.71 s]
0.0.Q3: Trace Attempt  4	[53.71 s]
0.0.Q3: Trace Attempt  5	[53.71 s]
0.0.Q3: Restart 213, Seed dd7231355081dc65, 50.0%
0.0.Q3: Trace Attempt  1	[53.96 s]
0.0.Q3: Trace Attempt  2	[53.96 s]
0.0.Q3: Trace Attempt  3	[53.96 s]
0.0.Q3: Trace Attempt  4	[53.96 s]
0.0.Q3: Trace Attempt  5	[53.96 s]
0.0.Q3: Restart 214, Seed aac4f5da23262d1b, 50.0%
0.0.Q3: Trace Attempt  1	[54.21 s]
0.0.Q3: Trace Attempt  2	[54.21 s]
0.0.Q3: Trace Attempt  3	[54.21 s]
0.0.Q3: Trace Attempt  4	[54.21 s]
0.0.Q3: Trace Attempt  5	[54.21 s]
0.0.Q3: Restart 215, Seed c51dc55bb1cda04b, 50.0%
0.0.Q3: Trace Attempt  1	[54.45 s]
0.0.Q3: Trace Attempt  2	[54.46 s]
0.0.Q3: Trace Attempt  3	[54.46 s]
0.0.Q3: Trace Attempt  4	[54.46 s]
0.0.Q3: Trace Attempt  5	[54.46 s]
0.0.Q3: Restart 216, Seed 5eb10575063e8a93, 50.0%
0.0.Q3: Trace Attempt  1	[54.70 s]
0.0.Q3: Trace Attempt  2	[54.70 s]
0.0.Q3: Trace Attempt  3	[54.71 s]
0.0.Q3: Trace Attempt  4	[54.71 s]
0.0.Q3: Trace Attempt  5	[54.71 s]
0.0.Q3: Restart 217, Seed 3eaa1a77cbf5f250, 50.0%
0.0.Q3: Trace Attempt  1	[54.95 s]
0.0.Q3: Trace Attempt  2	[54.95 s]
0.0.Q3: Trace Attempt  3	[54.96 s]
0.0.Q3: Trace Attempt  4	[54.96 s]
0.0.Q3: Trace Attempt  5	[54.96 s]
0.0.Q3: Restart 218, Seed e6a4a740658eac4, 50.0%
0.0.Q3: Trace Attempt  1	[55.20 s]
0.0.Q3: Trace Attempt  2	[55.20 s]
0.0.Q3: Trace Attempt  3	[55.20 s]
0.0.Q3: Trace Attempt  4	[55.21 s]
0.0.Q3: Trace Attempt  5	[55.21 s]
0.0.Q3: Restart 219, Seed 418dadc2ecece69, 50.0%
0.0.Q3: Trace Attempt  1	[55.45 s]
0.0.Q3: Trace Attempt  2	[55.45 s]
0.0.Q3: Trace Attempt  3	[55.45 s]
0.0.Q3: Trace Attempt  4	[55.46 s]
0.0.Q3: Trace Attempt  5	[55.46 s]
0.0.Q3: Restart 220, Seed ad0362b9e28ee427, 50.0%
0.0.Q3: Trace Attempt  1	[55.70 s]
0.0.Q3: Trace Attempt  2	[55.70 s]
0.0.Q3: Trace Attempt  3	[55.70 s]
0.0.Q3: Trace Attempt  4	[55.71 s]
0.0.Q3: Trace Attempt  5	[55.71 s]
0.0.Q3: Restart 221, Seed 792fdf7a01450934, 50.0%
0.0.Q3: Trace Attempt  1	[55.95 s]
0.0.Q3: Trace Attempt  2	[55.95 s]
0.0.Q3: Trace Attempt  3	[55.95 s]
0.0.Q3: Trace Attempt  4	[55.95 s]
0.0.Q3: Trace Attempt  5	[55.95 s]
0.0.Q3: Restart 222, Seed ea77aac5ab7ec0b, 50.0%
0.0.Q3: Trace Attempt  1	[56.20 s]
0.0.Q3: Trace Attempt  2	[56.20 s]
0.0.Q3: Trace Attempt  3	[56.20 s]
0.0.Q3: Trace Attempt  4	[56.20 s]
0.0.Q3: Trace Attempt  5	[56.20 s]
0.0.Q3: Restart 223, Seed e6de083075540dc3, 50.0%
0.0.Q3: Trace Attempt  1	[56.45 s]
0.0.Q3: Trace Attempt  2	[56.45 s]
0.0.Q3: Trace Attempt  3	[56.45 s]
0.0.Q3: Trace Attempt  4	[56.45 s]
0.0.Q3: Trace Attempt  5	[56.45 s]
0.0.Q2: Trace Attempt 1095	[56.62 s]
0.0.Q3: Restart 224, Seed abca0bdb8340ad79, 50.0%
0.0.Q3: Trace Attempt  1	[56.70 s]
0.0.Q3: Trace Attempt  2	[56.70 s]
0.0.Q3: Trace Attempt  3	[56.70 s]
0.0.Q3: Trace Attempt  4	[56.70 s]
0.0.Q3: Trace Attempt  5	[56.70 s]
0.0.Q3: Restart 225, Seed cdf79db048a0b04, 50.0%
0.0.Q3: Trace Attempt  1	[56.95 s]
0.0.Q3: Trace Attempt  2	[56.95 s]
0.0.Q3: Trace Attempt  3	[56.95 s]
0.0.Q3: Trace Attempt  4	[56.95 s]
0.0.Q3: Trace Attempt  5	[56.95 s]
0.0.Q3: Restart 226, Seed d18d4b05f9a3b547, 50.0%
0.0.Q3: Trace Attempt  1	[57.20 s]
0.0.Q3: Trace Attempt  2	[57.20 s]
0.0.Q3: Trace Attempt  3	[57.20 s]
0.0.Q3: Trace Attempt  4	[57.20 s]
0.0.Q3: Trace Attempt  5	[57.20 s]
0.0.Q3: Restart 227, Seed cca24e5c5a821ee2, 50.0%
0.0.Q3: Trace Attempt  1	[57.45 s]
0.0.Q3: Trace Attempt  2	[57.45 s]
0.0.Q3: Trace Attempt  3	[57.45 s]
0.0.Q3: Trace Attempt  4	[57.45 s]
0.0.Q3: Trace Attempt  5	[57.45 s]
0.0.Q3: Restart 228, Seed 15ad4c8b3cb9ad4a, 50.0%
0.0.Q3: Trace Attempt  1	[57.70 s]
0.0.Q3: Trace Attempt  2	[57.70 s]
0.0.Q3: Trace Attempt  3	[57.70 s]
0.0.Q3: Trace Attempt  4	[57.70 s]
0.0.Q3: Trace Attempt  5	[57.70 s]
0.0.Q3: Restart 229, Seed 271a0e8a58d5ac5f, 50.0%
0.0.Q3: Trace Attempt  1	[57.95 s]
0.0.Q3: Trace Attempt  2	[57.95 s]
0.0.Q3: Trace Attempt  3	[57.95 s]
0.0.Q3: Trace Attempt  4	[57.95 s]
0.0.Q3: Trace Attempt  5	[57.95 s]
0.0.Q3: Restart 230, Seed 3ef075fdab14b76c, 50.0%
0.0.Q3: Trace Attempt  1	[58.20 s]
0.0.Q3: Trace Attempt  2	[58.20 s]
0.0.Q3: Trace Attempt  3	[58.20 s]
0.0.Q3: Trace Attempt  4	[58.20 s]
0.0.Q3: Trace Attempt  5	[58.20 s]
0.0.Q3: Restart 231, Seed 8c74070024e63d59, 50.0%
0.0.Q3: Trace Attempt  1	[58.45 s]
0.0.Q3: Trace Attempt  2	[58.45 s]
0.0.Q3: Trace Attempt  3	[58.45 s]
0.0.Q3: Trace Attempt  4	[58.45 s]
0.0.Q3: Trace Attempt  5	[58.45 s]
0.0.Q3: Restart 232, Seed 93d8205dfbdb7623, 50.0%
0.0.Q3: Trace Attempt  1	[58.70 s]
0.0.Q3: Trace Attempt  2	[58.70 s]
0.0.Q3: Trace Attempt  3	[58.70 s]
0.0.Q3: Trace Attempt  4	[58.70 s]
0.0.Q3: Trace Attempt  5	[58.70 s]
0.0.Q3: Restart 233, Seed d13eb562053771cf, 50.0%
0.0.Q3: Trace Attempt  1	[58.95 s]
0.0.Q3: Trace Attempt  2	[58.95 s]
0.0.Q3: Trace Attempt  3	[58.95 s]
0.0.Q3: Trace Attempt  4	[58.95 s]
0.0.Q3: Trace Attempt  5	[58.95 s]
0.0.Q3: Restart 234, Seed 3bb118d5258c5b30, 50.0%
0.0.Q3: Trace Attempt  1	[59.20 s]
0.0.Q3: Trace Attempt  2	[59.20 s]
0.0.Q3: Trace Attempt  3	[59.20 s]
0.0.Q3: Trace Attempt  4	[59.20 s]
0.0.Q3: Trace Attempt  5	[59.20 s]
0.0.Q3: Restart 235, Seed 1aa842c01f685cf7, 50.0%
0.0.Q3: Trace Attempt  1	[59.45 s]
0.0.Q3: Trace Attempt  2	[59.45 s]
0.0.Q3: Trace Attempt  3	[59.45 s]
0.0.Q3: Trace Attempt  4	[59.45 s]
0.0.Q3: Trace Attempt  5	[59.45 s]
0.0.Q3: Restart 236, Seed f55769d95cb0446e, 50.0%
0.0.Q3: Trace Attempt  1	[59.70 s]
0.0.Q3: Trace Attempt  2	[59.70 s]
0.0.Q3: Trace Attempt  3	[59.70 s]
0.0.Q3: Trace Attempt  4	[59.70 s]
0.0.Q3: Trace Attempt  5	[59.70 s]
0.0.Q3: Restart 237, Seed 5f032d1a48a78ec5, 50.0%
0.0.Q3: Trace Attempt  1	[59.95 s]
0.0.Q3: Trace Attempt  2	[59.95 s]
0.0.Q3: Trace Attempt  3	[59.95 s]
0.0.Q3: Trace Attempt  4	[59.95 s]
0.0.Q3: Trace Attempt  5	[59.95 s]
0.0.Q3: Restart 238, Seed 86a9f6f05278b3f0, 50.0%
0.0.Q3: Trace Attempt  1	[60.20 s]
0.0.Q3: Trace Attempt  2	[60.20 s]
0.0.Q3: Trace Attempt  3	[60.20 s]
0.0.Q3: Trace Attempt  4	[60.20 s]
0.0.Q3: Trace Attempt  5	[60.20 s]
0.0.Q3: Restart 239, Seed 8688647cfaa5a279, 50.0%
0.0.Q3: Trace Attempt  1	[60.45 s]
0.0.Q3: Trace Attempt  2	[60.45 s]
0.0.Q3: Trace Attempt  3	[60.45 s]
0.0.Q3: Trace Attempt  4	[60.45 s]
0.0.Q3: Trace Attempt  5	[60.45 s]
0.0.Q2: Trace Attempt 1137	[60.67 s]
0.0.Q3: Restart 240, Seed 3a86b12eecb2c851, 50.0%
0.0.Q3: Trace Attempt  1	[60.70 s]
0.0.Q3: Trace Attempt  2	[60.70 s]
0.0.Q3: Trace Attempt  3	[60.70 s]
0.0.Q3: Trace Attempt  4	[60.70 s]
0.0.Q3: Trace Attempt  5	[60.70 s]
0.0.Q3: Restart 241, Seed a7bfc4d9257e360, 50.0%
0.0.Q3: Trace Attempt  1	[60.95 s]
0.0.Q3: Trace Attempt  2	[60.95 s]
0.0.Q3: Trace Attempt  3	[60.95 s]
0.0.Q3: Trace Attempt  4	[60.95 s]
0.0.Q3: Trace Attempt  5	[60.95 s]
0.0.Q3: Restart 242, Seed ea9dee32aedbe764, 50.0%
0.0.Q3: Trace Attempt  1	[61.20 s]
0.0.Q3: Trace Attempt  2	[61.20 s]
0.0.Q3: Trace Attempt  3	[61.20 s]
0.0.Q3: Trace Attempt  4	[61.20 s]
0.0.Q3: Trace Attempt  5	[61.20 s]
0.0.Q3: Restart 243, Seed 74d4c66d703a8320, 50.0%
0.0.Q3: Trace Attempt  1	[61.45 s]
0.0.Q3: Trace Attempt  2	[61.45 s]
0.0.Q3: Trace Attempt  3	[61.45 s]
0.0.Q3: Trace Attempt  4	[61.45 s]
0.0.Q3: Trace Attempt  5	[61.45 s]
0.0.Q3: Restart 244, Seed 5fa214617d5586be, 50.0%
0.0.Q3: Trace Attempt  1	[61.70 s]
0.0.Q3: Trace Attempt  2	[61.70 s]
0.0.Q3: Trace Attempt  3	[61.70 s]
0.0.Q3: Trace Attempt  4	[61.70 s]
0.0.Q3: Trace Attempt  5	[61.70 s]
0.0.Q3: Restart 245, Seed b38748a0a9e02eb7, 50.0%
0.0.Q3: Trace Attempt  1	[61.95 s]
0.0.Q3: Trace Attempt  2	[61.95 s]
0.0.Q3: Trace Attempt  3	[61.95 s]
0.0.Q3: Trace Attempt  4	[61.95 s]
0.0.Q3: Trace Attempt  5	[61.95 s]
0.0.Q3: Restart 246, Seed d95f4b4cbfbceed8, 50.0%
0.0.Q3: Trace Attempt  1	[62.20 s]
0.0.Q3: Trace Attempt  2	[62.20 s]
0.0.Q3: Trace Attempt  3	[62.20 s]
0.0.Q3: Trace Attempt  4	[62.20 s]
0.0.Q3: Trace Attempt  5	[62.20 s]
0.0.Q3: Restart 247, Seed 10e567eb949429, 50.0%
0.0.Q3: Trace Attempt  1	[62.45 s]
0.0.Q3: Trace Attempt  2	[62.45 s]
0.0.Q3: Trace Attempt  3	[62.45 s]
0.0.Q3: Trace Attempt  4	[62.45 s]
0.0.Q3: Trace Attempt  5	[62.45 s]
0.0.Q3: Restart 248, Seed 618f0d085f7b4f8, 50.0%
0.0.Q3: Trace Attempt  1	[62.70 s]
0.0.Q3: Trace Attempt  2	[62.70 s]
0.0.Q3: Trace Attempt  3	[62.70 s]
0.0.Q3: Trace Attempt  4	[62.70 s]
0.0.Q3: Trace Attempt  5	[62.70 s]
0.0.Q3: Restart 249, Seed 83b9a89582da415b, 50.0%
0.0.Q3: Trace Attempt  1	[62.95 s]
0.0.Q3: Trace Attempt  2	[62.95 s]
0.0.Q3: Trace Attempt  3	[62.95 s]
0.0.Q3: Trace Attempt  4	[62.95 s]
0.0.Q3: Trace Attempt  5	[62.95 s]
0.0.Q3: Restart 250, Seed af8240dfcd14560d, 50.0%
0.0.Q3: Trace Attempt  1	[63.20 s]
0.0.Q3: Trace Attempt  2	[63.20 s]
0.0.Q3: Trace Attempt  3	[63.20 s]
0.0.Q3: Trace Attempt  4	[63.20 s]
0.0.Q3: Trace Attempt  5	[63.20 s]
0.0.Q3: Restart 251, Seed e5c3c001fce9eceb, 50.0%
0.0.Q3: Trace Attempt  1	[63.45 s]
0.0.Q3: Trace Attempt  2	[63.45 s]
0.0.Q3: Trace Attempt  3	[63.45 s]
0.0.Q3: Trace Attempt  4	[63.45 s]
0.0.Q3: Trace Attempt  5	[63.45 s]
0.0.Q3: Restart 252, Seed 30bf2ef3dc304792, 50.0%
0.0.Q3: Trace Attempt  1	[63.70 s]
0.0.Q3: Trace Attempt  2	[63.70 s]
0.0.Q3: Trace Attempt  3	[63.70 s]
0.0.Q3: Trace Attempt  4	[63.70 s]
0.0.Q3: Trace Attempt  5	[63.70 s]
0.0.Q3: Restart 253, Seed 202277cef4820cff, 50.0%
0.0.Q3: Trace Attempt  1	[63.94 s]
0.0.Q3: Trace Attempt  2	[63.94 s]
0.0.Q3: Trace Attempt  3	[63.94 s]
0.0.Q3: Trace Attempt  4	[63.94 s]
0.0.Q3: Trace Attempt  5	[63.95 s]
0.0.Q3: Restart 254, Seed a9577080f0c0005b, 50.0%
0.0.Q3: Trace Attempt  1	[64.19 s]
0.0.Q3: Trace Attempt  2	[64.19 s]
0.0.Q3: Trace Attempt  3	[64.19 s]
0.0.Q3: Trace Attempt  4	[64.19 s]
0.0.Q3: Trace Attempt  5	[64.19 s]
0.0.Q3: Restart 255, Seed d7b0821f7a795526, 50.0%
0.0.Q3: Trace Attempt  1	[64.43 s]
0.0.Q3: Trace Attempt  2	[64.43 s]
0.0.Q3: Trace Attempt  3	[64.43 s]
0.0.Q3: Trace Attempt  4	[64.43 s]
0.0.Q3: Trace Attempt  5	[64.44 s]
0.0.Q3: Restart 256, Seed f2cba3a839ed2c0c, 50.0%
0.0.Q3: Trace Attempt  1	[64.68 s]
0.0.Q3: Trace Attempt  2	[64.68 s]
0.0.Q3: Trace Attempt  3	[64.68 s]
0.0.Q3: Trace Attempt  4	[64.68 s]
0.0.Q3: Trace Attempt  5	[64.68 s]
0.0.Q3: Restart 257, Seed 20b51d4df498293f, 50.0%
0.0.Q3: Trace Attempt  1	[64.92 s]
0.0.Q3: Trace Attempt  2	[64.92 s]
0.0.Q3: Trace Attempt  3	[64.92 s]
0.0.Q3: Trace Attempt  4	[64.92 s]
0.0.Q3: Trace Attempt  5	[64.92 s]
0.0.Q3: Restart 258, Seed 613755e4bc922cd9, 50.0%
0.0.Q3: Trace Attempt  1	[65.17 s]
0.0.Q3: Trace Attempt  2	[65.17 s]
0.0.Q3: Trace Attempt  3	[65.17 s]
0.0.Q3: Trace Attempt  4	[65.17 s]
0.0.Q3: Trace Attempt  5	[65.17 s]
0.0.Q2: Trace Attempt 1177	[65.24 s]
0.0.Q3: Restart 259, Seed 53893c8fa4fdab94, 50.0%
0.0.Q3: Trace Attempt  1	[65.41 s]
0.0.Q3: Trace Attempt  2	[65.42 s]
0.0.Q3: Trace Attempt  3	[65.42 s]
0.0.Q3: Trace Attempt  4	[65.42 s]
0.0.Q3: Trace Attempt  5	[65.42 s]
0.0.Q3: Restart 260, Seed fb878c50910d2a40, 50.0%
0.0.Q3: Trace Attempt  1	[65.66 s]
0.0.Q3: Trace Attempt  2	[65.66 s]
0.0.Q3: Trace Attempt  3	[65.66 s]
0.0.Q3: Trace Attempt  4	[65.67 s]
0.0.Q3: Trace Attempt  5	[65.67 s]
0.0.Q3: Restart 261, Seed e39d0b62deb32888, 50.0%
0.0.Q3: Trace Attempt  1	[65.91 s]
0.0.Q3: Trace Attempt  2	[65.91 s]
0.0.Q3: Trace Attempt  3	[65.91 s]
0.0.Q3: Trace Attempt  4	[65.91 s]
0.0.Q3: Trace Attempt  5	[65.91 s]
0.0.Q3: Restart 262, Seed c00e47d987cee76e, 50.0%
0.0.Q3: Trace Attempt  1	[66.15 s]
0.0.Q3: Trace Attempt  2	[66.16 s]
0.0.Q3: Trace Attempt  3	[66.16 s]
0.0.Q3: Trace Attempt  4	[66.16 s]
0.0.Q3: Trace Attempt  5	[66.16 s]
0.0.Q3: Restart 263, Seed 8b7376537663a1f3, 50.0%
0.0.Q3: Trace Attempt  1	[66.40 s]
0.0.Q3: Trace Attempt  2	[66.40 s]
0.0.Q3: Trace Attempt  3	[66.40 s]
0.0.Q3: Trace Attempt  4	[66.40 s]
0.0.Q3: Trace Attempt  5	[66.40 s]
0.0.Q3: Restart 264, Seed e51b9ec9e9914401, 50.0%
0.0.Q3: Trace Attempt  1	[66.64 s]
0.0.Q3: Trace Attempt  2	[66.65 s]
0.0.Q3: Trace Attempt  3	[66.65 s]
0.0.Q3: Trace Attempt  4	[66.65 s]
0.0.Q3: Trace Attempt  5	[66.65 s]
0.0.Q3: Restart 265, Seed 79a0042445e92def, 50.0%
0.0.Q3: Trace Attempt  1	[66.89 s]
0.0.Q3: Trace Attempt  2	[66.89 s]
0.0.Q3: Trace Attempt  3	[66.89 s]
0.0.Q3: Trace Attempt  4	[66.89 s]
0.0.Q3: Trace Attempt  5	[66.89 s]
0.0.Q3: Restart 266, Seed 81adbe6f49913b2a, 50.0%
0.0.Q3: Trace Attempt  1	[67.14 s]
0.0.Q3: Trace Attempt  2	[67.14 s]
0.0.Q3: Trace Attempt  3	[67.14 s]
0.0.Q3: Trace Attempt  4	[67.14 s]
0.0.Q3: Trace Attempt  5	[67.14 s]
0.0.Q3: Restart 267, Seed efd0e302b636187d, 50.0%
0.0.Q3: Trace Attempt  1	[67.38 s]
0.0.Q3: Trace Attempt  2	[67.38 s]
0.0.Q3: Trace Attempt  3	[67.39 s]
0.0.Q3: Trace Attempt  4	[67.39 s]
0.0.Q3: Trace Attempt  5	[67.39 s]
0.0.Q3: Restart 268, Seed 70fca95d4c960c11, 50.0%
0.0.Q3: Trace Attempt  1	[67.63 s]
0.0.Q3: Trace Attempt  2	[67.63 s]
0.0.Q3: Trace Attempt  3	[67.64 s]
0.0.Q3: Trace Attempt  4	[67.64 s]
0.0.Q3: Trace Attempt  5	[67.64 s]
0.0.Q3: Restart 269, Seed 782dcc1939dfe257, 50.0%
0.0.Q3: Trace Attempt  1	[67.88 s]
0.0.Q3: Trace Attempt  2	[67.88 s]
0.0.Q3: Trace Attempt  3	[67.88 s]
0.0.Q3: Trace Attempt  4	[67.89 s]
0.0.Q3: Trace Attempt  5	[67.89 s]
0.0.Q3: Restart 270, Seed 8cb5095b2d978a, 50.0%
0.0.Q3: Trace Attempt  1	[68.13 s]
0.0.Q3: Trace Attempt  2	[68.13 s]
0.0.Q3: Trace Attempt  3	[68.13 s]
0.0.Q3: Trace Attempt  4	[68.14 s]
0.0.Q3: Trace Attempt  5	[68.14 s]
0.0.Q3: Restart 271, Seed a74b91bfbe6241cd, 50.0%
0.0.Q3: Trace Attempt  1	[68.38 s]
0.0.Q3: Trace Attempt  2	[68.38 s]
0.0.Q3: Trace Attempt  3	[68.38 s]
0.0.Q3: Trace Attempt  4	[68.39 s]
0.0.Q3: Trace Attempt  5	[68.39 s]
0.0.Q3: Restart 272, Seed 1d559af2728f33d8, 50.0%
0.0.Q3: Trace Attempt  1	[68.63 s]
0.0.Q3: Trace Attempt  2	[68.63 s]
0.0.Q3: Trace Attempt  3	[68.64 s]
0.0.Q3: Trace Attempt  4	[68.64 s]
0.0.Q3: Trace Attempt  5	[68.64 s]
0.0.Q3: Restart 273, Seed 60825c0045dbb9b6, 50.0%
0.0.Q3: Trace Attempt  1	[68.88 s]
0.0.Q3: Trace Attempt  2	[68.88 s]
0.0.Q3: Trace Attempt  3	[68.88 s]
0.0.Q3: Trace Attempt  4	[68.89 s]
0.0.Q3: Trace Attempt  5	[68.89 s]
0.0.Q3: Restart 274, Seed b081c108b2950a23, 50.0%
0.0.Q3: Trace Attempt  1	[69.13 s]
0.0.Q3: Trace Attempt  2	[69.13 s]
0.0.Q3: Trace Attempt  3	[69.13 s]
0.0.Q3: Trace Attempt  4	[69.14 s]
0.0.Q3: Trace Attempt  5	[69.14 s]
0.0.Q3: Restart 275, Seed d42c0b8a6acafd76, 50.0%
0.0.Q3: Trace Attempt  1	[69.38 s]
0.0.Q3: Trace Attempt  2	[69.38 s]
0.0.Q3: Trace Attempt  3	[69.38 s]
0.0.Q3: Trace Attempt  4	[69.38 s]
0.0.Q3: Trace Attempt  5	[69.39 s]
0.0.Q2: Trace Attempt 1221	[69.39 s]
0.0.Q3: Restart 276, Seed 2b15cf15691682d1, 50.0%
0.0.Q3: Trace Attempt  1	[69.63 s]
0.0.Q3: Trace Attempt  2	[69.63 s]
0.0.Q3: Trace Attempt  3	[69.63 s]
0.0.Q3: Trace Attempt  4	[69.63 s]
0.0.Q3: Trace Attempt  5	[69.63 s]
0.0.Q3: Restart 277, Seed a6c36e234e7b31f5, 50.0%
0.0.Q3: Trace Attempt  1	[69.88 s]
0.0.Q3: Trace Attempt  2	[69.88 s]
0.0.Q3: Trace Attempt  3	[69.88 s]
0.0.Q3: Trace Attempt  4	[69.88 s]
0.0.Q3: Trace Attempt  5	[69.88 s]
0.0.Q3: Restart 278, Seed 92306b75f0e79fc5, 50.0%
0.0.Q3: Trace Attempt  1	[70.13 s]
0.0.Q3: Trace Attempt  2	[70.13 s]
0.0.Q3: Trace Attempt  3	[70.13 s]
0.0.Q3: Trace Attempt  4	[70.14 s]
0.0.Q3: Trace Attempt  5	[70.14 s]
0.0.Q3: Restart 279, Seed f757e2aa2b1211c6, 50.0%
0.0.Q3: Trace Attempt  1	[70.42 s]
0.0.Q3: Trace Attempt  2	[70.42 s]
0.0.Q3: Trace Attempt  3	[70.42 s]
0.0.Q3: Trace Attempt  4	[70.42 s]
0.0.Q3: Trace Attempt  5	[70.43 s]
0.0.Q3: Restart 280, Seed 3f8c7a692d695df1, 50.0%
0.0.Q3: Trace Attempt  1	[70.71 s]
0.0.Q3: Trace Attempt  2	[70.71 s]
0.0.Q3: Trace Attempt  3	[70.71 s]
0.0.Q3: Trace Attempt  4	[70.71 s]
0.0.Q3: Trace Attempt  5	[70.72 s]
0.0.Q3: Restart 281, Seed 910c5ed118b56e6f, 50.0%
0.0.Q3: Trace Attempt  1	[71.00 s]
0.0.Q3: Trace Attempt  2	[71.00 s]
0.0.Q3: Trace Attempt  3	[71.00 s]
0.0.Q3: Trace Attempt  4	[71.00 s]
0.0.Q3: Trace Attempt  5	[71.00 s]
0.0.Q3: Restart 282, Seed f6611d101466b286, 50.0%
0.0.Q3: Trace Attempt  1	[71.29 s]
0.0.Q3: Trace Attempt  2	[71.29 s]
0.0.Q3: Trace Attempt  3	[71.29 s]
0.0.Q3: Trace Attempt  4	[71.29 s]
0.0.Q3: Trace Attempt  5	[71.29 s]
0.0.Q3: Restart 283, Seed b961b4019c390893, 50.0%
0.0.Q3: Trace Attempt  1	[71.58 s]
0.0.Q3: Trace Attempt  2	[71.58 s]
0.0.Q3: Trace Attempt  3	[71.58 s]
0.0.Q3: Trace Attempt  4	[71.58 s]
0.0.Q3: Trace Attempt  5	[71.58 s]
0.0.Q3: Restart 284, Seed 8fcbe2c8746cbfb5, 50.0%
0.0.Q3: Trace Attempt  1	[71.86 s]
0.0.Q3: Trace Attempt  2	[71.87 s]
0.0.Q3: Trace Attempt  3	[71.87 s]
0.0.Q3: Trace Attempt  4	[71.87 s]
0.0.Q3: Trace Attempt  5	[71.87 s]
0.0.Q3: Restart 285, Seed 93a0650570417148, 50.0%
0.0.Q3: Trace Attempt  1	[72.15 s]
0.0.Q3: Trace Attempt  2	[72.15 s]
0.0.Q3: Trace Attempt  3	[72.16 s]
0.0.Q3: Trace Attempt  4	[72.16 s]
0.0.Q3: Trace Attempt  5	[72.16 s]
0.0.Q3: Restart 286, Seed e60f007f359458c3, 50.0%
0.0.Q3: Trace Attempt  1	[72.44 s]
0.0.Q3: Trace Attempt  2	[72.44 s]
0.0.Q3: Trace Attempt  3	[72.44 s]
0.0.Q3: Trace Attempt  4	[72.45 s]
0.0.Q3: Trace Attempt  5	[72.45 s]
0.0.Q3: Restart 287, Seed 91640ee0af0ca352, 50.0%
0.0.Q3: Trace Attempt  1	[72.73 s]
0.0.Q3: Trace Attempt  2	[72.73 s]
0.0.Q3: Trace Attempt  3	[72.73 s]
0.0.Q3: Trace Attempt  4	[72.74 s]
0.0.Q3: Trace Attempt  5	[72.74 s]
0.0.Q3: Restart 288, Seed e477295b5d057d5a, 50.0%
0.0.Q3: Trace Attempt  1	[73.02 s]
0.0.Q3: Trace Attempt  2	[73.02 s]
0.0.Q3: Trace Attempt  3	[73.02 s]
0.0.Q3: Trace Attempt  4	[73.02 s]
0.0.Q3: Trace Attempt  5	[73.03 s]
0.0.Q3: Restart 289, Seed 248a711a2f437591, 50.0%
0.0.Q3: Trace Attempt  1	[73.31 s]
0.0.Q3: Trace Attempt  2	[73.31 s]
0.0.Q3: Trace Attempt  3	[73.31 s]
0.0.Q3: Trace Attempt  4	[73.31 s]
0.0.Q3: Trace Attempt  5	[73.31 s]
0.0.Q2: Trace Attempt 1257	[73.40 s]
0.0.Q3: Restart 290, Seed 512e237143946a3e, 50.0%
0.0.Q3: Trace Attempt  1	[73.60 s]
0.0.Q3: Trace Attempt  2	[73.60 s]
0.0.Q3: Trace Attempt  3	[73.60 s]
0.0.Q3: Trace Attempt  4	[73.60 s]
0.0.Q3: Trace Attempt  5	[73.60 s]
0.0.Q3: Restart 291, Seed 40828e741d844c1c, 50.0%
0.0.Q3: Trace Attempt  1	[73.89 s]
0.0.Q3: Trace Attempt  2	[73.89 s]
0.0.Q3: Trace Attempt  3	[73.89 s]
0.0.Q3: Trace Attempt  4	[73.89 s]
0.0.Q3: Trace Attempt  5	[73.89 s]
0.0.Q3: Restart 292, Seed 26cf95b5fd01c7d7, 50.0%
0.0.Q3: Trace Attempt  1	[74.18 s]
0.0.Q3: Trace Attempt  2	[74.18 s]
0.0.Q3: Trace Attempt  3	[74.18 s]
0.0.Q3: Trace Attempt  4	[74.18 s]
0.0.Q3: Trace Attempt  5	[74.18 s]
0.0.Q3: Restart 293, Seed b5471d2048b255d8, 50.0%
0.0.Q3: Trace Attempt  1	[74.47 s]
0.0.Q3: Trace Attempt  2	[74.47 s]
0.0.Q3: Trace Attempt  3	[74.47 s]
0.0.Q3: Trace Attempt  4	[74.47 s]
0.0.Q3: Trace Attempt  5	[74.47 s]
0.0.Q3: Restart 294, Seed 692f89d5fff1df02, 50.0%
0.0.Q3: Trace Attempt  1	[74.75 s]
0.0.Q3: Trace Attempt  2	[74.75 s]
0.0.Q3: Trace Attempt  3	[74.76 s]
0.0.Q3: Trace Attempt  4	[74.76 s]
0.0.Q3: Trace Attempt  5	[74.76 s]
0.0.Q3: Restart 295, Seed d93515c3e4e8fa7c, 50.0%
0.0.Q3: Trace Attempt  1	[75.04 s]
0.0.Q3: Trace Attempt  2	[75.04 s]
0.0.Q3: Trace Attempt  3	[75.05 s]
0.0.Q3: Trace Attempt  4	[75.05 s]
0.0.Q3: Trace Attempt  5	[75.05 s]
0.0.Q3: Restart 296, Seed d6df609ea67e2874, 50.0%
0.0.Q3: Trace Attempt  1	[75.33 s]
0.0.Q3: Trace Attempt  2	[75.33 s]
0.0.Q3: Trace Attempt  3	[75.34 s]
0.0.Q3: Trace Attempt  4	[75.34 s]
0.0.Q3: Trace Attempt  5	[75.34 s]
0.0.Q3: Restart 297, Seed d609af034f3de2b3, 50.0%
0.0.Q3: Trace Attempt  1	[75.62 s]
0.0.Q3: Trace Attempt  2	[75.62 s]
0.0.Q3: Trace Attempt  3	[75.62 s]
0.0.Q3: Trace Attempt  4	[75.63 s]
0.0.Q3: Trace Attempt  5	[75.63 s]
0.0.Q3: Restart 298, Seed 1025c8a8670aa423, 50.0%
0.0.Q3: Trace Attempt  1	[75.91 s]
0.0.Q3: Trace Attempt  2	[75.91 s]
0.0.Q3: Trace Attempt  3	[75.91 s]
0.0.Q3: Trace Attempt  4	[75.92 s]
0.0.Q3: Trace Attempt  5	[75.92 s]
0.0.Q3: Restart 299, Seed 3dca607453f79566, 50.0%
0.0.Q3: Trace Attempt  1	[76.20 s]
0.0.Q3: Trace Attempt  2	[76.20 s]
0.0.Q3: Trace Attempt  3	[76.20 s]
0.0.Q3: Trace Attempt  4	[76.20 s]
0.0.Q3: Trace Attempt  5	[76.20 s]
0.0.Q3: Restart 300, Seed 96b3ef2f2887579d, 50.0%
0.0.Q3: Trace Attempt  1	[76.49 s]
0.0.Q3: Trace Attempt  2	[76.49 s]
0.0.Q3: Trace Attempt  3	[76.49 s]
0.0.Q3: Trace Attempt  4	[76.49 s]
0.0.Q3: Trace Attempt  5	[76.50 s]
0.0.Q3: Restart 301, Seed 771e514dcecd79be, 50.0%
0.0.Q3: Trace Attempt  1	[76.78 s]
0.0.Q3: Trace Attempt  2	[76.78 s]
0.0.Q3: Trace Attempt  3	[76.78 s]
0.0.Q3: Trace Attempt  4	[76.79 s]
0.0.Q3: Trace Attempt  5	[76.79 s]
0.0.Q3: Restart 302, Seed d536f67fa127b365, 50.0%
0.0.Q3: Trace Attempt  1	[77.08 s]
0.0.Q3: Trace Attempt  2	[77.08 s]
0.0.Q3: Trace Attempt  3	[77.08 s]
0.0.Q3: Trace Attempt  4	[77.08 s]
0.0.Q3: Trace Attempt  5	[77.08 s]
0.0.Q3: Restart 303, Seed c7e21186b0edd89e, 50.0%
0.0.Q3: Trace Attempt  1	[77.37 s]
0.0.Q3: Trace Attempt  2	[77.37 s]
0.0.Q3: Trace Attempt  3	[77.37 s]
0.0.Q3: Trace Attempt  4	[77.37 s]
0.0.Q3: Trace Attempt  5	[77.37 s]
0.0.Q2: Trace Attempt 1295	[77.46 s]
0.0.Q3: Restart 304, Seed f1e9d5b9e9329e5d, 50.0%
0.0.Q3: Trace Attempt  1	[77.66 s]
0.0.Q3: Trace Attempt  2	[77.66 s]
0.0.Q3: Trace Attempt  3	[77.66 s]
0.0.Q3: Trace Attempt  4	[77.66 s]
0.0.Q3: Trace Attempt  5	[77.66 s]
0.0.Q3: Restart 305, Seed 445263bffd15de85, 50.0%
0.0.Q3: Trace Attempt  1	[77.95 s]
0.0.Q3: Trace Attempt  2	[77.95 s]
0.0.Q3: Trace Attempt  3	[77.95 s]
0.0.Q3: Trace Attempt  4	[77.95 s]
0.0.Q3: Trace Attempt  5	[77.95 s]
0.0.Q3: Restart 306, Seed 867c243f813b6275, 50.0%
0.0.Q3: Trace Attempt  1	[78.24 s]
0.0.Q3: Trace Attempt  2	[78.24 s]
0.0.Q3: Trace Attempt  3	[78.25 s]
0.0.Q3: Trace Attempt  4	[78.25 s]
0.0.Q3: Trace Attempt  5	[78.25 s]
0.0.Q3: Restart 307, Seed 33c000baecaae938, 50.0%
0.0.Q3: Trace Attempt  1	[78.53 s]
0.0.Q3: Trace Attempt  2	[78.53 s]
0.0.Q3: Trace Attempt  3	[78.54 s]
0.0.Q3: Trace Attempt  4	[78.54 s]
0.0.Q3: Trace Attempt  5	[78.54 s]
0.0.Q3: Restart 308, Seed ff0cff51ad7da5aa, 50.0%
0.0.Q3: Trace Attempt  1	[78.82 s]
0.0.Q3: Trace Attempt  2	[78.83 s]
0.0.Q3: Trace Attempt  3	[78.83 s]
0.0.Q3: Trace Attempt  4	[78.83 s]
0.0.Q3: Trace Attempt  5	[78.83 s]
0.0.Q3: Restart 309, Seed 2d9244ed1cec0754, 50.0%
0.0.Q3: Trace Attempt  1	[79.11 s]
0.0.Q3: Trace Attempt  2	[79.12 s]
0.0.Q3: Trace Attempt  3	[79.12 s]
0.0.Q3: Trace Attempt  4	[79.12 s]
0.0.Q3: Trace Attempt  5	[79.12 s]
0.0.Q3: Restart 310, Seed 5d395cb317a7e6fc, 50.0%
0.0.Q3: Trace Attempt  1	[79.41 s]
0.0.Q3: Trace Attempt  2	[79.41 s]
0.0.Q3: Trace Attempt  3	[79.41 s]
0.0.Q3: Trace Attempt  4	[79.41 s]
0.0.Q3: Trace Attempt  5	[79.42 s]
0.0.Q3: Restart 311, Seed 9936184e87018abd, 50.0%
0.0.Q3: Trace Attempt  1	[79.70 s]
0.0.Q3: Trace Attempt  2	[79.70 s]
0.0.Q3: Trace Attempt  3	[79.70 s]
0.0.Q3: Trace Attempt  4	[79.70 s]
0.0.Q3: Trace Attempt  5	[79.71 s]
0.0.Q3: Restart 312, Seed cd4006ad0941c976, 50.0%
0.0.Q3: Trace Attempt  1	[79.99 s]
0.0.Q3: Trace Attempt  2	[79.99 s]
0.0.Q3: Trace Attempt  3	[79.99 s]
0.0.Q3: Trace Attempt  4	[80.00 s]
0.0.Q3: Trace Attempt  5	[80.00 s]
0.0.Q3: Restart 313, Seed fdd56b9d08589d6c, 50.0%
0.0.Q3: Trace Attempt  1	[80.28 s]
0.0.Q3: Trace Attempt  2	[80.28 s]
0.0.Q3: Trace Attempt  3	[80.28 s]
0.0.Q3: Trace Attempt  4	[80.28 s]
0.0.Q3: Trace Attempt  5	[80.29 s]
0.0.Q3: Restart 314, Seed 738e4435d99349d2, 50.0%
0.0.Q3: Trace Attempt  1	[80.57 s]
0.0.Q3: Trace Attempt  2	[80.58 s]
0.0.Q3: Trace Attempt  3	[80.58 s]
0.0.Q3: Trace Attempt  4	[80.58 s]
0.0.Q3: Trace Attempt  5	[80.58 s]
0.0.Q3: Restart 315, Seed 38aa8019f0809c1c, 50.0%
0.0.Q3: Trace Attempt  1	[80.87 s]
0.0.Q3: Trace Attempt  2	[80.87 s]
0.0.Q3: Trace Attempt  3	[80.87 s]
0.0.Q3: Trace Attempt  4	[80.87 s]
0.0.Q3: Trace Attempt  5	[80.87 s]
0.0.Q3: Restart 316, Seed 3b6a5ae6c8096e3b, 50.0%
0.0.Q3: Trace Attempt  1	[81.16 s]
0.0.Q3: Trace Attempt  2	[81.16 s]
0.0.Q3: Trace Attempt  3	[81.16 s]
0.0.Q3: Trace Attempt  4	[81.16 s]
0.0.Q3: Trace Attempt  5	[81.16 s]
0.0.Q3: Restart 317, Seed 5d7de0435a39a003, 50.0%
0.0.Q3: Trace Attempt  1	[81.45 s]
0.0.Q3: Trace Attempt  2	[81.45 s]
0.0.Q3: Trace Attempt  3	[81.45 s]
0.0.Q3: Trace Attempt  4	[81.46 s]
0.0.Q3: Trace Attempt  5	[81.46 s]
0.0.Q2: Trace Attempt 1323	[81.46 s]
0.0.Q3: Restart 318, Seed 914278878c0e67ee, 50.0%
0.0.Q3: Trace Attempt  1	[81.74 s]
0.0.Q3: Trace Attempt  2	[81.75 s]
0.0.Q3: Trace Attempt  3	[81.75 s]
0.0.Q3: Trace Attempt  4	[81.75 s]
0.0.Q3: Trace Attempt  5	[81.75 s]
0.0.Q3: Restart 319, Seed 4519ee3f7724fac6, 50.0%
0.0.Q3: Trace Attempt  1	[82.04 s]
0.0.Q3: Trace Attempt  2	[82.04 s]
0.0.Q3: Trace Attempt  3	[82.04 s]
0.0.Q3: Trace Attempt  4	[82.04 s]
0.0.Q3: Trace Attempt  5	[82.04 s]
0.0.Q3: Restart 320, Seed 5580e3d92fbd2f33, 50.0%
0.0.Q3: Trace Attempt  1	[82.33 s]
0.0.Q3: Trace Attempt  2	[82.33 s]
0.0.Q3: Trace Attempt  3	[82.33 s]
0.0.Q3: Trace Attempt  4	[82.33 s]
0.0.Q3: Trace Attempt  5	[82.33 s]
0.0.Q3: Restart 321, Seed c86a1b8935b20022, 50.0%
0.0.Q3: Trace Attempt  1	[82.62 s]
0.0.Q3: Trace Attempt  2	[82.62 s]
0.0.Q3: Trace Attempt  3	[82.62 s]
0.0.Q3: Trace Attempt  4	[82.62 s]
0.0.Q3: Trace Attempt  5	[82.62 s]
0.0.Q3: Restart 322, Seed d2e2577224cecf59, 50.0%
0.0.Q3: Trace Attempt  1	[82.91 s]
0.0.Q3: Trace Attempt  2	[82.91 s]
0.0.Q3: Trace Attempt  3	[82.91 s]
0.0.Q3: Trace Attempt  4	[82.91 s]
0.0.Q3: Trace Attempt  5	[82.92 s]
0.0.Q3: Restart 323, Seed 52005a61f4af9d0, 50.0%
0.0.Q3: Trace Attempt  1	[83.20 s]
0.0.Q3: Trace Attempt  2	[83.20 s]
0.0.Q3: Trace Attempt  3	[83.20 s]
0.0.Q3: Trace Attempt  4	[83.21 s]
0.0.Q3: Trace Attempt  5	[83.21 s]
0.0.Q3: Restart 324, Seed 959f849f76d80359, 50.0%
0.0.Q3: Trace Attempt  1	[83.49 s]
0.0.Q3: Trace Attempt  2	[83.50 s]
0.0.Q3: Trace Attempt  3	[83.50 s]
0.0.Q3: Trace Attempt  4	[83.50 s]
0.0.Q3: Trace Attempt  5	[83.50 s]
0.0.Q3: Restart 325, Seed 52eef248fb73e7b, 50.0%
0.0.Q3: Trace Attempt  1	[83.78 s]
0.0.Q3: Trace Attempt  2	[83.78 s]
0.0.Q3: Trace Attempt  3	[83.78 s]
0.0.Q3: Trace Attempt  4	[83.79 s]
0.0.Q3: Trace Attempt  5	[83.79 s]
0.0.Q3: Restart 326, Seed c3a50a55979a62b8, 50.0%
0.0.Q3: Trace Attempt  1	[84.07 s]
0.0.Q3: Trace Attempt  2	[84.07 s]
0.0.Q3: Trace Attempt  3	[84.07 s]
0.0.Q3: Trace Attempt  4	[84.08 s]
0.0.Q3: Trace Attempt  5	[84.08 s]
0.0.Q3: Restart 327, Seed 30b5277039974758, 50.0%
0.0.Q3: Trace Attempt  1	[84.36 s]
0.0.Q3: Trace Attempt  2	[84.36 s]
0.0.Q3: Trace Attempt  3	[84.37 s]
0.0.Q3: Trace Attempt  4	[84.37 s]
0.0.Q3: Trace Attempt  5	[84.37 s]
0.0.Q3: Restart 328, Seed dbb586d4a7ad77b8, 50.0%
0.0.Q3: Trace Attempt  1	[84.66 s]
0.0.Q3: Trace Attempt  2	[84.66 s]
0.0.Q3: Trace Attempt  3	[84.66 s]
0.0.Q3: Trace Attempt  4	[84.66 s]
0.0.Q3: Trace Attempt  5	[84.66 s]
0.0.Q3: Restart 329, Seed 8c982e6bb2dcb483, 50.0%
0.0.Q3: Trace Attempt  1	[84.94 s]
0.0.Q3: Trace Attempt  2	[84.95 s]
0.0.Q3: Trace Attempt  3	[84.95 s]
0.0.Q3: Trace Attempt  4	[84.95 s]
0.0.Q3: Trace Attempt  5	[84.95 s]
0.0.Q3: Restart 330, Seed dd53451748582837, 50.0%
0.0.Q3: Trace Attempt  1	[85.23 s]
0.0.Q3: Trace Attempt  2	[85.23 s]
0.0.Q3: Trace Attempt  3	[85.24 s]
0.0.Q3: Trace Attempt  4	[85.24 s]
0.0.Q3: Trace Attempt  5	[85.24 s]
0.0.Q2: Trace Attempt 1358	[85.52 s]
0.0.Q3: Restart 331, Seed c532eee24de9016e, 50.0%
0.0.Q3: Trace Attempt  1	[85.52 s]
0.0.Q3: Trace Attempt  2	[85.53 s]
0.0.Q3: Trace Attempt  3	[85.53 s]
0.0.Q3: Trace Attempt  4	[85.53 s]
0.0.Q3: Trace Attempt  5	[85.53 s]
0.0.Q3: Restart 332, Seed 69e3c1e49eba6aec, 50.0%
0.0.Q3: Trace Attempt  1	[85.81 s]
0.0.Q3: Trace Attempt  2	[85.81 s]
0.0.Q3: Trace Attempt  3	[85.82 s]
0.0.Q3: Trace Attempt  4	[85.82 s]
0.0.Q3: Trace Attempt  5	[85.82 s]
0.0.Q3: Restart 333, Seed a0266585585ee6cf, 50.0%
0.0.Q3: Trace Attempt  1	[86.10 s]
0.0.Q3: Trace Attempt  2	[86.10 s]
0.0.Q3: Trace Attempt  3	[86.11 s]
0.0.Q3: Trace Attempt  4	[86.11 s]
0.0.Q3: Trace Attempt  5	[86.11 s]
0.0.Q3: Restart 334, Seed c8cd5d6fff2e0c32, 50.0%
0.0.Q3: Trace Attempt  1	[86.39 s]
0.0.Q3: Trace Attempt  2	[86.39 s]
0.0.Q3: Trace Attempt  3	[86.39 s]
0.0.Q3: Trace Attempt  4	[86.39 s]
0.0.Q3: Trace Attempt  5	[86.40 s]
0.0.Q3: Restart 335, Seed f9d1a12e25c6a6eb, 50.0%
0.0.Q3: Trace Attempt  1	[86.68 s]
0.0.Q3: Trace Attempt  2	[86.68 s]
0.0.Q3: Trace Attempt  3	[86.68 s]
0.0.Q3: Trace Attempt  4	[86.68 s]
0.0.Q3: Trace Attempt  5	[86.69 s]
0.0.Q3: Restart 336, Seed 824b03b466677534, 50.0%
0.0.Q3: Trace Attempt  1	[86.97 s]
0.0.Q3: Trace Attempt  2	[86.97 s]
0.0.Q3: Trace Attempt  3	[86.97 s]
0.0.Q3: Trace Attempt  4	[86.97 s]
0.0.Q3: Trace Attempt  5	[86.97 s]
0.0.Q3: Restart 337, Seed 6a8c8610fc10f1fb, 50.0%
0.0.Q3: Trace Attempt  1	[87.25 s]
0.0.Q3: Trace Attempt  2	[87.26 s]
0.0.Q3: Trace Attempt  3	[87.26 s]
0.0.Q3: Trace Attempt  4	[87.26 s]
0.0.Q3: Trace Attempt  5	[87.26 s]
0.0.Q3: Restart 338, Seed 25af17492e8ff46c, 50.0%
0.0.Q3: Trace Attempt  1	[87.54 s]
0.0.Q3: Trace Attempt  2	[87.54 s]
0.0.Q3: Trace Attempt  3	[87.55 s]
0.0.Q3: Trace Attempt  4	[87.55 s]
0.0.Q3: Trace Attempt  5	[87.55 s]
0.0.Q3: Restart 339, Seed 8729440bd94c2c49, 50.0%
0.0.Q3: Trace Attempt  1	[87.83 s]
0.0.Q3: Trace Attempt  2	[87.83 s]
0.0.Q3: Trace Attempt  3	[87.83 s]
0.0.Q3: Trace Attempt  4	[87.83 s]
0.0.Q3: Trace Attempt  5	[87.83 s]
0.0.Q3: Restart 340, Seed b900f52be108a1b5, 50.0%
0.0.Q3: Trace Attempt  1	[88.12 s]
0.0.Q3: Trace Attempt  2	[88.12 s]
0.0.Q3: Trace Attempt  3	[88.12 s]
0.0.Q3: Trace Attempt  4	[88.12 s]
0.0.Q3: Trace Attempt  5	[88.12 s]
0.0.Q3: Restart 341, Seed 8ece67c50586a932, 50.0%
0.0.Q3: Trace Attempt  1	[88.40 s]
0.0.Q3: Trace Attempt  2	[88.41 s]
0.0.Q3: Trace Attempt  3	[88.41 s]
0.0.Q3: Trace Attempt  4	[88.41 s]
0.0.Q3: Trace Attempt  5	[88.41 s]
0.0.Q3: Restart 342, Seed 51d2a1350c0b6830, 50.0%
0.0.Q3: Trace Attempt  1	[88.69 s]
0.0.Q3: Trace Attempt  2	[88.69 s]
0.0.Q3: Trace Attempt  3	[88.69 s]
0.0.Q3: Trace Attempt  4	[88.70 s]
0.0.Q3: Trace Attempt  5	[88.70 s]
0.0.Q3: Restart 343, Seed a3c987d64a6fc9a2, 50.0%
0.0.Q3: Trace Attempt  1	[88.98 s]
0.0.Q3: Trace Attempt  2	[88.98 s]
0.0.Q3: Trace Attempt  3	[88.98 s]
0.0.Q3: Trace Attempt  4	[88.98 s]
0.0.Q3: Trace Attempt  5	[88.98 s]
0.0.Q3: Restart 344, Seed d226c369d5d36764, 50.0%
0.0.Q3: Trace Attempt  1	[89.27 s]
0.0.Q3: Trace Attempt  2	[89.27 s]
0.0.Q3: Trace Attempt  3	[89.27 s]
0.0.Q3: Trace Attempt  4	[89.27 s]
0.0.Q3: Trace Attempt  5	[89.27 s]
0.0.Q2: Trace Attempt 1399	[89.55 s]
0.0.Q3: Restart 345, Seed 83aa231ae097913, 50.0%
0.0.Q3: Trace Attempt  1	[89.56 s]
0.0.Q3: Trace Attempt  2	[89.56 s]
0.0.Q3: Trace Attempt  3	[89.56 s]
0.0.Q3: Trace Attempt  4	[89.56 s]
0.0.Q3: Trace Attempt  5	[89.56 s]
0.0.Q3: Restart 346, Seed 398dc66e286a7aed, 50.0%
0.0.Q3: Trace Attempt  1	[89.84 s]
0.0.Q3: Trace Attempt  2	[89.85 s]
0.0.Q3: Trace Attempt  3	[89.85 s]
0.0.Q3: Trace Attempt  4	[89.85 s]
0.0.Q3: Trace Attempt  5	[89.85 s]
0.0.Q3: Restart 347, Seed 1a384c9bb22343a5, 50.0%
0.0.Q3: Trace Attempt  1	[90.13 s]
0.0.Q3: Trace Attempt  2	[90.14 s]
0.0.Q3: Trace Attempt  3	[90.14 s]
0.0.Q3: Trace Attempt  4	[90.14 s]
0.0.Q3: Trace Attempt  5	[90.14 s]
0.0.Q3: Restart 348, Seed 17eab35254948a38, 50.0%
0.0.Q3: Trace Attempt  1	[90.42 s]
0.0.Q3: Trace Attempt  2	[90.42 s]
0.0.Q3: Trace Attempt  3	[90.42 s]
0.0.Q3: Trace Attempt  4	[90.42 s]
0.0.Q3: Trace Attempt  5	[90.43 s]
0.0.Q3: Restart 349, Seed 3916db63edf42d6e, 50.0%
0.0.Q3: Trace Attempt  1	[90.71 s]
0.0.Q3: Trace Attempt  2	[90.71 s]
0.0.Q3: Trace Attempt  3	[90.71 s]
0.0.Q3: Trace Attempt  4	[90.71 s]
0.0.Q3: Trace Attempt  5	[90.72 s]
0.0.Q3: Restart 350, Seed d434cd7ff9d743ce, 50.0%
0.0.Q3: Trace Attempt  1	[91.00 s]
0.0.Q3: Trace Attempt  2	[91.00 s]
0.0.Q3: Trace Attempt  3	[91.00 s]
0.0.Q3: Trace Attempt  4	[91.00 s]
0.0.Q3: Trace Attempt  5	[91.00 s]
0.0.Q3: Restart 351, Seed 4ef065430e8be8a5, 50.0%
0.0.Q3: Trace Attempt  1	[91.29 s]
0.0.Q3: Trace Attempt  2	[91.29 s]
0.0.Q3: Trace Attempt  3	[91.29 s]
0.0.Q3: Trace Attempt  4	[91.29 s]
0.0.Q3: Trace Attempt  5	[91.29 s]
0.0.Q3: Restart 352, Seed c68b82f3b7db0350, 50.0%
0.0.Q3: Trace Attempt  1	[91.57 s]
0.0.Q3: Trace Attempt  2	[91.57 s]
0.0.Q3: Trace Attempt  3	[91.58 s]
0.0.Q3: Trace Attempt  4	[91.58 s]
0.0.Q3: Trace Attempt  5	[91.58 s]
0.0.Q3: Restart 353, Seed e9d6ff677a75c944, 50.0%
0.0.Q3: Trace Attempt  1	[91.86 s]
0.0.Q3: Trace Attempt  2	[91.86 s]
0.0.Q3: Trace Attempt  3	[91.86 s]
0.0.Q3: Trace Attempt  4	[91.86 s]
0.0.Q3: Trace Attempt  5	[91.86 s]
0.0.Q3: Restart 354, Seed a3833f82717c89f4, 50.0%
0.0.Q3: Trace Attempt  1	[92.15 s]
0.0.Q3: Trace Attempt  2	[92.15 s]
0.0.Q3: Trace Attempt  3	[92.15 s]
0.0.Q3: Trace Attempt  4	[92.15 s]
0.0.Q3: Trace Attempt  5	[92.15 s]
0.0.Q3: Restart 355, Seed 86ee7f1d0a5bb190, 50.0%
0.0.Q3: Trace Attempt  1	[92.43 s]
0.0.Q3: Trace Attempt  2	[92.43 s]
0.0.Q3: Trace Attempt  3	[92.44 s]
0.0.Q3: Trace Attempt  4	[92.44 s]
0.0.Q3: Trace Attempt  5	[92.44 s]
0.0.Q3: Restart 356, Seed d4648a964be98103, 50.0%
0.0.Q3: Trace Attempt  1	[92.72 s]
0.0.Q3: Trace Attempt  2	[92.72 s]
0.0.Q3: Trace Attempt  3	[92.72 s]
0.0.Q3: Trace Attempt  4	[92.72 s]
0.0.Q3: Trace Attempt  5	[92.72 s]
0.0.Q3: Restart 357, Seed 9cd4137916bdff3a, 50.0%
0.0.Q3: Trace Attempt  1	[93.00 s]
0.0.Q3: Trace Attempt  2	[93.00 s]
0.0.Q3: Trace Attempt  3	[93.01 s]
0.0.Q3: Trace Attempt  4	[93.01 s]
0.0.Q3: Trace Attempt  5	[93.01 s]
0.0.Q3: Restart 358, Seed 781a26950e584e6d, 50.0%
0.0.Q3: Trace Attempt  1	[93.29 s]
0.0.Q3: Trace Attempt  2	[93.29 s]
0.0.Q3: Trace Attempt  3	[93.29 s]
0.0.Q3: Trace Attempt  4	[93.29 s]
0.0.Q3: Trace Attempt  5	[93.30 s]
0.0.Q3: Restart 359, Seed 4f33efe63153f0e7, 50.0%
0.0.Q3: Trace Attempt  1	[93.58 s]
0.0.Q3: Trace Attempt  2	[93.58 s]
0.0.Q3: Trace Attempt  3	[93.58 s]
0.0.Q3: Trace Attempt  4	[93.58 s]
0.0.Q3: Trace Attempt  5	[93.58 s]
0.0.Q2: Trace Attempt 1430	[93.66 s]
0.0.Q3: Restart 360, Seed ff7c4ec157290258, 50.0%
0.0.Q3: Trace Attempt  1	[93.86 s]
0.0.Q3: Trace Attempt  2	[93.86 s]
0.0.Q3: Trace Attempt  3	[93.87 s]
0.0.Q3: Trace Attempt  4	[93.87 s]
0.0.Q3: Trace Attempt  5	[93.87 s]
0.0.Q3: Restart 361, Seed ffab20aa501ad254, 50.0%
0.0.Q3: Trace Attempt  1	[94.15 s]
0.0.Q3: Trace Attempt  2	[94.15 s]
0.0.Q3: Trace Attempt  3	[94.15 s]
0.0.Q3: Trace Attempt  4	[94.15 s]
0.0.Q3: Trace Attempt  5	[94.16 s]
0.0.Q3: Restart 362, Seed a46c8ab98b576e49, 50.0%
0.0.Q3: Trace Attempt  1	[94.44 s]
0.0.Q3: Trace Attempt  2	[94.44 s]
0.0.Q3: Trace Attempt  3	[94.44 s]
0.0.Q3: Trace Attempt  4	[94.44 s]
0.0.Q3: Trace Attempt  5	[94.44 s]
0.0.Q3: Restart 363, Seed 56e59e39050ab723, 50.0%
0.0.Q3: Trace Attempt  1	[94.72 s]
0.0.Q3: Trace Attempt  2	[94.73 s]
0.0.Q3: Trace Attempt  3	[94.73 s]
0.0.Q3: Trace Attempt  4	[94.73 s]
0.0.Q3: Trace Attempt  5	[94.73 s]
0.0.Q3: Restart 364, Seed e1aa21302d8e7dd1, 50.0%
0.0.Q3: Trace Attempt  1	[95.01 s]
0.0.Q3: Trace Attempt  2	[95.01 s]
0.0.Q3: Trace Attempt  3	[95.01 s]
0.0.Q3: Trace Attempt  4	[95.02 s]
0.0.Q3: Trace Attempt  5	[95.02 s]
0.0.Q3: Restart 365, Seed da900127e63b9db, 50.0%
0.0.Q3: Trace Attempt  1	[95.30 s]
0.0.Q3: Trace Attempt  2	[95.30 s]
0.0.Q3: Trace Attempt  3	[95.30 s]
0.0.Q3: Trace Attempt  4	[95.30 s]
0.0.Q3: Trace Attempt  5	[95.30 s]
0.0.Q3: Restart 366, Seed 870e40f3c2d8d683, 50.0%
0.0.Q3: Trace Attempt  1	[95.59 s]
0.0.Q3: Trace Attempt  2	[95.59 s]
0.0.Q3: Trace Attempt  3	[95.59 s]
0.0.Q3: Trace Attempt  4	[95.59 s]
0.0.Q3: Trace Attempt  5	[95.59 s]
0.0.Q3: Restart 367, Seed d83ab5f0234e6578, 50.0%
0.0.Q3: Trace Attempt  1	[95.88 s]
0.0.Q3: Trace Attempt  2	[95.88 s]
0.0.Q3: Trace Attempt  3	[95.88 s]
0.0.Q3: Trace Attempt  4	[95.88 s]
0.0.Q3: Trace Attempt  5	[95.88 s]
0.0.Q3: Restart 368, Seed d13ce1325882b4aa, 50.0%
0.0.Q3: Trace Attempt  1	[96.16 s]
0.0.Q3: Trace Attempt  2	[96.17 s]
0.0.Q3: Trace Attempt  3	[96.17 s]
0.0.Q3: Trace Attempt  4	[96.17 s]
0.0.Q3: Trace Attempt  5	[96.17 s]
0.0.Q3: Restart 369, Seed fcbe339e6e1bc638, 50.0%
0.0.Q3: Trace Attempt  1	[96.45 s]
0.0.Q3: Trace Attempt  2	[96.45 s]
0.0.Q3: Trace Attempt  3	[96.46 s]
0.0.Q3: Trace Attempt  4	[96.46 s]
0.0.Q3: Trace Attempt  5	[96.46 s]
0.0.Q3: Restart 370, Seed 8bc8b459e6822ca1, 50.0%
0.0.Q3: Trace Attempt  1	[96.74 s]
0.0.Q3: Trace Attempt  2	[96.74 s]
0.0.Q3: Trace Attempt  3	[96.74 s]
0.0.Q3: Trace Attempt  4	[96.75 s]
0.0.Q3: Trace Attempt  5	[96.75 s]
0.0.Q3: Restart 371, Seed c565b2d99f028079, 50.0%
0.0.Q3: Trace Attempt  1	[97.03 s]
0.0.Q3: Trace Attempt  2	[97.03 s]
0.0.Q3: Trace Attempt  3	[97.03 s]
0.0.Q3: Trace Attempt  4	[97.03 s]
0.0.Q3: Trace Attempt  5	[97.03 s]
0.0.Q3: Restart 372, Seed 4202d2bc7d0c124f, 50.0%
0.0.Q3: Trace Attempt  1	[97.32 s]
0.0.Q3: Trace Attempt  2	[97.32 s]
0.0.Q3: Trace Attempt  3	[97.32 s]
0.0.Q3: Trace Attempt  4	[97.32 s]
0.0.Q3: Trace Attempt  5	[97.32 s]
0.0.Q3: Restart 373, Seed aacd5a0d9da49a6b, 50.0%
0.0.Q3: Trace Attempt  1	[97.61 s]
0.0.Q3: Trace Attempt  2	[97.61 s]
0.0.Q3: Trace Attempt  3	[97.61 s]
0.0.Q3: Trace Attempt  4	[97.61 s]
0.0.Q3: Trace Attempt  5	[97.61 s]
0.0.Q2: Trace Attempt 1471	[97.77 s]
0.0.Q3: Restart 374, Seed a02b7ac7425478af, 50.0%
0.0.Q3: Trace Attempt  1	[97.90 s]
0.0.Q3: Trace Attempt  2	[97.90 s]
0.0.Q3: Trace Attempt  3	[97.90 s]
0.0.Q3: Trace Attempt  4	[97.90 s]
0.0.Q3: Trace Attempt  5	[97.90 s]
0.0.Q3: Restart 375, Seed 82006887be2e628d, 50.0%
0.0.Q3: Trace Attempt  1	[98.19 s]
0.0.Q3: Trace Attempt  2	[98.19 s]
0.0.Q3: Trace Attempt  3	[98.19 s]
0.0.Q3: Trace Attempt  4	[98.19 s]
0.0.Q3: Trace Attempt  5	[98.19 s]
0.0.Q3: Restart 376, Seed cffe94286e3e5163, 50.0%
0.0.Q3: Trace Attempt  1	[98.48 s]
0.0.Q3: Trace Attempt  2	[98.48 s]
0.0.Q3: Trace Attempt  3	[98.48 s]
0.0.Q3: Trace Attempt  4	[98.48 s]
0.0.Q3: Trace Attempt  5	[98.48 s]
0.0.Q3: Restart 377, Seed c0d6bc801d3ac9a0, 50.0%
0.0.Q3: Trace Attempt  1	[98.77 s]
0.0.Q3: Trace Attempt  2	[98.77 s]
0.0.Q3: Trace Attempt  3	[98.77 s]
0.0.Q3: Trace Attempt  4	[98.77 s]
0.0.Q3: Trace Attempt  5	[98.77 s]
0.0.Q3: Restart 378, Seed 31b435b0f9b4f4f2, 50.0%
0.0.Q3: Trace Attempt  1	[99.06 s]
0.0.Q3: Trace Attempt  2	[99.06 s]
0.0.Q3: Trace Attempt  3	[99.06 s]
0.0.Q3: Trace Attempt  4	[99.06 s]
0.0.Q3: Trace Attempt  5	[99.06 s]
0.0.Q3: Restart 379, Seed de8ee3a5a61dcb7f, 50.0%
0.0.Q3: Trace Attempt  1	[99.34 s]
0.0.Q3: Trace Attempt  2	[99.35 s]
0.0.Q3: Trace Attempt  3	[99.35 s]
0.0.Q3: Trace Attempt  4	[99.35 s]
0.0.Q3: Trace Attempt  5	[99.35 s]
0.0.Q3: Restart 380, Seed 83cc11f39c28f92b, 50.0%
0.0.Q3: Trace Attempt  1	[99.63 s]
0.0.Q3: Trace Attempt  2	[99.63 s]
0.0.Q3: Trace Attempt  3	[99.63 s]
0.0.Q3: Trace Attempt  4	[99.64 s]
0.0.Q3: Trace Attempt  5	[99.64 s]
0.0.Q3: Restart 381, Seed 5c768747bb5f08b, 50.0%
0.0.Q3: Trace Attempt  1	[99.91 s]
0.0.Q3: Trace Attempt  2	[99.91 s]
0.0.Q3: Trace Attempt  3	[99.92 s]
0.0.Q3: Trace Attempt  4	[99.92 s]
0.0.Q3: Trace Attempt  5	[99.92 s]
0.0.Q3: Restart 382, Seed c6d2f91a0cdb2167, 50.0%
0.0.Q3: Trace Attempt  1	[100.19 s]
0.0.Q3: Trace Attempt  2	[100.20 s]
0.0.Q3: Trace Attempt  3	[100.20 s]
0.0.Q3: Trace Attempt  4	[100.20 s]
0.0.Q3: Trace Attempt  5	[100.20 s]
0.0.Q3: Restart 383, Seed eadde09ebdb8d958, 50.0%
0.0.Q3: Trace Attempt  1	[100.48 s]
0.0.Q3: Trace Attempt  2	[100.48 s]
0.0.Q3: Trace Attempt  3	[100.48 s]
0.0.Q3: Trace Attempt  4	[100.48 s]
0.0.Q3: Trace Attempt  5	[100.48 s]
0.0.Q3: Restart 384, Seed ad0e70054b88d2f7, 50.0%
0.0.Q3: Trace Attempt  1	[100.76 s]
0.0.Q3: Trace Attempt  2	[100.76 s]
0.0.Q3: Trace Attempt  3	[100.76 s]
0.0.Q3: Trace Attempt  4	[100.76 s]
0.0.Q3: Trace Attempt  5	[100.76 s]
0.0.Q3: Restart 385, Seed f9cb0a2168f90511, 50.0%
0.0.Q3: Trace Attempt  1	[101.04 s]
0.0.Q3: Trace Attempt  2	[101.04 s]
0.0.Q3: Trace Attempt  3	[101.04 s]
0.0.Q3: Trace Attempt  4	[101.04 s]
0.0.Q3: Trace Attempt  5	[101.05 s]
0.0.Q3: Restart 386, Seed 98b3866587b055ad, 50.0%
0.0.Q3: Trace Attempt  1	[101.32 s]
0.0.Q3: Trace Attempt  2	[101.33 s]
0.0.Q3: Trace Attempt  3	[101.33 s]
0.0.Q3: Trace Attempt  4	[101.33 s]
0.0.Q3: Trace Attempt  5	[101.33 s]
0.0.Q3: Restart 387, Seed 1db1c46e839a6087, 50.0%
0.0.Q3: Trace Attempt  1	[101.61 s]
0.0.Q3: Trace Attempt  2	[101.61 s]
0.0.Q3: Trace Attempt  3	[101.62 s]
0.0.Q3: Trace Attempt  4	[101.62 s]
0.0.Q3: Trace Attempt  5	[101.62 s]
0.0.Q2: Trace Attempt 1498	[101.78 s]
0.0.Q3: Restart 388, Seed 6bc08db92f7ca881, 50.0%
0.0.Q3: Trace Attempt  1	[101.90 s]
0.0.Q3: Trace Attempt  2	[101.90 s]
0.0.Q3: Trace Attempt  3	[101.90 s]
0.0.Q3: Trace Attempt  4	[101.91 s]
0.0.Q3: Trace Attempt  5	[101.91 s]
0.0.Q3: Restart 389, Seed 552a699cdac62319, 50.0%
0.0.Q3: Trace Attempt  1	[102.19 s]
0.0.Q3: Trace Attempt  2	[102.19 s]
0.0.Q3: Trace Attempt  3	[102.19 s]
0.0.Q3: Trace Attempt  4	[102.19 s]
0.0.Q3: Trace Attempt  5	[102.20 s]
0.0.Q3: Restart 390, Seed 91ad1da1a54f2118, 50.0%
0.0.Q3: Trace Attempt  1	[102.48 s]
0.0.Q3: Trace Attempt  2	[102.48 s]
0.0.Q3: Trace Attempt  3	[102.48 s]
0.0.Q3: Trace Attempt  4	[102.49 s]
0.0.Q3: Trace Attempt  5	[102.49 s]
0.0.Q3: Restart 391, Seed c9c5003db1b4ea5, 50.0%
0.0.Q3: Trace Attempt  1	[102.77 s]
0.0.Q3: Trace Attempt  2	[102.77 s]
0.0.Q3: Trace Attempt  3	[102.77 s]
0.0.Q3: Trace Attempt  4	[102.78 s]
0.0.Q3: Trace Attempt  5	[102.78 s]
0.0.Q3: Restart 392, Seed 66044e192cb0b4dd, 50.0%
0.0.Q3: Trace Attempt  1	[103.06 s]
0.0.Q3: Trace Attempt  2	[103.06 s]
0.0.Q3: Trace Attempt  3	[103.06 s]
0.0.Q3: Trace Attempt  4	[103.06 s]
0.0.Q3: Trace Attempt  5	[103.06 s]
0.0.Q3: Restart 393, Seed bf02cff073fdba37, 50.0%
0.0.Q3: Trace Attempt  1	[103.35 s]
0.0.Q3: Trace Attempt  2	[103.35 s]
0.0.Q3: Trace Attempt  3	[103.35 s]
0.0.Q3: Trace Attempt  4	[103.35 s]
0.0.Q3: Trace Attempt  5	[103.35 s]
0.0.Q3: Restart 394, Seed 7ca8d174e0afa11d, 50.0%
0.0.Q3: Trace Attempt  1	[103.64 s]
0.0.Q3: Trace Attempt  2	[103.64 s]
0.0.Q3: Trace Attempt  3	[103.64 s]
0.0.Q3: Trace Attempt  4	[103.64 s]
0.0.Q3: Trace Attempt  5	[103.64 s]
0.0.Q3: Restart 395, Seed 90451b9c14013223, 50.0%
0.0.Q3: Trace Attempt  1	[103.93 s]
0.0.Q3: Trace Attempt  2	[103.93 s]
0.0.Q3: Trace Attempt  3	[103.93 s]
0.0.Q3: Trace Attempt  4	[103.93 s]
0.0.Q3: Trace Attempt  5	[103.93 s]
0.0.Q3: Restart 396, Seed 7b49113350746cbf, 50.0%
0.0.Q3: Trace Attempt  1	[104.22 s]
0.0.Q3: Trace Attempt  2	[104.22 s]
0.0.Q3: Trace Attempt  3	[104.22 s]
0.0.Q3: Trace Attempt  4	[104.22 s]
0.0.Q3: Trace Attempt  5	[104.22 s]
0.0.Q3: Restart 397, Seed b1eee2c46857a557, 50.0%
0.0.Q3: Trace Attempt  1	[104.51 s]
0.0.Q3: Trace Attempt  2	[104.51 s]
0.0.Q3: Trace Attempt  3	[104.51 s]
0.0.Q3: Trace Attempt  4	[104.52 s]
0.0.Q3: Trace Attempt  5	[104.52 s]
0.0.Q3: Restart 398, Seed 3053355dc44ccb1a, 50.0%
0.0.Q3: Trace Attempt  1	[104.80 s]
0.0.Q3: Trace Attempt  2	[104.81 s]
0.0.Q3: Trace Attempt  3	[104.81 s]
0.0.Q3: Trace Attempt  4	[104.81 s]
0.0.Q3: Trace Attempt  5	[104.81 s]
0.0.Q3: Restart 399, Seed a88ac9b179cd9fd9, 50.0%
0.0.Q3: Trace Attempt  1	[105.10 s]
0.0.Q3: Trace Attempt  2	[105.10 s]
0.0.Q3: Trace Attempt  3	[105.10 s]
0.0.Q3: Trace Attempt  4	[105.10 s]
0.0.Q3: Trace Attempt  5	[105.10 s]
0.0.Q3: Restart 400, Seed 46582ca20dccfce, 50.0%
0.0.Q3: Trace Attempt  1	[105.39 s]
0.0.Q3: Trace Attempt  2	[105.39 s]
0.0.Q3: Trace Attempt  3	[105.39 s]
0.0.Q3: Trace Attempt  4	[105.39 s]
0.0.Q3: Trace Attempt  5	[105.39 s]
0.0.Q3: Restart 401, Seed bf199148dcebf3ed, 50.0%
0.0.Q3: Trace Attempt  1	[105.68 s]
0.0.Q3: Trace Attempt  2	[105.68 s]
0.0.Q3: Trace Attempt  3	[105.68 s]
0.0.Q3: Trace Attempt  4	[105.68 s]
0.0.Q3: Trace Attempt  5	[105.69 s]
0.0.Q2: Trace Attempt 1546	[105.85 s]
0.0.Q3: Restart 402, Seed 83c538010928f021, 50.0%
0.0.Q3: Trace Attempt  1	[105.97 s]
0.0.Q3: Trace Attempt  2	[105.97 s]
0.0.Q3: Trace Attempt  3	[105.97 s]
0.0.Q3: Trace Attempt  4	[105.98 s]
0.0.Q3: Trace Attempt  5	[105.98 s]
0.0.Q3: Restart 403, Seed 46e862bb97fa4f16, 50.0%
0.0.Q3: Trace Attempt  1	[106.26 s]
0.0.Q3: Trace Attempt  2	[106.26 s]
0.0.Q3: Trace Attempt  3	[106.27 s]
0.0.Q3: Trace Attempt  4	[106.27 s]
0.0.Q3: Trace Attempt  5	[106.27 s]
0.0.Q3: Restart 404, Seed 152d8411230bb740, 50.0%
0.0.Q3: Trace Attempt  1	[106.55 s]
0.0.Q3: Trace Attempt  2	[106.56 s]
0.0.Q3: Trace Attempt  3	[106.56 s]
0.0.Q3: Trace Attempt  4	[106.56 s]
0.0.Q3: Trace Attempt  5	[106.56 s]
0.0.Q3: Restart 405, Seed dbacd98446f4dffa, 50.0%
0.0.Q3: Trace Attempt  1	[106.84 s]
0.0.Q3: Trace Attempt  2	[106.84 s]
0.0.Q3: Trace Attempt  3	[106.85 s]
0.0.Q3: Trace Attempt  4	[106.85 s]
0.0.Q3: Trace Attempt  5	[106.85 s]
0.0.Q3: Restart 406, Seed 44a30609d81d362f, 50.0%
0.0.Q3: Trace Attempt  1	[107.13 s]
0.0.Q3: Trace Attempt  2	[107.14 s]
0.0.Q3: Trace Attempt  3	[107.14 s]
0.0.Q3: Trace Attempt  4	[107.14 s]
0.0.Q3: Trace Attempt  5	[107.14 s]
0.0.Q3: Restart 407, Seed 7ce5921618ec61c5, 50.0%
0.0.Q3: Trace Attempt  1	[107.42 s]
0.0.Q3: Trace Attempt  2	[107.42 s]
0.0.Q3: Trace Attempt  3	[107.43 s]
0.0.Q3: Trace Attempt  4	[107.43 s]
0.0.Q3: Trace Attempt  5	[107.43 s]
0.0.Q3: Restart 408, Seed 84aac4c9ea9b0d5, 50.0%
0.0.Q3: Trace Attempt  1	[107.71 s]
0.0.Q3: Trace Attempt  2	[107.71 s]
0.0.Q3: Trace Attempt  3	[107.71 s]
0.0.Q3: Trace Attempt  4	[107.71 s]
0.0.Q3: Trace Attempt  5	[107.72 s]
0.0.Q3: Restart 409, Seed e10f219c93cd3529, 50.0%
0.0.Q3: Trace Attempt  1	[108.00 s]
0.0.Q3: Trace Attempt  2	[108.00 s]
0.0.Q3: Trace Attempt  3	[108.00 s]
0.0.Q3: Trace Attempt  4	[108.00 s]
0.0.Q3: Trace Attempt  5	[108.00 s]
0.0.Q3: Restart 410, Seed 48fcab51943d9efc, 50.0%
0.0.Q3: Trace Attempt  1	[108.29 s]
0.0.Q3: Trace Attempt  2	[108.29 s]
0.0.Q3: Trace Attempt  3	[108.29 s]
0.0.Q3: Trace Attempt  4	[108.29 s]
0.0.Q3: Trace Attempt  5	[108.29 s]
0.0.Q3: Restart 411, Seed 6ee44de888a93348, 50.0%
0.0.Q3: Trace Attempt  1	[108.58 s]
0.0.Q3: Trace Attempt  2	[108.58 s]
0.0.Q3: Trace Attempt  3	[108.58 s]
0.0.Q3: Trace Attempt  4	[108.58 s]
0.0.Q3: Trace Attempt  5	[108.58 s]
0.0.Q3: Restart 412, Seed aba1ff5e8acbb827, 50.0%
0.0.Q3: Trace Attempt  1	[108.86 s]
0.0.Q3: Trace Attempt  2	[108.87 s]
0.0.Q3: Trace Attempt  3	[108.87 s]
0.0.Q3: Trace Attempt  4	[108.87 s]
0.0.Q3: Trace Attempt  5	[108.87 s]
0.0.Q3: Restart 413, Seed 1e9304dc96e18941, 50.0%
0.0.Q3: Trace Attempt  1	[109.15 s]
0.0.Q3: Trace Attempt  2	[109.15 s]
0.0.Q3: Trace Attempt  3	[109.16 s]
0.0.Q3: Trace Attempt  4	[109.16 s]
0.0.Q3: Trace Attempt  5	[109.16 s]
0.0.Q3: Restart 414, Seed 7d80d1d2464f6a61, 50.0%
0.0.Q3: Trace Attempt  1	[109.44 s]
0.0.Q3: Trace Attempt  2	[109.44 s]
0.0.Q3: Trace Attempt  3	[109.44 s]
0.0.Q3: Trace Attempt  4	[109.44 s]
0.0.Q3: Trace Attempt  5	[109.45 s]
0.0.Q3: Restart 415, Seed 3bcceb032b331c24, 50.0%
0.0.Q3: Trace Attempt  1	[109.73 s]
0.0.Q3: Trace Attempt  2	[109.73 s]
0.0.Q3: Trace Attempt  3	[109.73 s]
0.0.Q3: Trace Attempt  4	[109.73 s]
0.0.Q3: Trace Attempt  5	[109.73 s]
0.0.Q2: Trace Attempt 1579	[109.86 s]
0.0.Q3: Restart 416, Seed da19e0d0386ee045, 50.0%
0.0.Q3: Trace Attempt  1	[110.01 s]
0.0.Q3: Trace Attempt  2	[110.01 s]
0.0.Q3: Trace Attempt  3	[110.01 s]
0.0.Q3: Trace Attempt  4	[110.02 s]
0.0.Q3: Trace Attempt  5	[110.02 s]
0.0.Q3: Restart 417, Seed 8293f1890ce05a3e, 50.0%
0.0.Q3: Trace Attempt  1	[110.30 s]
0.0.Q3: Trace Attempt  2	[110.30 s]
0.0.Q3: Trace Attempt  3	[110.30 s]
0.0.Q3: Trace Attempt  4	[110.30 s]
0.0.Q3: Trace Attempt  5	[110.30 s]
0.0.Q3: Restart 418, Seed 9d8a20b9cb1ad063, 50.0%
0.0.Q3: Trace Attempt  1	[110.58 s]
0.0.Q3: Trace Attempt  2	[110.58 s]
0.0.Q3: Trace Attempt  3	[110.59 s]
0.0.Q3: Trace Attempt  4	[110.59 s]
0.0.Q3: Trace Attempt  5	[110.59 s]
0.0.Q3: Restart 419, Seed 6ac75d48b0707adc, 50.0%
0.0.Q3: Trace Attempt  1	[110.87 s]
0.0.Q3: Trace Attempt  2	[110.87 s]
0.0.Q3: Trace Attempt  3	[110.87 s]
0.0.Q3: Trace Attempt  4	[110.87 s]
0.0.Q3: Trace Attempt  5	[110.87 s]
0.0.Q3: Restart 420, Seed c2a527e5eb96d6d, 50.0%
0.0.Q3: Trace Attempt  1	[111.15 s]
0.0.Q3: Trace Attempt  2	[111.16 s]
0.0.Q3: Trace Attempt  3	[111.16 s]
0.0.Q3: Trace Attempt  4	[111.16 s]
0.0.Q3: Trace Attempt  5	[111.16 s]
0.0.Q3: Restart 421, Seed 83612b26d130dc5a, 50.0%
0.0.Q3: Trace Attempt  1	[111.44 s]
0.0.Q3: Trace Attempt  2	[111.44 s]
0.0.Q3: Trace Attempt  3	[111.44 s]
0.0.Q3: Trace Attempt  4	[111.44 s]
0.0.Q3: Trace Attempt  5	[111.44 s]
0.0.Q3: Restart 422, Seed 25111c69faa536cc, 50.0%
0.0.Q3: Trace Attempt  1	[111.72 s]
0.0.Q3: Trace Attempt  2	[111.72 s]
0.0.Q3: Trace Attempt  3	[111.73 s]
0.0.Q3: Trace Attempt  4	[111.73 s]
0.0.Q3: Trace Attempt  5	[111.73 s]
0.0.Q3: Restart 423, Seed af9b819af35fd912, 50.0%
0.0.Q3: Trace Attempt  1	[112.01 s]
0.0.Q3: Trace Attempt  2	[112.01 s]
0.0.Q3: Trace Attempt  3	[112.01 s]
0.0.Q3: Trace Attempt  4	[112.01 s]
0.0.Q3: Trace Attempt  5	[112.01 s]
0.0.Q3: Restart 424, Seed 6d3b1af49f133c29, 50.0%
0.0.Q3: Trace Attempt  1	[112.29 s]
0.0.Q3: Trace Attempt  2	[112.30 s]
0.0.Q3: Trace Attempt  3	[112.30 s]
0.0.Q3: Trace Attempt  4	[112.30 s]
0.0.Q3: Trace Attempt  5	[112.30 s]
0.0.Q3: Restart 425, Seed d627faac6351dd4c, 50.0%
0.0.Q3: Trace Attempt  1	[112.58 s]
0.0.Q3: Trace Attempt  2	[112.58 s]
0.0.Q3: Trace Attempt  3	[112.58 s]
0.0.Q3: Trace Attempt  4	[112.58 s]
0.0.Q3: Trace Attempt  5	[112.58 s]
0.0.Q3: Restart 426, Seed 50871a1764104119, 50.0%
0.0.Q3: Trace Attempt  1	[112.86 s]
0.0.Q3: Trace Attempt  2	[112.87 s]
0.0.Q3: Trace Attempt  3	[112.87 s]
0.0.Q3: Trace Attempt  4	[112.87 s]
0.0.Q3: Trace Attempt  5	[112.87 s]
0.0.Q3: Restart 427, Seed dd025bfa333fb824, 50.0%
0.0.Q3: Trace Attempt  1	[113.15 s]
0.0.Q3: Trace Attempt  2	[113.15 s]
0.0.Q3: Trace Attempt  3	[113.15 s]
0.0.Q3: Trace Attempt  4	[113.15 s]
0.0.Q3: Trace Attempt  5	[113.16 s]
0.0.Q3: Restart 428, Seed 5776883e6a6ff35a, 50.0%
0.0.Q3: Trace Attempt  1	[113.44 s]
0.0.Q3: Trace Attempt  2	[113.44 s]
0.0.Q3: Trace Attempt  3	[113.44 s]
0.0.Q3: Trace Attempt  4	[113.44 s]
0.0.Q3: Trace Attempt  5	[113.44 s]
0.0.Q3: Restart 429, Seed 899bcca14373417f, 50.0%
0.0.Q3: Trace Attempt  1	[113.72 s]
0.0.Q3: Trace Attempt  2	[113.72 s]
0.0.Q3: Trace Attempt  3	[113.72 s]
0.0.Q3: Trace Attempt  4	[113.73 s]
0.0.Q3: Trace Attempt  5	[113.73 s]
0.0.Q2: Trace Attempt 1613	[113.94 s]
0.0.Q3: Restart 430, Seed 56a83b6ac770456d, 50.0%
0.0.Q3: Trace Attempt  1	[114.01 s]
0.0.Q3: Trace Attempt  2	[114.01 s]
0.0.Q3: Trace Attempt  3	[114.02 s]
0.0.Q3: Trace Attempt  4	[114.02 s]
0.0.Q3: Trace Attempt  5	[114.02 s]
0.0.Q3: Restart 431, Seed 9af3f5a4a8804999, 50.0%
0.0.Q3: Trace Attempt  1	[114.31 s]
0.0.Q3: Trace Attempt  2	[114.31 s]
0.0.Q3: Trace Attempt  3	[114.31 s]
0.0.Q3: Trace Attempt  4	[114.31 s]
0.0.Q3: Trace Attempt  5	[114.32 s]
0.0.Q3: Restart 432, Seed 8da6ccf6475eab84, 50.0%
0.0.Q3: Trace Attempt  1	[114.61 s]
0.0.Q3: Trace Attempt  2	[114.61 s]
0.0.Q3: Trace Attempt  3	[114.61 s]
0.0.Q3: Trace Attempt  4	[114.61 s]
0.0.Q3: Trace Attempt  5	[114.62 s]
0.0.Q3: Restart 433, Seed 21e5b20c6d4c017d, 50.0%
0.0.Q3: Trace Attempt  1	[114.91 s]
0.0.Q3: Trace Attempt  2	[114.91 s]
0.0.Q3: Trace Attempt  3	[114.91 s]
0.0.Q3: Trace Attempt  4	[114.92 s]
0.0.Q3: Trace Attempt  5	[114.92 s]
0.0.Q3: Restart 434, Seed 674628856a073750, 50.0%
0.0.Q3: Trace Attempt  1	[115.21 s]
0.0.Q3: Trace Attempt  2	[115.21 s]
0.0.Q3: Trace Attempt  3	[115.22 s]
0.0.Q3: Trace Attempt  4	[115.22 s]
0.0.Q3: Trace Attempt  5	[115.22 s]
0.0.Q3: Restart 435, Seed cafb920bb0cc6fc0, 50.0%
0.0.Q3: Trace Attempt  1	[115.51 s]
0.0.Q3: Trace Attempt  2	[115.51 s]
0.0.Q3: Trace Attempt  3	[115.52 s]
0.0.Q3: Trace Attempt  4	[115.52 s]
0.0.Q3: Trace Attempt  5	[115.52 s]
0.0.Q3: Restart 436, Seed 1b1644c493c5361d, 50.0%
0.0.Q3: Trace Attempt  1	[115.82 s]
0.0.Q3: Trace Attempt  2	[115.82 s]
0.0.Q3: Trace Attempt  3	[115.82 s]
0.0.Q3: Trace Attempt  4	[115.82 s]
0.0.Q3: Trace Attempt  5	[115.82 s]
0.0.Q3: Restart 437, Seed 3b14e52e6e313ab2, 50.0%
0.0.Q3: Trace Attempt  1	[116.12 s]
0.0.Q3: Trace Attempt  2	[116.12 s]
0.0.Q3: Trace Attempt  3	[116.12 s]
0.0.Q3: Trace Attempt  4	[116.13 s]
0.0.Q3: Trace Attempt  5	[116.13 s]
0.0.Q3: Restart 438, Seed 5c1e58b41a4c9b3e, 50.0%
0.0.Q3: Trace Attempt  1	[116.43 s]
0.0.Q3: Trace Attempt  2	[116.43 s]
0.0.Q3: Trace Attempt  3	[116.43 s]
0.0.Q3: Trace Attempt  4	[116.43 s]
0.0.Q3: Trace Attempt  5	[116.43 s]
0.0.Q3: Restart 439, Seed a1d40c3189c2e5c4, 50.0%
0.0.Q3: Trace Attempt  1	[116.74 s]
0.0.Q3: Trace Attempt  2	[116.74 s]
0.0.Q3: Trace Attempt  3	[116.74 s]
0.0.Q3: Trace Attempt  4	[116.75 s]
0.0.Q3: Trace Attempt  5	[116.75 s]
0.0.Q3: Restart 440, Seed c4877c5596baf670, 50.0%
0.0.Q3: Trace Attempt  1	[117.05 s]
0.0.Q3: Trace Attempt  2	[117.05 s]
0.0.Q3: Trace Attempt  3	[117.05 s]
0.0.Q3: Trace Attempt  4	[117.05 s]
0.0.Q3: Trace Attempt  5	[117.06 s]
0.0.Q3: Restart 441, Seed f376fa50cbeb9b58, 50.0%
0.0.Q3: Trace Attempt  1	[117.35 s]
0.0.Q3: Trace Attempt  2	[117.36 s]
0.0.Q3: Trace Attempt  3	[117.36 s]
0.0.Q3: Trace Attempt  4	[117.36 s]
0.0.Q3: Trace Attempt  5	[117.36 s]
0.0.Q3: Restart 442, Seed 13cbde06b0206caa, 50.0%
0.0.Q3: Trace Attempt  1	[117.66 s]
0.0.Q3: Trace Attempt  2	[117.66 s]
0.0.Q3: Trace Attempt  3	[117.66 s]
0.0.Q3: Trace Attempt  4	[117.66 s]
0.0.Q3: Trace Attempt  5	[117.66 s]
0.0.Q3: Restart 443, Seed 51eb4c016cb099c3, 50.0%
0.0.Q3: Trace Attempt  1	[117.96 s]
0.0.Q3: Trace Attempt  2	[117.97 s]
0.0.Q3: Trace Attempt  3	[117.97 s]
0.0.Q3: Trace Attempt  4	[117.97 s]
0.0.Q3: Trace Attempt  5	[117.97 s]
0.0.Q2: Trace Attempt 1645	[118.02 s]
0.0.Q3: Restart 444, Seed 5bf99dab222051c5, 50.0%
0.0.Q3: Trace Attempt  1	[118.27 s]
0.0.Q3: Trace Attempt  2	[118.27 s]
0.0.Q3: Trace Attempt  3	[118.27 s]
0.0.Q3: Trace Attempt  4	[118.27 s]
0.0.Q3: Trace Attempt  5	[118.27 s]
0.0.Q3: Restart 445, Seed b9738b5e835564fc, 50.0%
0.0.Q3: Trace Attempt  1	[118.58 s]
0.0.Q3: Trace Attempt  2	[118.58 s]
0.0.Q3: Trace Attempt  3	[118.58 s]
0.0.Q3: Trace Attempt  4	[118.58 s]
0.0.Q3: Trace Attempt  5	[118.58 s]
0.0.Q3: Restart 446, Seed 76d1bca79e1d8fc6, 50.0%
0.0.Q3: Trace Attempt  1	[118.89 s]
0.0.Q3: Trace Attempt  2	[118.89 s]
0.0.Q3: Trace Attempt  3	[118.89 s]
0.0.Q3: Trace Attempt  4	[118.89 s]
0.0.Q3: Trace Attempt  5	[118.89 s]
0.0.Q3: Restart 447, Seed a3831a11f2aee07e, 50.0%
0.0.Q3: Trace Attempt  1	[119.19 s]
0.0.Q3: Trace Attempt  2	[119.20 s]
0.0.Q3: Trace Attempt  3	[119.20 s]
0.0.Q3: Trace Attempt  4	[119.20 s]
0.0.Q3: Trace Attempt  5	[119.20 s]
0.0.Q3: Restart 448, Seed 4fc92892fec16832, 50.0%
0.0.Q3: Trace Attempt  1	[119.50 s]
0.0.Q3: Trace Attempt  2	[119.51 s]
0.0.Q3: Trace Attempt  3	[119.51 s]
0.0.Q3: Trace Attempt  4	[119.51 s]
0.0.Q3: Trace Attempt  5	[119.51 s]
0.0.Q3: Restart 449, Seed b2f3e4e495763714, 50.0%
0.0.Q3: Trace Attempt  1	[119.81 s]
0.0.Q3: Trace Attempt  2	[119.81 s]
0.0.Q3: Trace Attempt  3	[119.82 s]
0.0.Q3: Trace Attempt  4	[119.82 s]
0.0.Q3: Trace Attempt  5	[119.82 s]
0.0.Q3: Restart 450, Seed f3df672334a2efe, 50.0%
0.0.Q3: Trace Attempt  1	[120.12 s]
0.0.Q3: Trace Attempt  2	[120.12 s]
0.0.Q3: Trace Attempt  3	[120.12 s]
0.0.Q3: Trace Attempt  4	[120.13 s]
0.0.Q3: Trace Attempt  5	[120.13 s]
0.0.Q3: Restart 451, Seed b43db23f03bcec02, 50.0%
0.0.Q3: Trace Attempt  1	[120.43 s]
0.0.Q3: Trace Attempt  2	[120.43 s]
0.0.Q3: Trace Attempt  3	[120.43 s]
0.0.Q3: Trace Attempt  4	[120.44 s]
0.0.Q3: Trace Attempt  5	[120.44 s]
0.0.Q3: Restart 452, Seed 3362f4decb9c480f, 50.0%
0.0.Q3: Trace Attempt  1	[120.74 s]
0.0.Q3: Trace Attempt  2	[120.74 s]
0.0.Q3: Trace Attempt  3	[120.74 s]
0.0.Q3: Trace Attempt  4	[120.74 s]
0.0.Q3: Trace Attempt  5	[120.74 s]
0.0.Q3: Restart 453, Seed 930a0baeba2bc0c0, 50.0%
0.0.Q3: Trace Attempt  1	[121.05 s]
0.0.Q3: Trace Attempt  2	[121.05 s]
0.0.Q3: Trace Attempt  3	[121.05 s]
0.0.Q3: Trace Attempt  4	[121.05 s]
0.0.Q3: Trace Attempt  5	[121.05 s]
0.0.Q3: Restart 454, Seed 925a8d735ba28833, 50.0%
0.0.Q3: Trace Attempt  1	[121.36 s]
0.0.Q3: Trace Attempt  2	[121.36 s]
0.0.Q3: Trace Attempt  3	[121.36 s]
0.0.Q3: Trace Attempt  4	[121.36 s]
0.0.Q3: Trace Attempt  5	[121.36 s]
0.0.Q3: Restart 455, Seed aaf2675bf3b2987c, 50.0%
0.0.Q3: Trace Attempt  1	[121.67 s]
0.0.Q3: Trace Attempt  2	[121.67 s]
0.0.Q3: Trace Attempt  3	[121.67 s]
0.0.Q3: Trace Attempt  4	[121.67 s]
0.0.Q3: Trace Attempt  5	[121.67 s]
0.0.Q3: Restart 456, Seed 4089b5ce94f4000a, 50.0%
0.0.Q3: Trace Attempt  1	[121.97 s]
0.0.Q3: Trace Attempt  2	[121.97 s]
0.0.Q3: Trace Attempt  3	[121.98 s]
0.0.Q3: Trace Attempt  4	[121.98 s]
0.0.Q3: Trace Attempt  5	[121.98 s]
0.0.Q2: Trace Attempt 1678	[122.03 s]
0.0.Q3: Restart 457, Seed a84de4d51bbc046b, 50.0%
0.0.Q3: Trace Attempt  1	[122.28 s]
0.0.Q3: Trace Attempt  2	[122.28 s]
0.0.Q3: Trace Attempt  3	[122.28 s]
0.0.Q3: Trace Attempt  4	[122.28 s]
0.0.Q3: Trace Attempt  5	[122.28 s]
0.0.Q3: Restart 458, Seed 59c04b7e5c43b029, 50.0%
0.0.Q3: Trace Attempt  1	[122.59 s]
0.0.Q3: Trace Attempt  2	[122.59 s]
0.0.Q3: Trace Attempt  3	[122.59 s]
0.0.Q3: Trace Attempt  4	[122.59 s]
0.0.Q3: Trace Attempt  5	[122.59 s]
0.0.Q3: Restart 459, Seed 458d0c57ab528620, 50.0%
0.0.Q3: Trace Attempt  1	[122.89 s]
0.0.Q3: Trace Attempt  2	[122.89 s]
0.0.Q3: Trace Attempt  3	[122.89 s]
0.0.Q3: Trace Attempt  4	[122.90 s]
0.0.Q3: Trace Attempt  5	[122.90 s]
0.0.Q3: Restart 460, Seed 393352e4aa3c27ff, 50.0%
0.0.Q3: Trace Attempt  1	[123.20 s]
0.0.Q3: Trace Attempt  2	[123.20 s]
0.0.Q3: Trace Attempt  3	[123.20 s]
0.0.Q3: Trace Attempt  4	[123.20 s]
0.0.Q3: Trace Attempt  5	[123.20 s]
0.0.Q3: Restart 461, Seed d948bdcb032b3f02, 50.0%
0.0.Q3: Trace Attempt  1	[123.50 s]
0.0.Q3: Trace Attempt  2	[123.51 s]
0.0.Q3: Trace Attempt  3	[123.51 s]
0.0.Q3: Trace Attempt  4	[123.51 s]
0.0.Q3: Trace Attempt  5	[123.51 s]
0.0.Q3: Restart 462, Seed c2e41f675fadca93, 50.0%
0.0.Q3: Trace Attempt  1	[123.81 s]
0.0.Q3: Trace Attempt  2	[123.81 s]
0.0.Q3: Trace Attempt  3	[123.81 s]
0.0.Q3: Trace Attempt  4	[123.81 s]
0.0.Q3: Trace Attempt  5	[123.81 s]
0.0.Q3: Restart 463, Seed 4951a7e419df2c1b, 50.0%
0.0.Q3: Trace Attempt  1	[124.11 s]
0.0.Q3: Trace Attempt  2	[124.11 s]
0.0.Q3: Trace Attempt  3	[124.12 s]
0.0.Q3: Trace Attempt  4	[124.12 s]
0.0.Q3: Trace Attempt  5	[124.12 s]
0.0.Q3: Restart 464, Seed a7bfce228d860939, 50.0%
0.0.Q3: Trace Attempt  1	[124.42 s]
0.0.Q3: Trace Attempt  2	[124.42 s]
0.0.Q3: Trace Attempt  3	[124.42 s]
0.0.Q3: Trace Attempt  4	[124.42 s]
0.0.Q3: Trace Attempt  5	[124.43 s]
0.0.Q3: Restart 465, Seed 60830d361ab97318, 50.0%
0.0.Q3: Trace Attempt  1	[124.73 s]
0.0.Q3: Trace Attempt  2	[124.73 s]
0.0.Q3: Trace Attempt  3	[124.73 s]
0.0.Q3: Trace Attempt  4	[124.74 s]
0.0.Q3: Trace Attempt  5	[124.74 s]
0.0.Q3: Restart 466, Seed 5261a29b4e92d883, 50.0%
0.0.Q3: Trace Attempt  1	[125.04 s]
0.0.Q3: Trace Attempt  2	[125.04 s]
0.0.Q3: Trace Attempt  3	[125.04 s]
0.0.Q3: Trace Attempt  4	[125.04 s]
0.0.Q3: Trace Attempt  5	[125.05 s]
0.0.Q3: Restart 467, Seed 767752047211b942, 50.0%
0.0.Q3: Trace Attempt  1	[125.35 s]
0.0.Q3: Trace Attempt  2	[125.35 s]
0.0.Q3: Trace Attempt  3	[125.35 s]
0.0.Q3: Trace Attempt  4	[125.35 s]
0.0.Q3: Trace Attempt  5	[125.35 s]
0.0.Q3: Restart 468, Seed fc360bef4f3da0d7, 50.0%
0.0.Q3: Trace Attempt  1	[125.66 s]
0.0.Q3: Trace Attempt  2	[125.66 s]
0.0.Q3: Trace Attempt  3	[125.66 s]
0.0.Q3: Trace Attempt  4	[125.66 s]
0.0.Q3: Trace Attempt  5	[125.66 s]
0.0.Q3: Restart 469, Seed cf321e898cde7001, 50.0%
0.0.Q3: Trace Attempt  1	[125.96 s]
0.0.Q3: Trace Attempt  2	[125.96 s]
0.0.Q3: Trace Attempt  3	[125.97 s]
0.0.Q3: Trace Attempt  4	[125.97 s]
0.0.Q3: Trace Attempt  5	[125.97 s]
0.0.Q2: Trace Attempt 1717	[126.13 s]
0.0.Q3: Restart 470, Seed fe2eab42160662ff, 50.0%
0.0.Q3: Trace Attempt  1	[126.28 s]
0.0.Q3: Trace Attempt  2	[126.28 s]
0.0.Q3: Trace Attempt  3	[126.28 s]
0.0.Q3: Trace Attempt  4	[126.28 s]
0.0.Q3: Trace Attempt  5	[126.28 s]
0.0.Q3: Restart 471, Seed 29d267ed8dae546e, 50.0%
0.0.Q3: Trace Attempt  1	[126.58 s]
0.0.Q3: Trace Attempt  2	[126.58 s]
0.0.Q3: Trace Attempt  3	[126.59 s]
0.0.Q3: Trace Attempt  4	[126.59 s]
0.0.Q3: Trace Attempt  5	[126.59 s]
0.0.Q3: Restart 472, Seed 71429d86d3d2751c, 50.0%
0.0.Q3: Trace Attempt  1	[126.89 s]
0.0.Q3: Trace Attempt  2	[126.89 s]
0.0.Q3: Trace Attempt  3	[126.89 s]
0.0.Q3: Trace Attempt  4	[126.89 s]
0.0.Q3: Trace Attempt  5	[126.89 s]
0.0.Q3: Restart 473, Seed 16ac99820d7c97d3, 50.0%
0.0.Q3: Trace Attempt  1	[127.20 s]
0.0.Q3: Trace Attempt  2	[127.20 s]
0.0.Q3: Trace Attempt  3	[127.20 s]
0.0.Q3: Trace Attempt  4	[127.20 s]
0.0.Q3: Trace Attempt  5	[127.20 s]
0.0.Q3: Restart 474, Seed 24f836e2f73e7cfc, 50.0%
0.0.Q3: Trace Attempt  1	[127.50 s]
0.0.Q3: Trace Attempt  2	[127.50 s]
0.0.Q3: Trace Attempt  3	[127.51 s]
0.0.Q3: Trace Attempt  4	[127.51 s]
0.0.Q3: Trace Attempt  5	[127.51 s]
0.0.Q3: Restart 475, Seed 773c7eb6a6511808, 50.0%
0.0.Q3: Trace Attempt  1	[127.81 s]
0.0.Q3: Trace Attempt  2	[127.81 s]
0.0.Q3: Trace Attempt  3	[127.81 s]
0.0.Q3: Trace Attempt  4	[127.81 s]
0.0.Q3: Trace Attempt  5	[127.81 s]
0.0.Q3: Restart 476, Seed ad888d9a50fe168d, 50.0%
0.0.Q3: Trace Attempt  1	[128.12 s]
0.0.Q3: Trace Attempt  2	[128.12 s]
0.0.Q3: Trace Attempt  3	[128.12 s]
0.0.Q3: Trace Attempt  4	[128.12 s]
0.0.Q3: Trace Attempt  5	[128.12 s]
0.0.Q3: Restart 477, Seed 97c518aac367204, 50.0%
0.0.Q3: Trace Attempt  1	[128.42 s]
0.0.Q3: Trace Attempt  2	[128.43 s]
0.0.Q3: Trace Attempt  3	[128.43 s]
0.0.Q3: Trace Attempt  4	[128.43 s]
0.0.Q3: Trace Attempt  5	[128.43 s]
0.0.Q3: Restart 478, Seed b16d3f7d21f16684, 50.0%
0.0.Q3: Trace Attempt  1	[128.73 s]
0.0.Q3: Trace Attempt  2	[128.73 s]
0.0.Q3: Trace Attempt  3	[128.73 s]
0.0.Q3: Trace Attempt  4	[128.73 s]
0.0.Q3: Trace Attempt  5	[128.74 s]
0.0.Q3: Restart 479, Seed 10e3c93b49f04d03, 50.0%
0.0.Q3: Trace Attempt  1	[129.04 s]
0.0.Q3: Trace Attempt  2	[129.04 s]
0.0.Q3: Trace Attempt  3	[129.04 s]
0.0.Q3: Trace Attempt  4	[129.04 s]
0.0.Q3: Trace Attempt  5	[129.04 s]
0.0.Q3: Restart 480, Seed 2c72fcb574468b21, 50.0%
0.0.Q3: Trace Attempt  1	[129.34 s]
0.0.Q3: Trace Attempt  2	[129.35 s]
0.0.Q3: Trace Attempt  3	[129.35 s]
0.0.Q3: Trace Attempt  4	[129.35 s]
0.0.Q3: Trace Attempt  5	[129.35 s]
0.0.Q3: Restart 481, Seed e45a514aacd2524, 50.0%
0.0.Q3: Trace Attempt  1	[129.65 s]
0.0.Q3: Trace Attempt  2	[129.65 s]
0.0.Q3: Trace Attempt  3	[129.65 s]
0.0.Q3: Trace Attempt  4	[129.66 s]
0.0.Q3: Trace Attempt  5	[129.66 s]
0.0.Q3: Restart 482, Seed fee62559c4a6f9bd, 50.0%
0.0.Q3: Trace Attempt  1	[129.95 s]
0.0.Q3: Trace Attempt  2	[129.95 s]
0.0.Q3: Trace Attempt  3	[129.96 s]
0.0.Q3: Trace Attempt  4	[129.96 s]
0.0.Q3: Trace Attempt  5	[129.96 s]
0.0.Q2: Trace Attempt 1751	[130.25 s]
0.0.Q3: Restart 483, Seed 6f2fffae22598904, 50.0%
0.0.Q3: Trace Attempt  1	[130.25 s]
0.0.Q3: Trace Attempt  2	[130.25 s]
0.0.Q3: Trace Attempt  3	[130.25 s]
0.0.Q3: Trace Attempt  4	[130.25 s]
0.0.Q3: Trace Attempt  5	[130.26 s]
0.0.Q1: Trace Attempt 85	[130.46 s]
0.0.Q3: Restart 484, Seed 26a9c5d82d99cf23, 50.0%
0.0.Q3: Trace Attempt  1	[130.55 s]
0.0.Q3: Trace Attempt  2	[130.55 s]
0.0.Q3: Trace Attempt  3	[130.55 s]
0.0.Q3: Trace Attempt  4	[130.55 s]
0.0.Q3: Trace Attempt  5	[130.56 s]
0.0.Q3: Restart 485, Seed 803c584ea924a5ab, 50.0%
0.0.Q3: Trace Attempt  1	[130.85 s]
0.0.Q3: Trace Attempt  2	[130.85 s]
0.0.Q3: Trace Attempt  3	[130.85 s]
0.0.Q3: Trace Attempt  4	[130.85 s]
0.0.Q3: Trace Attempt  5	[130.85 s]
0.0.Q3: Restart 486, Seed fcc30ae15854eab2, 50.0%
0.0.Q3: Trace Attempt  1	[131.15 s]
0.0.Q3: Trace Attempt  2	[131.15 s]
0.0.Q3: Trace Attempt  3	[131.15 s]
0.0.Q3: Trace Attempt  4	[131.15 s]
0.0.Q3: Trace Attempt  5	[131.15 s]
0.0.Q3: Restart 487, Seed b3eb8f6b375ee48e, 50.0%
0.0.Q3: Trace Attempt  1	[131.45 s]
0.0.Q3: Trace Attempt  2	[131.45 s]
0.0.Q3: Trace Attempt  3	[131.45 s]
0.0.Q3: Trace Attempt  4	[131.45 s]
0.0.Q3: Trace Attempt  5	[131.45 s]
0.0.Q3: Restart 488, Seed 52b1d3de99131086, 50.0%
0.0.Q3: Trace Attempt  1	[131.75 s]
0.0.Q3: Trace Attempt  2	[131.75 s]
0.0.Q3: Trace Attempt  3	[131.75 s]
0.0.Q3: Trace Attempt  4	[131.75 s]
0.0.Q3: Trace Attempt  5	[131.75 s]
0.0.Q3: Restart 489, Seed 5352fcaf66223133, 50.0%
0.0.Q3: Trace Attempt  1	[132.04 s]
0.0.Q3: Trace Attempt  2	[132.05 s]
0.0.Q3: Trace Attempt  3	[132.05 s]
0.0.Q3: Trace Attempt  4	[132.05 s]
0.0.Q3: Trace Attempt  5	[132.05 s]
0.0.Q3: Restart 490, Seed 868f8f6f374bdb8d, 50.0%
0.0.Q3: Trace Attempt  1	[132.34 s]
0.0.Q3: Trace Attempt  2	[132.34 s]
0.0.Q3: Trace Attempt  3	[132.35 s]
0.0.Q3: Trace Attempt  4	[132.35 s]
0.0.Q3: Trace Attempt  5	[132.35 s]
0.0.Q3: Restart 491, Seed aff243a01008e01d, 50.0%
0.0.Q3: Trace Attempt  1	[132.64 s]
0.0.Q3: Trace Attempt  2	[132.64 s]
0.0.Q3: Trace Attempt  3	[132.65 s]
0.0.Q3: Trace Attempt  4	[132.65 s]
0.0.Q3: Trace Attempt  5	[132.65 s]
0.0.Q3: Restart 492, Seed 92fa119cf0e60c12, 50.0%
0.0.Q3: Trace Attempt  1	[132.94 s]
0.0.Q3: Trace Attempt  2	[132.94 s]
0.0.Q3: Trace Attempt  3	[132.94 s]
0.0.Q3: Trace Attempt  4	[132.95 s]
0.0.Q3: Trace Attempt  5	[132.95 s]
0.0.Q3: Restart 493, Seed eff9a2a192fba30f, 50.0%
0.0.Q3: Trace Attempt  1	[133.24 s]
0.0.Q3: Trace Attempt  2	[133.24 s]
0.0.Q3: Trace Attempt  3	[133.24 s]
0.0.Q3: Trace Attempt  4	[133.25 s]
0.0.Q3: Trace Attempt  5	[133.25 s]
0.0.Q3: Restart 494, Seed e5d81f76239914fa, 50.0%
0.0.Q3: Trace Attempt  1	[133.54 s]
0.0.Q3: Trace Attempt  2	[133.54 s]
0.0.Q3: Trace Attempt  3	[133.54 s]
0.0.Q3: Trace Attempt  4	[133.54 s]
0.0.Q3: Trace Attempt  5	[133.54 s]
0.0.Q3: Restart 495, Seed e5b4e797ac5454d3, 50.0%
0.0.Q3: Trace Attempt  1	[133.84 s]
0.0.Q3: Trace Attempt  2	[133.84 s]
0.0.Q3: Trace Attempt  3	[133.84 s]
0.0.Q3: Trace Attempt  4	[133.84 s]
0.0.Q3: Trace Attempt  5	[133.84 s]
0.0.Q3: Restart 496, Seed a189bbe9de0a1b2d, 50.0%
0.0.Q3: Trace Attempt  1	[134.14 s]
0.0.Q3: Trace Attempt  2	[134.14 s]
0.0.Q3: Trace Attempt  3	[134.14 s]
0.0.Q3: Trace Attempt  4	[134.14 s]
0.0.Q3: Trace Attempt  5	[134.14 s]
0.0.Q2: Trace Attempt 1793	[134.33 s]
0.0.Q3: Restart 497, Seed 1666d576396d32b3, 50.0%
0.0.Q3: Trace Attempt  1	[134.44 s]
0.0.Q3: Trace Attempt  2	[134.44 s]
0.0.Q3: Trace Attempt  3	[134.44 s]
0.0.Q3: Trace Attempt  4	[134.44 s]
0.0.Q3: Trace Attempt  5	[134.44 s]
0.0.Q3: Restart 498, Seed 59ccf4005c585772, 50.0%
0.0.Q3: Trace Attempt  1	[134.74 s]
0.0.Q3: Trace Attempt  2	[134.74 s]
0.0.Q3: Trace Attempt  3	[134.74 s]
0.0.Q3: Trace Attempt  4	[134.74 s]
0.0.Q3: Trace Attempt  5	[134.74 s]
0.0.Q3: Restart 499, Seed 4ffe9d814b2b9885, 50.0%
0.0.Q3: Trace Attempt  1	[135.04 s]
0.0.Q3: Trace Attempt  2	[135.04 s]
0.0.Q3: Trace Attempt  3	[135.04 s]
0.0.Q3: Trace Attempt  4	[135.04 s]
0.0.Q3: Trace Attempt  5	[135.05 s]
0.0.Q3: Restart 500, Seed 49c7b02b3418113b, 50.0%
0.0.Q3: Trace Attempt  1	[135.34 s]
0.0.Q3: Trace Attempt  2	[135.35 s]
0.0.Q3: Trace Attempt  3	[135.35 s]
0.0.Q3: Trace Attempt  4	[135.35 s]
0.0.Q3: Trace Attempt  5	[135.35 s]
0.0.Q3: Restart 501, Seed b1dd9d38abbcc6da, 50.0%
0.0.Q3: Trace Attempt  1	[135.65 s]
0.0.Q3: Trace Attempt  2	[135.65 s]
0.0.Q3: Trace Attempt  3	[135.65 s]
0.0.Q3: Trace Attempt  4	[135.66 s]
0.0.Q3: Trace Attempt  5	[135.66 s]
0.0.Q3: Restart 502, Seed 1a14ed8e657605f5, 50.0%
0.0.Q3: Trace Attempt  1	[135.96 s]
0.0.Q3: Trace Attempt  2	[135.96 s]
0.0.Q3: Trace Attempt  3	[135.96 s]
0.0.Q3: Trace Attempt  4	[135.96 s]
0.0.Q3: Trace Attempt  5	[135.96 s]
0.0.Q3: Restart 503, Seed 701c5ba97fb1db0f, 50.0%
0.0.Q3: Trace Attempt  1	[136.26 s]
0.0.Q3: Trace Attempt  2	[136.26 s]
0.0.Q3: Trace Attempt  3	[136.26 s]
0.0.Q3: Trace Attempt  4	[136.26 s]
0.0.Q3: Trace Attempt  5	[136.26 s]
0.0.Q3: Restart 504, Seed 486dd9f50d166cff, 50.0%
0.0.Q3: Trace Attempt  1	[136.56 s]
0.0.Q3: Trace Attempt  2	[136.56 s]
0.0.Q3: Trace Attempt  3	[136.57 s]
0.0.Q3: Trace Attempt  4	[136.57 s]
0.0.Q3: Trace Attempt  5	[136.57 s]
0.0.Q3: Restart 505, Seed 19332c6a0da78190, 50.0%
0.0.Q3: Trace Attempt  1	[136.87 s]
0.0.Q3: Trace Attempt  2	[136.87 s]
0.0.Q3: Trace Attempt  3	[136.87 s]
0.0.Q3: Trace Attempt  4	[136.88 s]
0.0.Q3: Trace Attempt  5	[136.88 s]
0.0.Q3: Restart 506, Seed 11a557d18956dc5a, 50.0%
0.0.Q3: Trace Attempt  1	[137.18 s]
0.0.Q3: Trace Attempt  2	[137.18 s]
0.0.Q3: Trace Attempt  3	[137.18 s]
0.0.Q3: Trace Attempt  4	[137.18 s]
0.0.Q3: Trace Attempt  5	[137.19 s]
0.0.Q3: Restart 507, Seed 8ce672794b69e728, 50.0%
0.0.Q3: Trace Attempt  1	[137.49 s]
0.0.Q3: Trace Attempt  2	[137.49 s]
0.0.Q3: Trace Attempt  3	[137.49 s]
0.0.Q3: Trace Attempt  4	[137.49 s]
0.0.Q3: Trace Attempt  5	[137.49 s]
0.0.Q3: Restart 508, Seed e0da087f132e6305, 50.0%
0.0.Q3: Trace Attempt  1	[137.79 s]
0.0.Q3: Trace Attempt  2	[137.79 s]
0.0.Q3: Trace Attempt  3	[137.79 s]
0.0.Q3: Trace Attempt  4	[137.79 s]
0.0.Q3: Trace Attempt  5	[137.79 s]
0.0.Q3: Restart 509, Seed 97a5c7c6760a645, 50.0%
0.0.Q3: Trace Attempt  1	[138.09 s]
0.0.Q3: Trace Attempt  2	[138.10 s]
0.0.Q3: Trace Attempt  3	[138.10 s]
0.0.Q3: Trace Attempt  4	[138.10 s]
0.0.Q3: Trace Attempt  5	[138.10 s]
0.0.Q3: Restart 510, Seed f74b7b692bd673fa, 50.0%
0.0.Q3: Trace Attempt  1	[138.40 s]
0.0.Q3: Trace Attempt  2	[138.40 s]
0.0.Q3: Trace Attempt  3	[138.40 s]
0.0.Q3: Trace Attempt  4	[138.40 s]
0.0.Q3: Trace Attempt  5	[138.41 s]
0.0.Q3: Restart 511, Seed efd853c24873fa49, 50.0%
0.0.Q3: Trace Attempt  1	[138.71 s]
0.0.Q3: Trace Attempt  2	[138.71 s]
0.0.Q3: Trace Attempt  3	[138.71 s]
0.0.Q3: Trace Attempt  4	[138.71 s]
0.0.Q3: Trace Attempt  5	[138.71 s]
0.0.Q3: Restart 512, Seed 398689a042b94662, 50.0%
0.0.Q3: Trace Attempt  1	[139.01 s]
0.0.Q3: Trace Attempt  2	[139.01 s]
0.0.Q3: Trace Attempt  3	[139.02 s]
0.0.Q3: Trace Attempt  4	[139.02 s]
0.0.Q3: Trace Attempt  5	[139.02 s]
0.0.Q3: Restart 513, Seed ab710d1c5be01c96, 50.0%
0.0.Q3: Trace Attempt  1	[139.32 s]
0.0.Q3: Trace Attempt  2	[139.33 s]
0.0.Q3: Trace Attempt  3	[139.33 s]
0.0.Q3: Trace Attempt  4	[139.33 s]
0.0.Q3: Trace Attempt  5	[139.33 s]
0.0.Q2: Trace Attempt 1822	[139.63 s]
0.0.Q3: Restart 514, Seed 62226d975ff3dac1, 50.0%
0.0.Q3: Trace Attempt  1	[139.63 s]
0.0.Q3: Trace Attempt  2	[139.64 s]
0.0.Q3: Trace Attempt  3	[139.64 s]
0.0.Q3: Trace Attempt  4	[139.64 s]
0.0.Q3: Trace Attempt  5	[139.64 s]
0.0.Q3: Restart 515, Seed 4e63f76ab30e60ad, 50.0%
0.0.Q3: Trace Attempt  1	[139.94 s]
0.0.Q3: Trace Attempt  2	[139.94 s]
0.0.Q3: Trace Attempt  3	[139.95 s]
0.0.Q3: Trace Attempt  4	[139.95 s]
0.0.Q3: Trace Attempt  5	[139.95 s]
0.0.Q3: Restart 516, Seed 6bb16b525799b4a4, 50.0%
0.0.Q3: Trace Attempt  1	[140.25 s]
0.0.Q3: Trace Attempt  2	[140.25 s]
0.0.Q3: Trace Attempt  3	[140.25 s]
0.0.Q3: Trace Attempt  4	[140.25 s]
0.0.Q3: Trace Attempt  5	[140.26 s]
0.0.Q3: Restart 517, Seed 5f5bf3c312287974, 50.0%
0.0.Q3: Trace Attempt  1	[140.56 s]
0.0.Q3: Trace Attempt  2	[140.56 s]
0.0.Q3: Trace Attempt  3	[140.56 s]
0.0.Q3: Trace Attempt  4	[140.56 s]
0.0.Q3: Trace Attempt  5	[140.56 s]
0.0.Q3: Restart 518, Seed 336a48cff3851d5b, 50.0%
0.0.Q3: Trace Attempt  1	[140.86 s]
0.0.Q3: Trace Attempt  2	[140.87 s]
0.0.Q3: Trace Attempt  3	[140.87 s]
0.0.Q3: Trace Attempt  4	[140.87 s]
0.0.Q3: Trace Attempt  5	[140.87 s]
0.0.Q3: Restart 519, Seed ac504853f3e3e3c3, 50.0%
0.0.Q3: Trace Attempt  1	[141.17 s]
0.0.Q3: Trace Attempt  2	[141.17 s]
0.0.Q3: Trace Attempt  3	[141.17 s]
0.0.Q3: Trace Attempt  4	[141.17 s]
0.0.Q3: Trace Attempt  5	[141.18 s]
0.0.Q3: Restart 520, Seed ccc405b32074814b, 50.0%
0.0.Q3: Trace Attempt  1	[141.48 s]
0.0.Q3: Trace Attempt  2	[141.48 s]
0.0.Q3: Trace Attempt  3	[141.48 s]
0.0.Q3: Trace Attempt  4	[141.48 s]
0.0.Q3: Trace Attempt  5	[141.48 s]
0.0.Q3: Restart 521, Seed deb90388bbfaa92e, 50.0%
0.0.Q3: Trace Attempt  1	[141.78 s]
0.0.Q3: Trace Attempt  2	[141.79 s]
0.0.Q3: Trace Attempt  3	[141.79 s]
0.0.Q3: Trace Attempt  4	[141.79 s]
0.0.Q3: Trace Attempt  5	[141.79 s]
0.0.Q3: Restart 522, Seed b3aa755b73d0a9a4, 50.0%
0.0.Q3: Trace Attempt  1	[142.09 s]
0.0.Q3: Trace Attempt  2	[142.09 s]
0.0.Q3: Trace Attempt  3	[142.10 s]
0.0.Q3: Trace Attempt  4	[142.10 s]
0.0.Q3: Trace Attempt  5	[142.10 s]
0.0.Q3: Restart 523, Seed 1e3d00252e114700, 50.0%
0.0.Q3: Trace Attempt  1	[142.40 s]
0.0.Q3: Trace Attempt  2	[142.40 s]
0.0.Q3: Trace Attempt  3	[142.41 s]
0.0.Q3: Trace Attempt  4	[142.41 s]
0.0.Q3: Trace Attempt  5	[142.41 s]
0.0.Q3: Restart 524, Seed f6c3f575d823e388, 50.0%
0.0.Q3: Trace Attempt  1	[142.72 s]
0.0.Q3: Trace Attempt  2	[142.72 s]
0.0.Q3: Trace Attempt  3	[142.72 s]
0.0.Q3: Trace Attempt  4	[142.72 s]
0.0.Q3: Trace Attempt  5	[142.72 s]
0.0.Q3: Restart 525, Seed ab7c906f27c87571, 50.0%
0.0.Q3: Trace Attempt  1	[143.03 s]
0.0.Q3: Trace Attempt  2	[143.03 s]
0.0.Q3: Trace Attempt  3	[143.03 s]
0.0.Q3: Trace Attempt  4	[143.03 s]
0.0.Q3: Trace Attempt  5	[143.03 s]
0.0.Q3: Restart 526, Seed 4a538a274ea8fa87, 50.0%
0.0.Q3: Trace Attempt  1	[143.34 s]
0.0.Q3: Trace Attempt  2	[143.34 s]
0.0.Q3: Trace Attempt  3	[143.34 s]
0.0.Q3: Trace Attempt  4	[143.34 s]
0.0.Q3: Trace Attempt  5	[143.35 s]
0.0.Q2: Trace Attempt 1856	[143.63 s]
0.0.Q3: Restart 527, Seed 38d60b4287f266d1, 50.0%
0.0.Q3: Trace Attempt  1	[143.65 s]
0.0.Q3: Trace Attempt  2	[143.65 s]
0.0.Q3: Trace Attempt  3	[143.65 s]
0.0.Q3: Trace Attempt  4	[143.65 s]
0.0.Q3: Trace Attempt  5	[143.65 s]
0.0.Q3: Restart 528, Seed d82af8ecbff1992c, 50.0%
0.0.Q3: Trace Attempt  1	[143.96 s]
0.0.Q3: Trace Attempt  2	[143.96 s]
0.0.Q3: Trace Attempt  3	[143.97 s]
0.0.Q3: Trace Attempt  4	[143.97 s]
0.0.Q3: Trace Attempt  5	[143.97 s]
0.0.Q3: Restart 529, Seed 2b33267c7b93833b, 50.0%
0.0.Q3: Trace Attempt  1	[144.28 s]
0.0.Q3: Trace Attempt  2	[144.28 s]
0.0.Q3: Trace Attempt  3	[144.28 s]
0.0.Q3: Trace Attempt  4	[144.28 s]
0.0.Q3: Trace Attempt  5	[144.28 s]
0.0.Q3: Restart 530, Seed 8735448392bd135a, 50.0%
0.0.Q3: Trace Attempt  1	[144.59 s]
0.0.Q3: Trace Attempt  2	[144.59 s]
0.0.Q3: Trace Attempt  3	[144.59 s]
0.0.Q3: Trace Attempt  4	[144.59 s]
0.0.Q3: Trace Attempt  5	[144.60 s]
0.0.Q3: Restart 531, Seed 863cb6ed4a8d986c, 50.0%
0.0.Q3: Trace Attempt  1	[144.90 s]
0.0.Q3: Trace Attempt  2	[144.90 s]
0.0.Q3: Trace Attempt  3	[144.91 s]
0.0.Q3: Trace Attempt  4	[144.91 s]
0.0.Q3: Trace Attempt  5	[144.91 s]
0.0.Q3: Restart 532, Seed 47d33a76db890aec, 50.0%
0.0.Q3: Trace Attempt  1	[145.22 s]
0.0.Q3: Trace Attempt  2	[145.22 s]
0.0.Q3: Trace Attempt  3	[145.22 s]
0.0.Q3: Trace Attempt  4	[145.22 s]
0.0.Q3: Trace Attempt  5	[145.22 s]
0.0.Q3: Restart 533, Seed 464eb81404a0e08, 50.0%
0.0.Q3: Trace Attempt  1	[145.53 s]
0.0.Q3: Trace Attempt  2	[145.53 s]
0.0.Q3: Trace Attempt  3	[145.54 s]
0.0.Q3: Trace Attempt  4	[145.54 s]
0.0.Q3: Trace Attempt  5	[145.54 s]
0.0.Q3: Restart 534, Seed f740e3b53cff729, 50.0%
0.0.Q3: Trace Attempt  1	[145.85 s]
0.0.Q3: Trace Attempt  2	[145.85 s]
0.0.Q3: Trace Attempt  3	[145.85 s]
0.0.Q3: Trace Attempt  4	[145.85 s]
0.0.Q3: Trace Attempt  5	[145.85 s]
0.0.Q3: Restart 535, Seed 46c6a23eaf4d3c5a, 50.0%
0.0.Q3: Trace Attempt  1	[146.16 s]
0.0.Q3: Trace Attempt  2	[146.16 s]
0.0.Q3: Trace Attempt  3	[146.17 s]
0.0.Q3: Trace Attempt  4	[146.17 s]
0.0.Q3: Trace Attempt  5	[146.17 s]
0.0.Q3: Restart 536, Seed 919e8905478e272a, 50.0%
0.0.Q3: Trace Attempt  1	[146.48 s]
0.0.Q3: Trace Attempt  2	[146.48 s]
0.0.Q3: Trace Attempt  3	[146.49 s]
0.0.Q3: Trace Attempt  4	[146.49 s]
0.0.Q3: Trace Attempt  5	[146.49 s]
0.0.Q3: Restart 537, Seed 6e1f685ea968f1a9, 50.0%
0.0.Q3: Trace Attempt  1	[146.80 s]
0.0.Q3: Trace Attempt  2	[146.80 s]
0.0.Q3: Trace Attempt  3	[146.80 s]
0.0.Q3: Trace Attempt  4	[146.80 s]
0.0.Q3: Trace Attempt  5	[146.80 s]
0.0.Q3: Restart 538, Seed 2a143310a0c91ff, 50.0%
0.0.Q3: Trace Attempt  1	[147.11 s]
0.0.Q3: Trace Attempt  2	[147.11 s]
0.0.Q3: Trace Attempt  3	[147.11 s]
0.0.Q3: Trace Attempt  4	[147.11 s]
0.0.Q3: Trace Attempt  5	[147.12 s]
0.0.Q3: Restart 539, Seed 91aa9f5e4f99586, 50.0%
0.0.Q3: Trace Attempt  1	[147.43 s]
0.0.Q3: Trace Attempt  2	[147.43 s]
0.0.Q3: Trace Attempt  3	[147.43 s]
0.0.Q3: Trace Attempt  4	[147.43 s]
0.0.Q3: Trace Attempt  5	[147.43 s]
0.0.Q2: Trace Attempt 1877	[147.68 s]
0.0.Q3: Restart 540, Seed d4049be093aa8ef3, 50.0%
0.0.Q3: Trace Attempt  1	[147.74 s]
0.0.Q3: Trace Attempt  2	[147.74 s]
0.0.Q3: Trace Attempt  3	[147.74 s]
0.0.Q3: Trace Attempt  4	[147.74 s]
0.0.Q3: Trace Attempt  5	[147.75 s]
0.0.Q3: Restart 541, Seed b91e3808fe10490a, 50.0%
0.0.Q3: Trace Attempt  1	[148.05 s]
0.0.Q3: Trace Attempt  2	[148.05 s]
0.0.Q3: Trace Attempt  3	[148.05 s]
0.0.Q3: Trace Attempt  4	[148.06 s]
0.0.Q3: Trace Attempt  5	[148.06 s]
0.0.Q3: Restart 542, Seed 13489e0d801c825, 50.0%
0.0.Q3: Trace Attempt  1	[148.37 s]
0.0.Q3: Trace Attempt  2	[148.37 s]
0.0.Q3: Trace Attempt  3	[148.37 s]
0.0.Q3: Trace Attempt  4	[148.37 s]
0.0.Q3: Trace Attempt  5	[148.37 s]
0.0.Q3: Restart 543, Seed e9b6529198d31810, 50.0%
0.0.Q3: Trace Attempt  1	[148.68 s]
0.0.Q3: Trace Attempt  2	[148.68 s]
0.0.Q3: Trace Attempt  3	[148.68 s]
0.0.Q3: Trace Attempt  4	[148.68 s]
0.0.Q3: Trace Attempt  5	[148.68 s]
0.0.Q3: Restart 544, Seed 86674b4e5cb1d555, 50.0%
0.0.Q3: Trace Attempt  1	[148.99 s]
0.0.Q3: Trace Attempt  2	[148.99 s]
0.0.Q3: Trace Attempt  3	[148.99 s]
0.0.Q3: Trace Attempt  4	[149.00 s]
0.0.Q3: Trace Attempt  5	[149.00 s]
0.0.Q3: Restart 545, Seed 1694c24e82ad6b72, 50.0%
0.0.Q3: Trace Attempt  1	[149.30 s]
0.0.Q3: Trace Attempt  2	[149.30 s]
0.0.Q3: Trace Attempt  3	[149.31 s]
0.0.Q3: Trace Attempt  4	[149.31 s]
0.0.Q3: Trace Attempt  5	[149.31 s]
0.0.Q3: Restart 546, Seed 20f111502e2a663c, 50.0%
0.0.Q3: Trace Attempt  1	[149.61 s]
0.0.Q3: Trace Attempt  2	[149.62 s]
0.0.Q3: Trace Attempt  3	[149.62 s]
0.0.Q3: Trace Attempt  4	[149.62 s]
0.0.Q3: Trace Attempt  5	[149.62 s]
0.0.Q3: Restart 547, Seed a424a54486488bf9, 50.0%
0.0.Q3: Trace Attempt  1	[149.93 s]
0.0.Q3: Trace Attempt  2	[149.93 s]
0.0.Q3: Trace Attempt  3	[149.93 s]
0.0.Q3: Trace Attempt  4	[149.93 s]
0.0.Q3: Trace Attempt  5	[149.93 s]
0.0.Q3: Restart 548, Seed 308734a579e93deb, 50.0%
0.0.Q3: Trace Attempt  1	[150.24 s]
0.0.Q3: Trace Attempt  2	[150.24 s]
0.0.Q3: Trace Attempt  3	[150.24 s]
0.0.Q3: Trace Attempt  4	[150.24 s]
0.0.Q3: Trace Attempt  5	[150.24 s]
0.0.Q3: Restart 549, Seed f32a3c0fb502724b, 50.0%
0.0.Q3: Trace Attempt  1	[150.55 s]
0.0.Q3: Trace Attempt  2	[150.55 s]
0.0.Q3: Trace Attempt  3	[150.55 s]
0.0.Q3: Trace Attempt  4	[150.55 s]
0.0.Q3: Trace Attempt  5	[150.56 s]
0.0.Q3: Restart 550, Seed 423bd8437e0fca0c, 50.0%
0.0.Q3: Trace Attempt  1	[150.86 s]
0.0.Q3: Trace Attempt  2	[150.86 s]
0.0.Q3: Trace Attempt  3	[150.86 s]
0.0.Q3: Trace Attempt  4	[150.86 s]
0.0.Q3: Trace Attempt  5	[150.87 s]
0.0.Q3: Restart 551, Seed 3b63d5c875441771, 50.0%
0.0.Q3: Trace Attempt  1	[151.17 s]
0.0.Q3: Trace Attempt  2	[151.17 s]
0.0.Q3: Trace Attempt  3	[151.17 s]
0.0.Q3: Trace Attempt  4	[151.17 s]
0.0.Q3: Trace Attempt  5	[151.17 s]
0.0.Q3: Restart 552, Seed c5390236a21a2572, 50.0%
0.0.Q3: Trace Attempt  1	[151.48 s]
0.0.Q3: Trace Attempt  2	[151.48 s]
0.0.Q3: Trace Attempt  3	[151.48 s]
0.0.Q3: Trace Attempt  4	[151.48 s]
0.0.Q3: Trace Attempt  5	[151.48 s]
0.0.Q2: Trace Attempt 1906	[151.75 s]
0.0.Q3: Restart 553, Seed 67146bcf614cf403, 50.0%
0.0.Q3: Trace Attempt  1	[151.79 s]
0.0.Q3: Trace Attempt  2	[151.79 s]
0.0.Q3: Trace Attempt  3	[151.79 s]
0.0.Q3: Trace Attempt  4	[151.79 s]
0.0.Q3: Trace Attempt  5	[151.79 s]
0.0.Q3: Restart 554, Seed 40b5316d5fde9f2, 50.0%
0.0.Q3: Trace Attempt  1	[152.10 s]
0.0.Q3: Trace Attempt  2	[152.10 s]
0.0.Q3: Trace Attempt  3	[152.10 s]
0.0.Q3: Trace Attempt  4	[152.10 s]
0.0.Q3: Trace Attempt  5	[152.11 s]
0.0.Q3: Restart 555, Seed 4fadc0b20c635687, 50.0%
0.0.Q3: Trace Attempt  1	[152.41 s]
0.0.Q3: Trace Attempt  2	[152.42 s]
0.0.Q3: Trace Attempt  3	[152.42 s]
0.0.Q3: Trace Attempt  4	[152.42 s]
0.0.Q3: Trace Attempt  5	[152.42 s]
0.0.Q3: Restart 556, Seed c97701d57c4ba14d, 50.0%
0.0.Q3: Trace Attempt  1	[152.73 s]
0.0.Q3: Trace Attempt  2	[152.73 s]
0.0.Q3: Trace Attempt  3	[152.73 s]
0.0.Q3: Trace Attempt  4	[152.73 s]
0.0.Q3: Trace Attempt  5	[152.73 s]
0.0.Q3: Restart 557, Seed 367c7c3f09db2868, 50.0%
0.0.Q3: Trace Attempt  1	[153.04 s]
0.0.Q3: Trace Attempt  2	[153.04 s]
0.0.Q3: Trace Attempt  3	[153.04 s]
0.0.Q3: Trace Attempt  4	[153.04 s]
0.0.Q3: Trace Attempt  5	[153.04 s]
0.0.Q3: Restart 558, Seed 5b7e35be36dcb522, 50.0%
0.0.Q3: Trace Attempt  1	[153.35 s]
0.0.Q3: Trace Attempt  2	[153.35 s]
0.0.Q3: Trace Attempt  3	[153.35 s]
0.0.Q3: Trace Attempt  4	[153.35 s]
0.0.Q3: Trace Attempt  5	[153.36 s]
0.0.Q3: Restart 559, Seed 2986887c07f8001f, 50.0%
0.0.Q3: Trace Attempt  1	[153.66 s]
0.0.Q3: Trace Attempt  2	[153.66 s]
0.0.Q3: Trace Attempt  3	[153.67 s]
0.0.Q3: Trace Attempt  4	[153.67 s]
0.0.Q3: Trace Attempt  5	[153.67 s]
0.0.Q3: Restart 560, Seed c86307573f8e78ef, 50.0%
0.0.Q3: Trace Attempt  1	[153.98 s]
0.0.Q3: Trace Attempt  2	[153.98 s]
0.0.Q3: Trace Attempt  3	[153.98 s]
0.0.Q3: Trace Attempt  4	[153.98 s]
0.0.Q3: Trace Attempt  5	[153.98 s]
0.0.Q3: Restart 561, Seed b11a22418298494c, 50.0%
0.0.Q3: Trace Attempt  1	[154.30 s]
0.0.Q3: Trace Attempt  2	[154.30 s]
0.0.Q3: Trace Attempt  3	[154.30 s]
0.0.Q3: Trace Attempt  4	[154.31 s]
0.0.Q3: Trace Attempt  5	[154.31 s]
0.0.Q3: Restart 562, Seed 5d73fa99c54ccb17, 50.0%
0.0.Q3: Trace Attempt  1	[154.63 s]
0.0.Q3: Trace Attempt  2	[154.63 s]
0.0.Q3: Trace Attempt  3	[154.63 s]
0.0.Q3: Trace Attempt  4	[154.63 s]
0.0.Q3: Trace Attempt  5	[154.63 s]
0.0.Q3: Restart 563, Seed a280dbf64bc38ffe, 50.0%
0.0.Q3: Trace Attempt  1	[154.95 s]
0.0.Q3: Trace Attempt  2	[154.96 s]
0.0.Q3: Trace Attempt  3	[154.96 s]
0.0.Q3: Trace Attempt  4	[154.96 s]
0.0.Q3: Trace Attempt  5	[154.96 s]
0.0.Q3: Restart 564, Seed 85f6f6742f375be2, 50.0%
0.0.Q3: Trace Attempt  1	[155.27 s]
0.0.Q3: Trace Attempt  2	[155.27 s]
0.0.Q3: Trace Attempt  3	[155.28 s]
0.0.Q3: Trace Attempt  4	[155.28 s]
0.0.Q3: Trace Attempt  5	[155.28 s]
0.0.Q3: Restart 565, Seed baf85943a6d772ff, 50.0%
0.0.Q3: Trace Attempt  1	[155.59 s]
0.0.Q3: Trace Attempt  2	[155.60 s]
0.0.Q3: Trace Attempt  3	[155.60 s]
0.0.Q3: Trace Attempt  4	[155.60 s]
0.0.Q3: Trace Attempt  5	[155.60 s]
0.0.Q2: Trace Attempt 1936	[155.79 s]
0.0.Q3: Restart 566, Seed d5bc659f21257b24, 50.0%
0.0.Q3: Trace Attempt  1	[155.92 s]
0.0.Q3: Trace Attempt  2	[155.92 s]
0.0.Q3: Trace Attempt  3	[155.92 s]
0.0.Q3: Trace Attempt  4	[155.92 s]
0.0.Q3: Trace Attempt  5	[155.93 s]
0.0.Q3: Restart 567, Seed 4daa78b6bc5a09c, 50.0%
0.0.Q3: Trace Attempt  1	[156.24 s]
0.0.Q3: Trace Attempt  2	[156.24 s]
0.0.Q3: Trace Attempt  3	[156.24 s]
0.0.Q3: Trace Attempt  4	[156.24 s]
0.0.Q3: Trace Attempt  5	[156.25 s]
0.0.Q3: Restart 568, Seed 6a3357143c9816f5, 50.0%
0.0.Q3: Trace Attempt  1	[156.56 s]
0.0.Q3: Trace Attempt  2	[156.56 s]
0.0.Q3: Trace Attempt  3	[156.56 s]
0.0.Q3: Trace Attempt  4	[156.57 s]
0.0.Q3: Trace Attempt  5	[156.57 s]
0.0.Q3: Restart 569, Seed 269a04bd2b107d93, 50.0%
0.0.Q3: Trace Attempt  1	[156.88 s]
0.0.Q3: Trace Attempt  2	[156.88 s]
0.0.Q3: Trace Attempt  3	[156.88 s]
0.0.Q3: Trace Attempt  4	[156.89 s]
0.0.Q3: Trace Attempt  5	[156.89 s]
0.0.Q3: Restart 570, Seed a765ad4bdb8c2a06, 50.0%
0.0.Q3: Trace Attempt  1	[157.20 s]
0.0.Q3: Trace Attempt  2	[157.20 s]
0.0.Q3: Trace Attempt  3	[157.21 s]
0.0.Q3: Trace Attempt  4	[157.21 s]
0.0.Q3: Trace Attempt  5	[157.21 s]
0.0.Q3: Restart 571, Seed 579711c5657e0f3f, 50.0%
0.0.Q3: Trace Attempt  1	[157.52 s]
0.0.Q3: Trace Attempt  2	[157.52 s]
0.0.Q3: Trace Attempt  3	[157.53 s]
0.0.Q3: Trace Attempt  4	[157.53 s]
0.0.Q3: Trace Attempt  5	[157.53 s]
0.0.Q3: Restart 572, Seed 11b4c3938f5a24ea, 50.0%
0.0.Q3: Trace Attempt  1	[157.85 s]
0.0.Q3: Trace Attempt  2	[157.85 s]
0.0.Q3: Trace Attempt  3	[157.85 s]
0.0.Q3: Trace Attempt  4	[157.85 s]
0.0.Q3: Trace Attempt  5	[157.85 s]
0.0.Q3: Restart 573, Seed 81bc5b3549c5741, 50.0%
0.0.Q3: Trace Attempt  1	[158.17 s]
0.0.Q3: Trace Attempt  2	[158.18 s]
0.0.Q3: Trace Attempt  3	[158.18 s]
0.0.Q3: Trace Attempt  4	[158.18 s]
0.0.Q3: Trace Attempt  5	[158.18 s]
0.0.Q3: Restart 574, Seed cde90fc4be57b34c, 50.0%
0.0.Q3: Trace Attempt  1	[158.49 s]
0.0.Q3: Trace Attempt  2	[158.49 s]
0.0.Q3: Trace Attempt  3	[158.49 s]
0.0.Q3: Trace Attempt  4	[158.50 s]
0.0.Q3: Trace Attempt  5	[158.50 s]
0.0.Q3: Restart 575, Seed 5aa2b4476aff4cd8, 50.0%
0.0.Q3: Trace Attempt  1	[158.81 s]
0.0.Q3: Trace Attempt  2	[158.81 s]
0.0.Q3: Trace Attempt  3	[158.82 s]
0.0.Q3: Trace Attempt  4	[158.82 s]
0.0.Q3: Trace Attempt  5	[158.82 s]
0.0.Q3: Restart 576, Seed 48aa39fd4b48dc5f, 50.0%
0.0.Q3: Trace Attempt  1	[159.13 s]
0.0.Q3: Trace Attempt  2	[159.14 s]
0.0.Q3: Trace Attempt  3	[159.14 s]
0.0.Q3: Trace Attempt  4	[159.14 s]
0.0.Q3: Trace Attempt  5	[159.14 s]
0.0.Q3: Restart 577, Seed a845a2ea5ae70cd, 50.0%
0.0.Q3: Trace Attempt  1	[159.46 s]
0.0.Q3: Trace Attempt  2	[159.46 s]
0.0.Q3: Trace Attempt  3	[159.46 s]
0.0.Q3: Trace Attempt  4	[159.46 s]
0.0.Q3: Trace Attempt  5	[159.46 s]
0.0.Q3: Restart 578, Seed 9fb34dcbb174247a, 50.0%
0.0.Q3: Trace Attempt  1	[159.78 s]
0.0.Q3: Trace Attempt  2	[159.78 s]
0.0.Q3: Trace Attempt  3	[159.78 s]
0.0.Q3: Trace Attempt  4	[159.78 s]
0.0.Q3: Trace Attempt  5	[159.78 s]
0.0.Q2: Trace Attempt 1965	[159.90 s]
0.0.Q3: Restart 579, Seed c74f5c884bf92497, 50.0%
0.0.Q3: Trace Attempt  1	[160.09 s]
0.0.Q3: Trace Attempt  2	[160.10 s]
0.0.Q3: Trace Attempt  3	[160.10 s]
0.0.Q3: Trace Attempt  4	[160.10 s]
0.0.Q3: Trace Attempt  5	[160.10 s]
0.0.Q3: Restart 580, Seed cb8502c049eb57a0, 50.0%
0.0.Q3: Trace Attempt  1	[160.41 s]
0.0.Q3: Trace Attempt  2	[160.42 s]
0.0.Q3: Trace Attempt  3	[160.42 s]
0.0.Q3: Trace Attempt  4	[160.42 s]
0.0.Q3: Trace Attempt  5	[160.42 s]
0.0.Q3: Restart 581, Seed 5a179daef884ef40, 50.0%
0.0.Q3: Trace Attempt  1	[160.73 s]
0.0.Q3: Trace Attempt  2	[160.74 s]
0.0.Q3: Trace Attempt  3	[160.74 s]
0.0.Q3: Trace Attempt  4	[160.74 s]
0.0.Q3: Trace Attempt  5	[160.74 s]
0.0.Q3: Restart 582, Seed a3f447d2bdbe62c8, 50.0%
0.0.Q3: Trace Attempt  1	[161.06 s]
0.0.Q3: Trace Attempt  2	[161.06 s]
0.0.Q3: Trace Attempt  3	[161.06 s]
0.0.Q3: Trace Attempt  4	[161.06 s]
0.0.Q3: Trace Attempt  5	[161.06 s]
0.0.Q3: Restart 583, Seed 9357595284341c68, 50.0%
0.0.Q3: Trace Attempt  1	[161.38 s]
0.0.Q3: Trace Attempt  2	[161.38 s]
0.0.Q3: Trace Attempt  3	[161.38 s]
0.0.Q3: Trace Attempt  4	[161.38 s]
0.0.Q3: Trace Attempt  5	[161.38 s]
0.0.Q3: Restart 584, Seed 8b1867edb307bfa9, 50.0%
0.0.Q3: Trace Attempt  1	[161.70 s]
0.0.Q3: Trace Attempt  2	[161.70 s]
0.0.Q3: Trace Attempt  3	[161.70 s]
0.0.Q3: Trace Attempt  4	[161.70 s]
0.0.Q3: Trace Attempt  5	[161.71 s]
0.0.Q3: Restart 585, Seed 8bc662489a06a67, 50.0%
0.0.Q3: Trace Attempt  1	[162.02 s]
0.0.Q3: Trace Attempt  2	[162.02 s]
0.0.Q3: Trace Attempt  3	[162.03 s]
0.0.Q3: Trace Attempt  4	[162.03 s]
0.0.Q3: Trace Attempt  5	[162.03 s]
0.0.Q3: Restart 586, Seed 88b97c38fcbe5492, 50.0%
0.0.Q3: Trace Attempt  1	[162.34 s]
0.0.Q3: Trace Attempt  2	[162.35 s]
0.0.Q3: Trace Attempt  3	[162.35 s]
0.0.Q3: Trace Attempt  4	[162.35 s]
0.0.Q3: Trace Attempt  5	[162.35 s]
0.0.Q3: Restart 587, Seed 647facde5474414c, 50.0%
0.0.Q3: Trace Attempt  1	[162.67 s]
0.0.Q3: Trace Attempt  2	[162.67 s]
0.0.Q3: Trace Attempt  3	[162.67 s]
0.0.Q3: Trace Attempt  4	[162.67 s]
0.0.Q3: Trace Attempt  5	[162.67 s]
0.0.Q3: Restart 588, Seed a72b1211125e2d4f, 50.0%
0.0.Q3: Trace Attempt  1	[162.99 s]
0.0.Q3: Trace Attempt  2	[162.99 s]
0.0.Q3: Trace Attempt  3	[162.99 s]
0.0.Q3: Trace Attempt  4	[162.99 s]
0.0.Q3: Trace Attempt  5	[162.99 s]
0.0.Q3: Restart 589, Seed 6004487ea345a695, 50.0%
0.0.Q3: Trace Attempt  1	[163.31 s]
0.0.Q3: Trace Attempt  2	[163.32 s]
0.0.Q3: Trace Attempt  3	[163.32 s]
0.0.Q3: Trace Attempt  4	[163.32 s]
0.0.Q3: Trace Attempt  5	[163.32 s]
0.0.Q3: Restart 590, Seed f0b51f8f02d90b6, 50.0%
0.0.Q3: Trace Attempt  1	[163.65 s]
0.0.Q3: Trace Attempt  2	[163.65 s]
0.0.Q3: Trace Attempt  3	[163.65 s]
0.0.Q3: Trace Attempt  4	[163.65 s]
0.0.Q3: Trace Attempt  5	[163.65 s]
0.0.Q3: Restart 591, Seed 6df2d1e8eef7053a, 50.0%
0.0.Q3: Trace Attempt  1	[163.97 s]
0.0.Q3: Trace Attempt  2	[163.98 s]
0.0.Q3: Trace Attempt  3	[163.98 s]
0.0.Q3: Trace Attempt  4	[163.98 s]
0.0.Q3: Trace Attempt  5	[163.98 s]
0.0.Q2: Trace Attempt 1994	[164.02 s]
0.0.Q1: Trace Attempt 86	[164.05 s]
0.0.Q3: Restart 592, Seed bb0080318fd09425, 50.0%
0.0.Q3: Trace Attempt  1	[164.30 s]
0.0.Q3: Trace Attempt  2	[164.30 s]
0.0.Q3: Trace Attempt  3	[164.30 s]
0.0.Q3: Trace Attempt  4	[164.31 s]
0.0.Q3: Trace Attempt  5	[164.31 s]
0.0.Q3: Restart 593, Seed 437ebc241250d720, 50.0%
0.0.Q3: Trace Attempt  1	[164.63 s]
0.0.Q3: Trace Attempt  2	[164.63 s]
0.0.Q3: Trace Attempt  3	[164.63 s]
0.0.Q3: Trace Attempt  4	[164.64 s]
0.0.Q3: Trace Attempt  5	[164.64 s]
0.0.Q3: Restart 594, Seed a4dee51363692f06, 50.0%
0.0.Q3: Trace Attempt  1	[164.96 s]
0.0.Q3: Trace Attempt  2	[164.96 s]
0.0.Q3: Trace Attempt  3	[164.96 s]
0.0.Q3: Trace Attempt  4	[164.96 s]
0.0.Q3: Trace Attempt  5	[164.96 s]
0.0.Q3: Restart 595, Seed e129ab017e410eac, 50.0%
0.0.Q3: Trace Attempt  1	[165.28 s]
0.0.Q3: Trace Attempt  2	[165.29 s]
0.0.Q3: Trace Attempt  3	[165.29 s]
0.0.Q3: Trace Attempt  4	[165.29 s]
0.0.Q3: Trace Attempt  5	[165.29 s]
0.0.Q3: Restart 596, Seed e5971e1ec0ad21e8, 50.0%
0.0.Q3: Trace Attempt  1	[165.61 s]
0.0.Q3: Trace Attempt  2	[165.61 s]
0.0.Q3: Trace Attempt  3	[165.62 s]
0.0.Q3: Trace Attempt  4	[165.62 s]
0.0.Q3: Trace Attempt  5	[165.62 s]
0.0.Q3: Restart 597, Seed c59073735c7905e7, 50.0%
0.0.Q3: Trace Attempt  1	[165.95 s]
0.0.Q3: Trace Attempt  2	[165.95 s]
0.0.Q3: Trace Attempt  3	[165.95 s]
0.0.Q3: Trace Attempt  4	[165.96 s]
0.0.Q3: Trace Attempt  5	[165.96 s]
0.0.Q3: Restart 598, Seed ebcdcee050fe8f84, 50.0%
0.0.Q3: Trace Attempt  1	[166.28 s]
0.0.Q3: Trace Attempt  2	[166.28 s]
0.0.Q3: Trace Attempt  3	[166.28 s]
0.0.Q3: Trace Attempt  4	[166.29 s]
0.0.Q3: Trace Attempt  5	[166.29 s]
0.0.Q3: Restart 599, Seed 6b1466c795b31c52, 50.0%
0.0.Q3: Trace Attempt  1	[166.61 s]
0.0.Q3: Trace Attempt  2	[166.61 s]
0.0.Q3: Trace Attempt  3	[166.61 s]
0.0.Q3: Trace Attempt  4	[166.62 s]
0.0.Q3: Trace Attempt  5	[166.62 s]
0.0.Q3: Restart 600, Seed 6955882e3a1dde8d, 50.0%
0.0.Q3: Trace Attempt  1	[166.94 s]
0.0.Q3: Trace Attempt  2	[166.95 s]
0.0.Q3: Trace Attempt  3	[166.95 s]
0.0.Q3: Trace Attempt  4	[166.95 s]
0.0.Q3: Trace Attempt  5	[166.95 s]
0.0.Q3: Restart 601, Seed 510b374bb4aacb21, 50.0%
0.0.Q3: Trace Attempt  1	[167.29 s]
0.0.Q3: Trace Attempt  2	[167.29 s]
0.0.Q3: Trace Attempt  3	[167.29 s]
0.0.Q3: Trace Attempt  4	[167.30 s]
0.0.Q3: Trace Attempt  5	[167.30 s]
0.0.Q3: Restart 602, Seed c9e0da1acd4a6f1c, 50.0%
0.0.Q3: Trace Attempt  1	[167.62 s]
0.0.Q3: Trace Attempt  2	[167.63 s]
0.0.Q3: Trace Attempt  3	[167.63 s]
0.0.Q3: Trace Attempt  4	[167.63 s]
0.0.Q3: Trace Attempt  5	[167.63 s]
0.0.Q3: Restart 603, Seed edc6f7bed45247a8, 50.0%
0.0.Q3: Trace Attempt  1	[167.96 s]
0.0.Q3: Trace Attempt  2	[167.96 s]
0.0.Q3: Trace Attempt  3	[167.96 s]
0.0.Q3: Trace Attempt  4	[167.96 s]
0.0.Q3: Trace Attempt  5	[167.96 s]
0.0.Q2: Trace Attempt 2022	[168.15 s]
0.0.Q1: Trace Attempt 96	[168.26 s]
0.0.Q3: Restart 604, Seed ffd52a2f87f26721, 50.0%
0.0.Q3: Trace Attempt  1	[168.29 s]
0.0.Q3: Trace Attempt  2	[168.29 s]
0.0.Q3: Trace Attempt  3	[168.29 s]
0.0.Q3: Trace Attempt  4	[168.29 s]
0.0.Q3: Trace Attempt  5	[168.30 s]
0.0.Q3: Restart 605, Seed 81bdd64c4735ad81, 50.0%
0.0.Q3: Trace Attempt  1	[168.62 s]
0.0.Q3: Trace Attempt  2	[168.62 s]
0.0.Q3: Trace Attempt  3	[168.63 s]
0.0.Q3: Trace Attempt  4	[168.63 s]
0.0.Q3: Trace Attempt  5	[168.63 s]
0.0.Q3: Restart 606, Seed 75e7c219b2a6b5a7, 50.0%
0.0.Q3: Trace Attempt  1	[168.96 s]
0.0.Q3: Trace Attempt  2	[168.96 s]
0.0.Q3: Trace Attempt  3	[168.96 s]
0.0.Q3: Trace Attempt  4	[168.96 s]
0.0.Q3: Trace Attempt  5	[168.96 s]
0.0.Q3: Restart 607, Seed a201cb2ff815c7d9, 50.0%
0.0.Q3: Trace Attempt  1	[169.29 s]
0.0.Q3: Trace Attempt  2	[169.29 s]
0.0.Q3: Trace Attempt  3	[169.29 s]
0.0.Q3: Trace Attempt  4	[169.29 s]
0.0.Q3: Trace Attempt  5	[169.30 s]
0.0.Q3: Restart 608, Seed 5f2f35d4622cee05, 50.0%
0.0.Q3: Trace Attempt  1	[169.62 s]
0.0.Q3: Trace Attempt  2	[169.62 s]
0.0.Q3: Trace Attempt  3	[169.62 s]
0.0.Q3: Trace Attempt  4	[169.63 s]
0.0.Q3: Trace Attempt  5	[169.63 s]
0.0.Q3: Restart 609, Seed 4d5d4c28fa256d58, 50.0%
0.0.Q3: Trace Attempt  1	[169.95 s]
0.0.Q3: Trace Attempt  2	[169.95 s]
0.0.Q3: Trace Attempt  3	[169.96 s]
0.0.Q3: Trace Attempt  4	[169.96 s]
0.0.Q3: Trace Attempt  5	[169.96 s]
0.0.Q3: Restart 610, Seed 678ff3208a00cdf6, 50.0%
0.0.Q3: Trace Attempt  1	[170.28 s]
0.0.Q3: Trace Attempt  2	[170.29 s]
0.0.Q3: Trace Attempt  3	[170.29 s]
0.0.Q3: Trace Attempt  4	[170.29 s]
0.0.Q3: Trace Attempt  5	[170.29 s]
0.0.Q3: Restart 611, Seed 78f2946bf14944d4, 50.0%
0.0.Q3: Trace Attempt  1	[170.61 s]
0.0.Q3: Trace Attempt  2	[170.62 s]
0.0.Q3: Trace Attempt  3	[170.62 s]
0.0.Q3: Trace Attempt  4	[170.62 s]
0.0.Q3: Trace Attempt  5	[170.62 s]
0.0.Q3: Restart 612, Seed f3047e63fb3d6850, 50.0%
0.0.Q3: Trace Attempt  1	[170.94 s]
0.0.Q3: Trace Attempt  2	[170.95 s]
0.0.Q3: Trace Attempt  3	[170.95 s]
0.0.Q3: Trace Attempt  4	[170.95 s]
0.0.Q3: Trace Attempt  5	[170.95 s]
0.0.Q3: Restart 613, Seed 8f7741d96b3cca2c, 50.0%
0.0.Q3: Trace Attempt  1	[171.28 s]
0.0.Q3: Trace Attempt  2	[171.28 s]
0.0.Q3: Trace Attempt  3	[171.28 s]
0.0.Q3: Trace Attempt  4	[171.29 s]
0.0.Q3: Trace Attempt  5	[171.29 s]
0.0.Q3: Restart 614, Seed 711f647dcb527d38, 50.0%
0.0.Q3: Trace Attempt  1	[171.61 s]
0.0.Q3: Trace Attempt  2	[171.61 s]
0.0.Q3: Trace Attempt  3	[171.61 s]
0.0.Q3: Trace Attempt  4	[171.61 s]
0.0.Q3: Trace Attempt  5	[171.61 s]
0.0.Q3: Restart 615, Seed b1a1f64fa108588f, 50.0%
0.0.Q3: Trace Attempt  1	[171.94 s]
0.0.Q3: Trace Attempt  2	[171.94 s]
0.0.Q3: Trace Attempt  3	[171.94 s]
0.0.Q3: Trace Attempt  4	[171.94 s]
0.0.Q3: Trace Attempt  5	[171.95 s]
0.0.Q3: Restart 616, Seed f922385136b4e74a, 50.0%
0.0.Q3: Trace Attempt  1	[172.28 s]
0.0.Q3: Trace Attempt  2	[172.28 s]
0.0.Q3: Trace Attempt  3	[172.28 s]
0.0.Q3: Trace Attempt  4	[172.28 s]
0.0.Q3: Trace Attempt  5	[172.28 s]
0.0.Q3: Restart 617, Seed 2addf600319c3258, 50.0%
0.0.Q3: Trace Attempt  1	[172.63 s]
0.0.Q3: Trace Attempt  2	[172.63 s]
0.0.Q3: Trace Attempt  3	[172.63 s]
0.0.Q3: Trace Attempt  4	[172.64 s]
0.0.Q3: Trace Attempt  5	[172.64 s]
0.0.Q1: Trace Attempt 105	[172.90 s]
0.0.Q3: Restart 618, Seed ada68b8ac266df79, 50.0%
0.0.Q3: Trace Attempt  1	[172.96 s]
0.0.Q3: Trace Attempt  2	[172.97 s]
0.0.Q3: Trace Attempt  3	[172.97 s]
0.0.Q3: Trace Attempt  4	[172.97 s]
0.0.Q3: Trace Attempt  5	[172.97 s]
0.0.Q3: Restart 619, Seed 8856b13e49559adf, 50.0%
0.0.Q3: Trace Attempt  1	[173.30 s]
0.0.Q3: Trace Attempt  2	[173.30 s]
0.0.Q3: Trace Attempt  3	[173.30 s]
0.0.Q3: Trace Attempt  4	[173.30 s]
0.0.Q3: Trace Attempt  5	[173.30 s]
0.0.Q3: Restart 620, Seed 931aa14d68f87acf, 50.0%
0.0.Q3: Trace Attempt  1	[173.63 s]
0.0.Q3: Trace Attempt  2	[173.63 s]
0.0.Q3: Trace Attempt  3	[173.63 s]
0.0.Q3: Trace Attempt  4	[173.63 s]
0.0.Q3: Trace Attempt  5	[173.63 s]
0.0.Q3: Restart 621, Seed 3a46b962987ec5d9, 50.0%
0.0.Q3: Trace Attempt  1	[173.96 s]
0.0.Q3: Trace Attempt  2	[173.96 s]
0.0.Q3: Trace Attempt  3	[173.97 s]
0.0.Q3: Trace Attempt  4	[173.97 s]
0.0.Q3: Trace Attempt  5	[173.97 s]
0.0.Q2: Trace Attempt 2054	[174.09 s]
0.0.Q3: Restart 622, Seed fb00f37cbd6cd4a1, 50.0%
0.0.Q3: Trace Attempt  1	[174.30 s]
0.0.Q3: Trace Attempt  2	[174.30 s]
0.0.Q3: Trace Attempt  3	[174.30 s]
0.0.Q3: Trace Attempt  4	[174.30 s]
0.0.Q3: Trace Attempt  5	[174.30 s]
0.0.Q3: Restart 623, Seed ee8a64ed8cd2f0ad, 50.0%
0.0.Q3: Trace Attempt  1	[174.63 s]
0.0.Q3: Trace Attempt  2	[174.63 s]
0.0.Q3: Trace Attempt  3	[174.63 s]
0.0.Q3: Trace Attempt  4	[174.64 s]
0.0.Q3: Trace Attempt  5	[174.64 s]
0.0.Q3: Restart 624, Seed f6cfb873514a81de, 50.0%
0.0.Q3: Trace Attempt  1	[174.97 s]
0.0.Q3: Trace Attempt  2	[174.97 s]
0.0.Q3: Trace Attempt  3	[174.97 s]
0.0.Q3: Trace Attempt  4	[174.97 s]
0.0.Q3: Trace Attempt  5	[174.97 s]
0.0.Q3: Restart 625, Seed a05d42556c79e2c, 50.0%
0.0.Q3: Trace Attempt  1	[175.30 s]
0.0.Q3: Trace Attempt  2	[175.30 s]
0.0.Q3: Trace Attempt  3	[175.30 s]
0.0.Q3: Trace Attempt  4	[175.31 s]
0.0.Q3: Trace Attempt  5	[175.31 s]
0.0.Q3: Restart 626, Seed aa9792b17595f2cf, 50.0%
0.0.Q3: Trace Attempt  1	[175.63 s]
0.0.Q3: Trace Attempt  2	[175.64 s]
0.0.Q3: Trace Attempt  3	[175.64 s]
0.0.Q3: Trace Attempt  4	[175.64 s]
0.0.Q3: Trace Attempt  5	[175.64 s]
0.0.Q3: Restart 627, Seed 2c7c21d261801f4c, 50.0%
0.0.Q3: Trace Attempt  1	[175.97 s]
0.0.Q3: Trace Attempt  2	[175.97 s]
0.0.Q3: Trace Attempt  3	[175.97 s]
0.0.Q3: Trace Attempt  4	[175.97 s]
0.0.Q3: Trace Attempt  5	[175.98 s]
0.0.Q3: Restart 628, Seed 8d805b5ff99f6cd0, 50.0%
0.0.Q3: Trace Attempt  1	[176.30 s]
0.0.Q3: Trace Attempt  2	[176.31 s]
0.0.Q3: Trace Attempt  3	[176.31 s]
0.0.Q3: Trace Attempt  4	[176.31 s]
0.0.Q3: Trace Attempt  5	[176.31 s]
0.0.Q3: Restart 629, Seed a017474b16f22ec7, 50.0%
0.0.Q3: Trace Attempt  1	[176.64 s]
0.0.Q3: Trace Attempt  2	[176.64 s]
0.0.Q3: Trace Attempt  3	[176.64 s]
0.0.Q3: Trace Attempt  4	[176.64 s]
0.0.Q3: Trace Attempt  5	[176.65 s]
0.0.Q3: Restart 630, Seed 76263b9f2544e1fc, 50.0%
0.0.Q3: Trace Attempt  1	[176.97 s]
0.0.Q3: Trace Attempt  2	[176.97 s]
0.0.Q3: Trace Attempt  3	[176.97 s]
0.0.Q3: Trace Attempt  4	[176.98 s]
0.0.Q3: Trace Attempt  5	[176.98 s]
0.0.Q1: Trace Attempt 112	[177.30 s]
0.0.Q3: Restart 631, Seed b967be35d22c739, 50.0%
0.0.Q3: Trace Attempt  1	[177.30 s]
0.0.Q3: Trace Attempt  2	[177.30 s]
0.0.Q3: Trace Attempt  3	[177.31 s]
0.0.Q3: Trace Attempt  4	[177.31 s]
0.0.Q3: Trace Attempt  5	[177.31 s]
0.0.Q3: Restart 632, Seed 9837399f53325c71, 50.0%
0.0.Q3: Trace Attempt  1	[177.63 s]
0.0.Q3: Trace Attempt  2	[177.63 s]
0.0.Q3: Trace Attempt  3	[177.63 s]
0.0.Q3: Trace Attempt  4	[177.63 s]
0.0.Q3: Trace Attempt  5	[177.64 s]
0.0.Q3: Restart 633, Seed 4018aa3fca400b6d, 50.0%
0.0.Q3: Trace Attempt  1	[177.96 s]
0.0.Q3: Trace Attempt  2	[177.96 s]
0.0.Q3: Trace Attempt  3	[177.96 s]
0.0.Q3: Trace Attempt  4	[177.96 s]
0.0.Q3: Trace Attempt  5	[177.96 s]
0.0.Q2: Trace Attempt 2077	[178.22 s]
0.0.Q3: Restart 634, Seed 714322bc87da708e, 50.0%
0.0.Q3: Trace Attempt  1	[178.28 s]
0.0.Q3: Trace Attempt  2	[178.28 s]
0.0.Q3: Trace Attempt  3	[178.28 s]
0.0.Q3: Trace Attempt  4	[178.29 s]
0.0.Q3: Trace Attempt  5	[178.29 s]
0.0.Q3: Restart 635, Seed fbd4246d138c1761, 50.0%
0.0.Q3: Trace Attempt  1	[178.61 s]
0.0.Q3: Trace Attempt  2	[178.61 s]
0.0.Q3: Trace Attempt  3	[178.61 s]
0.0.Q3: Trace Attempt  4	[178.61 s]
0.0.Q3: Trace Attempt  5	[178.62 s]
0.0.Q3: Restart 636, Seed 95fc782ca4e25fa, 50.0%
0.0.Q3: Trace Attempt  1	[178.94 s]
0.0.Q3: Trace Attempt  2	[178.94 s]
0.0.Q3: Trace Attempt  3	[178.94 s]
0.0.Q3: Trace Attempt  4	[178.94 s]
0.0.Q3: Trace Attempt  5	[178.94 s]
0.0.Q3: Restart 637, Seed 6991971001b679e7, 50.0%
0.0.Q3: Trace Attempt  1	[179.26 s]
0.0.Q3: Trace Attempt  2	[179.26 s]
0.0.Q3: Trace Attempt  3	[179.27 s]
0.0.Q3: Trace Attempt  4	[179.27 s]
0.0.Q3: Trace Attempt  5	[179.27 s]
0.0.Q3: Restart 638, Seed 892090579dba1a8a, 50.0%
0.0.Q3: Trace Attempt  1	[179.59 s]
0.0.Q3: Trace Attempt  2	[179.59 s]
0.0.Q3: Trace Attempt  3	[179.59 s]
0.0.Q3: Trace Attempt  4	[179.59 s]
0.0.Q3: Trace Attempt  5	[179.59 s]
0.0.Q3: Restart 639, Seed eb377453d6a98895, 50.0%
0.0.Q3: Trace Attempt  1	[179.92 s]
0.0.Q3: Trace Attempt  2	[179.92 s]
0.0.Q3: Trace Attempt  3	[179.92 s]
0.0.Q3: Trace Attempt  4	[179.92 s]
0.0.Q3: Trace Attempt  5	[179.92 s]
0.0.Q3: Restart 640, Seed e222517acdce1f93, 50.0%
0.0.Q3: Trace Attempt  1	[180.24 s]
0.0.Q3: Trace Attempt  2	[180.24 s]
0.0.Q3: Trace Attempt  3	[180.25 s]
0.0.Q3: Trace Attempt  4	[180.25 s]
0.0.Q3: Trace Attempt  5	[180.25 s]
0.0.Q3: Restart 641, Seed 201448c49e3ec73b, 50.0%
0.0.Q3: Trace Attempt  1	[180.57 s]
0.0.Q3: Trace Attempt  2	[180.57 s]
0.0.Q3: Trace Attempt  3	[180.57 s]
0.0.Q3: Trace Attempt  4	[180.57 s]
0.0.Q3: Trace Attempt  5	[180.57 s]
0.0.Q3: Restart 642, Seed 39b5ae12593d27ef, 50.0%
0.0.Q3: Trace Attempt  1	[180.90 s]
0.0.Q3: Trace Attempt  2	[180.90 s]
0.0.Q3: Trace Attempt  3	[180.90 s]
0.0.Q3: Trace Attempt  4	[180.90 s]
0.0.Q3: Trace Attempt  5	[180.90 s]
0.0.Q3: Restart 643, Seed a9ce3baddc5a5113, 50.0%
0.0.Q3: Trace Attempt  1	[181.22 s]
0.0.Q3: Trace Attempt  2	[181.22 s]
0.0.Q3: Trace Attempt  3	[181.22 s]
0.0.Q3: Trace Attempt  4	[181.22 s]
0.0.Q3: Trace Attempt  5	[181.23 s]
0.0.Q3: Restart 644, Seed ea4659c39d1f225e, 50.0%
0.0.Q3: Trace Attempt  1	[181.55 s]
0.0.Q3: Trace Attempt  2	[181.55 s]
0.0.Q3: Trace Attempt  3	[181.55 s]
0.0.Q3: Trace Attempt  4	[181.55 s]
0.0.Q3: Trace Attempt  5	[181.55 s]
0.0.Q3: Restart 645, Seed 10b9aa2440e58f20, 50.0%
0.0.Q3: Trace Attempt  1	[181.87 s]
0.0.Q3: Trace Attempt  2	[181.87 s]
0.0.Q3: Trace Attempt  3	[181.88 s]
0.0.Q3: Trace Attempt  4	[181.88 s]
0.0.Q3: Trace Attempt  5	[181.88 s]
0.0.Q3: Restart 646, Seed bcb7c205df1ac274, 50.0%
0.0.Q3: Trace Attempt  1	[182.20 s]
0.0.Q3: Trace Attempt  2	[182.20 s]
0.0.Q3: Trace Attempt  3	[182.20 s]
0.0.Q3: Trace Attempt  4	[182.20 s]
0.0.Q3: Trace Attempt  5	[182.21 s]
0.0.Q2: Trace Attempt 2099	[182.30 s]
0.0.Q3: Restart 647, Seed e563dbbc7c6362c3, 50.0%
0.0.Q3: Trace Attempt  1	[182.53 s]
0.0.Q3: Trace Attempt  2	[182.53 s]
0.0.Q3: Trace Attempt  3	[182.53 s]
0.0.Q3: Trace Attempt  4	[182.53 s]
0.0.Q3: Trace Attempt  5	[182.53 s]
0.0.Q3: Restart 648, Seed 1618f0498b433d55, 50.0%
0.0.Q3: Trace Attempt  1	[182.85 s]
0.0.Q3: Trace Attempt  2	[182.85 s]
0.0.Q3: Trace Attempt  3	[182.85 s]
0.0.Q3: Trace Attempt  4	[182.86 s]
0.0.Q3: Trace Attempt  5	[182.86 s]
0.0.Q3: Restart 649, Seed a7cfe7b4f0702ea8, 50.0%
0.0.Q3: Trace Attempt  1	[183.18 s]
0.0.Q3: Trace Attempt  2	[183.18 s]
0.0.Q3: Trace Attempt  3	[183.18 s]
0.0.Q3: Trace Attempt  4	[183.18 s]
0.0.Q3: Trace Attempt  5	[183.18 s]
0.0.Q3: Restart 650, Seed db221a9cc25a38d3, 50.0%
0.0.Q3: Trace Attempt  1	[183.50 s]
0.0.Q3: Trace Attempt  2	[183.50 s]
0.0.Q3: Trace Attempt  3	[183.51 s]
0.0.Q3: Trace Attempt  4	[183.51 s]
0.0.Q3: Trace Attempt  5	[183.51 s]
0.0.Q3: Restart 651, Seed dcf57ba117e8b13c, 50.0%
0.0.Q3: Trace Attempt  1	[183.83 s]
0.0.Q3: Trace Attempt  2	[183.83 s]
0.0.Q3: Trace Attempt  3	[183.83 s]
0.0.Q3: Trace Attempt  4	[183.84 s]
0.0.Q3: Trace Attempt  5	[183.84 s]
0.0.Q3: Restart 652, Seed 7e1da40b86d6a118, 50.0%
0.0.Q3: Trace Attempt  1	[184.16 s]
0.0.Q3: Trace Attempt  2	[184.16 s]
0.0.Q3: Trace Attempt  3	[184.16 s]
0.0.Q3: Trace Attempt  4	[184.16 s]
0.0.Q3: Trace Attempt  5	[184.16 s]
0.0.Q3: Restart 653, Seed 2fcfc0e742229baa, 50.0%
0.0.Q3: Trace Attempt  1	[184.48 s]
0.0.Q3: Trace Attempt  2	[184.48 s]
0.0.Q3: Trace Attempt  3	[184.49 s]
0.0.Q3: Trace Attempt  4	[184.49 s]
0.0.Q3: Trace Attempt  5	[184.49 s]
0.0.Q3: Restart 654, Seed bcfc605c56fb4dba, 50.0%
0.0.Q3: Trace Attempt  1	[184.81 s]
0.0.Q3: Trace Attempt  2	[184.81 s]
0.0.Q3: Trace Attempt  3	[184.81 s]
0.0.Q3: Trace Attempt  4	[184.81 s]
0.0.Q3: Trace Attempt  5	[184.81 s]
0.0.Q3: Restart 655, Seed cca7391c917ed1c9, 50.0%
0.0.Q3: Trace Attempt  1	[185.14 s]
0.0.Q3: Trace Attempt  2	[185.14 s]
0.0.Q3: Trace Attempt  3	[185.14 s]
0.0.Q3: Trace Attempt  4	[185.14 s]
0.0.Q3: Trace Attempt  5	[185.14 s]
0.0.Q3: Restart 656, Seed 9793275f7f1852aa, 50.0%
0.0.Q3: Trace Attempt  1	[185.46 s]
0.0.Q3: Trace Attempt  2	[185.46 s]
0.0.Q3: Trace Attempt  3	[185.47 s]
0.0.Q3: Trace Attempt  4	[185.47 s]
0.0.Q3: Trace Attempt  5	[185.47 s]
0.0.Q3: Restart 657, Seed cf83fca94046fb2, 50.0%
0.0.Q3: Trace Attempt  1	[185.79 s]
0.0.Q3: Trace Attempt  2	[185.79 s]
0.0.Q3: Trace Attempt  3	[185.79 s]
0.0.Q3: Trace Attempt  4	[185.79 s]
0.0.Q3: Trace Attempt  5	[185.79 s]
0.0.Q3: Restart 658, Seed 9ded87d02f4c8827, 50.0%
0.0.Q3: Trace Attempt  1	[186.11 s]
0.0.Q3: Trace Attempt  2	[186.12 s]
0.0.Q3: Trace Attempt  3	[186.12 s]
0.0.Q3: Trace Attempt  4	[186.12 s]
0.0.Q3: Trace Attempt  5	[186.12 s]
0.0.Q2: Trace Attempt 2120	[186.38 s]
0.0.Q3: Restart 659, Seed 5b306573fb1e9fc7, 50.0%
0.0.Q3: Trace Attempt  1	[186.44 s]
0.0.Q3: Trace Attempt  2	[186.44 s]
0.0.Q3: Trace Attempt  3	[186.44 s]
0.0.Q3: Trace Attempt  4	[186.45 s]
0.0.Q3: Trace Attempt  5	[186.45 s]
0.0.Q3: Restart 660, Seed 7d7ed871b6d7439d, 50.0%
0.0.Q3: Trace Attempt  1	[186.77 s]
0.0.Q3: Trace Attempt  2	[186.77 s]
0.0.Q3: Trace Attempt  3	[186.78 s]
0.0.Q3: Trace Attempt  4	[186.78 s]
0.0.Q3: Trace Attempt  5	[186.78 s]
0.0.Q3: Restart 661, Seed 8dd825bd177e4352, 50.0%
0.0.Q3: Trace Attempt  1	[187.11 s]
0.0.Q3: Trace Attempt  2	[187.11 s]
0.0.Q3: Trace Attempt  3	[187.11 s]
0.0.Q3: Trace Attempt  4	[187.11 s]
0.0.Q3: Trace Attempt  5	[187.12 s]
0.0.Q3: Restart 662, Seed d1b37684f5e07a2f, 50.0%
0.0.Q3: Trace Attempt  1	[187.44 s]
0.0.Q3: Trace Attempt  2	[187.44 s]
0.0.Q3: Trace Attempt  3	[187.44 s]
0.0.Q3: Trace Attempt  4	[187.44 s]
0.0.Q3: Trace Attempt  5	[187.45 s]
0.0.Q3: Restart 663, Seed 8f506ace91de157d, 50.0%
0.0.Q3: Trace Attempt  1	[187.77 s]
0.0.Q3: Trace Attempt  2	[187.78 s]
0.0.Q3: Trace Attempt  3	[187.78 s]
0.0.Q3: Trace Attempt  4	[187.78 s]
0.0.Q3: Trace Attempt  5	[187.78 s]
0.0.Q3: Restart 664, Seed 189e7d688b9b244, 50.0%
0.0.Q3: Trace Attempt  1	[188.10 s]
0.0.Q3: Trace Attempt  2	[188.10 s]
0.0.Q3: Trace Attempt  3	[188.11 s]
0.0.Q3: Trace Attempt  4	[188.11 s]
0.0.Q3: Trace Attempt  5	[188.11 s]
0.0.Q3: Restart 665, Seed 9fef2b6175c50761, 50.0%
0.0.Q3: Trace Attempt  1	[188.43 s]
0.0.Q3: Trace Attempt  2	[188.44 s]
0.0.Q3: Trace Attempt  3	[188.44 s]
0.0.Q3: Trace Attempt  4	[188.44 s]
0.0.Q3: Trace Attempt  5	[188.44 s]
0.0.Q3: Restart 666, Seed 2b20f3000691dce4, 50.0%
0.0.Q3: Trace Attempt  1	[188.76 s]
0.0.Q3: Trace Attempt  2	[188.76 s]
0.0.Q3: Trace Attempt  3	[188.77 s]
0.0.Q3: Trace Attempt  4	[188.77 s]
0.0.Q3: Trace Attempt  5	[188.77 s]
0.0.Q3: Restart 667, Seed 71b259c4ab465b2d, 50.0%
0.0.Q3: Trace Attempt  1	[189.09 s]
0.0.Q3: Trace Attempt  2	[189.09 s]
0.0.Q3: Trace Attempt  3	[189.10 s]
0.0.Q3: Trace Attempt  4	[189.10 s]
0.0.Q3: Trace Attempt  5	[189.10 s]
0.0.Q3: Restart 668, Seed 50300d5cce03c17a, 50.0%
0.0.Q3: Trace Attempt  1	[189.42 s]
0.0.Q3: Trace Attempt  2	[189.43 s]
0.0.Q3: Trace Attempt  3	[189.43 s]
0.0.Q3: Trace Attempt  4	[189.43 s]
0.0.Q3: Trace Attempt  5	[189.43 s]
0.0.Q3: Restart 669, Seed 995101c8f6c07b7f, 50.0%
0.0.Q3: Trace Attempt  1	[189.75 s]
0.0.Q3: Trace Attempt  2	[189.75 s]
0.0.Q3: Trace Attempt  3	[189.76 s]
0.0.Q3: Trace Attempt  4	[189.76 s]
0.0.Q3: Trace Attempt  5	[189.76 s]
0.0.Q3: Restart 670, Seed 4478d6f5c59a6b34, 50.0%
0.0.Q3: Trace Attempt  1	[190.08 s]
0.0.Q3: Trace Attempt  2	[190.08 s]
0.0.Q3: Trace Attempt  3	[190.08 s]
0.0.Q3: Trace Attempt  4	[190.09 s]
0.0.Q3: Trace Attempt  5	[190.09 s]
0.0.Q3: Restart 671, Seed 47ef18afe63ff674, 50.0%
0.0.Q3: Trace Attempt  1	[190.41 s]
0.0.Q3: Trace Attempt  2	[190.41 s]
0.0.Q2: Trace Attempt 2143	[190.41 s]
0.0.Q3: Trace Attempt  3	[190.41 s]
0.0.Q3: Trace Attempt  4	[190.41 s]
0.0.Q3: Trace Attempt  5	[190.41 s]
0.0.Q3: Restart 672, Seed 61caeea6769723ca, 50.0%
0.0.Q3: Trace Attempt  1	[190.74 s]
0.0.Q3: Trace Attempt  2	[190.74 s]
0.0.Q3: Trace Attempt  3	[190.74 s]
0.0.Q3: Trace Attempt  4	[190.74 s]
0.0.Q3: Trace Attempt  5	[190.74 s]
0.0.Q3: Restart 673, Seed da55b2939d1706, 50.0%
0.0.Q3: Trace Attempt  1	[191.06 s]
0.0.Q3: Trace Attempt  2	[191.07 s]
0.0.Q3: Trace Attempt  3	[191.07 s]
0.0.Q3: Trace Attempt  4	[191.07 s]
0.0.Q3: Trace Attempt  5	[191.07 s]
0.0.Q3: Restart 674, Seed ab9a70bdf5d89b1a, 50.0%
0.0.Q3: Trace Attempt  1	[191.39 s]
0.0.Q3: Trace Attempt  2	[191.39 s]
0.0.Q3: Trace Attempt  3	[191.40 s]
0.0.Q3: Trace Attempt  4	[191.40 s]
0.0.Q3: Trace Attempt  5	[191.40 s]
0.0.Q3: Restart 675, Seed 2e1bdf472734a355, 50.0%
0.0.Q3: Trace Attempt  1	[191.72 s]
0.0.Q3: Trace Attempt  2	[191.72 s]
0.0.Q3: Trace Attempt  3	[191.72 s]
0.0.Q3: Trace Attempt  4	[191.72 s]
0.0.Q3: Trace Attempt  5	[191.72 s]
0.0.Q3: Restart 676, Seed c34307bcc269d940, 50.0%
0.0.Q3: Trace Attempt  1	[192.05 s]
0.0.Q3: Trace Attempt  2	[192.05 s]
0.0.Q3: Trace Attempt  3	[192.05 s]
0.0.Q3: Trace Attempt  4	[192.05 s]
0.0.Q3: Trace Attempt  5	[192.06 s]
0.0.Q3: Restart 677, Seed b4942bcc65cc84b8, 50.0%
0.0.Q3: Trace Attempt  1	[192.38 s]
0.0.Q3: Trace Attempt  2	[192.38 s]
0.0.Q3: Trace Attempt  3	[192.38 s]
0.0.Q3: Trace Attempt  4	[192.38 s]
0.0.Q3: Trace Attempt  5	[192.38 s]
0.0.Q3: Restart 678, Seed c4b9a860bde3ea0f, 50.0%
0.0.Q3: Trace Attempt  1	[192.71 s]
0.0.Q3: Trace Attempt  2	[192.71 s]
0.0.Q3: Trace Attempt  3	[192.71 s]
0.0.Q3: Trace Attempt  4	[192.71 s]
0.0.Q3: Trace Attempt  5	[192.72 s]
0.0.Q3: Restart 679, Seed 3cf8b35a928b9b8e, 50.0%
0.0.Q3: Trace Attempt  1	[193.04 s]
0.0.Q3: Trace Attempt  2	[193.04 s]
0.0.Q3: Trace Attempt  3	[193.04 s]
0.0.Q3: Trace Attempt  4	[193.04 s]
0.0.Q3: Trace Attempt  5	[193.05 s]
0.0.Q3: Restart 680, Seed b53dbff98fb15ec9, 50.0%
0.0.Q3: Trace Attempt  1	[193.38 s]
0.0.Q3: Trace Attempt  2	[193.38 s]
0.0.Q3: Trace Attempt  3	[193.38 s]
0.0.Q3: Trace Attempt  4	[193.38 s]
0.0.Q3: Trace Attempt  5	[193.38 s]
0.0.Q3: Restart 681, Seed c87cfa13fa223778, 50.0%
0.0.Q3: Trace Attempt  1	[193.71 s]
0.0.Q3: Trace Attempt  2	[193.71 s]
0.0.Q3: Trace Attempt  3	[193.71 s]
0.0.Q3: Trace Attempt  4	[193.71 s]
0.0.Q3: Trace Attempt  5	[193.71 s]
0.0.Q3: Restart 682, Seed 5aa01c4746b6da7e, 50.0%
0.0.Q3: Trace Attempt  1	[194.04 s]
0.0.Q3: Trace Attempt  2	[194.04 s]
0.0.Q3: Trace Attempt  3	[194.04 s]
0.0.Q3: Trace Attempt  4	[194.04 s]
0.0.Q3: Trace Attempt  5	[194.04 s]
0.0.Q3: Restart 683, Seed f4e0b8523e821cdf, 50.0%
0.0.Q3: Trace Attempt  1	[194.36 s]
0.0.Q3: Trace Attempt  2	[194.36 s]
0.0.Q3: Trace Attempt  3	[194.37 s]
0.0.Q3: Trace Attempt  4	[194.37 s]
0.0.Q3: Trace Attempt  5	[194.37 s]
0.0.Q2: Trace Attempt 2164	[194.50 s]
0.0.Q3: Restart 684, Seed 223cdb000e2f1e8a, 50.0%
0.0.Q3: Trace Attempt  1	[194.69 s]
0.0.Q3: Trace Attempt  2	[194.69 s]
0.0.Q3: Trace Attempt  3	[194.69 s]
0.0.Q3: Trace Attempt  4	[194.69 s]
0.0.Q3: Trace Attempt  5	[194.69 s]
0.0.Q3: Restart 685, Seed a4bca4ece7b7e511, 50.0%
0.0.Q3: Trace Attempt  1	[195.01 s]
0.0.Q3: Trace Attempt  2	[195.02 s]
0.0.Q3: Trace Attempt  3	[195.02 s]
0.0.Q3: Trace Attempt  4	[195.02 s]
0.0.Q3: Trace Attempt  5	[195.02 s]
0.0.Q3: Restart 686, Seed 4e455f5571c70161, 50.0%
0.0.Q3: Trace Attempt  1	[195.34 s]
0.0.Q3: Trace Attempt  2	[195.34 s]
0.0.Q3: Trace Attempt  3	[195.35 s]
0.0.Q3: Trace Attempt  4	[195.35 s]
0.0.Q3: Trace Attempt  5	[195.35 s]
0.0.Q3: Restart 687, Seed d82d9963b7e253eb, 50.0%
0.0.Q3: Trace Attempt  1	[195.68 s]
0.0.Q3: Trace Attempt  2	[195.68 s]
0.0.Q3: Trace Attempt  3	[195.68 s]
0.0.Q3: Trace Attempt  4	[195.68 s]
0.0.Q3: Trace Attempt  5	[195.68 s]
0.0.Q3: Restart 688, Seed c8a3fd7956991d0, 50.0%
0.0.Q3: Trace Attempt  1	[196.01 s]
0.0.Q3: Trace Attempt  2	[196.01 s]
0.0.Q3: Trace Attempt  3	[196.02 s]
0.0.Q3: Trace Attempt  4	[196.02 s]
0.0.Q3: Trace Attempt  5	[196.02 s]
0.0.Q3: Restart 689, Seed 124344f7c364affb, 50.0%
0.0.Q3: Trace Attempt  1	[196.35 s]
0.0.Q3: Trace Attempt  2	[196.35 s]
0.0.Q3: Trace Attempt  3	[196.35 s]
0.0.Q3: Trace Attempt  4	[196.35 s]
0.0.Q3: Trace Attempt  5	[196.35 s]
0.0.Q3: Restart 690, Seed fc1c999bed9c75b7, 50.0%
0.0.Q3: Trace Attempt  1	[196.68 s]
0.0.Q3: Trace Attempt  2	[196.68 s]
0.0.Q3: Trace Attempt  3	[196.68 s]
0.0.Q3: Trace Attempt  4	[196.68 s]
0.0.Q3: Trace Attempt  5	[196.68 s]
0.0.Q3: Restart 691, Seed 4a5d0bd6c28f372f, 50.0%
0.0.Q3: Trace Attempt  1	[197.02 s]
0.0.Q3: Trace Attempt  2	[197.02 s]
0.0.Q3: Trace Attempt  3	[197.02 s]
0.0.Q3: Trace Attempt  4	[197.02 s]
0.0.Q3: Trace Attempt  5	[197.03 s]
0.0.Q3: Restart 692, Seed 27506e8d75470de9, 50.0%
0.0.Q3: Trace Attempt  1	[197.35 s]
0.0.Q3: Trace Attempt  2	[197.35 s]
0.0.Q3: Trace Attempt  3	[197.35 s]
0.0.Q3: Trace Attempt  4	[197.35 s]
0.0.Q3: Trace Attempt  5	[197.35 s]
0.0.Q3: Restart 693, Seed 58ffbd8bf79a514f, 50.0%
0.0.Q3: Trace Attempt  1	[197.69 s]
0.0.Q3: Trace Attempt  2	[197.69 s]
0.0.Q3: Trace Attempt  3	[197.70 s]
0.0.Q3: Trace Attempt  4	[197.70 s]
0.0.Q3: Trace Attempt  5	[197.70 s]
0.0.Q3: Restart 694, Seed 56d303aa9b8fd935, 50.0%
0.0.Q3: Trace Attempt  1	[198.03 s]
0.0.Q3: Trace Attempt  2	[198.03 s]
0.0.Q3: Trace Attempt  3	[198.03 s]
0.0.Q3: Trace Attempt  4	[198.03 s]
0.0.Q3: Trace Attempt  5	[198.03 s]
0.0.Q3: Restart 695, Seed 4b93997142b08353, 50.0%
0.0.Q3: Trace Attempt  1	[198.37 s]
0.0.Q3: Trace Attempt  2	[198.37 s]
0.0.Q3: Trace Attempt  3	[198.37 s]
0.0.Q3: Trace Attempt  4	[198.37 s]
0.0.Q3: Trace Attempt  5	[198.37 s]
0.0.Q2: Trace Attempt 2185	[198.57 s]
0.0.Q3: Restart 696, Seed c09d4d2b9ff101a3, 50.0%
0.0.Q3: Trace Attempt  1	[198.72 s]
0.0.Q3: Trace Attempt  2	[198.72 s]
0.0.Q3: Trace Attempt  3	[198.72 s]
0.0.Q3: Trace Attempt  4	[198.72 s]
0.0.Q3: Trace Attempt  5	[198.73 s]
0.0.Q3: Restart 697, Seed e82d9e49e5dfe43b, 50.0%
0.0.Q3: Trace Attempt  1	[199.07 s]
0.0.Q3: Trace Attempt  2	[199.07 s]
0.0.Q3: Trace Attempt  3	[199.07 s]
0.0.Q3: Trace Attempt  4	[199.07 s]
0.0.Q3: Trace Attempt  5	[199.07 s]
0.0.Q3: Restart 698, Seed e587b467d925bb95, 50.0%
0.0.Q3: Trace Attempt  1	[199.40 s]
0.0.Q3: Trace Attempt  2	[199.41 s]
0.0.Q3: Trace Attempt  3	[199.41 s]
0.0.Q3: Trace Attempt  4	[199.41 s]
0.0.Q3: Trace Attempt  5	[199.41 s]
0.0.Q3: Restart 699, Seed c96619375f51d136, 50.0%
0.0.Q3: Trace Attempt  1	[199.74 s]
0.0.Q3: Trace Attempt  2	[199.74 s]
0.0.Q3: Trace Attempt  3	[199.74 s]
0.0.Q3: Trace Attempt  4	[199.75 s]
0.0.Q3: Trace Attempt  5	[199.75 s]
0.0.Q3: Restart 700, Seed 2ea104b966b81919, 50.0%
0.0.Q3: Trace Attempt  1	[200.08 s]
0.0.Q3: Trace Attempt  2	[200.08 s]
0.0.Q3: Trace Attempt  3	[200.08 s]
0.0.Q3: Trace Attempt  4	[200.08 s]
0.0.Q3: Trace Attempt  5	[200.09 s]
0.0.Q3: Restart 701, Seed 998d7af4d9c272f8, 50.0%
0.0.Q3: Trace Attempt  1	[200.42 s]
0.0.Q3: Trace Attempt  2	[200.42 s]
0.0.Q3: Trace Attempt  3	[200.42 s]
0.0.Q3: Trace Attempt  4	[200.42 s]
0.0.Q3: Trace Attempt  5	[200.42 s]
0.0.Q3: Restart 702, Seed 7d2bf19f6204eeb2, 50.0%
0.0.Q3: Trace Attempt  1	[200.76 s]
0.0.Q3: Trace Attempt  2	[200.76 s]
0.0.Q3: Trace Attempt  3	[200.76 s]
0.0.Q3: Trace Attempt  4	[200.76 s]
0.0.Q3: Trace Attempt  5	[200.76 s]
0.0.Q3: Restart 703, Seed 711fc3ec9712123, 50.0%
0.0.Q3: Trace Attempt  1	[201.10 s]
0.0.Q3: Trace Attempt  2	[201.10 s]
0.0.Q3: Trace Attempt  3	[201.10 s]
0.0.Q3: Trace Attempt  4	[201.10 s]
0.0.Q3: Trace Attempt  5	[201.11 s]
0.0.Q3: Restart 704, Seed 9dca00e6930c3e3d, 50.0%
0.0.Q3: Trace Attempt  1	[201.45 s]
0.0.Q3: Trace Attempt  2	[201.45 s]
0.0.Q3: Trace Attempt  3	[201.45 s]
0.0.Q3: Trace Attempt  4	[201.46 s]
0.0.Q3: Trace Attempt  5	[201.46 s]
0.0.Q3: Restart 705, Seed 30072fd95f5f5ce1, 50.0%
0.0.Q3: Trace Attempt  1	[201.79 s]
0.0.Q3: Trace Attempt  2	[201.79 s]
0.0.Q3: Trace Attempt  3	[201.79 s]
0.0.Q3: Trace Attempt  4	[201.80 s]
0.0.Q3: Trace Attempt  5	[201.80 s]
0.0.Q3: Restart 706, Seed 1c5b4d87b6d0b3d4, 50.0%
0.0.Q3: Trace Attempt  1	[202.13 s]
0.0.Q3: Trace Attempt  2	[202.13 s]
0.0.Q3: Trace Attempt  3	[202.13 s]
0.0.Q3: Trace Attempt  4	[202.14 s]
0.0.Q3: Trace Attempt  5	[202.14 s]
0.0.Q3: Restart 707, Seed 8f0e7b0d61d19c4b, 50.0%
0.0.Q3: Trace Attempt  1	[202.47 s]
0.0.Q3: Trace Attempt  2	[202.47 s]
0.0.Q3: Trace Attempt  3	[202.47 s]
0.0.Q3: Trace Attempt  4	[202.48 s]
0.0.Q3: Trace Attempt  5	[202.48 s]
0.0.Q2: Trace Attempt 2207	[202.72 s]
0.0.Q3: Restart 708, Seed b4d0fa5d8d20dd50, 50.0%
0.0.Q3: Trace Attempt  1	[202.81 s]
0.0.Q3: Trace Attempt  2	[202.81 s]
0.0.Q3: Trace Attempt  3	[202.81 s]
0.0.Q3: Trace Attempt  4	[202.82 s]
0.0.Q3: Trace Attempt  5	[202.82 s]
0.0.Q3: Restart 709, Seed acebb09e093127e, 50.0%
0.0.Q3: Trace Attempt  1	[203.17 s]
0.0.Q3: Trace Attempt  2	[203.18 s]
0.0.Q3: Trace Attempt  3	[203.18 s]
0.0.Q3: Trace Attempt  4	[203.18 s]
0.0.Q3: Trace Attempt  5	[203.18 s]
0.0.Q3: Restart 710, Seed c905b4bb41dd2add, 50.0%
0.0.Q3: Trace Attempt  1	[203.54 s]
0.0.Q3: Trace Attempt  2	[203.54 s]
0.0.Q3: Trace Attempt  3	[203.54 s]
0.0.Q3: Trace Attempt  4	[203.54 s]
0.0.Q3: Trace Attempt  5	[203.54 s]
0.0.Q3: Restart 711, Seed 83999f7693dffed8, 50.0%
0.0.Q3: Trace Attempt  1	[203.89 s]
0.0.Q3: Trace Attempt  2	[203.90 s]
0.0.Q3: Trace Attempt  3	[203.90 s]
0.0.Q3: Trace Attempt  4	[203.90 s]
0.0.Q3: Trace Attempt  5	[203.90 s]
0.0.Q3: Restart 712, Seed b9a1b7ad59d142cd, 50.0%
0.0.Q3: Trace Attempt  1	[204.26 s]
0.0.Q3: Trace Attempt  2	[204.26 s]
0.0.Q3: Trace Attempt  3	[204.26 s]
0.0.Q3: Trace Attempt  4	[204.26 s]
0.0.Q3: Trace Attempt  5	[204.27 s]
0.0.Q3: Restart 713, Seed b3d594100d0f4816, 50.0%
0.0.Q3: Trace Attempt  1	[204.62 s]
0.0.Q3: Trace Attempt  2	[204.62 s]
0.0.Q3: Trace Attempt  3	[204.62 s]
0.0.Q3: Trace Attempt  4	[204.62 s]
0.0.Q3: Trace Attempt  5	[204.62 s]
0.0.Q3: Restart 714, Seed 85b0614322a79f72, 50.0%
0.0.Q3: Trace Attempt  1	[204.97 s]
0.0.Q3: Trace Attempt  2	[204.98 s]
0.0.Q3: Trace Attempt  3	[204.98 s]
0.0.Q3: Trace Attempt  4	[204.98 s]
0.0.Q3: Trace Attempt  5	[204.98 s]
0.0.Q3: Restart 715, Seed 630ba0ff1186149d, 50.0%
0.0.Q3: Trace Attempt  1	[205.32 s]
0.0.Q3: Trace Attempt  2	[205.32 s]
0.0.Q3: Trace Attempt  3	[205.33 s]
0.0.Q3: Trace Attempt  4	[205.33 s]
0.0.Q3: Trace Attempt  5	[205.33 s]
0.0.Q3: Restart 716, Seed 8a16085035792b63, 50.0%
0.0.Q3: Trace Attempt  1	[205.67 s]
0.0.Q3: Trace Attempt  2	[205.67 s]
0.0.Q3: Trace Attempt  3	[205.67 s]
0.0.Q3: Trace Attempt  4	[205.68 s]
0.0.Q3: Trace Attempt  5	[205.68 s]
0.0.Q3: Restart 717, Seed df164a7309b57b19, 50.0%
0.0.Q3: Trace Attempt  1	[206.02 s]
0.0.Q3: Trace Attempt  2	[206.02 s]
0.0.Q3: Trace Attempt  3	[206.02 s]
0.0.Q3: Trace Attempt  4	[206.02 s]
0.0.Q3: Trace Attempt  5	[206.02 s]
0.0.Q3: Restart 718, Seed 270e1f6f8ba26ccd, 50.0%
0.0.Q3: Trace Attempt  1	[206.36 s]
0.0.Q3: Trace Attempt  2	[206.37 s]
0.0.Q3: Trace Attempt  3	[206.37 s]
0.0.Q3: Trace Attempt  4	[206.37 s]
0.0.Q3: Trace Attempt  5	[206.37 s]
0.0.Q3: Restart 719, Seed b1e9b6539c90df2a, 50.0%
0.0.Q3: Trace Attempt  1	[206.71 s]
0.0.Q3: Trace Attempt  2	[206.71 s]
0.0.Q3: Trace Attempt  3	[206.71 s]
0.0.Q3: Trace Attempt  4	[206.72 s]
0.0.Q3: Trace Attempt  5	[206.72 s]
0.0.Q2: Trace Attempt 2248	[206.73 s]
0.0.Q3: Restart 720, Seed 13acb7faf390739e, 50.0%
0.0.Q3: Trace Attempt  1	[207.06 s]
0.0.Q3: Trace Attempt  2	[207.06 s]
0.0.Q3: Trace Attempt  3	[207.06 s]
0.0.Q3: Trace Attempt  4	[207.06 s]
0.0.Q3: Trace Attempt  5	[207.06 s]
0.0.Q3: Restart 721, Seed fad37080297311f6, 50.0%
0.0.Q3: Trace Attempt  1	[207.40 s]
0.0.Q3: Trace Attempt  2	[207.40 s]
0.0.Q3: Trace Attempt  3	[207.41 s]
0.0.Q3: Trace Attempt  4	[207.41 s]
0.0.Q3: Trace Attempt  5	[207.41 s]
0.0.Q3: Restart 722, Seed e3b36b6db668213d, 50.0%
0.0.Q3: Trace Attempt  1	[207.74 s]
0.0.Q3: Trace Attempt  2	[207.75 s]
0.0.Q3: Trace Attempt  3	[207.75 s]
0.0.Q3: Trace Attempt  4	[207.75 s]
0.0.Q3: Trace Attempt  5	[207.75 s]
0.0.Q3: Restart 723, Seed b6e59fd02ffdffdd, 50.0%
0.0.Q3: Trace Attempt  1	[208.08 s]
0.0.Q3: Trace Attempt  2	[208.09 s]
0.0.Q3: Trace Attempt  3	[208.09 s]
0.0.Q3: Trace Attempt  4	[208.09 s]
0.0.Q3: Trace Attempt  5	[208.09 s]
0.0.Q3: Restart 724, Seed 7873d7beebe77e5, 50.0%
0.0.Q3: Trace Attempt  1	[208.43 s]
0.0.Q3: Trace Attempt  2	[208.43 s]
0.0.Q3: Trace Attempt  3	[208.43 s]
0.0.Q3: Trace Attempt  4	[208.43 s]
0.0.Q3: Trace Attempt  5	[208.43 s]
0.0.Q3: Restart 725, Seed 5dec8e40b4c7a4c1, 50.0%
0.0.Q3: Trace Attempt  1	[208.77 s]
0.0.Q3: Trace Attempt  2	[208.78 s]
0.0.Q3: Trace Attempt  3	[208.78 s]
0.0.Q3: Trace Attempt  4	[208.78 s]
0.0.Q3: Trace Attempt  5	[208.78 s]
0.0.Q3: Restart 726, Seed 7d973605f99aecd, 50.0%
0.0.Q3: Trace Attempt  1	[209.12 s]
0.0.Q3: Trace Attempt  2	[209.12 s]
0.0.Q3: Trace Attempt  3	[209.12 s]
0.0.Q3: Trace Attempt  4	[209.12 s]
0.0.Q3: Trace Attempt  5	[209.13 s]
0.0.Q3: Restart 727, Seed b707fce71681facf, 50.0%
0.0.Q3: Trace Attempt  1	[209.47 s]
0.0.Q3: Trace Attempt  2	[209.47 s]
0.0.Q3: Trace Attempt  3	[209.47 s]
0.0.Q3: Trace Attempt  4	[209.47 s]
0.0.Q3: Trace Attempt  5	[209.47 s]
0.0.Q3: Restart 728, Seed 7892e25b2ebb8762, 50.0%
0.0.Q3: Trace Attempt  1	[209.81 s]
0.0.Q3: Trace Attempt  2	[209.81 s]
0.0.Q3: Trace Attempt  3	[209.81 s]
0.0.Q3: Trace Attempt  4	[209.82 s]
0.0.Q3: Trace Attempt  5	[209.82 s]
0.0.Q3: Restart 729, Seed ad2079079ff3863f, 50.0%
0.0.Q3: Trace Attempt  1	[210.16 s]
0.0.Q3: Trace Attempt  2	[210.16 s]
0.0.Q3: Trace Attempt  3	[210.16 s]
0.0.Q3: Trace Attempt  4	[210.16 s]
0.0.Q3: Trace Attempt  5	[210.16 s]
0.0.Q3: Restart 730, Seed 6942b2ef2c19730, 50.0%
0.0.Q3: Trace Attempt  1	[210.50 s]
0.0.Q3: Trace Attempt  2	[210.50 s]
0.0.Q3: Trace Attempt  3	[210.50 s]
0.0.Q3: Trace Attempt  4	[210.51 s]
0.0.Q3: Trace Attempt  5	[210.51 s]
0.0.Q2: Trace Attempt 2293	[210.80 s]
0.0.Q3: Restart 731, Seed 4460573d8ea5a47e, 50.0%
0.0.Q3: Trace Attempt  1	[210.85 s]
0.0.Q3: Trace Attempt  2	[210.85 s]
0.0.Q3: Trace Attempt  3	[210.85 s]
0.0.Q3: Trace Attempt  4	[210.85 s]
0.0.Q3: Trace Attempt  5	[210.85 s]
0.0.Q3: Restart 732, Seed 22db1f69aa2958c7, 50.0%
0.0.Q3: Trace Attempt  1	[211.19 s]
0.0.Q3: Trace Attempt  2	[211.19 s]
0.0.Q3: Trace Attempt  3	[211.20 s]
0.0.Q3: Trace Attempt  4	[211.20 s]
0.0.Q3: Trace Attempt  5	[211.20 s]
0.0.Q3: Restart 733, Seed 56612f7e7df5fe99, 50.0%
0.0.Q3: Trace Attempt  1	[211.54 s]
0.0.Q3: Trace Attempt  2	[211.54 s]
0.0.Q3: Trace Attempt  3	[211.54 s]
0.0.Q3: Trace Attempt  4	[211.54 s]
0.0.Q3: Trace Attempt  5	[211.54 s]
0.0.Q3: Restart 734, Seed a1cfc06cda8a7307, 50.0%
0.0.Q3: Trace Attempt  1	[211.88 s]
0.0.Q3: Trace Attempt  2	[211.89 s]
0.0.Q3: Trace Attempt  3	[211.89 s]
0.0.Q3: Trace Attempt  4	[211.89 s]
0.0.Q3: Trace Attempt  5	[211.89 s]
0.0.Q3: Restart 735, Seed f9051a0f5f67b4db, 50.0%
0.0.Q3: Trace Attempt  1	[212.23 s]
0.0.Q3: Trace Attempt  2	[212.23 s]
0.0.Q3: Trace Attempt  3	[212.23 s]
0.0.Q3: Trace Attempt  4	[212.24 s]
0.0.Q3: Trace Attempt  5	[212.24 s]
0.0.Q3: Restart 736, Seed 2d1a82ad2e5f585c, 50.0%
0.0.Q3: Trace Attempt  1	[212.58 s]
0.0.Q3: Trace Attempt  2	[212.58 s]
0.0.Q3: Trace Attempt  3	[212.58 s]
0.0.Q3: Trace Attempt  4	[212.58 s]
0.0.Q3: Trace Attempt  5	[212.58 s]
0.0.Q3: Restart 737, Seed b5d9ecd031e89f1f, 50.0%
0.0.Q3: Trace Attempt  1	[212.92 s]
0.0.Q3: Trace Attempt  2	[212.92 s]
0.0.Q3: Trace Attempt  3	[212.93 s]
0.0.Q3: Trace Attempt  4	[212.93 s]
0.0.Q3: Trace Attempt  5	[212.93 s]
0.0.Q3: Restart 738, Seed 32ace60e0aebe0b6, 50.0%
0.0.Q3: Trace Attempt  1	[213.27 s]
0.0.Q3: Trace Attempt  2	[213.27 s]
0.0.Q3: Trace Attempt  3	[213.27 s]
0.0.Q3: Trace Attempt  4	[213.27 s]
0.0.Q3: Trace Attempt  5	[213.27 s]
0.0.Q3: Restart 739, Seed e2966efd79d1a2dc, 50.0%
0.0.Q3: Trace Attempt  1	[213.61 s]
0.0.Q3: Trace Attempt  2	[213.61 s]
0.0.Q3: Trace Attempt  3	[213.62 s]
0.0.Q3: Trace Attempt  4	[213.62 s]
0.0.Q3: Trace Attempt  5	[213.62 s]
0.0.Q3: Restart 740, Seed 6e9eb3e7e96f263d, 50.0%
0.0.Q3: Trace Attempt  1	[213.96 s]
0.0.Q3: Trace Attempt  2	[213.96 s]
0.0.Q3: Trace Attempt  3	[213.96 s]
0.0.Q3: Trace Attempt  4	[213.96 s]
0.0.Q3: Trace Attempt  5	[213.96 s]
0.0.Q3: Restart 741, Seed 78405bc1c4510144, 50.0%
0.0.Q3: Trace Attempt  1	[214.30 s]
0.0.Q3: Trace Attempt  2	[214.30 s]
0.0.Q3: Trace Attempt  3	[214.31 s]
0.0.Q3: Trace Attempt  4	[214.31 s]
0.0.Q3: Trace Attempt  5	[214.31 s]
0.0.Q3: Restart 742, Seed 8b73aabc5b9b7033, 50.0%
0.0.Q3: Trace Attempt  1	[214.65 s]
0.0.Q3: Trace Attempt  2	[214.65 s]
0.0.Q3: Trace Attempt  3	[214.65 s]
0.0.Q3: Trace Attempt  4	[214.65 s]
0.0.Q3: Trace Attempt  5	[214.65 s]
0.0.Q2: Trace Attempt 2319	[214.92 s]
0.0.Q3: Restart 743, Seed 29763d4551f96bd1, 50.0%
0.0.Q3: Trace Attempt  1	[214.99 s]
0.0.Q3: Trace Attempt  2	[214.99 s]
0.0.Q3: Trace Attempt  3	[214.99 s]
0.0.Q3: Trace Attempt  4	[215.00 s]
0.0.Q3: Trace Attempt  5	[215.00 s]
0.0.Q3: Restart 744, Seed 9f78d1502f9b6f8c, 50.0%
0.0.Q3: Trace Attempt  1	[215.34 s]
0.0.Q3: Trace Attempt  2	[215.34 s]
0.0.Q3: Trace Attempt  3	[215.34 s]
0.0.Q3: Trace Attempt  4	[215.34 s]
0.0.Q3: Trace Attempt  5	[215.34 s]
0.0.Q3: Restart 745, Seed 1fe08a7c7e76c5c6, 50.0%
0.0.Q3: Trace Attempt  1	[215.68 s]
0.0.Q3: Trace Attempt  2	[215.68 s]
0.0.Q3: Trace Attempt  3	[215.68 s]
0.0.Q3: Trace Attempt  4	[215.68 s]
0.0.Q3: Trace Attempt  5	[215.68 s]
0.0.Q3: Restart 746, Seed b507b7d721d9f1f0, 50.0%
0.0.Q3: Trace Attempt  1	[216.02 s]
0.0.Q3: Trace Attempt  2	[216.02 s]
0.0.Q3: Trace Attempt  3	[216.02 s]
0.0.Q3: Trace Attempt  4	[216.02 s]
0.0.Q3: Trace Attempt  5	[216.03 s]
0.0.Q3: Restart 747, Seed 15c9b324109dbf9a, 50.0%
0.0.Q3: Trace Attempt  1	[216.37 s]
0.0.Q3: Trace Attempt  2	[216.37 s]
0.0.Q3: Trace Attempt  3	[216.37 s]
0.0.Q3: Trace Attempt  4	[216.37 s]
0.0.Q3: Trace Attempt  5	[216.37 s]
0.0.Q3: Restart 748, Seed 4c8240b083bcff06, 50.0%
0.0.Q3: Trace Attempt  1	[216.71 s]
0.0.Q3: Trace Attempt  2	[216.71 s]
0.0.Q3: Trace Attempt  3	[216.72 s]
0.0.Q3: Trace Attempt  4	[216.72 s]
0.0.Q3: Trace Attempt  5	[216.72 s]
0.0.Q3: Restart 749, Seed cbc3d54b8fab4f2c, 50.0%
0.0.Q3: Trace Attempt  1	[217.06 s]
0.0.Q3: Trace Attempt  2	[217.06 s]
0.0.Q3: Trace Attempt  3	[217.06 s]
0.0.Q3: Trace Attempt  4	[217.06 s]
0.0.Q3: Trace Attempt  5	[217.06 s]
0.0.Q3: Restart 750, Seed b8d66d4df104b357, 50.0%
0.0.Q3: Trace Attempt  1	[217.40 s]
0.0.Q3: Trace Attempt  2	[217.40 s]
0.0.Q3: Trace Attempt  3	[217.41 s]
0.0.Q3: Trace Attempt  4	[217.41 s]
0.0.Q3: Trace Attempt  5	[217.41 s]
0.0.Q3: Restart 751, Seed b007e9616faadd42, 50.0%
0.0.Q3: Trace Attempt  1	[217.75 s]
0.0.Q3: Trace Attempt  2	[217.75 s]
0.0.Q3: Trace Attempt  3	[217.75 s]
0.0.Q3: Trace Attempt  4	[217.75 s]
0.0.Q3: Trace Attempt  5	[217.75 s]
0.0.Q3: Restart 752, Seed b95b80f17d59defa, 50.0%
0.0.Q3: Trace Attempt  1	[218.09 s]
0.0.Q3: Trace Attempt  2	[218.09 s]
0.0.Q3: Trace Attempt  3	[218.09 s]
0.0.Q3: Trace Attempt  4	[218.09 s]
0.0.Q3: Trace Attempt  5	[218.09 s]
0.0.Q3: Restart 753, Seed 577ecdc4a24fe69, 50.0%
0.0.Q3: Trace Attempt  1	[218.43 s]
0.0.Q3: Trace Attempt  2	[218.44 s]
0.0.Q3: Trace Attempt  3	[218.44 s]
0.0.Q3: Trace Attempt  4	[218.44 s]
0.0.Q3: Trace Attempt  5	[218.44 s]
0.0.Q3: Restart 754, Seed 395ece960efdf77c, 50.0%
0.0.Q3: Trace Attempt  1	[218.78 s]
0.0.Q3: Trace Attempt  2	[218.79 s]
0.0.Q3: Trace Attempt  3	[218.79 s]
0.0.Q3: Trace Attempt  4	[218.79 s]
0.0.Q3: Trace Attempt  5	[218.79 s]
0.0.Q2: Trace Attempt 2340	[219.01 s]
0.0.Q3: Restart 755, Seed 43a0fad679842234, 50.0%
0.0.Q3: Trace Attempt  1	[219.13 s]
0.0.Q3: Trace Attempt  2	[219.13 s]
0.0.Q3: Trace Attempt  3	[219.13 s]
0.0.Q3: Trace Attempt  4	[219.14 s]
0.0.Q3: Trace Attempt  5	[219.14 s]
0.0.Q3: Restart 756, Seed dc6b18a0bc996aa9, 50.0%
0.0.Q3: Trace Attempt  1	[219.48 s]
0.0.Q3: Trace Attempt  2	[219.48 s]
0.0.Q3: Trace Attempt  3	[219.49 s]
0.0.Q3: Trace Attempt  4	[219.49 s]
0.0.Q3: Trace Attempt  5	[219.49 s]
0.0.Q3: Restart 757, Seed 95fd125d0ff0f2a5, 50.0%
0.0.Q3: Trace Attempt  1	[219.83 s]
0.0.Q3: Trace Attempt  2	[219.83 s]
0.0.Q3: Trace Attempt  3	[219.84 s]
0.0.Q3: Trace Attempt  4	[219.84 s]
0.0.Q3: Trace Attempt  5	[219.84 s]
0.0.Q3: Restart 758, Seed a8ffbc435633f118, 50.0%
0.0.Q3: Trace Attempt  1	[220.18 s]
0.0.Q3: Trace Attempt  2	[220.18 s]
0.0.Q3: Trace Attempt  3	[220.19 s]
0.0.Q3: Trace Attempt  4	[220.19 s]
0.0.Q3: Trace Attempt  5	[220.19 s]
0.0.Q3: Restart 759, Seed 5a90bc35c3711863, 50.0%
0.0.Q3: Trace Attempt  1	[220.53 s]
0.0.Q3: Trace Attempt  2	[220.54 s]
0.0.Q3: Trace Attempt  3	[220.54 s]
0.0.Q3: Trace Attempt  4	[220.54 s]
0.0.Q3: Trace Attempt  5	[220.54 s]
0.0.Q3: Restart 760, Seed 77f00598f0452874, 50.0%
0.0.Q3: Trace Attempt  1	[220.88 s]
0.0.Q3: Trace Attempt  2	[220.88 s]
0.0.Q3: Trace Attempt  3	[220.88 s]
0.0.Q3: Trace Attempt  4	[220.89 s]
0.0.Q3: Trace Attempt  5	[220.89 s]
0.0.Q3: Restart 761, Seed 44cd7adea2663247, 50.0%
0.0.Q3: Trace Attempt  1	[221.23 s]
0.0.Q3: Trace Attempt  2	[221.23 s]
0.0.Q3: Trace Attempt  3	[221.23 s]
0.0.Q3: Trace Attempt  4	[221.23 s]
0.0.Q3: Trace Attempt  5	[221.23 s]
0.0.Q3: Restart 762, Seed d8d3b52976c52ea8, 50.0%
0.0.Q3: Trace Attempt  1	[221.58 s]
0.0.Q3: Trace Attempt  2	[221.58 s]
0.0.Q3: Trace Attempt  3	[221.58 s]
0.0.Q3: Trace Attempt  4	[221.58 s]
0.0.Q3: Trace Attempt  5	[221.58 s]
0.0.Q3: Restart 763, Seed dfa3f21d3364faad, 50.0%
0.0.Q3: Trace Attempt  1	[221.92 s]
0.0.Q3: Trace Attempt  2	[221.93 s]
0.0.Q3: Trace Attempt  3	[221.93 s]
0.0.Q3: Trace Attempt  4	[221.93 s]
0.0.Q3: Trace Attempt  5	[221.93 s]
0.0.Q3: Restart 764, Seed 24bd538d25628528, 50.0%
0.0.Q3: Trace Attempt  1	[222.27 s]
0.0.Q3: Trace Attempt  2	[222.28 s]
0.0.Q3: Trace Attempt  3	[222.28 s]
0.0.Q3: Trace Attempt  4	[222.28 s]
0.0.Q3: Trace Attempt  5	[222.28 s]
0.0.Q3: Restart 765, Seed 360f01c2467a0e93, 50.0%
0.0.Q3: Trace Attempt  1	[222.62 s]
0.0.Q3: Trace Attempt  2	[222.62 s]
0.0.Q3: Trace Attempt  3	[222.62 s]
0.0.Q3: Trace Attempt  4	[222.63 s]
0.0.Q3: Trace Attempt  5	[222.63 s]
0.0.Q3: Restart 766, Seed b098e789d33ce4e5, 50.0%
0.0.Q3: Trace Attempt  1	[222.97 s]
0.0.Q3: Trace Attempt  2	[222.97 s]
0.0.Q3: Trace Attempt  3	[222.97 s]
0.0.Q3: Trace Attempt  4	[222.97 s]
0.0.Q3: Trace Attempt  5	[222.97 s]
0.0.Q2: Trace Attempt 2360	[223.15 s]
0.0.Q3: Restart 767, Seed 761a88d8b5a6f8e9, 50.0%
0.0.Q3: Trace Attempt  1	[223.31 s]
0.0.Q3: Trace Attempt  2	[223.31 s]
0.0.Q3: Trace Attempt  3	[223.32 s]
0.0.Q3: Trace Attempt  4	[223.32 s]
0.0.Q3: Trace Attempt  5	[223.32 s]
0.0.Q3: Restart 768, Seed f4e36ff86f7aa04c, 50.0%
0.0.Q3: Trace Attempt  1	[223.66 s]
0.0.Q3: Trace Attempt  2	[223.66 s]
0.0.Q3: Trace Attempt  3	[223.66 s]
0.0.Q3: Trace Attempt  4	[223.66 s]
0.0.Q3: Trace Attempt  5	[223.66 s]
0.0.Q3: Restart 769, Seed 5de72945a3d241fa, 50.0%
0.0.Q3: Trace Attempt  1	[224.00 s]
0.0.Q3: Trace Attempt  2	[224.00 s]
0.0.Q3: Trace Attempt  3	[224.01 s]
0.0.Q3: Trace Attempt  4	[224.01 s]
0.0.Q3: Trace Attempt  5	[224.01 s]
0.0.Q3: Restart 770, Seed 5a9e1450636ba75d, 50.0%
0.0.Q3: Trace Attempt  1	[224.35 s]
0.0.Q3: Trace Attempt  2	[224.35 s]
0.0.Q3: Trace Attempt  3	[224.35 s]
0.0.Q3: Trace Attempt  4	[224.35 s]
0.0.Q3: Trace Attempt  5	[224.36 s]
0.0.Q3: Restart 771, Seed 3677240ab35db39d, 50.0%
0.0.Q3: Trace Attempt  1	[224.70 s]
0.0.Q3: Trace Attempt  2	[224.70 s]
0.0.Q3: Trace Attempt  3	[224.70 s]
0.0.Q3: Trace Attempt  4	[224.71 s]
0.0.Q3: Trace Attempt  5	[224.71 s]
0.0.Q3: Restart 772, Seed d95c726517e1e26b, 50.0%
0.0.Q3: Trace Attempt  1	[225.05 s]
0.0.Q3: Trace Attempt  2	[225.05 s]
0.0.Q3: Trace Attempt  3	[225.05 s]
0.0.Q3: Trace Attempt  4	[225.06 s]
0.0.Q3: Trace Attempt  5	[225.06 s]
0.0.Q3: Restart 773, Seed 73d484e4a7074542, 50.0%
0.0.Q3: Trace Attempt  1	[225.40 s]
0.0.Q3: Trace Attempt  2	[225.40 s]
0.0.Q3: Trace Attempt  3	[225.40 s]
0.0.Q3: Trace Attempt  4	[225.40 s]
0.0.Q3: Trace Attempt  5	[225.41 s]
0.0.Q3: Restart 774, Seed a8329f6cd68d41af, 50.0%
0.0.Q3: Trace Attempt  1	[225.75 s]
0.0.Q3: Trace Attempt  2	[225.75 s]
0.0.Q3: Trace Attempt  3	[225.76 s]
0.0.Q3: Trace Attempt  4	[225.76 s]
0.0.Q3: Trace Attempt  5	[225.76 s]
0.0.Q3: Restart 775, Seed a35448379429442e, 50.0%
0.0.Q3: Trace Attempt  1	[226.10 s]
0.0.Q3: Trace Attempt  2	[226.10 s]
0.0.Q3: Trace Attempt  3	[226.11 s]
0.0.Q3: Trace Attempt  4	[226.11 s]
0.0.Q3: Trace Attempt  5	[226.11 s]
0.0.Q3: Restart 776, Seed 1b346f562eb6e0cb, 50.0%
0.0.Q3: Trace Attempt  1	[226.45 s]
0.0.Q3: Trace Attempt  2	[226.46 s]
0.0.Q3: Trace Attempt  3	[226.46 s]
0.0.Q3: Trace Attempt  4	[226.46 s]
0.0.Q3: Trace Attempt  5	[226.46 s]
0.0.Q3: Restart 777, Seed 7e176dea9baad321, 50.0%
0.0.Q3: Trace Attempt  1	[226.81 s]
0.0.Q3: Trace Attempt  2	[226.81 s]
0.0.Q3: Trace Attempt  3	[226.81 s]
0.0.Q3: Trace Attempt  4	[226.81 s]
0.0.Q3: Trace Attempt  5	[226.81 s]
0.0.Q2: Trace Attempt 2379	[227.15 s]
0.0.Q3: Restart 778, Seed ac253d126928a54d, 50.0%
0.0.Q3: Trace Attempt  1	[227.16 s]
0.0.Q3: Trace Attempt  2	[227.16 s]
0.0.Q3: Trace Attempt  3	[227.16 s]
0.0.Q3: Trace Attempt  4	[227.16 s]
0.0.Q3: Trace Attempt  5	[227.16 s]
0.0.Q3: Restart 779, Seed b4557b5880edb3b8, 50.0%
0.0.Q3: Trace Attempt  1	[227.51 s]
0.0.Q3: Trace Attempt  2	[227.51 s]
0.0.Q3: Trace Attempt  3	[227.51 s]
0.0.Q3: Trace Attempt  4	[227.51 s]
0.0.Q3: Trace Attempt  5	[227.51 s]
0.0.Q3: Restart 780, Seed e5a8c5fbd016e3c, 50.0%
0.0.Q3: Trace Attempt  1	[227.86 s]
0.0.Q3: Trace Attempt  2	[227.86 s]
0.0.Q3: Trace Attempt  3	[227.86 s]
0.0.Q3: Trace Attempt  4	[227.86 s]
0.0.Q3: Trace Attempt  5	[227.86 s]
0.0.Q3: Restart 781, Seed f74615bf3217f3ab, 50.0%
0.0.Q3: Trace Attempt  1	[228.21 s]
0.0.Q3: Trace Attempt  2	[228.21 s]
0.0.Q3: Trace Attempt  3	[228.21 s]
0.0.Q3: Trace Attempt  4	[228.21 s]
0.0.Q3: Trace Attempt  5	[228.21 s]
0.0.Q3: Restart 782, Seed f85e23bd637c5fae, 50.0%
0.0.Q3: Trace Attempt  1	[228.56 s]
0.0.Q3: Trace Attempt  2	[228.56 s]
0.0.Q3: Trace Attempt  3	[228.56 s]
0.0.Q3: Trace Attempt  4	[228.56 s]
0.0.Q3: Trace Attempt  5	[228.56 s]
0.0.Q3: Restart 783, Seed b83f67b2c3f438b3, 50.0%
0.0.Q3: Trace Attempt  1	[228.91 s]
0.0.Q3: Trace Attempt  2	[228.91 s]
0.0.Q3: Trace Attempt  3	[228.91 s]
0.0.Q3: Trace Attempt  4	[228.91 s]
0.0.Q3: Trace Attempt  5	[228.91 s]
0.0.Q3: Restart 784, Seed da8b29f11c5397fa, 50.0%
0.0.Q3: Trace Attempt  1	[229.25 s]
0.0.Q3: Trace Attempt  2	[229.26 s]
0.0.Q3: Trace Attempt  3	[229.26 s]
0.0.Q3: Trace Attempt  4	[229.26 s]
0.0.Q3: Trace Attempt  5	[229.26 s]
0.0.Q3: Restart 785, Seed d0dddeaf4b0a9fa0, 50.0%
0.0.Q3: Trace Attempt  1	[229.62 s]
0.0.Q3: Trace Attempt  2	[229.62 s]
0.0.Q3: Trace Attempt  3	[229.62 s]
0.0.Q3: Trace Attempt  4	[229.62 s]
0.0.Q3: Trace Attempt  5	[229.62 s]
0.0.Q3: Restart 786, Seed 7092cdb33d40655a, 50.0%
0.0.Q3: Trace Attempt  1	[229.96 s]
0.0.Q3: Trace Attempt  2	[229.96 s]
0.0.Q3: Trace Attempt  3	[229.96 s]
0.0.Q3: Trace Attempt  4	[229.96 s]
0.0.Q3: Trace Attempt  5	[229.96 s]
0.0.Q3: Restart 787, Seed b4e4742146e0e87d, 50.0%
0.0.Q3: Trace Attempt  1	[230.30 s]
0.0.Q3: Trace Attempt  2	[230.30 s]
0.0.Q3: Trace Attempt  3	[230.30 s]
0.0.Q3: Trace Attempt  4	[230.30 s]
0.0.Q3: Trace Attempt  5	[230.30 s]
0.0.Q3: Restart 788, Seed ebe17ad402038eb6, 50.0%
0.0.Q3: Trace Attempt  1	[230.65 s]
0.0.Q3: Trace Attempt  2	[230.65 s]
0.0.Q3: Trace Attempt  3	[230.65 s]
0.0.Q3: Trace Attempt  4	[230.65 s]
0.0.Q3: Trace Attempt  5	[230.65 s]
0.0.Q3: Restart 789, Seed 1effb3bb2821791a, 50.0%
0.0.Q3: Trace Attempt  1	[230.99 s]
0.0.Q3: Trace Attempt  2	[231.00 s]
0.0.Q3: Trace Attempt  3	[231.00 s]
0.0.Q3: Trace Attempt  4	[231.00 s]
0.0.Q3: Trace Attempt  5	[231.00 s]
0.0.Q3: Restart 790, Seed 94d355a51519f83, 50.0%
0.0.Q3: Trace Attempt  1	[231.34 s]
0.0.Q3: Trace Attempt  2	[231.34 s]
0.0.Q3: Trace Attempt  3	[231.35 s]
0.0.Q3: Trace Attempt  4	[231.35 s]
0.0.Q3: Trace Attempt  5	[231.35 s]
0.0.Q2: Trace Attempt 2398	[231.46 s]
0.0.Q3: Restart 791, Seed ceb1437faeccd96b, 50.0%
0.0.Q3: Trace Attempt  1	[231.69 s]
0.0.Q3: Trace Attempt  2	[231.69 s]
0.0.Q3: Trace Attempt  3	[231.69 s]
0.0.Q3: Trace Attempt  4	[231.70 s]
0.0.Q3: Trace Attempt  5	[231.70 s]
0.0.Q3: Restart 792, Seed b140717973a595e4, 50.0%
0.0.Q3: Trace Attempt  1	[232.04 s]
0.0.Q3: Trace Attempt  2	[232.04 s]
0.0.Q3: Trace Attempt  3	[232.04 s]
0.0.Q3: Trace Attempt  4	[232.04 s]
0.0.Q3: Trace Attempt  5	[232.04 s]
0.0.Q3: Restart 793, Seed 414b2fbc0b11c7e1, 50.0%
0.0.Q3: Trace Attempt  1	[232.39 s]
0.0.Q3: Trace Attempt  2	[232.39 s]
0.0.Q3: Trace Attempt  3	[232.39 s]
0.0.Q3: Trace Attempt  4	[232.39 s]
0.0.Q3: Trace Attempt  5	[232.39 s]
0.0.Q3: Restart 794, Seed c24ecc5c35c47645, 50.0%
0.0.Q3: Trace Attempt  1	[232.74 s]
0.0.Q3: Trace Attempt  2	[232.74 s]
0.0.Q3: Trace Attempt  3	[232.74 s]
0.0.Q3: Trace Attempt  4	[232.74 s]
0.0.Q3: Trace Attempt  5	[232.74 s]
0.0.Q3: Restart 795, Seed b31b314e72bed94d, 50.0%
0.0.Q3: Trace Attempt  1	[233.08 s]
0.0.Q3: Trace Attempt  2	[233.09 s]
0.0.Q3: Trace Attempt  3	[233.09 s]
0.0.Q3: Trace Attempt  4	[233.09 s]
0.0.Q3: Trace Attempt  5	[233.09 s]
0.0.Q3: Restart 796, Seed 99c15eb682d8e7d0, 50.0%
0.0.Q3: Trace Attempt  1	[233.43 s]
0.0.Q3: Trace Attempt  2	[233.43 s]
0.0.Q3: Trace Attempt  3	[233.44 s]
0.0.Q3: Trace Attempt  4	[233.44 s]
0.0.Q3: Trace Attempt  5	[233.44 s]
0.0.Q3: Restart 797, Seed 766a4821230bbb83, 50.0%
0.0.Q3: Trace Attempt  1	[233.79 s]
0.0.Q3: Trace Attempt  2	[233.79 s]
0.0.Q3: Trace Attempt  3	[233.79 s]
0.0.Q3: Trace Attempt  4	[233.79 s]
0.0.Q3: Trace Attempt  5	[233.79 s]
0.0.Q3: Restart 798, Seed 753fd07fbf40c8ed, 50.0%
0.0.Q3: Trace Attempt  1	[234.16 s]
0.0.Q3: Trace Attempt  2	[234.16 s]
0.0.Q3: Trace Attempt  3	[234.16 s]
0.0.Q3: Trace Attempt  4	[234.16 s]
0.0.Q3: Trace Attempt  5	[234.16 s]
0.0.Q3: Restart 799, Seed c70683aecfaa60db, 50.0%
0.0.Q3: Trace Attempt  1	[234.50 s]
0.0.Q3: Trace Attempt  2	[234.50 s]
0.0.Q3: Trace Attempt  3	[234.51 s]
0.0.Q3: Trace Attempt  4	[234.51 s]
0.0.Q3: Trace Attempt  5	[234.51 s]
0.0.Q3: Restart 800, Seed 7041d14f1db4269f, 50.0%
0.0.Q3: Trace Attempt  1	[234.85 s]
0.0.Q3: Trace Attempt  2	[234.85 s]
0.0.Q3: Trace Attempt  3	[234.85 s]
0.0.Q3: Trace Attempt  4	[234.86 s]
0.0.Q3: Trace Attempt  5	[234.86 s]
0.0.Q3: Restart 801, Seed 815d13b8572767da, 50.0%
0.0.Q3: Trace Attempt  1	[235.20 s]
0.0.Q3: Trace Attempt  2	[235.20 s]
0.0.Q3: Trace Attempt  3	[235.20 s]
0.0.Q3: Trace Attempt  4	[235.20 s]
0.0.Q3: Trace Attempt  5	[235.21 s]
0.0.Q3: Restart 802, Seed e9c5cb344b16d9e2, 50.0%
0.0.Q3: Trace Attempt  1	[235.55 s]
0.0.Q3: Trace Attempt  2	[235.55 s]
0.0.Q3: Trace Attempt  3	[235.55 s]
0.0.Q3: Trace Attempt  4	[235.55 s]
0.0.Q3: Trace Attempt  5	[235.55 s]
0.0.Q3: Restart 803, Seed fc728161b57fc0bc, 50.0%
0.0.Q3: Trace Attempt  1	[235.89 s]
0.0.Q3: Trace Attempt  2	[235.89 s]
0.0.Q3: Trace Attempt  3	[235.90 s]
0.0.Q3: Trace Attempt  4	[235.90 s]
0.0.Q3: Trace Attempt  5	[235.90 s]
0.0.Q3: Restart 804, Seed c82da68a984779e, 50.0%
0.0.Q3: Trace Attempt  1	[236.24 s]
0.0.Q3: Trace Attempt  2	[236.24 s]
0.0.Q3: Trace Attempt  3	[236.24 s]
0.0.Q3: Trace Attempt  4	[236.25 s]
0.0.Q3: Trace Attempt  5	[236.25 s]
0.0.Q3: Restart 805, Seed c37d16c7e0ff023e, 50.0%
0.0.Q3: Trace Attempt  1	[236.59 s]
0.0.Q3: Trace Attempt  2	[236.59 s]
0.0.Q3: Trace Attempt  3	[236.59 s]
0.0.Q3: Trace Attempt  4	[236.59 s]
0.0.Q3: Trace Attempt  5	[236.59 s]
0.0.Q3: Restart 806, Seed f844c396befd7dc2, 50.0%
0.0.Q3: Trace Attempt  1	[236.94 s]
0.0.Q3: Trace Attempt  2	[236.94 s]
0.0.Q3: Trace Attempt  3	[236.94 s]
0.0.Q3: Trace Attempt  4	[236.94 s]
0.0.Q3: Trace Attempt  5	[236.94 s]
0.0.Q3: Restart 807, Seed 7453120629d49135, 50.0%
0.0.Q3: Trace Attempt  1	[237.28 s]
0.0.Q3: Trace Attempt  2	[237.28 s]
0.0.Q3: Trace Attempt  3	[237.29 s]
0.0.Q3: Trace Attempt  4	[237.29 s]
0.0.Q3: Trace Attempt  5	[237.29 s]
0.0.Q3: Restart 808, Seed f0efe68aa4b2bb66, 50.0%
0.0.Q3: Trace Attempt  1	[237.63 s]
0.0.Q3: Trace Attempt  2	[237.63 s]
0.0.Q3: Trace Attempt  3	[237.63 s]
0.0.Q3: Trace Attempt  4	[237.64 s]
0.0.Q3: Trace Attempt  5	[237.64 s]
0.0.Q2: Trace Attempt 2418	[237.71 s]
0.0.Q3: Restart 809, Seed 197ec9e245c7e75a, 50.0%
0.0.Q3: Trace Attempt  1	[237.98 s]
0.0.Q3: Trace Attempt  2	[237.98 s]
0.0.Q3: Trace Attempt  3	[237.98 s]
0.0.Q3: Trace Attempt  4	[237.98 s]
0.0.Q3: Trace Attempt  5	[237.98 s]
0.0.Q3: Restart 810, Seed b5f8eea83250e269, 50.0%
0.0.Q3: Trace Attempt  1	[238.32 s]
0.0.Q3: Trace Attempt  2	[238.32 s]
0.0.Q3: Trace Attempt  3	[238.33 s]
0.0.Q3: Trace Attempt  4	[238.33 s]
0.0.Q3: Trace Attempt  5	[238.33 s]
0.0.Q3: Restart 811, Seed 51f342de4990370b, 50.0%
0.0.Q3: Trace Attempt  1	[238.67 s]
0.0.Q3: Trace Attempt  2	[238.68 s]
0.0.Q3: Trace Attempt  3	[238.68 s]
0.0.Q3: Trace Attempt  4	[238.68 s]
0.0.Q3: Trace Attempt  5	[238.68 s]
0.0.Q3: Restart 812, Seed 7eb77d79788e07fd, 50.0%
0.0.Q3: Trace Attempt  1	[239.03 s]
0.0.Q3: Trace Attempt  2	[239.03 s]
0.0.Q3: Trace Attempt  3	[239.03 s]
0.0.Q3: Trace Attempt  4	[239.03 s]
0.0.Q3: Trace Attempt  5	[239.03 s]
0.0.Q3: Restart 813, Seed fd07043147384921, 50.0%
0.0.Q3: Trace Attempt  1	[239.38 s]
0.0.Q3: Trace Attempt  2	[239.38 s]
0.0.Q3: Trace Attempt  3	[239.38 s]
0.0.Q3: Trace Attempt  4	[239.39 s]
0.0.Q3: Trace Attempt  5	[239.39 s]
0.0.Q3: Restart 814, Seed da085e1172b40b0b, 50.0%
0.0.Q3: Trace Attempt  1	[239.73 s]
0.0.Q3: Trace Attempt  2	[239.73 s]
0.0.Q3: Trace Attempt  3	[239.73 s]
0.0.Q3: Trace Attempt  4	[239.74 s]
0.0.Q3: Trace Attempt  5	[239.74 s]
0.0.Q3: Restart 815, Seed c3192bcdaf145e4c, 50.0%
0.0.Q3: Trace Attempt  1	[240.08 s]
0.0.Q3: Trace Attempt  2	[240.08 s]
0.0.Q3: Trace Attempt  3	[240.08 s]
0.0.Q3: Trace Attempt  4	[240.08 s]
0.0.Q3: Trace Attempt  5	[240.09 s]
0.0.Q3: Restart 816, Seed ceb5500aa08a02c4, 50.0%
0.0.Q3: Trace Attempt  1	[240.43 s]
0.0.Q3: Trace Attempt  2	[240.43 s]
0.0.Q3: Trace Attempt  3	[240.43 s]
0.0.Q3: Trace Attempt  4	[240.43 s]
0.0.Q3: Trace Attempt  5	[240.43 s]
0.0.Q3: Restart 817, Seed e0b43caca2a87a5, 50.0%
0.0.Q3: Trace Attempt  1	[240.78 s]
0.0.Q3: Trace Attempt  2	[240.78 s]
0.0.Q3: Trace Attempt  3	[240.78 s]
0.0.Q3: Trace Attempt  4	[240.78 s]
0.0.Q3: Trace Attempt  5	[240.78 s]
0.0.Q3: Restart 818, Seed 48ef03452d10093d, 50.0%
0.0.Q3: Trace Attempt  1	[241.13 s]
0.0.Q3: Trace Attempt  2	[241.13 s]
0.0.Q3: Trace Attempt  3	[241.13 s]
0.0.Q3: Trace Attempt  4	[241.13 s]
0.0.Q3: Trace Attempt  5	[241.13 s]
0.0.Q3: Restart 819, Seed 703ef1fa88af9006, 50.0%
0.0.Q3: Trace Attempt  1	[241.48 s]
0.0.Q3: Trace Attempt  2	[241.48 s]
0.0.Q3: Trace Attempt  3	[241.48 s]
0.0.Q3: Trace Attempt  4	[241.48 s]
0.0.Q3: Trace Attempt  5	[241.48 s]
0.0.Q3: Restart 820, Seed a9a52c3b32e17f34, 50.0%
0.0.Q3: Trace Attempt  1	[241.83 s]
0.0.Q3: Trace Attempt  2	[241.83 s]
0.0.Q3: Trace Attempt  3	[241.83 s]
0.0.Q3: Trace Attempt  4	[241.83 s]
0.0.Q3: Trace Attempt  5	[241.83 s]
0.0.Q2: Trace Attempt 2440	[241.84 s]
0.0.Q3: Restart 821, Seed ea0765de9ff6bbc3, 50.0%
0.0.Q3: Trace Attempt  1	[242.18 s]
0.0.Q3: Trace Attempt  2	[242.18 s]
0.0.Q3: Trace Attempt  3	[242.18 s]
0.0.Q3: Trace Attempt  4	[242.18 s]
0.0.Q3: Trace Attempt  5	[242.18 s]
0.0.Q3: Restart 822, Seed a7356339798e3eeb, 50.0%
0.0.Q3: Trace Attempt  1	[242.53 s]
0.0.Q3: Trace Attempt  2	[242.53 s]
0.0.Q3: Trace Attempt  3	[242.53 s]
0.0.Q3: Trace Attempt  4	[242.53 s]
0.0.Q3: Trace Attempt  5	[242.53 s]
0.0.Q3: Restart 823, Seed 30f02a4599044671, 50.0%
0.0.Q3: Trace Attempt  1	[242.88 s]
0.0.Q3: Trace Attempt  2	[242.88 s]
0.0.Q3: Trace Attempt  3	[242.88 s]
0.0.Q3: Trace Attempt  4	[242.88 s]
0.0.Q3: Trace Attempt  5	[242.88 s]
0.0.Q3: Restart 824, Seed e58fd374c1ed7038, 50.0%
0.0.Q3: Trace Attempt  1	[243.23 s]
0.0.Q3: Trace Attempt  2	[243.23 s]
0.0.Q3: Trace Attempt  3	[243.23 s]
0.0.Q3: Trace Attempt  4	[243.23 s]
0.0.Q3: Trace Attempt  5	[243.23 s]
0.0.Q3: Restart 825, Seed 5507069fab7fce53, 50.0%
0.0.Q3: Trace Attempt  1	[243.58 s]
0.0.Q3: Trace Attempt  2	[243.58 s]
0.0.Q3: Trace Attempt  3	[243.58 s]
0.0.Q3: Trace Attempt  4	[243.58 s]
0.0.Q3: Trace Attempt  5	[243.58 s]
0.0.Q3: Restart 826, Seed 62c4324b5424d138, 50.0%
0.0.Q3: Trace Attempt  1	[243.93 s]
0.0.Q3: Trace Attempt  2	[243.93 s]
0.0.Q3: Trace Attempt  3	[243.93 s]
0.0.Q3: Trace Attempt  4	[243.93 s]
0.0.Q3: Trace Attempt  5	[243.93 s]
0.0.Q3: Restart 827, Seed a708c9a740d2e15e, 50.0%
0.0.Q3: Trace Attempt  1	[244.28 s]
0.0.Q3: Trace Attempt  2	[244.28 s]
0.0.Q3: Trace Attempt  3	[244.28 s]
0.0.Q3: Trace Attempt  4	[244.28 s]
0.0.Q3: Trace Attempt  5	[244.28 s]
0.0.Q3: Restart 828, Seed 944bade95ed71bdc, 50.0%
0.0.Q3: Trace Attempt  1	[244.63 s]
0.0.Q3: Trace Attempt  2	[244.63 s]
0.0.Q3: Trace Attempt  3	[244.63 s]
0.0.Q3: Trace Attempt  4	[244.63 s]
0.0.Q3: Trace Attempt  5	[244.64 s]
0.0.Q3: Restart 829, Seed 1bf799fba491e377, 50.0%
0.0.Q3: Trace Attempt  1	[244.98 s]
0.0.Q3: Trace Attempt  2	[244.98 s]
0.0.Q3: Trace Attempt  3	[244.98 s]
0.0.Q3: Trace Attempt  4	[244.98 s]
0.0.Q3: Trace Attempt  5	[244.99 s]
0.0.Q3: Restart 830, Seed f25d558b109221dc, 50.0%
0.0.Q3: Trace Attempt  1	[245.33 s]
0.0.Q3: Trace Attempt  2	[245.33 s]
0.0.Q3: Trace Attempt  3	[245.33 s]
0.0.Q3: Trace Attempt  4	[245.33 s]
0.0.Q3: Trace Attempt  5	[245.33 s]
0.0.Q3: Restart 831, Seed b3dce8a3405a9ce8, 50.0%
0.0.Q3: Trace Attempt  1	[245.68 s]
0.0.Q3: Trace Attempt  2	[245.68 s]
0.0.Q3: Trace Attempt  3	[245.68 s]
0.0.Q3: Trace Attempt  4	[245.68 s]
0.0.Q3: Trace Attempt  5	[245.68 s]
0.0.Q2: Trace Attempt 2479	[245.95 s]
0.0.Q3: Restart 832, Seed 8998f61e1c88b70d, 50.0%
0.0.Q3: Trace Attempt  1	[246.03 s]
0.0.Q3: Trace Attempt  2	[246.03 s]
0.0.Q3: Trace Attempt  3	[246.03 s]
0.0.Q3: Trace Attempt  4	[246.03 s]
0.0.Q3: Trace Attempt  5	[246.03 s]
0.0.Q3: Restart 833, Seed f835dd64e69c7ab4, 50.0%
0.0.Q3: Trace Attempt  1	[246.38 s]
0.0.Q3: Trace Attempt  2	[246.38 s]
0.0.Q3: Trace Attempt  3	[246.38 s]
0.0.Q3: Trace Attempt  4	[246.38 s]
0.0.Q3: Trace Attempt  5	[246.38 s]
0.0.Q3: Restart 834, Seed 1c20f770616b832, 50.0%
0.0.Q3: Trace Attempt  1	[246.73 s]
0.0.Q3: Trace Attempt  2	[246.73 s]
0.0.Q3: Trace Attempt  3	[246.73 s]
0.0.Q3: Trace Attempt  4	[246.73 s]
0.0.Q3: Trace Attempt  5	[246.73 s]
0.0.Q3: Restart 835, Seed c46d1fdcd4e1d3eb, 50.0%
0.0.Q3: Trace Attempt  1	[247.07 s]
0.0.Q3: Trace Attempt  2	[247.08 s]
0.0.Q3: Trace Attempt  3	[247.08 s]
0.0.Q3: Trace Attempt  4	[247.08 s]
0.0.Q3: Trace Attempt  5	[247.08 s]
0.0.Q3: Restart 836, Seed 7cfe6a76aa54cfbc, 50.0%
0.0.Q3: Trace Attempt  1	[247.42 s]
0.0.Q3: Trace Attempt  2	[247.43 s]
0.0.Q3: Trace Attempt  3	[247.43 s]
0.0.Q3: Trace Attempt  4	[247.43 s]
0.0.Q3: Trace Attempt  5	[247.43 s]
0.0.Q3: Restart 837, Seed 8ad5033aed69c58, 50.0%
0.0.Q3: Trace Attempt  1	[247.77 s]
0.0.Q3: Trace Attempt  2	[247.77 s]
0.0.Q3: Trace Attempt  3	[247.78 s]
0.0.Q3: Trace Attempt  4	[247.78 s]
0.0.Q3: Trace Attempt  5	[247.78 s]
0.0.Q3: Restart 838, Seed 62a57704adf85e5a, 50.0%
0.0.Q3: Trace Attempt  1	[248.12 s]
0.0.Q3: Trace Attempt  2	[248.12 s]
0.0.Q3: Trace Attempt  3	[248.12 s]
0.0.Q3: Trace Attempt  4	[248.12 s]
0.0.Q3: Trace Attempt  5	[248.13 s]
0.0.Q3: Restart 839, Seed ac84ff5e8bde135d, 50.0%
0.0.Q3: Trace Attempt  1	[248.47 s]
0.0.Q3: Trace Attempt  2	[248.47 s]
0.0.Q3: Trace Attempt  3	[248.47 s]
0.0.Q3: Trace Attempt  4	[248.47 s]
0.0.Q3: Trace Attempt  5	[248.47 s]
0.0.Q3: Restart 840, Seed a86b89325f3cb6d, 50.0%
0.0.Q3: Trace Attempt  1	[248.82 s]
0.0.Q3: Trace Attempt  2	[248.82 s]
0.0.Q3: Trace Attempt  3	[248.82 s]
0.0.Q3: Trace Attempt  4	[248.82 s]
0.0.Q3: Trace Attempt  5	[248.82 s]
0.0.Q3: Restart 841, Seed 62b14a29b5ec6d3a, 50.0%
0.0.Q3: Trace Attempt  1	[249.17 s]
0.0.Q3: Trace Attempt  2	[249.17 s]
0.0.Q3: Trace Attempt  3	[249.17 s]
0.0.Q3: Trace Attempt  4	[249.17 s]
0.0.Q3: Trace Attempt  5	[249.17 s]
0.0.Q3: Restart 842, Seed cc0dc2d930c25b96, 50.0%
0.0.Q3: Trace Attempt  1	[249.52 s]
0.0.Q3: Trace Attempt  2	[249.52 s]
0.0.Q3: Trace Attempt  3	[249.52 s]
0.0.Q3: Trace Attempt  4	[249.52 s]
0.0.Q3: Trace Attempt  5	[249.53 s]
0.0.Q3: Restart 843, Seed cfe99e79a4bf50ff, 50.0%
0.0.Q3: Trace Attempt  1	[249.87 s]
0.0.Q3: Trace Attempt  2	[249.87 s]
0.0.Q3: Trace Attempt  3	[249.88 s]
0.0.Q3: Trace Attempt  4	[249.88 s]
0.0.Q3: Trace Attempt  5	[249.88 s]
0.0.Q3: Restart 844, Seed 32a86fdf974af82c, 50.0%
0.0.Q3: Trace Attempt  1	[250.23 s]
0.0.Q3: Trace Attempt  2	[250.23 s]
0.0.Q3: Trace Attempt  3	[250.23 s]
0.0.Q3: Trace Attempt  4	[250.23 s]
0.0.Q3: Trace Attempt  5	[250.24 s]
0.0.Q3: Restart 845, Seed 2c2a451c626a7c13, 50.0%
0.0.Q3: Trace Attempt  1	[250.58 s]
0.0.Q3: Trace Attempt  2	[250.58 s]
0.0.Q3: Trace Attempt  3	[250.58 s]
0.0.Q3: Trace Attempt  4	[250.58 s]
0.0.Q3: Trace Attempt  5	[250.59 s]
0.0.Q2: Trace Attempt 2504	[250.76 s]
0.0.Q3: Restart 846, Seed fc519b72d0bd8256, 50.0%
0.0.Q3: Trace Attempt  1	[250.93 s]
0.0.Q3: Trace Attempt  2	[250.93 s]
0.0.Q3: Trace Attempt  3	[250.93 s]
0.0.Q3: Trace Attempt  4	[250.93 s]
0.0.Q3: Trace Attempt  5	[250.93 s]
0.0.Q3: Restart 847, Seed 8053db9baee3d3b8, 50.0%
0.0.Q3: Trace Attempt  1	[251.27 s]
0.0.Q3: Trace Attempt  2	[251.28 s]
0.0.Q3: Trace Attempt  3	[251.28 s]
0.0.Q3: Trace Attempt  4	[251.28 s]
0.0.Q3: Trace Attempt  5	[251.28 s]
0.0.Q3: Restart 848, Seed 3236a97777f3fbba, 50.0%
0.0.Q3: Trace Attempt  1	[251.62 s]
0.0.Q3: Trace Attempt  2	[251.62 s]
0.0.Q3: Trace Attempt  3	[251.62 s]
0.0.Q3: Trace Attempt  4	[251.63 s]
0.0.Q3: Trace Attempt  5	[251.63 s]
0.0.Q3: Restart 849, Seed 2337f798d5368d19, 50.0%
0.0.Q3: Trace Attempt  1	[251.97 s]
0.0.Q3: Trace Attempt  2	[251.97 s]
0.0.Q3: Trace Attempt  3	[251.97 s]
0.0.Q3: Trace Attempt  4	[251.97 s]
0.0.Q3: Trace Attempt  5	[251.97 s]
0.0.Q3: Restart 850, Seed bb7fb965e068ff5b, 50.0%
0.0.Q3: Trace Attempt  1	[252.32 s]
0.0.Q3: Trace Attempt  2	[252.32 s]
0.0.Q3: Trace Attempt  3	[252.32 s]
0.0.Q3: Trace Attempt  4	[252.32 s]
0.0.Q3: Trace Attempt  5	[252.32 s]
0.0.Q3: Restart 851, Seed 1f5cb0ec384104dd, 50.0%
0.0.Q3: Trace Attempt  1	[252.67 s]
0.0.Q3: Trace Attempt  2	[252.67 s]
0.0.Q3: Trace Attempt  3	[252.67 s]
0.0.Q3: Trace Attempt  4	[252.68 s]
0.0.Q3: Trace Attempt  5	[252.68 s]
0.0.Q3: Restart 852, Seed 4cdfdd541837fc06, 50.0%
0.0.Q3: Trace Attempt  1	[253.02 s]
0.0.Q3: Trace Attempt  2	[253.02 s]
0.0.Q3: Trace Attempt  3	[253.02 s]
0.0.Q3: Trace Attempt  4	[253.02 s]
0.0.Q3: Trace Attempt  5	[253.02 s]
0.0.Q3: Restart 853, Seed 9d8ff02a166fd653, 50.0%
0.0.Q3: Trace Attempt  1	[253.37 s]
0.0.Q3: Trace Attempt  2	[253.37 s]
0.0.Q3: Trace Attempt  3	[253.37 s]
0.0.Q3: Trace Attempt  4	[253.37 s]
0.0.Q3: Trace Attempt  5	[253.37 s]
0.0.Q3: Restart 854, Seed 99ceeaf8410071e8, 50.0%
0.0.Q3: Trace Attempt  1	[253.71 s]
0.0.Q3: Trace Attempt  2	[253.72 s]
0.0.Q3: Trace Attempt  3	[253.72 s]
0.0.Q3: Trace Attempt  4	[253.72 s]
0.0.Q3: Trace Attempt  5	[253.72 s]
0.0.Q3: Restart 855, Seed 3675682ae257963, 50.0%
0.0.Q3: Trace Attempt  1	[254.06 s]
0.0.Q3: Trace Attempt  2	[254.07 s]
0.0.Q3: Trace Attempt  3	[254.07 s]
0.0.Q3: Trace Attempt  4	[254.07 s]
0.0.Q3: Trace Attempt  5	[254.07 s]
0.0.Q3: Restart 856, Seed 6c9274a30a084270, 50.0%
0.0.Q3: Trace Attempt  1	[254.42 s]
0.0.Q3: Trace Attempt  2	[254.42 s]
0.0.Q3: Trace Attempt  3	[254.42 s]
0.0.Q3: Trace Attempt  4	[254.42 s]
0.0.Q3: Trace Attempt  5	[254.43 s]
0.0.Q3: Restart 857, Seed eec0635ecaaf67d, 50.0%
0.0.Q3: Trace Attempt  1	[254.78 s]
0.0.Q3: Trace Attempt  2	[254.78 s]
0.0.Q3: Trace Attempt  3	[254.78 s]
0.0.Q3: Trace Attempt  4	[254.78 s]
0.0.Q3: Trace Attempt  5	[254.78 s]
0.0.Q2: Trace Attempt 2538	[254.78 s]
0.0.Q3: Restart 858, Seed fa97e50b965dc4d9, 50.0%
0.0.Q3: Trace Attempt  1	[255.13 s]
0.0.Q3: Trace Attempt  2	[255.13 s]
0.0.Q3: Trace Attempt  3	[255.13 s]
0.0.Q3: Trace Attempt  4	[255.13 s]
0.0.Q3: Trace Attempt  5	[255.14 s]
0.0.Q3: Restart 859, Seed bc650c6e3f63fffc, 50.0%
0.0.Q3: Trace Attempt  1	[255.48 s]
0.0.Q3: Trace Attempt  2	[255.48 s]
0.0.Q3: Trace Attempt  3	[255.48 s]
0.0.Q3: Trace Attempt  4	[255.49 s]
0.0.Q3: Trace Attempt  5	[255.49 s]
0.0.Q3: Restart 860, Seed 6c347ba86d817570, 50.0%
0.0.Q3: Trace Attempt  1	[255.83 s]
0.0.Q3: Trace Attempt  2	[255.83 s]
0.0.Q3: Trace Attempt  3	[255.84 s]
0.0.Q3: Trace Attempt  4	[255.84 s]
0.0.Q3: Trace Attempt  5	[255.84 s]
0.0.Q3: Restart 861, Seed ffc61adb05cf4f7, 50.0%
0.0.Q3: Trace Attempt  1	[256.18 s]
0.0.Q3: Trace Attempt  2	[256.19 s]
0.0.Q3: Trace Attempt  3	[256.19 s]
0.0.Q3: Trace Attempt  4	[256.19 s]
0.0.Q3: Trace Attempt  5	[256.19 s]
0.0.Q3: Restart 862, Seed 9538fc8c9b665fb7, 50.0%
0.0.Q3: Trace Attempt  1	[256.54 s]
0.0.Q3: Trace Attempt  2	[256.54 s]
0.0.Q3: Trace Attempt  3	[256.54 s]
0.0.Q3: Trace Attempt  4	[256.54 s]
0.0.Q3: Trace Attempt  5	[256.54 s]
0.0.Q3: Restart 863, Seed 215764e8a442f091, 50.0%
0.0.Q3: Trace Attempt  1	[256.89 s]
0.0.Q3: Trace Attempt  2	[256.89 s]
0.0.Q3: Trace Attempt  3	[256.89 s]
0.0.Q3: Trace Attempt  4	[256.89 s]
0.0.Q3: Trace Attempt  5	[256.89 s]
0.0.Q3: Restart 864, Seed 3d3ebf17ab76b919, 50.0%
0.0.Q3: Trace Attempt  1	[257.24 s]
0.0.Q3: Trace Attempt  2	[257.24 s]
0.0.Q3: Trace Attempt  3	[257.24 s]
0.0.Q3: Trace Attempt  4	[257.24 s]
0.0.Q3: Trace Attempt  5	[257.25 s]
0.0.Q3: Restart 865, Seed 2b220a82d70cc026, 50.0%
0.0.Q3: Trace Attempt  1	[257.59 s]
0.0.Q3: Trace Attempt  2	[257.59 s]
0.0.Q3: Trace Attempt  3	[257.59 s]
0.0.Q3: Trace Attempt  4	[257.60 s]
0.0.Q3: Trace Attempt  5	[257.60 s]
0.0.Q3: Restart 866, Seed abc087e7a5575c41, 50.0%
0.0.Q3: Trace Attempt  1	[257.94 s]
0.0.Q3: Trace Attempt  2	[257.94 s]
0.0.Q3: Trace Attempt  3	[257.94 s]
0.0.Q3: Trace Attempt  4	[257.95 s]
0.0.Q3: Trace Attempt  5	[257.95 s]
0.0.Q3: Restart 867, Seed 595786fe9d6c2493, 50.0%
0.0.Q3: Trace Attempt  1	[258.29 s]
0.0.Q3: Trace Attempt  2	[258.30 s]
0.0.Q3: Trace Attempt  3	[258.30 s]
0.0.Q3: Trace Attempt  4	[258.30 s]
0.0.Q3: Trace Attempt  5	[258.30 s]
0.0.Q3: Restart 868, Seed 764a5574e96626ce, 50.0%
0.0.Q3: Trace Attempt  1	[258.65 s]
0.0.Q3: Trace Attempt  2	[258.65 s]
0.0.Q3: Trace Attempt  3	[258.65 s]
0.0.Q3: Trace Attempt  4	[258.65 s]
0.0.Q3: Trace Attempt  5	[258.65 s]
0.0.Q2: Trace Attempt 2567	[258.78 s]
0.0.Q3: Restart 869, Seed 99e494454401ae94, 50.0%
0.0.Q3: Trace Attempt  1	[259.00 s]
0.0.Q3: Trace Attempt  2	[259.00 s]
0.0.Q3: Trace Attempt  3	[259.00 s]
0.0.Q3: Trace Attempt  4	[259.00 s]
0.0.Q3: Trace Attempt  5	[259.00 s]
0.0.Q3: Restart 870, Seed d33658d42b49dfb0, 50.0%
0.0.Q3: Trace Attempt  1	[259.35 s]
0.0.Q3: Trace Attempt  2	[259.35 s]
0.0.Q3: Trace Attempt  3	[259.36 s]
0.0.Q3: Trace Attempt  4	[259.36 s]
0.0.Q3: Trace Attempt  5	[259.36 s]
0.0.Q3: Restart 871, Seed 119b7788517ea0c2, 50.0%
0.0.Q3: Trace Attempt  1	[259.70 s]
0.0.Q3: Trace Attempt  2	[259.71 s]
0.0.Q3: Trace Attempt  3	[259.71 s]
0.0.Q3: Trace Attempt  4	[259.71 s]
0.0.Q3: Trace Attempt  5	[259.71 s]
0.0.Q3: Restart 872, Seed d589dfb0fac4818e, 50.0%
0.0.Q3: Trace Attempt  1	[260.06 s]
0.0.Q3: Trace Attempt  2	[260.06 s]
0.0.Q3: Trace Attempt  3	[260.06 s]
0.0.Q3: Trace Attempt  4	[260.06 s]
0.0.Q3: Trace Attempt  5	[260.06 s]
0.0.Q3: Restart 873, Seed 597b262a36612459, 50.0%
0.0.Q3: Trace Attempt  1	[260.41 s]
0.0.Q3: Trace Attempt  2	[260.41 s]
0.0.Q3: Trace Attempt  3	[260.41 s]
0.0.Q3: Trace Attempt  4	[260.41 s]
0.0.Q3: Trace Attempt  5	[260.42 s]
0.0.Q3: Restart 874, Seed a0ec98b4fb5f80c2, 50.0%
0.0.Q3: Trace Attempt  1	[260.76 s]
0.0.Q3: Trace Attempt  2	[260.76 s]
0.0.Q3: Trace Attempt  3	[260.76 s]
0.0.Q3: Trace Attempt  4	[260.76 s]
0.0.Q3: Trace Attempt  5	[260.77 s]
0.0.Q3: Restart 875, Seed ac7b045e950d6394, 50.0%
0.0.Q3: Trace Attempt  1	[261.11 s]
0.0.Q3: Trace Attempt  2	[261.11 s]
0.0.Q3: Trace Attempt  3	[261.12 s]
0.0.Q3: Trace Attempt  4	[261.12 s]
0.0.Q3: Trace Attempt  5	[261.12 s]
0.0.Q3: Restart 876, Seed d6c7956186f861b7, 50.0%
0.0.Q3: Trace Attempt  1	[261.46 s]
0.0.Q3: Trace Attempt  2	[261.47 s]
0.0.Q3: Trace Attempt  3	[261.47 s]
0.0.Q3: Trace Attempt  4	[261.47 s]
0.0.Q3: Trace Attempt  5	[261.47 s]
0.0.Q3: Restart 877, Seed 4a9015e08b77d1c2, 50.0%
0.0.Q3: Trace Attempt  1	[261.82 s]
0.0.Q3: Trace Attempt  2	[261.82 s]
0.0.Q3: Trace Attempt  3	[261.82 s]
0.0.Q3: Trace Attempt  4	[261.82 s]
0.0.Q3: Trace Attempt  5	[261.82 s]
0.0.Q3: Restart 878, Seed 16bbe06790b2d5ce, 50.0%
0.0.Q3: Trace Attempt  1	[262.17 s]
0.0.Q3: Trace Attempt  2	[262.17 s]
0.0.Q3: Trace Attempt  3	[262.17 s]
0.0.Q3: Trace Attempt  4	[262.17 s]
0.0.Q3: Trace Attempt  5	[262.18 s]
0.0.Q3: Restart 879, Seed eca83936a46c3e55, 50.0%
0.0.Q3: Trace Attempt  1	[262.52 s]
0.0.Q3: Trace Attempt  2	[262.52 s]
0.0.Q3: Trace Attempt  3	[262.52 s]
0.0.Q3: Trace Attempt  4	[262.53 s]
0.0.Q3: Trace Attempt  5	[262.53 s]
0.0.Q2: Trace Attempt 2590	[262.83 s]
0.0.Q3: Restart 880, Seed 78ddeabc021715e9, 50.0%
0.0.Q3: Trace Attempt  1	[262.87 s]
0.0.Q3: Trace Attempt  2	[262.87 s]
0.0.Q3: Trace Attempt  3	[262.87 s]
0.0.Q3: Trace Attempt  4	[262.88 s]
0.0.Q3: Trace Attempt  5	[262.88 s]
0.0.Q3: Restart 881, Seed 1254cc03e0009104, 50.0%
0.0.Q3: Trace Attempt  1	[263.23 s]
0.0.Q3: Trace Attempt  2	[263.23 s]
0.0.Q3: Trace Attempt  3	[263.23 s]
0.0.Q3: Trace Attempt  4	[263.23 s]
0.0.Q3: Trace Attempt  5	[263.23 s]
0.0.Q3: Restart 882, Seed 2a210a1919545148, 50.0%
0.0.Q3: Trace Attempt  1	[263.58 s]
0.0.Q3: Trace Attempt  2	[263.58 s]
0.0.Q3: Trace Attempt  3	[263.58 s]
0.0.Q3: Trace Attempt  4	[263.59 s]
0.0.Q3: Trace Attempt  5	[263.59 s]
0.0.Q3: Restart 883, Seed a694f3542b5a65ce, 50.0%
0.0.Q3: Trace Attempt  1	[263.94 s]
0.0.Q3: Trace Attempt  2	[263.94 s]
0.0.Q3: Trace Attempt  3	[263.94 s]
0.0.Q3: Trace Attempt  4	[263.94 s]
0.0.Q3: Trace Attempt  5	[263.95 s]
0.0.Q3: Restart 884, Seed 9a00086e32a9cf78, 50.0%
0.0.Q3: Trace Attempt  1	[264.30 s]
0.0.Q3: Trace Attempt  2	[264.30 s]
0.0.Q3: Trace Attempt  3	[264.30 s]
0.0.Q3: Trace Attempt  4	[264.30 s]
0.0.Q3: Trace Attempt  5	[264.30 s]
0.0.Q3: Restart 885, Seed f363a02564467649, 50.0%
0.0.Q3: Trace Attempt  1	[264.65 s]
0.0.Q3: Trace Attempt  2	[264.66 s]
0.0.Q3: Trace Attempt  3	[264.66 s]
0.0.Q3: Trace Attempt  4	[264.66 s]
0.0.Q3: Trace Attempt  5	[264.66 s]
0.0.Q3: Restart 886, Seed f0b6e5ac3cab29e4, 50.0%
0.0.Q3: Trace Attempt  1	[265.01 s]
0.0.Q3: Trace Attempt  2	[265.01 s]
0.0.Q3: Trace Attempt  3	[265.01 s]
0.0.Q3: Trace Attempt  4	[265.02 s]
0.0.Q3: Trace Attempt  5	[265.02 s]
0.0.Q3: Restart 887, Seed 597c20a7657bdea1, 50.0%
0.0.Q3: Trace Attempt  1	[265.38 s]
0.0.Q3: Trace Attempt  2	[265.38 s]
0.0.Q3: Trace Attempt  3	[265.38 s]
0.0.Q3: Trace Attempt  4	[265.38 s]
0.0.Q3: Trace Attempt  5	[265.38 s]
0.0.Q3: Restart 888, Seed 576246d6ca8d49ed, 50.0%
0.0.Q3: Trace Attempt  1	[265.74 s]
0.0.Q3: Trace Attempt  2	[265.74 s]
0.0.Q3: Trace Attempt  3	[265.74 s]
0.0.Q3: Trace Attempt  4	[265.75 s]
0.0.Q3: Trace Attempt  5	[265.75 s]
0.0.Q3: Restart 889, Seed c8cf7884cd09e364, 50.0%
0.0.Q3: Trace Attempt  1	[266.10 s]
0.0.Q3: Trace Attempt  2	[266.10 s]
0.0.Q3: Trace Attempt  3	[266.10 s]
0.0.Q3: Trace Attempt  4	[266.10 s]
0.0.Q3: Trace Attempt  5	[266.10 s]
0.0.Q3: Restart 890, Seed e40d27c87e2544d3, 50.0%
0.0.Q3: Trace Attempt  1	[266.45 s]
0.0.Q3: Trace Attempt  2	[266.46 s]
0.0.Q3: Trace Attempt  3	[266.46 s]
0.0.Q3: Trace Attempt  4	[266.46 s]
0.0.Q3: Trace Attempt  5	[266.46 s]
0.0.Q3: Restart 891, Seed 65e73f179f3c8889, 50.0%
0.0.Q3: Trace Attempt  1	[266.81 s]
0.0.Q3: Trace Attempt  2	[266.81 s]
0.0.Q3: Trace Attempt  3	[266.82 s]
0.0.Q3: Trace Attempt  4	[266.82 s]
0.0.Q3: Trace Attempt  5	[266.82 s]
0.0.Q2: Trace Attempt 2613	[266.91 s]
0.0.Q3: Restart 892, Seed b5721fdac0764873, 50.0%
0.0.Q3: Trace Attempt  1	[267.17 s]
0.0.Q3: Trace Attempt  2	[267.17 s]
0.0.Q3: Trace Attempt  3	[267.17 s]
0.0.Q3: Trace Attempt  4	[267.17 s]
0.0.Q3: Trace Attempt  5	[267.18 s]
0.0.Q3: Restart 893, Seed 1f0512c15de69086, 50.0%
0.0.Q3: Trace Attempt  1	[267.52 s]
0.0.Q3: Trace Attempt  2	[267.52 s]
0.0.Q3: Trace Attempt  3	[267.53 s]
0.0.Q3: Trace Attempt  4	[267.53 s]
0.0.Q3: Trace Attempt  5	[267.53 s]
0.0.Q3: Restart 894, Seed 998242bbd09efc46, 50.0%
0.0.Q3: Trace Attempt  1	[267.88 s]
0.0.Q3: Trace Attempt  2	[267.88 s]
0.0.Q3: Trace Attempt  3	[267.88 s]
0.0.Q3: Trace Attempt  4	[267.88 s]
0.0.Q3: Trace Attempt  5	[267.88 s]
0.0.Q3: Restart 895, Seed 856590990d111036, 50.0%
0.0.Q3: Trace Attempt  1	[268.23 s]
0.0.Q3: Trace Attempt  2	[268.23 s]
0.0.Q3: Trace Attempt  3	[268.23 s]
0.0.Q3: Trace Attempt  4	[268.23 s]
0.0.Q3: Trace Attempt  5	[268.23 s]
0.0.Q3: Restart 896, Seed 22abf71efbffe0bd, 50.0%
0.0.Q3: Trace Attempt  1	[268.58 s]
0.0.Q3: Trace Attempt  2	[268.58 s]
0.0.Q3: Trace Attempt  3	[268.58 s]
0.0.Q3: Trace Attempt  4	[268.59 s]
0.0.Q3: Trace Attempt  5	[268.59 s]
0.0.Q3: Restart 897, Seed c476915cfed0b363, 50.0%
0.0.Q3: Trace Attempt  1	[268.94 s]
0.0.Q3: Trace Attempt  2	[268.94 s]
0.0.Q3: Trace Attempt  3	[268.94 s]
0.0.Q3: Trace Attempt  4	[268.94 s]
0.0.Q3: Trace Attempt  5	[268.94 s]
0.0.Q3: Restart 898, Seed 4af514d4b22eb30b, 50.0%
0.0.Q3: Trace Attempt  1	[269.29 s]
0.0.Q3: Trace Attempt  2	[269.29 s]
0.0.Q3: Trace Attempt  3	[269.29 s]
0.0.Q3: Trace Attempt  4	[269.29 s]
0.0.Q3: Trace Attempt  5	[269.29 s]
0.0.Q3: Restart 899, Seed adef4bbaa3a7b12c, 50.0%
0.0.Q3: Trace Attempt  1	[269.64 s]
0.0.Q3: Trace Attempt  2	[269.64 s]
0.0.Q3: Trace Attempt  3	[269.64 s]
0.0.Q3: Trace Attempt  4	[269.64 s]
0.0.Q3: Trace Attempt  5	[269.65 s]
0.0.Q3: Restart 900, Seed cbe132c06d820ca7, 50.0%
0.0.Q3: Trace Attempt  1	[270.00 s]
0.0.Q3: Trace Attempt  2	[270.00 s]
0.0.Q3: Trace Attempt  3	[270.00 s]
0.0.Q3: Trace Attempt  4	[270.00 s]
0.0.Q3: Trace Attempt  5	[270.00 s]
0.0.Q3: Restart 901, Seed 614386c2a0c6108a, 50.0%
0.0.Q3: Trace Attempt  1	[270.35 s]
0.0.Q3: Trace Attempt  2	[270.35 s]
0.0.Q3: Trace Attempt  3	[270.35 s]
0.0.Q3: Trace Attempt  4	[270.35 s]
0.0.Q3: Trace Attempt  5	[270.36 s]
0.0.Q3: Restart 902, Seed d0d775aab9bdf062, 50.0%
0.0.Q3: Trace Attempt  1	[270.70 s]
0.0.Q3: Trace Attempt  2	[270.70 s]
0.0.Q3: Trace Attempt  3	[270.70 s]
0.0.Q3: Trace Attempt  4	[270.71 s]
0.0.Q3: Trace Attempt  5	[270.71 s]
0.0.Q2: Trace Attempt 2634	[271.00 s]
0.0.Q3: Restart 903, Seed d78d9c470d5a76b9, 50.0%
0.0.Q3: Trace Attempt  1	[271.06 s]
0.0.Q3: Trace Attempt  2	[271.06 s]
0.0.Q3: Trace Attempt  3	[271.06 s]
0.0.Q3: Trace Attempt  4	[271.06 s]
0.0.Q3: Trace Attempt  5	[271.06 s]
0.0.Q3: Restart 904, Seed b0e072874988288b, 50.0%
0.0.Q3: Trace Attempt  1	[271.41 s]
0.0.Q3: Trace Attempt  2	[271.41 s]
0.0.Q3: Trace Attempt  3	[271.41 s]
0.0.Q3: Trace Attempt  4	[271.41 s]
0.0.Q3: Trace Attempt  5	[271.41 s]
0.0.Q3: Restart 905, Seed e7475b35e88d8928, 50.0%
0.0.Q3: Trace Attempt  1	[271.76 s]
0.0.Q3: Trace Attempt  2	[271.76 s]
0.0.Q3: Trace Attempt  3	[271.76 s]
0.0.Q3: Trace Attempt  4	[271.77 s]
0.0.Q3: Trace Attempt  5	[271.77 s]
0.0.Q3: Restart 906, Seed 4772aedeb7892986, 50.0%
0.0.Q3: Trace Attempt  1	[272.12 s]
0.0.Q3: Trace Attempt  2	[272.12 s]
0.0.Q3: Trace Attempt  3	[272.12 s]
0.0.Q3: Trace Attempt  4	[272.12 s]
0.0.Q3: Trace Attempt  5	[272.12 s]
0.0.Q3: Restart 907, Seed 41c7d456af59030c, 50.0%
0.0.Q3: Trace Attempt  1	[272.47 s]
0.0.Q3: Trace Attempt  2	[272.47 s]
0.0.Q3: Trace Attempt  3	[272.47 s]
0.0.Q3: Trace Attempt  4	[272.47 s]
0.0.Q3: Trace Attempt  5	[272.48 s]
0.0.Q3: Restart 908, Seed 7c2a6421b403565, 50.0%
0.0.Q3: Trace Attempt  1	[272.82 s]
0.0.Q3: Trace Attempt  2	[272.82 s]
0.0.Q3: Trace Attempt  3	[272.82 s]
0.0.Q3: Trace Attempt  4	[272.83 s]
0.0.Q3: Trace Attempt  5	[272.83 s]
0.0.Q3: Restart 909, Seed cd151e7dceb8e7a0, 50.0%
0.0.Q3: Trace Attempt  1	[273.18 s]
0.0.Q3: Trace Attempt  2	[273.18 s]
0.0.Q3: Trace Attempt  3	[273.18 s]
0.0.Q3: Trace Attempt  4	[273.18 s]
0.0.Q3: Trace Attempt  5	[273.18 s]
0.0.Q3: Restart 910, Seed 131c483e199963e2, 50.0%
0.0.Q3: Trace Attempt  1	[273.53 s]
0.0.Q3: Trace Attempt  2	[273.53 s]
0.0.Q3: Trace Attempt  3	[273.53 s]
0.0.Q3: Trace Attempt  4	[273.53 s]
0.0.Q3: Trace Attempt  5	[273.54 s]
0.0.Q3: Restart 911, Seed 89774390bd00a1b7, 50.0%
0.0.Q3: Trace Attempt  1	[273.88 s]
0.0.Q3: Trace Attempt  2	[273.88 s]
0.0.Q3: Trace Attempt  3	[273.89 s]
0.0.Q3: Trace Attempt  4	[273.89 s]
0.0.Q3: Trace Attempt  5	[273.89 s]
0.0.Q3: Restart 912, Seed 76b6573ff2dfdef0, 50.0%
0.0.Q3: Trace Attempt  1	[274.24 s]
0.0.Q3: Trace Attempt  2	[274.24 s]
0.0.Q3: Trace Attempt  3	[274.24 s]
0.0.Q3: Trace Attempt  4	[274.24 s]
0.0.Q3: Trace Attempt  5	[274.24 s]
0.0.Q3: Restart 913, Seed 9d3664d0ee4e8d35, 50.0%
0.0.Q3: Trace Attempt  1	[274.60 s]
0.0.Q3: Trace Attempt  2	[274.60 s]
0.0.Q3: Trace Attempt  3	[274.60 s]
0.0.Q3: Trace Attempt  4	[274.60 s]
0.0.Q3: Trace Attempt  5	[274.60 s]
0.0.Q3: Restart 914, Seed 8a0bdd6c71268c6d, 50.0%
0.0.Q3: Trace Attempt  1	[274.95 s]
0.0.Q3: Trace Attempt  2	[274.95 s]
0.0.Q3: Trace Attempt  3	[274.96 s]
0.0.Q3: Trace Attempt  4	[274.96 s]
0.0.Q3: Trace Attempt  5	[274.96 s]
0.0.Q2: Trace Attempt 2650	[275.20 s]
0.0.Q3: Restart 915, Seed acd326199d3fcafe, 50.0%
0.0.Q3: Trace Attempt  1	[275.32 s]
0.0.Q3: Trace Attempt  2	[275.32 s]
0.0.Q3: Trace Attempt  3	[275.32 s]
0.0.Q3: Trace Attempt  4	[275.32 s]
0.0.Q3: Trace Attempt  5	[275.33 s]
0.0.Q3: Restart 916, Seed 95a91783f4d2a0ba, 50.0%
0.0.Q3: Trace Attempt  1	[275.67 s]
0.0.Q3: Trace Attempt  2	[275.67 s]
0.0.Q3: Trace Attempt  3	[275.68 s]
0.0.Q3: Trace Attempt  4	[275.68 s]
0.0.Q3: Trace Attempt  5	[275.68 s]
0.0.Q3: Restart 917, Seed 2d8367737a8a312, 50.0%
0.0.Q3: Trace Attempt  1	[276.02 s]
0.0.Q3: Trace Attempt  2	[276.02 s]
0.0.Q3: Trace Attempt  3	[276.02 s]
0.0.Q3: Trace Attempt  4	[276.02 s]
0.0.Q3: Trace Attempt  5	[276.03 s]
0.0.Q3: Restart 918, Seed 43b9b65ee5263a88, 50.0%
0.0.Q3: Trace Attempt  1	[276.37 s]
0.0.Q3: Trace Attempt  2	[276.37 s]
0.0.Q3: Trace Attempt  3	[276.37 s]
0.0.Q3: Trace Attempt  4	[276.37 s]
0.0.Q3: Trace Attempt  5	[276.37 s]
0.0.Q3: Restart 919, Seed 7a00f4d9a7d22f02, 50.0%
0.0.Q3: Trace Attempt  1	[276.72 s]
0.0.Q3: Trace Attempt  2	[276.72 s]
0.0.Q3: Trace Attempt  3	[276.72 s]
0.0.Q3: Trace Attempt  4	[276.72 s]
0.0.Q3: Trace Attempt  5	[276.72 s]
0.0.Q3: Restart 920, Seed 9eb305d4c1e97b0f, 50.0%
0.0.Q3: Trace Attempt  1	[277.06 s]
0.0.Q3: Trace Attempt  2	[277.06 s]
0.0.Q3: Trace Attempt  3	[277.07 s]
0.0.Q3: Trace Attempt  4	[277.07 s]
0.0.Q3: Trace Attempt  5	[277.07 s]
0.0.Q3: Restart 921, Seed 6c9ef3a78a53ab1c, 50.0%
0.0.Q3: Trace Attempt  1	[277.41 s]
0.0.Q3: Trace Attempt  2	[277.41 s]
0.0.Q3: Trace Attempt  3	[277.42 s]
0.0.Q3: Trace Attempt  4	[277.42 s]
0.0.Q3: Trace Attempt  5	[277.42 s]
0.0.Q3: Restart 922, Seed cd3f4337b00e7b4d, 50.0%
0.0.Q3: Trace Attempt  1	[277.77 s]
0.0.Q3: Trace Attempt  2	[277.77 s]
0.0.Q3: Trace Attempt  3	[277.77 s]
0.0.Q3: Trace Attempt  4	[277.77 s]
0.0.Q3: Trace Attempt  5	[277.77 s]
0.0.Q3: Restart 923, Seed c7f54c9662b8965a, 50.0%
0.0.Q3: Trace Attempt  1	[278.12 s]
0.0.Q3: Trace Attempt  2	[278.12 s]
0.0.Q3: Trace Attempt  3	[278.12 s]
0.0.Q3: Trace Attempt  4	[278.12 s]
0.0.Q3: Trace Attempt  5	[278.13 s]
0.0.Q3: Restart 924, Seed cd44b102ad6cb8c6, 50.0%
0.0.Q3: Trace Attempt  1	[278.47 s]
0.0.Q3: Trace Attempt  2	[278.48 s]
0.0.Q3: Trace Attempt  3	[278.48 s]
0.0.Q3: Trace Attempt  4	[278.48 s]
0.0.Q3: Trace Attempt  5	[278.48 s]
0.0.Q3: Restart 925, Seed 93b7a43de5488d06, 50.0%
0.0.Q3: Trace Attempt  1	[278.83 s]
0.0.Q3: Trace Attempt  2	[278.83 s]
0.0.Q3: Trace Attempt  3	[278.83 s]
0.0.Q3: Trace Attempt  4	[278.83 s]
0.0.Q3: Trace Attempt  5	[278.84 s]
0.0.Q3: Restart 926, Seed c281bebec35dff02, 50.0%
0.0.Q3: Trace Attempt  1	[279.18 s]
0.0.Q3: Trace Attempt  2	[279.19 s]
0.0.Q3: Trace Attempt  3	[279.19 s]
0.0.Q3: Trace Attempt  4	[279.19 s]
0.0.Q3: Trace Attempt  5	[279.19 s]
0.0.Q2: Trace Attempt 2669	[279.36 s]
0.0.Q3: Restart 927, Seed 23c2ad347c5935c1, 50.0%
0.0.Q3: Trace Attempt  1	[279.54 s]
0.0.Q3: Trace Attempt  2	[279.54 s]
0.0.Q3: Trace Attempt  3	[279.54 s]
0.0.Q3: Trace Attempt  4	[279.54 s]
0.0.Q3: Trace Attempt  5	[279.54 s]
0.0.Q3: Restart 928, Seed 3fa9ac67422dfb7, 50.0%
0.0.Q3: Trace Attempt  1	[279.89 s]
0.0.Q3: Trace Attempt  2	[279.89 s]
0.0.Q3: Trace Attempt  3	[279.89 s]
0.0.Q3: Trace Attempt  4	[279.90 s]
0.0.Q3: Trace Attempt  5	[279.90 s]
0.0.Q3: Restart 929, Seed f03b1f046940d311, 50.0%
0.0.Q3: Trace Attempt  1	[280.24 s]
0.0.Q3: Trace Attempt  2	[280.25 s]
0.0.Q3: Trace Attempt  3	[280.25 s]
0.0.Q3: Trace Attempt  4	[280.25 s]
0.0.Q3: Trace Attempt  5	[280.25 s]
0.0.Q3: Restart 930, Seed a52ab629787fdc54, 50.0%
0.0.Q3: Trace Attempt  1	[280.60 s]
0.0.Q3: Trace Attempt  2	[280.60 s]
0.0.Q3: Trace Attempt  3	[280.60 s]
0.0.Q3: Trace Attempt  4	[280.60 s]
0.0.Q3: Trace Attempt  5	[280.60 s]
0.0.Q3: Restart 931, Seed 1c417122d08368a9, 50.0%
0.0.Q3: Trace Attempt  1	[280.95 s]
0.0.Q3: Trace Attempt  2	[280.95 s]
0.0.Q3: Trace Attempt  3	[280.95 s]
0.0.Q3: Trace Attempt  4	[280.95 s]
0.0.Q3: Trace Attempt  5	[280.96 s]
0.0.Q3: Restart 932, Seed 8a55ea1902d6f9a1, 50.0%
0.0.Q3: Trace Attempt  1	[281.30 s]
0.0.Q3: Trace Attempt  2	[281.30 s]
0.0.Q3: Trace Attempt  3	[281.30 s]
0.0.Q3: Trace Attempt  4	[281.31 s]
0.0.Q3: Trace Attempt  5	[281.31 s]
0.0.Q3: Restart 933, Seed a5cdc216ab8b2406, 50.0%
0.0.Q3: Trace Attempt  1	[281.65 s]
0.0.Q3: Trace Attempt  2	[281.65 s]
0.0.Q3: Trace Attempt  3	[281.66 s]
0.0.Q3: Trace Attempt  4	[281.66 s]
0.0.Q3: Trace Attempt  5	[281.66 s]
0.0.Q3: Restart 934, Seed cf2db08b0e076361, 50.0%
0.0.Q3: Trace Attempt  1	[282.01 s]
0.0.Q3: Trace Attempt  2	[282.01 s]
0.0.Q3: Trace Attempt  3	[282.01 s]
0.0.Q3: Trace Attempt  4	[282.01 s]
0.0.Q3: Trace Attempt  5	[282.01 s]
0.0.Q3: Restart 935, Seed 7725646379136ef8, 50.0%
0.0.Q3: Trace Attempt  1	[282.36 s]
0.0.Q3: Trace Attempt  2	[282.36 s]
0.0.Q3: Trace Attempt  3	[282.36 s]
0.0.Q3: Trace Attempt  4	[282.37 s]
0.0.Q3: Trace Attempt  5	[282.37 s]
0.0.Q3: Restart 936, Seed 1921a7c5ae42e7e0, 50.0%
0.0.Q3: Trace Attempt  1	[282.72 s]
0.0.Q3: Trace Attempt  2	[282.72 s]
0.0.Q3: Trace Attempt  3	[282.72 s]
0.0.Q3: Trace Attempt  4	[282.72 s]
0.0.Q3: Trace Attempt  5	[282.72 s]
0.0.Q3: Restart 937, Seed 731850eb6d8f6759, 50.0%
0.0.Q3: Trace Attempt  1	[283.07 s]
0.0.Q3: Trace Attempt  2	[283.07 s]
0.0.Q3: Trace Attempt  3	[283.07 s]
0.0.Q3: Trace Attempt  4	[283.07 s]
0.0.Q3: Trace Attempt  5	[283.08 s]
0.0.Q3: Restart 938, Seed b36bff6896107eff, 50.0%
0.0.Q3: Trace Attempt  1	[283.42 s]
0.0.Q3: Trace Attempt  2	[283.42 s]
0.0.Q3: Trace Attempt  3	[283.43 s]
0.0.Q3: Trace Attempt  4	[283.43 s]
0.0.Q3: Trace Attempt  5	[283.43 s]
0.0.Q2: Trace Attempt 2687	[283.45 s]
0.0.Q3: Restart 939, Seed 11ced27b53b9446a, 50.0%
0.0.Q3: Trace Attempt  1	[283.77 s]
0.0.Q3: Trace Attempt  2	[283.78 s]
0.0.Q3: Trace Attempt  3	[283.78 s]
0.0.Q3: Trace Attempt  4	[283.78 s]
0.0.Q3: Trace Attempt  5	[283.78 s]
0.0.Q3: Restart 940, Seed b288d39a85e94d7d, 50.0%
0.0.Q3: Trace Attempt  1	[284.13 s]
0.0.Q3: Trace Attempt  2	[284.13 s]
0.0.Q3: Trace Attempt  3	[284.13 s]
0.0.Q3: Trace Attempt  4	[284.13 s]
0.0.Q3: Trace Attempt  5	[284.13 s]
0.0.Q3: Restart 941, Seed 32fcfc1e49cbb735, 50.0%
0.0.Q3: Trace Attempt  1	[284.48 s]
0.0.Q3: Trace Attempt  2	[284.48 s]
0.0.Q3: Trace Attempt  3	[284.48 s]
0.0.Q3: Trace Attempt  4	[284.48 s]
0.0.Q3: Trace Attempt  5	[284.49 s]
0.0.Q3: Restart 942, Seed c42f194c70c45de9, 50.0%
0.0.Q3: Trace Attempt  1	[284.83 s]
0.0.Q3: Trace Attempt  2	[284.83 s]
0.0.Q3: Trace Attempt  3	[284.83 s]
0.0.Q3: Trace Attempt  4	[284.84 s]
0.0.Q3: Trace Attempt  5	[284.84 s]
0.0.Q3: Restart 943, Seed 4de8c237580b4d4e, 50.0%
0.0.Q3: Trace Attempt  1	[285.19 s]
0.0.Q3: Trace Attempt  2	[285.19 s]
0.0.Q3: Trace Attempt  3	[285.19 s]
0.0.Q3: Trace Attempt  4	[285.19 s]
0.0.Q3: Trace Attempt  5	[285.19 s]
0.0.Q3: Restart 944, Seed 88fbf22c7994b263, 50.0%
0.0.Q3: Trace Attempt  1	[285.54 s]
0.0.Q3: Trace Attempt  2	[285.54 s]
0.0.Q3: Trace Attempt  3	[285.55 s]
0.0.Q3: Trace Attempt  4	[285.55 s]
0.0.Q3: Trace Attempt  5	[285.55 s]
0.0.Q3: Restart 945, Seed 80314afeafb65ec3, 50.0%
0.0.Q3: Trace Attempt  1	[285.90 s]
0.0.Q3: Trace Attempt  2	[285.90 s]
0.0.Q3: Trace Attempt  3	[285.90 s]
0.0.Q3: Trace Attempt  4	[285.90 s]
0.0.Q3: Trace Attempt  5	[285.90 s]
0.0.Q3: Restart 946, Seed 1b492504481c1fa3, 50.0%
0.0.Q3: Trace Attempt  1	[286.25 s]
0.0.Q3: Trace Attempt  2	[286.25 s]
0.0.Q3: Trace Attempt  3	[286.25 s]
0.0.Q3: Trace Attempt  4	[286.25 s]
0.0.Q3: Trace Attempt  5	[286.26 s]
0.0.Q3: Restart 947, Seed 5057bc292e8a89a8, 50.0%
0.0.Q3: Trace Attempt  1	[286.61 s]
0.0.Q3: Trace Attempt  2	[286.61 s]
0.0.Q3: Trace Attempt  3	[286.61 s]
0.0.Q3: Trace Attempt  4	[286.61 s]
0.0.Q3: Trace Attempt  5	[286.61 s]
0.0.Q3: Restart 948, Seed 5018d6e07ae4a49a, 50.0%
0.0.Q3: Trace Attempt  1	[286.96 s]
0.0.Q3: Trace Attempt  2	[286.96 s]
0.0.Q3: Trace Attempt  3	[286.96 s]
0.0.Q3: Trace Attempt  4	[286.97 s]
0.0.Q3: Trace Attempt  5	[286.97 s]
0.0.Q3: Restart 949, Seed ad1a00f6140bbc18, 50.0%
0.0.Q3: Trace Attempt  1	[287.32 s]
0.0.Q3: Trace Attempt  2	[287.32 s]
0.0.Q3: Trace Attempt  3	[287.32 s]
0.0.Q3: Trace Attempt  4	[287.32 s]
0.0.Q3: Trace Attempt  5	[287.32 s]
0.0.Q2: Trace Attempt 2717	[287.54 s]
0.0.Q3: Restart 950, Seed 2b221209a144c37f, 50.0%
0.0.Q3: Trace Attempt  1	[287.67 s]
0.0.Q3: Trace Attempt  2	[287.68 s]
0.0.Q3: Trace Attempt  3	[287.68 s]
0.0.Q3: Trace Attempt  4	[287.68 s]
0.0.Q3: Trace Attempt  5	[287.68 s]
0.0.Q3: Restart 951, Seed 28a5a1ff08de39ff, 50.0%
0.0.Q3: Trace Attempt  1	[288.04 s]
0.0.Q3: Trace Attempt  2	[288.04 s]
0.0.Q3: Trace Attempt  3	[288.04 s]
0.0.Q3: Trace Attempt  4	[288.04 s]
0.0.Q3: Trace Attempt  5	[288.04 s]
0.0.Q3: Restart 952, Seed a9a0e74999c3d5cf, 50.0%
0.0.Q3: Trace Attempt  1	[288.39 s]
0.0.Q3: Trace Attempt  2	[288.40 s]
0.0.Q3: Trace Attempt  3	[288.40 s]
0.0.Q3: Trace Attempt  4	[288.40 s]
0.0.Q3: Trace Attempt  5	[288.40 s]
0.0.Q3: Restart 953, Seed 7bd83384973925c1, 50.0%
0.0.Q3: Trace Attempt  1	[288.75 s]
0.0.Q3: Trace Attempt  2	[288.76 s]
0.0.Q3: Trace Attempt  3	[288.76 s]
0.0.Q3: Trace Attempt  4	[288.76 s]
0.0.Q3: Trace Attempt  5	[288.76 s]
0.0.Q3: Restart 954, Seed 736a85e6ddfee6e4, 50.0%
0.0.Q3: Trace Attempt  1	[289.11 s]
0.0.Q3: Trace Attempt  2	[289.11 s]
0.0.Q3: Trace Attempt  3	[289.12 s]
0.0.Q3: Trace Attempt  4	[289.12 s]
0.0.Q3: Trace Attempt  5	[289.12 s]
0.0.Q3: Restart 955, Seed ade1d6d2adc94ba7, 50.0%
0.0.Q3: Trace Attempt  1	[289.47 s]
0.0.Q3: Trace Attempt  2	[289.47 s]
0.0.Q3: Trace Attempt  3	[289.48 s]
0.0.Q3: Trace Attempt  4	[289.48 s]
0.0.Q3: Trace Attempt  5	[289.48 s]
0.0.Q3: Restart 956, Seed 5aa1cc7812466f87, 50.0%
0.0.Q3: Trace Attempt  1	[289.83 s]
0.0.Q3: Trace Attempt  2	[289.83 s]
0.0.Q3: Trace Attempt  3	[289.83 s]
0.0.Q3: Trace Attempt  4	[289.83 s]
0.0.Q3: Trace Attempt  5	[289.84 s]
0.0.Q3: Restart 957, Seed 97f3a1c33dc65598, 50.0%
0.0.Q3: Trace Attempt  1	[290.19 s]
0.0.Q3: Trace Attempt  2	[290.19 s]
0.0.Q3: Trace Attempt  3	[290.19 s]
0.0.Q3: Trace Attempt  4	[290.19 s]
0.0.Q3: Trace Attempt  5	[290.19 s]
0.0.Q3: Restart 958, Seed 545256b5e749fb25, 50.0%
0.0.Q3: Trace Attempt  1	[290.54 s]
0.0.Q3: Trace Attempt  2	[290.54 s]
0.0.Q3: Trace Attempt  3	[290.55 s]
0.0.Q3: Trace Attempt  4	[290.55 s]
0.0.Q3: Trace Attempt  5	[290.55 s]
0.0.Q3: Restart 959, Seed 8b4413eca425906d, 50.0%
0.0.Q3: Trace Attempt  1	[290.89 s]
0.0.Q3: Trace Attempt  2	[290.89 s]
0.0.Q3: Trace Attempt  3	[290.89 s]
0.0.Q3: Trace Attempt  4	[290.89 s]
0.0.Q3: Trace Attempt  5	[290.90 s]
0.0.Q3: Restart 960, Seed f6752b354c32c77f, 50.0%
0.0.Q3: Trace Attempt  1	[291.24 s]
0.0.Q3: Trace Attempt  2	[291.24 s]
0.0.Q3: Trace Attempt  3	[291.24 s]
0.0.Q3: Trace Attempt  4	[291.24 s]
0.0.Q3: Trace Attempt  5	[291.24 s]
0.0.Q3: Restart 961, Seed 3edea31980f711a6, 50.0%
0.0.Q3: Trace Attempt  1	[291.59 s]
0.0.Q3: Trace Attempt  2	[291.60 s]
0.0.Q3: Trace Attempt  3	[291.60 s]
0.0.Q3: Trace Attempt  4	[291.60 s]
0.0.Q3: Trace Attempt  5	[291.60 s]
0.0.Q2: Trace Attempt 2747	[291.66 s]
0.0.Q3: Restart 962, Seed 51ace17eee08700a, 50.0%
0.0.Q3: Trace Attempt  1	[291.95 s]
0.0.Q3: Trace Attempt  2	[291.95 s]
0.0.Q3: Trace Attempt  3	[291.95 s]
0.0.Q3: Trace Attempt  4	[291.95 s]
0.0.Q3: Trace Attempt  5	[291.95 s]
0.0.Q3: Restart 963, Seed 951eb1e71f570560, 50.0%
0.0.Q3: Trace Attempt  1	[292.30 s]
0.0.Q3: Trace Attempt  2	[292.30 s]
0.0.Q3: Trace Attempt  3	[292.30 s]
0.0.Q3: Trace Attempt  4	[292.31 s]
0.0.Q3: Trace Attempt  5	[292.31 s]
0.0.Q3: Restart 964, Seed 2c75b34c412cc920, 50.0%
0.0.Q3: Trace Attempt  1	[292.65 s]
0.0.Q3: Trace Attempt  2	[292.65 s]
0.0.Q3: Trace Attempt  3	[292.66 s]
0.0.Q3: Trace Attempt  4	[292.66 s]
0.0.Q3: Trace Attempt  5	[292.66 s]
0.0.Q3: Restart 965, Seed 6f93b4a5c0b1199a, 50.0%
0.0.Q3: Trace Attempt  1	[293.01 s]
0.0.Q3: Trace Attempt  2	[293.01 s]
0.0.Q3: Trace Attempt  3	[293.01 s]
0.0.Q3: Trace Attempt  4	[293.01 s]
0.0.Q3: Trace Attempt  5	[293.01 s]
0.0.Q3: Restart 966, Seed 6f1357c996a7c3fb, 50.0%
0.0.Q3: Trace Attempt  1	[293.36 s]
0.0.Q3: Trace Attempt  2	[293.36 s]
0.0.Q3: Trace Attempt  3	[293.36 s]
0.0.Q3: Trace Attempt  4	[293.36 s]
0.0.Q3: Trace Attempt  5	[293.37 s]
0.0.Q3: Restart 967, Seed 7edd542c0382bc15, 50.0%
0.0.Q3: Trace Attempt  1	[293.71 s]
0.0.Q3: Trace Attempt  2	[293.71 s]
0.0.Q3: Trace Attempt  3	[293.72 s]
0.0.Q3: Trace Attempt  4	[293.72 s]
0.0.Q3: Trace Attempt  5	[293.72 s]
0.0.Q3: Restart 968, Seed 7e1a8feb2e5f64ce, 50.0%
0.0.Q3: Trace Attempt  1	[294.07 s]
0.0.Q3: Trace Attempt  2	[294.07 s]
0.0.Q3: Trace Attempt  3	[294.07 s]
0.0.Q3: Trace Attempt  4	[294.07 s]
0.0.Q3: Trace Attempt  5	[294.07 s]
0.0.Q3: Restart 969, Seed 4a0b819347712119, 50.0%
0.0.Q3: Trace Attempt  1	[294.42 s]
0.0.Q3: Trace Attempt  2	[294.42 s]
0.0.Q3: Trace Attempt  3	[294.42 s]
0.0.Q3: Trace Attempt  4	[294.43 s]
0.0.Q3: Trace Attempt  5	[294.43 s]
0.0.Q3: Restart 970, Seed 14979e170c8c769a, 50.0%
0.0.Q3: Trace Attempt  1	[294.77 s]
0.0.Q3: Trace Attempt  2	[294.77 s]
0.0.Q3: Trace Attempt  3	[294.78 s]
0.0.Q3: Trace Attempt  4	[294.78 s]
0.0.Q3: Trace Attempt  5	[294.78 s]
0.0.Q3: Restart 971, Seed 56c7bab5142701ef, 50.0%
0.0.Q3: Trace Attempt  1	[295.12 s]
0.0.Q3: Trace Attempt  2	[295.13 s]
0.0.Q3: Trace Attempt  3	[295.13 s]
0.0.Q3: Trace Attempt  4	[295.13 s]
0.0.Q3: Trace Attempt  5	[295.13 s]
0.0.Q3: Restart 972, Seed 2bd985afddfd432c, 50.0%
0.0.Q3: Trace Attempt  1	[295.48 s]
0.0.Q3: Trace Attempt  2	[295.48 s]
0.0.Q3: Trace Attempt  3	[295.48 s]
0.0.Q3: Trace Attempt  4	[295.48 s]
0.0.Q3: Trace Attempt  5	[295.49 s]
0.0.Q2: Trace Attempt 2777	[295.71 s]
0.0.Q3: Restart 973, Seed fd60d82961492728, 50.0%
0.0.Q3: Trace Attempt  1	[295.83 s]
0.0.Q3: Trace Attempt  2	[295.84 s]
0.0.Q3: Trace Attempt  3	[295.84 s]
0.0.Q3: Trace Attempt  4	[295.84 s]
0.0.Q3: Trace Attempt  5	[295.84 s]
0.0.Q3: Restart 974, Seed d07afe2b1851e1cf, 50.0%
0.0.Q3: Trace Attempt  1	[296.19 s]
0.0.Q3: Trace Attempt  2	[296.19 s]
0.0.Q3: Trace Attempt  3	[296.19 s]
0.0.Q3: Trace Attempt  4	[296.19 s]
0.0.Q3: Trace Attempt  5	[296.19 s]
0.0.Q3: Restart 975, Seed b0d1f90a141591e3, 50.0%
0.0.Q3: Trace Attempt  1	[296.54 s]
0.0.Q3: Trace Attempt  2	[296.54 s]
0.0.Q3: Trace Attempt  3	[296.55 s]
0.0.Q3: Trace Attempt  4	[296.55 s]
0.0.Q3: Trace Attempt  5	[296.55 s]
0.0.Q3: Restart 976, Seed cf7e30939e06c166, 50.0%
0.0.Q3: Trace Attempt  1	[296.89 s]
0.0.Q3: Trace Attempt  2	[296.90 s]
0.0.Q3: Trace Attempt  3	[296.90 s]
0.0.Q3: Trace Attempt  4	[296.90 s]
0.0.Q3: Trace Attempt  5	[296.90 s]
0.0.Q3: Restart 977, Seed 7cf5d05f25fd71ec, 50.0%
0.0.Q3: Trace Attempt  1	[297.25 s]
0.0.Q3: Trace Attempt  2	[297.25 s]
0.0.Q3: Trace Attempt  3	[297.25 s]
0.0.Q3: Trace Attempt  4	[297.25 s]
0.0.Q3: Trace Attempt  5	[297.25 s]
0.0.Q3: Restart 978, Seed 887d47750d3b3fac, 50.0%
0.0.Q3: Trace Attempt  1	[297.60 s]
0.0.Q3: Trace Attempt  2	[297.60 s]
0.0.Q3: Trace Attempt  3	[297.61 s]
0.0.Q3: Trace Attempt  4	[297.61 s]
0.0.Q3: Trace Attempt  5	[297.61 s]
0.0.Q3: Restart 979, Seed 6832f7285fd5561a, 50.0%
0.0.Q3: Trace Attempt  1	[297.95 s]
0.0.Q3: Trace Attempt  2	[297.96 s]
0.0.Q3: Trace Attempt  3	[297.96 s]
0.0.Q3: Trace Attempt  4	[297.96 s]
0.0.Q3: Trace Attempt  5	[297.96 s]
0.0.Q3: Restart 980, Seed ae867c47eb23475b, 50.0%
0.0.Q3: Trace Attempt  1	[298.31 s]
0.0.Q3: Trace Attempt  2	[298.31 s]
0.0.Q3: Trace Attempt  3	[298.31 s]
0.0.Q3: Trace Attempt  4	[298.31 s]
0.0.Q3: Trace Attempt  5	[298.31 s]
0.0.Q3: Restart 981, Seed 6345d8c93a82c762, 50.0%
0.0.Q3: Trace Attempt  1	[298.66 s]
0.0.Q3: Trace Attempt  2	[298.66 s]
0.0.Q3: Trace Attempt  3	[298.66 s]
0.0.Q3: Trace Attempt  4	[298.66 s]
0.0.Q3: Trace Attempt  5	[298.67 s]
0.0.Q3: Restart 982, Seed 99ddaea5d38a64, 50.0%
0.0.Q3: Trace Attempt  1	[299.01 s]
0.0.Q3: Trace Attempt  2	[299.01 s]
0.0.Q3: Trace Attempt  3	[299.01 s]
0.0.Q3: Trace Attempt  4	[299.01 s]
0.0.Q3: Trace Attempt  5	[299.01 s]
0.0.Q3: Restart 983, Seed 1353d08e9fb65b3b, 50.0%
0.0.Q3: Trace Attempt  1	[299.36 s]
0.0.Q3: Trace Attempt  2	[299.36 s]
0.0.Q3: Trace Attempt  3	[299.36 s]
0.0.Q3: Trace Attempt  4	[299.37 s]
0.0.Q3: Trace Attempt  5	[299.37 s]
0.0.Q3: Restart 984, Seed 3a85297fac833b41, 50.0%
0.0.Q3: Trace Attempt  1	[299.71 s]
0.0.Q3: Trace Attempt  2	[299.71 s]
0.0.Q3: Trace Attempt  3	[299.71 s]
0.0.Q3: Trace Attempt  4	[299.72 s]
0.0.Q3: Trace Attempt  5	[299.72 s]
0.0.Q2: Trace Attempt 2811	[299.84 s]
0.0.Q3: Restart 985, Seed b48be4220a5d765a, 50.0%
0.0.Q3: Trace Attempt  1	[300.06 s]
0.0.Q3: Trace Attempt  2	[300.06 s]
0.0.Q3: Trace Attempt  3	[300.07 s]
0.0.Q3: Trace Attempt  4	[300.07 s]
0.0.Q3: Trace Attempt  5	[300.07 s]
0.0.Q3: Restart 986, Seed 81653df6568a049e, 50.0%
0.0.Q3: Trace Attempt  1	[300.42 s]
0.0.Q3: Trace Attempt  2	[300.42 s]
0.0.Q3: Trace Attempt  3	[300.42 s]
0.0.Q3: Trace Attempt  4	[300.42 s]
0.0.Q3: Trace Attempt  5	[300.42 s]
0.0.Q3: Restart 987, Seed 9bf4f40366394e19, 50.0%
0.0.Q3: Trace Attempt  1	[300.77 s]
0.0.Q3: Trace Attempt  2	[300.77 s]
0.0.Q3: Trace Attempt  3	[300.77 s]
0.0.Q3: Trace Attempt  4	[300.77 s]
0.0.Q3: Trace Attempt  5	[300.77 s]
0.0.Q3: Restart 988, Seed 65e34a324b9592a1, 50.0%
0.0.Q3: Trace Attempt  1	[301.12 s]
0.0.Q3: Trace Attempt  2	[301.12 s]
0.0.Q3: Trace Attempt  3	[301.12 s]
0.0.Q3: Trace Attempt  4	[301.12 s]
0.0.Q3: Trace Attempt  5	[301.12 s]
0.0.Q3: Restart 989, Seed e967ab9c1e58126b, 50.0%
0.0.Q3: Trace Attempt  1	[301.46 s]
0.0.Q3: Trace Attempt  2	[301.47 s]
0.0.Q3: Trace Attempt  3	[301.47 s]
0.0.Q3: Trace Attempt  4	[301.47 s]
0.0.Q3: Trace Attempt  5	[301.47 s]
0.0.Q3: Restart 990, Seed 23170735a992a344, 50.0%
0.0.Q3: Trace Attempt  1	[301.81 s]
0.0.Q3: Trace Attempt  2	[301.81 s]
0.0.Q3: Trace Attempt  3	[301.82 s]
0.0.Q3: Trace Attempt  4	[301.82 s]
0.0.Q3: Trace Attempt  5	[301.82 s]
0.0.Q3: Restart 991, Seed 2a04a688881a18ff, 50.0%
0.0.Q3: Trace Attempt  1	[302.16 s]
0.0.Q3: Trace Attempt  2	[302.16 s]
0.0.Q3: Trace Attempt  3	[302.16 s]
0.0.Q3: Trace Attempt  4	[302.17 s]
0.0.Q3: Trace Attempt  5	[302.17 s]
0.0.Q3: Restart 992, Seed fd0128aef08e0cb, 50.0%
0.0.Q3: Trace Attempt  1	[302.51 s]
0.0.Q3: Trace Attempt  2	[302.51 s]
0.0.Q3: Trace Attempt  3	[302.51 s]
0.0.Q3: Trace Attempt  4	[302.52 s]
0.0.Q3: Trace Attempt  5	[302.52 s]
0.0.Q3: Restart 993, Seed 5c7e5d774c8134c2, 50.0%
0.0.Q3: Trace Attempt  1	[302.86 s]
0.0.Q3: Trace Attempt  2	[302.86 s]
0.0.Q3: Trace Attempt  3	[302.87 s]
0.0.Q3: Trace Attempt  4	[302.87 s]
0.0.Q3: Trace Attempt  5	[302.87 s]
0.0.Q3: Restart 994, Seed e5a6a9311379243d, 50.0%
0.0.Q3: Trace Attempt  1	[303.21 s]
0.0.Q3: Trace Attempt  2	[303.21 s]
0.0.Q3: Trace Attempt  3	[303.22 s]
0.0.Q3: Trace Attempt  4	[303.22 s]
0.0.Q3: Trace Attempt  5	[303.22 s]
0.0.Q3: Restart 995, Seed 3025ba70ca6e1f63, 50.0%
0.0.Q3: Trace Attempt  1	[303.56 s]
0.0.Q3: Trace Attempt  2	[303.57 s]
0.0.Q3: Trace Attempt  3	[303.57 s]
0.0.Q3: Trace Attempt  4	[303.57 s]
0.0.Q3: Trace Attempt  5	[303.57 s]
0.0.Q2: Trace Attempt 2842	[303.90 s]
0.0.Q3: Restart 996, Seed a9a1702049873598, 50.0%
0.0.Q3: Trace Attempt  1	[303.92 s]
0.0.Q3: Trace Attempt  2	[303.92 s]
0.0.Q3: Trace Attempt  3	[303.92 s]
0.0.Q3: Trace Attempt  4	[303.92 s]
0.0.Q3: Trace Attempt  5	[303.92 s]
0.0.Q3: Restart 997, Seed 24f5923b234c4ca0, 50.0%
0.0.Q3: Trace Attempt  1	[304.27 s]
0.0.Q3: Trace Attempt  2	[304.27 s]
0.0.Q3: Trace Attempt  3	[304.27 s]
0.0.Q3: Trace Attempt  4	[304.27 s]
0.0.Q3: Trace Attempt  5	[304.28 s]
0.0.Q3: Restart 998, Seed 962ceb34f51ebd9b, 50.0%
0.0.Q3: Trace Attempt  1	[304.62 s]
0.0.Q3: Trace Attempt  2	[304.62 s]
0.0.Q3: Trace Attempt  3	[304.62 s]
0.0.Q3: Trace Attempt  4	[304.62 s]
0.0.Q3: Trace Attempt  5	[304.63 s]
0.0.Q3: Restart 999, Seed a7cf7078638e89, 50.0%
0.0.Q3: Trace Attempt  1	[304.97 s]
0.0.Q3: Trace Attempt  2	[304.97 s]
0.0.Q3: Trace Attempt  3	[304.97 s]
0.0.Q3: Trace Attempt  4	[304.98 s]
0.0.Q3: Trace Attempt  5	[304.98 s]
0.0.Q3: Restart 1000, Seed 53ace73082389893, 50.0%
0.0.Q3: Trace Attempt  1	[305.32 s]
0.0.Q3: Trace Attempt  2	[305.32 s]
0.0.Q3: Trace Attempt  3	[305.33 s]
0.0.Q3: Trace Attempt  4	[305.33 s]
0.0.Q3: Trace Attempt  5	[305.33 s]
0.0.Q3: Trace Attempt 200	[305.67 s]
0.0.Q3: Reached length limit (200) [305.68 s]
0.0.Q3: Exited with Success (@ 305.83 s)
0: ProofGrid usable level: 1
0.0.Q2: Trace Attempt 2870	[307.99 s]
0.0.Q2: Trace Attempt 2896	[312.01 s]
0.0.Q2: Trace Attempt 2918	[316.01 s]
0.0.Q2: Trace Attempt 2943	[320.06 s]
0.0.Q2: Trace Attempt 2972	[324.10 s]
0.0.Q2: Trace Attempt 3001	[328.20 s]
0.0.Q2: Trace Attempt 3032	[332.31 s]
0.0.Q2: Trace Attempt 3060	[336.32 s]
0.0.Q2: Trace Attempt 3084	[340.53 s]
0.0.Q2: Trace Attempt 3099	[344.58 s]
0.0.Q2: Trace Attempt 3118	[348.76 s]
0.0.Q2: Trace Attempt 3135	[352.78 s]
0.0.Q2: Trace Attempt 3152	[356.81 s]
0.0.Q2: Trace Attempt 3169	[360.96 s]
0.0.Q2: Trace Attempt 3185	[365.00 s]
0.0.Q2: Trace Attempt 3192	[369.04 s]
0.0.Q2: Trace Attempt 3214	[373.10 s]
0.0.Q2: Trace Attempt 3233	[378.82 s]
0.0.Q2: Trace Attempt 3258	[382.87 s]
0.0.Q2: Trace Attempt 3279	[386.90 s]
0.0.Q2: Trace Attempt 3304	[390.95 s]
0.0.Q2: Trace Attempt 3328	[394.96 s]
0.0.Q2: Trace Attempt 3344	[399.18 s]
0.0.Q2: Trace Attempt 3359	[403.33 s]
0.0.Q2: Trace Attempt 3375	[407.55 s]
0.0.Q2: Trace Attempt 3390	[411.60 s]
0.0.Q2: Trace Attempt 3405	[415.61 s]
0.0.Q2: Trace Attempt 3421	[419.73 s]
0.0.Q2: Trace Attempt 3437	[423.88 s]
0.0.Q2: Trace Attempt 3451	[427.89 s]
0.0.Q2: Trace Attempt 3469	[432.07 s]
0.0.Q2: Trace Attempt 3488	[436.25 s]
0.0.Q2: Trace Attempt 3507	[440.44 s]
0.0.Q2: Trace Attempt 3525	[444.61 s]
0.0.Q2: Trace Attempt 3544	[448.77 s]
0.0.Q2: Trace Attempt 3561	[452.94 s]
0.0.Q2: Trace Attempt 3578	[457.16 s]
0.0.Q2: Trace Attempt 3589	[461.19 s]
0.0.Q2: Trace Attempt 3605	[465.20 s]
0.0.Q2: Trace Attempt 3620	[469.26 s]
0.0.Q2: Trace Attempt 3634	[473.31 s]
0.0.Q2: Trace Attempt 3647	[477.48 s]
0.0.Q2: Trace Attempt 3665	[481.68 s]
0.0.Q2: Trace Attempt 3678	[485.86 s]
0.0.Q2: Trace Attempt 3695	[490.30 s]
0.0.Q2: Trace Attempt 3709	[494.63 s]
0.0.Q2: Trace Attempt 3725	[498.85 s]
0.0.Q2: Trace Attempt 3739	[503.03 s]
0.0.Q2: Trace Attempt 3753	[507.25 s]
0.0.Q2: Trace Attempt 3771	[511.36 s]
0.0.Q2: Trace Attempt 3789	[515.55 s]
0.0.Q2: Trace Attempt 3808	[519.70 s]
0.0.Q2: Trace Attempt 3828	[523.93 s]
0.0.Q2: Trace Attempt 3843	[527.97 s]
0.0.Q2: Trace Attempt 3859	[532.15 s]
0.0.Q2: Trace Attempt 3871	[536.43 s]
0.0.Q2: Trace Attempt 3890	[540.65 s]
0.0.Q2: Trace Attempt 3904	[544.91 s]
0.0.Q2: Trace Attempt 3921	[549.01 s]
0.0.Q2: Trace Attempt 3931	[555.45 s]
0.0.Q2: Trace Attempt 3945	[559.57 s]
0.0.Q2: Trace Attempt 3963	[563.80 s]
0.0.Q2: Trace Attempt 3976	[567.90 s]
0.0.Q2: Trace Attempt 3994	[572.59 s]
0.0.Q2: Trace Attempt 4015	[576.62 s]
0.0.Q2: Trace Attempt 4032	[580.76 s]
0.0.Q2: Trace Attempt 4052	[584.80 s]
0.0.Q2: Trace Attempt 4074	[588.98 s]
0.0.Q1: Trace Attempt 116	[590.88 s]
0.0.Q2: Trace Attempt 4092	[593.43 s]
0.0.Q1: Trace Attempt 123	[595.67 s]
0.0.Q2: Trace Attempt 4106	[597.60 s]
0.0.Q1: Cycle 128, State Sig: dc246339
0.0.Q1: Trace Attempt 130	[600.12 s]
0.0.Q2: Trace Attempt 4116	[602.00 s]
0.0.Q1: Trace Attempt 137	[604.18 s]
0.0.Q2: Trace Attempt 4135	[606.04 s]
0.0.Q1: Trace Attempt 143	[608.49 s]
0.0.Q2: Trace Attempt 4168	[610.06 s]
0.0.Q1: Trace Attempt 149	[613.21 s]
0.0.Q2: Trace Attempt 4198	[614.15 s]
0.0.Q1: Trace Attempt 154	[617.28 s]
0.0.Q2: Trace Attempt 4229	[618.17 s]
0.0.Q2: Trace Attempt 4254	[622.18 s]
0.0.Q2: Trace Attempt 4282	[626.27 s]
0.0.Q2: Trace Attempt 4308	[630.42 s]
0.0.Q2: Trace Attempt 4332	[634.54 s]
0.0.Q2: Trace Attempt 4358	[638.62 s]
0.0.Q2: Trace Attempt 4380	[642.75 s]
0.0.Q2: Trace Attempt 4409	[646.76 s]
0.0.Q2: Trace Attempt 4433	[650.80 s]
0.0.Q2: Trace Attempt 4459	[654.81 s]
0.0.Q2: Trace Attempt 4484	[658.85 s]
0.0.Q2: Trace Attempt 4508	[662.99 s]
0.0.Q2: Trace Attempt 4534	[667.03 s]
0.0.Q2: Trace Attempt 4556	[671.06 s]
0.0.Q2: Trace Attempt 4583	[675.21 s]
0.0.Q2: Trace Attempt 4610	[679.27 s]
0.0.Q2: Trace Attempt 4634	[683.34 s]
0.0.Q2: Trace Attempt 4660	[687.44 s]
0.0.Q2: Trace Attempt 4684	[691.50 s]
0.0.Q2: Trace Attempt 4706	[695.66 s]
0.0.Q2: Trace Attempt 4728	[699.81 s]
0.0.Q2: Trace Attempt 4753	[703.82 s]
0.0.Q2: Trace Attempt 4778	[707.83 s]
0.0.Q2: Trace Attempt 4800	[711.86 s]
0.0.Q2: Trace Attempt 4821	[716.03 s]
0.0.Q2: Trace Attempt 4846	[720.11 s]
0.0.Q2: Trace Attempt 4867	[724.22 s]
0.0.Q2: Trace Attempt 4889	[728.32 s]
0.0.Q2: Trace Attempt 4912	[732.42 s]
0.0.Q2: Trace Attempt 4940	[736.50 s]
0.0.Q2: Trace Attempt 4965	[740.65 s]
0.0.Q2: Trace Attempt 4987	[744.70 s]
0.0.Q2: Trace Attempt 5008	[748.83 s]
0.0.Q2: Trace Attempt 5027	[752.94 s]
0.0.Q2: Trace Attempt 5049	[757.07 s]
0.0.Q2: Trace Attempt 5066	[761.11 s]
0.0.Q2: Trace Attempt 5088	[765.22 s]
0.0.Q2: Trace Attempt 5109	[769.38 s]
0.0.Q2: Trace Attempt 5130	[773.41 s]
0.0.Q2: Trace Attempt 5147	[777.66 s]
0.0.Q2: Trace Attempt 5165	[781.89 s]
0.0.Q2: Trace Attempt 5182	[786.07 s]
0.0.Q2: Trace Attempt 5186	[790.16 s]
0.0.Q2: Trace Attempt 5199	[794.39 s]
0.0.Q2: Trace Attempt 5213	[798.50 s]
0.0.Q2: Trace Attempt 5227	[802.51 s]
0.0.Q2: Trace Attempt 5243	[806.74 s]
0.0.Q2: Trace Attempt 5257	[810.81 s]
0.0.Q2: Trace Attempt 5271	[814.97 s]
0.0.Q2: Trace Attempt 5285	[819.05 s]
0.0.Q2: Trace Attempt 5300	[823.29 s]
0.0.Q2: Trace Attempt 5315	[827.56 s]
0.0.Q2: Trace Attempt 5332	[831.86 s]
0.0.Q2: Trace Attempt 5348	[835.98 s]
0.0.Q2: Trace Attempt 5363	[840.19 s]
0.0.Q2: Trace Attempt 5378	[844.22 s]
0.0.Q2: Trace Attempt 5394	[848.39 s]
0.0.Q2: Trace Attempt 5408	[852.56 s]
0.0.Q2: Trace Attempt 5421	[856.81 s]
0.0.Q2: Trace Attempt 5427	[861.19 s]
0.0.Q2: Trace Attempt 5442	[865.29 s]
0.0.Q2: Trace Attempt 5456	[869.55 s]
0.0.Q2: Trace Attempt 5469	[873.56 s]
0.0.Q2: Trace Attempt 5483	[878.92 s]
0.0.Q2: Trace Attempt 5498	[883.26 s]
0.0.Q2: Trace Attempt 5515	[887.30 s]
0.0.Q2: Trace Attempt 5530	[891.50 s]
0.0.Q2: Trace Attempt 5554	[895.66 s]
0.0.Q2: Trace Attempt 5570	[899.73 s]
INFO (IPF144): 0: Initiating shutdown of proof [900.01 s]
0.0.Q1: Trace Attempt 157	[619.16 s]
0.0.Q1: Time limit expired (900.00 s) [900.78 s]
0.0.Q1: Exited with Success (@ 901.32 s)
0.0.Q2: Sending SIGKILL
0.0.Q2: Trace Attempt 5571	[900.00 s]
0.0.Q2: Terminated by signal SIGKILL (@ 903.16 s)
0: ProofGrid usable level: 0
0: --------------------------------------------------------------
ProofGrid Summary (utilization 99.99 %)
--------------------------------------------------------------
     engines started                               :     3
     engine jobs started                           :     3

    Average time in state (seconds)
    ------------------------------------------------------
    Engine  Pending     Running        Dead    Utilization
    ------------------------------------------------------
     Q1        0.10      900.79        0.00       99.99 %
     Q2        0.08      902.06        0.00       99.99 %
     Q3        0.08      305.68        0.00       99.97 %
    all        0.09      702.84        0.00       99.99 %

    Total time in state (seconds)
    -----------------------------------------
            Pending     Running        Dead  
    -----------------------------------------
               0.26     2108.53        0.00

    Data read    : 5.03 MiB
    Data written : 3.68 kiB

0: All pending notifications were processed.
----------------------------------------
| INFO (ICD005): 0: The proof thread was terminated because of a time_limit expiration.
|     The current limit is 900 seconds.
|     Modify it with the "-time_limit" switch or "set_prove_time_limit" command.
----------------------------------------
INFO (IPF059): 0: Completed proof on task: "mytask"
==============================================================
CHECK ASSUMPTION CONFLICT result? undetermined
==============================================================
END
INFO (IPL005): Received request to exit from the console.
INFO: Waiting for proof threads to stop...
INFO: Proof threads stopped.
INFO (IPL018): The peak resident set memory use for this session was 18.946 GB.
INFO (IPL014): Waiting for the Tcl-thread to exit.
INFO (IPL015): The Tcl-thread exited with status 0.
INFO (IPL016): Exiting the analysis session with status 0.
