[RUN_JG] ./synthlc/i_ADDI_out/xEnumCycleCnt/div_fsm_s5_update_file_.sh
SYMBOLIC? 0
[RUN_JG] SVA is ./synthlc/i_ADDI_out/xEnumCycleCnt/out/div_fsm_s5.sv
[RUN_JG] HDLF is ./synthlc/i_ADDI_out/xEnumCycleCnt/div_fsm_s5_hdls.f
[RUN_JG] ADD DEFINE
====================
====================
[RUN_JG] TCLF is ./synthlc/i_ADDI_out/xEnumCycleCnt/div_fsm_s5_.tcl
CHECK ASSUMPTION!

[RUN_JG] CMDTASK: task -create mytask -copy_assumes   -regexp
[RUN_JG] no gui
[RUN_JG] jg -no_gui -fpv ./synthlc/i_ADDI_out/xEnumCycleCnt/div_fsm_s5_.tcl -proj ./synthlc/i_ADDI_out/xEnumCycleCnt/div_fsm_s5_jgsession_26-02-26-11_55_37
Jasper Apps 2023.12p001 64 bits 2024.01.23 16:09:24 UTC

Any disclosure about the Cadence Design Systems software or its use
model to any third party violates the written Non-Disclosure Agreement
between Cadence Design Systems, Inc. and the customer.

THIS SOFTWARE CONTAINS CONFIDENTIAL INFORMATION AND TRADE SECRETS OF
CADENCE DESIGN SYSTEMS, INC. USE, DISCLOSURE, OR REPRODUCTION IS
PROHIBITED WITHOUT THE PRIOR EXPRESS WRITTEN PERMISSION OF CADENCE
DESIGN SYSTEMS, INC.

Copyright (C) 2000-2023 Cadence Design Systems, Inc. All Rights
Reserved.  Unpublished -- rights reserved under the copyright laws of
the United States.

This product includes software developed by others and redistributed
according to license agreement. See doc/third_party_readme.txt for
further details.

RESTRICTED RIGHTS LEGEND

Use, duplication, or disclosure by the Government is subject to
restrictions as set forth in subparagraph (c) (1) (ii) of the Rights in
Technical Data and Computer Software clause at DFARS 252.227-7013 or
subparagraphs (c) (1) and (2) of Commercial Computer Software -- Restricted
Rights at 48 CFR 52.227-19, as applicable.


                          Cadence Design Systems, Inc.
                          2655 Seely Avenue
                          San Jose, CA 95134
                          Phone: 408.943.1234

For technical assistance visit http://support.cadence.com.

Jasper Apps Analysis Session - /home/users/ngpark/SynthLC/fv/synthlc/i_ADDI_out/xEnumCycleCnt/div_fsm_s5_jgsession_26-02-26-11_55_37/sessionLogs/session_0

INFO: successfully checked out licenses "jasper_interactive" and "jasper_fao".
INFO: reading configuration file "/home/users/ngpark/.config/cadence/jasper.conf".
% # Run JG with a TCl file: jg jg_test.tcl
% set assert_report_incompletes 1
1
% set RTL_DIR /home/users/ngpark/ibex
/home/users/ngpark/ibex
% set SRCDIR /home/users/ngpark/ibex/rtl
/home/users/ngpark/ibex/rtl
% 
% ############
% set FPV 1
1
% set REACH 0
0
% set CUSTOMTCL 1
1
% ############
% exec ./synthlc/i_ADDI_out/xEnumCycleCnt/div_fsm_s5_update_file_.sh
% # Analyze RTL files
% analyze -sv09 -f ./synthlc/i_ADDI_out/xEnumCycleCnt/div_fsm_s5_hdls.f -y $SRCDIR +incdir+$SRCDIR
INFO (INL011): Processing "-f" file "/home/users/ngpark/SynthLC/fv/synthlc/i_ADDI_out/xEnumCycleCnt/div_fsm_s5_hdls.f".
[-- (VERI-1482)] Analyzing Verilog file '/cad/cadence/jasper_2023.12p001/lib/verilog/packages/std/std.sv' into library 'std'
[-- (VERI-1482)] Analyzing Verilog file '/home/users/ngpark/ibex/rtl/ibex_pkg.sv'
[WARN (VERI-2418)] /home/users/ngpark/ibex/rtl/ibex_pkg.sv(381): parameter 'ADDR_W' declared inside package 'ibex_pkg' shall be treated as localparam
[WARN (VERI-2418)] /home/users/ngpark/ibex/rtl/ibex_pkg.sv(382): parameter 'BUS_SIZE' declared inside package 'ibex_pkg' shall be treated as localparam
[WARN (VERI-2418)] /home/users/ngpark/ibex/rtl/ibex_pkg.sv(383): parameter 'BUS_BYTES' declared inside package 'ibex_pkg' shall be treated as localparam
[WARN (VERI-2418)] /home/users/ngpark/ibex/rtl/ibex_pkg.sv(384): parameter 'BUS_W' declared inside package 'ibex_pkg' shall be treated as localparam
[WARN (VERI-2418)] /home/users/ngpark/ibex/rtl/ibex_pkg.sv(385): parameter 'IC_SIZE_BYTES' declared inside package 'ibex_pkg' shall be treated as localparam
[WARN (VERI-2418)] /home/users/ngpark/ibex/rtl/ibex_pkg.sv(386): parameter 'IC_NUM_WAYS' declared inside package 'ibex_pkg' shall be treated as localparam
[WARN (VERI-2418)] /home/users/ngpark/ibex/rtl/ibex_pkg.sv(387): parameter 'IC_LINE_SIZE' declared inside package 'ibex_pkg' shall be treated as localparam
[WARN (VERI-2418)] /home/users/ngpark/ibex/rtl/ibex_pkg.sv(388): parameter 'IC_LINE_BYTES' declared inside package 'ibex_pkg' shall be treated as localparam
[WARN (VERI-2418)] /home/users/ngpark/ibex/rtl/ibex_pkg.sv(389): parameter 'IC_LINE_W' declared inside package 'ibex_pkg' shall be treated as localparam
[WARN (VERI-2418)] /home/users/ngpark/ibex/rtl/ibex_pkg.sv(390): parameter 'IC_NUM_LINES' declared inside package 'ibex_pkg' shall be treated as localparam
[WARN (VERI-2418)] /home/users/ngpark/ibex/rtl/ibex_pkg.sv(391): parameter 'IC_LINE_BEATS' declared inside package 'ibex_pkg' shall be treated as localparam
[WARN (VERI-2418)] /home/users/ngpark/ibex/rtl/ibex_pkg.sv(392): parameter 'IC_LINE_BEATS_W' declared inside package 'ibex_pkg' shall be treated as localparam
[WARN (VERI-2418)] /home/users/ngpark/ibex/rtl/ibex_pkg.sv(393): parameter 'IC_INDEX_W' declared inside package 'ibex_pkg' shall be treated as localparam
[WARN (VERI-2418)] /home/users/ngpark/ibex/rtl/ibex_pkg.sv(394): parameter 'IC_INDEX_HI' declared inside package 'ibex_pkg' shall be treated as localparam
[WARN (VERI-2418)] /home/users/ngpark/ibex/rtl/ibex_pkg.sv(395): parameter 'IC_TAG_SIZE' declared inside package 'ibex_pkg' shall be treated as localparam
[WARN (VERI-2418)] /home/users/ngpark/ibex/rtl/ibex_pkg.sv(396): parameter 'IC_OUTPUT_BEATS' declared inside package 'ibex_pkg' shall be treated as localparam
[WARN (VERI-2418)] /home/users/ngpark/ibex/rtl/ibex_pkg.sv(398): parameter 'SCRAMBLE_KEY_W' declared inside package 'ibex_pkg' shall be treated as localparam
[WARN (VERI-2418)] /home/users/ngpark/ibex/rtl/ibex_pkg.sv(399): parameter 'SCRAMBLE_NONCE_W' declared inside package 'ibex_pkg' shall be treated as localparam
[WARN (VERI-2418)] /home/users/ngpark/ibex/rtl/ibex_pkg.sv(402): parameter 'PMP_MAX_REGIONS' declared inside package 'ibex_pkg' shall be treated as localparam
[WARN (VERI-2418)] /home/users/ngpark/ibex/rtl/ibex_pkg.sv(403): parameter 'PMP_CFG_W' declared inside package 'ibex_pkg' shall be treated as localparam
[WARN (VERI-2418)] /home/users/ngpark/ibex/rtl/ibex_pkg.sv(406): parameter 'PMP_ADDR_MSB' declared inside package 'ibex_pkg' shall be treated as localparam
[WARN (VERI-2418)] /home/users/ngpark/ibex/rtl/ibex_pkg.sv(409): parameter 'PMP_ADDR_LSB' declared inside package 'ibex_pkg' shall be treated as localparam
[WARN (VERI-2418)] /home/users/ngpark/ibex/rtl/ibex_pkg.sv(412): parameter 'PMP_I' declared inside package 'ibex_pkg' shall be treated as localparam
[WARN (VERI-2418)] /home/users/ngpark/ibex/rtl/ibex_pkg.sv(413): parameter 'PMP_I2' declared inside package 'ibex_pkg' shall be treated as localparam
[WARN (VERI-2418)] /home/users/ngpark/ibex/rtl/ibex_pkg.sv(414): parameter 'PMP_D' declared inside package 'ibex_pkg' shall be treated as localparam
[WARN (VERI-2418)] /home/users/ngpark/ibex/rtl/ibex_pkg.sv(614): parameter 'CSR_OFF_PMP_CFG' declared inside package 'ibex_pkg' shall be treated as localparam
[WARN (VERI-2418)] /home/users/ngpark/ibex/rtl/ibex_pkg.sv(615): parameter 'CSR_OFF_PMP_ADDR' declared inside package 'ibex_pkg' shall be treated as localparam
[WARN (VERI-2418)] /home/users/ngpark/ibex/rtl/ibex_pkg.sv(618): parameter 'CSR_MSTATUS_MIE_BIT' declared inside package 'ibex_pkg' shall be treated as localparam
[WARN (VERI-2418)] /home/users/ngpark/ibex/rtl/ibex_pkg.sv(619): parameter 'CSR_MSTATUS_MPIE_BIT' declared inside package 'ibex_pkg' shall be treated as localparam
[WARN (VERI-2418)] /home/users/ngpark/ibex/rtl/ibex_pkg.sv(620): parameter 'CSR_MSTATUS_MPP_BIT_LOW' declared inside package 'ibex_pkg' shall be treated as localparam
[WARN (VERI-2418)] /home/users/ngpark/ibex/rtl/ibex_pkg.sv(621): parameter 'CSR_MSTATUS_MPP_BIT_HIGH' declared inside package 'ibex_pkg' shall be treated as localparam
[WARN (VERI-2418)] /home/users/ngpark/ibex/rtl/ibex_pkg.sv(622): parameter 'CSR_MSTATUS_MPRV_BIT' declared inside package 'ibex_pkg' shall be treated as localparam
[WARN (VERI-2418)] /home/users/ngpark/ibex/rtl/ibex_pkg.sv(623): parameter 'CSR_MSTATUS_TW_BIT' declared inside package 'ibex_pkg' shall be treated as localparam
[WARN (VERI-2418)] /home/users/ngpark/ibex/rtl/ibex_pkg.sv(626): parameter 'CSR_MISA_MXL' declared inside package 'ibex_pkg' shall be treated as localparam
[WARN (VERI-2418)] /home/users/ngpark/ibex/rtl/ibex_pkg.sv(629): parameter 'CSR_MSIX_BIT' declared inside package 'ibex_pkg' shall be treated as localparam
[WARN (VERI-2418)] /home/users/ngpark/ibex/rtl/ibex_pkg.sv(630): parameter 'CSR_MTIX_BIT' declared inside package 'ibex_pkg' shall be treated as localparam
[WARN (VERI-2418)] /home/users/ngpark/ibex/rtl/ibex_pkg.sv(631): parameter 'CSR_MEIX_BIT' declared inside package 'ibex_pkg' shall be treated as localparam
[WARN (VERI-2418)] /home/users/ngpark/ibex/rtl/ibex_pkg.sv(632): parameter 'CSR_MFIX_BIT_LOW' declared inside package 'ibex_pkg' shall be treated as localparam
[WARN (VERI-2418)] /home/users/ngpark/ibex/rtl/ibex_pkg.sv(633): parameter 'CSR_MFIX_BIT_HIGH' declared inside package 'ibex_pkg' shall be treated as localparam
[WARN (VERI-2418)] /home/users/ngpark/ibex/rtl/ibex_pkg.sv(636): parameter 'CSR_MSECCFG_MML_BIT' declared inside package 'ibex_pkg' shall be treated as localparam
[WARN (VERI-2418)] /home/users/ngpark/ibex/rtl/ibex_pkg.sv(637): parameter 'CSR_MSECCFG_MMWP_BIT' declared inside package 'ibex_pkg' shall be treated as localparam
[WARN (VERI-2418)] /home/users/ngpark/ibex/rtl/ibex_pkg.sv(638): parameter 'CSR_MSECCFG_RLB_BIT' declared inside package 'ibex_pkg' shall be treated as localparam
[WARN (VERI-2418)] /home/users/ngpark/ibex/rtl/ibex_pkg.sv(653): parameter 'LfsrWidth' declared inside package 'ibex_pkg' shall be treated as localparam
[WARN (VERI-2418)] /home/users/ngpark/ibex/rtl/ibex_pkg.sv(656): parameter 'RndCnstLfsrSeedDefault' declared inside package 'ibex_pkg' shall be treated as localparam
[WARN (VERI-2418)] /home/users/ngpark/ibex/rtl/ibex_pkg.sv(657): parameter 'RndCnstLfsrPermDefault' declared inside package 'ibex_pkg' shall be treated as localparam
[WARN (VERI-2418)] /home/users/ngpark/ibex/rtl/ibex_pkg.sv(660): parameter 'RndCnstIbexKeyDefault' declared inside package 'ibex_pkg' shall be treated as localparam
[WARN (VERI-2418)] /home/users/ngpark/ibex/rtl/ibex_pkg.sv(662): parameter 'RndCnstIbexNonceDefault' declared inside package 'ibex_pkg' shall be treated as localparam
[WARN (VERI-2418)] /home/users/ngpark/ibex/rtl/ibex_pkg.sv(667): parameter 'IbexMuBiWidth' declared inside package 'ibex_pkg' shall be treated as localparam
[WARN (VERI-2418)] /home/users/ngpark/ibex/rtl/ibex_pkg.sv(674): parameter 'IbexMuBiOn' declared inside package 'ibex_pkg' shall be treated as localparam
[WARN (VERI-2418)] /home/users/ngpark/ibex/rtl/ibex_pkg.sv(675): parameter 'IbexMuBiOff' declared inside package 'ibex_pkg' shall be treated as localparam
[WARN (VERI-2418)] /home/users/ngpark/ibex/rtl/ibex_pkg.sv(684): parameter 'PmpCfgRst' declared inside package 'ibex_pkg' shall be treated as localparam
[WARN (VERI-2418)] /home/users/ngpark/ibex/rtl/ibex_pkg.sv(706): parameter 'PmpAddrRst' declared inside package 'ibex_pkg' shall be treated as localparam
[WARN (VERI-2418)] /home/users/ngpark/ibex/rtl/ibex_pkg.sv(725): parameter 'PmpMseccfgRst' declared inside package 'ibex_pkg' shall be treated as localparam
[-- (VERI-1482)] Analyzing Verilog file '/home/users/ngpark/ibex/rtl/ibex_tracer_pkg.sv'
[WARN (VERI-2418)] /home/users/ngpark/ibex/rtl/ibex_tracer_pkg.sv(9): parameter 'OPCODE_C0' declared inside package 'ibex_tracer_pkg' shall be treated as localparam
[WARN (VERI-2418)] /home/users/ngpark/ibex/rtl/ibex_tracer_pkg.sv(10): parameter 'OPCODE_C1' declared inside package 'ibex_tracer_pkg' shall be treated as localparam
[WARN (VERI-2418)] /home/users/ngpark/ibex/rtl/ibex_tracer_pkg.sv(11): parameter 'OPCODE_C2' declared inside package 'ibex_tracer_pkg' shall be treated as localparam
[WARN (VERI-2418)] /home/users/ngpark/ibex/rtl/ibex_tracer_pkg.sv(14): parameter 'INSN_LUI' declared inside package 'ibex_tracer_pkg' shall be treated as localparam
[WARN (VERI-2418)] /home/users/ngpark/ibex/rtl/ibex_tracer_pkg.sv(15): parameter 'INSN_AUIPC' declared inside package 'ibex_tracer_pkg' shall be treated as localparam
[WARN (VERI-2418)] /home/users/ngpark/ibex/rtl/ibex_tracer_pkg.sv(16): parameter 'INSN_JAL' declared inside package 'ibex_tracer_pkg' shall be treated as localparam
[WARN (VERI-2418)] /home/users/ngpark/ibex/rtl/ibex_tracer_pkg.sv(17): parameter 'INSN_JALR' declared inside package 'ibex_tracer_pkg' shall be treated as localparam
[WARN (VERI-2418)] /home/users/ngpark/ibex/rtl/ibex_tracer_pkg.sv(20): parameter 'INSN_BEQ' declared inside package 'ibex_tracer_pkg' shall be treated as localparam
[WARN (VERI-2418)] /home/users/ngpark/ibex/rtl/ibex_tracer_pkg.sv(21): parameter 'INSN_BNE' declared inside package 'ibex_tracer_pkg' shall be treated as localparam
[WARN (VERI-2418)] /home/users/ngpark/ibex/rtl/ibex_tracer_pkg.sv(22): parameter 'INSN_BLT' declared inside package 'ibex_tracer_pkg' shall be treated as localparam
[WARN (VERI-2418)] /home/users/ngpark/ibex/rtl/ibex_tracer_pkg.sv(23): parameter 'INSN_BGE' declared inside package 'ibex_tracer_pkg' shall be treated as localparam
[WARN (VERI-2418)] /home/users/ngpark/ibex/rtl/ibex_tracer_pkg.sv(24): parameter 'INSN_BLTU' declared inside package 'ibex_tracer_pkg' shall be treated as localparam
[WARN (VERI-2418)] /home/users/ngpark/ibex/rtl/ibex_tracer_pkg.sv(25): parameter 'INSN_BGEU' declared inside package 'ibex_tracer_pkg' shall be treated as localparam
[WARN (VERI-2418)] /home/users/ngpark/ibex/rtl/ibex_tracer_pkg.sv(28): parameter 'INSN_ADDI' declared inside package 'ibex_tracer_pkg' shall be treated as localparam
[WARN (VERI-2418)] /home/users/ngpark/ibex/rtl/ibex_tracer_pkg.sv(29): parameter 'INSN_SLTI' declared inside package 'ibex_tracer_pkg' shall be treated as localparam
[WARN (VERI-2418)] /home/users/ngpark/ibex/rtl/ibex_tracer_pkg.sv(30): parameter 'INSN_SLTIU' declared inside package 'ibex_tracer_pkg' shall be treated as localparam
[WARN (VERI-2418)] /home/users/ngpark/ibex/rtl/ibex_tracer_pkg.sv(31): parameter 'INSN_XORI' declared inside package 'ibex_tracer_pkg' shall be treated as localparam
[WARN (VERI-2418)] /home/users/ngpark/ibex/rtl/ibex_tracer_pkg.sv(32): parameter 'INSN_ORI' declared inside package 'ibex_tracer_pkg' shall be treated as localparam
[WARN (VERI-2418)] /home/users/ngpark/ibex/rtl/ibex_tracer_pkg.sv(33): parameter 'INSN_ANDI' declared inside package 'ibex_tracer_pkg' shall be treated as localparam
[WARN (VERI-2418)] /home/users/ngpark/ibex/rtl/ibex_tracer_pkg.sv(34): parameter 'INSN_SLLI' declared inside package 'ibex_tracer_pkg' shall be treated as localparam
[WARN (VERI-2418)] /home/users/ngpark/ibex/rtl/ibex_tracer_pkg.sv(35): parameter 'INSN_SRLI' declared inside package 'ibex_tracer_pkg' shall be treated as localparam
[WARN (VERI-2418)] /home/users/ngpark/ibex/rtl/ibex_tracer_pkg.sv(36): parameter 'INSN_SRAI' declared inside package 'ibex_tracer_pkg' shall be treated as localparam
[WARN (VERI-2418)] /home/users/ngpark/ibex/rtl/ibex_tracer_pkg.sv(39): parameter 'INSN_ADD' declared inside package 'ibex_tracer_pkg' shall be treated as localparam
[WARN (VERI-2418)] /home/users/ngpark/ibex/rtl/ibex_tracer_pkg.sv(40): parameter 'INSN_SUB' declared inside package 'ibex_tracer_pkg' shall be treated as localparam
[WARN (VERI-2418)] /home/users/ngpark/ibex/rtl/ibex_tracer_pkg.sv(41): parameter 'INSN_SLL' declared inside package 'ibex_tracer_pkg' shall be treated as localparam
[WARN (VERI-2418)] /home/users/ngpark/ibex/rtl/ibex_tracer_pkg.sv(42): parameter 'INSN_SLT' declared inside package 'ibex_tracer_pkg' shall be treated as localparam
[WARN (VERI-2418)] /home/users/ngpark/ibex/rtl/ibex_tracer_pkg.sv(43): parameter 'INSN_SLTU' declared inside package 'ibex_tracer_pkg' shall be treated as localparam
[WARN (VERI-2418)] /home/users/ngpark/ibex/rtl/ibex_tracer_pkg.sv(44): parameter 'INSN_XOR' declared inside package 'ibex_tracer_pkg' shall be treated as localparam
[WARN (VERI-2418)] /home/users/ngpark/ibex/rtl/ibex_tracer_pkg.sv(45): parameter 'INSN_SRL' declared inside package 'ibex_tracer_pkg' shall be treated as localparam
[WARN (VERI-2418)] /home/users/ngpark/ibex/rtl/ibex_tracer_pkg.sv(46): parameter 'INSN_SRA' declared inside package 'ibex_tracer_pkg' shall be treated as localparam
[WARN (VERI-2418)] /home/users/ngpark/ibex/rtl/ibex_tracer_pkg.sv(47): parameter 'INSN_OR' declared inside package 'ibex_tracer_pkg' shall be treated as localparam
[WARN (VERI-2418)] /home/users/ngpark/ibex/rtl/ibex_tracer_pkg.sv(48): parameter 'INSN_AND' declared inside package 'ibex_tracer_pkg' shall be treated as localparam
[WARN (VERI-2418)] /home/users/ngpark/ibex/rtl/ibex_tracer_pkg.sv(51): parameter 'INSN_CSRRW' declared inside package 'ibex_tracer_pkg' shall be treated as localparam
[WARN (VERI-2418)] /home/users/ngpark/ibex/rtl/ibex_tracer_pkg.sv(52): parameter 'INSN_CSRRS' declared inside package 'ibex_tracer_pkg' shall be treated as localparam
[WARN (VERI-2418)] /home/users/ngpark/ibex/rtl/ibex_tracer_pkg.sv(53): parameter 'INSN_CSRRC' declared inside package 'ibex_tracer_pkg' shall be treated as localparam
[WARN (VERI-2418)] /home/users/ngpark/ibex/rtl/ibex_tracer_pkg.sv(54): parameter 'INSN_CSRRWI' declared inside package 'ibex_tracer_pkg' shall be treated as localparam
[WARN (VERI-2418)] /home/users/ngpark/ibex/rtl/ibex_tracer_pkg.sv(55): parameter 'INSN_CSRRSI' declared inside package 'ibex_tracer_pkg' shall be treated as localparam
[WARN (VERI-2418)] /home/users/ngpark/ibex/rtl/ibex_tracer_pkg.sv(56): parameter 'INSN_CSRRCI' declared inside package 'ibex_tracer_pkg' shall be treated as localparam
[WARN (VERI-2418)] /home/users/ngpark/ibex/rtl/ibex_tracer_pkg.sv(57): parameter 'INSN_ECALL' declared inside package 'ibex_tracer_pkg' shall be treated as localparam
[WARN (VERI-2418)] /home/users/ngpark/ibex/rtl/ibex_tracer_pkg.sv(58): parameter 'INSN_EBREAK' declared inside package 'ibex_tracer_pkg' shall be treated as localparam
[WARN (VERI-2418)] /home/users/ngpark/ibex/rtl/ibex_tracer_pkg.sv(59): parameter 'INSN_MRET' declared inside package 'ibex_tracer_pkg' shall be treated as localparam
[WARN (VERI-2418)] /home/users/ngpark/ibex/rtl/ibex_tracer_pkg.sv(60): parameter 'INSN_DRET' declared inside package 'ibex_tracer_pkg' shall be treated as localparam
[WARN (VERI-2418)] /home/users/ngpark/ibex/rtl/ibex_tracer_pkg.sv(61): parameter 'INSN_WFI' declared inside package 'ibex_tracer_pkg' shall be treated as localparam
[WARN (VERI-2418)] /home/users/ngpark/ibex/rtl/ibex_tracer_pkg.sv(64): parameter 'INSN_DIV' declared inside package 'ibex_tracer_pkg' shall be treated as localparam
[WARN (VERI-2418)] /home/users/ngpark/ibex/rtl/ibex_tracer_pkg.sv(65): parameter 'INSN_DIVU' declared inside package 'ibex_tracer_pkg' shall be treated as localparam
[WARN (VERI-2418)] /home/users/ngpark/ibex/rtl/ibex_tracer_pkg.sv(66): parameter 'INSN_REM' declared inside package 'ibex_tracer_pkg' shall be treated as localparam
[WARN (VERI-2418)] /home/users/ngpark/ibex/rtl/ibex_tracer_pkg.sv(67): parameter 'INSN_REMU' declared inside package 'ibex_tracer_pkg' shall be treated as localparam
[WARN (VERI-2418)] /home/users/ngpark/ibex/rtl/ibex_tracer_pkg.sv(68): parameter 'INSN_PMUL' declared inside package 'ibex_tracer_pkg' shall be treated as localparam
[WARN (VERI-2418)] /home/users/ngpark/ibex/rtl/ibex_tracer_pkg.sv(69): parameter 'INSN_PMUH' declared inside package 'ibex_tracer_pkg' shall be treated as localparam
[WARN (VERI-2418)] /home/users/ngpark/ibex/rtl/ibex_tracer_pkg.sv(70): parameter 'INSN_PMULHSU' declared inside package 'ibex_tracer_pkg' shall be treated as localparam
[WARN (VERI-2418)] /home/users/ngpark/ibex/rtl/ibex_tracer_pkg.sv(71): parameter 'INSN_PMULHU' declared inside package 'ibex_tracer_pkg' shall be treated as localparam
[WARN (VERI-2418)] /home/users/ngpark/ibex/rtl/ibex_tracer_pkg.sv(75): parameter 'INSN_SH1ADD' declared inside package 'ibex_tracer_pkg' shall be treated as localparam
[WARN (VERI-2418)] /home/users/ngpark/ibex/rtl/ibex_tracer_pkg.sv(76): parameter 'INSN_SH2ADD' declared inside package 'ibex_tracer_pkg' shall be treated as localparam
[WARN (VERI-2418)] /home/users/ngpark/ibex/rtl/ibex_tracer_pkg.sv(77): parameter 'INSN_SH3ADD' declared inside package 'ibex_tracer_pkg' shall be treated as localparam
[WARN (VERI-2418)] /home/users/ngpark/ibex/rtl/ibex_tracer_pkg.sv(83): parameter 'INSN_RORI' declared inside package 'ibex_tracer_pkg' shall be treated as localparam
[WARN (VERI-2418)] /home/users/ngpark/ibex/rtl/ibex_tracer_pkg.sv(84): parameter 'INSN_CLZ' declared inside package 'ibex_tracer_pkg' shall be treated as localparam
[WARN (VERI-2418)] /home/users/ngpark/ibex/rtl/ibex_tracer_pkg.sv(85): parameter 'INSN_CTZ' declared inside package 'ibex_tracer_pkg' shall be treated as localparam
[WARN (VERI-2418)] /home/users/ngpark/ibex/rtl/ibex_tracer_pkg.sv(86): parameter 'INSN_CPOP' declared inside package 'ibex_tracer_pkg' shall be treated as localparam
[WARN (VERI-2418)] /home/users/ngpark/ibex/rtl/ibex_tracer_pkg.sv(87): parameter 'INSN_SEXTB' declared inside package 'ibex_tracer_pkg' shall be treated as localparam
[WARN (VERI-2418)] /home/users/ngpark/ibex/rtl/ibex_tracer_pkg.sv(88): parameter 'INSN_SEXTH' declared inside package 'ibex_tracer_pkg' shall be treated as localparam
[WARN (VERI-2418)] /home/users/ngpark/ibex/rtl/ibex_tracer_pkg.sv(100): parameter 'INSN_ROL' declared inside package 'ibex_tracer_pkg' shall be treated as localparam
[WARN (VERI-2418)] /home/users/ngpark/ibex/rtl/ibex_tracer_pkg.sv(101): parameter 'INSN_ROR' declared inside package 'ibex_tracer_pkg' shall be treated as localparam
[WARN (VERI-2418)] /home/users/ngpark/ibex/rtl/ibex_tracer_pkg.sv(102): parameter 'INSN_MIN' declared inside package 'ibex_tracer_pkg' shall be treated as localparam
[WARN (VERI-2418)] /home/users/ngpark/ibex/rtl/ibex_tracer_pkg.sv(103): parameter 'INSN_MAX' declared inside package 'ibex_tracer_pkg' shall be treated as localparam
[WARN (VERI-2418)] /home/users/ngpark/ibex/rtl/ibex_tracer_pkg.sv(104): parameter 'INSN_MINU' declared inside package 'ibex_tracer_pkg' shall be treated as localparam
[WARN (VERI-2418)] /home/users/ngpark/ibex/rtl/ibex_tracer_pkg.sv(105): parameter 'INSN_MAXU' declared inside package 'ibex_tracer_pkg' shall be treated as localparam
[WARN (VERI-2418)] /home/users/ngpark/ibex/rtl/ibex_tracer_pkg.sv(106): parameter 'INSN_XNOR' declared inside package 'ibex_tracer_pkg' shall be treated as localparam
[WARN (VERI-2418)] /home/users/ngpark/ibex/rtl/ibex_tracer_pkg.sv(107): parameter 'INSN_ORN' declared inside package 'ibex_tracer_pkg' shall be treated as localparam
[WARN (VERI-2418)] /home/users/ngpark/ibex/rtl/ibex_tracer_pkg.sv(108): parameter 'INSN_ANDN' declared inside package 'ibex_tracer_pkg' shall be treated as localparam
[WARN (VERI-2418)] /home/users/ngpark/ibex/rtl/ibex_tracer_pkg.sv(109): parameter 'INSN_PACK' declared inside package 'ibex_tracer_pkg' shall be treated as localparam
[WARN (VERI-2418)] /home/users/ngpark/ibex/rtl/ibex_tracer_pkg.sv(110): parameter 'INSN_PACKU' declared inside package 'ibex_tracer_pkg' shall be treated as localparam
[WARN (VERI-2418)] /home/users/ngpark/ibex/rtl/ibex_tracer_pkg.sv(111): parameter 'INSN_PACKH' declared inside package 'ibex_tracer_pkg' shall be treated as localparam
[WARN (VERI-2418)] /home/users/ngpark/ibex/rtl/ibex_tracer_pkg.sv(114): parameter 'INSN_BCLRI' declared inside package 'ibex_tracer_pkg' shall be treated as localparam
[WARN (VERI-2418)] /home/users/ngpark/ibex/rtl/ibex_tracer_pkg.sv(115): parameter 'INSN_BSETI' declared inside package 'ibex_tracer_pkg' shall be treated as localparam
[WARN (VERI-2418)] /home/users/ngpark/ibex/rtl/ibex_tracer_pkg.sv(116): parameter 'INSN_BINVI' declared inside package 'ibex_tracer_pkg' shall be treated as localparam
[WARN (VERI-2418)] /home/users/ngpark/ibex/rtl/ibex_tracer_pkg.sv(119): parameter 'INSN_BEXTI' declared inside package 'ibex_tracer_pkg' shall be treated as localparam
[WARN (VERI-2418)] /home/users/ngpark/ibex/rtl/ibex_tracer_pkg.sv(121): parameter 'INSN_BCLR' declared inside package 'ibex_tracer_pkg' shall be treated as localparam
[WARN (VERI-2418)] /home/users/ngpark/ibex/rtl/ibex_tracer_pkg.sv(122): parameter 'INSN_BSET' declared inside package 'ibex_tracer_pkg' shall be treated as localparam
[WARN (VERI-2418)] /home/users/ngpark/ibex/rtl/ibex_tracer_pkg.sv(123): parameter 'INSN_BINV' declared inside package 'ibex_tracer_pkg' shall be treated as localparam
[WARN (VERI-2418)] /home/users/ngpark/ibex/rtl/ibex_tracer_pkg.sv(124): parameter 'INSN_BEXT' declared inside package 'ibex_tracer_pkg' shall be treated as localparam
[WARN (VERI-2418)] /home/users/ngpark/ibex/rtl/ibex_tracer_pkg.sv(130): parameter 'INSN_GREVI' declared inside package 'ibex_tracer_pkg' shall be treated as localparam
[WARN (VERI-2418)] /home/users/ngpark/ibex/rtl/ibex_tracer_pkg.sv(132): parameter 'INSN_REV_P' declared inside package 'ibex_tracer_pkg' shall be treated as localparam
[WARN (VERI-2418)] /home/users/ngpark/ibex/rtl/ibex_tracer_pkg.sv(134): parameter 'INSN_REV2_N' declared inside package 'ibex_tracer_pkg' shall be treated as localparam
[WARN (VERI-2418)] /home/users/ngpark/ibex/rtl/ibex_tracer_pkg.sv(136): parameter 'INSN_REV_N' declared inside package 'ibex_tracer_pkg' shall be treated as localparam
[WARN (VERI-2418)] /home/users/ngpark/ibex/rtl/ibex_tracer_pkg.sv(138): parameter 'INSN_REV4_B' declared inside package 'ibex_tracer_pkg' shall be treated as localparam
[WARN (VERI-2418)] /home/users/ngpark/ibex/rtl/ibex_tracer_pkg.sv(140): parameter 'INSN_REV2_B' declared inside package 'ibex_tracer_pkg' shall be treated as localparam
[WARN (VERI-2418)] /home/users/ngpark/ibex/rtl/ibex_tracer_pkg.sv(142): parameter 'INSN_REV_B' declared inside package 'ibex_tracer_pkg' shall be treated as localparam
[WARN (VERI-2418)] /home/users/ngpark/ibex/rtl/ibex_tracer_pkg.sv(144): parameter 'INSN_REV8_H' declared inside package 'ibex_tracer_pkg' shall be treated as localparam
[WARN (VERI-2418)] /home/users/ngpark/ibex/rtl/ibex_tracer_pkg.sv(146): parameter 'INSN_REV4_H' declared inside package 'ibex_tracer_pkg' shall be treated as localparam
[WARN (VERI-2418)] /home/users/ngpark/ibex/rtl/ibex_tracer_pkg.sv(148): parameter 'INSN_REV2_H' declared inside package 'ibex_tracer_pkg' shall be treated as localparam
[WARN (VERI-2418)] /home/users/ngpark/ibex/rtl/ibex_tracer_pkg.sv(150): parameter 'INSN_REV_H' declared inside package 'ibex_tracer_pkg' shall be treated as localparam
[WARN (VERI-2418)] /home/users/ngpark/ibex/rtl/ibex_tracer_pkg.sv(152): parameter 'INSN_REV16' declared inside package 'ibex_tracer_pkg' shall be treated as localparam
[WARN (VERI-2418)] /home/users/ngpark/ibex/rtl/ibex_tracer_pkg.sv(154): parameter 'INSN_REV8' declared inside package 'ibex_tracer_pkg' shall be treated as localparam
[WARN (VERI-2418)] /home/users/ngpark/ibex/rtl/ibex_tracer_pkg.sv(156): parameter 'INSN_REV4' declared inside package 'ibex_tracer_pkg' shall be treated as localparam
[WARN (VERI-2418)] /home/users/ngpark/ibex/rtl/ibex_tracer_pkg.sv(158): parameter 'INSN_REV2' declared inside package 'ibex_tracer_pkg' shall be treated as localparam
[WARN (VERI-2418)] /home/users/ngpark/ibex/rtl/ibex_tracer_pkg.sv(160): parameter 'INSN_REV' declared inside package 'ibex_tracer_pkg' shall be treated as localparam
[WARN (VERI-2418)] /home/users/ngpark/ibex/rtl/ibex_tracer_pkg.sv(165): parameter 'INSN_GORCI' declared inside package 'ibex_tracer_pkg' shall be treated as localparam
[WARN (VERI-2418)] /home/users/ngpark/ibex/rtl/ibex_tracer_pkg.sv(167): parameter 'INSN_ORC_P' declared inside package 'ibex_tracer_pkg' shall be treated as localparam
[WARN (VERI-2418)] /home/users/ngpark/ibex/rtl/ibex_tracer_pkg.sv(169): parameter 'INSN_ORC2_N' declared inside package 'ibex_tracer_pkg' shall be treated as localparam
[WARN (VERI-2418)] /home/users/ngpark/ibex/rtl/ibex_tracer_pkg.sv(171): parameter 'INSN_ORC_N' declared inside package 'ibex_tracer_pkg' shall be treated as localparam
[WARN (VERI-2418)] /home/users/ngpark/ibex/rtl/ibex_tracer_pkg.sv(173): parameter 'INSN_ORC4_B' declared inside package 'ibex_tracer_pkg' shall be treated as localparam
[WARN (VERI-2418)] /home/users/ngpark/ibex/rtl/ibex_tracer_pkg.sv(175): parameter 'INSN_ORC2_B' declared inside package 'ibex_tracer_pkg' shall be treated as localparam
[WARN (VERI-2418)] /home/users/ngpark/ibex/rtl/ibex_tracer_pkg.sv(177): parameter 'INSN_ORC_B' declared inside package 'ibex_tracer_pkg' shall be treated as localparam
[WARN (VERI-2418)] /home/users/ngpark/ibex/rtl/ibex_tracer_pkg.sv(179): parameter 'INSN_ORC8_H' declared inside package 'ibex_tracer_pkg' shall be treated as localparam
[WARN (VERI-2418)] /home/users/ngpark/ibex/rtl/ibex_tracer_pkg.sv(181): parameter 'INSN_ORC4_H' declared inside package 'ibex_tracer_pkg' shall be treated as localparam
[WARN (VERI-2418)] /home/users/ngpark/ibex/rtl/ibex_tracer_pkg.sv(183): parameter 'INSN_ORC2_H' declared inside package 'ibex_tracer_pkg' shall be treated as localparam
[WARN (VERI-2418)] /home/users/ngpark/ibex/rtl/ibex_tracer_pkg.sv(185): parameter 'INSN_ORC_H' declared inside package 'ibex_tracer_pkg' shall be treated as localparam
[WARN (VERI-2418)] /home/users/ngpark/ibex/rtl/ibex_tracer_pkg.sv(187): parameter 'INSN_ORC16' declared inside package 'ibex_tracer_pkg' shall be treated as localparam
[WARN (VERI-2418)] /home/users/ngpark/ibex/rtl/ibex_tracer_pkg.sv(189): parameter 'INSN_ORC8' declared inside package 'ibex_tracer_pkg' shall be treated as localparam
[WARN (VERI-2418)] /home/users/ngpark/ibex/rtl/ibex_tracer_pkg.sv(191): parameter 'INSN_ORC4' declared inside package 'ibex_tracer_pkg' shall be treated as localparam
[WARN (VERI-2418)] /home/users/ngpark/ibex/rtl/ibex_tracer_pkg.sv(193): parameter 'INSN_ORC2' declared inside package 'ibex_tracer_pkg' shall be treated as localparam
[WARN (VERI-2418)] /home/users/ngpark/ibex/rtl/ibex_tracer_pkg.sv(195): parameter 'INSN_ORC' declared inside package 'ibex_tracer_pkg' shall be treated as localparam
[WARN (VERI-2418)] /home/users/ngpark/ibex/rtl/ibex_tracer_pkg.sv(198): parameter 'INSN_SHFLI' declared inside package 'ibex_tracer_pkg' shall be treated as localparam
[WARN (VERI-2418)] /home/users/ngpark/ibex/rtl/ibex_tracer_pkg.sv(200): parameter 'INSN_ZIP_N' declared inside package 'ibex_tracer_pkg' shall be treated as localparam
[WARN (VERI-2418)] /home/users/ngpark/ibex/rtl/ibex_tracer_pkg.sv(202): parameter 'INSN_ZIP2_B' declared inside package 'ibex_tracer_pkg' shall be treated as localparam
[WARN (VERI-2418)] /home/users/ngpark/ibex/rtl/ibex_tracer_pkg.sv(204): parameter 'INSN_ZIP_B' declared inside package 'ibex_tracer_pkg' shall be treated as localparam
[WARN (VERI-2418)] /home/users/ngpark/ibex/rtl/ibex_tracer_pkg.sv(206): parameter 'INSN_ZIP4_H' declared inside package 'ibex_tracer_pkg' shall be treated as localparam
[WARN (VERI-2418)] /home/users/ngpark/ibex/rtl/ibex_tracer_pkg.sv(208): parameter 'INSN_ZIP2_H' declared inside package 'ibex_tracer_pkg' shall be treated as localparam
[WARN (VERI-2418)] /home/users/ngpark/ibex/rtl/ibex_tracer_pkg.sv(210): parameter 'INSN_ZIP_H' declared inside package 'ibex_tracer_pkg' shall be treated as localparam
[WARN (VERI-2418)] /home/users/ngpark/ibex/rtl/ibex_tracer_pkg.sv(212): parameter 'INSN_ZIP8' declared inside package 'ibex_tracer_pkg' shall be treated as localparam
[WARN (VERI-2418)] /home/users/ngpark/ibex/rtl/ibex_tracer_pkg.sv(214): parameter 'INSN_ZIP4' declared inside package 'ibex_tracer_pkg' shall be treated as localparam
[WARN (VERI-2418)] /home/users/ngpark/ibex/rtl/ibex_tracer_pkg.sv(216): parameter 'INSN_ZIP2' declared inside package 'ibex_tracer_pkg' shall be treated as localparam
[WARN (VERI-2418)] /home/users/ngpark/ibex/rtl/ibex_tracer_pkg.sv(218): parameter 'INSN_ZIP' declared inside package 'ibex_tracer_pkg' shall be treated as localparam
[WARN (VERI-2418)] /home/users/ngpark/ibex/rtl/ibex_tracer_pkg.sv(221): parameter 'INSN_UNSHFLI' declared inside package 'ibex_tracer_pkg' shall be treated as localparam
[WARN (VERI-2418)] /home/users/ngpark/ibex/rtl/ibex_tracer_pkg.sv(223): parameter 'INSN_UNZIP_N' declared inside package 'ibex_tracer_pkg' shall be treated as localparam
[WARN (VERI-2418)] /home/users/ngpark/ibex/rtl/ibex_tracer_pkg.sv(225): parameter 'INSN_UNZIP2_B' declared inside package 'ibex_tracer_pkg' shall be treated as localparam
[WARN (VERI-2418)] /home/users/ngpark/ibex/rtl/ibex_tracer_pkg.sv(227): parameter 'INSN_UNZIP_B' declared inside package 'ibex_tracer_pkg' shall be treated as localparam
[WARN (VERI-2418)] /home/users/ngpark/ibex/rtl/ibex_tracer_pkg.sv(229): parameter 'INSN_UNZIP4_H' declared inside package 'ibex_tracer_pkg' shall be treated as localparam
[WARN (VERI-2418)] /home/users/ngpark/ibex/rtl/ibex_tracer_pkg.sv(231): parameter 'INSN_UNZIP2_H' declared inside package 'ibex_tracer_pkg' shall be treated as localparam
[WARN (VERI-2418)] /home/users/ngpark/ibex/rtl/ibex_tracer_pkg.sv(233): parameter 'INSN_UNZIP_H' declared inside package 'ibex_tracer_pkg' shall be treated as localparam
[WARN (VERI-2418)] /home/users/ngpark/ibex/rtl/ibex_tracer_pkg.sv(235): parameter 'INSN_UNZIP8' declared inside package 'ibex_tracer_pkg' shall be treated as localparam
[WARN (VERI-2418)] /home/users/ngpark/ibex/rtl/ibex_tracer_pkg.sv(237): parameter 'INSN_UNZIP4' declared inside package 'ibex_tracer_pkg' shall be treated as localparam
[WARN (VERI-2418)] /home/users/ngpark/ibex/rtl/ibex_tracer_pkg.sv(239): parameter 'INSN_UNZIP2' declared inside package 'ibex_tracer_pkg' shall be treated as localparam
[WARN (VERI-2418)] /home/users/ngpark/ibex/rtl/ibex_tracer_pkg.sv(241): parameter 'INSN_UNZIP' declared inside package 'ibex_tracer_pkg' shall be treated as localparam
[WARN (VERI-2418)] /home/users/ngpark/ibex/rtl/ibex_tracer_pkg.sv(244): parameter 'INSN_GREV' declared inside package 'ibex_tracer_pkg' shall be treated as localparam
[WARN (VERI-2418)] /home/users/ngpark/ibex/rtl/ibex_tracer_pkg.sv(245): parameter 'INSN_GORC' declared inside package 'ibex_tracer_pkg' shall be treated as localparam
[WARN (VERI-2418)] /home/users/ngpark/ibex/rtl/ibex_tracer_pkg.sv(246): parameter 'INSN_SHFL' declared inside package 'ibex_tracer_pkg' shall be treated as localparam
[WARN (VERI-2418)] /home/users/ngpark/ibex/rtl/ibex_tracer_pkg.sv(247): parameter 'INSN_UNSHFL' declared inside package 'ibex_tracer_pkg' shall be treated as localparam
[WARN (VERI-2418)] /home/users/ngpark/ibex/rtl/ibex_tracer_pkg.sv(249): parameter 'INSN_XPERM_N' declared inside package 'ibex_tracer_pkg' shall be treated as localparam
[WARN (VERI-2418)] /home/users/ngpark/ibex/rtl/ibex_tracer_pkg.sv(250): parameter 'INSN_XPERM_B' declared inside package 'ibex_tracer_pkg' shall be treated as localparam
[WARN (VERI-2418)] /home/users/ngpark/ibex/rtl/ibex_tracer_pkg.sv(251): parameter 'INSN_XPERM_H' declared inside package 'ibex_tracer_pkg' shall be treated as localparam
[WARN (VERI-2418)] /home/users/ngpark/ibex/rtl/ibex_tracer_pkg.sv(253): parameter 'INSN_SLO' declared inside package 'ibex_tracer_pkg' shall be treated as localparam
[WARN (VERI-2418)] /home/users/ngpark/ibex/rtl/ibex_tracer_pkg.sv(254): parameter 'INSN_SRO' declared inside package 'ibex_tracer_pkg' shall be treated as localparam
[WARN (VERI-2418)] /home/users/ngpark/ibex/rtl/ibex_tracer_pkg.sv(255): parameter 'INSN_SLOI' declared inside package 'ibex_tracer_pkg' shall be treated as localparam
[WARN (VERI-2418)] /home/users/ngpark/ibex/rtl/ibex_tracer_pkg.sv(259): parameter 'INSN_SROI' declared inside package 'ibex_tracer_pkg' shall be treated as localparam
[WARN (VERI-2418)] /home/users/ngpark/ibex/rtl/ibex_tracer_pkg.sv(262): parameter 'INSN_BDECOMPRESS' declared inside package 'ibex_tracer_pkg' shall be treated as localparam
[WARN (VERI-2418)] /home/users/ngpark/ibex/rtl/ibex_tracer_pkg.sv(263): parameter 'INSN_BCOMPRESS' declared inside package 'ibex_tracer_pkg' shall be treated as localparam
[WARN (VERI-2418)] /home/users/ngpark/ibex/rtl/ibex_tracer_pkg.sv(266): parameter 'INSN_FSRI' declared inside package 'ibex_tracer_pkg' shall be treated as localparam
[WARN (VERI-2418)] /home/users/ngpark/ibex/rtl/ibex_tracer_pkg.sv(268): parameter 'INSN_CMIX' declared inside package 'ibex_tracer_pkg' shall be treated as localparam
[WARN (VERI-2418)] /home/users/ngpark/ibex/rtl/ibex_tracer_pkg.sv(269): parameter 'INSN_CMOV' declared inside package 'ibex_tracer_pkg' shall be treated as localparam
[WARN (VERI-2418)] /home/users/ngpark/ibex/rtl/ibex_tracer_pkg.sv(270): parameter 'INSN_FSL' declared inside package 'ibex_tracer_pkg' shall be treated as localparam
[WARN (VERI-2418)] /home/users/ngpark/ibex/rtl/ibex_tracer_pkg.sv(271): parameter 'INSN_FSR' declared inside package 'ibex_tracer_pkg' shall be treated as localparam
[WARN (VERI-2418)] /home/users/ngpark/ibex/rtl/ibex_tracer_pkg.sv(274): parameter 'INSN_BFP' declared inside package 'ibex_tracer_pkg' shall be treated as localparam
[WARN (VERI-2418)] /home/users/ngpark/ibex/rtl/ibex_tracer_pkg.sv(277): parameter 'INSN_CLMUL' declared inside package 'ibex_tracer_pkg' shall be treated as localparam
[WARN (VERI-2418)] /home/users/ngpark/ibex/rtl/ibex_tracer_pkg.sv(278): parameter 'INSN_CLMULR' declared inside package 'ibex_tracer_pkg' shall be treated as localparam
[WARN (VERI-2418)] /home/users/ngpark/ibex/rtl/ibex_tracer_pkg.sv(279): parameter 'INSN_CLMULH' declared inside package 'ibex_tracer_pkg' shall be treated as localparam
[WARN (VERI-2418)] /home/users/ngpark/ibex/rtl/ibex_tracer_pkg.sv(282): parameter 'INSN_CRC32_B' declared inside package 'ibex_tracer_pkg' shall be treated as localparam
[WARN (VERI-2418)] /home/users/ngpark/ibex/rtl/ibex_tracer_pkg.sv(284): parameter 'INSN_CRC32_H' declared inside package 'ibex_tracer_pkg' shall be treated as localparam
[WARN (VERI-2418)] /home/users/ngpark/ibex/rtl/ibex_tracer_pkg.sv(286): parameter 'INSN_CRC32_W' declared inside package 'ibex_tracer_pkg' shall be treated as localparam
[WARN (VERI-2418)] /home/users/ngpark/ibex/rtl/ibex_tracer_pkg.sv(288): parameter 'INSN_CRC32C_B' declared inside package 'ibex_tracer_pkg' shall be treated as localparam
[WARN (VERI-2418)] /home/users/ngpark/ibex/rtl/ibex_tracer_pkg.sv(290): parameter 'INSN_CRC32C_H' declared inside package 'ibex_tracer_pkg' shall be treated as localparam
[WARN (VERI-2418)] /home/users/ngpark/ibex/rtl/ibex_tracer_pkg.sv(292): parameter 'INSN_CRC32C_W' declared inside package 'ibex_tracer_pkg' shall be treated as localparam
[WARN (VERI-2418)] /home/users/ngpark/ibex/rtl/ibex_tracer_pkg.sv(296): parameter 'INSN_LOAD' declared inside package 'ibex_tracer_pkg' shall be treated as localparam
[WARN (VERI-2418)] /home/users/ngpark/ibex/rtl/ibex_tracer_pkg.sv(297): parameter 'INSN_STORE' declared inside package 'ibex_tracer_pkg' shall be treated as localparam
[WARN (VERI-2418)] /home/users/ngpark/ibex/rtl/ibex_tracer_pkg.sv(300): parameter 'INSN_FENCE' declared inside package 'ibex_tracer_pkg' shall be treated as localparam
[WARN (VERI-2418)] /home/users/ngpark/ibex/rtl/ibex_tracer_pkg.sv(301): parameter 'INSN_FENCEI' declared inside package 'ibex_tracer_pkg' shall be treated as localparam
[WARN (VERI-2418)] /home/users/ngpark/ibex/rtl/ibex_tracer_pkg.sv(305): parameter 'INSN_CADDI4SPN' declared inside package 'ibex_tracer_pkg' shall be treated as localparam
[WARN (VERI-2418)] /home/users/ngpark/ibex/rtl/ibex_tracer_pkg.sv(306): parameter 'INSN_CLW' declared inside package 'ibex_tracer_pkg' shall be treated as localparam
[WARN (VERI-2418)] /home/users/ngpark/ibex/rtl/ibex_tracer_pkg.sv(307): parameter 'INSN_CSW' declared inside package 'ibex_tracer_pkg' shall be treated as localparam
[WARN (VERI-2418)] /home/users/ngpark/ibex/rtl/ibex_tracer_pkg.sv(309): parameter 'INSN_CLBU' declared inside package 'ibex_tracer_pkg' shall be treated as localparam
[WARN (VERI-2418)] /home/users/ngpark/ibex/rtl/ibex_tracer_pkg.sv(310): parameter 'INSN_CLHU' declared inside package 'ibex_tracer_pkg' shall be treated as localparam
[WARN (VERI-2418)] /home/users/ngpark/ibex/rtl/ibex_tracer_pkg.sv(311): parameter 'INSN_CLH' declared inside package 'ibex_tracer_pkg' shall be treated as localparam
[WARN (VERI-2418)] /home/users/ngpark/ibex/rtl/ibex_tracer_pkg.sv(312): parameter 'INSN_CSB' declared inside package 'ibex_tracer_pkg' shall be treated as localparam
[WARN (VERI-2418)] /home/users/ngpark/ibex/rtl/ibex_tracer_pkg.sv(313): parameter 'INSN_CSH' declared inside package 'ibex_tracer_pkg' shall be treated as localparam
[WARN (VERI-2418)] /home/users/ngpark/ibex/rtl/ibex_tracer_pkg.sv(316): parameter 'INSN_CADDI' declared inside package 'ibex_tracer_pkg' shall be treated as localparam
[WARN (VERI-2418)] /home/users/ngpark/ibex/rtl/ibex_tracer_pkg.sv(317): parameter 'INSN_CJAL' declared inside package 'ibex_tracer_pkg' shall be treated as localparam
[WARN (VERI-2418)] /home/users/ngpark/ibex/rtl/ibex_tracer_pkg.sv(318): parameter 'INSN_CJ' declared inside package 'ibex_tracer_pkg' shall be treated as localparam
[WARN (VERI-2418)] /home/users/ngpark/ibex/rtl/ibex_tracer_pkg.sv(319): parameter 'INSN_CLI' declared inside package 'ibex_tracer_pkg' shall be treated as localparam
[WARN (VERI-2418)] /home/users/ngpark/ibex/rtl/ibex_tracer_pkg.sv(320): parameter 'INSN_CLUI' declared inside package 'ibex_tracer_pkg' shall be treated as localparam
[WARN (VERI-2418)] /home/users/ngpark/ibex/rtl/ibex_tracer_pkg.sv(321): parameter 'INSN_CBEQZ' declared inside package 'ibex_tracer_pkg' shall be treated as localparam
[WARN (VERI-2418)] /home/users/ngpark/ibex/rtl/ibex_tracer_pkg.sv(322): parameter 'INSN_CBNEZ' declared inside package 'ibex_tracer_pkg' shall be treated as localparam
[WARN (VERI-2418)] /home/users/ngpark/ibex/rtl/ibex_tracer_pkg.sv(323): parameter 'INSN_CSRLI' declared inside package 'ibex_tracer_pkg' shall be treated as localparam
[WARN (VERI-2418)] /home/users/ngpark/ibex/rtl/ibex_tracer_pkg.sv(324): parameter 'INSN_CSRAI' declared inside package 'ibex_tracer_pkg' shall be treated as localparam
[WARN (VERI-2418)] /home/users/ngpark/ibex/rtl/ibex_tracer_pkg.sv(325): parameter 'INSN_CANDI' declared inside package 'ibex_tracer_pkg' shall be treated as localparam
[WARN (VERI-2418)] /home/users/ngpark/ibex/rtl/ibex_tracer_pkg.sv(326): parameter 'INSN_CSUB' declared inside package 'ibex_tracer_pkg' shall be treated as localparam
[WARN (VERI-2418)] /home/users/ngpark/ibex/rtl/ibex_tracer_pkg.sv(327): parameter 'INSN_CXOR' declared inside package 'ibex_tracer_pkg' shall be treated as localparam
[WARN (VERI-2418)] /home/users/ngpark/ibex/rtl/ibex_tracer_pkg.sv(328): parameter 'INSN_COR' declared inside package 'ibex_tracer_pkg' shall be treated as localparam
[WARN (VERI-2418)] /home/users/ngpark/ibex/rtl/ibex_tracer_pkg.sv(329): parameter 'INSN_CAND' declared inside package 'ibex_tracer_pkg' shall be treated as localparam
[WARN (VERI-2418)] /home/users/ngpark/ibex/rtl/ibex_tracer_pkg.sv(331): parameter 'INSN_CZEXTB' declared inside package 'ibex_tracer_pkg' shall be treated as localparam
[WARN (VERI-2418)] /home/users/ngpark/ibex/rtl/ibex_tracer_pkg.sv(332): parameter 'INSN_CSEXTB' declared inside package 'ibex_tracer_pkg' shall be treated as localparam
[WARN (VERI-2418)] /home/users/ngpark/ibex/rtl/ibex_tracer_pkg.sv(333): parameter 'INSN_CZEXTH' declared inside package 'ibex_tracer_pkg' shall be treated as localparam
[WARN (VERI-2418)] /home/users/ngpark/ibex/rtl/ibex_tracer_pkg.sv(334): parameter 'INSN_CSEXTH' declared inside package 'ibex_tracer_pkg' shall be treated as localparam
[WARN (VERI-2418)] /home/users/ngpark/ibex/rtl/ibex_tracer_pkg.sv(335): parameter 'INSN_CNOT' declared inside package 'ibex_tracer_pkg' shall be treated as localparam
[WARN (VERI-2418)] /home/users/ngpark/ibex/rtl/ibex_tracer_pkg.sv(336): parameter 'INSN_CMUL' declared inside package 'ibex_tracer_pkg' shall be treated as localparam
[WARN (VERI-2418)] /home/users/ngpark/ibex/rtl/ibex_tracer_pkg.sv(339): parameter 'INSN_CSLLI' declared inside package 'ibex_tracer_pkg' shall be treated as localparam
[WARN (VERI-2418)] /home/users/ngpark/ibex/rtl/ibex_tracer_pkg.sv(340): parameter 'INSN_CLWSP' declared inside package 'ibex_tracer_pkg' shall be treated as localparam
[WARN (VERI-2418)] /home/users/ngpark/ibex/rtl/ibex_tracer_pkg.sv(341): parameter 'INSN_SWSP' declared inside package 'ibex_tracer_pkg' shall be treated as localparam
[WARN (VERI-2418)] /home/users/ngpark/ibex/rtl/ibex_tracer_pkg.sv(342): parameter 'INSN_CMV' declared inside package 'ibex_tracer_pkg' shall be treated as localparam
[WARN (VERI-2418)] /home/users/ngpark/ibex/rtl/ibex_tracer_pkg.sv(343): parameter 'INSN_CADD' declared inside package 'ibex_tracer_pkg' shall be treated as localparam
[WARN (VERI-2418)] /home/users/ngpark/ibex/rtl/ibex_tracer_pkg.sv(344): parameter 'INSN_CEBREAK' declared inside package 'ibex_tracer_pkg' shall be treated as localparam
[WARN (VERI-2418)] /home/users/ngpark/ibex/rtl/ibex_tracer_pkg.sv(345): parameter 'INSN_CJR' declared inside package 'ibex_tracer_pkg' shall be treated as localparam
[WARN (VERI-2418)] /home/users/ngpark/ibex/rtl/ibex_tracer_pkg.sv(346): parameter 'INSN_CJALR' declared inside package 'ibex_tracer_pkg' shall be treated as localparam
[WARN (VERI-2418)] /home/users/ngpark/ibex/rtl/ibex_tracer_pkg.sv(348): parameter 'INSN_CMPUSH' declared inside package 'ibex_tracer_pkg' shall be treated as localparam
[WARN (VERI-2418)] /home/users/ngpark/ibex/rtl/ibex_tracer_pkg.sv(349): parameter 'INSN_CMPOP' declared inside package 'ibex_tracer_pkg' shall be treated as localparam
[WARN (VERI-2418)] /home/users/ngpark/ibex/rtl/ibex_tracer_pkg.sv(350): parameter 'INSN_CMPOPRETZ' declared inside package 'ibex_tracer_pkg' shall be treated as localparam
[WARN (VERI-2418)] /home/users/ngpark/ibex/rtl/ibex_tracer_pkg.sv(351): parameter 'INSN_CMPOPRET' declared inside package 'ibex_tracer_pkg' shall be treated as localparam
[WARN (VERI-2418)] /home/users/ngpark/ibex/rtl/ibex_tracer_pkg.sv(352): parameter 'INSN_CMMVSA01' declared inside package 'ibex_tracer_pkg' shall be treated as localparam
[WARN (VERI-2418)] /home/users/ngpark/ibex/rtl/ibex_tracer_pkg.sv(353): parameter 'INSN_CMMVA01S' declared inside package 'ibex_tracer_pkg' shall be treated as localparam
[-- (VERI-1482)] Analyzing Verilog file '/home/users/ngpark/ibex/rtl/ibex_alu.sv'
[-- (VERI-1482)] Analyzing Verilog file '/home/users/ngpark/ibex/rtl/ibex_compressed_decoder.sv'
[INFO (VERI-1328)] /home/users/ngpark/ibex/rtl/ibex_compressed_decoder.sv(14): analyzing included file '/home/users/ngpark/ibex/vendor/lowrisc_ip/ip/prim/rtl/prim_assert.sv'
[INFO (VERI-1328)] /home/users/ngpark/ibex/vendor/lowrisc_ip/ip/prim/rtl/prim_assert.sv(110): analyzing included file '/home/users/ngpark/ibex/vendor/lowrisc_ip/ip/prim/rtl/prim_assert_standard_macros.svh'
[INFO (VERI-1328)] /home/users/ngpark/ibex/vendor/lowrisc_ip/ip/prim/rtl/prim_assert.sv(187): analyzing included file '/home/users/ngpark/ibex/vendor/lowrisc_ip/ip/prim/rtl/prim_assert_sec_cm.svh'
[INFO (VERI-1328)] /home/users/ngpark/ibex/vendor/lowrisc_ip/ip/prim/rtl/prim_assert.sv(188): analyzing included file '/home/users/ngpark/ibex/vendor/lowrisc_ip/ip/prim/rtl/prim_flop_macros.sv'
[-- (VERI-1482)] Analyzing Verilog file '/home/users/ngpark/ibex/rtl/ibex_controller.sv'
[INFO (VERI-1328)] /home/users/ngpark/ibex/rtl/ibex_controller.sv(10): analyzing included file '/home/users/ngpark/ibex/vendor/lowrisc_ip/ip/prim/rtl/prim_assert.sv'
[INFO (VERI-1328)] /home/users/ngpark/ibex/rtl/ibex_controller.sv(11): analyzing included file '/home/users/ngpark/ibex/vendor/lowrisc_ip/dv/sv/dv_utils/dv_fcov_macros.svh'
[-- (VERI-1482)] Analyzing Verilog file '/home/users/ngpark/ibex/rtl/ibex_counter.sv'
[-- (VERI-1482)] Analyzing Verilog file '/home/users/ngpark/ibex/rtl/ibex_cs_registers.sv'
[INFO (VERI-1328)] /home/users/ngpark/ibex/rtl/ibex_cs_registers.sv(10): analyzing included file '/home/users/ngpark/ibex/vendor/lowrisc_ip/ip/prim/rtl/prim_assert.sv'
[-- (VERI-1482)] Analyzing Verilog file '/home/users/ngpark/ibex/rtl/ibex_csr.sv'
[INFO (VERI-1328)] /home/users/ngpark/ibex/rtl/ibex_csr.sv(9): analyzing included file '/home/users/ngpark/ibex/vendor/lowrisc_ip/ip/prim/rtl/prim_assert.sv'
[-- (VERI-1482)] Analyzing Verilog file '/home/users/ngpark/ibex/rtl/ibex_decoder.sv'
[INFO (VERI-1328)] /home/users/ngpark/ibex/rtl/ibex_decoder.sv(14): analyzing included file '/home/users/ngpark/ibex/vendor/lowrisc_ip/ip/prim/rtl/prim_assert.sv'
[-- (VERI-1482)] Analyzing Verilog file '/home/users/ngpark/ibex/rtl/ibex_ex_block.sv'
[-- (VERI-1482)] Analyzing Verilog file '/home/users/ngpark/ibex/rtl/ibex_id_stage.sv'
[INFO (VERI-1328)] /home/users/ngpark/ibex/rtl/ibex_id_stage.sv(17): analyzing included file '/home/users/ngpark/ibex/vendor/lowrisc_ip/ip/prim/rtl/prim_assert.sv'
[INFO (VERI-1328)] /home/users/ngpark/ibex/rtl/ibex_id_stage.sv(18): analyzing included file '/home/users/ngpark/ibex/vendor/lowrisc_ip/dv/sv/dv_utils/dv_fcov_macros.svh'
[-- (VERI-1482)] Analyzing Verilog file '/home/users/ngpark/ibex/rtl/ibex_if_stage.sv'
[INFO (VERI-1328)] /home/users/ngpark/ibex/rtl/ibex_if_stage.sv(13): analyzing included file '/home/users/ngpark/ibex/vendor/lowrisc_ip/ip/prim/rtl/prim_assert.sv'
[INFO (VERI-1328)] /home/users/ngpark/ibex/rtl/ibex_if_stage.sv(14): analyzing included file '/home/users/ngpark/ibex/vendor/lowrisc_ip/dv/sv/dv_utils/dv_fcov_macros.svh'
[-- (VERI-1482)] Analyzing Verilog file '/home/users/ngpark/ibex/rtl/ibex_load_store_unit.sv'
[INFO (VERI-1328)] /home/users/ngpark/ibex/rtl/ibex_load_store_unit.sv(14): analyzing included file '/home/users/ngpark/ibex/vendor/lowrisc_ip/ip/prim/rtl/prim_assert.sv'
[INFO (VERI-1328)] /home/users/ngpark/ibex/rtl/ibex_load_store_unit.sv(15): analyzing included file '/home/users/ngpark/ibex/vendor/lowrisc_ip/dv/sv/dv_utils/dv_fcov_macros.svh'
[-- (VERI-1482)] Analyzing Verilog file '/home/users/ngpark/ibex/rtl/ibex_multdiv_fast.sv'
[INFO (VERI-1328)] /home/users/ngpark/ibex/rtl/ibex_multdiv_fast.sv(15): analyzing included file '/home/users/ngpark/ibex/vendor/lowrisc_ip/ip/prim/rtl/prim_assert.sv'
[-- (VERI-1482)] Analyzing Verilog file '/home/users/ngpark/ibex/rtl/ibex_multdiv_slow.sv'
[INFO (VERI-1328)] /home/users/ngpark/ibex/rtl/ibex_multdiv_slow.sv(12): analyzing included file '/home/users/ngpark/ibex/vendor/lowrisc_ip/ip/prim/rtl/prim_assert.sv'
[-- (VERI-1482)] Analyzing Verilog file './synthlc/i_ADDI_out/xEnumCycleCnt/div_fsm_s5_top.sv'
[INFO (VERI-1328)] ./synthlc/i_ADDI_out/xEnumCycleCnt/div_fsm_s5_top.sv(10): analyzing included file '/home/users/ngpark/ibex/vendor/lowrisc_ip/ip/prim/rtl/prim_assert.sv'
[WARN (VERI-1763)] ./synthlc/i_ADDI_out/xEnumCycleCnt/div_fsm_s5_top.sv(584): SVA directive is not sensitive to any clock. The directive will be sampled on the posedge of the fastest clock.
[WARN (VERI-1763)] ./synthlc/i_ADDI_out/xEnumCycleCnt/div_fsm_s5_top.sv(585): SVA directive is not sensitive to any clock. The directive will be sampled on the posedge of the fastest clock.
[WARN (VERI-1763)] ./synthlc/i_ADDI_out/xEnumCycleCnt/div_fsm_s5_top.sv(586): SVA directive is not sensitive to any clock. The directive will be sampled on the posedge of the fastest clock.
[-- (VERI-1482)] Analyzing Verilog file '/home/users/ngpark/ibex/rtl/ibex_prefetch_buffer.sv'
[-- (VERI-1482)] Analyzing Verilog file '/home/users/ngpark/ibex/rtl/ibex_fetch_fifo.sv'
[INFO (VERI-1328)] /home/users/ngpark/ibex/rtl/ibex_fetch_fifo.sv(13): analyzing included file '/home/users/ngpark/ibex/vendor/lowrisc_ip/ip/prim/rtl/prim_assert.sv'
[-- (VERI-1482)] Analyzing Verilog file '/home/users/ngpark/ibex/rtl/ibex_register_file_ff.sv'
[-- (VERI-1482)] Analyzing Verilog file '/home/users/ngpark/ibex/rtl/ibex_pmp.sv'
[INFO (VERI-1328)] /home/users/ngpark/ibex/rtl/ibex_pmp.sv(5): analyzing included file '/home/users/ngpark/ibex/vendor/lowrisc_ip/dv/sv/dv_utils/dv_fcov_macros.svh'
[-- (VERI-1482)] Analyzing Verilog file '/home/users/ngpark/ibex/rtl/ibex_wb_stage.sv'
[INFO (VERI-1328)] /home/users/ngpark/ibex/rtl/ibex_wb_stage.sv(14): analyzing included file '/home/users/ngpark/ibex/vendor/lowrisc_ip/ip/prim/rtl/prim_assert.sv'
[INFO (VERI-1328)] /home/users/ngpark/ibex/rtl/ibex_wb_stage.sv(15): analyzing included file '/home/users/ngpark/ibex/vendor/lowrisc_ip/dv/sv/dv_utils/dv_fcov_macros.svh'
[-- (VERI-1482)] Analyzing Verilog file '/home/users/ngpark/ibex/rtl/ibex_dummy_instr.sv'
[-- (VERI-1482)] Analyzing Verilog file '/home/users/ngpark/ibex/rtl/ibex_branch_predict.sv'
[INFO (VERI-1328)] /home/users/ngpark/ibex/rtl/ibex_branch_predict.sv(18): analyzing included file '/home/users/ngpark/ibex/vendor/lowrisc_ip/ip/prim/rtl/prim_assert.sv'
[-- (VERI-1482)] Analyzing Verilog file '/home/users/ngpark/ibex/rtl/ibex_core.sv'
[INFO (VERI-1328)] /home/users/ngpark/ibex/rtl/ibex_core.sv(10): analyzing included file '/home/users/ngpark/ibex/vendor/lowrisc_ip/ip/prim/rtl/prim_assert.sv'
[INFO (VERI-1328)] /home/users/ngpark/ibex/rtl/ibex_core.sv(11): analyzing included file '/home/users/ngpark/ibex/vendor/lowrisc_ip/dv/sv/dv_utils/dv_fcov_macros.svh'
[-- (VERI-1482)] Analyzing Verilog file '/home/users/ngpark/ibex/vendor/lowrisc_ip/ip/prim/rtl/prim_assert.sv'
% 
% if {$REACH == 1} {
    puts "test bboxing mfpt" 
    #elaborate -bbox_m  {miss_prediction_fix_table} -bbox_m {reorderbuf}
    #elaborate
    source reach_collect.tcl
}
% if {$FPV == 1} {
    puts "fpv" 
    # Elaborates
    #elaborate -bbox_m {wt_cache_subsystem} -bbox_m {ibex_if_stage}
    #puts "multiplier no-bbox"
    elaborate -top ibex_fv -bbox_m {ibex_if_stage} -bbox_m {prim_lfsr}
    #elaborate -bbox_m {ibex_if_stage}
    #stopat -env {issue_stage_i.i_scoreboard.mem_n[0].sbe.is_compressed}  
    #elaborate


    # Initialization
    # Clock specification
    clock clk_i
    # -both_edges: ridecore 
    reset !rst_ni
    set_proofgrid_per_engine_max_jobs 10
    set_proofgrid_max_jobs 30


    #SOURCE_TCL
    # assume -enable {.*ASSUME_W_R} -regexp
    # assume -disable {.*ASSUME_R_W} -regexp

    task -create mytask -copy_assumes   -regexp
    task -set mytask

    if { $CUSTOMTCL == 1 } {
        puts "=========CUSTOMTCL========="

        source ./synthlc/i_ADDI_out/xEnumCycleCnt/out/div_fsm_s5.tcl
        
        puts "=========EXIT CUSTOMTCL========="
        exit
        
    } 
    
    puts "=============================================================="
    puts "CHECK ASSUMPTION...."
    puts "=============================================================="
    set CA 0
    set CA 1
    #
    set_prove_time_limit 15m
    #SETPROVETIME
    set_prove_per_property_time_limit 5m 

    set ls [get_property_list -task mytask -include {type {assert cover} }]
    if { [llength $ls] > 10 } { 
        set_prove_time_limit 25m 
        puts "PROVEN TIME 25min" }  

    if { $CA == 1 } { 
        #set_prove_time_limit 10m
        set CONFLICT [check_assumptions -task mytask -conflict]
        puts "=============================================================="
        puts "CHECK ASSUMPTION CONFLICT result? $CONFLICT"
        puts "=============================================================="
    }  else {
        puts "AUTOPROVE:" 
        #set_prove_time_limit 1h
        #set_prove_per_property_time_limit 1h
        puts "=================================================="
        puts " PROVE TIME LIMIT"
        puts [get_prove_time_limit]     
        #puts [get_prove_per_property_time_limit]
        puts "=================================================="
        set_engine_mode {K C Tri I N AD AM Hp B}

        prove -task mytask
        #prove -all
    }
    
    puts "END"
    report -task mytask -csv -results -file "./synthlc/i_ADDI_out/xEnumCycleCnt/div_fsm_s5.csv" -force
    exit
}
fpv
INFO (ISW003): Top module name is "ibex_fv".
[INFO (HIER-8002)] ./synthlc/i_ADDI_out/xEnumCycleCnt/div_fsm_s5_top.sv(588): Disabling old hierarchical reference handler
[INFO (VERI-1018)] /home/users/ngpark/ibex/rtl/ibex_register_file_ff.sv(13): compiling module 'ibex_register_file_ff:(DataWidth=32'b0100000,WordZeroVal=32'b0)'
[INFO (VERI-1018)] /home/users/ngpark/ibex/rtl/ibex_if_stage.sv(16): compiling module 'ibex_if_stage:(RV32ZC=RV32ZcaZcbZcmp,BusSizeECC=32'b0100000,TagSizeECC=32'b010110,LineSizeECC=32'b01000000,RndCnstLfsrSeed=32'b10101100010100110011101111110100,RndCnstLfsrPerm=160'b01111000110101111011001011101001000110011111111101000110110001001011101001010110000001010100101100000001001111101001000011100001111000101010001101101011101101,MemDataWidth=32'b0100000)'
[INFO (VERI-1018)] /home/users/ngpark/ibex/rtl/ibex_decoder.sv(16): compiling module 'ibex_decoder:(RV32E=1'b0,RV32M=RV32MFast,RV32B=RV32BNone,BranchTargetALU=1'b0)'
[WARN (VERI-1796)] /home/users/ngpark/ibex/rtl/ibex_decoder.sv(1211): system function call isunknown with non-constant argument is not supported for synthesis
[INFO (VERI-1018)] /home/users/ngpark/ibex/rtl/ibex_controller.sv(13): compiling module 'ibex_controller:(WritebackStage=1'b1)'
[INFO (VERI-1018)] /home/users/ngpark/ibex/rtl/ibex_id_stage.sv(20): compiling module 'ibex_id_stage:(RV32E=1'b0,RV32M=RV32MFast,RV32B=RV32BNone,BranchTargetALU=1'b0,WritebackStage=1'b1,BranchPredictor=1'b0)'
[WARN (VERI-1796)] /home/users/ngpark/ibex/rtl/ibex_id_stage.sv(1106): system function call isunknown with non-constant argument is not supported for synthesis
[WARN (VERI-1796)] /home/users/ngpark/ibex/rtl/ibex_id_stage.sv(1112): system function call isunknown with non-constant argument is not supported for synthesis
[WARN (VERI-1796)] /home/users/ngpark/ibex/rtl/ibex_id_stage.sv(1116): system function call isunknown with non-constant argument is not supported for synthesis
[WARN (VERI-1796)] /home/users/ngpark/ibex/rtl/ibex_id_stage.sv(1125): system function call isunknown with non-constant argument is not supported for synthesis
[WARN (VERI-1796)] /home/users/ngpark/ibex/rtl/ibex_id_stage.sv(1128): system function call isunknown with non-constant argument is not supported for synthesis
[WARN (VERI-1796)] /home/users/ngpark/ibex/rtl/ibex_id_stage.sv(1132): system function call isunknown with non-constant argument is not supported for synthesis
[WARN (VERI-1796)] /home/users/ngpark/ibex/rtl/ibex_id_stage.sv(1136): system function call isunknown with non-constant argument is not supported for synthesis
[INFO (VERI-1018)] /home/users/ngpark/ibex/rtl/ibex_alu.sv(9): compiling module 'ibex_alu:(RV32B=RV32BNone)'
[WARN (VERI-1209)] /home/users/ngpark/ibex/rtl/ibex_alu.sv(280): expression size 32 truncated to fit in target size 6
[INFO (VERI-1018)] /home/users/ngpark/ibex/rtl/ibex_multdiv_fast.sv(17): compiling module 'ibex_multdiv_fast:(RV32M=RV32MFast)'
[WARN (VERI-1796)] /home/users/ngpark/ibex/rtl/ibex_multdiv_fast.sv(117): system function call isunknown with non-constant argument is not supported for synthesis
[WARN (VERI-1796)] /home/users/ngpark/ibex/rtl/ibex_multdiv_fast.sv(118): system function call isunknown with non-constant argument is not supported for synthesis
[WARN (VERI-1796)] /home/users/ngpark/ibex/rtl/ibex_multdiv_fast.sv(119): system function call isunknown with non-constant argument is not supported for synthesis
[WARN (VERI-1796)] /home/users/ngpark/ibex/rtl/ibex_multdiv_fast.sv(378): system function call isunknown with non-constant argument is not supported for synthesis
[INFO (VERI-1018)] /home/users/ngpark/ibex/rtl/ibex_ex_block.sv(11): compiling module 'ibex_ex_block:(RV32M=RV32MFast,RV32B=RV32BNone,BranchTargetALU=1'b0)'
[INFO (VERI-1018)] /home/users/ngpark/ibex/rtl/ibex_load_store_unit.sv(17): compiling module 'ibex_load_store_unit:(MemDataWidth=32'b0100000)'
[WARN (VERI-1796)] /home/users/ngpark/ibex/rtl/ibex_load_store_unit.sv(610): system function call isunknown with non-constant argument is not supported for synthesis
[WARN (VERI-1796)] /home/users/ngpark/ibex/rtl/ibex_load_store_unit.sv(611): system function call isunknown with non-constant argument is not supported for synthesis
[WARN (VERI-1796)] /home/users/ngpark/ibex/rtl/ibex_load_store_unit.sv(612): system function call isunknown with non-constant argument is not supported for synthesis
[WARN (VERI-1796)] /home/users/ngpark/ibex/rtl/ibex_load_store_unit.sv(613): system function call isunknown with non-constant argument is not supported for synthesis
[WARN (VERI-1796)] /home/users/ngpark/ibex/rtl/ibex_load_store_unit.sv(619): system function call isunknown with non-constant argument is not supported for synthesis
[INFO (VERI-1018)] /home/users/ngpark/ibex/rtl/ibex_wb_stage.sv(17): compiling module 'ibex_wb_stage:(WritebackStage=1'b1)'
[INFO (VERI-1018)] /home/users/ngpark/ibex/rtl/ibex_csr.sv(11): compiling module 'ibex_csr:(Width=32'b0110,ResetValue=6'b010000)'
[WARN (VERI-1796)] /home/users/ngpark/ibex/rtl/ibex_csr.sv(55): system function call isunknown with non-constant argument is not supported for synthesis
[INFO (VERI-1018)] /home/users/ngpark/ibex/rtl/ibex_csr.sv(11): compiling module 'ibex_csr:(ResetValue=32'b0)'
[INFO (VERI-1018)] /home/users/ngpark/ibex/rtl/ibex_csr.sv(11): compiling module 'ibex_csr:(Width=32'b010010,ResetValue=18'b0)'
[INFO (VERI-1018)] /home/users/ngpark/ibex/rtl/ibex_csr.sv(11): compiling module 'ibex_csr:(Width=32'b0111,ResetValue=7'b0)'
[INFO (VERI-1018)] /home/users/ngpark/ibex/rtl/ibex_csr.sv(11): compiling module 'ibex_csr:(ResetValue=32'b01)'
[INFO (VERI-1018)] /home/users/ngpark/ibex/rtl/ibex_csr.sv(11): compiling module 'ibex_csr:(Width=32'b0100000,ResetValue=32'b01000000000000000000000000000011)'
[INFO (VERI-1018)] /home/users/ngpark/ibex/rtl/ibex_csr.sv(11): compiling module 'ibex_csr:(Width=32'b011,ResetValue=3'b100)'
[INFO (VERI-1018)] /home/users/ngpark/ibex/rtl/ibex_counter.sv(5): compiling module 'ibex_counter:(CounterWidth=64)'
[INFO (VERI-1018)] /home/users/ngpark/ibex/rtl/ibex_counter.sv(5): compiling module 'ibex_counter:(CounterWidth=64,ProvideValUpd=1'b1)'
[INFO (VERI-1018)] /home/users/ngpark/ibex/rtl/ibex_csr.sv(11): compiling module 'ibex_csr:(Width=32'b01000,ResetValue=8'b0)'
[INFO (VERI-1018)] /home/users/ngpark/ibex/rtl/ibex_cs_registers.sv(12): compiling module 'ibex_cs_registers:(DbgTriggerEn=1'b0,DbgHwBreakNum=32'b01,MHPMCounterNum=32'b0,MHPMCounterWidth=32'b0101000,PMPEnable=1'b0,PMPGranularity=32'b0,PMPNumRegions=32'b0100,PMPRstCfg='{'{1'b0,PMP_MODE_OFF,1'b0,1'b0,1'b0},'{1'b0,PMP_MODE_OFF,1'b0,1'b0,1'b0},'{1'b0,PMP_MODE_OFF,1'b0,1'b0,1'b0},'{1'b0,PMP_MODE_OFF,1'b0,1'b0,1'b0},'{1'b0,PMP_MODE_OFF,1'b0,1'b0,1'b0},'{1'b0,PMP_MODE_OFF,1'b0,1'b0,1'b0},'{1'b0,PMP_MODE_OFF,1'b0,1'b0,1'b0},'{1'b0,PMP_MODE_OFF,1'b0,1'b0,1'b0},'{1'b0,PMP_MODE_OFF,1'b0,1'b0,1'b0},'{1'b0,PMP_MODE_OFF,1'b0,1'b0,1'b0},'{1'b0,PMP_MODE_OFF,1'b0,1'b0,1'b0},'{1'b0,PMP_MODE_OFF,1'b0,1'b0,1'b0},'{1'b0,PMP_MODE_OFF,1'b0,1'b0,1'b0},'{1'b0,PMP_MODE_OFF,1'b0,1'b0,1'b0},'{1'b0,PMP_MODE_OFF,1'b0,1'b0,1'b0},'{1'b0,PMP_MODE_OFF,1'b0,1'b0,1'b0}},PMPRstAddr='{34'b0,34'b0,34'b0,34'b0,34'b0,34'b0,34'b0,34'b0,34'b0,34'b0,34'b0,34'b0,34'b0,34'b0,34'b0,34'b0},PMPRstMsecCfg='{1'b0,1'b0,1'b0},RV32E=1'b0,RV32M=RV32MFast,RV32B=RV32BNone)'
[INFO (VERI-1018)] /home/users/ngpark/ibex/rtl/ibex_core.sv(16): compiling module 'ibex_core:(RV32M=RV32MFast,RV32B=RV32BNone)'
[WARN (VERI-1060)] /home/users/ngpark/ibex/rtl/ibex_core.sv(531): 'initial' construct is ignored
[WARN (VERI-1060)] /home/users/ngpark/ibex/rtl/ibex_core.sv(532): 'initial' construct is ignored
[WARN (VERI-1060)] /home/users/ngpark/ibex/rtl/ibex_core.sv(1945): 'initial' construct is ignored
[WARN (VERI-1796)] /home/users/ngpark/ibex/rtl/ibex_core.sv(1172): system function call isunknown with non-constant argument is not supported for synthesis
[INFO (VERI-1018)] ./synthlc/i_ADDI_out/xEnumCycleCnt/div_fsm_s5_top.sv(12): compiling module 'ibex_fv'
[WARN (VERI-1060)] ./synthlc/i_ADDI_out/xEnumCycleCnt/div_fsm_s5_top.sv(378): 'initial' construct is ignored
[WARN (VDB-1002)] ./synthlc/i_ADDI_out/xEnumCycleCnt/div_fsm_s5_top.sv(81): net 'data_rdata_i[31]' does not have a driver
[WARN (VDB-1002)] ./synthlc/i_ADDI_out/xEnumCycleCnt/div_fsm_s5_top.sv(331): net 'pc0[31]' does not have a driver
[WARN (VDB-1002)] ./synthlc/i_ADDI_out/xEnumCycleCnt/div_fsm_s5_top.sv(335): net 'i0[31]' does not have a driver
WARNING (WNL008): Module "ibex_if_stage" is blackboxed due to analyze/elaborate bbox_m or compilation configuration. All instances will be blackboxed.
INFO (INL208): Elaboration synthesis summary:
  Number of synthesized netlists          24 (1 packages)
  Single run mode                         On
  Pipeline                                On (22 pipelined netlists)
  Late hierarchical reference connection  On
  Number of analyzed Verilog modules      24 (16 synthesized)
  Number of analyzed VHDL entities        0 (0 synthesized)
WARNING (VDB-1002): /home/users/ngpark/ibex/rtl/ibex_if_stage.sv(87): net 'pc_id_o' does not have a driver
WARNING (WNL018): /home/users/ngpark/ibex/rtl/ibex_multdiv_fast.sv(278): multiplication operator mult_17s_17s (size 34) automatically black boxed.
    Use the "elaborate -bbox_mul" command to prevent automatic black-boxing.
INFO (INL003): Clearing all state information (assumes, stopats, and so forth).
INFO (IPM031): Clearing proof results of all properties.
INFO (IRS006): Current reset condition is "rst_ni".
WARNING (WPM025): Property "ibex_fv.EVENTUAL_ISSUE:precondition1", a related cover of "ibex_fv.EVENTUAL_ISSUE", was not copied to the new task.
WARNING (WPM025): Property "ibex_fv.ISSUE_ONCE:precondition1", a related cover of "ibex_fv.ISSUE_ONCE", was not copied to the new task.
WARNING (WPM025): Property "ibex_fv.pc0_i0_assoc:precondition1", a related cover of "ibex_fv.pc0_i0_assoc", was not copied to the new task.
=========CUSTOMTCL=========
cover -name CS_div_fsm_s5_1 {@(posedge clk_i) !div_fsm_s5 ##1 div_fsm_s5 [*1] ##1 !div_fsm_s5 }
Ncustom1: Custom engine code is hT3Ng7hPPfiYQOTDZ3qhYOwGAM51eA+J/FjkM5shLioAsqhgLR4Ft+O1BuKG6ilQ83B9tLXSl+CwjiTMAQA
Bcustom2: Custom engine code is hT3Nm7hPr1Vp3Di1Ra2USNIGL4JypRnLKLAdF6JAyuavO2JfGCiY9OZJhcAcOUnLx5xwNdhILGrAWX9s+z2WDkKwNR7tAfClBEjRFVQeq6DU54boFgEA
AMcustom3: Custom engine code is hT3Ng7hP/feYQOTDZ3qhYOwGAM51eA+J/FjkM5shLioAsqhgLR4Ft+O1BuKG6ilQ83B9tLXSmmqwm7g9AQA
Mpcustom4: Custom engine code is hT3NZbhP9fmY2AbBQnsjfOxn6c+6e6yL+/e8fZFmaQrnlgEA
INFO (IPF036): Starting proof on task: "mytask", 1 properties to prove with 0 already proven/unreachable
INFO (IRS029): Starting reset analysis: phase 1 of 4.
INFO (IRS030): Running reset analysis: phase 2 of 4.
INFO (IRS031): Running reset analysis: phase 3 of 4.
INFO (IRS020): Starting the reset analysis simulation with a limit of 100 iterations (phase 4 of 4).
INFO (IRS024): Reset iterations 0 to 4 analyzed.
INFO (IRS018): Reset analysis simulation executed for 3 iterations. Assigned values for 1832 of 1906 design flops, 0 of 0 design latches, 157 of 222 internal elements.
INFO (IRS039): Reset analysis complete.
INFO (IPF031): Settings used for proof thread 0:
    orchestration                 = on (auto)
    time_limit                    = 600s
    per_property_time_limit       = 1s * 10 ^ scan
    engine_mode                   = auto
    proofgrid_per_engine_max_jobs = 1
    max engine jobs               = auto
    proofgrid_mode                = local
    proofgrid_restarts            = 10
AMcustom5: Custom engine code is hT3N1rhP11/52HrFRS21ROp2LOjVTgPvT8L8BGXHgLhaIuqtT4nARFjUqrBL+7pLmaTOzBepZW/Jm8SSrHDybSQtoNiO3y43wk+dEoWlsZizu97Fih6O6lPVG/LpWP5SsUPwlGagLNa1FKEFvwVXyX7//8prySbvSxIHXr5er+z4RAEA
Ncustom6: Custom engine code is hT3OXrhPByJp3TrFSTLhUmMH4KVtJgmTCnNDF46yMXOKY48m4LS5nE7yBzFjA7kDuwO/GhGUpEPiky3p3wmPn3dJZHxFMsafSoObRzSC+tn7sEY0WbTdZ/FV4hL3MYH/b1CIUvXSWR4wqEoVLsmMOD4xIPT4lI1LO6ZCO7PnnWQuLwetnvKlrXx6wCW/A+x+enqslg1YPobi4wEF/EvbzOvcTYdJvl2s4H2yZg2b2ofAVN5WvhWk1HoBAA
0: Using multistage preprocessing
ADcustom7: Custom engine code is hT3Nv7hPv1752HrFRa2kROx2f/ECJeZB2AZsLdlO8VwmIuqtT4nIDFXclhg+O+o+DMmQCekbheGk0kK28laA9gaOFDXsQp29J3X615HY1IPHJWd6FUFvCHjO+p1k652b5JJvZlShNpGlGSXAiQe/mEAj6tEBAA
0: Starting reduce
Tricustom8: Custom engine code is hT3Nu7hPt1752DvFRa0kNDiyIV97VyejwM9C/jCLJjdPvusZONHY42VYUy0Q1ZotnhcVtNc56tJ5wbxv6V2+XpdsaSlHck5vfnbYjdwj1OECy9U+7oSQ0SZE3g5ayD+Phuh4odCJTjeKa2k4elM9ldQfkAEA
Gcustom9: Custom engine code is hT3NibhPDfeYQADBZnYcglOvK9Pfd7EOeniIqP8jNsyIqInncipMGcUXqAadachREE9F2PwhBUZUNw5kHnd4JdXkamORRgEA
C2custom10: Custom engine code is hT3NirhPjfWYQADBZnYcglOvK9Pfd7EOeniIqP8jNsyIqInncgkrYMMXCYbdK0dUjZIF9d4cJ0rHoBDjwVLBKuG86XYVV00BAA
AGcustom11: Custom engine code is hT3NirhP/fmYQADBZnYcglOvK9Pfd7EOeniIqP8jNsyIqInnckcwYMMXCYbdK0dUjZIF9d4cJ0rHoBDjwVLBKuHEZnZByh0BAA
Bcustom12: Custom engine code is hT3NjrhPDfiYQADBZnYcglOvK9PfWxFtenjIyBqfrgr7if/jL/yPOuK1BAflEcW0DxNH2eDIoezN2gxlQFg81RZtiWXh7aiTAidvAQA
Ncustom13: Custom engine code is hT3NR7hPByFp3TrFSTLhUmMH4KWtJglTyV/c51BHEeZWamnJv767nE6PCak26bd3gf3XGN3rIRheufhDieCJQVISo+gNYUKhiUedBKGtsP/a18svAnlMJZudHxDFwK5ufsyoxsIyiAeSY2oi3tEuoDHr5gw42DFKAG3PqO3CEsl8Azzdt3pl5nGA1Ifv2H02eYsFzWb/nfp8PMb3F0krE/EgBcm8TD9Div8BAA
Tricustom14: Custom engine code is hT3Nu7hP3fiYQADBZnYcglNHp9bfd7EOeniIqP/ji8sGLQu8yhsFO+wxJ+O+R0bU8g/IewXFomyos+viQnWc2xYNYmMqpo3i40O7DaZR7qfp4YqNx26KRvQ/qx0BAA
0: Finished reduce in 0.043s
0.0.PRE: Performing Proof Simplification...
0.0.N: clocks: 1, declared: 1, looping: 0, posedge: 1, negedge: 0, noedge: 0, bothedge: 0
0.0.N: Proof Simplification Iteration 1	[0.00 s]
0.0.N: Proof Simplification Iteration 2	[0.04 s]
0.0.N: Proof Simplification Iteration 3	[0.06 s]
0.0.N: Proof Simplification Iteration 4	[0.07 s]
0.0.N: Proof Simplification Iteration 5	[0.09 s]
0.0.N: Proof Simplification Iteration 6	[0.11 s]
0.0.N: Proof Simplification Iteration 7	[0.13 s]
0.0.N: Proof Simplification Iteration 8	[0.15 s]
0.0.N: Proof Simplification Iteration 9	[0.17 s]
0.0.N: Proof Simplification Iteration 10	[0.18 s]
0.0.PRE: Proof Simplification completed in 0.23 s
0: About to start ProofGrid in its own thread with a limit of 10000 pending notifications and a limit of 10 traces.
0: =============================== ProofGrid start ===============================
0: ProofGrid usable level: 1
0: Initial ProofGrid level: 1
0: ProofGrid is starting event handling
0.0.Hp: caddy15.stanford.edu: "Rocky Linux 8.10 (Green Obsidian)" is an unsupported operating system.
0.0.N: caddy15.stanford.edu: "Rocky Linux 8.10 (Green Obsidian)" is an unsupported operating system.
0.0.Ht: caddy15.stanford.edu: "Rocky Linux 8.10 (Green Obsidian)" is an unsupported operating system.
0.0.N: Proofgrid shell started at 4086273@caddy15.stanford.edu(local) jg_4086220_caddy15.stanford.edu_1
0.0.Hp: Proofgrid shell started at 4086274@caddy15.stanford.edu(local) jg_4086220_caddy15.stanford.edu_1
0.0.Mpcustom4: caddy15.stanford.edu: "Rocky Linux 8.10 (Green Obsidian)" is an unsupported operating system.
0.0.N: clocks: 1, declared: 1, looping: 0, posedge: 1, negedge: 0, noedge: 0, bothedge: 0
0.0.N: Last scan. Per property time limit: 0s
0.0.N: Starting proof for property "CS_div_fsm_s5_1"	[0.00 s].
0.0.Hp: clocks: 1, declared: 1, looping: 0, posedge: 1, negedge: 0, noedge: 0, bothedge: 0
0.0.N: Trace Attempt  1	[0.01 s]
0.0.Ht: Proofgrid shell started at 4086296@caddy15.stanford.edu(local) jg_4086220_caddy15.stanford.edu_1
0.0.N: Trace Attempt  2	[0.01 s]
0.0.N: Trace Attempt  3	[0.01 s]
0.0.Ht: clocks: 1, declared: 1, looping: 0, posedge: 1, negedge: 0, noedge: 0, bothedge: 0
0.0.AM: caddy15.stanford.edu: "Rocky Linux 8.10 (Green Obsidian)" is an unsupported operating system.
0.0.B: caddy15.stanford.edu: "Rocky Linux 8.10 (Green Obsidian)" is an unsupported operating system.
0.0.N: Trace Attempt  3	[0.04 s]
0.0.Oh: caddy15.stanford.edu: "Rocky Linux 8.10 (Green Obsidian)" is an unsupported operating system.
0.0.Ht: Trace Attempt  1	[0.04 s]
0.0.Ht: Trace Attempt  2	[0.04 s]
0.0.Ht: Trace Attempt  3	[0.04 s]
0.0.N: Trace Attempt  4	[0.06 s]
0.0.N: Trace Attempt  5	[0.06 s]
0.0.Ht: Trace Attempt  4	[0.04 s]
0.0.Ht: Trace Attempt  5	[0.05 s]
0.0.Mpcustom4: Proofgrid shell started at 4086315@caddy15.stanford.edu(local) jg_4086220_caddy15.stanford.edu_1
0.0.Mpcustom4: clocks: 1, declared: 1, looping: 0, posedge: 1, negedge: 0, noedge: 0, bothedge: 0
0.0.Oh: Proofgrid shell started at 4086319@caddy15.stanford.edu(local) jg_4086220_caddy15.stanford.edu_1
0.0.Oh: clocks: 1, declared: 1, looping: 0, posedge: 1, negedge: 0, noedge: 0, bothedge: 0
0.0.Mpcustom4: Trace Attempt  1	[0.07 s]
0.0.Mpcustom4: Trace Attempt  2	[0.09 s]
0.0.B: Proofgrid shell started at 4086326@caddy15.stanford.edu(local) jg_4086220_caddy15.stanford.edu_1
0.0.AM: Proofgrid shell started at 4086331@caddy15.stanford.edu(local) jg_4086220_caddy15.stanford.edu_1
0.0.B: clocks: 1, declared: 1, looping: 0, posedge: 1, negedge: 0, noedge: 0, bothedge: 0
0.0.AM: clocks: 1, declared: 1, looping: 0, posedge: 1, negedge: 0, noedge: 0, bothedge: 0
0.0.B: Last scan. Per property time limit: 0s
0.0.B: Starting proof for property "CS_div_fsm_s5_1"	[0.00 s].
0.0.AM: Last scan. Per property time limit: 0s
0.0.AM: Starting proof for property "CS_div_fsm_s5_1"	[0.00 s].
0.0.AM: Trace Attempt  1	[0.00 s]
0.0.AM: Trace Attempt  2	[0.01 s]
0.0.B: Trace Attempt  1	[0.03 s]
0.0.B: Trace Attempt  2	[0.04 s]
0.0.B: Trace Attempt  3	[0.06 s]
0.0.B: Trace Attempt  4	[0.07 s]
0.0.AM: Trace Attempt  3	[0.05 s]
0.0.B: Trace Attempt  5	[0.11 s]
0.0.AM: Trace Attempt  4	[0.11 s]
0.0.Oh: bwd trail(1): 1 0.127648s
0.0.Oh: All properties either determined or skipped. [0.30 s]
0.0.AM: Trace Attempt  5	[0.16 s]
0.0.Oh: Exited with Success (@ 0.52 s)
0.0.Mpcustom4: Trace Attempt  3	[0.66 s]
0.0.N: Trace Attempt  1	[0.81 s]
0.0.N: Trace Attempt  2	[0.81 s]
0.0.N: Trace Attempt  3	[0.81 s]
0.0.N: Trace Attempt  5	[0.81 s]
0.0.Mpcustom4: Trace Attempt  3	[0.70 s]
0.0.Mpcustom4: Trace Attempt  4	[0.72 s]
0.0.Mpcustom4: Trace Attempt  4	[0.80 s]
0.0.Mpcustom4: Trace Attempt  5	[0.83 s]
0.0.Mpcustom4: Trace Attempt  5	[0.92 s]
0.0.Mpcustom4: Trace Attempt  5	[1.00 s]
0.0.AM: Trace Attempt  1	[0.79 s]
0.0.AM: Trace Attempt  2	[0.81 s]
0.0.AM: Trace Attempt  3	[0.82 s]
0.0.AM: Trace Attempt  5	[0.83 s]
0.0.N: Trace Attempt  1	[1.71 s]
0.0.N: Trace Attempt  2	[1.73 s]
0.0.N: Trace Attempt  3	[1.74 s]
0.0.N: Trace Attempt  5	[1.75 s]
0.0.Mpcustom4: Trace Attempt 22	[5.78 s]
0.0.AM: Trace Attempt 33	[9.70 s]
0.0.Mpcustom4: Trace Attempt 27	[10.05 s]
0.0.B: Trace Attempt 42	[10.77 s]
0.0.N: Requesting engine job to stop
0.0.B: Requesting engine job to stop
0.0.AM: Requesting engine job to stop
0.0.Hp: Requesting engine job to terminate
0.0.Ht: Requesting engine job to terminate
0.0.Mpcustom4: Requesting engine job to terminate
INFO (IPF144): 0: Initiating shutdown of proof [11.79 s]
0.0.B: A trace with 42 cycles was found. [11.42 s]
INFO (IPF047): 0.0.B: The cover property "CS_div_fsm_s5_1" was covered in 42 cycles in 11.60 s.
0.0.B: Stopped processing property "CS_div_fsm_s5_1"	[11.60 s].
0.0.B: All properties determined. [11.44 s]
0.0.B: Exited with Success (@ 11.81 s)
0: ProofGrid usable level: 0
0.0.N: Trace Attempt 40	[4.06 s]
0.0.N: Stopped processing property "CS_div_fsm_s5_1"	[11.92 s].
0.0.N: All properties determined. [11.80 s]
0.0.N: Exited with Success (@ 11.84 s)
0.0.AM: Trace Attempt 40	[10.50 s]
0.0.AM: Stopped processing property "CS_div_fsm_s5_1"	[11.59 s].
0.0.AM: All properties determined. [11.55 s]
0.0.AM: Exited with Success (@ 11.92 s)
0.0.Hp: Interrupted (multi)
0.0.Hp: All properties determined. [11.94 s]
0.0.Mpcustom4: Trace Attempt 32	[11.67 s]
0.0.Mpcustom4: All properties determined. [11.85 s]
0.0.Mpcustom4: Exited with Success (@ 12.03 s)
0.0.Hp: Exited with Success (@ 12.24 s)
0.0.Ht: Interrupted (multi)
0.0.Ht: Trace Attempt 32	[3.24 s]
0.0.Ht: All properties determined. [12.18 s]
0.0.Ht: Exited with Success (@ 12.46 s)
0: --------------------------------------------------------------
ProofGrid Summary (utilization 98.36 %)
--------------------------------------------------------------
     engines started                               :     7
     engine jobs started                           :     7

    Average time in state (seconds)
    ------------------------------------------------------
    Engine  Pending     Running        Dead    Utilization
    ------------------------------------------------------
      N        0.10       11.77        0.00       99.19 %
     Hp        0.09       11.76        0.00       99.22 %
     Ht        0.09       11.73        0.00       99.23 %
    Mpcustom4        0.16       11.64        0.00       98.63 %
     Oh        0.20        0.30        0.00       59.64 %
      B        0.25       11.47        0.00       97.84 %
     AM        0.27       11.46        0.00       97.66 %
    all        0.17       10.02        0.00       98.36 %

    Total time in state (seconds)
    -----------------------------------------
            Pending     Running        Dead  
    -----------------------------------------
               1.17       70.11        0.00

    Data read    : 120.96 kiB
    Data written : 8.10 kiB

0: All pending notifications were processed.
INFO (IPF059): 0: Completed proof on task: "mytask"
cover -name CS_div_fsm_s5_2 {@(posedge clk_i) !div_fsm_s5 ##1 div_fsm_s5 [*2] ##1 !div_fsm_s5 }
INFO (IPF036): Starting proof on task: "mytask", 1 properties to prove with 0 already proven/unreachable
INFO (IPF031): Settings used for proof thread 1:
    orchestration                 = on (auto)
    time_limit                    = 600s
    per_property_time_limit       = 1s * 10 ^ scan
    engine_mode                   = auto
    proofgrid_per_engine_max_jobs = 1
    max engine jobs               = auto
    proofgrid_mode                = local
    proofgrid_restarts            = 10
1: Using multistage preprocessing
1: Starting reduce
1: Finished reduce in 0.04s
1.0.PRE: Performing Proof Simplification...
1.0.N: clocks: 1, declared: 1, looping: 0, posedge: 1, negedge: 0, noedge: 0, bothedge: 0
1.0.N: Proof Simplification Iteration 1	[0.00 s]
1.0.N: Proof Simplification Iteration 2	[0.04 s]
1.0.N: Proof Simplification Iteration 3	[0.06 s]
1.0.N: Proof Simplification Iteration 4	[0.07 s]
1.0.N: Proof Simplification Iteration 5	[0.09 s]
1.0.N: Proof Simplification Iteration 6	[0.11 s]
1.0.N: Proof Simplification Iteration 7	[0.13 s]
1.0.N: Proof Simplification Iteration 8	[0.15 s]
1.0.N: Proof Simplification Iteration 9	[0.17 s]
1.0.N: Proof Simplification Iteration 10	[0.18 s]
1.0.PRE: Proof Simplification completed in 0.23 s
1: About to start ProofGrid in its own thread with a limit of 10000 pending notifications and a limit of 10 traces.
1: =============================== ProofGrid start ===============================
1: ProofGrid usable level: 1
1: Initial ProofGrid level: 1
1: ProofGrid is starting event handling
1.0.Hp: caddy15.stanford.edu: "Rocky Linux 8.10 (Green Obsidian)" is an unsupported operating system.
1.0.N: caddy15.stanford.edu: "Rocky Linux 8.10 (Green Obsidian)" is an unsupported operating system.
1.0.Ht: caddy15.stanford.edu: "Rocky Linux 8.10 (Green Obsidian)" is an unsupported operating system.
1.0.Hp: Proofgrid shell started at 4086500@caddy15.stanford.edu(local) jg_4086220_caddy15.stanford.edu_2
1.0.N: Proofgrid shell started at 4086499@caddy15.stanford.edu(local) jg_4086220_caddy15.stanford.edu_2
1.0.Hp: clocks: 1, declared: 1, looping: 0, posedge: 1, negedge: 0, noedge: 0, bothedge: 0
1.0.Ht: Proofgrid shell started at 4086522@caddy15.stanford.edu(local) jg_4086220_caddy15.stanford.edu_2
1.0.Mpcustom4: caddy15.stanford.edu: "Rocky Linux 8.10 (Green Obsidian)" is an unsupported operating system.
1.0.N: clocks: 1, declared: 1, looping: 0, posedge: 1, negedge: 0, noedge: 0, bothedge: 0
1.0.N: Last scan. Per property time limit: 0s
1.0.N: Starting proof for property "CS_div_fsm_s5_2"	[0.00 s].
1.0.N: Trace Attempt  1	[0.00 s]
1.0.N: Trace Attempt  2	[0.01 s]
1.0.N: Trace Attempt  3	[0.01 s]
1.0.B: caddy15.stanford.edu: "Rocky Linux 8.10 (Green Obsidian)" is an unsupported operating system.
1.0.AM: caddy15.stanford.edu: "Rocky Linux 8.10 (Green Obsidian)" is an unsupported operating system.
1.0.Ht: clocks: 1, declared: 1, looping: 0, posedge: 1, negedge: 0, noedge: 0, bothedge: 0
1.0.Oh: caddy15.stanford.edu: "Rocky Linux 8.10 (Green Obsidian)" is an unsupported operating system.
1.0.N: Trace Attempt  3	[0.04 s]
1.0.Ht: Trace Attempt  1	[0.04 s]
1.0.Ht: Trace Attempt  2	[0.04 s]
1.0.N: Trace Attempt  4	[0.06 s]
1.0.N: Trace Attempt  5	[0.06 s]
1.0.Ht: Trace Attempt  3	[0.04 s]
1.0.Ht: Trace Attempt  4	[0.05 s]
1.0.Ht: Trace Attempt  5	[0.06 s]
1.0.N: Trace Attempt  5	[0.15 s]
1.0.AM: Proofgrid shell started at 4086552@caddy15.stanford.edu(local) jg_4086220_caddy15.stanford.edu_2
1.0.B: Proofgrid shell started at 4086551@caddy15.stanford.edu(local) jg_4086220_caddy15.stanford.edu_2
1.0.Mpcustom4: Proofgrid shell started at 4086541@caddy15.stanford.edu(local) jg_4086220_caddy15.stanford.edu_2
1.0.AM: clocks: 1, declared: 1, looping: 0, posedge: 1, negedge: 0, noedge: 0, bothedge: 0
1.0.Oh: Proofgrid shell started at 4086550@caddy15.stanford.edu(local) jg_4086220_caddy15.stanford.edu_2
1.0.AM: Last scan. Per property time limit: 0s
1.0.AM: Starting proof for property "CS_div_fsm_s5_2"	[0.00 s].
1.0.AM: Trace Attempt  1	[0.01 s]
1.0.AM: Trace Attempt  2	[0.01 s]
1.0.Mpcustom4: clocks: 1, declared: 1, looping: 0, posedge: 1, negedge: 0, noedge: 0, bothedge: 0
1.0.Oh: clocks: 1, declared: 1, looping: 0, posedge: 1, negedge: 0, noedge: 0, bothedge: 0
1.0.B: clocks: 1, declared: 1, looping: 0, posedge: 1, negedge: 0, noedge: 0, bothedge: 0
1.0.B: Last scan. Per property time limit: 0s
1.0.B: Starting proof for property "CS_div_fsm_s5_2"	[0.00 s].
1.0.B: Trace Attempt  1	[0.01 s]
1.0.AM: Trace Attempt  3	[0.05 s]
1.0.B: Trace Attempt  2	[0.02 s]
1.0.B: Trace Attempt  3	[0.05 s]
1.0.Mpcustom4: Trace Attempt  1	[0.09 s]
1.0.AM: Trace Attempt  4	[0.10 s]
1.0.B: Trace Attempt  4	[0.07 s]
1.0.Mpcustom4: Trace Attempt  2	[0.11 s]
1.0.AM: Trace Attempt  5	[0.13 s]
1.0.Oh: bwd trail(1): 1 0.109116s
1.0.Oh: All properties either determined or skipped. [0.15 s]
1.0.Oh: Exited with Success (@ 0.44 s)
1.0.Oh: Completed, Restart ignored.
1.0.B: Trace Attempt  5	[0.15 s]
1.0.AM: Trace Attempt  1	[0.56 s]
1.0.AM: Trace Attempt  2	[0.59 s]
1.0.AM: Trace Attempt  3	[0.59 s]
1.0.AM: Trace Attempt  5	[0.60 s]
1.0.Mpcustom4: Trace Attempt  3	[0.71 s]
1.0.Mpcustom4: Trace Attempt  3	[0.76 s]
1.0.Mpcustom4: Trace Attempt  4	[0.78 s]
1.0.Mpcustom4: Trace Attempt  4	[0.84 s]
1.0.Mpcustom4: Trace Attempt  5	[0.87 s]
1.0.N: Trace Attempt  1	[2.66 s]
1.0.N: Trace Attempt  2	[2.69 s]
1.0.N: Trace Attempt  3	[2.70 s]
1.0.N: Trace Attempt  5	[2.71 s]
1.0.B: Trace Attempt 30	[4.24 s]
1.0.Mpcustom4: Trace Attempt 21	[5.03 s]
1.0.Mpcustom4: Trace Attempt 26	[9.54 s]
1.0.AM: Trace Attempt 34	[9.61 s]
1.0.B: Trace Attempt 43	[11.20 s]
1.0.N: Requesting engine job to stop
1.0.B: Requesting engine job to stop
1.0.AM: Requesting engine job to stop
1.0.Hp: Requesting engine job to terminate
1.0.Ht: Requesting engine job to terminate
1.0.Mpcustom4: Requesting engine job to terminate
INFO (IPF144): 1: Initiating shutdown of proof [11.92 s]
1.0.B: A trace with 43 cycles was found. [11.61 s]
INFO (IPF047): 1.0.B: The cover property "CS_div_fsm_s5_2" was covered in 43 cycles in 11.64 s.
1.0.B: Stopped processing property "CS_div_fsm_s5_2"	[11.68 s].
1.0.B: All properties determined. [11.63 s]
1.0.B: Exited with Success (@ 11.93 s)
1: ProofGrid usable level: 0
1.0.N: Trace Attempt 41	[4.73 s]
1.0.N: Stopped processing property "CS_div_fsm_s5_2"	[11.99 s].
1.0.N: All properties determined. [11.98 s]
1.0.N: Exited with Success (@ 12.16 s)
1.0.Mpcustom4: Trace Attempt 33	[11.54 s]
1.0.Mpcustom4: All properties determined. [11.89 s]
1.0.Mpcustom4: Exited with Success (@ 12.18 s)
1.0.Hp: Interrupted (multi)
1.0.Hp: All properties determined. [12.22 s]
1.0.Ht: Interrupted (multi)
1.0.Ht: Trace Attempt 33	[1.98 s]
1.0.Ht: All properties determined. [12.40 s]
1.0.Hp: Exited with Success (@ 12.67 s)
1.0.Ht: Exited with Success (@ 12.67 s)
1.0.AM: Trace Attempt 41	[10.52 s]
1.0.AM: Stopped processing property "CS_div_fsm_s5_2"	[12.57 s].
1.0.AM: All properties determined. [12.58 s]
1.0.AM: Exited with Success (@ 12.85 s)
1: --------------------------------------------------------------
ProofGrid Summary (utilization 98.32 %)
--------------------------------------------------------------
     engines started                               :     7
     engine jobs started                           :     7

    Average time in state (seconds)
    ------------------------------------------------------
    Engine  Pending     Running        Dead    Utilization
    ------------------------------------------------------
      N        0.11       11.91        0.00       99.11 %
     Hp        0.08       11.91        0.00       99.30 %
     Ht        0.08       11.88        0.00       99.34 %
    Mpcustom4        0.27       11.66        0.00       97.77 %
     Oh        0.25        0.16        0.00       39.03 %
      B        0.22       11.65        0.00       98.16 %
     AM        0.21       11.69        0.00       98.24 %
    all        0.17       10.12        0.00       98.32 %

    Total time in state (seconds)
    -----------------------------------------
            Pending     Running        Dead  
    -----------------------------------------
               1.21       70.87        0.00

    Data read    : 121.62 kiB
    Data written : 8.17 kiB

1: All pending notifications were processed.
INFO (IPF059): 1: Completed proof on task: "mytask"
cover -name CS_div_fsm_s5_3 {@(posedge clk_i) !div_fsm_s5 ##1 div_fsm_s5 [*3] ##1 !div_fsm_s5 }
INFO (IPF036): Starting proof on task: "mytask", 1 properties to prove with 0 already proven/unreachable
INFO (IPF031): Settings used for proof thread 2:
    orchestration                 = on (auto)
    time_limit                    = 600s
    per_property_time_limit       = 1s * 10 ^ scan
    engine_mode                   = auto
    proofgrid_per_engine_max_jobs = 1
    max engine jobs               = auto
    proofgrid_mode                = local
    proofgrid_restarts            = 10
2: Using multistage preprocessing
2: Starting reduce
2: Finished reduce in 0.04s
2.0.PRE: Performing Proof Simplification...
2.0.N: clocks: 1, declared: 1, looping: 0, posedge: 1, negedge: 0, noedge: 0, bothedge: 0
2.0.N: Proof Simplification Iteration 1	[0.00 s]
2.0.N: Proof Simplification Iteration 2	[0.04 s]
2.0.N: Proof Simplification Iteration 3	[0.06 s]
2.0.N: Proof Simplification Iteration 4	[0.07 s]
2.0.N: Proof Simplification Iteration 5	[0.09 s]
2.0.N: Proof Simplification Iteration 6	[0.11 s]
2.0.N: Proof Simplification Iteration 7	[0.13 s]
2.0.N: Proof Simplification Iteration 8	[0.15 s]
2.0.N: Proof Simplification Iteration 9	[0.17 s]
2.0.N: Proof Simplification Iteration 10	[0.18 s]
2.0.PRE: Proof Simplification completed in 0.23 s
2: About to start ProofGrid in its own thread with a limit of 10000 pending notifications and a limit of 10 traces.
2: =============================== ProofGrid start ===============================
2: ProofGrid usable level: 1
2: Initial ProofGrid level: 1
2: ProofGrid is starting event handling
2.0.N: caddy15.stanford.edu: "Rocky Linux 8.10 (Green Obsidian)" is an unsupported operating system.
2.0.Hp: caddy15.stanford.edu: "Rocky Linux 8.10 (Green Obsidian)" is an unsupported operating system.
2.0.Ht: caddy15.stanford.edu: "Rocky Linux 8.10 (Green Obsidian)" is an unsupported operating system.
2.0.Oh: caddy15.stanford.edu: "Rocky Linux 8.10 (Green Obsidian)" is an unsupported operating system.
2.0.N: Proofgrid shell started at 4086725@caddy15.stanford.edu(local) jg_4086220_caddy15.stanford.edu_3
2.0.Hp: Proofgrid shell started at 4086726@caddy15.stanford.edu(local) jg_4086220_caddy15.stanford.edu_3
2.0.N: clocks: 1, declared: 1, looping: 0, posedge: 1, negedge: 0, noedge: 0, bothedge: 0
2.0.Mpcustom4: caddy15.stanford.edu: "Rocky Linux 8.10 (Green Obsidian)" is an unsupported operating system.
2.0.N: Last scan. Per property time limit: 0s
2.0.N: Starting proof for property "CS_div_fsm_s5_3"	[0.00 s].
2.0.Hp: clocks: 1, declared: 1, looping: 0, posedge: 1, negedge: 0, noedge: 0, bothedge: 0
2.0.Ht: Proofgrid shell started at 4086747@caddy15.stanford.edu(local) jg_4086220_caddy15.stanford.edu_3
2.0.N: Trace Attempt  1	[0.00 s]
2.0.N: Trace Attempt  2	[0.01 s]
2.0.N: Trace Attempt  3	[0.01 s]
2.0.Oh: Proofgrid shell started at 4086771@caddy15.stanford.edu(local) jg_4086220_caddy15.stanford.edu_3
2.0.Ht: clocks: 1, declared: 1, looping: 0, posedge: 1, negedge: 0, noedge: 0, bothedge: 0
2.0.N: Trace Attempt  3	[0.04 s]
2.0.Oh: clocks: 1, declared: 1, looping: 0, posedge: 1, negedge: 0, noedge: 0, bothedge: 0
2.0.B: caddy15.stanford.edu: "Rocky Linux 8.10 (Green Obsidian)" is an unsupported operating system.
2.0.AM: caddy15.stanford.edu: "Rocky Linux 8.10 (Green Obsidian)" is an unsupported operating system.
2.0.Ht: Trace Attempt  1	[0.04 s]
2.0.Ht: Trace Attempt  2	[0.05 s]
2.0.Ht: Trace Attempt  3	[0.05 s]
2.0.N: Trace Attempt  4	[0.06 s]
2.0.N: Trace Attempt  5	[0.06 s]
2.0.Ht: Trace Attempt  4	[0.06 s]
2.0.Ht: Trace Attempt  5	[0.06 s]
2.0.Mpcustom4: Proofgrid shell started at 4086753@caddy15.stanford.edu(local) jg_4086220_caddy15.stanford.edu_3
2.0.N: Trace Attempt  5	[0.12 s]
2.0.Mpcustom4: clocks: 1, declared: 1, looping: 0, posedge: 1, negedge: 0, noedge: 0, bothedge: 0
2.0.AM: Proofgrid shell started at 4086795@caddy15.stanford.edu(local) jg_4086220_caddy15.stanford.edu_3
2.0.Mpcustom4: Trace Attempt  1	[0.05 s]
2.0.B: Proofgrid shell started at 4086787@caddy15.stanford.edu(local) jg_4086220_caddy15.stanford.edu_3
2.0.Mpcustom4: Trace Attempt  2	[0.07 s]
2.0.AM: clocks: 1, declared: 1, looping: 0, posedge: 1, negedge: 0, noedge: 0, bothedge: 0
2.0.B: clocks: 1, declared: 1, looping: 0, posedge: 1, negedge: 0, noedge: 0, bothedge: 0
2.0.B: Last scan. Per property time limit: 0s
2.0.B: Starting proof for property "CS_div_fsm_s5_3"	[0.00 s].
2.0.AM: Last scan. Per property time limit: 0s
2.0.AM: Starting proof for property "CS_div_fsm_s5_3"	[0.00 s].
2.0.AM: Trace Attempt  1	[0.00 s]
2.0.AM: Trace Attempt  2	[0.01 s]
2.0.B: Trace Attempt  1	[0.02 s]
2.0.B: Trace Attempt  2	[0.03 s]
2.0.Oh: bwd trail(1): 1 0.118677s
2.0.B: Trace Attempt  3	[0.05 s]
2.0.AM: Trace Attempt  3	[0.04 s]
2.0.Oh: All properties either determined or skipped. [0.26 s]
2.0.Oh: Exited with Success (@ 0.34 s)
2.0.Oh: Completed, Restart ignored.
2.0.B: Trace Attempt  4	[0.07 s]
2.0.AM: Trace Attempt  4	[0.09 s]
2.0.AM: Trace Attempt  5	[0.13 s]
2.0.B: Trace Attempt  5	[0.14 s]
2.0.Mpcustom4: Trace Attempt  3	[0.69 s]
2.0.Mpcustom4: Trace Attempt  3	[0.74 s]
2.0.Mpcustom4: Trace Attempt  4	[0.77 s]
2.0.Mpcustom4: Trace Attempt  4	[0.84 s]
2.0.Mpcustom4: Trace Attempt  5	[0.87 s]
2.0.AM: Trace Attempt  1	[0.77 s]
2.0.AM: Trace Attempt  2	[0.80 s]
2.0.AM: Trace Attempt  3	[0.81 s]
2.0.AM: Trace Attempt  5	[0.82 s]
2.0.N: Trace Attempt  1	[1.21 s]
2.0.N: Trace Attempt  2	[1.24 s]
2.0.N: Trace Attempt  3	[1.25 s]
2.0.N: Trace Attempt  5	[1.26 s]
2.0.Mpcustom4: Trace Attempt 21	[5.30 s]
2.0.Mpcustom4: Trace Attempt 28	[10.11 s]
2.0.AM: Trace Attempt 35	[12.03 s]
2.0.B: Trace Attempt 44	[15.01 s]
2.0.Mpcustom4: Trace Attempt 34	[15.51 s]
2.0.AM: Trace Attempt 43	[16.10 s]
2.0.N: Requesting engine job to stop
2.0.B: Requesting engine job to stop
2.0.AM: Requesting engine job to stop
2.0.Hp: Requesting engine job to terminate
2.0.Ht: Requesting engine job to terminate
2.0.Mpcustom4: Requesting engine job to terminate
INFO (IPF144): 2: Initiating shutdown of proof [18.32 s]
2.0.B: A trace with 44 cycles was found. [18.04 s]
INFO (IPF047): 2.0.B: The cover property "CS_div_fsm_s5_3" was covered in 44 cycles in 18.07 s.
2.0.B: Stopped processing property "CS_div_fsm_s5_3"	[18.10 s].
2.0.B: All properties determined. [18.06 s]
2.0.B: Exited with Success (@ 18.34 s)
2: ProofGrid usable level: 0
2.0.N: Trace Attempt 42	[4.01 s]
2.0.N: Stopped processing property "CS_div_fsm_s5_3"	[18.34 s].
2.0.N: All properties determined. [18.35 s]
2.0.N: Exited with Success (@ 18.39 s)
2.0.Mpcustom4: Trace Attempt 39	[17.40 s]
2.0.Mpcustom4: All properties determined. [18.46 s]
2.0.Mpcustom4: Exited with Success (@ 18.65 s)
2.0.Hp: Interrupted (multi)
2.0.Hp: All properties determined. [18.80 s]
2.0.Ht: Interrupted (multi)
2.0.Ht: Trace Attempt 39	[3.79 s]
2.0.Ht: All properties determined. [18.86 s]
2.0.Hp: Exited with Success (@ 19.18 s)
2.0.AM: Trace Attempt 44	[16.49 s]
2.0.AM: Stopped processing property "CS_div_fsm_s5_3"	[19.30 s].
2.0.Ht: Exited with Success (@ 19.59 s)
2.0.AM: All properties determined. [19.32 s]
2.0.AM: Exited with Success (@ 19.61 s)
2: --------------------------------------------------------------
ProofGrid Summary (utilization 99.10 %)
--------------------------------------------------------------
     engines started                               :     7
     engine jobs started                           :     7

    Average time in state (seconds)
    ------------------------------------------------------
    Engine  Pending     Running        Dead    Utilization
    ------------------------------------------------------
      N        0.10       18.31        0.00       99.44 %
     Hp        0.09       18.31        0.00       99.53 %
     Ht        0.09       18.29        0.00       99.54 %
    Mpcustom4        0.20       18.17        0.00       98.91 %
     Oh        0.09        0.27        0.00       75.85 %
      B        0.23       18.08        0.00       98.74 %
     AM        0.20       18.09        0.00       98.92 %
    all        0.14       15.64        0.00       99.10 %

    Total time in state (seconds)
    -----------------------------------------
            Pending     Running        Dead  
    -----------------------------------------
               0.99      109.51        0.00

    Data read    : 128.05 kiB
    Data written : 9.23 kiB

2: All pending notifications were processed.
INFO (IPF059): 2: Completed proof on task: "mytask"
cover -name CS_div_fsm_s5_4 {@(posedge clk_i) !div_fsm_s5 ##1 div_fsm_s5 [*4] ##1 !div_fsm_s5 }
INFO (IPF036): Starting proof on task: "mytask", 1 properties to prove with 0 already proven/unreachable
INFO (IPF031): Settings used for proof thread 3:
    orchestration                 = on (auto)
    time_limit                    = 600s
    per_property_time_limit       = 1s * 10 ^ scan
    engine_mode                   = auto
    proofgrid_per_engine_max_jobs = 1
    max engine jobs               = auto
    proofgrid_mode                = local
    proofgrid_restarts            = 10
3: Using multistage preprocessing
3: Starting reduce
3: Finished reduce in 0.04s
3.0.PRE: Performing Proof Simplification...
3.0.N: clocks: 1, declared: 1, looping: 0, posedge: 1, negedge: 0, noedge: 0, bothedge: 0
3.0.N: Proof Simplification Iteration 1	[0.00 s]
3.0.N: Proof Simplification Iteration 2	[0.04 s]
3.0.N: Proof Simplification Iteration 3	[0.06 s]
3.0.N: Proof Simplification Iteration 4	[0.07 s]
3.0.N: Proof Simplification Iteration 5	[0.09 s]
3.0.N: Proof Simplification Iteration 6	[0.11 s]
3.0.N: Proof Simplification Iteration 7	[0.13 s]
3.0.N: Proof Simplification Iteration 8	[0.14 s]
3.0.N: Proof Simplification Iteration 9	[0.16 s]
3.0.N: Proof Simplification Iteration 10	[0.18 s]
3.0.PRE: Proof Simplification completed in 0.23 s
3: About to start ProofGrid in its own thread with a limit of 10000 pending notifications and a limit of 10 traces.
3: =============================== ProofGrid start ===============================
3: ProofGrid usable level: 1
3: Initial ProofGrid level: 1
3: ProofGrid is starting event handling
3.0.N: caddy15.stanford.edu: "Rocky Linux 8.10 (Green Obsidian)" is an unsupported operating system.
3.0.Hp: caddy15.stanford.edu: "Rocky Linux 8.10 (Green Obsidian)" is an unsupported operating system.
3.0.Ht: caddy15.stanford.edu: "Rocky Linux 8.10 (Green Obsidian)" is an unsupported operating system.
3.0.Hp: Proofgrid shell started at 4086956@caddy15.stanford.edu(local) jg_4086220_caddy15.stanford.edu_4
3.0.N: Proofgrid shell started at 4086955@caddy15.stanford.edu(local) jg_4086220_caddy15.stanford.edu_4
3.0.Mpcustom4: caddy15.stanford.edu: "Rocky Linux 8.10 (Green Obsidian)" is an unsupported operating system.
3.0.Hp: clocks: 1, declared: 1, looping: 0, posedge: 1, negedge: 0, noedge: 0, bothedge: 0
3.0.N: clocks: 1, declared: 1, looping: 0, posedge: 1, negedge: 0, noedge: 0, bothedge: 0
3.0.Ht: Proofgrid shell started at 4086978@caddy15.stanford.edu(local) jg_4086220_caddy15.stanford.edu_4
3.0.N: Last scan. Per property time limit: 0s
3.0.N: Starting proof for property "CS_div_fsm_s5_4"	[0.00 s].
3.0.N: Trace Attempt  1	[0.00 s]
3.0.N: Trace Attempt  2	[0.01 s]
3.0.N: Trace Attempt  3	[0.01 s]
3.0.Ht: clocks: 1, declared: 1, looping: 0, posedge: 1, negedge: 0, noedge: 0, bothedge: 0
3.0.N: Trace Attempt  3	[0.04 s]
3.0.Ht: Trace Attempt  1	[0.04 s]
3.0.Ht: Trace Attempt  2	[0.04 s]
3.0.Ht: Trace Attempt  3	[0.04 s]
3.0.Ht: Trace Attempt  4	[0.05 s]
3.0.N: Trace Attempt  4	[0.06 s]
3.0.N: Trace Attempt  5	[0.06 s]
3.0.Ht: Trace Attempt  5	[0.06 s]
3.0.Mpcustom4: Proofgrid shell started at 4086997@caddy15.stanford.edu(local) jg_4086220_caddy15.stanford.edu_4
3.0.Mpcustom4: clocks: 1, declared: 1, looping: 0, posedge: 1, negedge: 0, noedge: 0, bothedge: 0
3.0.Oh: caddy15.stanford.edu: "Rocky Linux 8.10 (Green Obsidian)" is an unsupported operating system.
3.0.Mpcustom4: Trace Attempt  1	[0.04 s]
3.0.N: Trace Attempt  5	[0.12 s]
3.0.Mpcustom4: Trace Attempt  2	[0.06 s]
3.0.AM: caddy15.stanford.edu: "Rocky Linux 8.10 (Green Obsidian)" is an unsupported operating system.
3.0.B: caddy15.stanford.edu: "Rocky Linux 8.10 (Green Obsidian)" is an unsupported operating system.
3.0.Oh: Proofgrid shell started at 4087009@caddy15.stanford.edu(local) jg_4086220_caddy15.stanford.edu_4
3.0.Oh: clocks: 1, declared: 1, looping: 0, posedge: 1, negedge: 0, noedge: 0, bothedge: 0
3.0.AM: Proofgrid shell started at 4087015@caddy15.stanford.edu(local) jg_4086220_caddy15.stanford.edu_4
3.0.B: Proofgrid shell started at 4087012@caddy15.stanford.edu(local) jg_4086220_caddy15.stanford.edu_4
3.0.B: clocks: 1, declared: 1, looping: 0, posedge: 1, negedge: 0, noedge: 0, bothedge: 0
3.0.AM: clocks: 1, declared: 1, looping: 0, posedge: 1, negedge: 0, noedge: 0, bothedge: 0
3.0.B: Last scan. Per property time limit: 0s
3.0.B: Starting proof for property "CS_div_fsm_s5_4"	[0.00 s].
3.0.AM: Last scan. Per property time limit: 0s
3.0.AM: Starting proof for property "CS_div_fsm_s5_4"	[0.00 s].
3.0.AM: Trace Attempt  1	[0.00 s]
3.0.AM: Trace Attempt  2	[0.01 s]
3.0.B: Trace Attempt  1	[0.03 s]
3.0.B: Trace Attempt  2	[0.04 s]
3.0.AM: Trace Attempt  3	[0.06 s]
3.0.B: Trace Attempt  3	[0.06 s]
3.0.B: Trace Attempt  4	[0.10 s]
3.0.AM: Trace Attempt  4	[0.13 s]
3.0.Oh: bwd trail(1): 1 0.131174s
3.0.Oh: All properties either determined or skipped. [0.28 s]
3.0.Mpcustom4: Trace Attempt  3	[0.61 s]
3.0.Oh: Exited with Success (@ 0.72 s)
3.0.B: Trace Attempt  5	[0.19 s]
3.0.AM: Trace Attempt  5	[0.17 s]
3.0.Mpcustom4: Trace Attempt  3	[0.66 s]
3.0.Mpcustom4: Trace Attempt  4	[0.68 s]
3.0.Mpcustom4: Trace Attempt  4	[0.74 s]
3.0.Mpcustom4: Trace Attempt  5	[0.76 s]
3.0.AM: Trace Attempt  1	[1.15 s]
3.0.AM: Trace Attempt  2	[1.18 s]
3.0.AM: Trace Attempt  3	[1.18 s]
3.0.AM: Trace Attempt  5	[1.19 s]
3.0.N: Trace Attempt  1	[2.43 s]
3.0.N: Trace Attempt  2	[2.46 s]
3.0.N: Trace Attempt  3	[2.46 s]
3.0.N: Trace Attempt  5	[2.48 s]
3.0.Ht: Trace Attempt 23	[4.07 s]
3.0.B: Trace Attempt 41	[4.22 s]
3.0.Mpcustom4: Trace Attempt 20	[5.11 s]
3.0.Mpcustom4: Trace Attempt 30	[9.15 s]
3.0.AM: Trace Attempt 37	[10.41 s]
3.0.Mpcustom4: Trace Attempt 36	[13.16 s]
3.0.B: Trace Attempt 45	[13.34 s]
3.0.N: Requesting engine job to stop
3.0.B: Requesting engine job to stop
3.0.AM: Requesting engine job to stop
3.0.Hp: Requesting engine job to terminate
3.0.Ht: Requesting engine job to terminate
3.0.Mpcustom4: Requesting engine job to terminate
INFO (IPF144): 3: Initiating shutdown of proof [15.14 s]
3.0.B: A trace with 45 cycles was found. [14.56 s]
INFO (IPF047): 3.0.B: The cover property "CS_div_fsm_s5_4" was covered in 45 cycles in 14.60 s.
3.0.B: Stopped processing property "CS_div_fsm_s5_4"	[14.64 s].
3.0.Hp: Interrupted (multi)
3.0.Hp: All properties determined. [15.13 s]
3.0.B: All properties determined. [14.59 s]
3.0.B: Exited with Success (@ 15.15 s)
3: ProofGrid usable level: 0
3.0.N: Trace Attempt 43	[5.13 s]
3.0.N: Stopped processing property "CS_div_fsm_s5_4"	[15.18 s].
3.0.N: All properties determined. [15.16 s]
3.0.N: Exited with Success (@ 15.19 s)
3.0.Hp: Exited with Success (@ 15.38 s)
3.0.Mpcustom4: Trace Attempt 37	[15.03 s]
3.0.Mpcustom4: All properties determined. [15.28 s]
3.0.Mpcustom4: Exited with Success (@ 15.41 s)
3.0.AM: Trace Attempt 45	[12.90 s]
3.0.AM: Stopped processing property "CS_div_fsm_s5_4"	[14.92 s].
3.0.AM: All properties determined. [14.93 s]
3.0.AM: Exited with Success (@ 15.51 s)
3.0.Ht: Interrupted (multi)
3.0.Ht: Trace Attempt 42	[5.61 s]
3.0.Ht: All properties determined. [15.78 s]
3.0.Ht: Exited with Success (@ 16.13 s)
3: --------------------------------------------------------------
ProofGrid Summary (utilization 97.98 %)
--------------------------------------------------------------
     engines started                               :     7
     engine jobs started                           :     7

    Average time in state (seconds)
    ------------------------------------------------------
    Engine  Pending     Running        Dead    Utilization
    ------------------------------------------------------
      N        0.11       15.13        0.00       99.28 %
     Hp        0.09       15.13        0.00       99.44 %
     Ht        0.08       15.11        0.00       99.44 %
    Mpcustom4        0.14       15.04        0.00       99.10 %
     Oh        0.40        0.29        0.00       41.59 %
      B        0.52       14.60        0.00       96.56 %
     AM        0.51       14.60        0.00       96.62 %
    all        0.26       12.84        0.00       97.98 %

    Total time in state (seconds)
    -----------------------------------------
            Pending     Running        Dead  
    -----------------------------------------
               1.85       89.89        0.00

    Data read    : 128.31 kiB
    Data written : 9.05 kiB

3: All pending notifications were processed.
INFO (IPF059): 3: Completed proof on task: "mytask"
cover -name CS_div_fsm_s5_5 {@(posedge clk_i) !div_fsm_s5 ##1 div_fsm_s5 [*5] ##1 !div_fsm_s5 }
INFO (IPF036): Starting proof on task: "mytask", 1 properties to prove with 0 already proven/unreachable
INFO (IPF031): Settings used for proof thread 4:
    orchestration                 = on (auto)
    time_limit                    = 600s
    per_property_time_limit       = 1s * 10 ^ scan
    engine_mode                   = auto
    proofgrid_per_engine_max_jobs = 1
    max engine jobs               = auto
    proofgrid_mode                = local
    proofgrid_restarts            = 10
4: Using multistage preprocessing
4: Starting reduce
4: Finished reduce in 0.041s
4.0.PRE: Performing Proof Simplification...
4.0.N: clocks: 1, declared: 1, looping: 0, posedge: 1, negedge: 0, noedge: 0, bothedge: 0
4.0.N: Proof Simplification Iteration 1	[0.00 s]
4.0.N: Proof Simplification Iteration 2	[0.04 s]
4.0.N: Proof Simplification Iteration 3	[0.06 s]
4.0.N: Proof Simplification Iteration 4	[0.07 s]
4.0.N: Proof Simplification Iteration 5	[0.09 s]
4.0.N: Proof Simplification Iteration 6	[0.11 s]
4.0.N: Proof Simplification Iteration 7	[0.13 s]
4.0.N: Proof Simplification Iteration 8	[0.15 s]
4.0.N: Proof Simplification Iteration 9	[0.17 s]
4.0.N: Proof Simplification Iteration 10	[0.18 s]
4.0.PRE: Proof Simplification completed in 0.23 s
4: About to start ProofGrid in its own thread with a limit of 10000 pending notifications and a limit of 10 traces.
4: =============================== ProofGrid start ===============================
4: ProofGrid usable level: 1
4: Initial ProofGrid level: 1
4: ProofGrid is starting event handling
4.0.Hp: caddy15.stanford.edu: "Rocky Linux 8.10 (Green Obsidian)" is an unsupported operating system.
4.0.N: caddy15.stanford.edu: "Rocky Linux 8.10 (Green Obsidian)" is an unsupported operating system.
4.0.Ht: caddy15.stanford.edu: "Rocky Linux 8.10 (Green Obsidian)" is an unsupported operating system.
4.0.N: Proofgrid shell started at 4087182@caddy15.stanford.edu(local) jg_4086220_caddy15.stanford.edu_5
4.0.Hp: Proofgrid shell started at 4087183@caddy15.stanford.edu(local) jg_4086220_caddy15.stanford.edu_5
4.0.Mpcustom4: caddy15.stanford.edu: "Rocky Linux 8.10 (Green Obsidian)" is an unsupported operating system.
4.0.Hp: clocks: 1, declared: 1, looping: 0, posedge: 1, negedge: 0, noedge: 0, bothedge: 0
4.0.Ht: Proofgrid shell started at 4087205@caddy15.stanford.edu(local) jg_4086220_caddy15.stanford.edu_5
4.0.N: clocks: 1, declared: 1, looping: 0, posedge: 1, negedge: 0, noedge: 0, bothedge: 0
4.0.Ht: clocks: 1, declared: 1, looping: 0, posedge: 1, negedge: 0, noedge: 0, bothedge: 0
4.0.N: Last scan. Per property time limit: 0s
4.0.N: Starting proof for property "CS_div_fsm_s5_5"	[0.00 s].
4.0.N: Trace Attempt  1	[0.01 s]
4.0.N: Trace Attempt  2	[0.01 s]
4.0.N: Trace Attempt  3	[0.01 s]
4.0.Ht: Trace Attempt  1	[0.04 s]
4.0.Ht: Trace Attempt  2	[0.04 s]
4.0.Ht: Trace Attempt  3	[0.04 s]
4.0.Ht: Trace Attempt  4	[0.04 s]
4.0.Mpcustom4: Proofgrid shell started at 4087224@caddy15.stanford.edu(local) jg_4086220_caddy15.stanford.edu_5
4.0.N: Trace Attempt  3	[0.04 s]
4.0.Ht: Trace Attempt  5	[0.05 s]
4.0.B: caddy15.stanford.edu: "Rocky Linux 8.10 (Green Obsidian)" is an unsupported operating system.
4.0.Mpcustom4: clocks: 1, declared: 1, looping: 0, posedge: 1, negedge: 0, noedge: 0, bothedge: 0
4.0.N: Trace Attempt  4	[0.06 s]
4.0.N: Trace Attempt  5	[0.06 s]
4.0.Mpcustom4: Trace Attempt  1	[0.04 s]
4.0.Mpcustom4: Trace Attempt  2	[0.06 s]
4.0.N: Trace Attempt  5	[0.12 s]
4.0.Oh: caddy15.stanford.edu: "Rocky Linux 8.10 (Green Obsidian)" is an unsupported operating system.
4.0.AM: caddy15.stanford.edu: "Rocky Linux 8.10 (Green Obsidian)" is an unsupported operating system.
4.0.B: Proofgrid shell started at 4087240@caddy15.stanford.edu(local) jg_4086220_caddy15.stanford.edu_5
4.0.B: clocks: 1, declared: 1, looping: 0, posedge: 1, negedge: 0, noedge: 0, bothedge: 0
4.0.B: Last scan. Per property time limit: 0s
4.0.B: Starting proof for property "CS_div_fsm_s5_5"	[0.00 s].
4.0.B: Trace Attempt  1	[0.01 s]
4.0.B: Trace Attempt  2	[0.01 s]
4.0.B: Trace Attempt  3	[0.03 s]
4.0.B: Trace Attempt  4	[0.04 s]
4.0.Oh: Proofgrid shell started at 4087238@caddy15.stanford.edu(local) jg_4086220_caddy15.stanford.edu_5
4.0.B: Trace Attempt  5	[0.09 s]
4.0.AM: Proofgrid shell started at 4087244@caddy15.stanford.edu(local) jg_4086220_caddy15.stanford.edu_5
4.0.Oh: clocks: 1, declared: 1, looping: 0, posedge: 1, negedge: 0, noedge: 0, bothedge: 0
4.0.AM: clocks: 1, declared: 1, looping: 0, posedge: 1, negedge: 0, noedge: 0, bothedge: 0
4.0.AM: Last scan. Per property time limit: 0s
4.0.AM: Starting proof for property "CS_div_fsm_s5_5"	[0.00 s].
4.0.AM: Trace Attempt  1	[0.00 s]
4.0.AM: Trace Attempt  2	[0.01 s]
4.0.AM: Trace Attempt  3	[0.03 s]
4.0.AM: Trace Attempt  4	[0.06 s]
4.0.AM: Trace Attempt  5	[0.08 s]
4.0.Oh: bwd trail(1): 1 0.123713s
4.0.Oh: All properties either determined or skipped. [0.15 s]
4.0.Oh: Exited with Success (@ 0.66 s)
4.0.Oh: Completed, Restart ignored.
4.0.Mpcustom4: Trace Attempt  3	[0.61 s]
4.0.Mpcustom4: Trace Attempt  3	[0.66 s]
4.0.Mpcustom4: Trace Attempt  4	[0.68 s]
4.0.Mpcustom4: Trace Attempt  4	[0.74 s]
4.0.Mpcustom4: Trace Attempt  5	[0.77 s]
4.0.AM: Trace Attempt  1	[0.60 s]
4.0.AM: Trace Attempt  2	[0.62 s]
4.0.AM: Trace Attempt  3	[0.63 s]
4.0.AM: Trace Attempt  5	[0.64 s]
4.0.N: Trace Attempt  1	[1.92 s]
4.0.N: Trace Attempt  2	[1.93 s]
4.0.N: Trace Attempt  3	[1.93 s]
4.0.N: Trace Attempt  5	[1.93 s]
4.0.AM: Trace Attempt  1	[1.80 s]
4.0.AM: Trace Attempt  2	[1.83 s]
4.0.AM: Trace Attempt  3	[1.84 s]
4.0.AM: Trace Attempt  5	[1.85 s]
4.0.B: Trace Attempt 44	[4.19 s]
4.0.Mpcustom4: Trace Attempt 25	[4.78 s]
4.0.Ht: Trace Attempt 33	[5.54 s]
4.0.N: Trace Attempt 42	[5.93 s]
4.0.N: Trace Attempt  1	[5.99 s]
4.0.N: Trace Attempt  2	[6.01 s]
4.0.N: Trace Attempt  3	[6.02 s]
4.0.N: Trace Attempt  5	[6.03 s]
4.0.Mpcustom4: Trace Attempt 31	[9.24 s]
4.0.B: Trace Attempt 46	[13.44 s]
4.0.AM: Trace Attempt 38	[13.79 s]
4.0.Mpcustom4: Trace Attempt 39	[14.55 s]
4.0.N: Requesting engine job to stop
4.0.B: Requesting engine job to stop
4.0.AM: Requesting engine job to stop
4.0.Hp: Requesting engine job to terminate
4.0.Ht: Requesting engine job to terminate
4.0.Mpcustom4: Requesting engine job to terminate
INFO (IPF144): 4: Initiating shutdown of proof [17.99 s]
4.0.B: A trace with 46 cycles was found. [17.57 s]
INFO (IPF047): 4.0.B: The cover property "CS_div_fsm_s5_5" was covered in 46 cycles in 17.59 s.
4: ProofGrid usable level: 0
4.0.B: Stopped processing property "CS_div_fsm_s5_5"	[17.62 s].
4.0.Hp: Interrupted (multi)
4.0.Hp: All properties determined. [17.99 s]
4.0.B: All properties determined. [17.61 s]
4.0.B: Exited with Success (@ 18.02 s)
4.0.N: Trace Attempt 44	[9.04 s]
4.0.N: Stopped processing property "CS_div_fsm_s5_5"	[17.99 s].
4.0.N: All properties determined. [17.99 s]
4.0.Hp: Exited with Success (@ 18.12 s)
4.0.AM: Trace Attempt 44	[14.23 s]
4.0.AM: Stopped processing property "CS_div_fsm_s5_5"	[17.64 s].
4.0.N: Exited with Success (@ 18.18 s)
4.0.AM: All properties determined. [17.65 s]
4.0.AM: Exited with Success (@ 18.20 s)
4.0.Mpcustom4: Trace Attempt 43	[17.86 s]
4.0.Mpcustom4: All properties determined. [18.18 s]
4.0.Mpcustom4: Exited with Success (@ 18.56 s)
4.0.Ht: Interrupted (multi)
4.0.Ht: Trace Attempt 45	[6.24 s]
4.0.Ht: All properties determined. [18.61 s]
4.0.Ht: Exited with Success (@ 18.92 s)
4: --------------------------------------------------------------
ProofGrid Summary (utilization 98.44 %)
--------------------------------------------------------------
     engines started                               :     7
     engine jobs started                           :     7

    Average time in state (seconds)
    ------------------------------------------------------
    Engine  Pending     Running        Dead    Utilization
    ------------------------------------------------------
      N        0.10       17.97        0.00       99.42 %
     Hp        0.08       17.98        0.00       99.54 %
     Ht        0.08       17.96        0.00       99.54 %
    Mpcustom4        0.12       17.90        0.00       99.36 %
     Oh        0.47        0.15        0.00       24.14 %
      B        0.35       17.61        0.00       98.08 %
     AM        0.49       17.48        0.00       97.27 %
    all        0.24       15.29        0.00       98.44 %

    Total time in state (seconds)
    -----------------------------------------
            Pending     Running        Dead  
    -----------------------------------------
               1.70      107.05        0.00

    Data read    : 136.01 kiB
    Data written : 8.17 kiB

4: All pending notifications were processed.
INFO (IPF059): 4: Completed proof on task: "mytask"
cover -name CS_div_fsm_s5_6 {@(posedge clk_i) !div_fsm_s5 ##1 div_fsm_s5 [*6] ##1 !div_fsm_s5 }
INFO (IPF036): Starting proof on task: "mytask", 1 properties to prove with 0 already proven/unreachable
INFO (IPF031): Settings used for proof thread 5:
    orchestration                 = on (auto)
    time_limit                    = 600s
    per_property_time_limit       = 1s * 10 ^ scan
    engine_mode                   = auto
    proofgrid_per_engine_max_jobs = 1
    max engine jobs               = auto
    proofgrid_mode                = local
    proofgrid_restarts            = 10
5: Using multistage preprocessing
5: Starting reduce
5: Finished reduce in 0.041s
5.0.PRE: Performing Proof Simplification...
5.0.N: clocks: 1, declared: 1, looping: 0, posedge: 1, negedge: 0, noedge: 0, bothedge: 0
5.0.N: Proof Simplification Iteration 1	[0.00 s]
5.0.N: Proof Simplification Iteration 2	[0.04 s]
5.0.N: Proof Simplification Iteration 3	[0.06 s]
5.0.N: Proof Simplification Iteration 4	[0.07 s]
5.0.N: Proof Simplification Iteration 5	[0.09 s]
5.0.N: Proof Simplification Iteration 6	[0.11 s]
5.0.N: Proof Simplification Iteration 7	[0.13 s]
5.0.N: Proof Simplification Iteration 8	[0.15 s]
5.0.N: Proof Simplification Iteration 9	[0.17 s]
5.0.N: Proof Simplification Iteration 10	[0.18 s]
5.0.PRE: Proof Simplification completed in 0.23 s
5: About to start ProofGrid in its own thread with a limit of 10000 pending notifications and a limit of 10 traces.
5: =============================== ProofGrid start ===============================
5: ProofGrid usable level: 1
5: Initial ProofGrid level: 1
5: ProofGrid is starting event handling
5.0.Hp: caddy15.stanford.edu: "Rocky Linux 8.10 (Green Obsidian)" is an unsupported operating system.
5.0.N: caddy15.stanford.edu: "Rocky Linux 8.10 (Green Obsidian)" is an unsupported operating system.
5.0.Ht: caddy15.stanford.edu: "Rocky Linux 8.10 (Green Obsidian)" is an unsupported operating system.
5.0.Mpcustom4: caddy15.stanford.edu: "Rocky Linux 8.10 (Green Obsidian)" is an unsupported operating system.
5.0.N: Proofgrid shell started at 4087522@caddy15.stanford.edu(local) jg_4086220_caddy15.stanford.edu_6
5.0.Hp: Proofgrid shell started at 4087523@caddy15.stanford.edu(local) jg_4086220_caddy15.stanford.edu_6
5.0.Hp: clocks: 1, declared: 1, looping: 0, posedge: 1, negedge: 0, noedge: 0, bothedge: 0
5.0.N: clocks: 1, declared: 1, looping: 0, posedge: 1, negedge: 0, noedge: 0, bothedge: 0
5.0.Ht: Proofgrid shell started at 4087546@caddy15.stanford.edu(local) jg_4086220_caddy15.stanford.edu_6
5.0.N: Last scan. Per property time limit: 0s
5.0.N: Starting proof for property "CS_div_fsm_s5_6"	[0.00 s].
5.0.N: Trace Attempt  1	[0.00 s]
5.0.N: Trace Attempt  2	[0.01 s]
5.0.N: Trace Attempt  3	[0.01 s]
5.0.B: caddy15.stanford.edu: "Rocky Linux 8.10 (Green Obsidian)" is an unsupported operating system.
5.0.Ht: clocks: 1, declared: 1, looping: 0, posedge: 1, negedge: 0, noedge: 0, bothedge: 0
5.0.Oh: caddy15.stanford.edu: "Rocky Linux 8.10 (Green Obsidian)" is an unsupported operating system.
5.0.Mpcustom4: Proofgrid shell started at 4087564@caddy15.stanford.edu(local) jg_4086220_caddy15.stanford.edu_6
5.0.N: Trace Attempt  3	[0.07 s]
5.0.Ht: Trace Attempt  1	[0.06 s]
5.0.Ht: Trace Attempt  2	[0.06 s]
5.0.Ht: Trace Attempt  3	[0.06 s]
5.0.Mpcustom4: clocks: 1, declared: 1, looping: 0, posedge: 1, negedge: 0, noedge: 0, bothedge: 0
5.0.Ht: Trace Attempt  4	[0.07 s]
5.0.N: Trace Attempt  4	[0.09 s]
5.0.N: Trace Attempt  5	[0.09 s]
5.0.Ht: Trace Attempt  5	[0.07 s]
5.0.B: Proofgrid shell started at 4087583@caddy15.stanford.edu(local) jg_4086220_caddy15.stanford.edu_6
5.0.Mpcustom4: Trace Attempt  1	[0.05 s]
5.0.Mpcustom4: Trace Attempt  2	[0.07 s]
5.0.B: clocks: 1, declared: 1, looping: 0, posedge: 1, negedge: 0, noedge: 0, bothedge: 0
5.0.B: Last scan. Per property time limit: 0s
5.0.B: Starting proof for property "CS_div_fsm_s5_6"	[0.00 s].
5.0.AM: caddy15.stanford.edu: "Rocky Linux 8.10 (Green Obsidian)" is an unsupported operating system.
5.0.B: Trace Attempt  1	[0.01 s]
5.0.B: Trace Attempt  2	[0.02 s]
5.0.B: Trace Attempt  3	[0.03 s]
5.0.N: Trace Attempt  5	[0.20 s]
5.0.B: Trace Attempt  4	[0.06 s]
5.0.Oh: Proofgrid shell started at 4087579@caddy15.stanford.edu(local) jg_4086220_caddy15.stanford.edu_6
5.0.B: Trace Attempt  5	[0.12 s]
5.0.Oh: clocks: 1, declared: 1, looping: 0, posedge: 1, negedge: 0, noedge: 0, bothedge: 0
5.0.AM: Proofgrid shell started at 4087584@caddy15.stanford.edu(local) jg_4086220_caddy15.stanford.edu_6
5.0.AM: clocks: 1, declared: 1, looping: 0, posedge: 1, negedge: 0, noedge: 0, bothedge: 0
5.0.AM: Last scan. Per property time limit: 0s
5.0.AM: Starting proof for property "CS_div_fsm_s5_6"	[0.00 s].
5.0.AM: Trace Attempt  1	[0.00 s]
5.0.AM: Trace Attempt  2	[0.01 s]
5.0.AM: Trace Attempt  3	[0.04 s]
5.0.AM: Trace Attempt  4	[0.08 s]
5.0.Oh: bwd trail(1): 1 0.13022s
5.0.Oh: All properties either determined or skipped. [0.28 s]
5.0.Oh: Exited with Success (@ 0.60 s)
5.0.AM: Trace Attempt  5	[0.11 s]
5.0.Mpcustom4: Trace Attempt  3	[0.62 s]
5.0.Mpcustom4: Trace Attempt  3	[0.67 s]
5.0.Mpcustom4: Trace Attempt  4	[0.69 s]
5.0.Mpcustom4: Trace Attempt  4	[0.75 s]
5.0.Mpcustom4: Trace Attempt  5	[0.77 s]
5.0.AM: Trace Attempt  1	[1.22 s]
5.0.AM: Trace Attempt  2	[1.24 s]
5.0.AM: Trace Attempt  3	[1.25 s]
5.0.AM: Trace Attempt  5	[1.26 s]
5.0.N: Trace Attempt  1	[2.71 s]
5.0.N: Trace Attempt  2	[2.77 s]
5.0.N: Trace Attempt  3	[2.79 s]
5.0.N: Trace Attempt  5	[2.80 s]
5.0.AM: Trace Attempt  1	[2.61 s]
5.0.AM: Trace Attempt  2	[2.64 s]
5.0.AM: Trace Attempt  3	[2.65 s]
5.0.AM: Trace Attempt  5	[2.66 s]
5.0.B: Trace Attempt 39	[4.28 s]
5.0.Mpcustom4: Trace Attempt 23	[5.08 s]
5.0.Ht: Trace Attempt 35	[5.60 s]
5.0.Mpcustom4: Trace Attempt 31	[9.43 s]
5.0.AM: Trace Attempt 39	[12.14 s]
5.0.Mpcustom4: Trace Attempt 37	[15.76 s]
5.0.N: Trace Attempt 29	[16.06 s]
5.0.B: Trace Attempt 47	[16.11 s]
5.0.N: Trace Attempt  1	[18.64 s]
5.0.N: Trace Attempt  2	[18.66 s]
5.0.N: Trace Attempt  3	[18.67 s]
5.0.N: Trace Attempt  5	[18.68 s]
5.0.N: Requesting engine job to stop
5.0.B: Requesting engine job to stop
5.0.AM: Requesting engine job to stop
5.0.Hp: Requesting engine job to terminate
5.0.Ht: Requesting engine job to terminate
5.0.Mpcustom4: Requesting engine job to terminate
INFO (IPF144): 5: Initiating shutdown of proof [22.02 s]
5.0.B: A trace with 47 cycles was found. [21.79 s]
INFO (IPF047): 5.0.B: The cover property "CS_div_fsm_s5_6" was covered in 47 cycles in 21.84 s.
5.0.B: Stopped processing property "CS_div_fsm_s5_6"	[21.88 s].
5.0.B: All properties determined. [21.84 s]
5.0.B: Exited with Success (@ 22.03 s)
5: ProofGrid usable level: 0
5.0.Hp: Interrupted (multi)
5.0.Hp: All properties determined. [22.04 s]
5.0.N: Trace Attempt 45	[21.84 s]
5.0.N: Stopped processing property "CS_div_fsm_s5_6"	[22.04 s].
5.0.N: All properties determined. [22.03 s]
5.0.N: Exited with Success (@ 22.07 s)
5.0.AM: Trace Attempt 47	[14.32 s]
5.0.AM: Stopped processing property "CS_div_fsm_s5_6"	[21.58 s].
5.0.AM: All properties determined. [21.59 s]
5.0.AM: Exited with Success (@ 22.09 s)
5.0.Hp: Exited with Success (@ 22.29 s)
5.0.Mpcustom4: Trace Attempt 41	[19.73 s]
5.0.Mpcustom4: All properties determined. [22.20 s]
5.0.Mpcustom4: Exited with Success (@ 22.32 s)
5.0.Ht: Interrupted (multi)
5.0.Ht: Trace Attempt 46	[6.26 s]
5.0.Ht: All properties determined. [23.44 s]
5.0.Ht: Exited with Success (@ 23.85 s)
5: --------------------------------------------------------------
ProofGrid Summary (utilization 99.06 %)
--------------------------------------------------------------
     engines started                               :     7
     engine jobs started                           :     7

    Average time in state (seconds)
    ------------------------------------------------------
    Engine  Pending     Running        Dead    Utilization
    ------------------------------------------------------
      N        0.11       22.01        0.00       99.52 %
     Hp        0.08       22.01        0.00       99.62 %
     Ht        0.09       21.98        0.00       99.58 %
    Mpcustom4        0.13       21.93        0.00       99.42 %
     Oh        0.28        0.29        0.00       50.82 %
      B        0.13       21.87        0.00       99.42 %
     AM        0.43       21.54        0.00       98.02 %
    all        0.18       18.80        0.00       99.06 %

    Total time in state (seconds)
    -----------------------------------------
            Pending     Running        Dead  
    -----------------------------------------
               1.25      131.63        0.00

    Data read    : 138.88 kiB
    Data written : 8.73 kiB

5: All pending notifications were processed.
INFO (IPF059): 5: Completed proof on task: "mytask"
cover -name CS_div_fsm_s5_7 {@(posedge clk_i) !div_fsm_s5 ##1 div_fsm_s5 [*7] ##1 !div_fsm_s5 }
INFO (IPF036): Starting proof on task: "mytask", 1 properties to prove with 0 already proven/unreachable
INFO (IPF031): Settings used for proof thread 6:
    orchestration                 = on (auto)
    time_limit                    = 600s
    per_property_time_limit       = 1s * 10 ^ scan
    engine_mode                   = auto
    proofgrid_per_engine_max_jobs = 1
    max engine jobs               = auto
    proofgrid_mode                = local
    proofgrid_restarts            = 10
6: Using multistage preprocessing
6: Starting reduce
6: Finished reduce in 0.041s
6.0.PRE: Performing Proof Simplification...
6.0.N: clocks: 1, declared: 1, looping: 0, posedge: 1, negedge: 0, noedge: 0, bothedge: 0
6.0.N: Proof Simplification Iteration 1	[0.00 s]
6.0.N: Proof Simplification Iteration 2	[0.04 s]
6.0.N: Proof Simplification Iteration 3	[0.06 s]
6.0.N: Proof Simplification Iteration 4	[0.07 s]
6.0.N: Proof Simplification Iteration 5	[0.09 s]
6.0.N: Proof Simplification Iteration 6	[0.11 s]
6.0.N: Proof Simplification Iteration 7	[0.13 s]
6.0.N: Proof Simplification Iteration 8	[0.15 s]
6.0.N: Proof Simplification Iteration 9	[0.17 s]
6.0.N: Proof Simplification Iteration 10	[0.18 s]
6.0.PRE: Proof Simplification completed in 0.23 s
6: About to start ProofGrid in its own thread with a limit of 10000 pending notifications and a limit of 10 traces.
6: =============================== ProofGrid start ===============================
6: ProofGrid usable level: 1
6: Initial ProofGrid level: 1
6: ProofGrid is starting event handling
6.0.Hp: caddy15.stanford.edu: "Rocky Linux 8.10 (Green Obsidian)" is an unsupported operating system.
6.0.N: caddy15.stanford.edu: "Rocky Linux 8.10 (Green Obsidian)" is an unsupported operating system.
6.0.Ht: caddy15.stanford.edu: "Rocky Linux 8.10 (Green Obsidian)" is an unsupported operating system.
6.0.N: Proofgrid shell started at 4087638@caddy15.stanford.edu(local) jg_4086220_caddy15.stanford.edu_7
6.0.N: clocks: 1, declared: 1, looping: 0, posedge: 1, negedge: 0, noedge: 0, bothedge: 0
6.0.Hp: Proofgrid shell started at 4087639@caddy15.stanford.edu(local) jg_4086220_caddy15.stanford.edu_7
6.0.N: Last scan. Per property time limit: 0s
6.0.N: Starting proof for property "CS_div_fsm_s5_7"	[0.00 s].
6.0.N: Trace Attempt  1	[0.00 s]
6.0.N: Trace Attempt  2	[0.01 s]
6.0.N: Trace Attempt  3	[0.01 s]
6.0.Mpcustom4: caddy15.stanford.edu: "Rocky Linux 8.10 (Green Obsidian)" is an unsupported operating system.
6.0.Ht: Proofgrid shell started at 4087662@caddy15.stanford.edu(local) jg_4086220_caddy15.stanford.edu_7
6.0.Hp: clocks: 1, declared: 1, looping: 0, posedge: 1, negedge: 0, noedge: 0, bothedge: 0
6.0.B: caddy15.stanford.edu: "Rocky Linux 8.10 (Green Obsidian)" is an unsupported operating system.
6.0.Oh: caddy15.stanford.edu: "Rocky Linux 8.10 (Green Obsidian)" is an unsupported operating system.
6.0.N: Trace Attempt  3	[0.04 s]
6.0.Ht: clocks: 1, declared: 1, looping: 0, posedge: 1, negedge: 0, noedge: 0, bothedge: 0
6.0.N: Trace Attempt  4	[0.06 s]
6.0.N: Trace Attempt  5	[0.06 s]
6.0.Ht: Trace Attempt  1	[0.04 s]
6.0.Ht: Trace Attempt  2	[0.04 s]
6.0.Ht: Trace Attempt  3	[0.04 s]
6.0.Ht: Trace Attempt  4	[0.04 s]
6.0.Ht: Trace Attempt  5	[0.05 s]
6.0.Mpcustom4: Proofgrid shell started at 4087680@caddy15.stanford.edu(local) jg_4086220_caddy15.stanford.edu_7
6.0.N: Trace Attempt  5	[0.11 s]
6.0.Mpcustom4: clocks: 1, declared: 1, looping: 0, posedge: 1, negedge: 0, noedge: 0, bothedge: 0
6.0.Oh: Proofgrid shell started at 4087686@caddy15.stanford.edu(local) jg_4086220_caddy15.stanford.edu_7
6.0.AM: caddy15.stanford.edu: "Rocky Linux 8.10 (Green Obsidian)" is an unsupported operating system.
6.0.Oh: clocks: 1, declared: 1, looping: 0, posedge: 1, negedge: 0, noedge: 0, bothedge: 0
6.0.B: Proofgrid shell started at 4087688@caddy15.stanford.edu(local) jg_4086220_caddy15.stanford.edu_7
6.0.Mpcustom4: Trace Attempt  1	[0.11 s]
6.0.B: clocks: 1, declared: 1, looping: 0, posedge: 1, negedge: 0, noedge: 0, bothedge: 0
6.0.B: Last scan. Per property time limit: 0s
6.0.B: Starting proof for property "CS_div_fsm_s5_7"	[0.00 s].
6.0.Mpcustom4: Trace Attempt  2	[0.15 s]
6.0.B: Trace Attempt  1	[0.01 s]
6.0.B: Trace Attempt  2	[0.02 s]
6.0.B: Trace Attempt  3	[0.03 s]
6.0.Oh: bwd trail(1): 1 0.107013s
6.0.Oh: All properties either determined or skipped. [0.12 s]
6.0.B: Trace Attempt  4	[0.04 s]
6.0.Oh: Exited with Success (@ 0.32 s)
6.0.Oh: Completed, Restart ignored.
6.0.B: Trace Attempt  5	[0.08 s]
6.0.AM: Proofgrid shell started at 4087706@caddy15.stanford.edu(local) jg_4086220_caddy15.stanford.edu_7
6.0.AM: clocks: 1, declared: 1, looping: 0, posedge: 1, negedge: 0, noedge: 0, bothedge: 0
6.0.AM: Last scan. Per property time limit: 0s
6.0.AM: Starting proof for property "CS_div_fsm_s5_7"	[0.00 s].
6.0.AM: Trace Attempt  1	[0.00 s]
6.0.AM: Trace Attempt  2	[0.02 s]
6.0.AM: Trace Attempt  3	[0.07 s]
6.0.AM: Trace Attempt  4	[0.12 s]
6.0.AM: Trace Attempt  5	[0.17 s]
6.0.Mpcustom4: Trace Attempt  3	[0.78 s]
6.0.Mpcustom4: Trace Attempt  3	[0.82 s]
6.0.Mpcustom4: Trace Attempt  4	[0.84 s]
6.0.Mpcustom4: Trace Attempt  4	[0.90 s]
6.0.Mpcustom4: Trace Attempt  5	[0.93 s]
6.0.N: Trace Attempt  1	[1.93 s]
6.0.N: Trace Attempt  2	[1.94 s]
6.0.N: Trace Attempt  3	[1.94 s]
6.0.N: Trace Attempt  5	[1.94 s]
6.0.AM: Trace Attempt  1	[1.71 s]
6.0.AM: Trace Attempt  2	[1.73 s]
6.0.AM: Trace Attempt  3	[1.74 s]
6.0.AM: Trace Attempt  5	[1.75 s]
6.0.AM: Trace Attempt  1	[2.85 s]
6.0.AM: Trace Attempt  2	[2.88 s]
6.0.AM: Trace Attempt  3	[2.88 s]
6.0.AM: Trace Attempt  5	[2.90 s]
6.0.N: Trace Attempt  1	[3.89 s]
6.0.N: Trace Attempt  2	[3.92 s]
6.0.N: Trace Attempt  3	[3.93 s]
6.0.N: Trace Attempt  5	[3.94 s]
6.0.Ht: Trace Attempt 30	[4.36 s]
6.0.B: Trace Attempt 43	[4.27 s]
6.0.Mpcustom4: Trace Attempt 24	[5.79 s]
6.0.Mpcustom4: Trace Attempt 28	[11.01 s]
6.0.AM: Trace Attempt 39	[12.18 s]
6.0.B: Trace Attempt 48	[14.31 s]
6.0.Mpcustom4: Trace Attempt 36	[15.38 s]
6.0.AM: Trace Attempt 47	[16.86 s]
6.0.Mpcustom4: Trace Attempt 42	[20.30 s]
6.0.N: Requesting engine job to stop
6.0.B: Requesting engine job to stop
6.0.AM: Requesting engine job to stop
6.0.Hp: Requesting engine job to terminate
6.0.Ht: Requesting engine job to terminate
6.0.Mpcustom4: Requesting engine job to terminate
INFO (IPF144): 6: Initiating shutdown of proof [21.28 s]
6.0.B: A trace with 48 cycles was found. [20.99 s]
INFO (IPF047): 6.0.B: The cover property "CS_div_fsm_s5_7" was covered in 48 cycles in 21.01 s.
6.0.B: Stopped processing property "CS_div_fsm_s5_7"	[21.02 s].
6.0.B: All properties determined. [21.01 s]
6.0.Hp: Interrupted (multi)
6.0.Hp: All properties determined. [21.26 s]
6.0.B: Exited with Success (@ 21.29 s)
6: ProofGrid usable level: 0
6.0.N: Trace Attempt 46	[7.68 s]
6.0.N: Stopped processing property "CS_div_fsm_s5_7"	[21.30 s].
6.0.N: All properties determined. [21.31 s]
6.0.Hp: Exited with Success (@ 21.56 s)
6.0.N: Exited with Success (@ 21.56 s)
6.0.Mpcustom4: Trace Attempt 44	[20.39 s]
6.0.Mpcustom4: All properties determined. [21.43 s]
6.0.AM: Stopped processing property "CS_div_fsm_s5_7"	[21.10 s].
6.0.Mpcustom4: Exited with Success (@ 21.62 s)
6.0.AM: All properties determined. [21.11 s]
6.0.Ht: Interrupted (multi)
6.0.Ht: Trace Attempt 43	[5.08 s]
6.0.Ht: All properties determined. [21.85 s]
6.0.AM: Exited with Success (@ 21.90 s)
6.0.Ht: Exited with Success (@ 22.22 s)
6: --------------------------------------------------------------
ProofGrid Summary (utilization 99.01 %)
--------------------------------------------------------------
     engines started                               :     7
     engine jobs started                           :     7

    Average time in state (seconds)
    ------------------------------------------------------
    Engine  Pending     Running        Dead    Utilization
    ------------------------------------------------------
      N        0.09       21.28        0.00       99.57 %
     Hp        0.10       21.25        0.00       99.55 %
     Ht        0.08       21.23        0.00       99.61 %
    Mpcustom4        0.15       21.15        0.00       99.28 %
     Oh        0.19        0.13        0.00       40.15 %
      B        0.23       21.03        0.00       98.93 %
     AM        0.42       20.79        0.00       98.01 %
    all        0.18       18.12        0.00       99.01 %

    Total time in state (seconds)
    -----------------------------------------
            Pending     Running        Dead  
    -----------------------------------------
               1.26      126.85        0.00

    Data read    : 141.14 kiB
    Data written : 9.83 kiB

6: All pending notifications were processed.
INFO (IPF059): 6: Completed proof on task: "mytask"
cover -name CS_div_fsm_s5_8 {@(posedge clk_i) !div_fsm_s5 ##1 div_fsm_s5 [*8] ##1 !div_fsm_s5 }
INFO (IPF036): Starting proof on task: "mytask", 1 properties to prove with 0 already proven/unreachable
INFO (IPF031): Settings used for proof thread 7:
    orchestration                 = on (auto)
    time_limit                    = 600s
    per_property_time_limit       = 1s * 10 ^ scan
    engine_mode                   = auto
    proofgrid_per_engine_max_jobs = 1
    max engine jobs               = auto
    proofgrid_mode                = local
    proofgrid_restarts            = 10
7: Using multistage preprocessing
7: Starting reduce
7: Finished reduce in 0.041s
7.0.PRE: Performing Proof Simplification...
7.0.N: clocks: 1, declared: 1, looping: 0, posedge: 1, negedge: 0, noedge: 0, bothedge: 0
7.0.N: Proof Simplification Iteration 1	[0.00 s]
7.0.N: Proof Simplification Iteration 2	[0.04 s]
7.0.N: Proof Simplification Iteration 3	[0.06 s]
7.0.N: Proof Simplification Iteration 4	[0.07 s]
7.0.N: Proof Simplification Iteration 5	[0.09 s]
7.0.N: Proof Simplification Iteration 6	[0.11 s]
7.0.N: Proof Simplification Iteration 7	[0.13 s]
7.0.N: Proof Simplification Iteration 8	[0.15 s]
7.0.N: Proof Simplification Iteration 9	[0.17 s]
7.0.N: Proof Simplification Iteration 10	[0.19 s]
7.0.PRE: Proof Simplification completed in 0.23 s
7: About to start ProofGrid in its own thread with a limit of 10000 pending notifications and a limit of 10 traces.
7: =============================== ProofGrid start ===============================
7: ProofGrid usable level: 1
7: Initial ProofGrid level: 1
7: ProofGrid is starting event handling
7.0.N: caddy15.stanford.edu: "Rocky Linux 8.10 (Green Obsidian)" is an unsupported operating system.
7.0.Hp: caddy15.stanford.edu: "Rocky Linux 8.10 (Green Obsidian)" is an unsupported operating system.
7.0.Mpcustom4: caddy15.stanford.edu: "Rocky Linux 8.10 (Green Obsidian)" is an unsupported operating system.
7.0.Ht: caddy15.stanford.edu: "Rocky Linux 8.10 (Green Obsidian)" is an unsupported operating system.
7.0.Hp: Proofgrid shell started at 4087982@caddy15.stanford.edu(local) jg_4086220_caddy15.stanford.edu_8
7.0.N: Proofgrid shell started at 4087981@caddy15.stanford.edu(local) jg_4086220_caddy15.stanford.edu_8
7.0.N: clocks: 1, declared: 1, looping: 0, posedge: 1, negedge: 0, noedge: 0, bothedge: 0
7.0.N: Last scan. Per property time limit: 0s
7.0.N: Starting proof for property "CS_div_fsm_s5_8"	[0.00 s].
7.0.N: Trace Attempt  1	[0.01 s]
7.0.N: Trace Attempt  2	[0.01 s]
7.0.N: Trace Attempt  3	[0.01 s]
7.0.Hp: clocks: 1, declared: 1, looping: 0, posedge: 1, negedge: 0, noedge: 0, bothedge: 0
7.0.Ht: Proofgrid shell started at 4088004@caddy15.stanford.edu(local) jg_4086220_caddy15.stanford.edu_8
7.0.Oh: caddy15.stanford.edu: "Rocky Linux 8.10 (Green Obsidian)" is an unsupported operating system.
7.0.Mpcustom4: Proofgrid shell started at 4088007@caddy15.stanford.edu(local) jg_4086220_caddy15.stanford.edu_8
7.0.N: Trace Attempt  3	[0.04 s]
7.0.Ht: clocks: 1, declared: 1, looping: 0, posedge: 1, negedge: 0, noedge: 0, bothedge: 0
7.0.Mpcustom4: clocks: 1, declared: 1, looping: 0, posedge: 1, negedge: 0, noedge: 0, bothedge: 0
7.0.N: Trace Attempt  4	[0.06 s]
7.0.N: Trace Attempt  5	[0.06 s]
7.0.Ht: Trace Attempt  1	[0.04 s]
7.0.Ht: Trace Attempt  2	[0.04 s]
7.0.Ht: Trace Attempt  3	[0.04 s]
7.0.Mpcustom4: Trace Attempt  1	[0.04 s]
7.0.Ht: Trace Attempt  4	[0.05 s]
7.0.Mpcustom4: Trace Attempt  2	[0.06 s]
7.0.Ht: Trace Attempt  5	[0.06 s]
7.0.N: Trace Attempt  5	[0.11 s]
7.0.B: caddy15.stanford.edu: "Rocky Linux 8.10 (Green Obsidian)" is an unsupported operating system.
7.0.AM: caddy15.stanford.edu: "Rocky Linux 8.10 (Green Obsidian)" is an unsupported operating system.
7.0.Oh: Proofgrid shell started at 4088034@caddy15.stanford.edu(local) jg_4086220_caddy15.stanford.edu_8
7.0.Oh: clocks: 1, declared: 1, looping: 0, posedge: 1, negedge: 0, noedge: 0, bothedge: 0
7.0.B: Proofgrid shell started at 4088045@caddy15.stanford.edu(local) jg_4086220_caddy15.stanford.edu_8
7.0.B: clocks: 1, declared: 1, looping: 0, posedge: 1, negedge: 0, noedge: 0, bothedge: 0
7.0.B: Last scan. Per property time limit: 0s
7.0.B: Starting proof for property "CS_div_fsm_s5_8"	[0.00 s].
7.0.B: Trace Attempt  1	[0.02 s]
7.0.B: Trace Attempt  2	[0.02 s]
7.0.Oh: bwd trail(1): 1 0.123022s
7.0.Oh: All properties either determined or skipped. [0.15 s]
7.0.Oh: Exited with Success (@ 0.50 s)
7.0.Oh: Completed, Restart ignored.
7.0.B: Trace Attempt  3	[0.04 s]
7.0.B: Trace Attempt  4	[0.06 s]
7.0.AM: Proofgrid shell started at 4088047@caddy15.stanford.edu(local) jg_4086220_caddy15.stanford.edu_8
7.0.B: Trace Attempt  5	[0.10 s]
7.0.AM: clocks: 1, declared: 1, looping: 0, posedge: 1, negedge: 0, noedge: 0, bothedge: 0
7.0.AM: Last scan. Per property time limit: 0s
7.0.AM: Starting proof for property "CS_div_fsm_s5_8"	[0.00 s].
7.0.AM: Trace Attempt  1	[0.00 s]
7.0.AM: Trace Attempt  2	[0.01 s]
7.0.AM: Trace Attempt  3	[0.04 s]
7.0.AM: Trace Attempt  4	[0.07 s]
7.0.Mpcustom4: Trace Attempt  3	[0.62 s]
7.0.AM: Trace Attempt  5	[0.09 s]
7.0.Mpcustom4: Trace Attempt  3	[0.67 s]
7.0.Mpcustom4: Trace Attempt  4	[0.69 s]
7.0.Mpcustom4: Trace Attempt  4	[0.75 s]
7.0.Mpcustom4: Trace Attempt  5	[0.77 s]
7.0.AM: Trace Attempt  1	[1.92 s]
7.0.AM: Trace Attempt  2	[1.95 s]
7.0.AM: Trace Attempt  3	[1.95 s]
7.0.AM: Trace Attempt  5	[1.96 s]
7.0.N: Trace Attempt  1	[3.97 s]
7.0.N: Trace Attempt  2	[4.00 s]
7.0.N: Trace Attempt  3	[4.00 s]
7.0.N: Trace Attempt  5	[4.02 s]
7.0.Ht: Trace Attempt 35	[4.34 s]
7.0.B: Trace Attempt 31	[4.33 s]
7.0.Mpcustom4: Trace Attempt 24	[5.25 s]
7.0.AM: Trace Attempt  1	[4.79 s]
7.0.AM: Trace Attempt  2	[4.82 s]
7.0.AM: Trace Attempt  3	[4.82 s]
7.0.AM: Trace Attempt  5	[4.83 s]
7.0.Mpcustom4: Trace Attempt 31	[10.10 s]
7.0.Mpcustom4: Trace Attempt 37	[15.62 s]
7.0.AM: Trace Attempt 38	[15.86 s]
7.0.Ht: Trace Attempt 36	[18.40 s]
7.0.B: Trace Attempt 49	[18.81 s]
7.0.AM: Trace Attempt 48	[20.74 s]
7.0.Mpcustom4: Trace Attempt 43	[21.42 s]
7.0.N: Requesting engine job to stop
7.0.B: Requesting engine job to stop
7.0.AM: Requesting engine job to stop
7.0.Hp: Requesting engine job to terminate
7.0.Ht: Requesting engine job to terminate
7.0.Mpcustom4: Requesting engine job to terminate
INFO (IPF144): 7: Initiating shutdown of proof [23.71 s]
7.0.B: A trace with 49 cycles was found. [23.23 s]
INFO (IPF047): 7.0.B: The cover property "CS_div_fsm_s5_8" was covered in 49 cycles in 23.27 s.
7.0.B: Stopped processing property "CS_div_fsm_s5_8"	[23.31 s].
7.0.B: All properties determined. [23.26 s]
7.0.B: Exited with Success (@ 23.72 s)
7: ProofGrid usable level: 0
7.0.Ht: Interrupted (multi)
7.0.Ht: Trace Attempt 48	[19.03 s]
7.0.Ht: All properties determined. [23.67 s]
7.0.N: Trace Attempt 47	[7.88 s]
7.0.N: Stopped processing property "CS_div_fsm_s5_8"	[23.74 s].
7.0.N: All properties determined. [23.75 s]
7.0.N: Exited with Success (@ 23.78 s)
7.0.Hp: Interrupted (multi)
7.0.Hp: All properties determined. [23.92 s]
7.0.Mpcustom4: Trace Attempt 45	[21.52 s]
7.0.Mpcustom4: All properties determined. [23.94 s]
7.0.Hp: Exited with Success (@ 24.23 s)
7.0.Ht: Exited with Success (@ 24.23 s)
7.0.Mpcustom4: Exited with Success (@ 24.23 s)
7.0.AM: Stopped processing property "CS_div_fsm_s5_8"	[23.89 s].
7.0.AM: All properties determined. [23.89 s]
7.0.AM: Exited with Success (@ 24.51 s)
7: --------------------------------------------------------------
ProofGrid Summary (utilization 98.82 %)
--------------------------------------------------------------
     engines started                               :     7
     engine jobs started                           :     7

    Average time in state (seconds)
    ------------------------------------------------------
    Engine  Pending     Running        Dead    Utilization
    ------------------------------------------------------
      N        0.12       23.70        0.00       99.51 %
     Hp        0.08       23.67        0.00       99.65 %
     Ht        0.10       23.66        0.00       99.56 %
    Mpcustom4        0.10       23.65        0.00       99.56 %
     Oh        0.34        0.15        0.00       30.91 %
      B        0.41       23.27        0.00       98.29 %
     AM        0.54       23.13        0.00       97.72 %
    all        0.24       20.18        0.00       98.82 %

    Total time in state (seconds)
    -----------------------------------------
            Pending     Running        Dead  
    -----------------------------------------
               1.69      141.23        0.00

    Data read    : 144.40 kiB
    Data written : 9.38 kiB

7: All pending notifications were processed.
INFO (IPF059): 7: Completed proof on task: "mytask"
cover -name CS_div_fsm_s5_9 {@(posedge clk_i) !div_fsm_s5 ##1 div_fsm_s5 [*9] ##1 !div_fsm_s5 }
INFO (IPF036): Starting proof on task: "mytask", 1 properties to prove with 0 already proven/unreachable
INFO (IPF031): Settings used for proof thread 8:
    orchestration                 = on (auto)
    time_limit                    = 600s
    per_property_time_limit       = 1s * 10 ^ scan
    engine_mode                   = auto
    proofgrid_per_engine_max_jobs = 1
    max engine jobs               = auto
    proofgrid_mode                = local
    proofgrid_restarts            = 10
8: Using multistage preprocessing
8: Starting reduce
8: Finished reduce in 0.048s
8.0.PRE: Performing Proof Simplification...
8.0.N: clocks: 1, declared: 1, looping: 0, posedge: 1, negedge: 0, noedge: 0, bothedge: 0
8.0.N: Proof Simplification Iteration 1	[0.00 s]
8.0.N: Proof Simplification Iteration 2	[0.04 s]
8.0.N: Proof Simplification Iteration 3	[0.06 s]
8.0.N: Proof Simplification Iteration 4	[0.09 s]
8.0.N: Proof Simplification Iteration 5	[0.11 s]
8.0.N: Proof Simplification Iteration 6	[0.13 s]
8.0.N: Proof Simplification Iteration 7	[0.15 s]
8.0.N: Proof Simplification Iteration 8	[0.17 s]
8.0.N: Proof Simplification Iteration 9	[0.19 s]
8.0.N: Proof Simplification Iteration 10	[0.21 s]
8.0.PRE: Proof Simplification completed in 0.27 s
8: About to start ProofGrid in its own thread with a limit of 10000 pending notifications and a limit of 10 traces.
8: =============================== ProofGrid start ===============================
8: ProofGrid usable level: 1
8: Initial ProofGrid level: 1
8: ProofGrid is starting event handling
8.0.Hp: caddy15.stanford.edu: "Rocky Linux 8.10 (Green Obsidian)" is an unsupported operating system.
8.0.N: caddy15.stanford.edu: "Rocky Linux 8.10 (Green Obsidian)" is an unsupported operating system.
8.0.Ht: caddy15.stanford.edu: "Rocky Linux 8.10 (Green Obsidian)" is an unsupported operating system.
8.0.N: Proofgrid shell started at 4088209@caddy15.stanford.edu(local) jg_4086220_caddy15.stanford.edu_9
8.0.N: clocks: 1, declared: 1, looping: 0, posedge: 1, negedge: 0, noedge: 0, bothedge: 0
8.0.Hp: Proofgrid shell started at 4088210@caddy15.stanford.edu(local) jg_4086220_caddy15.stanford.edu_9
8.0.Ht: Proofgrid shell started at 4088233@caddy15.stanford.edu(local) jg_4086220_caddy15.stanford.edu_9
8.0.Mpcustom4: caddy15.stanford.edu: "Rocky Linux 8.10 (Green Obsidian)" is an unsupported operating system.
8.0.N: Last scan. Per property time limit: 0s
8.0.N: Starting proof for property "CS_div_fsm_s5_9"	[0.00 s].
8.0.Hp: clocks: 1, declared: 1, looping: 0, posedge: 1, negedge: 0, noedge: 0, bothedge: 0
8.0.Ht: clocks: 1, declared: 1, looping: 0, posedge: 1, negedge: 0, noedge: 0, bothedge: 0
8.0.N: Trace Attempt  1	[0.01 s]
8.0.N: Trace Attempt  2	[0.01 s]
8.0.N: Trace Attempt  3	[0.01 s]
8.0.Oh: caddy15.stanford.edu: "Rocky Linux 8.10 (Green Obsidian)" is an unsupported operating system.
8.0.Ht: Trace Attempt  1	[0.04 s]
8.0.Ht: Trace Attempt  2	[0.04 s]
8.0.Ht: Trace Attempt  3	[0.05 s]
8.0.Mpcustom4: Proofgrid shell started at 4088251@caddy15.stanford.edu(local) jg_4086220_caddy15.stanford.edu_9
8.0.N: Trace Attempt  3	[0.04 s]
8.0.Ht: Trace Attempt  4	[0.06 s]
8.0.N: Trace Attempt  4	[0.06 s]
8.0.N: Trace Attempt  5	[0.06 s]
8.0.Ht: Trace Attempt  5	[0.06 s]
8.0.Mpcustom4: clocks: 1, declared: 1, looping: 0, posedge: 1, negedge: 0, noedge: 0, bothedge: 0
8.0.Oh: Proofgrid shell started at 4088262@caddy15.stanford.edu(local) jg_4086220_caddy15.stanford.edu_9
8.0.B: caddy15.stanford.edu: "Rocky Linux 8.10 (Green Obsidian)" is an unsupported operating system.
8.0.AM: caddy15.stanford.edu: "Rocky Linux 8.10 (Green Obsidian)" is an unsupported operating system.
8.0.Mpcustom4: Trace Attempt  1	[0.07 s]
8.0.Oh: clocks: 1, declared: 1, looping: 0, posedge: 1, negedge: 0, noedge: 0, bothedge: 0
8.0.Mpcustom4: Trace Attempt  2	[0.10 s]
8.0.N: Trace Attempt  5	[0.20 s]
8.0.Oh: bwd trail(1): 1 0.110952s
8.0.Oh: All properties either determined or skipped. [0.14 s]
8.0.Oh: Exited with Success (@ 0.29 s)
8.0.Oh: Completed, Restart ignored.
8.0.B: Proofgrid shell started at 4088266@caddy15.stanford.edu(local) jg_4086220_caddy15.stanford.edu_9
8.0.B: clocks: 1, declared: 1, looping: 0, posedge: 1, negedge: 0, noedge: 0, bothedge: 0
8.0.B: Last scan. Per property time limit: 0s
8.0.B: Starting proof for property "CS_div_fsm_s5_9"	[0.00 s].
8.0.B: Trace Attempt  1	[0.01 s]
8.0.B: Trace Attempt  2	[0.02 s]
8.0.AM: Proofgrid shell started at 4088270@caddy15.stanford.edu(local) jg_4086220_caddy15.stanford.edu_9
8.0.B: Trace Attempt  3	[0.03 s]
8.0.B: Trace Attempt  4	[0.04 s]
8.0.B: Trace Attempt  5	[0.08 s]
8.0.AM: clocks: 1, declared: 1, looping: 0, posedge: 1, negedge: 0, noedge: 0, bothedge: 0
8.0.AM: Last scan. Per property time limit: 0s
8.0.AM: Starting proof for property "CS_div_fsm_s5_9"	[0.00 s].
8.0.AM: Trace Attempt  1	[0.00 s]
8.0.AM: Trace Attempt  2	[0.01 s]
8.0.AM: Trace Attempt  3	[0.05 s]
8.0.AM: Trace Attempt  4	[0.10 s]
8.0.AM: Trace Attempt  5	[0.12 s]
8.0.Mpcustom4: Trace Attempt  3	[0.81 s]
8.0.Mpcustom4: Trace Attempt  3	[0.85 s]
8.0.Mpcustom4: Trace Attempt  4	[0.88 s]
8.0.Mpcustom4: Trace Attempt  4	[0.93 s]
8.0.Mpcustom4: Trace Attempt  5	[0.96 s]
8.0.AM: Trace Attempt  1	[2.43 s]
8.0.AM: Trace Attempt  2	[2.49 s]
8.0.AM: Trace Attempt  3	[2.50 s]
8.0.AM: Trace Attempt  5	[2.52 s]
8.0.N: Trace Attempt  1	[3.31 s]
8.0.N: Trace Attempt  2	[3.32 s]
8.0.N: Trace Attempt  3	[3.32 s]
8.0.N: Trace Attempt  5	[3.32 s]
8.0.B: Trace Attempt 39	[4.32 s]
8.0.AM: Trace Attempt  1	[4.48 s]
8.0.AM: Trace Attempt  2	[4.51 s]
8.0.AM: Trace Attempt  3	[4.51 s]
8.0.AM: Trace Attempt  5	[4.53 s]
8.0.Mpcustom4: Trace Attempt 24	[5.23 s]
8.0.N: Trace Attempt 44	[8.42 s]
8.0.Mpcustom4: Trace Attempt 32	[10.00 s]
8.0.B: Trace Attempt 50	[14.08 s]
8.0.Mpcustom4: Trace Attempt 38	[15.55 s]
8.0.AM: Trace Attempt 42	[17.47 s]
8.0.N: Requesting engine job to stop
8.0.B: Requesting engine job to stop
8.0.AM: Requesting engine job to stop
8.0.Hp: Requesting engine job to terminate
8.0.Ht: Requesting engine job to terminate
8.0.Mpcustom4: Requesting engine job to terminate
INFO (IPF144): 8: Initiating shutdown of proof [18.77 s]
8.0.B: A trace with 50 cycles was found. [18.38 s]
INFO (IPF047): 8.0.B: The cover property "CS_div_fsm_s5_9" was covered in 50 cycles in 18.43 s.
8.0.B: Stopped processing property "CS_div_fsm_s5_9"	[18.47 s].
8.0.Hp: Interrupted (multi)
8.0.Hp: All properties determined. [18.75 s]
8.0.B: All properties determined. [18.41 s]
8.0.B: Exited with Success (@ 18.78 s)
8: ProofGrid usable level: 0
8.0.Hp: Exited with Success (@ 18.88 s)
8.0.N: Trace Attempt 49	[12.39 s]
8.0.N: Stopped processing property "CS_div_fsm_s5_9"	[18.97 s].
8.0.AM: Trace Attempt 48	[17.87 s]
8.0.AM: Stopped processing property "CS_div_fsm_s5_9"	[18.55 s].
8.0.AM: All properties determined. [18.55 s]
8.0.N: All properties determined. [18.97 s]
8.0.N: Exited with Success (@ 19.01 s)
8.0.AM: Exited with Success (@ 19.07 s)
8.0.Mpcustom4: Trace Attempt 42	[17.25 s]
8.0.Mpcustom4: All properties determined. [18.99 s]
8.0.Ht: Interrupted (multi)
8.0.Ht: Trace Attempt 43	[3.95 s]
8.0.Ht: All properties determined. [19.42 s]
8.0.Mpcustom4: Exited with Success (@ 19.45 s)
8.0.Ht: Exited with Success (@ 19.78 s)
8: --------------------------------------------------------------
ProofGrid Summary (utilization 98.94 %)
--------------------------------------------------------------
     engines started                               :     7
     engine jobs started                           :     7

    Average time in state (seconds)
    ------------------------------------------------------
    Engine  Pending     Running        Dead    Utilization
    ------------------------------------------------------
      N        0.09       18.76        0.00       99.54 %
     Hp        0.09       18.74        0.00       99.54 %
     Ht        0.07       18.73        0.00       99.64 %
    Mpcustom4        0.10       18.68        0.00       99.46 %
     Oh        0.14        0.13        0.00       48.49 %
      B        0.33       18.42        0.00       98.24 %
     AM        0.38       18.34        0.00       97.96 %
    all        0.17       15.97        0.00       98.94 %

    Total time in state (seconds)
    -----------------------------------------
            Pending     Running        Dead  
    -----------------------------------------
               1.20      111.82        0.00

    Data read    : 142.09 kiB
    Data written : 10.88 kiB

8: All pending notifications were processed.
INFO (IPF059): 8: Completed proof on task: "mytask"
cover -name CS_div_fsm_s5_10 {@(posedge clk_i) !div_fsm_s5 ##1 div_fsm_s5 [*10] ##1 !div_fsm_s5 }
INFO (IPF036): Starting proof on task: "mytask", 1 properties to prove with 0 already proven/unreachable
INFO (IPF031): Settings used for proof thread 9:
    orchestration                 = on (auto)
    time_limit                    = 600s
    per_property_time_limit       = 1s * 10 ^ scan
    engine_mode                   = auto
    proofgrid_per_engine_max_jobs = 1
    max engine jobs               = auto
    proofgrid_mode                = local
    proofgrid_restarts            = 10
9: Using multistage preprocessing
9: Starting reduce
9: Finished reduce in 0.041s
9.0.PRE: Performing Proof Simplification...
9.0.N: clocks: 1, declared: 1, looping: 0, posedge: 1, negedge: 0, noedge: 0, bothedge: 0
9.0.N: Proof Simplification Iteration 1	[0.00 s]
9.0.N: Proof Simplification Iteration 2	[0.04 s]
9.0.N: Proof Simplification Iteration 3	[0.06 s]
9.0.N: Proof Simplification Iteration 4	[0.07 s]
9.0.N: Proof Simplification Iteration 5	[0.09 s]
9.0.N: Proof Simplification Iteration 6	[0.11 s]
9.0.N: Proof Simplification Iteration 7	[0.13 s]
9.0.N: Proof Simplification Iteration 8	[0.15 s]
9.0.N: Proof Simplification Iteration 9	[0.16 s]
9.0.N: Proof Simplification Iteration 10	[0.18 s]
9.0.PRE: Proof Simplification completed in 0.23 s
9: About to start ProofGrid in its own thread with a limit of 10000 pending notifications and a limit of 10 traces.
9: =============================== ProofGrid start ===============================
9: ProofGrid usable level: 1
9: Initial ProofGrid level: 1
9: ProofGrid is starting event handling
9.0.Hp: caddy15.stanford.edu: "Rocky Linux 8.10 (Green Obsidian)" is an unsupported operating system.
9.0.N: caddy15.stanford.edu: "Rocky Linux 8.10 (Green Obsidian)" is an unsupported operating system.
9.0.Ht: caddy15.stanford.edu: "Rocky Linux 8.10 (Green Obsidian)" is an unsupported operating system.
9.0.Mpcustom4: caddy15.stanford.edu: "Rocky Linux 8.10 (Green Obsidian)" is an unsupported operating system.
9.0.Hp: Proofgrid shell started at 4088327@caddy15.stanford.edu(local) jg_4086220_caddy15.stanford.edu_10
9.0.Oh: caddy15.stanford.edu: "Rocky Linux 8.10 (Green Obsidian)" is an unsupported operating system.
9.0.Hp: clocks: 1, declared: 1, looping: 0, posedge: 1, negedge: 0, noedge: 0, bothedge: 0
9.0.N: Proofgrid shell started at 4088326@caddy15.stanford.edu(local) jg_4086220_caddy15.stanford.edu_10
9.0.Mpcustom4: Proofgrid shell started at 4088352@caddy15.stanford.edu(local) jg_4086220_caddy15.stanford.edu_10
9.0.N: clocks: 1, declared: 1, looping: 0, posedge: 1, negedge: 0, noedge: 0, bothedge: 0
9.0.Oh: Proofgrid shell started at 4088379@caddy15.stanford.edu(local) jg_4086220_caddy15.stanford.edu_10
9.0.B: caddy15.stanford.edu: "Rocky Linux 8.10 (Green Obsidian)" is an unsupported operating system.
9.0.N: Last scan. Per property time limit: 0s
9.0.N: Starting proof for property "CS_div_fsm_s5_10"	[0.00 s].
9.0.Mpcustom4: clocks: 1, declared: 1, looping: 0, posedge: 1, negedge: 0, noedge: 0, bothedge: 0
9.0.N: Trace Attempt  1	[0.01 s]
9.0.N: Trace Attempt  2	[0.01 s]
9.0.N: Trace Attempt  3	[0.01 s]
9.0.Ht: Proofgrid shell started at 4088349@caddy15.stanford.edu(local) jg_4086220_caddy15.stanford.edu_10
9.0.Oh: clocks: 1, declared: 1, looping: 0, posedge: 1, negedge: 0, noedge: 0, bothedge: 0
9.0.Ht: clocks: 1, declared: 1, looping: 0, posedge: 1, negedge: 0, noedge: 0, bothedge: 0
9.0.N: Trace Attempt  3	[0.06 s]
9.0.B: Proofgrid shell started at 4088381@caddy15.stanford.edu(local) jg_4086220_caddy15.stanford.edu_10
9.0.AM: caddy15.stanford.edu: "Rocky Linux 8.10 (Green Obsidian)" is an unsupported operating system.
9.0.N: Trace Attempt  4	[0.07 s]
9.0.N: Trace Attempt  5	[0.07 s]
9.0.Mpcustom4: Trace Attempt  1	[0.08 s]
9.0.B: clocks: 1, declared: 1, looping: 0, posedge: 1, negedge: 0, noedge: 0, bothedge: 0
9.0.Ht: Trace Attempt  1	[0.06 s]
9.0.Ht: Trace Attempt  2	[0.06 s]
9.0.Ht: Trace Attempt  3	[0.06 s]
9.0.B: Last scan. Per property time limit: 0s
9.0.B: Starting proof for property "CS_div_fsm_s5_10"	[0.00 s].
9.0.Ht: Trace Attempt  4	[0.07 s]
9.0.B: Trace Attempt  1	[0.02 s]
9.0.Ht: Trace Attempt  5	[0.07 s]
9.0.B: Trace Attempt  2	[0.03 s]
9.0.Mpcustom4: Trace Attempt  2	[0.14 s]
9.0.N: Trace Attempt  5	[0.14 s]
9.0.B: Trace Attempt  3	[0.05 s]
9.0.B: Trace Attempt  4	[0.08 s]
9.0.Oh: bwd trail(1): 1 0.111933s
9.0.Oh: All properties either determined or skipped. [0.21 s]
9.0.Oh: Exited with Success (@ 0.29 s)
9.0.Oh: Completed, Restart ignored.
9.0.B: Trace Attempt  5	[0.15 s]
9.0.AM: Proofgrid shell started at 4088400@caddy15.stanford.edu(local) jg_4086220_caddy15.stanford.edu_10
9.0.AM: clocks: 1, declared: 1, looping: 0, posedge: 1, negedge: 0, noedge: 0, bothedge: 0
9.0.AM: Last scan. Per property time limit: 0s
9.0.AM: Starting proof for property "CS_div_fsm_s5_10"	[0.00 s].
9.0.AM: Trace Attempt  1	[0.00 s]
9.0.AM: Trace Attempt  2	[0.01 s]
9.0.AM: Trace Attempt  3	[0.07 s]
9.0.AM: Trace Attempt  4	[0.13 s]
9.0.AM: Trace Attempt  5	[0.18 s]
9.0.Mpcustom4: Trace Attempt  3	[1.12 s]
9.0.Mpcustom4: Trace Attempt  3	[1.18 s]
9.0.Mpcustom4: Trace Attempt  4	[1.21 s]
9.0.Mpcustom4: Trace Attempt  4	[1.27 s]
9.0.Mpcustom4: Trace Attempt  5	[1.30 s]
9.0.AM: Trace Attempt  1	[1.85 s]
9.0.AM: Trace Attempt  2	[1.88 s]
9.0.AM: Trace Attempt  3	[1.88 s]
9.0.AM: Trace Attempt  5	[1.90 s]
9.0.AM: Trace Attempt  1	[3.08 s]
9.0.AM: Trace Attempt  2	[3.11 s]
9.0.AM: Trace Attempt  3	[3.12 s]
9.0.AM: Trace Attempt  5	[3.13 s]
9.0.N: Trace Attempt 28	[4.14 s]
9.0.N: Trace Attempt  1	[4.29 s]
9.0.B: Trace Attempt 45	[4.21 s]
9.0.N: Trace Attempt  2	[4.32 s]
9.0.N: Trace Attempt  3	[4.32 s]
9.0.N: Trace Attempt  5	[4.33 s]
9.0.Mpcustom4: Trace Attempt 28	[5.70 s]
9.0.Ht: Trace Attempt 42	[6.04 s]
9.0.N: Trace Attempt 49	[9.48 s]
9.0.Mpcustom4: Trace Attempt 37	[10.60 s]
9.0.AM: Trace Attempt 43	[14.79 s]
9.0.Mpcustom4: Trace Attempt 42	[16.48 s]
9.0.Mpcustom4: Trace Attempt 46	[21.75 s]
9.0.B: Trace Attempt 51	[22.43 s]
9.0.Mpcustom4: Trace Attempt 49	[26.81 s]
9.0.N: Trace Attempt 49	[28.45 s]
9.0.AM: Trace Attempt 50	[29.54 s]
9.0.N: Requesting engine job to stop
9.0.B: Requesting engine job to stop
9.0.AM: Requesting engine job to stop
9.0.Hp: Requesting engine job to terminate
9.0.Ht: Requesting engine job to terminate
9.0.Mpcustom4: Requesting engine job to terminate
INFO (IPF144): 9: Initiating shutdown of proof [30.55 s]
9.0.B: A trace with 51 cycles was found. [30.37 s]
INFO (IPF047): 9.0.B: The cover property "CS_div_fsm_s5_10" was covered in 51 cycles in 30.40 s.
9.0.B: Stopped processing property "CS_div_fsm_s5_10"	[30.47 s].
9.0.B: All properties determined. [30.40 s]
9.0.B: Exited with Success (@ 30.56 s)
9: ProofGrid usable level: 0
9.0.Hp: Interrupted (multi)
9.0.Hp: All properties determined. [30.59 s]
9.0.AM: Trace Attempt 51	[29.86 s]
9.0.AM: Stopped processing property "CS_div_fsm_s5_10"	[30.25 s].
9.0.AM: All properties determined. [30.26 s]
9.0.AM: Exited with Success (@ 30.68 s)
9.0.N: Stopped processing property "CS_div_fsm_s5_10"	[30.65 s].
9.0.N: All properties determined. [30.66 s]
9.0.N: Exited with Success (@ 30.92 s)
9.0.Mpcustom4: Trace Attempt 49	[28.83 s]
9.0.Mpcustom4: All properties determined. [30.87 s]
9.0.Hp: Exited with Success (@ 31.07 s)
9.0.Ht: Interrupted (multi)
9.0.Ht: Trace Attempt 50	[6.47 s]
9.0.Ht: All properties determined. [30.97 s]
9.0.Mpcustom4: Exited with Success (@ 31.07 s)
9.0.Ht: Exited with Success (@ 31.21 s)
9: --------------------------------------------------------------
ProofGrid Summary (utilization 99.44 %)
--------------------------------------------------------------
     engines started                               :     7
     engine jobs started                           :     7

    Average time in state (seconds)
    ------------------------------------------------------
    Engine  Pending     Running        Dead    Utilization
    ------------------------------------------------------
      N        0.12       30.52        0.00       99.60 %
     Hp        0.08       30.54        0.00       99.74 %
     Ht        0.15       30.46        0.00       99.51 %
    Mpcustom4        0.10       30.49        0.00       99.66 %
     Oh        0.08        0.21        0.00       72.11 %
      B        0.15       30.42        0.00       99.52 %
     AM        0.35       30.17        0.00       98.86 %
    all        0.15       26.11        0.00       99.44 %

    Total time in state (seconds)
    -----------------------------------------
            Pending     Running        Dead  
    -----------------------------------------
               1.03      182.80        0.00

    Data read    : 153.74 kiB
    Data written : 12.85 kiB

9: All pending notifications were processed.
INFO (IPF059): 9: Completed proof on task: "mytask"
cover -name CS_div_fsm_s5_11 {@(posedge clk_i) !div_fsm_s5 ##1 div_fsm_s5 [*11] ##1 !div_fsm_s5 }
INFO (IPF036): Starting proof on task: "mytask", 1 properties to prove with 0 already proven/unreachable
INFO (IPF031): Settings used for proof thread 10:
    orchestration                 = on (auto)
    time_limit                    = 600s
    per_property_time_limit       = 1s * 10 ^ scan
    engine_mode                   = auto
    proofgrid_per_engine_max_jobs = 1
    max engine jobs               = auto
    proofgrid_mode                = local
    proofgrid_restarts            = 10
10: Using multistage preprocessing
10: Starting reduce
10: Finished reduce in 0.04s
10.0.PRE: Performing Proof Simplification...
10.0.N: clocks: 1, declared: 1, looping: 0, posedge: 1, negedge: 0, noedge: 0, bothedge: 0
10.0.N: Proof Simplification Iteration 1	[0.00 s]
10.0.N: Proof Simplification Iteration 2	[0.04 s]
10.0.N: Proof Simplification Iteration 3	[0.05 s]
10.0.N: Proof Simplification Iteration 4	[0.07 s]
10.0.N: Proof Simplification Iteration 5	[0.09 s]
10.0.N: Proof Simplification Iteration 6	[0.11 s]
10.0.N: Proof Simplification Iteration 7	[0.13 s]
10.0.N: Proof Simplification Iteration 8	[0.14 s]
10.0.N: Proof Simplification Iteration 9	[0.16 s]
10.0.N: Proof Simplification Iteration 10	[0.18 s]
10.0.PRE: Proof Simplification completed in 0.23 s
10: About to start ProofGrid in its own thread with a limit of 10000 pending notifications and a limit of 10 traces.
10: =============================== ProofGrid start ===============================
10: ProofGrid usable level: 1
10: Initial ProofGrid level: 1
10: ProofGrid is starting event handling
10.0.Hp: caddy15.stanford.edu: "Rocky Linux 8.10 (Green Obsidian)" is an unsupported operating system.
10.0.N: caddy15.stanford.edu: "Rocky Linux 8.10 (Green Obsidian)" is an unsupported operating system.
10.0.Ht: caddy15.stanford.edu: "Rocky Linux 8.10 (Green Obsidian)" is an unsupported operating system.
10.0.Mpcustom4: caddy15.stanford.edu: "Rocky Linux 8.10 (Green Obsidian)" is an unsupported operating system.
10.0.N: Proofgrid shell started at 4088558@caddy15.stanford.edu(local) jg_4086220_caddy15.stanford.edu_11
10.0.Hp: Proofgrid shell started at 4088559@caddy15.stanford.edu(local) jg_4086220_caddy15.stanford.edu_11
10.0.N: clocks: 1, declared: 1, looping: 0, posedge: 1, negedge: 0, noedge: 0, bothedge: 0
10.0.Hp: clocks: 1, declared: 1, looping: 0, posedge: 1, negedge: 0, noedge: 0, bothedge: 0
10.0.Oh: caddy15.stanford.edu: "Rocky Linux 8.10 (Green Obsidian)" is an unsupported operating system.
10.0.Ht: Proofgrid shell started at 4088582@caddy15.stanford.edu(local) jg_4086220_caddy15.stanford.edu_11
10.0.N: Last scan. Per property time limit: 0s
10.0.N: Starting proof for property "CS_div_fsm_s5_11"	[0.00 s].
10.0.B: caddy15.stanford.edu: "Rocky Linux 8.10 (Green Obsidian)" is an unsupported operating system.
10.0.N: Trace Attempt  1	[0.00 s]
10.0.AM: caddy15.stanford.edu: "Rocky Linux 8.10 (Green Obsidian)" is an unsupported operating system.
10.0.N: Trace Attempt  2	[0.01 s]
10.0.N: Trace Attempt  3	[0.01 s]
10.0.Ht: clocks: 1, declared: 1, looping: 0, posedge: 1, negedge: 0, noedge: 0, bothedge: 0
10.0.Mpcustom4: Proofgrid shell started at 4088601@caddy15.stanford.edu(local) jg_4086220_caddy15.stanford.edu_11
10.0.Mpcustom4: clocks: 1, declared: 1, looping: 0, posedge: 1, negedge: 0, noedge: 0, bothedge: 0
10.0.N: Trace Attempt  3	[0.04 s]
10.0.Ht: Trace Attempt  1	[0.04 s]
10.0.Ht: Trace Attempt  2	[0.04 s]
10.0.Ht: Trace Attempt  3	[0.04 s]
10.0.Ht: Trace Attempt  4	[0.04 s]
10.0.Oh: Proofgrid shell started at 4088616@caddy15.stanford.edu(local) jg_4086220_caddy15.stanford.edu_11
10.0.N: Trace Attempt  4	[0.06 s]
10.0.N: Trace Attempt  5	[0.06 s]
10.0.Ht: Trace Attempt  5	[0.05 s]
10.0.B: Proofgrid shell started at 4088620@caddy15.stanford.edu(local) jg_4086220_caddy15.stanford.edu_11
10.0.Mpcustom4: Trace Attempt  1	[0.04 s]
10.0.Oh: clocks: 1, declared: 1, looping: 0, posedge: 1, negedge: 0, noedge: 0, bothedge: 0
10.0.AM: Proofgrid shell started at 4088624@caddy15.stanford.edu(local) jg_4086220_caddy15.stanford.edu_11
10.0.B: clocks: 1, declared: 1, looping: 0, posedge: 1, negedge: 0, noedge: 0, bothedge: 0
10.0.AM: clocks: 1, declared: 1, looping: 0, posedge: 1, negedge: 0, noedge: 0, bothedge: 0
10.0.B: Last scan. Per property time limit: 0s
10.0.B: Starting proof for property "CS_div_fsm_s5_11"	[0.00 s].
10.0.Mpcustom4: Trace Attempt  2	[0.06 s]
10.0.AM: Last scan. Per property time limit: 0s
10.0.AM: Starting proof for property "CS_div_fsm_s5_11"	[0.00 s].
10.0.B: Trace Attempt  1	[0.01 s]
10.0.AM: Trace Attempt  1	[0.00 s]
10.0.AM: Trace Attempt  2	[0.01 s]
10.0.B: Trace Attempt  2	[0.01 s]
10.0.B: Trace Attempt  3	[0.02 s]
10.0.AM: Trace Attempt  3	[0.03 s]
10.0.B: Trace Attempt  4	[0.04 s]
10.0.N: Trace Attempt  5	[0.11 s]
10.0.AM: Trace Attempt  4	[0.06 s]
10.0.B: Trace Attempt  5	[0.07 s]
10.0.AM: Trace Attempt  5	[0.08 s]
10.0.Oh: bwd trail(1): 1 0.114344s
10.0.Oh: All properties either determined or skipped. [0.13 s]
10.0.Oh: Exited with Success (@ 0.23 s)
10.0.Mpcustom4: Trace Attempt  3	[0.61 s]
10.0.Mpcustom4: Trace Attempt  3	[0.66 s]
10.0.Mpcustom4: Trace Attempt  4	[0.69 s]
10.0.Mpcustom4: Trace Attempt  4	[0.74 s]
10.0.Mpcustom4: Trace Attempt  5	[0.77 s]
10.0.AM: Trace Attempt  1	[2.41 s]
10.0.AM: Trace Attempt  2	[2.44 s]
10.0.AM: Trace Attempt  3	[2.44 s]
10.0.AM: Trace Attempt  5	[2.46 s]
10.0.N: Trace Attempt  1	[4.13 s]
10.0.N: Trace Attempt  2	[4.16 s]
10.0.N: Trace Attempt  3	[4.17 s]
10.0.N: Trace Attempt  5	[4.18 s]
10.0.B: Trace Attempt 48	[4.12 s]
10.0.AM: Trace Attempt  1	[4.68 s]
10.0.AM: Trace Attempt  2	[4.71 s]
10.0.AM: Trace Attempt  3	[4.71 s]
10.0.AM: Trace Attempt  5	[4.73 s]
10.0.Mpcustom4: Trace Attempt 26	[5.11 s]
10.0.Ht: Trace Attempt 40	[5.45 s]
10.0.N: Trace Attempt 50	[8.22 s]
10.0.Mpcustom4: Trace Attempt 33	[10.16 s]
10.0.AM: Trace Attempt 40	[14.76 s]
10.0.Mpcustom4: Trace Attempt 39	[15.22 s]
10.0.B: Trace Attempt 52	[17.05 s]
10.0.N: Requesting engine job to stop
10.0.B: Requesting engine job to stop
10.0.AM: Requesting engine job to stop
10.0.Hp: Requesting engine job to terminate
10.0.Ht: Requesting engine job to terminate
10.0.Mpcustom4: Requesting engine job to terminate
INFO (IPF144): 10: Initiating shutdown of proof [17.64 s]
10.0.B: A trace with 52 cycles was found. [17.52 s]
INFO (IPF047): 10.0.B: The cover property "CS_div_fsm_s5_11" was covered in 52 cycles in 17.59 s.
10.0.B: Stopped processing property "CS_div_fsm_s5_11"	[17.61 s].
10.0.B: All properties determined. [17.55 s]
10.0.B: Exited with Success (@ 17.65 s)
10: ProofGrid usable level: 0
10.0.N: Stopped processing property "CS_div_fsm_s5_11"	[17.69 s].
10.0.N: All properties determined. [17.67 s]
10.0.N: Exited with Success (@ 17.70 s)
10.0.AM: Trace Attempt 50	[15.44 s]
10.0.AM: Stopped processing property "CS_div_fsm_s5_11"	[17.69 s].
10.0.AM: All properties determined. [17.70 s]
10.0.AM: Exited with Success (@ 17.81 s)
10.0.Hp: Interrupted (multi)
10.0.Hp: All properties determined. [17.90 s]
10.0.Mpcustom4: Trace Attempt 42	[17.00 s]
10.0.Mpcustom4: All properties determined. [17.91 s]
10.0.Mpcustom4: Exited with Success (@ 18.03 s)
10.0.Hp: Exited with Success (@ 18.28 s)
10.0.Ht: Interrupted (multi)
10.0.Ht: Trace Attempt 51	[5.98 s]
10.0.Ht: All properties determined. [18.44 s]
10.0.Ht: Exited with Success (@ 18.84 s)
10: --------------------------------------------------------------
ProofGrid Summary (utilization 99.44 %)
--------------------------------------------------------------
     engines started                               :     7
     engine jobs started                           :     7

    Average time in state (seconds)
    ------------------------------------------------------
    Engine  Pending     Running        Dead    Utilization
    ------------------------------------------------------
      N        0.11       17.63        0.00       99.40 %
     Hp        0.08       17.63        0.00       99.53 %
     Ht        0.08       17.62        0.00       99.56 %
    Mpcustom4        0.08       17.60        0.00       99.57 %
     Oh        0.09        0.13        0.00       59.44 %
      B        0.08       17.56        0.00       99.55 %
     AM        0.08       17.55        0.00       99.57 %
    all        0.08       15.10        0.00       99.44 %

    Total time in state (seconds)
    -----------------------------------------
            Pending     Running        Dead  
    -----------------------------------------
               0.59      105.72        0.00

    Data read    : 149.05 kiB
    Data written : 14.42 kiB

10: All pending notifications were processed.
INFO (IPF059): 10: Completed proof on task: "mytask"
cover -name CS_div_fsm_s5_12 {@(posedge clk_i) !div_fsm_s5 ##1 div_fsm_s5 [*12] ##1 !div_fsm_s5 }
INFO (IPF036): Starting proof on task: "mytask", 1 properties to prove with 0 already proven/unreachable
INFO (IPF031): Settings used for proof thread 11:
    orchestration                 = on (auto)
    time_limit                    = 600s
    per_property_time_limit       = 1s * 10 ^ scan
    engine_mode                   = auto
    proofgrid_per_engine_max_jobs = 1
    max engine jobs               = auto
    proofgrid_mode                = local
    proofgrid_restarts            = 10
11: Using multistage preprocessing
11: Starting reduce
11: Finished reduce in 0.041s
11.0.PRE: Performing Proof Simplification...
11.0.N: clocks: 1, declared: 1, looping: 0, posedge: 1, negedge: 0, noedge: 0, bothedge: 0
11.0.N: Proof Simplification Iteration 1	[0.00 s]
11.0.N: Proof Simplification Iteration 2	[0.04 s]
11.0.N: Proof Simplification Iteration 3	[0.06 s]
11.0.N: Proof Simplification Iteration 4	[0.07 s]
11.0.N: Proof Simplification Iteration 5	[0.09 s]
11.0.N: Proof Simplification Iteration 6	[0.11 s]
11.0.N: Proof Simplification Iteration 7	[0.13 s]
11.0.N: Proof Simplification Iteration 8	[0.15 s]
11.0.N: Proof Simplification Iteration 9	[0.17 s]
11.0.N: Proof Simplification Iteration 10	[0.18 s]
11.0.PRE: Proof Simplification completed in 0.23 s
11: About to start ProofGrid in its own thread with a limit of 10000 pending notifications and a limit of 10 traces.
11: =============================== ProofGrid start ===============================
11: ProofGrid usable level: 1
11: Initial ProofGrid level: 1
11: ProofGrid is starting event handling
11.0.N: caddy15.stanford.edu: "Rocky Linux 8.10 (Green Obsidian)" is an unsupported operating system.
11.0.Hp: caddy15.stanford.edu: "Rocky Linux 8.10 (Green Obsidian)" is an unsupported operating system.
11.0.Ht: caddy15.stanford.edu: "Rocky Linux 8.10 (Green Obsidian)" is an unsupported operating system.
11.0.Mpcustom4: caddy15.stanford.edu: "Rocky Linux 8.10 (Green Obsidian)" is an unsupported operating system.
11.0.N: Proofgrid shell started at 4089004@caddy15.stanford.edu(local) jg_4086220_caddy15.stanford.edu_12
11.0.Hp: Proofgrid shell started at 4089005@caddy15.stanford.edu(local) jg_4086220_caddy15.stanford.edu_12
11.0.Oh: caddy15.stanford.edu: "Rocky Linux 8.10 (Green Obsidian)" is an unsupported operating system.
11.0.N: clocks: 1, declared: 1, looping: 0, posedge: 1, negedge: 0, noedge: 0, bothedge: 0
11.0.Hp: clocks: 1, declared: 1, looping: 0, posedge: 1, negedge: 0, noedge: 0, bothedge: 0
11.0.Ht: Proofgrid shell started at 4089027@caddy15.stanford.edu(local) jg_4086220_caddy15.stanford.edu_12
11.0.N: Last scan. Per property time limit: 0s
11.0.N: Starting proof for property "CS_div_fsm_s5_12"	[0.00 s].
11.0.N: Trace Attempt  1	[0.00 s]
11.0.N: Trace Attempt  2	[0.01 s]
11.0.N: Trace Attempt  3	[0.01 s]
11.0.Ht: clocks: 1, declared: 1, looping: 0, posedge: 1, negedge: 0, noedge: 0, bothedge: 0
11.0.AM: caddy15.stanford.edu: "Rocky Linux 8.10 (Green Obsidian)" is an unsupported operating system.
11.0.B: caddy15.stanford.edu: "Rocky Linux 8.10 (Green Obsidian)" is an unsupported operating system.
11.0.Mpcustom4: Proofgrid shell started at 4089046@caddy15.stanford.edu(local) jg_4086220_caddy15.stanford.edu_12
11.0.Mpcustom4: clocks: 1, declared: 1, looping: 0, posedge: 1, negedge: 0, noedge: 0, bothedge: 0
11.0.N: Trace Attempt  3	[0.04 s]
11.0.Oh: Proofgrid shell started at 4089061@caddy15.stanford.edu(local) jg_4086220_caddy15.stanford.edu_12
11.0.Ht: Trace Attempt  1	[0.04 s]
11.0.Ht: Trace Attempt  2	[0.04 s]
11.0.Ht: Trace Attempt  3	[0.04 s]
11.0.Oh: clocks: 1, declared: 1, looping: 0, posedge: 1, negedge: 0, noedge: 0, bothedge: 0
11.0.Ht: Trace Attempt  4	[0.04 s]
11.0.N: Trace Attempt  4	[0.06 s]
11.0.N: Trace Attempt  5	[0.06 s]
11.0.Ht: Trace Attempt  5	[0.05 s]
11.0.Mpcustom4: Trace Attempt  1	[0.04 s]
11.0.AM: Proofgrid shell started at 4089076@caddy15.stanford.edu(local) jg_4086220_caddy15.stanford.edu_12
11.0.B: Proofgrid shell started at 4089073@caddy15.stanford.edu(local) jg_4086220_caddy15.stanford.edu_12
11.0.AM: clocks: 1, declared: 1, looping: 0, posedge: 1, negedge: 0, noedge: 0, bothedge: 0
11.0.B: clocks: 1, declared: 1, looping: 0, posedge: 1, negedge: 0, noedge: 0, bothedge: 0
11.0.Mpcustom4: Trace Attempt  2	[0.06 s]
11.0.AM: Last scan. Per property time limit: 0s
11.0.AM: Starting proof for property "CS_div_fsm_s5_12"	[0.00 s].
11.0.B: Last scan. Per property time limit: 0s
11.0.B: Starting proof for property "CS_div_fsm_s5_12"	[0.00 s].
11.0.AM: Trace Attempt  1	[0.00 s]
11.0.AM: Trace Attempt  2	[0.01 s]
11.0.B: Trace Attempt  1	[0.01 s]
11.0.B: Trace Attempt  2	[0.02 s]
11.0.B: Trace Attempt  3	[0.03 s]
11.0.AM: Trace Attempt  3	[0.03 s]
11.0.N: Trace Attempt  5	[0.12 s]
11.0.B: Trace Attempt  4	[0.04 s]
11.0.AM: Trace Attempt  4	[0.06 s]
11.0.B: Trace Attempt  5	[0.08 s]
11.0.AM: Trace Attempt  5	[0.08 s]
11.0.Oh: bwd trail(1): 1 0.110166s
11.0.Oh: All properties either determined or skipped. [0.13 s]
11.0.Oh: Exited with Success (@ 0.20 s)
11.0.Oh: Completed, Restart ignored.
11.0.Mpcustom4: Trace Attempt  3	[0.77 s]
11.0.Mpcustom4: Trace Attempt  3	[0.86 s]
11.0.Mpcustom4: Trace Attempt  4	[0.90 s]
11.0.Mpcustom4: Trace Attempt  4	[0.96 s]
11.0.Mpcustom4: Trace Attempt  5	[0.98 s]
11.0.AM: Trace Attempt  1	[2.08 s]
11.0.AM: Trace Attempt  2	[2.11 s]
11.0.AM: Trace Attempt  3	[2.11 s]
11.0.AM: Trace Attempt  5	[2.12 s]
11.0.B: Trace Attempt 46	[4.12 s]
11.0.AM: Trace Attempt  1	[4.33 s]
11.0.AM: Trace Attempt  2	[4.36 s]
11.0.AM: Trace Attempt  3	[4.36 s]
11.0.AM: Trace Attempt  5	[4.37 s]
11.0.N: Trace Attempt 28	[4.65 s]
11.0.Mpcustom4: Trace Attempt 28	[5.20 s]
11.0.Ht: Trace Attempt 39	[5.98 s]
11.0.N: Trace Attempt  1	[6.05 s]
11.0.N: Trace Attempt  2	[6.11 s]
11.0.N: Trace Attempt  3	[6.13 s]
11.0.N: Trace Attempt  5	[6.15 s]
11.0.Mpcustom4: Trace Attempt 36	[9.26 s]
11.0.N: Trace Attempt 50	[10.86 s]
11.0.Mpcustom4: Trace Attempt 41	[13.92 s]
11.0.AM: Trace Attempt 40	[14.51 s]
11.0.B: Trace Attempt 53	[17.97 s]
11.0.Mpcustom4: Trace Attempt 48	[18.03 s]
11.0.N: Requesting engine job to stop
11.0.B: Requesting engine job to stop
11.0.AM: Requesting engine job to stop
11.0.Hp: Requesting engine job to terminate
11.0.Ht: Requesting engine job to terminate
11.0.Mpcustom4: Requesting engine job to terminate
INFO (IPF144): 11: Initiating shutdown of proof [19.14 s]
11.0.B: A trace with 53 cycles was found. [18.99 s]
INFO (IPF047): 11.0.B: The cover property "CS_div_fsm_s5_12" was covered in 53 cycles in 19.05 s.
11.0.B: Stopped processing property "CS_div_fsm_s5_12"	[19.09 s].
11.0.B: All properties determined. [19.04 s]
11.0.B: Exited with Success (@ 19.17 s)
11: ProofGrid usable level: 0
11.0.N: Trace Attempt 51	[12.17 s]
11.0.N: Stopped processing property "CS_div_fsm_s5_12"	[19.18 s].
11.0.N: All properties determined. [19.18 s]
11.0.N: Exited with Success (@ 19.21 s)
11.0.Hp: Interrupted (multi)
11.0.Hp: All properties determined. [19.21 s]
11.0.Hp: Exited with Success (@ 19.33 s)
11.0.Mpcustom4: Trace Attempt 49	[18.06 s]
11.0.Mpcustom4: All properties determined. [19.40 s]
11.0.Mpcustom4: Exited with Success (@ 19.73 s)
11.0.Ht: Interrupted (multi)
11.0.Ht: Trace Attempt 52	[6.73 s]
11.0.Ht: All properties determined. [19.99 s]
11.0.AM: Trace Attempt 51	[15.66 s]
11.0.AM: Stopped processing property "CS_div_fsm_s5_12"	[20.45 s].
11.0.AM: All properties determined. [20.45 s]
11.0.Ht: Exited with Success (@ 20.57 s)
11.0.AM: Exited with Success (@ 20.57 s)
11: --------------------------------------------------------------
ProofGrid Summary (utilization 99.49 %)
--------------------------------------------------------------
     engines started                               :     7
     engine jobs started                           :     7

    Average time in state (seconds)
    ------------------------------------------------------
    Engine  Pending     Running        Dead    Utilization
    ------------------------------------------------------
      N        0.10       19.14        0.00       99.48 %
     Hp        0.08       19.13        0.00       99.58 %
     Ht        0.08       19.11        0.00       99.60 %
    Mpcustom4        0.08       19.10        0.00       99.60 %
     Oh        0.08        0.13        0.00       62.39 %
      B        0.09       19.05        0.00       99.53 %
     AM        0.09       19.05        0.00       99.55 %
    all        0.08       16.39        0.00       99.49 %

    Total time in state (seconds)
    -----------------------------------------
            Pending     Running        Dead  
    -----------------------------------------
               0.59      114.70        0.00

    Data read    : 154.72 kiB
    Data written : 9.42 kiB

11: All pending notifications were processed.
INFO (IPF059): 11: Completed proof on task: "mytask"
cover -name CS_div_fsm_s5_13 {@(posedge clk_i) !div_fsm_s5 ##1 div_fsm_s5 [*13] ##1 !div_fsm_s5 }
INFO (IPF036): Starting proof on task: "mytask", 1 properties to prove with 0 already proven/unreachable
INFO (IPF031): Settings used for proof thread 12:
    orchestration                 = on (auto)
    time_limit                    = 600s
    per_property_time_limit       = 1s * 10 ^ scan
    engine_mode                   = auto
    proofgrid_per_engine_max_jobs = 1
    max engine jobs               = auto
    proofgrid_mode                = local
    proofgrid_restarts            = 10
12: Using multistage preprocessing
12: Starting reduce
12: Finished reduce in 0.04s
12.0.PRE: Performing Proof Simplification...
12.0.N: clocks: 1, declared: 1, looping: 0, posedge: 1, negedge: 0, noedge: 0, bothedge: 0
12.0.N: Proof Simplification Iteration 1	[0.00 s]
12.0.N: Proof Simplification Iteration 2	[0.04 s]
12.0.N: Proof Simplification Iteration 3	[0.06 s]
12.0.N: Proof Simplification Iteration 4	[0.07 s]
12.0.N: Proof Simplification Iteration 5	[0.09 s]
12.0.N: Proof Simplification Iteration 6	[0.11 s]
12.0.N: Proof Simplification Iteration 7	[0.13 s]
12.0.N: Proof Simplification Iteration 8	[0.15 s]
12.0.N: Proof Simplification Iteration 9	[0.17 s]
12.0.N: Proof Simplification Iteration 10	[0.18 s]
12.0.PRE: Proof Simplification completed in 0.23 s
12: About to start ProofGrid in its own thread with a limit of 10000 pending notifications and a limit of 10 traces.
12: =============================== ProofGrid start ===============================
12: ProofGrid usable level: 1
12: Initial ProofGrid level: 1
12: ProofGrid is starting event handling
12.0.Hp: caddy15.stanford.edu: "Rocky Linux 8.10 (Green Obsidian)" is an unsupported operating system.
12.0.N: caddy15.stanford.edu: "Rocky Linux 8.10 (Green Obsidian)" is an unsupported operating system.
12.0.Mpcustom4: caddy15.stanford.edu: "Rocky Linux 8.10 (Green Obsidian)" is an unsupported operating system.
12.0.Ht: caddy15.stanford.edu: "Rocky Linux 8.10 (Green Obsidian)" is an unsupported operating system.
12.0.Oh: caddy15.stanford.edu: "Rocky Linux 8.10 (Green Obsidian)" is an unsupported operating system.
12.0.Hp: Proofgrid shell started at 4089346@caddy15.stanford.edu(local) jg_4086220_caddy15.stanford.edu_13
12.0.N: Proofgrid shell started at 4089345@caddy15.stanford.edu(local) jg_4086220_caddy15.stanford.edu_13
12.0.B: caddy15.stanford.edu: "Rocky Linux 8.10 (Green Obsidian)" is an unsupported operating system.
12.0.Hp: clocks: 1, declared: 1, looping: 0, posedge: 1, negedge: 0, noedge: 0, bothedge: 0
12.0.N: clocks: 1, declared: 1, looping: 0, posedge: 1, negedge: 0, noedge: 0, bothedge: 0
12.0.Ht: Proofgrid shell started at 4089368@caddy15.stanford.edu(local) jg_4086220_caddy15.stanford.edu_13
12.0.Mpcustom4: Proofgrid shell started at 4089371@caddy15.stanford.edu(local) jg_4086220_caddy15.stanford.edu_13
12.0.AM: caddy15.stanford.edu: "Rocky Linux 8.10 (Green Obsidian)" is an unsupported operating system.
12.0.N: Last scan. Per property time limit: 0s
12.0.N: Starting proof for property "CS_div_fsm_s5_13"	[0.00 s].
12.0.N: Trace Attempt  1	[0.01 s]
12.0.Ht: clocks: 1, declared: 1, looping: 0, posedge: 1, negedge: 0, noedge: 0, bothedge: 0
12.0.Mpcustom4: clocks: 1, declared: 1, looping: 0, posedge: 1, negedge: 0, noedge: 0, bothedge: 0
12.0.N: Trace Attempt  2	[0.01 s]
12.0.N: Trace Attempt  3	[0.01 s]
12.0.Oh: Proofgrid shell started at 4089398@caddy15.stanford.edu(local) jg_4086220_caddy15.stanford.edu_13
12.0.Oh: clocks: 1, declared: 1, looping: 0, posedge: 1, negedge: 0, noedge: 0, bothedge: 0
12.0.Ht: Trace Attempt  1	[0.04 s]
12.0.Ht: Trace Attempt  2	[0.04 s]
12.0.N: Trace Attempt  3	[0.04 s]
12.0.Mpcustom4: Trace Attempt  1	[0.04 s]
12.0.Ht: Trace Attempt  3	[0.04 s]
12.0.B: Proofgrid shell started at 4089417@caddy15.stanford.edu(local) jg_4086220_caddy15.stanford.edu_13
12.0.Ht: Trace Attempt  4	[0.04 s]
12.0.Ht: Trace Attempt  5	[0.05 s]
12.0.B: clocks: 1, declared: 1, looping: 0, posedge: 1, negedge: 0, noedge: 0, bothedge: 0
12.0.AM: Proofgrid shell started at 4089427@caddy15.stanford.edu(local) jg_4086220_caddy15.stanford.edu_13
12.0.N: Trace Attempt  4	[0.06 s]
12.0.N: Trace Attempt  5	[0.06 s]
12.0.Mpcustom4: Trace Attempt  2	[0.06 s]
12.0.B: Last scan. Per property time limit: 0s
12.0.B: Starting proof for property "CS_div_fsm_s5_13"	[0.00 s].
12.0.AM: clocks: 1, declared: 1, looping: 0, posedge: 1, negedge: 0, noedge: 0, bothedge: 0
12.0.B: Trace Attempt  1	[0.01 s]
12.0.AM: Last scan. Per property time limit: 0s
12.0.AM: Starting proof for property "CS_div_fsm_s5_13"	[0.00 s].
12.0.B: Trace Attempt  2	[0.01 s]
12.0.AM: Trace Attempt  1	[0.00 s]
12.0.AM: Trace Attempt  2	[0.01 s]
12.0.B: Trace Attempt  3	[0.02 s]
12.0.B: Trace Attempt  4	[0.04 s]
12.0.AM: Trace Attempt  3	[0.03 s]
12.0.N: Trace Attempt  5	[0.11 s]
12.0.AM: Trace Attempt  4	[0.06 s]
12.0.B: Trace Attempt  5	[0.07 s]
12.0.Oh: bwd trail(1): 1 0.112283s
12.0.Oh: All properties either determined or skipped. [0.13 s]
12.0.Oh: Exited with Success (@ 0.18 s)
12.0.Oh: Completed, Restart ignored.
12.0.AM: Trace Attempt  5	[0.08 s]
12.0.Mpcustom4: Trace Attempt  3	[0.62 s]
12.0.Mpcustom4: Trace Attempt  3	[0.67 s]
12.0.Mpcustom4: Trace Attempt  4	[0.69 s]
12.0.Mpcustom4: Trace Attempt  4	[0.74 s]
12.0.Mpcustom4: Trace Attempt  5	[0.77 s]
12.0.AM: Trace Attempt  1	[2.13 s]
12.0.AM: Trace Attempt  2	[2.17 s]
12.0.AM: Trace Attempt  3	[2.17 s]
12.0.AM: Trace Attempt  5	[2.19 s]
12.0.N: Trace Attempt  1	[2.97 s]
12.0.N: Trace Attempt  2	[3.00 s]
12.0.N: Trace Attempt  3	[3.00 s]
12.0.N: Trace Attempt  5	[3.02 s]
12.0.B: Trace Attempt 47	[4.07 s]
12.0.AM: Trace Attempt  1	[4.61 s]
12.0.AM: Trace Attempt  2	[4.64 s]
12.0.AM: Trace Attempt  3	[4.65 s]
12.0.AM: Trace Attempt  5	[4.66 s]
12.0.Mpcustom4: Trace Attempt 27	[5.12 s]
12.0.Ht: Trace Attempt 41	[5.22 s]
12.0.N: Trace Attempt 52	[8.93 s]
12.0.Mpcustom4: Trace Attempt 35	[10.10 s]
12.0.Mpcustom4: Trace Attempt 42	[14.27 s]
12.0.AM: Trace Attempt 41	[14.30 s]
12.0.AM: Trace Attempt 53	[18.95 s]
12.0.Mpcustom4: Trace Attempt 47	[19.12 s]
12.0.B: Trace Attempt 54	[19.11 s]
12.0.N: Requesting engine job to stop
12.0.B: Requesting engine job to stop
12.0.AM: Requesting engine job to stop
12.0.Hp: Requesting engine job to terminate
12.0.Ht: Requesting engine job to terminate
12.0.Mpcustom4: Requesting engine job to terminate
INFO (IPF144): 12: Initiating shutdown of proof [22.91 s]
12.0.B: A trace with 54 cycles was found. [22.80 s]
INFO (IPF047): 12.0.B: The cover property "CS_div_fsm_s5_13" was covered in 54 cycles in 22.85 s.
12.0.B: Stopped processing property "CS_div_fsm_s5_13"	[22.87 s].
12.0.Hp: Interrupted (multi)
12.0.Hp: All properties determined. [22.92 s]
12.0.B: All properties determined. [22.84 s]
12.0.B: Exited with Success (@ 22.94 s)
12: ProofGrid usable level: 0
12.0.N: Stopped processing property "CS_div_fsm_s5_13"	[22.98 s].
12.0.N: All properties determined. [22.98 s]
12.0.Hp: Exited with Success (@ 23.10 s)
12.0.N: Exited with Success (@ 23.24 s)
12.0.Mpcustom4: Trace Attempt 49	[22.33 s]
12.0.Mpcustom4: All properties determined. [23.21 s]
12.0.AM: Stopped processing property "CS_div_fsm_s5_13"	[23.27 s].
12.0.Mpcustom4: Exited with Success (@ 23.37 s)
12.0.AM: All properties determined. [23.27 s]
12.0.AM: Exited with Success (@ 23.64 s)
12.0.Ht: Interrupted (multi)
12.0.Ht: Trace Attempt 53	[5.94 s]
12.0.Ht: All properties determined. [23.78 s]
12.0.Ht: Exited with Success (@ 24.28 s)
12: --------------------------------------------------------------
ProofGrid Summary (utilization 99.56 %)
--------------------------------------------------------------
     engines started                               :     7
     engine jobs started                           :     7

    Average time in state (seconds)
    ------------------------------------------------------
    Engine  Pending     Running        Dead    Utilization
    ------------------------------------------------------
      N        0.11       22.90        0.00       99.54 %
     Hp        0.08       22.90        0.00       99.65 %
     Ht        0.08       22.88        0.00       99.64 %
    Mpcustom4        0.08       22.88        0.00       99.65 %
     Oh        0.08        0.13        0.00       62.36 %
      B        0.09       22.84        0.00       99.61 %
     AM        0.08       22.82        0.00       99.63 %
    all        0.09       19.62        0.00       99.56 %

    Total time in state (seconds)
    -----------------------------------------
            Pending     Running        Dead  
    -----------------------------------------
               0.60      137.36        0.00

    Data read    : 158.43 kiB
    Data written : 12.15 kiB

12: All pending notifications were processed.
INFO (IPF059): 12: Completed proof on task: "mytask"
cover -name CS_div_fsm_s5_14 {@(posedge clk_i) !div_fsm_s5 ##1 div_fsm_s5 [*14] ##1 !div_fsm_s5 }
INFO (IPF036): Starting proof on task: "mytask", 1 properties to prove with 0 already proven/unreachable
INFO (IPF031): Settings used for proof thread 13:
    orchestration                 = on (auto)
    time_limit                    = 600s
    per_property_time_limit       = 1s * 10 ^ scan
    engine_mode                   = auto
    proofgrid_per_engine_max_jobs = 1
    max engine jobs               = auto
    proofgrid_mode                = local
    proofgrid_restarts            = 10
13: Using multistage preprocessing
13: Starting reduce
13: Finished reduce in 0.042s
13.0.PRE: Performing Proof Simplification...
13.0.N: clocks: 1, declared: 1, looping: 0, posedge: 1, negedge: 0, noedge: 0, bothedge: 0
13.0.N: Proof Simplification Iteration 1	[0.00 s]
13.0.N: Proof Simplification Iteration 2	[0.04 s]
13.0.N: Proof Simplification Iteration 3	[0.06 s]
13.0.N: Proof Simplification Iteration 4	[0.07 s]
13.0.N: Proof Simplification Iteration 5	[0.09 s]
13.0.N: Proof Simplification Iteration 6	[0.11 s]
13.0.N: Proof Simplification Iteration 7	[0.13 s]
13.0.N: Proof Simplification Iteration 8	[0.15 s]
13.0.N: Proof Simplification Iteration 9	[0.17 s]
13.0.N: Proof Simplification Iteration 10	[0.18 s]
13.0.PRE: Proof Simplification completed in 0.23 s
13: About to start ProofGrid in its own thread with a limit of 10000 pending notifications and a limit of 10 traces.
13: =============================== ProofGrid start ===============================
13: ProofGrid usable level: 1
13: Initial ProofGrid level: 1
13: ProofGrid is starting event handling
13.0.Hp: caddy15.stanford.edu: "Rocky Linux 8.10 (Green Obsidian)" is an unsupported operating system.
13.0.N: caddy15.stanford.edu: "Rocky Linux 8.10 (Green Obsidian)" is an unsupported operating system.
13.0.Ht: caddy15.stanford.edu: "Rocky Linux 8.10 (Green Obsidian)" is an unsupported operating system.
13.0.Mpcustom4: caddy15.stanford.edu: "Rocky Linux 8.10 (Green Obsidian)" is an unsupported operating system.
13.0.N: Proofgrid shell started at 4089732@caddy15.stanford.edu(local) jg_4086220_caddy15.stanford.edu_14
13.0.Hp: Proofgrid shell started at 4089733@caddy15.stanford.edu(local) jg_4086220_caddy15.stanford.edu_14
13.0.Oh: caddy15.stanford.edu: "Rocky Linux 8.10 (Green Obsidian)" is an unsupported operating system.
13.0.Hp: clocks: 1, declared: 1, looping: 0, posedge: 1, negedge: 0, noedge: 0, bothedge: 0
13.0.N: clocks: 1, declared: 1, looping: 0, posedge: 1, negedge: 0, noedge: 0, bothedge: 0
13.0.Ht: Proofgrid shell started at 4089755@caddy15.stanford.edu(local) jg_4086220_caddy15.stanford.edu_14
13.0.N: Last scan. Per property time limit: 0s
13.0.N: Starting proof for property "CS_div_fsm_s5_14"	[0.00 s].
13.0.B: caddy15.stanford.edu: "Rocky Linux 8.10 (Green Obsidian)" is an unsupported operating system.
13.0.N: Trace Attempt  1	[0.01 s]
13.0.N: Trace Attempt  2	[0.01 s]
13.0.N: Trace Attempt  3	[0.01 s]
13.0.AM: caddy15.stanford.edu: "Rocky Linux 8.10 (Green Obsidian)" is an unsupported operating system.
13.0.Ht: clocks: 1, declared: 1, looping: 0, posedge: 1, negedge: 0, noedge: 0, bothedge: 0
13.0.Mpcustom4: Proofgrid shell started at 4089774@caddy15.stanford.edu(local) jg_4086220_caddy15.stanford.edu_14
13.0.Mpcustom4: clocks: 1, declared: 1, looping: 0, posedge: 1, negedge: 0, noedge: 0, bothedge: 0
13.0.N: Trace Attempt  3	[0.04 s]
13.0.Ht: Trace Attempt  1	[0.04 s]
13.0.Ht: Trace Attempt  2	[0.04 s]
13.0.Ht: Trace Attempt  3	[0.04 s]
13.0.Oh: Proofgrid shell started at 4089789@caddy15.stanford.edu(local) jg_4086220_caddy15.stanford.edu_14
13.0.Ht: Trace Attempt  4	[0.04 s]
13.0.N: Trace Attempt  4	[0.06 s]
13.0.B: Proofgrid shell started at 4089797@caddy15.stanford.edu(local) jg_4086220_caddy15.stanford.edu_14
13.0.N: Trace Attempt  5	[0.06 s]
13.0.Ht: Trace Attempt  5	[0.05 s]
13.0.Oh: clocks: 1, declared: 1, looping: 0, posedge: 1, negedge: 0, noedge: 0, bothedge: 0
13.0.B: clocks: 1, declared: 1, looping: 0, posedge: 1, negedge: 0, noedge: 0, bothedge: 0
13.0.Mpcustom4: Trace Attempt  1	[0.04 s]
13.0.AM: Proofgrid shell started at 4089804@caddy15.stanford.edu(local) jg_4086220_caddy15.stanford.edu_14
13.0.B: Last scan. Per property time limit: 0s
13.0.B: Starting proof for property "CS_div_fsm_s5_14"	[0.00 s].
13.0.AM: clocks: 1, declared: 1, looping: 0, posedge: 1, negedge: 0, noedge: 0, bothedge: 0
13.0.Mpcustom4: Trace Attempt  2	[0.06 s]
13.0.AM: Last scan. Per property time limit: 0s
13.0.AM: Starting proof for property "CS_div_fsm_s5_14"	[0.00 s].
13.0.B: Trace Attempt  1	[0.01 s]
13.0.AM: Trace Attempt  1	[0.00 s]
13.0.AM: Trace Attempt  2	[0.01 s]
13.0.B: Trace Attempt  2	[0.02 s]
13.0.B: Trace Attempt  3	[0.03 s]
13.0.AM: Trace Attempt  3	[0.03 s]
13.0.N: Trace Attempt  5	[0.12 s]
13.0.B: Trace Attempt  4	[0.04 s]
13.0.AM: Trace Attempt  4	[0.06 s]
13.0.B: Trace Attempt  5	[0.08 s]
13.0.AM: Trace Attempt  5	[0.08 s]
13.0.Oh: bwd trail(1): 1 0.109992s
13.0.Oh: All properties either determined or skipped. [0.13 s]
13.0.Oh: Exited with Success (@ 0.21 s)
13.0.Mpcustom4: Trace Attempt  3	[0.61 s]
13.0.Mpcustom4: Trace Attempt  3	[0.66 s]
13.0.Mpcustom4: Trace Attempt  4	[0.68 s]
13.0.Mpcustom4: Trace Attempt  4	[0.73 s]
13.0.Mpcustom4: Trace Attempt  5	[0.76 s]
13.0.AM: Trace Attempt  1	[3.10 s]
13.0.AM: Trace Attempt  2	[3.13 s]
13.0.AM: Trace Attempt  3	[3.14 s]
13.0.AM: Trace Attempt  5	[3.15 s]
13.0.B: Trace Attempt 45	[4.10 s]
13.0.N: Trace Attempt 25	[4.24 s]
13.0.N: Trace Attempt  1	[4.46 s]
13.0.N: Trace Attempt  2	[4.50 s]
13.0.N: Trace Attempt  3	[4.50 s]
13.0.N: Trace Attempt  5	[4.52 s]
13.0.Ht: Trace Attempt 40	[4.55 s]
13.0.Mpcustom4: Trace Attempt 25	[4.78 s]
13.0.AM: Trace Attempt  1	[4.80 s]
13.0.AM: Trace Attempt  2	[4.82 s]
13.0.AM: Trace Attempt  3	[4.83 s]
13.0.AM: Trace Attempt  5	[4.84 s]
13.0.Mpcustom4: Trace Attempt 37	[8.80 s]
13.0.N: Trace Attempt 53	[9.59 s]
13.0.Mpcustom4: Trace Attempt 41	[14.15 s]
13.0.AM: Trace Attempt 46	[14.30 s]
13.0.Mpcustom4: Trace Attempt 43	[18.98 s]
13.0.Mpcustom4: Trace Attempt 47	[23.95 s]
13.0.B: Trace Attempt 55	[24.16 s]
13.0.N: Trace Attempt 53	[29.18 s]
13.0.N: Requesting engine job to stop
13.0.B: Requesting engine job to stop
13.0.AM: Requesting engine job to stop
13.0.Hp: Requesting engine job to terminate
13.0.Ht: Requesting engine job to terminate
13.0.Mpcustom4: Requesting engine job to terminate
INFO (IPF144): 13: Initiating shutdown of proof [29.92 s]
13.0.B: A trace with 55 cycles was found. [29.80 s]
INFO (IPF047): 13.0.B: The cover property "CS_div_fsm_s5_14" was covered in 55 cycles in 29.84 s.
13: ProofGrid usable level: 0
13.0.B: Stopped processing property "CS_div_fsm_s5_14"	[29.87 s].
13.0.B: All properties determined. [29.85 s]
13.0.B: Exited with Success (@ 29.96 s)
13.0.Hp: Interrupted (multi)
13.0.Hp: All properties determined. [29.95 s]
13.0.N: Stopped processing property "CS_div_fsm_s5_14"	[30.06 s].
13.0.N: All properties determined. [30.07 s]
13.0.AM: Trace Attempt 53	[15.88 s]
13.0.AM: Stopped processing property "CS_div_fsm_s5_14"	[30.16 s].
13.0.N: Exited with Success (@ 30.28 s)
13.0.AM: All properties determined. [30.16 s]
13.0.AM: Exited with Success (@ 30.29 s)
13.0.Hp: Exited with Success (@ 30.33 s)
13.0.Mpcustom4: Trace Attempt 50	[26.16 s]
13.0.Mpcustom4: All properties determined. [30.28 s]
13.0.Mpcustom4: Exited with Success (@ 30.62 s)
13.0.Ht: Interrupted (multi)
13.0.Ht: Trace Attempt 48	[5.18 s]
13.0.Ht: All properties determined. [31.32 s]
13.0.Ht: Exited with Success (@ 31.48 s)
13: --------------------------------------------------------------
ProofGrid Summary (utilization 99.67 %)
--------------------------------------------------------------
     engines started                               :     7
     engine jobs started                           :     7

    Average time in state (seconds)
    ------------------------------------------------------
    Engine  Pending     Running        Dead    Utilization
    ------------------------------------------------------
      N        0.10       29.91        0.00       99.65 %
     Hp        0.08       29.91        0.00       99.72 %
     Ht        0.08       29.89        0.00       99.74 %
    Mpcustom4        0.08       29.87        0.00       99.74 %
     Oh        0.08        0.13        0.00       60.20 %
      B        0.08       29.84        0.00       99.74 %
     AM        0.08       29.83        0.00       99.73 %
    all        0.08       25.63        0.00       99.67 %

    Total time in state (seconds)
    -----------------------------------------
            Pending     Running        Dead  
    -----------------------------------------
               0.59      179.38        0.00

    Data read    : 160.79 kiB
    Data written : 11.74 kiB

13: All pending notifications were processed.
INFO (IPF059): 13: Completed proof on task: "mytask"
cover -name CS_div_fsm_s5_15 {@(posedge clk_i) !div_fsm_s5 ##1 div_fsm_s5 [*15] ##1 !div_fsm_s5 }
INFO (IPF036): Starting proof on task: "mytask", 1 properties to prove with 0 already proven/unreachable
INFO (IPF031): Settings used for proof thread 14:
    orchestration                 = on (auto)
    time_limit                    = 600s
    per_property_time_limit       = 1s * 10 ^ scan
    engine_mode                   = auto
    proofgrid_per_engine_max_jobs = 1
    max engine jobs               = auto
    proofgrid_mode                = local
    proofgrid_restarts            = 10
14: Using multistage preprocessing
14: Starting reduce
14: Finished reduce in 0.04s
14.0.PRE: Performing Proof Simplification...
14.0.N: clocks: 1, declared: 1, looping: 0, posedge: 1, negedge: 0, noedge: 0, bothedge: 0
14.0.N: Proof Simplification Iteration 1	[0.00 s]
14.0.N: Proof Simplification Iteration 2	[0.04 s]
14.0.N: Proof Simplification Iteration 3	[0.05 s]
14.0.N: Proof Simplification Iteration 4	[0.07 s]
14.0.N: Proof Simplification Iteration 5	[0.09 s]
14.0.N: Proof Simplification Iteration 6	[0.11 s]
14.0.N: Proof Simplification Iteration 7	[0.13 s]
14.0.N: Proof Simplification Iteration 8	[0.15 s]
14.0.N: Proof Simplification Iteration 9	[0.16 s]
14.0.N: Proof Simplification Iteration 10	[0.18 s]
14.0.PRE: Proof Simplification completed in 0.23 s
14: About to start ProofGrid in its own thread with a limit of 10000 pending notifications and a limit of 10 traces.
14: =============================== ProofGrid start ===============================
14: ProofGrid usable level: 1
14: Initial ProofGrid level: 1
14: ProofGrid is starting event handling
14.0.Hp: caddy15.stanford.edu: "Rocky Linux 8.10 (Green Obsidian)" is an unsupported operating system.
14.0.N: caddy15.stanford.edu: "Rocky Linux 8.10 (Green Obsidian)" is an unsupported operating system.
14.0.Ht: caddy15.stanford.edu: "Rocky Linux 8.10 (Green Obsidian)" is an unsupported operating system.
14.0.Hp: Proofgrid shell started at 4090300@caddy15.stanford.edu(local) jg_4086220_caddy15.stanford.edu_15
14.0.N: Proofgrid shell started at 4090299@caddy15.stanford.edu(local) jg_4086220_caddy15.stanford.edu_15
14.0.Mpcustom4: caddy15.stanford.edu: "Rocky Linux 8.10 (Green Obsidian)" is an unsupported operating system.
14.0.N: clocks: 1, declared: 1, looping: 0, posedge: 1, negedge: 0, noedge: 0, bothedge: 0
14.0.Hp: clocks: 1, declared: 1, looping: 0, posedge: 1, negedge: 0, noedge: 0, bothedge: 0
14.0.Ht: Proofgrid shell started at 4090322@caddy15.stanford.edu(local) jg_4086220_caddy15.stanford.edu_15
14.0.N: Last scan. Per property time limit: 0s
14.0.N: Starting proof for property "CS_div_fsm_s5_15"	[0.00 s].
14.0.N: Trace Attempt  1	[0.00 s]
14.0.N: Trace Attempt  2	[0.01 s]
14.0.N: Trace Attempt  3	[0.01 s]
14.0.Mpcustom4: Proofgrid shell started at 4090341@caddy15.stanford.edu(local) jg_4086220_caddy15.stanford.edu_15
14.0.Ht: clocks: 1, declared: 1, looping: 0, posedge: 1, negedge: 0, noedge: 0, bothedge: 0
14.0.B: caddy15.stanford.edu: "Rocky Linux 8.10 (Green Obsidian)" is an unsupported operating system.
14.0.Mpcustom4: clocks: 1, declared: 1, looping: 0, posedge: 1, negedge: 0, noedge: 0, bothedge: 0
14.0.N: Trace Attempt  3	[0.06 s]
14.0.Ht: Trace Attempt  1	[0.05 s]
14.0.Ht: Trace Attempt  2	[0.05 s]
14.0.Ht: Trace Attempt  3	[0.06 s]
14.0.Mpcustom4: Trace Attempt  1	[0.04 s]
14.0.Ht: Trace Attempt  4	[0.06 s]
14.0.N: Trace Attempt  4	[0.08 s]
14.0.N: Trace Attempt  5	[0.08 s]
14.0.Ht: Trace Attempt  5	[0.07 s]
14.0.Mpcustom4: Trace Attempt  2	[0.06 s]
14.0.N: Trace Attempt  5	[0.14 s]
14.0.Oh: caddy15.stanford.edu: "Rocky Linux 8.10 (Green Obsidian)" is an unsupported operating system.
14.0.AM: caddy15.stanford.edu: "Rocky Linux 8.10 (Green Obsidian)" is an unsupported operating system.
14.0.B: Proofgrid shell started at 4090357@caddy15.stanford.edu(local) jg_4086220_caddy15.stanford.edu_15
14.0.B: clocks: 1, declared: 1, looping: 0, posedge: 1, negedge: 0, noedge: 0, bothedge: 0
14.0.B: Last scan. Per property time limit: 0s
14.0.B: Starting proof for property "CS_div_fsm_s5_15"	[0.00 s].
14.0.B: Trace Attempt  1	[0.02 s]
14.0.B: Trace Attempt  2	[0.03 s]
14.0.B: Trace Attempt  3	[0.05 s]
14.0.B: Trace Attempt  4	[0.09 s]
14.0.AM: Proofgrid shell started at 4090361@caddy15.stanford.edu(local) jg_4086220_caddy15.stanford.edu_15
14.0.Oh: Proofgrid shell started at 4090352@caddy15.stanford.edu(local) jg_4086220_caddy15.stanford.edu_15
14.0.B: Trace Attempt  5	[0.18 s]
14.0.Oh: clocks: 1, declared: 1, looping: 0, posedge: 1, negedge: 0, noedge: 0, bothedge: 0
14.0.AM: clocks: 1, declared: 1, looping: 0, posedge: 1, negedge: 0, noedge: 0, bothedge: 0
14.0.AM: Last scan. Per property time limit: 0s
14.0.AM: Starting proof for property "CS_div_fsm_s5_15"	[0.00 s].
14.0.AM: Trace Attempt  1	[0.02 s]
14.0.AM: Trace Attempt  2	[0.02 s]
14.0.AM: Trace Attempt  3	[0.05 s]
14.0.AM: Trace Attempt  4	[0.11 s]
14.0.AM: Trace Attempt  5	[0.16 s]
14.0.Mpcustom4: Trace Attempt  3	[0.62 s]
14.0.Mpcustom4: Trace Attempt  3	[0.67 s]
14.0.Oh: bwd trail(1): 1 0.112184s
14.0.Oh: All properties either determined or skipped. [0.24 s]
14.0.Oh: Exited with Success (@ 0.76 s)
14.0.Mpcustom4: Trace Attempt  4	[0.69 s]
14.0.Mpcustom4: Trace Attempt  4	[0.75 s]
14.0.Mpcustom4: Trace Attempt  5	[0.78 s]
14.0.N: Trace Attempt  1	[3.59 s]
14.0.N: Trace Attempt  2	[3.62 s]
14.0.N: Trace Attempt  3	[3.62 s]
14.0.N: Trace Attempt  5	[3.64 s]
14.0.AM: Trace Attempt  1	[3.54 s]
14.0.AM: Trace Attempt  2	[3.57 s]
14.0.AM: Trace Attempt  3	[3.57 s]
14.0.AM: Trace Attempt  5	[3.58 s]
14.0.Ht: Trace Attempt 39	[4.11 s]
14.0.B: Trace Attempt 43	[4.20 s]
14.0.Mpcustom4: Trace Attempt 28	[4.84 s]
14.0.Mpcustom4: Trace Attempt 34	[9.46 s]
14.0.Mpcustom4: Trace Attempt 45	[14.04 s]
14.0.AM: Trace Attempt 48	[13.90 s]
14.0.B: Trace Attempt 56	[17.59 s]
14.0.Mpcustom4: Trace Attempt 48	[18.57 s]
14.0.N: Trace Attempt 38	[21.14 s]
14.0.Mpcustom4: Trace Attempt 53	[23.20 s]
14.0.N: Trace Attempt  1	[23.36 s]
14.0.N: Trace Attempt  2	[23.39 s]
14.0.N: Trace Attempt  3	[23.40 s]
14.0.N: Trace Attempt  5	[23.41 s]
14.0.Ht: Trace Attempt 47	[24.24 s]
14.0.N: Requesting engine job to stop
14.0.B: Requesting engine job to stop
14.0.AM: Requesting engine job to stop
14.0.Hp: Requesting engine job to terminate
14.0.Ht: Requesting engine job to terminate
14.0.Mpcustom4: Requesting engine job to terminate
INFO (IPF144): 14: Initiating shutdown of proof [24.40 s]
14.0.B: A trace with 56 cycles was found. [24.06 s]
INFO (IPF047): 14.0.B: The cover property "CS_div_fsm_s5_15" was covered in 56 cycles in 24.11 s.
14.0.B: Stopped processing property "CS_div_fsm_s5_15"	[24.11 s].
14.0.Hp: Interrupted (multi)
14.0.Hp: All properties determined. [24.39 s]
14.0.Ht: Interrupted (multi)
14.0.Ht: Trace Attempt 53	[24.32 s]
14.0.Ht: All properties determined. [24.36 s]
14.0.B: All properties determined. [24.09 s]
14.0.B: Exited with Success (@ 24.42 s)
14: ProofGrid usable level: 0
14.0.N: Trace Attempt 21	[23.59 s]
14.0.N: Stopped processing property "CS_div_fsm_s5_15"	[24.37 s].
14.0.N: All properties determined. [24.40 s]
14.0.Ht: Exited with Success (@ 24.57 s)
14.0.Hp: Exited with Success (@ 24.58 s)
14.0.N: Exited with Success (@ 24.58 s)
14.0.AM: Trace Attempt 54	[14.49 s]
14.0.AM: Stopped processing property "CS_div_fsm_s5_15"	[24.16 s].
14.0.AM: All properties determined. [24.17 s]
14.0.AM: Exited with Success (@ 24.75 s)
14.0.Mpcustom4: Trace Attempt 54	[23.23 s]
14.0.Mpcustom4: All properties determined. [24.68 s]
14.0.Mpcustom4: Exited with Success (@ 24.79 s)
14: --------------------------------------------------------------
ProofGrid Summary (utilization 98.95 %)
--------------------------------------------------------------
     engines started                               :     7
     engine jobs started                           :     7

    Average time in state (seconds)
    ------------------------------------------------------
    Engine  Pending     Running        Dead    Utilization
    ------------------------------------------------------
      N        0.10       24.39        0.00       99.58 %
     Hp        0.08       24.38        0.00       99.69 %
     Ht        0.09       24.35        0.00       99.63 %
    Mpcustom4        0.10       24.33        0.00       99.60 %
     Oh        0.49        0.25        0.00       33.83 %
      B        0.25       24.12        0.00       98.97 %
     AM        0.45       23.89        0.00       98.15 %
    all        0.22       20.82        0.00       98.95 %

    Total time in state (seconds)
    -----------------------------------------
            Pending     Running        Dead  
    -----------------------------------------
               1.55      145.71        0.00

    Data read    : 162.20 kiB
    Data written : 14.56 kiB

14: All pending notifications were processed.
INFO (IPF059): 14: Completed proof on task: "mytask"
cover -name CS_div_fsm_s5_16 {@(posedge clk_i) !div_fsm_s5 ##1 div_fsm_s5 [*16] ##1 !div_fsm_s5 }
INFO (IPF036): Starting proof on task: "mytask", 1 properties to prove with 0 already proven/unreachable
INFO (IPF031): Settings used for proof thread 15:
    orchestration                 = on (auto)
    time_limit                    = 600s
    per_property_time_limit       = 1s * 10 ^ scan
    engine_mode                   = auto
    proofgrid_per_engine_max_jobs = 1
    max engine jobs               = auto
    proofgrid_mode                = local
    proofgrid_restarts            = 10
15: Using multistage preprocessing
15: Starting reduce
15: Finished reduce in 0.042s
15.0.PRE: Performing Proof Simplification...
15.0.N: clocks: 1, declared: 1, looping: 0, posedge: 1, negedge: 0, noedge: 0, bothedge: 0
15.0.N: Proof Simplification Iteration 1	[0.00 s]
15.0.N: Proof Simplification Iteration 2	[0.04 s]
15.0.N: Proof Simplification Iteration 3	[0.06 s]
15.0.N: Proof Simplification Iteration 4	[0.07 s]
15.0.N: Proof Simplification Iteration 5	[0.09 s]
15.0.N: Proof Simplification Iteration 6	[0.11 s]
15.0.N: Proof Simplification Iteration 7	[0.13 s]
15.0.N: Proof Simplification Iteration 8	[0.14 s]
15.0.N: Proof Simplification Iteration 9	[0.16 s]
15.0.N: Proof Simplification Iteration 10	[0.18 s]
15.0.PRE: Proof Simplification completed in 0.23 s
15: About to start ProofGrid in its own thread with a limit of 10000 pending notifications and a limit of 10 traces.
15: =============================== ProofGrid start ===============================
15: ProofGrid usable level: 1
15: Initial ProofGrid level: 1
15: ProofGrid is starting event handling
15.0.Hp: caddy15.stanford.edu: "Rocky Linux 8.10 (Green Obsidian)" is an unsupported operating system.
15.0.N: caddy15.stanford.edu: "Rocky Linux 8.10 (Green Obsidian)" is an unsupported operating system.
15.0.Ht: caddy15.stanford.edu: "Rocky Linux 8.10 (Green Obsidian)" is an unsupported operating system.
15.0.Mpcustom4: caddy15.stanford.edu: "Rocky Linux 8.10 (Green Obsidian)" is an unsupported operating system.
15.0.Hp: Proofgrid shell started at 4090540@caddy15.stanford.edu(local) jg_4086220_caddy15.stanford.edu_16
15.0.N: Proofgrid shell started at 4090539@caddy15.stanford.edu(local) jg_4086220_caddy15.stanford.edu_16
15.0.Oh: caddy15.stanford.edu: "Rocky Linux 8.10 (Green Obsidian)" is an unsupported operating system.
15.0.Hp: clocks: 1, declared: 1, looping: 0, posedge: 1, negedge: 0, noedge: 0, bothedge: 0
15.0.N: clocks: 1, declared: 1, looping: 0, posedge: 1, negedge: 0, noedge: 0, bothedge: 0
15.0.Ht: Proofgrid shell started at 4090562@caddy15.stanford.edu(local) jg_4086220_caddy15.stanford.edu_16
15.0.N: Last scan. Per property time limit: 0s
15.0.N: Starting proof for property "CS_div_fsm_s5_16"	[0.00 s].
15.0.B: caddy15.stanford.edu: "Rocky Linux 8.10 (Green Obsidian)" is an unsupported operating system.
15.0.N: Trace Attempt  1	[0.01 s]
15.0.Ht: clocks: 1, declared: 1, looping: 0, posedge: 1, negedge: 0, noedge: 0, bothedge: 0
15.0.AM: caddy15.stanford.edu: "Rocky Linux 8.10 (Green Obsidian)" is an unsupported operating system.
15.0.N: Trace Attempt  2	[0.01 s]
15.0.N: Trace Attempt  3	[0.01 s]
15.0.Mpcustom4: Proofgrid shell started at 4090581@caddy15.stanford.edu(local) jg_4086220_caddy15.stanford.edu_16
15.0.Mpcustom4: clocks: 1, declared: 1, looping: 0, posedge: 1, negedge: 0, noedge: 0, bothedge: 0
15.0.Oh: Proofgrid shell started at 4090596@caddy15.stanford.edu(local) jg_4086220_caddy15.stanford.edu_16
15.0.N: Trace Attempt  3	[0.04 s]
15.0.Ht: Trace Attempt  1	[0.04 s]
15.0.Ht: Trace Attempt  2	[0.04 s]
15.0.Ht: Trace Attempt  3	[0.04 s]
15.0.Oh: clocks: 1, declared: 1, looping: 0, posedge: 1, negedge: 0, noedge: 0, bothedge: 0
15.0.Ht: Trace Attempt  4	[0.04 s]
15.0.N: Trace Attempt  4	[0.06 s]
15.0.N: Trace Attempt  5	[0.06 s]
15.0.Ht: Trace Attempt  5	[0.05 s]
15.0.Mpcustom4: Trace Attempt  1	[0.04 s]
15.0.B: Proofgrid shell started at 4090607@caddy15.stanford.edu(local) jg_4086220_caddy15.stanford.edu_16
15.0.AM: Proofgrid shell started at 4090612@caddy15.stanford.edu(local) jg_4086220_caddy15.stanford.edu_16
15.0.B: clocks: 1, declared: 1, looping: 0, posedge: 1, negedge: 0, noedge: 0, bothedge: 0
15.0.AM: clocks: 1, declared: 1, looping: 0, posedge: 1, negedge: 0, noedge: 0, bothedge: 0
15.0.B: Last scan. Per property time limit: 0s
15.0.B: Starting proof for property "CS_div_fsm_s5_16"	[0.00 s].
15.0.Mpcustom4: Trace Attempt  2	[0.06 s]
15.0.AM: Last scan. Per property time limit: 0s
15.0.AM: Starting proof for property "CS_div_fsm_s5_16"	[0.00 s].
15.0.AM: Trace Attempt  1	[0.00 s]
15.0.B: Trace Attempt  1	[0.01 s]
15.0.AM: Trace Attempt  2	[0.01 s]
15.0.B: Trace Attempt  2	[0.02 s]
15.0.B: Trace Attempt  3	[0.03 s]
15.0.AM: Trace Attempt  3	[0.03 s]
15.0.B: Trace Attempt  4	[0.04 s]
15.0.N: Trace Attempt  5	[0.12 s]
15.0.AM: Trace Attempt  4	[0.06 s]
15.0.B: Trace Attempt  5	[0.08 s]
15.0.AM: Trace Attempt  5	[0.08 s]
15.0.Oh: bwd trail(1): 1 0.106951s
15.0.Oh: All properties either determined or skipped. [0.12 s]
15.0.Oh: Exited with Success (@ 0.20 s)
15.0.Mpcustom4: Trace Attempt  3	[0.60 s]
15.0.Mpcustom4: Trace Attempt  3	[0.65 s]
15.0.Mpcustom4: Trace Attempt  4	[0.68 s]
15.0.Mpcustom4: Trace Attempt  4	[0.73 s]
15.0.Mpcustom4: Trace Attempt  5	[0.76 s]
15.0.AM: Trace Attempt  1	[2.71 s]
15.0.AM: Trace Attempt  2	[2.75 s]
15.0.AM: Trace Attempt  3	[2.75 s]
15.0.AM: Trace Attempt  5	[2.77 s]
15.0.Ht: Trace Attempt 41	[4.05 s]
15.0.N: Trace Attempt  1	[4.07 s]
15.0.N: Trace Attempt  2	[4.10 s]
15.0.N: Trace Attempt  3	[4.11 s]
15.0.N: Trace Attempt  5	[4.12 s]
15.0.B: Trace Attempt 44	[4.15 s]
15.0.AM: Trace Attempt  1	[4.55 s]
15.0.AM: Trace Attempt  2	[4.58 s]
15.0.AM: Trace Attempt  3	[4.58 s]
15.0.AM: Trace Attempt  5	[4.60 s]
15.0.Mpcustom4: Trace Attempt 27	[5.66 s]
15.0.N: Trace Attempt 39	[9.89 s]
15.0.Mpcustom4: Trace Attempt 36	[10.35 s]
15.0.Mpcustom4: Trace Attempt 43	[15.79 s]
15.0.AM: Trace Attempt 52	[17.10 s]
15.0.B: Trace Attempt 57	[17.22 s]
15.0.N: Requesting engine job to stop
15.0.B: Requesting engine job to stop
15.0.AM: Requesting engine job to stop
15.0.Hp: Requesting engine job to terminate
15.0.Ht: Requesting engine job to terminate
15.0.Mpcustom4: Requesting engine job to terminate
INFO (IPF144): 15: Initiating shutdown of proof [23.20 s]
15.0.B: A trace with 57 cycles was found. [23.08 s]
INFO (IPF047): 15.0.B: The cover property "CS_div_fsm_s5_16" was covered in 57 cycles in 23.12 s.
15.0.B: Stopped processing property "CS_div_fsm_s5_16"	[23.13 s].
15.0.B: All properties determined. [23.11 s]
15: ProofGrid usable level: 0
15.0.N: Stopped processing property "CS_div_fsm_s5_16"	[23.22 s].
15.0.B: Exited with Success (@ 23.25 s)
15.0.N: All properties determined. [23.22 s]
15.0.N: Exited with Success (@ 23.50 s)
15.0.Mpcustom4: Trace Attempt 48	[18.16 s]
15.0.Mpcustom4: All properties determined. [23.48 s]
15.0.Hp: Interrupted (multi)
15.0.Hp: All properties determined. [23.60 s]
15.0.Mpcustom4: Exited with Success (@ 23.61 s)
15.0.AM: Trace Attempt 55	[17.46 s]
15.0.AM: Stopped processing property "CS_div_fsm_s5_16"	[23.64 s].
15.0.Hp: Exited with Success (@ 23.75 s)
15.0.AM: All properties determined. [23.64 s]
15.0.Ht: Interrupted (multi)
15.0.Ht: Trace Attempt 52	[5.76 s]
15.0.Ht: All properties determined. [23.98 s]
15.0.AM: Exited with Success (@ 24.01 s)
15.0.Ht: Exited with Success (@ 24.43 s)
15: --------------------------------------------------------------
ProofGrid Summary (utilization 99.58 %)
--------------------------------------------------------------
     engines started                               :     7
     engine jobs started                           :     7

    Average time in state (seconds)
    ------------------------------------------------------
    Engine  Pending     Running        Dead    Utilization
    ------------------------------------------------------
      N        0.10       23.19        0.00       99.56 %
     Hp        0.08       23.19        0.00       99.65 %
     Ht        0.08       23.17        0.00       99.67 %
    Mpcustom4        0.08       23.16        0.00       99.67 %
     Oh        0.08        0.13        0.00       61.64 %
      B        0.08       23.11        0.00       99.64 %
     AM        0.08       23.11        0.00       99.64 %
    all        0.08       19.87        0.00       99.58 %

    Total time in state (seconds)
    -----------------------------------------
            Pending     Running        Dead  
    -----------------------------------------
               0.58      139.06        0.00

    Data read    : 161.65 kiB
    Data written : 14.02 kiB

15: All pending notifications were processed.
INFO (IPF059): 15: Completed proof on task: "mytask"
cover -name CS_div_fsm_s5_17 {@(posedge clk_i) !div_fsm_s5 ##1 div_fsm_s5 [*17] ##1 !div_fsm_s5 }
INFO (IPF036): Starting proof on task: "mytask", 1 properties to prove with 0 already proven/unreachable
INFO (IPF031): Settings used for proof thread 16:
    orchestration                 = on (auto)
    time_limit                    = 600s
    per_property_time_limit       = 1s * 10 ^ scan
    engine_mode                   = auto
    proofgrid_per_engine_max_jobs = 1
    max engine jobs               = auto
    proofgrid_mode                = local
    proofgrid_restarts            = 10
16: Using multistage preprocessing
16: Starting reduce
16: Finished reduce in 0.041s
16.0.PRE: Performing Proof Simplification...
16.0.N: clocks: 1, declared: 1, looping: 0, posedge: 1, negedge: 0, noedge: 0, bothedge: 0
16.0.N: Proof Simplification Iteration 1	[0.00 s]
16.0.N: Proof Simplification Iteration 2	[0.04 s]
16.0.N: Proof Simplification Iteration 3	[0.06 s]
16.0.N: Proof Simplification Iteration 4	[0.07 s]
16.0.N: Proof Simplification Iteration 5	[0.09 s]
16.0.N: Proof Simplification Iteration 6	[0.11 s]
16.0.N: Proof Simplification Iteration 7	[0.13 s]
16.0.N: Proof Simplification Iteration 8	[0.15 s]
16.0.N: Proof Simplification Iteration 9	[0.17 s]
16.0.N: Proof Simplification Iteration 10	[0.18 s]
16.0.PRE: Proof Simplification completed in 0.23 s
16: About to start ProofGrid in its own thread with a limit of 10000 pending notifications and a limit of 10 traces.
16: =============================== ProofGrid start ===============================
16: ProofGrid usable level: 1
16: Initial ProofGrid level: 1
16: ProofGrid is starting event handling
16.0.N: caddy15.stanford.edu: "Rocky Linux 8.10 (Green Obsidian)" is an unsupported operating system.
16.0.Hp: caddy15.stanford.edu: "Rocky Linux 8.10 (Green Obsidian)" is an unsupported operating system.
16.0.Ht: caddy15.stanford.edu: "Rocky Linux 8.10 (Green Obsidian)" is an unsupported operating system.
16.0.Mpcustom4: caddy15.stanford.edu: "Rocky Linux 8.10 (Green Obsidian)" is an unsupported operating system.
16.0.N: Proofgrid shell started at 4090995@caddy15.stanford.edu(local) jg_4086220_caddy15.stanford.edu_17
16.0.N: clocks: 1, declared: 1, looping: 0, posedge: 1, negedge: 0, noedge: 0, bothedge: 0
16.0.Hp: Proofgrid shell started at 4090996@caddy15.stanford.edu(local) jg_4086220_caddy15.stanford.edu_17
16.0.N: Last scan. Per property time limit: 0s
16.0.N: Starting proof for property "CS_div_fsm_s5_17"	[0.00 s].
16.0.Ht: Proofgrid shell started at 4091017@caddy15.stanford.edu(local) jg_4086220_caddy15.stanford.edu_17
16.0.N: Trace Attempt  1	[0.01 s]
16.0.N: Trace Attempt  2	[0.01 s]
16.0.N: Trace Attempt  3	[0.01 s]
16.0.Hp: clocks: 1, declared: 1, looping: 0, posedge: 1, negedge: 0, noedge: 0, bothedge: 0
16.0.Ht: clocks: 1, declared: 1, looping: 0, posedge: 1, negedge: 0, noedge: 0, bothedge: 0
16.0.Oh: caddy15.stanford.edu: "Rocky Linux 8.10 (Green Obsidian)" is an unsupported operating system.
16.0.AM: caddy15.stanford.edu: "Rocky Linux 8.10 (Green Obsidian)" is an unsupported operating system.
16.0.B: caddy15.stanford.edu: "Rocky Linux 8.10 (Green Obsidian)" is an unsupported operating system.
16.0.N: Trace Attempt  3	[0.04 s]
16.0.N: Trace Attempt  4	[0.06 s]
16.0.N: Trace Attempt  5	[0.06 s]
16.0.Mpcustom4: Proofgrid shell started at 4091022@caddy15.stanford.edu(local) jg_4086220_caddy15.stanford.edu_17
16.0.Mpcustom4: clocks: 1, declared: 1, looping: 0, posedge: 1, negedge: 0, noedge: 0, bothedge: 0
16.0.Oh: Proofgrid shell started at 4091044@caddy15.stanford.edu(local) jg_4086220_caddy15.stanford.edu_17
16.0.Ht: Trace Attempt  1	[0.10 s]
16.0.Ht: Trace Attempt  2	[0.10 s]
16.0.Ht: Trace Attempt  3	[0.10 s]
16.0.N: Trace Attempt  5	[0.12 s]
16.0.Ht: Trace Attempt  4	[0.12 s]
16.0.Oh: clocks: 1, declared: 1, looping: 0, posedge: 1, negedge: 0, noedge: 0, bothedge: 0
16.0.Ht: Trace Attempt  5	[0.13 s]
16.0.Mpcustom4: Trace Attempt  1	[0.06 s]
16.0.Mpcustom4: Trace Attempt  2	[0.08 s]
16.0.AM: Proofgrid shell started at 4091057@caddy15.stanford.edu(local) jg_4086220_caddy15.stanford.edu_17
16.0.AM: clocks: 1, declared: 1, looping: 0, posedge: 1, negedge: 0, noedge: 0, bothedge: 0
16.0.AM: Last scan. Per property time limit: 0s
16.0.AM: Starting proof for property "CS_div_fsm_s5_17"	[0.00 s].
16.0.AM: Trace Attempt  1	[0.00 s]
16.0.AM: Trace Attempt  2	[0.01 s]
16.0.AM: Trace Attempt  3	[0.03 s]
16.0.B: Proofgrid shell started at 4091053@caddy15.stanford.edu(local) jg_4086220_caddy15.stanford.edu_17
16.0.AM: Trace Attempt  4	[0.06 s]
16.0.B: clocks: 1, declared: 1, looping: 0, posedge: 1, negedge: 0, noedge: 0, bothedge: 0
16.0.AM: Trace Attempt  5	[0.08 s]
16.0.B: Last scan. Per property time limit: 0s
16.0.B: Starting proof for property "CS_div_fsm_s5_17"	[0.00 s].
16.0.B: Trace Attempt  1	[0.01 s]
16.0.B: Trace Attempt  2	[0.02 s]
16.0.B: Trace Attempt  3	[0.03 s]
16.0.B: Trace Attempt  4	[0.04 s]
16.0.Oh: bwd trail(1): 1 0.118082s
16.0.B: Trace Attempt  5	[0.09 s]
16.0.Oh: All properties either determined or skipped. [0.26 s]
16.0.Oh: Exited with Success (@ 0.40 s)
16.0.Oh: Completed, Restart ignored.
16.0.Mpcustom4: Trace Attempt  3	[0.68 s]
16.0.Mpcustom4: Trace Attempt  3	[0.72 s]
16.0.Mpcustom4: Trace Attempt  4	[0.75 s]
16.0.Mpcustom4: Trace Attempt  4	[0.81 s]
16.0.Mpcustom4: Trace Attempt  5	[0.83 s]
16.0.AM: Trace Attempt  1	[3.06 s]
16.0.AM: Trace Attempt  2	[3.09 s]
16.0.AM: Trace Attempt  3	[3.09 s]
16.0.AM: Trace Attempt  5	[3.10 s]
16.0.N: Trace Attempt 29	[4.37 s]
16.0.B: Trace Attempt 49	[4.09 s]
16.0.N: Trace Attempt  1	[4.55 s]
16.0.N: Trace Attempt  2	[4.58 s]
16.0.N: Trace Attempt  3	[4.58 s]
16.0.N: Trace Attempt  5	[4.60 s]
16.0.Ht: Trace Attempt 44	[4.76 s]
16.0.Mpcustom4: Trace Attempt 33	[5.20 s]
16.0.Mpcustom4: Trace Attempt 36	[9.47 s]
16.0.N: Trace Attempt 54	[9.78 s]
16.0.Ht: Trace Attempt 45	[9.91 s]
16.0.Mpcustom4: Trace Attempt 40	[14.06 s]
16.0.AM: Trace Attempt 53	[15.82 s]
16.0.B: Trace Attempt 58	[17.51 s]
16.0.N: Requesting engine job to stop
16.0.B: Requesting engine job to stop
16.0.AM: Requesting engine job to stop
16.0.Hp: Requesting engine job to terminate
16.0.Ht: Requesting engine job to terminate
16.0.Mpcustom4: Requesting engine job to terminate
INFO (IPF144): 16: Initiating shutdown of proof [18.39 s]
16.0.B: A trace with 58 cycles was found. [18.06 s]
INFO (IPF047): 16.0.B: The cover property "CS_div_fsm_s5_17" was covered in 58 cycles in 18.10 s.
16.0.B: Stopped processing property "CS_div_fsm_s5_17"	[18.11 s].
16.0.B: All properties determined. [18.10 s]
16.0.B: Exited with Success (@ 18.42 s)
16: ProofGrid usable level: 0
16.0.N: Trace Attempt 56	[13.56 s]
16.0.N: Stopped processing property "CS_div_fsm_s5_17"	[18.42 s].
16.0.N: All properties determined. [18.42 s]
16.0.N: Exited with Success (@ 18.46 s)
16.0.AM: Trace Attempt 55	[16.18 s]
16.0.AM: Stopped processing property "CS_div_fsm_s5_17"	[18.44 s].
16.0.AM: All properties determined. [18.43 s]
16.0.AM: Exited with Success (@ 18.66 s)
16.0.Mpcustom4: Trace Attempt 49	[17.72 s]
16.0.Mpcustom4: All properties determined. [18.58 s]
16.0.Mpcustom4: Exited with Success (@ 18.71 s)
16.0.Hp: Interrupted (multi)
16.0.Hp: All properties determined. [18.80 s]
16.0.Hp: Exited with Success (@ 19.31 s)
16.0.Ht: Interrupted (multi)
16.0.Ht: Trace Attempt 57	[10.74 s]
16.0.Ht: All properties determined. [19.33 s]
16.0.Ht: Exited with Success (@ 19.61 s)
16: --------------------------------------------------------------
ProofGrid Summary (utilization 99.11 %)
--------------------------------------------------------------
     engines started                               :     7
     engine jobs started                           :     7

    Average time in state (seconds)
    ------------------------------------------------------
    Engine  Pending     Running        Dead    Utilization
    ------------------------------------------------------
      N        0.09       18.38        0.00       99.51 %
     Hp        0.09       18.35        0.00       99.52 %
     Ht        0.08       18.35        0.00       99.57 %
    Mpcustom4        0.14       18.28        0.00       99.24 %
     Oh        0.15        0.27        0.00       65.00 %
      B        0.26       18.10        0.00       98.59 %
     AM        0.18       18.20        0.00       99.01 %
    all        0.14       15.71        0.00       99.11 %

    Total time in state (seconds)
    -----------------------------------------
            Pending     Running        Dead  
    -----------------------------------------
               0.99      109.94        0.00

    Data read    : 163.38 kiB
    Data written : 11.12 kiB

16: All pending notifications were processed.
INFO (IPF059): 16: Completed proof on task: "mytask"
cover -name CS_div_fsm_s5_18 {@(posedge clk_i) !div_fsm_s5 ##1 div_fsm_s5 [*18] ##1 !div_fsm_s5 }
INFO (IPF036): Starting proof on task: "mytask", 1 properties to prove with 0 already proven/unreachable
INFO (IPF031): Settings used for proof thread 17:
    orchestration                 = on (auto)
    time_limit                    = 600s
    per_property_time_limit       = 1s * 10 ^ scan
    engine_mode                   = auto
    proofgrid_per_engine_max_jobs = 1
    max engine jobs               = auto
    proofgrid_mode                = local
    proofgrid_restarts            = 10
17: Using multistage preprocessing
17: Starting reduce
17: Finished reduce in 0.04s
17.0.PRE: Performing Proof Simplification...
17.0.N: clocks: 1, declared: 1, looping: 0, posedge: 1, negedge: 0, noedge: 0, bothedge: 0
17.0.N: Proof Simplification Iteration 1	[0.00 s]
17.0.N: Proof Simplification Iteration 2	[0.04 s]
17.0.N: Proof Simplification Iteration 3	[0.05 s]
17.0.N: Proof Simplification Iteration 4	[0.07 s]
17.0.N: Proof Simplification Iteration 5	[0.09 s]
17.0.N: Proof Simplification Iteration 6	[0.11 s]
17.0.N: Proof Simplification Iteration 7	[0.13 s]
17.0.N: Proof Simplification Iteration 8	[0.15 s]
17.0.N: Proof Simplification Iteration 9	[0.16 s]
17.0.N: Proof Simplification Iteration 10	[0.18 s]
17.0.PRE: Proof Simplification completed in 0.23 s
17: About to start ProofGrid in its own thread with a limit of 10000 pending notifications and a limit of 10 traces.
17: =============================== ProofGrid start ===============================
17: ProofGrid usable level: 1
17: Initial ProofGrid level: 1
17: ProofGrid is starting event handling
17.0.Hp: caddy15.stanford.edu: "Rocky Linux 8.10 (Green Obsidian)" is an unsupported operating system.
17.0.N: caddy15.stanford.edu: "Rocky Linux 8.10 (Green Obsidian)" is an unsupported operating system.
17.0.Ht: caddy15.stanford.edu: "Rocky Linux 8.10 (Green Obsidian)" is an unsupported operating system.
17.0.Mpcustom4: caddy15.stanford.edu: "Rocky Linux 8.10 (Green Obsidian)" is an unsupported operating system.
17.0.N: Proofgrid shell started at 4091223@caddy15.stanford.edu(local) jg_4086220_caddy15.stanford.edu_18
17.0.Hp: Proofgrid shell started at 4091224@caddy15.stanford.edu(local) jg_4086220_caddy15.stanford.edu_18
17.0.Hp: clocks: 1, declared: 1, looping: 0, posedge: 1, negedge: 0, noedge: 0, bothedge: 0
17.0.N: clocks: 1, declared: 1, looping: 0, posedge: 1, negedge: 0, noedge: 0, bothedge: 0
17.0.Ht: Proofgrid shell started at 4091247@caddy15.stanford.edu(local) jg_4086220_caddy15.stanford.edu_18
17.0.N: Last scan. Per property time limit: 0s
17.0.N: Starting proof for property "CS_div_fsm_s5_18"	[0.00 s].
17.0.N: Trace Attempt  1	[0.00 s]
17.0.N: Trace Attempt  2	[0.01 s]
17.0.N: Trace Attempt  3	[0.01 s]
17.0.Ht: clocks: 1, declared: 1, looping: 0, posedge: 1, negedge: 0, noedge: 0, bothedge: 0
17.0.Ht: Trace Attempt  1	[0.04 s]
17.0.Ht: Trace Attempt  2	[0.04 s]
17.0.N: Trace Attempt  3	[0.04 s]
17.0.Ht: Trace Attempt  3	[0.04 s]
17.0.Ht: Trace Attempt  4	[0.05 s]
17.0.N: Trace Attempt  4	[0.06 s]
17.0.N: Trace Attempt  5	[0.06 s]
17.0.Ht: Trace Attempt  5	[0.06 s]
17.0.Mpcustom4: Proofgrid shell started at 4091265@caddy15.stanford.edu(local) jg_4086220_caddy15.stanford.edu_18
17.0.Mpcustom4: clocks: 1, declared: 1, looping: 0, posedge: 1, negedge: 0, noedge: 0, bothedge: 0
17.0.N: Trace Attempt  5	[0.12 s]
17.0.Mpcustom4: Trace Attempt  1	[0.05 s]
17.0.Oh: caddy15.stanford.edu: "Rocky Linux 8.10 (Green Obsidian)" is an unsupported operating system.
17.0.Mpcustom4: Trace Attempt  2	[0.07 s]
17.0.B: caddy15.stanford.edu: "Rocky Linux 8.10 (Green Obsidian)" is an unsupported operating system.
17.0.AM: caddy15.stanford.edu: "Rocky Linux 8.10 (Green Obsidian)" is an unsupported operating system.
17.0.B: Proofgrid shell started at 4091282@caddy15.stanford.edu(local) jg_4086220_caddy15.stanford.edu_18
17.0.Oh: Proofgrid shell started at 4091280@caddy15.stanford.edu(local) jg_4086220_caddy15.stanford.edu_18
17.0.B: clocks: 1, declared: 1, looping: 0, posedge: 1, negedge: 0, noedge: 0, bothedge: 0
17.0.B: Last scan. Per property time limit: 0s
17.0.B: Starting proof for property "CS_div_fsm_s5_18"	[0.00 s].
17.0.B: Trace Attempt  1	[0.01 s]
17.0.B: Trace Attempt  2	[0.02 s]
17.0.B: Trace Attempt  3	[0.03 s]
17.0.Oh: clocks: 1, declared: 1, looping: 0, posedge: 1, negedge: 0, noedge: 0, bothedge: 0
17.0.B: Trace Attempt  4	[0.04 s]
17.0.AM: Proofgrid shell started at 4091285@caddy15.stanford.edu(local) jg_4086220_caddy15.stanford.edu_18
17.0.B: Trace Attempt  5	[0.08 s]
17.0.AM: clocks: 1, declared: 1, looping: 0, posedge: 1, negedge: 0, noedge: 0, bothedge: 0
17.0.AM: Last scan. Per property time limit: 0s
17.0.AM: Starting proof for property "CS_div_fsm_s5_18"	[0.00 s].
17.0.AM: Trace Attempt  1	[0.00 s]
17.0.AM: Trace Attempt  2	[0.01 s]
17.0.AM: Trace Attempt  3	[0.05 s]
17.0.Oh: bwd trail(1): 1 0.114332s
17.0.Oh: All properties either determined or skipped. [0.17 s]
17.0.Oh: Exited with Success (@ 0.62 s)
17.0.Oh: Completed, Restart ignored.
17.0.AM: Trace Attempt  4	[0.10 s]
17.0.AM: Trace Attempt  5	[0.16 s]
17.0.Mpcustom4: Trace Attempt  3	[0.72 s]
17.0.Mpcustom4: Trace Attempt  3	[0.77 s]
17.0.Mpcustom4: Trace Attempt  4	[0.80 s]
17.0.Mpcustom4: Trace Attempt  4	[0.86 s]
17.0.Mpcustom4: Trace Attempt  5	[0.89 s]
17.0.AM: Trace Attempt  1	[3.18 s]
17.0.AM: Trace Attempt  2	[3.21 s]
17.0.AM: Trace Attempt  3	[3.21 s]
17.0.AM: Trace Attempt  5	[3.23 s]
17.0.Ht: Trace Attempt 42	[4.06 s]
17.0.N: Trace Attempt 27	[4.44 s]
17.0.B: Trace Attempt 48	[4.15 s]
17.0.Mpcustom4: Trace Attempt 33	[5.61 s]
17.0.AM: Trace Attempt  1	[5.31 s]
17.0.AM: Trace Attempt  2	[5.37 s]
17.0.AM: Trace Attempt  3	[5.37 s]
17.0.AM: Trace Attempt  5	[5.38 s]
17.0.N: Trace Attempt  1	[7.66 s]
17.0.N: Trace Attempt  2	[7.69 s]
17.0.N: Trace Attempt  3	[7.70 s]
17.0.N: Trace Attempt  5	[7.71 s]
17.0.Mpcustom4: Trace Attempt 39	[9.71 s]
17.0.N: Trace Attempt 56	[13.08 s]
17.0.Mpcustom4: Trace Attempt 45	[14.40 s]
17.0.N: Trace Attempt 57	[17.25 s]
17.0.AM: Trace Attempt 52	[17.82 s]
17.0.Mpcustom4: Trace Attempt 52	[19.15 s]
17.0.AM: Trace Attempt 58	[22.96 s]
17.0.B: Trace Attempt 59	[26.64 s]
17.0.N: Requesting engine job to stop
17.0.B: Requesting engine job to stop
17.0.AM: Requesting engine job to stop
17.0.Hp: Requesting engine job to terminate
17.0.Ht: Requesting engine job to terminate
17.0.Mpcustom4: Requesting engine job to terminate
INFO (IPF144): 17: Initiating shutdown of proof [32.66 s]
17.0.B: A trace with 59 cycles was found. [32.20 s]
INFO (IPF047): 17.0.B: The cover property "CS_div_fsm_s5_18" was covered in 59 cycles in 32.24 s.
17: ProofGrid usable level: 0
17.0.B: Stopped processing property "CS_div_fsm_s5_18"	[32.28 s].
17.0.Hp: Interrupted (multi)
17.0.Hp: All properties determined. [32.66 s]
17.0.B: All properties determined. [32.25 s]
17.0.B: Exited with Success (@ 32.70 s)
17.0.N: Stopped processing property "CS_div_fsm_s5_18"	[32.74 s].
17.0.N: All properties determined. [32.76 s]
17.0.N: Exited with Success (@ 32.81 s)
17.0.Hp: Exited with Success (@ 32.93 s)
17.0.Mpcustom4: Trace Attempt 54	[20.85 s]
17.0.Mpcustom4: All properties determined. [32.92 s]
17.0.Mpcustom4: Exited with Success (@ 33.31 s)
17.0.AM: Stopped processing property "CS_div_fsm_s5_18"	[33.00 s].
17.0.AM: All properties determined. [33.00 s]
17.0.AM: Exited with Success (@ 33.54 s)
17.0.Ht: Interrupted (multi)
17.0.Ht: Trace Attempt 56	[6.13 s]
17.0.Ht: All properties determined. [33.56 s]
17.0.Ht: Exited with Success (@ 34.08 s)
17: --------------------------------------------------------------
ProofGrid Summary (utilization 99.12 %)
--------------------------------------------------------------
     engines started                               :     7
     engine jobs started                           :     7

    Average time in state (seconds)
    ------------------------------------------------------
    Engine  Pending     Running        Dead    Utilization
    ------------------------------------------------------
      N        0.11       32.65        0.00       99.67 %
     Hp        0.09       32.65        0.00       99.74 %
     Ht        0.09       32.63        0.00       99.72 %
    Mpcustom4        0.13       32.56        0.00       99.60 %
     Oh        0.43        0.17        0.00       28.26 %
      B        0.41       32.24        0.00       98.75 %
     AM        0.47       32.15        0.00       98.57 %
    all        0.25       27.86        0.00       99.12 %

    Total time in state (seconds)
    -----------------------------------------
            Pending     Running        Dead  
    -----------------------------------------
               1.73      195.05        0.00

    Data read    : 172.49 kiB
    Data written : 9.28 kiB

17: All pending notifications were processed.
INFO (IPF059): 17: Completed proof on task: "mytask"
cover -name CS_div_fsm_s5_19 {@(posedge clk_i) !div_fsm_s5 ##1 div_fsm_s5 [*19] ##1 !div_fsm_s5 }
INFO (IPF036): Starting proof on task: "mytask", 1 properties to prove with 0 already proven/unreachable
INFO (IPF031): Settings used for proof thread 18:
    orchestration                 = on (auto)
    time_limit                    = 600s
    per_property_time_limit       = 1s * 10 ^ scan
    engine_mode                   = auto
    proofgrid_per_engine_max_jobs = 1
    max engine jobs               = auto
    proofgrid_mode                = local
    proofgrid_restarts            = 10
18: Using multistage preprocessing
18: Starting reduce
18: Finished reduce in 0.041s
18.0.PRE: Performing Proof Simplification...
18.0.N: clocks: 1, declared: 1, looping: 0, posedge: 1, negedge: 0, noedge: 0, bothedge: 0
18.0.N: Proof Simplification Iteration 1	[0.00 s]
18.0.N: Proof Simplification Iteration 2	[0.04 s]
18.0.N: Proof Simplification Iteration 3	[0.06 s]
18.0.N: Proof Simplification Iteration 4	[0.07 s]
18.0.N: Proof Simplification Iteration 5	[0.09 s]
18.0.N: Proof Simplification Iteration 6	[0.11 s]
18.0.N: Proof Simplification Iteration 7	[0.13 s]
18.0.N: Proof Simplification Iteration 8	[0.15 s]
18.0.N: Proof Simplification Iteration 9	[0.17 s]
18.0.N: Proof Simplification Iteration 10	[0.19 s]
18.0.PRE: Proof Simplification completed in 0.24 s
18: About to start ProofGrid in its own thread with a limit of 10000 pending notifications and a limit of 10 traces.
18: =============================== ProofGrid start ===============================
18: ProofGrid usable level: 1
18: Initial ProofGrid level: 1
18: ProofGrid is starting event handling
18.0.Hp: caddy15.stanford.edu: "Rocky Linux 8.10 (Green Obsidian)" is an unsupported operating system.
18.0.N: caddy15.stanford.edu: "Rocky Linux 8.10 (Green Obsidian)" is an unsupported operating system.
18.0.Ht: caddy15.stanford.edu: "Rocky Linux 8.10 (Green Obsidian)" is an unsupported operating system.
18.0.N: Proofgrid shell started at 4091564@caddy15.stanford.edu(local) jg_4086220_caddy15.stanford.edu_19
18.0.Hp: Proofgrid shell started at 4091565@caddy15.stanford.edu(local) jg_4086220_caddy15.stanford.edu_19
18.0.Mpcustom4: caddy15.stanford.edu: "Rocky Linux 8.10 (Green Obsidian)" is an unsupported operating system.
18.0.N: clocks: 1, declared: 1, looping: 0, posedge: 1, negedge: 0, noedge: 0, bothedge: 0
18.0.Hp: clocks: 1, declared: 1, looping: 0, posedge: 1, negedge: 0, noedge: 0, bothedge: 0
18.0.Ht: Proofgrid shell started at 4091587@caddy15.stanford.edu(local) jg_4086220_caddy15.stanford.edu_19
18.0.N: Last scan. Per property time limit: 0s
18.0.N: Starting proof for property "CS_div_fsm_s5_19"	[0.00 s].
18.0.N: Trace Attempt  1	[0.01 s]
18.0.N: Trace Attempt  2	[0.01 s]
18.0.N: Trace Attempt  3	[0.01 s]
18.0.Ht: clocks: 1, declared: 1, looping: 0, posedge: 1, negedge: 0, noedge: 0, bothedge: 0
18.0.Oh: caddy15.stanford.edu: "Rocky Linux 8.10 (Green Obsidian)" is an unsupported operating system.
18.0.N: Trace Attempt  3	[0.04 s]
18.0.Ht: Trace Attempt  1	[0.04 s]
18.0.Ht: Trace Attempt  2	[0.04 s]
18.0.Ht: Trace Attempt  3	[0.04 s]
18.0.Mpcustom4: Proofgrid shell started at 4091606@caddy15.stanford.edu(local) jg_4086220_caddy15.stanford.edu_19
18.0.Ht: Trace Attempt  4	[0.04 s]
18.0.N: Trace Attempt  4	[0.06 s]
18.0.N: Trace Attempt  5	[0.06 s]
18.0.Ht: Trace Attempt  5	[0.05 s]
18.0.Mpcustom4: clocks: 1, declared: 1, looping: 0, posedge: 1, negedge: 0, noedge: 0, bothedge: 0
18.0.Mpcustom4: Trace Attempt  1	[0.04 s]
18.0.N: Trace Attempt  5	[0.12 s]
18.0.Mpcustom4: Trace Attempt  2	[0.07 s]
18.0.B: caddy15.stanford.edu: "Rocky Linux 8.10 (Green Obsidian)" is an unsupported operating system.
18.0.AM: caddy15.stanford.edu: "Rocky Linux 8.10 (Green Obsidian)" is an unsupported operating system.
18.0.Oh: Proofgrid shell started at 4091616@caddy15.stanford.edu(local) jg_4086220_caddy15.stanford.edu_19
18.0.Oh: clocks: 1, declared: 1, looping: 0, posedge: 1, negedge: 0, noedge: 0, bothedge: 0
18.0.B: Proofgrid shell started at 4091619@caddy15.stanford.edu(local) jg_4086220_caddy15.stanford.edu_19
18.0.AM: Proofgrid shell started at 4091627@caddy15.stanford.edu(local) jg_4086220_caddy15.stanford.edu_19
18.0.B: clocks: 1, declared: 1, looping: 0, posedge: 1, negedge: 0, noedge: 0, bothedge: 0
18.0.B: Last scan. Per property time limit: 0s
18.0.B: Starting proof for property "CS_div_fsm_s5_19"	[0.00 s].
18.0.AM: clocks: 1, declared: 1, looping: 0, posedge: 1, negedge: 0, noedge: 0, bothedge: 0
18.0.AM: Last scan. Per property time limit: 0s
18.0.AM: Starting proof for property "CS_div_fsm_s5_19"	[0.00 s].
18.0.B: Trace Attempt  1	[0.02 s]
18.0.AM: Trace Attempt  1	[0.01 s]
18.0.AM: Trace Attempt  2	[0.01 s]
18.0.Oh: bwd trail(1): 1 0.1231s
18.0.Oh: All properties either determined or skipped. [0.27 s]
18.0.B: Trace Attempt  2	[0.03 s]
18.0.Oh: Exited with Success (@ 0.66 s)
18.0.B: Trace Attempt  3	[0.05 s]
18.0.AM: Trace Attempt  3	[0.06 s]
18.0.B: Trace Attempt  4	[0.08 s]
18.0.Mpcustom4: Trace Attempt  3	[0.65 s]
18.0.AM: Trace Attempt  4	[0.11 s]
18.0.B: Trace Attempt  5	[0.17 s]
18.0.Mpcustom4: Trace Attempt  3	[0.70 s]
18.0.Mpcustom4: Trace Attempt  4	[0.72 s]
18.0.AM: Trace Attempt  5	[0.17 s]
18.0.Mpcustom4: Trace Attempt  4	[0.78 s]
18.0.Mpcustom4: Trace Attempt  5	[0.81 s]
18.0.N: Trace Attempt  1	[4.04 s]
18.0.N: Trace Attempt  2	[4.06 s]
18.0.Ht: Trace Attempt 37	[4.06 s]
18.0.N: Trace Attempt  3	[4.07 s]
18.0.N: Trace Attempt  5	[4.08 s]
18.0.AM: Trace Attempt 34	[4.18 s]
18.0.B: Trace Attempt 41	[4.36 s]
18.0.AM: Trace Attempt  1	[4.42 s]
18.0.AM: Trace Attempt  2	[4.45 s]
18.0.AM: Trace Attempt  3	[4.45 s]
18.0.AM: Trace Attempt  5	[4.47 s]
18.0.Mpcustom4: Trace Attempt 29	[5.90 s]
18.0.AM: Trace Attempt  1	[7.48 s]
18.0.AM: Trace Attempt  2	[7.54 s]
18.0.AM: Trace Attempt  3	[7.55 s]
18.0.AM: Trace Attempt  5	[7.56 s]
18.0.Mpcustom4: Trace Attempt 39	[10.51 s]
18.0.N: Trace Attempt 58	[11.88 s]
18.0.Mpcustom4: Trace Attempt 49	[16.54 s]
18.0.AM: Trace Attempt 49	[19.92 s]
18.0.Mpcustom4: Trace Attempt 53	[23.45 s]
18.0.AM: Trace Attempt 59	[24.37 s]
18.0.B: Trace Attempt 60	[26.49 s]
18.0.Mpcustom4: Trace Attempt 54	[29.21 s]
18.0.N: Trace Attempt 58	[29.52 s]
18.0.N: Requesting engine job to stop
18.0.B: Requesting engine job to stop
18.0.AM: Requesting engine job to stop
18.0.Hp: Requesting engine job to terminate
18.0.Ht: Requesting engine job to terminate
18.0.Mpcustom4: Requesting engine job to terminate
INFO (IPF144): 18: Initiating shutdown of proof [32.93 s]
18.0.B: A trace with 60 cycles was found. [32.28 s]
INFO (IPF047): 18.0.B: The cover property "CS_div_fsm_s5_19" was covered in 60 cycles in 32.33 s.
18.0.B: Stopped processing property "CS_div_fsm_s5_19"	[32.37 s].
18.0.B: All properties determined. [32.31 s]
18.0.B: Exited with Success (@ 32.94 s)
18: ProofGrid usable level: 0
18.0.N: Stopped processing property "CS_div_fsm_s5_19"	[33.13 s].
18.0.N: All properties determined. [33.13 s]
18.0.Hp: Interrupted (multi)
18.0.Hp: All properties determined. [33.24 s]
18.0.AM: Stopped processing property "CS_div_fsm_s5_19"	[32.62 s].
18.0.N: Exited with Success (@ 33.26 s)
18.0.AM: All properties determined. [32.62 s]
18.0.AM: Exited with Success (@ 33.27 s)
18.0.Mpcustom4: Trace Attempt 54	[32.79 s]
18.0.Mpcustom4: All properties determined. [33.26 s]
18.0.Hp: Exited with Success (@ 33.50 s)
18.0.Mpcustom4: Exited with Success (@ 33.75 s)
18.0.Ht: Interrupted (multi)
18.0.Ht: Trace Attempt 53	[7.21 s]
18.0.Ht: All properties determined. [33.83 s]
18.0.Ht: Exited with Success (@ 34.09 s)
18: --------------------------------------------------------------
ProofGrid Summary (utilization 99.07 %)
--------------------------------------------------------------
     engines started                               :     7
     engine jobs started                           :     7

    Average time in state (seconds)
    ------------------------------------------------------
    Engine  Pending     Running        Dead    Utilization
    ------------------------------------------------------
      N        0.10       32.92        0.00       99.69 %
     Hp        0.08       32.92        0.00       99.75 %
     Ht        0.09       32.89        0.00       99.74 %
    Mpcustom4        0.11       32.85        0.00       99.67 %
     Oh        0.32        0.27        0.00       45.81 %
      B        0.57       32.33        0.00       98.26 %
     AM        0.56       32.31        0.00       98.28 %
    all        0.26       28.07        0.00       99.07 %

    Total time in state (seconds)
    -----------------------------------------
            Pending     Running        Dead  
    -----------------------------------------
               1.84      196.50        0.00

    Data read    : 181.75 kiB
    Data written : 47.50 kiB

18: All pending notifications were processed.
INFO (IPF059): 18: Completed proof on task: "mytask"
cover -name CS_div_fsm_s5_20 {@(posedge clk_i) !div_fsm_s5 ##1 div_fsm_s5 [*20] ##1 !div_fsm_s5 }
INFO (IPF036): Starting proof on task: "mytask", 1 properties to prove with 0 already proven/unreachable
INFO (IPF031): Settings used for proof thread 19:
    orchestration                 = on (auto)
    time_limit                    = 600s
    per_property_time_limit       = 1s * 10 ^ scan
    engine_mode                   = auto
    proofgrid_per_engine_max_jobs = 1
    max engine jobs               = auto
    proofgrid_mode                = local
    proofgrid_restarts            = 10
19: Using multistage preprocessing
19: Starting reduce
19: Finished reduce in 0.041s
19.0.PRE: Performing Proof Simplification...
19.0.N: clocks: 1, declared: 1, looping: 0, posedge: 1, negedge: 0, noedge: 0, bothedge: 0
19.0.N: Proof Simplification Iteration 1	[0.00 s]
19.0.N: Proof Simplification Iteration 2	[0.04 s]
19.0.N: Proof Simplification Iteration 3	[0.06 s]
19.0.N: Proof Simplification Iteration 4	[0.07 s]
19.0.N: Proof Simplification Iteration 5	[0.09 s]
19.0.N: Proof Simplification Iteration 6	[0.11 s]
19.0.N: Proof Simplification Iteration 7	[0.13 s]
19.0.N: Proof Simplification Iteration 8	[0.15 s]
19.0.N: Proof Simplification Iteration 9	[0.16 s]
19.0.N: Proof Simplification Iteration 10	[0.18 s]
19.0.PRE: Proof Simplification completed in 0.23 s
19: About to start ProofGrid in its own thread with a limit of 10000 pending notifications and a limit of 10 traces.
19: =============================== ProofGrid start ===============================
19: ProofGrid usable level: 1
19: Initial ProofGrid level: 1
19: ProofGrid is starting event handling
19.0.Hp: caddy15.stanford.edu: "Rocky Linux 8.10 (Green Obsidian)" is an unsupported operating system.
19.0.N: caddy15.stanford.edu: "Rocky Linux 8.10 (Green Obsidian)" is an unsupported operating system.
19.0.Ht: caddy15.stanford.edu: "Rocky Linux 8.10 (Green Obsidian)" is an unsupported operating system.
19.0.N: Proofgrid shell started at 4092020@caddy15.stanford.edu(local) jg_4086220_caddy15.stanford.edu_20
19.0.Hp: Proofgrid shell started at 4092021@caddy15.stanford.edu(local) jg_4086220_caddy15.stanford.edu_20
19.0.Mpcustom4: caddy15.stanford.edu: "Rocky Linux 8.10 (Green Obsidian)" is an unsupported operating system.
19.0.Ht: Proofgrid shell started at 4092044@caddy15.stanford.edu(local) jg_4086220_caddy15.stanford.edu_20
19.0.N: clocks: 1, declared: 1, looping: 0, posedge: 1, negedge: 0, noedge: 0, bothedge: 0
19.0.N: Last scan. Per property time limit: 0s
19.0.N: Starting proof for property "CS_div_fsm_s5_20"	[0.00 s].
19.0.N: Trace Attempt  1	[0.00 s]
19.0.N: Trace Attempt  2	[0.01 s]
19.0.N: Trace Attempt  3	[0.01 s]
19.0.Hp: clocks: 1, declared: 1, looping: 0, posedge: 1, negedge: 0, noedge: 0, bothedge: 0
19.0.Ht: clocks: 1, declared: 1, looping: 0, posedge: 1, negedge: 0, noedge: 0, bothedge: 0
19.0.Mpcustom4: Proofgrid shell started at 4092062@caddy15.stanford.edu(local) jg_4086220_caddy15.stanford.edu_20
19.0.B: caddy15.stanford.edu: "Rocky Linux 8.10 (Green Obsidian)" is an unsupported operating system.
19.0.N: Trace Attempt  3	[0.04 s]
19.0.AM: caddy15.stanford.edu: "Rocky Linux 8.10 (Green Obsidian)" is an unsupported operating system.
19.0.N: Trace Attempt  4	[0.06 s]
19.0.N: Trace Attempt  5	[0.06 s]
19.0.Oh: caddy15.stanford.edu: "Rocky Linux 8.10 (Green Obsidian)" is an unsupported operating system.
19.0.Mpcustom4: clocks: 1, declared: 1, looping: 0, posedge: 1, negedge: 0, noedge: 0, bothedge: 0
19.0.Ht: Trace Attempt  1	[0.09 s]
19.0.Ht: Trace Attempt  2	[0.09 s]
19.0.Ht: Trace Attempt  3	[0.09 s]
19.0.Mpcustom4: Trace Attempt  1	[0.04 s]
19.0.B: Proofgrid shell started at 4092079@caddy15.stanford.edu(local) jg_4086220_caddy15.stanford.edu_20
19.0.N: Trace Attempt  5	[0.12 s]
19.0.Ht: Trace Attempt  4	[0.10 s]
19.0.Mpcustom4: Trace Attempt  2	[0.06 s]
19.0.Ht: Trace Attempt  5	[0.11 s]
19.0.B: clocks: 1, declared: 1, looping: 0, posedge: 1, negedge: 0, noedge: 0, bothedge: 0
19.0.B: Last scan. Per property time limit: 0s
19.0.B: Starting proof for property "CS_div_fsm_s5_20"	[0.00 s].
19.0.B: Trace Attempt  1	[0.02 s]
19.0.AM: Proofgrid shell started at 4092081@caddy15.stanford.edu(local) jg_4086220_caddy15.stanford.edu_20
19.0.B: Trace Attempt  2	[0.09 s]
19.0.B: Trace Attempt  3	[0.09 s]
19.0.B: Trace Attempt  4	[0.11 s]
19.0.AM: clocks: 1, declared: 1, looping: 0, posedge: 1, negedge: 0, noedge: 0, bothedge: 0
19.0.Oh: Proofgrid shell started at 4092076@caddy15.stanford.edu(local) jg_4086220_caddy15.stanford.edu_20
19.0.AM: Last scan. Per property time limit: 0s
19.0.AM: Starting proof for property "CS_div_fsm_s5_20"	[0.00 s].
19.0.AM: Trace Attempt  1	[0.00 s]
19.0.AM: Trace Attempt  2	[0.01 s]
19.0.B: Trace Attempt  5	[0.14 s]
19.0.AM: Trace Attempt  3	[0.03 s]
19.0.Oh: clocks: 1, declared: 1, looping: 0, posedge: 1, negedge: 0, noedge: 0, bothedge: 0
19.0.AM: Trace Attempt  4	[0.05 s]
19.0.AM: Trace Attempt  5	[0.08 s]
19.0.Oh: bwd trail(1): 1 0.111008s
19.0.Oh: All properties either determined or skipped. [0.18 s]
19.0.Oh: Exited with Success (@ 0.50 s)
19.0.Oh: Completed, Restart ignored.
19.0.Mpcustom4: Trace Attempt  3	[0.69 s]
19.0.Mpcustom4: Trace Attempt  3	[0.74 s]
19.0.Mpcustom4: Trace Attempt  4	[0.76 s]
19.0.Mpcustom4: Trace Attempt  4	[0.81 s]
19.0.Mpcustom4: Trace Attempt  5	[0.84 s]
19.0.AM: Trace Attempt  1	[3.31 s]
19.0.AM: Trace Attempt  2	[3.35 s]
19.0.AM: Trace Attempt  3	[3.35 s]
19.0.AM: Trace Attempt  5	[3.37 s]
19.0.B: Trace Attempt 48	[4.17 s]
19.0.N: Trace Attempt 23	[4.57 s]
19.0.Ht: Trace Attempt 40	[4.60 s]
19.0.AM: Trace Attempt  1	[5.07 s]
19.0.AM: Trace Attempt  2	[5.10 s]
19.0.AM: Trace Attempt  3	[5.11 s]
19.0.AM: Trace Attempt  5	[5.12 s]
19.0.Mpcustom4: Trace Attempt 31	[5.76 s]
19.0.N: Trace Attempt 31	[8.66 s]
19.0.Mpcustom4: Trace Attempt 43	[10.47 s]
19.0.N: Trace Attempt  1	[10.76 s]
19.0.N: Trace Attempt  2	[10.79 s]
19.0.N: Trace Attempt  3	[10.79 s]
19.0.N: Trace Attempt  5	[10.80 s]
19.0.Mpcustom4: Trace Attempt 49	[15.25 s]
19.0.N: Trace Attempt 59	[17.47 s]
19.0.AM: Trace Attempt 56	[17.59 s]
19.0.Mpcustom4: Trace Attempt 51	[21.15 s]
19.0.B: Trace Attempt 61	[21.14 s]
19.0.N: Requesting engine job to stop
19.0.B: Requesting engine job to stop
19.0.AM: Requesting engine job to stop
19.0.Hp: Requesting engine job to terminate
19.0.Ht: Requesting engine job to terminate
19.0.Mpcustom4: Requesting engine job to terminate
INFO (IPF144): 19: Initiating shutdown of proof [21.79 s]
19.0.B: A trace with 61 cycles was found. [21.60 s]
INFO (IPF047): 19.0.B: The cover property "CS_div_fsm_s5_20" was covered in 61 cycles in 21.65 s.
19: ProofGrid usable level: 0
19.0.B: Stopped processing property "CS_div_fsm_s5_20"	[22.31 s].
19.0.B: All properties determined. [21.63 s]
19.0.B: Exited with Success (@ 21.81 s)
19.0.N: Stopped processing property "CS_div_fsm_s5_20"	[22.45 s].
19.0.N: All properties determined. [21.89 s]
19.0.N: Exited with Success (@ 21.92 s)
19.0.AM: Trace Attempt 59	[17.74 s]
19.0.AM: Stopped processing property "CS_div_fsm_s5_20"	[22.18 s].
19.0.AM: All properties determined. [21.69 s]
19.0.AM: Exited with Success (@ 22.00 s)
19.0.Mpcustom4: All properties determined. [22.05 s]
19.0.Hp: Interrupted (multi)
19.0.Hp: All properties determined. [22.33 s]
19.0.Mpcustom4: Exited with Success (@ 22.34 s)
19.0.Ht: Interrupted (multi)
19.0.Ht: Trace Attempt 60	[7.67 s]
19.0.Ht: All properties determined. [23.02 s]
19.0.Hp: Exited with Success (@ 23.05 s)
19.0.Ht: Exited with Success (@ 23.21 s)
19: --------------------------------------------------------------
ProofGrid Summary (utilization 99.20 %)
--------------------------------------------------------------
     engines started                               :     7
     engine jobs started                           :     7

    Average time in state (seconds)
    ------------------------------------------------------
    Engine  Pending     Running        Dead    Utilization
    ------------------------------------------------------
      N        0.10       21.78        0.00       99.53 %
     Hp        0.09       21.78        0.00       99.61 %
     Ht        0.09       21.76        0.00       99.57 %
    Mpcustom4        0.10       21.71        0.00       99.54 %
     Oh        0.30        0.18        0.00       37.75 %
      B        0.14       21.64        0.00       99.37 %
     AM        0.24       21.52        0.00       98.90 %
    all        0.15       18.62        0.00       99.20 %

    Total time in state (seconds)
    -----------------------------------------
            Pending     Running        Dead  
    -----------------------------------------
               1.06      130.37        0.00

    Data read    : 177.80 kiB
    Data written : 22.30 kiB

19: All pending notifications were processed.
INFO (IPF059): 19: Completed proof on task: "mytask"
cover -name CS_div_fsm_s5_21 {@(posedge clk_i) !div_fsm_s5 ##1 div_fsm_s5 [*21] ##1 !div_fsm_s5 }
INFO (IPF036): Starting proof on task: "mytask", 1 properties to prove with 0 already proven/unreachable
INFO (IPF031): Settings used for proof thread 20:
    orchestration                 = on (auto)
    time_limit                    = 600s
    per_property_time_limit       = 1s * 10 ^ scan
    engine_mode                   = auto
    proofgrid_per_engine_max_jobs = 1
    max engine jobs               = auto
    proofgrid_mode                = local
    proofgrid_restarts            = 10
20: Using multistage preprocessing
20: Starting reduce
20: Finished reduce in 0.042s
20.0.PRE: Performing Proof Simplification...
20.0.N: clocks: 1, declared: 1, looping: 0, posedge: 1, negedge: 0, noedge: 0, bothedge: 0
20.0.N: Proof Simplification Iteration 1	[0.00 s]
20.0.N: Proof Simplification Iteration 2	[0.04 s]
20.0.N: Proof Simplification Iteration 3	[0.06 s]
20.0.N: Proof Simplification Iteration 4	[0.07 s]
20.0.N: Proof Simplification Iteration 5	[0.09 s]
20.0.N: Proof Simplification Iteration 6	[0.11 s]
20.0.N: Proof Simplification Iteration 7	[0.13 s]
20.0.N: Proof Simplification Iteration 8	[0.15 s]
20.0.N: Proof Simplification Iteration 9	[0.17 s]
20.0.N: Proof Simplification Iteration 10	[0.18 s]
20.0.PRE: Proof Simplification completed in 0.23 s
20: About to start ProofGrid in its own thread with a limit of 10000 pending notifications and a limit of 10 traces.
20: =============================== ProofGrid start ===============================
20: ProofGrid usable level: 1
20: Initial ProofGrid level: 1
20: ProofGrid is starting event handling
20.0.Hp: caddy15.stanford.edu: "Rocky Linux 8.10 (Green Obsidian)" is an unsupported operating system.
20.0.N: caddy15.stanford.edu: "Rocky Linux 8.10 (Green Obsidian)" is an unsupported operating system.
20.0.Mpcustom4: caddy15.stanford.edu: "Rocky Linux 8.10 (Green Obsidian)" is an unsupported operating system.
20.0.Ht: caddy15.stanford.edu: "Rocky Linux 8.10 (Green Obsidian)" is an unsupported operating system.
20.0.N: Proofgrid shell started at 4092250@caddy15.stanford.edu(local) jg_4086220_caddy15.stanford.edu_21
20.0.Hp: Proofgrid shell started at 4092251@caddy15.stanford.edu(local) jg_4086220_caddy15.stanford.edu_21
20.0.Hp: clocks: 1, declared: 1, looping: 0, posedge: 1, negedge: 0, noedge: 0, bothedge: 0
20.0.Oh: caddy15.stanford.edu: "Rocky Linux 8.10 (Green Obsidian)" is an unsupported operating system.
20.0.N: clocks: 1, declared: 1, looping: 0, posedge: 1, negedge: 0, noedge: 0, bothedge: 0
20.0.Mpcustom4: Proofgrid shell started at 4092276@caddy15.stanford.edu(local) jg_4086220_caddy15.stanford.edu_21
20.0.B: caddy15.stanford.edu: "Rocky Linux 8.10 (Green Obsidian)" is an unsupported operating system.
20.0.Mpcustom4: clocks: 1, declared: 1, looping: 0, posedge: 1, negedge: 0, noedge: 0, bothedge: 0
20.0.N: Last scan. Per property time limit: 0s
20.0.N: Starting proof for property "CS_div_fsm_s5_21"	[0.00 s].
20.0.N: Trace Attempt  1	[0.01 s]
20.0.N: Trace Attempt  2	[0.01 s]
20.0.N: Trace Attempt  3	[0.01 s]
20.0.Ht: Proofgrid shell started at 4092273@caddy15.stanford.edu(local) jg_4086220_caddy15.stanford.edu_21
20.0.Mpcustom4: Trace Attempt  1	[0.04 s]
20.0.Ht: clocks: 1, declared: 1, looping: 0, posedge: 1, negedge: 0, noedge: 0, bothedge: 0
20.0.N: Trace Attempt  3	[0.04 s]
20.0.Mpcustom4: Trace Attempt  2	[0.06 s]
20.0.Ht: Trace Attempt  1	[0.04 s]
20.0.Ht: Trace Attempt  2	[0.04 s]
20.0.Ht: Trace Attempt  3	[0.04 s]
20.0.N: Trace Attempt  4	[0.06 s]
20.0.N: Trace Attempt  5	[0.06 s]
20.0.Ht: Trace Attempt  4	[0.04 s]
20.0.Ht: Trace Attempt  5	[0.05 s]
20.0.N: Trace Attempt  5	[0.13 s]
20.0.AM: caddy15.stanford.edu: "Rocky Linux 8.10 (Green Obsidian)" is an unsupported operating system.
20.0.Oh: Proofgrid shell started at 4092296@caddy15.stanford.edu(local) jg_4086220_caddy15.stanford.edu_21
20.0.Oh: clocks: 1, declared: 1, looping: 0, posedge: 1, negedge: 0, noedge: 0, bothedge: 0
20.0.B: Proofgrid shell started at 4092312@caddy15.stanford.edu(local) jg_4086220_caddy15.stanford.edu_21
20.0.B: clocks: 1, declared: 1, looping: 0, posedge: 1, negedge: 0, noedge: 0, bothedge: 0
20.0.B: Last scan. Per property time limit: 0s
20.0.B: Starting proof for property "CS_div_fsm_s5_21"	[0.00 s].
20.0.B: Trace Attempt  1	[0.01 s]
20.0.B: Trace Attempt  2	[0.02 s]
20.0.B: Trace Attempt  3	[0.05 s]
20.0.B: Trace Attempt  4	[0.07 s]
20.0.AM: Proofgrid shell started at 4092321@caddy15.stanford.edu(local) jg_4086220_caddy15.stanford.edu_21
20.0.B: Trace Attempt  5	[0.14 s]
20.0.Oh: bwd trail(1): 1 0.113896s
20.0.Oh: All properties either determined or skipped. [0.25 s]
20.0.Oh: Exited with Success (@ 0.49 s)
20.0.AM: clocks: 1, declared: 1, looping: 0, posedge: 1, negedge: 0, noedge: 0, bothedge: 0
20.0.AM: Last scan. Per property time limit: 0s
20.0.AM: Starting proof for property "CS_div_fsm_s5_21"	[0.00 s].
20.0.AM: Trace Attempt  1	[0.01 s]
20.0.AM: Trace Attempt  2	[0.01 s]
20.0.AM: Trace Attempt  3	[0.03 s]
20.0.AM: Trace Attempt  4	[0.06 s]
20.0.AM: Trace Attempt  5	[0.09 s]
20.0.Mpcustom4: Trace Attempt  3	[0.79 s]
20.0.Mpcustom4: Trace Attempt  3	[0.84 s]
20.0.Mpcustom4: Trace Attempt  4	[0.86 s]
20.0.Mpcustom4: Trace Attempt  4	[0.92 s]
20.0.Mpcustom4: Trace Attempt  5	[0.94 s]
20.0.Ht: Trace Attempt 42	[4.23 s]
20.0.N: Trace Attempt 29	[4.46 s]
20.0.B: Trace Attempt 45	[4.25 s]
20.0.Mpcustom4: Trace Attempt 31	[5.03 s]
20.0.AM: Trace Attempt  1	[4.54 s]
20.0.AM: Trace Attempt  2	[4.57 s]
20.0.AM: Trace Attempt  3	[4.58 s]
20.0.AM: Trace Attempt  5	[4.59 s]
20.0.N: Trace Attempt  1	[6.28 s]
20.0.N: Trace Attempt  2	[6.31 s]
20.0.N: Trace Attempt  3	[6.32 s]
20.0.N: Trace Attempt  5	[6.33 s]
20.0.AM: Trace Attempt  1	[8.08 s]
20.0.AM: Trace Attempt  2	[8.11 s]
20.0.AM: Trace Attempt  3	[8.12 s]
20.0.AM: Trace Attempt  5	[8.13 s]
20.0.Mpcustom4: Trace Attempt 40	[9.99 s]
20.0.N: Trace Attempt 60	[13.28 s]
20.0.Mpcustom4: Trace Attempt 45	[14.71 s]
20.0.AM: Trace Attempt 50	[19.83 s]
20.0.Mpcustom4: Trace Attempt 48	[20.47 s]
20.0.B: Trace Attempt 62	[24.83 s]
20.0.Mpcustom4: Trace Attempt 54	[25.82 s]
20.0.AM: Trace Attempt 61	[26.65 s]
20.0.Mpcustom4: Trace Attempt 59	[30.64 s]
20.0.N: Trace Attempt 60	[33.15 s]
20.0.N: Requesting engine job to stop
20.0.B: Requesting engine job to stop
20.0.AM: Requesting engine job to stop
20.0.Hp: Requesting engine job to terminate
20.0.Ht: Requesting engine job to terminate
20.0.Mpcustom4: Requesting engine job to terminate
INFO (IPF144): 20: Initiating shutdown of proof [34.30 s]
20.0.B: A trace with 62 cycles was found. [33.94 s]
INFO (IPF047): 20.0.B: The cover property "CS_div_fsm_s5_21" was covered in 62 cycles in 34.02 s.
20.0.B: Stopped processing property "CS_div_fsm_s5_21"	[34.05 s].
20.0.B: All properties determined. [34.01 s]
20.0.B: Exited with Success (@ 34.33 s)
20: ProofGrid usable level: 0
20.0.N: Stopped processing property "CS_div_fsm_s5_21"	[34.45 s].
20.0.N: All properties determined. [34.46 s]
20.0.N: Exited with Success (@ 34.51 s)
20.0.Hp: Interrupted (multi)
20.0.Hp: All properties determined. [34.57 s]
20.0.Mpcustom4: Trace Attempt 60	[30.69 s]
20.0.Mpcustom4: All properties determined. [34.65 s]
20.0.Mpcustom4: Exited with Success (@ 34.73 s)
20.0.AM: Trace Attempt 62	[27.10 s]
20.0.AM: Stopped processing property "CS_div_fsm_s5_21"	[34.43 s].
20.0.Hp: Exited with Success (@ 34.95 s)
20.0.AM: All properties determined. [34.44 s]
20.0.Ht: Interrupted (multi)
20.0.Ht: Trace Attempt 58	[6.36 s]
20.0.Ht: All properties determined. [35.34 s]
20.0.AM: Exited with Success (@ 35.41 s)
20.0.Ht: Exited with Success (@ 35.56 s)
20: --------------------------------------------------------------
ProofGrid Summary (utilization 99.10 %)
--------------------------------------------------------------
     engines started                               :     7
     engine jobs started                           :     7

    Average time in state (seconds)
    ------------------------------------------------------
    Engine  Pending     Running        Dead    Utilization
    ------------------------------------------------------
      N        0.57       34.28        0.00       98.37 %
     Hp        0.13       34.30        0.00       99.63 %
     Ht        0.13       34.23        0.00       99.62 %
    Mpcustom4        0.10       34.27        0.00       99.72 %
     Oh        0.24        0.25        0.00       51.62 %
      B        0.26       34.02        0.00       99.23 %
     AM        0.45       33.81        0.00       98.69 %
    all        0.27       29.31        0.00       99.10 %

    Total time in state (seconds)
    -----------------------------------------
            Pending     Running        Dead  
    -----------------------------------------
               1.87      205.15        0.00

    Data read    : 183.03 kiB
    Data written : 11.44 kiB

20: All pending notifications were processed.
INFO (IPF059): 20: Completed proof on task: "mytask"
cover -name CS_div_fsm_s5_22 {@(posedge clk_i) !div_fsm_s5 ##1 div_fsm_s5 [*22] ##1 !div_fsm_s5 }
INFO (IPF036): Starting proof on task: "mytask", 1 properties to prove with 0 already proven/unreachable
INFO (IPF031): Settings used for proof thread 21:
    orchestration                 = on (auto)
    time_limit                    = 600s
    per_property_time_limit       = 1s * 10 ^ scan
    engine_mode                   = auto
    proofgrid_per_engine_max_jobs = 1
    max engine jobs               = auto
    proofgrid_mode                = local
    proofgrid_restarts            = 10
21: Using multistage preprocessing
21: Starting reduce
21: Finished reduce in 0.041s
21.0.PRE: Performing Proof Simplification...
21.0.N: clocks: 1, declared: 1, looping: 0, posedge: 1, negedge: 0, noedge: 0, bothedge: 0
21.0.N: Proof Simplification Iteration 1	[0.00 s]
21.0.N: Proof Simplification Iteration 2	[0.04 s]
21.0.N: Proof Simplification Iteration 3	[0.05 s]
21.0.N: Proof Simplification Iteration 4	[0.07 s]
21.0.N: Proof Simplification Iteration 5	[0.09 s]
21.0.N: Proof Simplification Iteration 6	[0.11 s]
21.0.N: Proof Simplification Iteration 7	[0.13 s]
21.0.N: Proof Simplification Iteration 8	[0.15 s]
21.0.N: Proof Simplification Iteration 9	[0.16 s]
21.0.N: Proof Simplification Iteration 10	[0.18 s]
21.0.PRE: Proof Simplification completed in 0.23 s
21: About to start ProofGrid in its own thread with a limit of 10000 pending notifications and a limit of 10 traces.
21: =============================== ProofGrid start ===============================
21: ProofGrid usable level: 1
21: Initial ProofGrid level: 1
21: ProofGrid is starting event handling
21.0.Hp: caddy15.stanford.edu: "Rocky Linux 8.10 (Green Obsidian)" is an unsupported operating system.
21.0.N: caddy15.stanford.edu: "Rocky Linux 8.10 (Green Obsidian)" is an unsupported operating system.
21.0.Ht: caddy15.stanford.edu: "Rocky Linux 8.10 (Green Obsidian)" is an unsupported operating system.
21.0.Mpcustom4: caddy15.stanford.edu: "Rocky Linux 8.10 (Green Obsidian)" is an unsupported operating system.
21.0.Hp: Proofgrid shell started at 4092709@caddy15.stanford.edu(local) jg_4086220_caddy15.stanford.edu_22
21.0.N: Proofgrid shell started at 4092708@caddy15.stanford.edu(local) jg_4086220_caddy15.stanford.edu_22
21.0.Ht: Proofgrid shell started at 4092731@caddy15.stanford.edu(local) jg_4086220_caddy15.stanford.edu_22
21.0.Hp: clocks: 1, declared: 1, looping: 0, posedge: 1, negedge: 0, noedge: 0, bothedge: 0
21.0.Ht: clocks: 1, declared: 1, looping: 0, posedge: 1, negedge: 0, noedge: 0, bothedge: 0
21.0.N: clocks: 1, declared: 1, looping: 0, posedge: 1, negedge: 0, noedge: 0, bothedge: 0
21.0.N: Last scan. Per property time limit: 0s
21.0.N: Starting proof for property "CS_div_fsm_s5_22"	[0.00 s].
21.0.N: Trace Attempt  1	[0.00 s]
21.0.N: Trace Attempt  2	[0.01 s]
21.0.N: Trace Attempt  3	[0.01 s]
21.0.Ht: Trace Attempt  1	[0.04 s]
21.0.Ht: Trace Attempt  2	[0.04 s]
21.0.Ht: Trace Attempt  3	[0.04 s]
21.0.Mpcustom4: Proofgrid shell started at 4092750@caddy15.stanford.edu(local) jg_4086220_caddy15.stanford.edu_22
21.0.Ht: Trace Attempt  4	[0.05 s]
21.0.Ht: Trace Attempt  5	[0.06 s]
21.0.Mpcustom4: clocks: 1, declared: 1, looping: 0, posedge: 1, negedge: 0, noedge: 0, bothedge: 0
21.0.N: Trace Attempt  3	[0.04 s]
21.0.Oh: caddy15.stanford.edu: "Rocky Linux 8.10 (Green Obsidian)" is an unsupported operating system.
21.0.B: caddy15.stanford.edu: "Rocky Linux 8.10 (Green Obsidian)" is an unsupported operating system.
21.0.AM: caddy15.stanford.edu: "Rocky Linux 8.10 (Green Obsidian)" is an unsupported operating system.
21.0.N: Trace Attempt  4	[0.06 s]
21.0.N: Trace Attempt  5	[0.06 s]
21.0.Mpcustom4: Trace Attempt  1	[0.09 s]
21.0.Oh: Proofgrid shell started at 4092765@caddy15.stanford.edu(local) jg_4086220_caddy15.stanford.edu_22
21.0.N: Trace Attempt  5	[0.13 s]
21.0.Oh: clocks: 1, declared: 1, looping: 0, posedge: 1, negedge: 0, noedge: 0, bothedge: 0
21.0.Mpcustom4: Trace Attempt  2	[0.13 s]
21.0.B: Proofgrid shell started at 4092769@caddy15.stanford.edu(local) jg_4086220_caddy15.stanford.edu_22
21.0.B: clocks: 1, declared: 1, looping: 0, posedge: 1, negedge: 0, noedge: 0, bothedge: 0
21.0.AM: Proofgrid shell started at 4092770@caddy15.stanford.edu(local) jg_4086220_caddy15.stanford.edu_22
21.0.B: Last scan. Per property time limit: 0s
21.0.B: Starting proof for property "CS_div_fsm_s5_22"	[0.00 s].
21.0.AM: clocks: 1, declared: 1, looping: 0, posedge: 1, negedge: 0, noedge: 0, bothedge: 0
21.0.B: Trace Attempt  1	[0.01 s]
21.0.AM: Last scan. Per property time limit: 0s
21.0.AM: Starting proof for property "CS_div_fsm_s5_22"	[0.00 s].
21.0.AM: Trace Attempt  1	[0.00 s]
21.0.AM: Trace Attempt  2	[0.01 s]
21.0.B: Trace Attempt  2	[0.02 s]
21.0.B: Trace Attempt  3	[0.05 s]
21.0.AM: Trace Attempt  3	[0.03 s]
21.0.B: Trace Attempt  4	[0.07 s]
21.0.AM: Trace Attempt  4	[0.06 s]
21.0.AM: Trace Attempt  5	[0.08 s]
21.0.Oh: bwd trail(1): 1 0.114835s
21.0.Oh: All properties either determined or skipped. [0.26 s]
21.0.B: Trace Attempt  5	[0.15 s]
21.0.Oh: Exited with Success (@ 0.44 s)
21.0.Mpcustom4: Trace Attempt  3	[0.94 s]
21.0.Mpcustom4: Trace Attempt  3	[0.99 s]
21.0.Mpcustom4: Trace Attempt  4	[1.01 s]
21.0.Mpcustom4: Trace Attempt  4	[1.07 s]
21.0.Mpcustom4: Trace Attempt  5	[1.09 s]
21.0.AM: Trace Attempt  1	[3.74 s]
21.0.AM: Trace Attempt  2	[3.78 s]
21.0.AM: Trace Attempt  3	[3.81 s]
21.0.AM: Trace Attempt  5	[3.82 s]
21.0.N: Trace Attempt 28	[4.31 s]
21.0.Ht: Trace Attempt 43	[4.43 s]
21.0.B: Trace Attempt 36	[4.21 s]
21.0.Mpcustom4: Trace Attempt 34	[5.33 s]
21.0.AM: Trace Attempt  1	[6.72 s]
21.0.AM: Trace Attempt  2	[6.75 s]
21.0.AM: Trace Attempt  3	[6.75 s]
21.0.AM: Trace Attempt  5	[6.76 s]
21.0.N: Trace Attempt 39	[8.87 s]
21.0.Mpcustom4: Trace Attempt 42	[9.42 s]
21.0.N: Trace Attempt  1	[9.54 s]
21.0.N: Trace Attempt  2	[9.56 s]
21.0.N: Trace Attempt  3	[9.57 s]
21.0.N: Trace Attempt  5	[9.58 s]
21.0.AM: Trace Attempt 50	[10.85 s]
21.0.N: Trace Attempt 58	[14.20 s]
21.0.Mpcustom4: Trace Attempt 48	[16.02 s]
21.0.AM: Trace Attempt 51	[18.63 s]
21.0.N: Trace Attempt 61	[19.60 s]
21.0.Ht: Trace Attempt 52	[22.77 s]
21.0.Mpcustom4: Trace Attempt 53	[25.00 s]
21.0.B: Trace Attempt 63	[25.69 s]
21.0.Mpcustom4: Trace Attempt 55	[29.11 s]
21.0.Mpcustom4: Trace Attempt 56	[33.33 s]
21.0.N: Requesting engine job to stop
21.0.B: Requesting engine job to stop
21.0.AM: Requesting engine job to stop
21.0.Hp: Requesting engine job to terminate
21.0.Ht: Requesting engine job to terminate
21.0.Mpcustom4: Requesting engine job to terminate
INFO (IPF144): 21: Initiating shutdown of proof [33.48 s]
21.0.B: A trace with 63 cycles was found. [33.14 s]
INFO (IPF047): 21.0.B: The cover property "CS_div_fsm_s5_22" was covered in 63 cycles in 33.22 s.
21.0.B: Stopped processing property "CS_div_fsm_s5_22"	[33.26 s].
21.0.B: All properties determined. [33.21 s]
21.0.B: Exited with Success (@ 33.51 s)
21: ProofGrid usable level: 0
21.0.Ht: Interrupted (multi)
21.0.Ht: Trace Attempt 62	[23.41 s]
21.0.Ht: All properties determined. [33.48 s]
21.0.N: Stopped processing property "CS_div_fsm_s5_22"	[33.50 s].
21.0.N: All properties determined. [33.51 s]
21.0.N: Exited with Success (@ 33.57 s)
21.0.AM: Trace Attempt 61	[20.58 s]
21.0.AM: Stopped processing property "CS_div_fsm_s5_22"	[33.29 s].
21.0.AM: All properties determined. [33.29 s]
21.0.AM: Exited with Success (@ 33.60 s)
21.0.Mpcustom4: All properties determined. [33.76 s]
21.0.Mpcustom4: Exited with Success (@ 33.95 s)
21.0.Ht: Exited with Success (@ 34.20 s)
21.0.Hp: Interrupted (multi)
21.0.Hp: All properties determined. [34.20 s]
21.0.Hp: Exited with Success (@ 34.46 s)
21: --------------------------------------------------------------
ProofGrid Summary (utilization 99.47 %)
--------------------------------------------------------------
     engines started                               :     7
     engine jobs started                           :     7

    Average time in state (seconds)
    ------------------------------------------------------
    Engine  Pending     Running        Dead    Utilization
    ------------------------------------------------------
      N        0.11       33.45        0.00       99.66 %
     Hp        0.09       33.47        0.00       99.74 %
     Ht        0.09       33.45        0.00       99.73 %
    Mpcustom4        0.11       33.40        0.00       99.66 %
     Oh        0.18        0.26        0.00       59.00 %
      B        0.23       33.24        0.00       99.33 %
     AM        0.26       33.21        0.00       99.22 %
    all        0.15       28.64        0.00       99.47 %

    Total time in state (seconds)
    -----------------------------------------
            Pending     Running        Dead  
    -----------------------------------------
               1.07      200.48        0.00

    Data read    : 185.54 kiB
    Data written : 27.95 kiB

21: All pending notifications were processed.
INFO (IPF059): 21: Completed proof on task: "mytask"
cover -name CS_div_fsm_s5_23 {@(posedge clk_i) !div_fsm_s5 ##1 div_fsm_s5 [*23] ##1 !div_fsm_s5 }
INFO (IPF036): Starting proof on task: "mytask", 1 properties to prove with 0 already proven/unreachable
INFO (IPF031): Settings used for proof thread 22:
    orchestration                 = on (auto)
    time_limit                    = 600s
    per_property_time_limit       = 1s * 10 ^ scan
    engine_mode                   = auto
    proofgrid_per_engine_max_jobs = 1
    max engine jobs               = auto
    proofgrid_mode                = local
    proofgrid_restarts            = 10
22: Using multistage preprocessing
22: Starting reduce
22: Finished reduce in 0.042s
22.0.PRE: Performing Proof Simplification...
22.0.N: clocks: 1, declared: 1, looping: 0, posedge: 1, negedge: 0, noedge: 0, bothedge: 0
22.0.N: Proof Simplification Iteration 1	[0.00 s]
22.0.N: Proof Simplification Iteration 2	[0.04 s]
22.0.N: Proof Simplification Iteration 3	[0.06 s]
22.0.N: Proof Simplification Iteration 4	[0.07 s]
22.0.N: Proof Simplification Iteration 5	[0.09 s]
22.0.N: Proof Simplification Iteration 6	[0.11 s]
22.0.N: Proof Simplification Iteration 7	[0.13 s]
22.0.N: Proof Simplification Iteration 8	[0.15 s]
22.0.N: Proof Simplification Iteration 9	[0.17 s]
22.0.N: Proof Simplification Iteration 10	[0.18 s]
22.0.PRE: Proof Simplification completed in 0.23 s
22: About to start ProofGrid in its own thread with a limit of 10000 pending notifications and a limit of 10 traces.
22: =============================== ProofGrid start ===============================
22: ProofGrid usable level: 1
22: Initial ProofGrid level: 1
22: ProofGrid is starting event handling
22.0.Hp: caddy15.stanford.edu: "Rocky Linux 8.10 (Green Obsidian)" is an unsupported operating system.
22.0.N: caddy15.stanford.edu: "Rocky Linux 8.10 (Green Obsidian)" is an unsupported operating system.
22.0.Ht: caddy15.stanford.edu: "Rocky Linux 8.10 (Green Obsidian)" is an unsupported operating system.
22.0.Hp: Proofgrid shell started at 4093167@caddy15.stanford.edu(local) jg_4086220_caddy15.stanford.edu_23
22.0.N: Proofgrid shell started at 4093166@caddy15.stanford.edu(local) jg_4086220_caddy15.stanford.edu_23
22.0.Hp: clocks: 1, declared: 1, looping: 0, posedge: 1, negedge: 0, noedge: 0, bothedge: 0
22.0.Ht: Proofgrid shell started at 4093189@caddy15.stanford.edu(local) jg_4086220_caddy15.stanford.edu_23
22.0.N: clocks: 1, declared: 1, looping: 0, posedge: 1, negedge: 0, noedge: 0, bothedge: 0
22.0.Mpcustom4: caddy15.stanford.edu: "Rocky Linux 8.10 (Green Obsidian)" is an unsupported operating system.
22.0.N: Last scan. Per property time limit: 0s
22.0.N: Starting proof for property "CS_div_fsm_s5_23"	[0.00 s].
22.0.Ht: clocks: 1, declared: 1, looping: 0, posedge: 1, negedge: 0, noedge: 0, bothedge: 0
22.0.N: Trace Attempt  1	[0.00 s]
22.0.N: Trace Attempt  2	[0.01 s]
22.0.N: Trace Attempt  3	[0.01 s]
22.0.Ht: Trace Attempt  1	[0.04 s]
22.0.Ht: Trace Attempt  2	[0.04 s]
22.0.N: Trace Attempt  3	[0.04 s]
22.0.Ht: Trace Attempt  3	[0.05 s]
22.0.Ht: Trace Attempt  4	[0.05 s]
22.0.Mpcustom4: Proofgrid shell started at 4093208@caddy15.stanford.edu(local) jg_4086220_caddy15.stanford.edu_23
22.0.N: Trace Attempt  4	[0.06 s]
22.0.N: Trace Attempt  5	[0.06 s]
22.0.Ht: Trace Attempt  5	[0.06 s]
22.0.Mpcustom4: clocks: 1, declared: 1, looping: 0, posedge: 1, negedge: 0, noedge: 0, bothedge: 0
22.0.Mpcustom4: Trace Attempt  1	[0.04 s]
22.0.Oh: caddy15.stanford.edu: "Rocky Linux 8.10 (Green Obsidian)" is an unsupported operating system.
22.0.N: Trace Attempt  5	[0.12 s]
22.0.Mpcustom4: Trace Attempt  2	[0.06 s]
22.0.B: caddy15.stanford.edu: "Rocky Linux 8.10 (Green Obsidian)" is an unsupported operating system.
22.0.AM: caddy15.stanford.edu: "Rocky Linux 8.10 (Green Obsidian)" is an unsupported operating system.
22.0.Oh: Proofgrid shell started at 4093214@caddy15.stanford.edu(local) jg_4086220_caddy15.stanford.edu_23
22.0.B: Proofgrid shell started at 4093217@caddy15.stanford.edu(local) jg_4086220_caddy15.stanford.edu_23
22.0.Oh: clocks: 1, declared: 1, looping: 0, posedge: 1, negedge: 0, noedge: 0, bothedge: 0
22.0.B: clocks: 1, declared: 1, looping: 0, posedge: 1, negedge: 0, noedge: 0, bothedge: 0
22.0.B: Last scan. Per property time limit: 0s
22.0.B: Starting proof for property "CS_div_fsm_s5_23"	[0.00 s].
22.0.B: Trace Attempt  1	[0.03 s]
22.0.AM: Proofgrid shell started at 4093221@caddy15.stanford.edu(local) jg_4086220_caddy15.stanford.edu_23
22.0.B: Trace Attempt  2	[0.03 s]
22.0.B: Trace Attempt  3	[0.06 s]
22.0.AM: clocks: 1, declared: 1, looping: 0, posedge: 1, negedge: 0, noedge: 0, bothedge: 0
22.0.B: Trace Attempt  4	[0.08 s]
22.0.AM: Last scan. Per property time limit: 0s
22.0.AM: Starting proof for property "CS_div_fsm_s5_23"	[0.00 s].
22.0.AM: Trace Attempt  1	[0.00 s]
22.0.AM: Trace Attempt  2	[0.01 s]
22.0.Oh: bwd trail(1): 1 0.121193s
22.0.Oh: All properties either determined or skipped. [0.15 s]
22.0.Oh: Exited with Success (@ 0.62 s)
22.0.Oh: Completed, Restart ignored.
22.0.AM: Trace Attempt  3	[0.05 s]
22.0.B: Trace Attempt  5	[0.17 s]
22.0.AM: Trace Attempt  4	[0.10 s]
22.0.AM: Trace Attempt  5	[0.15 s]
22.0.Mpcustom4: Trace Attempt  3	[0.68 s]
22.0.Mpcustom4: Trace Attempt  3	[0.73 s]
22.0.Mpcustom4: Trace Attempt  4	[0.75 s]
22.0.Mpcustom4: Trace Attempt  4	[0.81 s]
22.0.Mpcustom4: Trace Attempt  5	[0.83 s]
22.0.N: Trace Attempt 25	[4.37 s]
22.0.AM: Trace Attempt 36	[4.21 s]
22.0.B: Trace Attempt 44	[4.33 s]
22.0.Ht: Trace Attempt 44	[5.06 s]
22.0.AM: Trace Attempt  1	[4.84 s]
22.0.AM: Trace Attempt  2	[4.87 s]
22.0.AM: Trace Attempt  3	[4.87 s]
22.0.AM: Trace Attempt  5	[4.89 s]
22.0.Mpcustom4: Trace Attempt 27	[5.52 s]
22.0.N: Trace Attempt  1	[8.27 s]
22.0.N: Trace Attempt  2	[8.29 s]
22.0.N: Trace Attempt  3	[8.30 s]
22.0.N: Trace Attempt  5	[8.31 s]
22.0.AM: Trace Attempt  1	[7.92 s]
22.0.AM: Trace Attempt  2	[7.95 s]
22.0.AM: Trace Attempt  3	[7.96 s]
22.0.AM: Trace Attempt  5	[7.97 s]
22.0.Mpcustom4: Trace Attempt 30	[9.95 s]
22.0.Mpcustom4: Trace Attempt 38	[14.38 s]
22.0.N: Trace Attempt 46	[15.79 s]
22.0.Mpcustom4: Trace Attempt 40	[19.75 s]
22.0.AM: Trace Attempt 55	[21.02 s]
22.0.Mpcustom4: Trace Attempt 45	[24.87 s]
22.0.B: Trace Attempt 64	[26.39 s]
22.0.AM: Trace Attempt 63	[27.02 s]
22.0.Mpcustom4: Trace Attempt 49	[29.43 s]
22.0.N: Trace Attempt 46	[29.66 s]
22.0.N: Trace Attempt 48	[34.50 s]
22.0.Mpcustom4: Trace Attempt 54	[34.49 s]
22.0.N: Requesting engine job to stop
22.0.B: Requesting engine job to stop
22.0.AM: Requesting engine job to stop
22.0.Hp: Requesting engine job to terminate
22.0.Ht: Requesting engine job to terminate
22.0.Mpcustom4: Requesting engine job to terminate
INFO (IPF144): 22: Initiating shutdown of proof [34.73 s]
22.0.B: A trace with 64 cycles was found. [34.21 s]
INFO (IPF047): 22.0.B: The cover property "CS_div_fsm_s5_23" was covered in 64 cycles in 34.25 s.
22.0.B: Stopped processing property "CS_div_fsm_s5_23"	[34.29 s].
22.0.B: All properties determined. [34.24 s]
22.0.Hp: Interrupted (multi)
22.0.Hp: All properties determined. [34.73 s]
22.0.B: Exited with Success (@ 34.75 s)
22: ProofGrid usable level: 0
22.0.N: Trace Attempt  1	[34.72 s]
22.0.N: Stopped processing property "CS_div_fsm_s5_23"	[34.75 s].
22.0.N: All properties determined. [34.72 s]
22.0.N: Exited with Success (@ 34.77 s)
22.0.Hp: Exited with Success (@ 35.11 s)
22.0.Mpcustom4: All properties determined. [35.00 s]
22.0.AM: Stopped processing property "CS_div_fsm_s5_23"	[34.66 s].
22.0.Mpcustom4: Exited with Success (@ 35.24 s)
22.0.AM: All properties determined. [34.67 s]
22.0.AM: Exited with Success (@ 35.75 s)
22.0.Ht: Interrupted (multi)
22.0.Ht: Trace Attempt 60	[7.55 s]
22.0.Ht: All properties determined. [36.44 s]
22.0.Ht: Sending SIGKILL
22.0.Ht: Exited with Success (@ 36.99 s)
22: --------------------------------------------------------------
ProofGrid Summary (utilization 99.17 %)
--------------------------------------------------------------
     engines started                               :     7
     engine jobs started                           :     7

    Average time in state (seconds)
    ------------------------------------------------------
    Engine  Pending     Running        Dead    Utilization
    ------------------------------------------------------
      N        0.11       34.71        0.00       99.69 %
     Hp        0.07       34.72        0.00       99.80 %
     Ht        0.07       34.69        0.00       99.80 %
    Mpcustom4        0.12       34.63        0.00       99.65 %
     Oh        0.43        0.15        0.00       25.54 %
      B        0.43       34.25        0.00       98.76 %
     AM        0.51       34.17        0.00       98.53 %
    all        0.25       29.62        0.00       99.17 %

    Total time in state (seconds)
    -----------------------------------------
            Pending     Running        Dead  
    -----------------------------------------
               1.74      207.32        0.00

    Data read    : 188.43 kiB
    Data written : 22.77 kiB

22: All pending notifications were processed.
INFO (IPF059): 22: Completed proof on task: "mytask"
cover -name CS_div_fsm_s5_24 {@(posedge clk_i) !div_fsm_s5 ##1 div_fsm_s5 [*24] ##1 !div_fsm_s5 }
INFO (IPF036): Starting proof on task: "mytask", 1 properties to prove with 0 already proven/unreachable
INFO (IPF031): Settings used for proof thread 23:
    orchestration                 = on (auto)
    time_limit                    = 600s
    per_property_time_limit       = 1s * 10 ^ scan
    engine_mode                   = auto
    proofgrid_per_engine_max_jobs = 1
    max engine jobs               = auto
    proofgrid_mode                = local
    proofgrid_restarts            = 10
23: Using multistage preprocessing
23: Starting reduce
23: Finished reduce in 0.041s
23.0.PRE: Performing Proof Simplification...
23.0.N: clocks: 1, declared: 1, looping: 0, posedge: 1, negedge: 0, noedge: 0, bothedge: 0
23.0.N: Proof Simplification Iteration 1	[0.00 s]
23.0.N: Proof Simplification Iteration 2	[0.04 s]
23.0.N: Proof Simplification Iteration 3	[0.05 s]
23.0.N: Proof Simplification Iteration 4	[0.07 s]
23.0.N: Proof Simplification Iteration 5	[0.09 s]
23.0.N: Proof Simplification Iteration 6	[0.11 s]
23.0.N: Proof Simplification Iteration 7	[0.13 s]
23.0.N: Proof Simplification Iteration 8	[0.14 s]
23.0.N: Proof Simplification Iteration 9	[0.16 s]
23.0.N: Proof Simplification Iteration 10	[0.18 s]
23.0.PRE: Proof Simplification completed in 0.23 s
23: About to start ProofGrid in its own thread with a limit of 10000 pending notifications and a limit of 10 traces.
23: =============================== ProofGrid start ===============================
23: ProofGrid usable level: 1
23: Initial ProofGrid level: 1
23: ProofGrid is starting event handling
23.0.N: caddy15.stanford.edu: "Rocky Linux 8.10 (Green Obsidian)" is an unsupported operating system.
23.0.Hp: caddy15.stanford.edu: "Rocky Linux 8.10 (Green Obsidian)" is an unsupported operating system.
23.0.Ht: caddy15.stanford.edu: "Rocky Linux 8.10 (Green Obsidian)" is an unsupported operating system.
23.0.N: Proofgrid shell started at 4093445@caddy15.stanford.edu(local) jg_4086220_caddy15.stanford.edu_24
23.0.Hp: Proofgrid shell started at 4093446@caddy15.stanford.edu(local) jg_4086220_caddy15.stanford.edu_24
23.0.Mpcustom4: caddy15.stanford.edu: "Rocky Linux 8.10 (Green Obsidian)" is an unsupported operating system.
23.0.N: clocks: 1, declared: 1, looping: 0, posedge: 1, negedge: 0, noedge: 0, bothedge: 0
23.0.Hp: clocks: 1, declared: 1, looping: 0, posedge: 1, negedge: 0, noedge: 0, bothedge: 0
23.0.N: Last scan. Per property time limit: 0s
23.0.N: Starting proof for property "CS_div_fsm_s5_24"	[0.00 s].
23.0.N: Trace Attempt  1	[0.01 s]
23.0.N: Trace Attempt  2	[0.01 s]
23.0.N: Trace Attempt  3	[0.01 s]
23.0.Ht: Proofgrid shell started at 4093469@caddy15.stanford.edu(local) jg_4086220_caddy15.stanford.edu_24
23.0.B: caddy15.stanford.edu: "Rocky Linux 8.10 (Green Obsidian)" is an unsupported operating system.
23.0.Oh: caddy15.stanford.edu: "Rocky Linux 8.10 (Green Obsidian)" is an unsupported operating system.
23.0.Ht: clocks: 1, declared: 1, looping: 0, posedge: 1, negedge: 0, noedge: 0, bothedge: 0
23.0.AM: caddy15.stanford.edu: "Rocky Linux 8.10 (Green Obsidian)" is an unsupported operating system.
23.0.N: Trace Attempt  3	[0.04 s]
23.0.Mpcustom4: Proofgrid shell started at 4093488@caddy15.stanford.edu(local) jg_4086220_caddy15.stanford.edu_24
23.0.Mpcustom4: clocks: 1, declared: 1, looping: 0, posedge: 1, negedge: 0, noedge: 0, bothedge: 0
23.0.N: Trace Attempt  4	[0.06 s]
23.0.N: Trace Attempt  5	[0.06 s]
23.0.Ht: Trace Attempt  1	[0.04 s]
23.0.Ht: Trace Attempt  2	[0.04 s]
23.0.Ht: Trace Attempt  3	[0.04 s]
23.0.Ht: Trace Attempt  4	[0.05 s]
23.0.Ht: Trace Attempt  5	[0.06 s]
23.0.Mpcustom4: Trace Attempt  1	[0.04 s]
23.0.Oh: Proofgrid shell started at 4093499@caddy15.stanford.edu(local) jg_4086220_caddy15.stanford.edu_24
23.0.Mpcustom4: Trace Attempt  2	[0.06 s]
23.0.Oh: clocks: 1, declared: 1, looping: 0, posedge: 1, negedge: 0, noedge: 0, bothedge: 0
23.0.N: Trace Attempt  5	[0.12 s]
23.0.B: Proofgrid shell started at 4093504@caddy15.stanford.edu(local) jg_4086220_caddy15.stanford.edu_24
23.0.AM: Proofgrid shell started at 4093509@caddy15.stanford.edu(local) jg_4086220_caddy15.stanford.edu_24
23.0.B: clocks: 1, declared: 1, looping: 0, posedge: 1, negedge: 0, noedge: 0, bothedge: 0
23.0.AM: clocks: 1, declared: 1, looping: 0, posedge: 1, negedge: 0, noedge: 0, bothedge: 0
23.0.B: Last scan. Per property time limit: 0s
23.0.B: Starting proof for property "CS_div_fsm_s5_24"	[0.00 s].
23.0.AM: Last scan. Per property time limit: 0s
23.0.AM: Starting proof for property "CS_div_fsm_s5_24"	[0.00 s].
23.0.AM: Trace Attempt  1	[0.01 s]
23.0.AM: Trace Attempt  2	[0.01 s]
23.0.B: Trace Attempt  1	[0.01 s]
23.0.B: Trace Attempt  2	[0.02 s]
23.0.B: Trace Attempt  3	[0.03 s]
23.0.AM: Trace Attempt  3	[0.03 s]
23.0.B: Trace Attempt  4	[0.04 s]
23.0.Oh: bwd trail(1): 1 0.108848s
23.0.Oh: All properties either determined or skipped. [0.13 s]
23.0.Oh: Exited with Success (@ 0.25 s)
23.0.Oh: Completed, Restart ignored.
23.0.AM: Trace Attempt  4	[0.07 s]
23.0.B: Trace Attempt  5	[0.08 s]
23.0.AM: Trace Attempt  5	[0.09 s]
23.0.Mpcustom4: Trace Attempt  3	[0.61 s]
23.0.Mpcustom4: Trace Attempt  3	[0.65 s]
23.0.Mpcustom4: Trace Attempt  4	[0.68 s]
23.0.Mpcustom4: Trace Attempt  4	[0.73 s]
23.0.Mpcustom4: Trace Attempt  5	[0.76 s]
23.0.B: Trace Attempt 44	[4.13 s]
23.0.N: Trace Attempt 27	[4.34 s]
23.0.AM: Trace Attempt 38	[4.42 s]
23.0.AM: Trace Attempt  1	[4.62 s]
23.0.AM: Trace Attempt  2	[4.65 s]
23.0.AM: Trace Attempt  3	[4.66 s]
23.0.AM: Trace Attempt  5	[4.67 s]
23.0.Ht: Trace Attempt 45	[4.92 s]
23.0.Mpcustom4: Trace Attempt 28	[5.31 s]
23.0.AM: Trace Attempt  1	[8.12 s]
23.0.AM: Trace Attempt  2	[8.16 s]
23.0.AM: Trace Attempt  3	[8.16 s]
23.0.N: Trace Attempt  1	[8.35 s]
23.0.AM: Trace Attempt  5	[8.18 s]
23.0.N: Trace Attempt  2	[8.38 s]
23.0.N: Trace Attempt  3	[8.38 s]
23.0.N: Trace Attempt  5	[8.39 s]
23.0.Mpcustom4: Trace Attempt 28	[9.42 s]
23.0.AM: Trace Attempt 53	[12.23 s]
23.0.Mpcustom4: Trace Attempt 34	[13.58 s]
23.0.N: Trace Attempt 60	[14.96 s]
23.0.Mpcustom4: Trace Attempt 46	[18.50 s]
23.0.N: Trace Attempt 63	[19.95 s]
23.0.AM: Trace Attempt 54	[21.81 s]
23.0.Mpcustom4: Trace Attempt 54	[23.70 s]
23.0.B: Trace Attempt 65	[27.21 s]
23.0.Mpcustom4: Trace Attempt 60	[29.93 s]
23.0.N: Requesting engine job to stop
23.0.B: Requesting engine job to stop
23.0.AM: Requesting engine job to stop
23.0.Hp: Requesting engine job to terminate
23.0.Ht: Requesting engine job to terminate
23.0.Mpcustom4: Requesting engine job to terminate
INFO (IPF144): 23: Initiating shutdown of proof [33.97 s]
23.0.B: A trace with 65 cycles was found. [33.75 s]
INFO (IPF047): 23.0.B: The cover property "CS_div_fsm_s5_24" was covered in 65 cycles in 33.79 s.
23.0.B: Stopped processing property "CS_div_fsm_s5_24"	[33.81 s].
23.0.B: All properties determined. [33.80 s]
23.0.B: Exited with Success (@ 34.01 s)
23: ProofGrid usable level: 0
23.0.N: Stopped processing property "CS_div_fsm_s5_24"	[34.01 s].
23.0.N: All properties determined. [34.02 s]
23.0.N: Exited with Success (@ 34.05 s)
23.0.Mpcustom4: Trace Attempt 61	[32.13 s]
23.0.Mpcustom4: All properties determined. [34.30 s]
23.0.Mpcustom4: Exited with Success (@ 34.41 s)
23.0.Ht: Interrupted (multi)
23.0.Ht: Trace Attempt 60	[6.99 s]
23.0.Ht: All properties determined. [34.45 s]
23.0.AM: Trace Attempt 63	[22.31 s]
23.0.AM: Stopped processing property "CS_div_fsm_s5_24"	[34.30 s].
23.0.AM: All properties determined. [34.31 s]
23.0.AM: Exited with Success (@ 34.73 s)
23.0.Hp: Interrupted (multi)
23.0.Hp: All properties determined. [34.83 s]
23.0.Ht: Exited with Success (@ 34.84 s)
23.0.Hp: Exited with Success (@ 35.17 s)
23: --------------------------------------------------------------
ProofGrid Summary (utilization 99.59 %)
--------------------------------------------------------------
     engines started                               :     7
     engine jobs started                           :     7

    Average time in state (seconds)
    ------------------------------------------------------
    Engine  Pending     Running        Dead    Utilization
    ------------------------------------------------------
      N        0.11       33.96        0.00       99.69 %
     Hp        0.08       33.96        0.00       99.76 %
     Ht        0.09       33.93        0.00       99.73 %
    Mpcustom4        0.09       33.90        0.00       99.74 %
     Oh        0.11        0.13        0.00       54.09 %
      B        0.18       33.79        0.00       99.48 %
     AM        0.17       33.78        0.00       99.49 %
    all        0.12       29.07        0.00       99.59 %

    Total time in state (seconds)
    -----------------------------------------
            Pending     Running        Dead  
    -----------------------------------------
               0.83      203.46        0.00

    Data read    : 193.36 kiB
    Data written : 18.03 kiB

23: All pending notifications were processed.
INFO (IPF059): 23: Completed proof on task: "mytask"
cover -name CS_div_fsm_s5_25 {@(posedge clk_i) !div_fsm_s5 ##1 div_fsm_s5 [*25] ##1 !div_fsm_s5 }
INFO (IPF036): Starting proof on task: "mytask", 1 properties to prove with 0 already proven/unreachable
INFO (IPF031): Settings used for proof thread 24:
    orchestration                 = on (auto)
    time_limit                    = 600s
    per_property_time_limit       = 1s * 10 ^ scan
    engine_mode                   = auto
    proofgrid_per_engine_max_jobs = 1
    max engine jobs               = auto
    proofgrid_mode                = local
    proofgrid_restarts            = 10
24: Using multistage preprocessing
24: Starting reduce
24: Finished reduce in 0.042s
24.0.PRE: Performing Proof Simplification...
24.0.N: clocks: 1, declared: 1, looping: 0, posedge: 1, negedge: 0, noedge: 0, bothedge: 0
24.0.N: Proof Simplification Iteration 1	[0.00 s]
24.0.N: Proof Simplification Iteration 2	[0.04 s]
24.0.N: Proof Simplification Iteration 3	[0.06 s]
24.0.N: Proof Simplification Iteration 4	[0.07 s]
24.0.N: Proof Simplification Iteration 5	[0.09 s]
24.0.N: Proof Simplification Iteration 6	[0.11 s]
24.0.N: Proof Simplification Iteration 7	[0.13 s]
24.0.N: Proof Simplification Iteration 8	[0.15 s]
24.0.N: Proof Simplification Iteration 9	[0.17 s]
24.0.N: Proof Simplification Iteration 10	[0.18 s]
24.0.PRE: Proof Simplification completed in 0.23 s
24: About to start ProofGrid in its own thread with a limit of 10000 pending notifications and a limit of 10 traces.
24: =============================== ProofGrid start ===============================
24: ProofGrid usable level: 1
24: Initial ProofGrid level: 1
24: ProofGrid is starting event handling
24.0.Hp: caddy15.stanford.edu: "Rocky Linux 8.10 (Green Obsidian)" is an unsupported operating system.
24.0.N: caddy15.stanford.edu: "Rocky Linux 8.10 (Green Obsidian)" is an unsupported operating system.
24.0.Ht: caddy15.stanford.edu: "Rocky Linux 8.10 (Green Obsidian)" is an unsupported operating system.
24.0.Mpcustom4: caddy15.stanford.edu: "Rocky Linux 8.10 (Green Obsidian)" is an unsupported operating system.
24.0.N: Proofgrid shell started at 4093902@caddy15.stanford.edu(local) jg_4086220_caddy15.stanford.edu_25
24.0.Hp: Proofgrid shell started at 4093903@caddy15.stanford.edu(local) jg_4086220_caddy15.stanford.edu_25
24.0.Hp: clocks: 1, declared: 1, looping: 0, posedge: 1, negedge: 0, noedge: 0, bothedge: 0
24.0.Ht: Proofgrid shell started at 4093925@caddy15.stanford.edu(local) jg_4086220_caddy15.stanford.edu_25
24.0.N: clocks: 1, declared: 1, looping: 0, posedge: 1, negedge: 0, noedge: 0, bothedge: 0
24.0.N: Last scan. Per property time limit: 0s
24.0.N: Starting proof for property "CS_div_fsm_s5_25"	[0.00 s].
24.0.Mpcustom4: Proofgrid shell started at 4093944@caddy15.stanford.edu(local) jg_4086220_caddy15.stanford.edu_25
24.0.N: Trace Attempt  1	[0.01 s]
24.0.N: Trace Attempt  2	[0.01 s]
24.0.N: Trace Attempt  3	[0.01 s]
24.0.Ht: clocks: 1, declared: 1, looping: 0, posedge: 1, negedge: 0, noedge: 0, bothedge: 0
24.0.AM: caddy15.stanford.edu: "Rocky Linux 8.10 (Green Obsidian)" is an unsupported operating system.
24.0.Mpcustom4: clocks: 1, declared: 1, looping: 0, posedge: 1, negedge: 0, noedge: 0, bothedge: 0
24.0.Ht: Trace Attempt  1	[0.04 s]
24.0.Ht: Trace Attempt  2	[0.04 s]
24.0.Ht: Trace Attempt  3	[0.04 s]
24.0.Ht: Trace Attempt  4	[0.05 s]
24.0.N: Trace Attempt  3	[0.05 s]
24.0.Ht: Trace Attempt  5	[0.06 s]
24.0.Mpcustom4: Trace Attempt  1	[0.05 s]
24.0.N: Trace Attempt  4	[0.07 s]
24.0.N: Trace Attempt  5	[0.07 s]
24.0.Mpcustom4: Trace Attempt  2	[0.07 s]
24.0.B: caddy15.stanford.edu: "Rocky Linux 8.10 (Green Obsidian)" is an unsupported operating system.
24.0.AM: Proofgrid shell started at 4093964@caddy15.stanford.edu(local) jg_4086220_caddy15.stanford.edu_25
24.0.AM: clocks: 1, declared: 1, looping: 0, posedge: 1, negedge: 0, noedge: 0, bothedge: 0
24.0.AM: Last scan. Per property time limit: 0s
24.0.AM: Starting proof for property "CS_div_fsm_s5_25"	[0.00 s].
24.0.AM: Trace Attempt  1	[0.00 s]
24.0.AM: Trace Attempt  2	[0.01 s]
24.0.AM: Trace Attempt  3	[0.03 s]
24.0.Oh: caddy15.stanford.edu: "Rocky Linux 8.10 (Green Obsidian)" is an unsupported operating system.
24.0.AM: Trace Attempt  4	[0.06 s]
24.0.N: Trace Attempt  5	[0.21 s]
24.0.AM: Trace Attempt  5	[0.08 s]
24.0.B: Proofgrid shell started at 4093963@caddy15.stanford.edu(local) jg_4086220_caddy15.stanford.edu_25
24.0.Oh: Proofgrid shell started at 4093959@caddy15.stanford.edu(local) jg_4086220_caddy15.stanford.edu_25
24.0.B: clocks: 1, declared: 1, looping: 0, posedge: 1, negedge: 0, noedge: 0, bothedge: 0
24.0.B: Last scan. Per property time limit: 0s
24.0.B: Starting proof for property "CS_div_fsm_s5_25"	[0.00 s].
24.0.B: Trace Attempt  1	[0.01 s]
24.0.Oh: clocks: 1, declared: 1, looping: 0, posedge: 1, negedge: 0, noedge: 0, bothedge: 0
24.0.B: Trace Attempt  2	[0.03 s]
24.0.B: Trace Attempt  3	[0.05 s]
24.0.B: Trace Attempt  4	[0.08 s]
24.0.B: Trace Attempt  5	[0.16 s]
24.0.Oh: bwd trail(1): 1 0.114141s
24.0.Oh: All properties either determined or skipped. [0.16 s]
24.0.Oh: Exited with Success (@ 0.68 s)
24.0.Oh: Completed, Restart ignored.
24.0.Mpcustom4: Trace Attempt  3	[0.68 s]
24.0.Mpcustom4: Trace Attempt  3	[0.72 s]
24.0.Mpcustom4: Trace Attempt  4	[0.75 s]
24.0.Mpcustom4: Trace Attempt  4	[0.81 s]
24.0.Mpcustom4: Trace Attempt  5	[0.83 s]
24.0.N: Trace Attempt 23	[4.24 s]
24.0.AM: Trace Attempt 39	[4.20 s]
24.0.AM: Trace Attempt  1	[4.38 s]
24.0.AM: Trace Attempt  2	[4.41 s]
24.0.AM: Trace Attempt  3	[4.42 s]
24.0.AM: Trace Attempt  5	[4.43 s]
24.0.Ht: Trace Attempt 46	[4.71 s]
24.0.B: Trace Attempt 44	[4.36 s]
24.0.Mpcustom4: Trace Attempt 30	[5.43 s]
24.0.AM: Trace Attempt  1	[7.72 s]
24.0.AM: Trace Attempt  2	[7.75 s]
24.0.AM: Trace Attempt  3	[7.75 s]
24.0.AM: Trace Attempt  5	[7.76 s]
24.0.N: Trace Attempt 36	[8.28 s]
24.0.N: Trace Attempt  1	[10.14 s]
24.0.N: Trace Attempt  2	[10.17 s]
24.0.N: Trace Attempt  3	[10.18 s]
24.0.N: Trace Attempt  5	[10.19 s]
24.0.Mpcustom4: Trace Attempt 30	[10.56 s]
24.0.N: Trace Attempt 62	[15.45 s]
24.0.Mpcustom4: Trace Attempt 36	[15.70 s]
24.0.AM: Trace Attempt 53	[19.21 s]
24.0.N: Trace Attempt 64	[20.75 s]
24.0.Mpcustom4: Trace Attempt 47	[21.26 s]
24.0.Mpcustom4: Trace Attempt 49	[25.56 s]
24.0.B: Trace Attempt 66	[27.33 s]
24.0.N: Requesting engine job to stop
24.0.B: Requesting engine job to stop
24.0.AM: Requesting engine job to stop
24.0.Hp: Requesting engine job to terminate
24.0.Ht: Requesting engine job to terminate
24.0.Mpcustom4: Requesting engine job to terminate
INFO (IPF144): 24: Initiating shutdown of proof [28.59 s]
24.0.B: A trace with 66 cycles was found. [28.07 s]
INFO (IPF047): 24.0.B: The cover property "CS_div_fsm_s5_25" was covered in 66 cycles in 28.11 s.
24.0.B: Stopped processing property "CS_div_fsm_s5_25"	[28.15 s].
24.0.B: All properties determined. [28.11 s]
24.0.B: Exited with Success (@ 28.62 s)
24: ProofGrid usable level: 0
24.0.Ht: Interrupted (multi)
24.0.Ht: Trace Attempt 60	[7.06 s]
24.0.Ht: All properties determined. [28.61 s]
24.0.Hp: Interrupted (multi)
24.0.Hp: All properties determined. [28.65 s]
24.0.N: Stopped processing property "CS_div_fsm_s5_25"	[28.69 s].
24.0.N: All properties determined. [28.69 s]
24.0.Ht: Exited with Success (@ 28.89 s)
24.0.N: Exited with Success (@ 28.91 s)
24.0.Mpcustom4: Trace Attempt 49	[27.61 s]
24.0.Mpcustom4: All properties determined. [28.85 s]
24.0.Mpcustom4: Exited with Success (@ 29.20 s)
24.0.Hp: Exited with Success (@ 29.20 s)
24.0.AM: Trace Attempt 64	[21.48 s]
24.0.AM: Stopped processing property "CS_div_fsm_s5_25"	[30.33 s].
24.0.AM: All properties determined. [30.34 s]
24.0.AM: Exited with Success (@ 30.56 s)
24: --------------------------------------------------------------
ProofGrid Summary (utilization 99.12 %)
--------------------------------------------------------------
     engines started                               :     7
     engine jobs started                           :     7

    Average time in state (seconds)
    ------------------------------------------------------
    Engine  Pending     Running        Dead    Utilization
    ------------------------------------------------------
      N        0.10       28.56        0.00       99.64 %
     Hp        0.09       28.58        0.00       99.67 %
     Ht        0.10       28.55        0.00       99.66 %
    Mpcustom4        0.08       28.53        0.00       99.72 %
     Oh        0.51        0.17        0.00       24.53 %
      B        0.46       28.11        0.00       98.38 %
     AM        0.17       28.41        0.00       99.41 %
    all        0.22       24.42        0.00       99.12 %

    Total time in state (seconds)
    -----------------------------------------
            Pending     Running        Dead  
    -----------------------------------------
               1.52      170.91        0.00

    Data read    : 193.55 kiB
    Data written : 14.82 kiB

24: All pending notifications were processed.
INFO (IPF059): 24: Completed proof on task: "mytask"
cover -name CS_div_fsm_s5_26 {@(posedge clk_i) !div_fsm_s5 ##1 div_fsm_s5 [*26] ##1 !div_fsm_s5 }
INFO (IPF036): Starting proof on task: "mytask", 1 properties to prove with 0 already proven/unreachable
INFO (IPF031): Settings used for proof thread 25:
    orchestration                 = on (auto)
    time_limit                    = 600s
    per_property_time_limit       = 1s * 10 ^ scan
    engine_mode                   = auto
    proofgrid_per_engine_max_jobs = 1
    max engine jobs               = auto
    proofgrid_mode                = local
    proofgrid_restarts            = 10
25: Using multistage preprocessing
25: Starting reduce
25: Finished reduce in 0.041s
25.0.PRE: Performing Proof Simplification...
25.0.N: clocks: 1, declared: 1, looping: 0, posedge: 1, negedge: 0, noedge: 0, bothedge: 0
25.0.N: Proof Simplification Iteration 1	[0.00 s]
25.0.N: Proof Simplification Iteration 2	[0.04 s]
25.0.N: Proof Simplification Iteration 3	[0.05 s]
25.0.N: Proof Simplification Iteration 4	[0.07 s]
25.0.N: Proof Simplification Iteration 5	[0.09 s]
25.0.N: Proof Simplification Iteration 6	[0.11 s]
25.0.N: Proof Simplification Iteration 7	[0.13 s]
25.0.N: Proof Simplification Iteration 8	[0.14 s]
25.0.N: Proof Simplification Iteration 9	[0.16 s]
25.0.N: Proof Simplification Iteration 10	[0.18 s]
25.0.PRE: Proof Simplification completed in 0.23 s
25: About to start ProofGrid in its own thread with a limit of 10000 pending notifications and a limit of 10 traces.
25: =============================== ProofGrid start ===============================
25: ProofGrid usable level: 1
25: Initial ProofGrid level: 1
25: ProofGrid is starting event handling
25.0.N: caddy15.stanford.edu: "Rocky Linux 8.10 (Green Obsidian)" is an unsupported operating system.
25.0.Hp: caddy15.stanford.edu: "Rocky Linux 8.10 (Green Obsidian)" is an unsupported operating system.
25.0.Ht: caddy15.stanford.edu: "Rocky Linux 8.10 (Green Obsidian)" is an unsupported operating system.
25.0.Mpcustom4: caddy15.stanford.edu: "Rocky Linux 8.10 (Green Obsidian)" is an unsupported operating system.
25.0.Oh: caddy15.stanford.edu: "Rocky Linux 8.10 (Green Obsidian)" is an unsupported operating system.
25.0.N: Proofgrid shell started at 4094245@caddy15.stanford.edu(local) jg_4086220_caddy15.stanford.edu_26
25.0.Hp: Proofgrid shell started at 4094246@caddy15.stanford.edu(local) jg_4086220_caddy15.stanford.edu_26
25.0.Mpcustom4: Proofgrid shell started at 4094270@caddy15.stanford.edu(local) jg_4086220_caddy15.stanford.edu_26
25.0.B: caddy15.stanford.edu: "Rocky Linux 8.10 (Green Obsidian)" is an unsupported operating system.
25.0.N: clocks: 1, declared: 1, looping: 0, posedge: 1, negedge: 0, noedge: 0, bothedge: 0
25.0.Hp: clocks: 1, declared: 1, looping: 0, posedge: 1, negedge: 0, noedge: 0, bothedge: 0
25.0.Mpcustom4: clocks: 1, declared: 1, looping: 0, posedge: 1, negedge: 0, noedge: 0, bothedge: 0
25.0.N: Last scan. Per property time limit: 0s
25.0.N: Starting proof for property "CS_div_fsm_s5_26"	[0.00 s].
25.0.Ht: Proofgrid shell started at 4094268@caddy15.stanford.edu(local) jg_4086220_caddy15.stanford.edu_26
25.0.N: Trace Attempt  1	[0.00 s]
25.0.AM: caddy15.stanford.edu: "Rocky Linux 8.10 (Green Obsidian)" is an unsupported operating system.
25.0.N: Trace Attempt  2	[0.01 s]
25.0.N: Trace Attempt  3	[0.01 s]
25.0.Ht: clocks: 1, declared: 1, looping: 0, posedge: 1, negedge: 0, noedge: 0, bothedge: 0
25.0.Oh: Proofgrid shell started at 4094298@caddy15.stanford.edu(local) jg_4086220_caddy15.stanford.edu_26
25.0.Mpcustom4: Trace Attempt  1	[0.04 s]
25.0.Oh: clocks: 1, declared: 1, looping: 0, posedge: 1, negedge: 0, noedge: 0, bothedge: 0
25.0.N: Trace Attempt  3	[0.04 s]
25.0.Ht: Trace Attempt  1	[0.04 s]
25.0.Ht: Trace Attempt  2	[0.04 s]
25.0.B: Proofgrid shell started at 4094317@caddy15.stanford.edu(local) jg_4086220_caddy15.stanford.edu_26
25.0.Ht: Trace Attempt  3	[0.04 s]
25.0.Ht: Trace Attempt  4	[0.04 s]
25.0.B: clocks: 1, declared: 1, looping: 0, posedge: 1, negedge: 0, noedge: 0, bothedge: 0
25.0.Mpcustom4: Trace Attempt  2	[0.06 s]
25.0.N: Trace Attempt  4	[0.06 s]
25.0.N: Trace Attempt  5	[0.06 s]
25.0.Ht: Trace Attempt  5	[0.05 s]
25.0.AM: Proofgrid shell started at 4094325@caddy15.stanford.edu(local) jg_4086220_caddy15.stanford.edu_26
25.0.B: Last scan. Per property time limit: 0s
25.0.B: Starting proof for property "CS_div_fsm_s5_26"	[0.00 s].
25.0.AM: clocks: 1, declared: 1, looping: 0, posedge: 1, negedge: 0, noedge: 0, bothedge: 0
25.0.B: Trace Attempt  1	[0.01 s]
25.0.B: Trace Attempt  2	[0.01 s]
25.0.AM: Last scan. Per property time limit: 0s
25.0.AM: Starting proof for property "CS_div_fsm_s5_26"	[0.00 s].
25.0.AM: Trace Attempt  1	[0.00 s]
25.0.AM: Trace Attempt  2	[0.01 s]
25.0.B: Trace Attempt  3	[0.02 s]
25.0.B: Trace Attempt  4	[0.04 s]
25.0.AM: Trace Attempt  3	[0.03 s]
25.0.N: Trace Attempt  5	[0.12 s]
25.0.AM: Trace Attempt  4	[0.05 s]
25.0.B: Trace Attempt  5	[0.07 s]
25.0.AM: Trace Attempt  5	[0.08 s]
25.0.Oh: bwd trail(1): 1 0.125676s
25.0.Oh: All properties either determined or skipped. [0.14 s]
25.0.Oh: Exited with Success (@ 0.20 s)
25.0.Oh: Completed, Restart ignored.
25.0.Mpcustom4: Trace Attempt  3	[0.63 s]
25.0.Mpcustom4: Trace Attempt  3	[0.68 s]
25.0.Mpcustom4: Trace Attempt  4	[0.70 s]
25.0.Mpcustom4: Trace Attempt  4	[0.75 s]
25.0.Mpcustom4: Trace Attempt  5	[0.78 s]
25.0.B: Trace Attempt 50	[4.12 s]
25.0.N: Trace Attempt 24	[4.25 s]
25.0.AM: Trace Attempt 39	[4.21 s]
25.0.Ht: Trace Attempt 44	[4.35 s]
25.0.AM: Trace Attempt  1	[4.42 s]
25.0.AM: Trace Attempt  2	[4.45 s]
25.0.AM: Trace Attempt  3	[4.45 s]
25.0.AM: Trace Attempt  5	[4.47 s]
25.0.Mpcustom4: Trace Attempt 30	[5.10 s]
25.0.AM: Trace Attempt  1	[7.88 s]
25.0.AM: Trace Attempt  2	[7.90 s]
25.0.AM: Trace Attempt  3	[7.91 s]
25.0.AM: Trace Attempt  5	[7.92 s]
25.0.N: Trace Attempt 35	[8.35 s]
25.0.Mpcustom4: Trace Attempt 31	[9.49 s]
25.0.N: Trace Attempt  1	[10.43 s]
25.0.N: Trace Attempt  2	[10.46 s]
25.0.N: Trace Attempt  3	[10.46 s]
25.0.N: Trace Attempt  5	[10.47 s]
25.0.Ht: Trace Attempt 53	[11.20 s]
25.0.Mpcustom4: Trace Attempt 32	[14.48 s]
25.0.Mpcustom4: Trace Attempt 32	[18.60 s]
25.0.N: Trace Attempt 49	[19.47 s]
25.0.AM: Trace Attempt 55	[20.05 s]
25.0.B: Trace Attempt 67	[20.55 s]
25.0.Mpcustom4: Trace Attempt 40	[22.62 s]
25.0.Mpcustom4: Trace Attempt 43	[28.76 s]
25.0.N: Requesting engine job to stop
25.0.B: Requesting engine job to stop
25.0.AM: Requesting engine job to stop
25.0.Hp: Requesting engine job to terminate
25.0.Ht: Requesting engine job to terminate
25.0.Mpcustom4: Requesting engine job to terminate
INFO (IPF144): 25: Initiating shutdown of proof [31.41 s]
25.0.B: A trace with 67 cycles was found. [31.30 s]
INFO (IPF047): 25.0.B: The cover property "CS_div_fsm_s5_26" was covered in 67 cycles in 31.35 s.
25.0.B: Stopped processing property "CS_div_fsm_s5_26"	[31.37 s].
25.0.B: All properties determined. [31.35 s]
25.0.B: Exited with Success (@ 31.46 s)
25: ProofGrid usable level: 0
25.0.N: Stopped processing property "CS_div_fsm_s5_26"	[31.45 s].
25.0.N: All properties determined. [31.45 s]
25.0.N: Exited with Success (@ 31.48 s)
25.0.AM: Trace Attempt 65	[20.69 s]
25.0.AM: Stopped processing property "CS_div_fsm_s5_26"	[31.51 s].
25.0.AM: All properties determined. [31.51 s]
25.0.AM: Exited with Success (@ 31.62 s)
25.0.Mpcustom4: All properties determined. [31.74 s]
25.0.Mpcustom4: Exited with Success (@ 32.03 s)
25.0.Hp: Interrupted (multi)
25.0.Hp: All properties determined. [32.20 s]
25.0.Hp: Exited with Success (@ 32.55 s)
25.0.Ht: Sending SIGKILL
25.0.Ht: Trace Attempt 66	[11.96 s]
25.0.Ht: Terminated by signal SIGKILL (@ 33.58 s)
25: --------------------------------------------------------------
ProofGrid Summary (utilization 99.70 %)
--------------------------------------------------------------
     engines started                               :     7
     engine jobs started                           :     7

    Average time in state (seconds)
    ------------------------------------------------------
    Engine  Pending     Running        Dead    Utilization
    ------------------------------------------------------
      N        0.11       31.40        0.00       99.66 %
     Hp        0.08       31.40        0.00       99.74 %
     Ht        0.08       31.38        0.00       99.75 %
    Mpcustom4        0.06       31.40        0.00       99.80 %
     Oh        0.08        0.15        0.00       64.99 %
      B        0.08       31.34        0.00       99.75 %
     AM        0.08       31.32        0.00       99.74 %
    all        0.08       26.91        0.00       99.70 %

    Total time in state (seconds)
    -----------------------------------------
            Pending     Running        Dead  
    -----------------------------------------
               0.57      188.39        0.00

    Data read    : 193.06 kiB
    Data written : 10.79 kiB

25: All pending notifications were processed.
INFO (IPF059): 25: Completed proof on task: "mytask"
cover -name CS_div_fsm_s5_27 {@(posedge clk_i) !div_fsm_s5 ##1 div_fsm_s5 [*27] ##1 !div_fsm_s5 }
INFO (IPF036): Starting proof on task: "mytask", 1 properties to prove with 0 already proven/unreachable
INFO (IPF031): Settings used for proof thread 26:
    orchestration                 = on (auto)
    time_limit                    = 600s
    per_property_time_limit       = 1s * 10 ^ scan
    engine_mode                   = auto
    proofgrid_per_engine_max_jobs = 1
    max engine jobs               = auto
    proofgrid_mode                = local
    proofgrid_restarts            = 10
26: Using multistage preprocessing
26: Starting reduce
26: Finished reduce in 0.041s
26.0.PRE: Performing Proof Simplification...
26.0.N: clocks: 1, declared: 1, looping: 0, posedge: 1, negedge: 0, noedge: 0, bothedge: 0
26.0.N: Proof Simplification Iteration 1	[0.00 s]
26.0.N: Proof Simplification Iteration 2	[0.04 s]
26.0.N: Proof Simplification Iteration 3	[0.06 s]
26.0.N: Proof Simplification Iteration 4	[0.07 s]
26.0.N: Proof Simplification Iteration 5	[0.09 s]
26.0.N: Proof Simplification Iteration 6	[0.11 s]
26.0.N: Proof Simplification Iteration 7	[0.13 s]
26.0.N: Proof Simplification Iteration 8	[0.15 s]
26.0.N: Proof Simplification Iteration 9	[0.16 s]
26.0.N: Proof Simplification Iteration 10	[0.18 s]
26.0.PRE: Proof Simplification completed in 0.23 s
26: About to start ProofGrid in its own thread with a limit of 10000 pending notifications and a limit of 10 traces.
26: =============================== ProofGrid start ===============================
26: ProofGrid usable level: 1
26: Initial ProofGrid level: 1
26: ProofGrid is starting event handling
26.0.N: caddy15.stanford.edu: "Rocky Linux 8.10 (Green Obsidian)" is an unsupported operating system.
26.0.Hp: caddy15.stanford.edu: "Rocky Linux 8.10 (Green Obsidian)" is an unsupported operating system.
26.0.Mpcustom4: caddy15.stanford.edu: "Rocky Linux 8.10 (Green Obsidian)" is an unsupported operating system.
26.0.Ht: caddy15.stanford.edu: "Rocky Linux 8.10 (Green Obsidian)" is an unsupported operating system.
26.0.N: Proofgrid shell started at 4094586@caddy15.stanford.edu(local) jg_4086220_caddy15.stanford.edu_27
26.0.Hp: Proofgrid shell started at 4094587@caddy15.stanford.edu(local) jg_4086220_caddy15.stanford.edu_27
26.0.Hp: clocks: 1, declared: 1, looping: 0, posedge: 1, negedge: 0, noedge: 0, bothedge: 0
26.0.N: clocks: 1, declared: 1, looping: 0, posedge: 1, negedge: 0, noedge: 0, bothedge: 0
26.0.Ht: Proofgrid shell started at 4094609@caddy15.stanford.edu(local) jg_4086220_caddy15.stanford.edu_27
26.0.Mpcustom4: Proofgrid shell started at 4094612@caddy15.stanford.edu(local) jg_4086220_caddy15.stanford.edu_27
26.0.N: Last scan. Per property time limit: 0s
26.0.N: Starting proof for property "CS_div_fsm_s5_27"	[0.00 s].
26.0.N: Trace Attempt  1	[0.00 s]
26.0.Ht: clocks: 1, declared: 1, looping: 0, posedge: 1, negedge: 0, noedge: 0, bothedge: 0
26.0.Mpcustom4: clocks: 1, declared: 1, looping: 0, posedge: 1, negedge: 0, noedge: 0, bothedge: 0
26.0.N: Trace Attempt  2	[0.01 s]
26.0.N: Trace Attempt  3	[0.01 s]
26.0.Ht: Trace Attempt  1	[0.04 s]
26.0.Ht: Trace Attempt  2	[0.04 s]
26.0.Ht: Trace Attempt  3	[0.04 s]
26.0.Mpcustom4: Trace Attempt  1	[0.04 s]
26.0.N: Trace Attempt  3	[0.04 s]
26.0.Ht: Trace Attempt  4	[0.05 s]
26.0.Mpcustom4: Trace Attempt  2	[0.06 s]
26.0.Ht: Trace Attempt  5	[0.06 s]
26.0.N: Trace Attempt  4	[0.06 s]
26.0.N: Trace Attempt  5	[0.06 s]
26.0.Oh: caddy15.stanford.edu: "Rocky Linux 8.10 (Green Obsidian)" is an unsupported operating system.
26.0.N: Trace Attempt  5	[0.12 s]
26.0.B: caddy15.stanford.edu: "Rocky Linux 8.10 (Green Obsidian)" is an unsupported operating system.
26.0.AM: caddy15.stanford.edu: "Rocky Linux 8.10 (Green Obsidian)" is an unsupported operating system.
26.0.Oh: Proofgrid shell started at 4094639@caddy15.stanford.edu(local) jg_4086220_caddy15.stanford.edu_27
26.0.Oh: clocks: 1, declared: 1, looping: 0, posedge: 1, negedge: 0, noedge: 0, bothedge: 0
26.0.B: Proofgrid shell started at 4094647@caddy15.stanford.edu(local) jg_4086220_caddy15.stanford.edu_27
26.0.B: clocks: 1, declared: 1, looping: 0, posedge: 1, negedge: 0, noedge: 0, bothedge: 0
26.0.AM: Proofgrid shell started at 4094651@caddy15.stanford.edu(local) jg_4086220_caddy15.stanford.edu_27
26.0.B: Last scan. Per property time limit: 0s
26.0.B: Starting proof for property "CS_div_fsm_s5_27"	[0.00 s].
26.0.B: Trace Attempt  1	[0.01 s]
26.0.B: Trace Attempt  2	[0.02 s]
26.0.AM: clocks: 1, declared: 1, looping: 0, posedge: 1, negedge: 0, noedge: 0, bothedge: 0
26.0.B: Trace Attempt  3	[0.04 s]
26.0.AM: Last scan. Per property time limit: 0s
26.0.AM: Starting proof for property "CS_div_fsm_s5_27"	[0.00 s].
26.0.AM: Trace Attempt  1	[0.00 s]
26.0.AM: Trace Attempt  2	[0.01 s]
26.0.B: Trace Attempt  4	[0.07 s]
26.0.AM: Trace Attempt  3	[0.05 s]
26.0.Mpcustom4: Trace Attempt  3	[0.64 s]
26.0.B: Trace Attempt  5	[0.15 s]
26.0.Oh: bwd trail(1): 1 0.11395s
26.0.Oh: All properties either determined or skipped. [0.27 s]
26.0.Oh: Exited with Success (@ 0.70 s)
26.0.Oh: Completed, Restart ignored.
26.0.AM: Trace Attempt  4	[0.11 s]
26.0.AM: Trace Attempt  5	[0.13 s]
26.0.Mpcustom4: Trace Attempt  3	[0.69 s]
26.0.Mpcustom4: Trace Attempt  4	[0.71 s]
26.0.Mpcustom4: Trace Attempt  4	[0.77 s]
26.0.Mpcustom4: Trace Attempt  5	[0.80 s]
26.0.B: Trace Attempt 48	[4.17 s]
26.0.Ht: Trace Attempt 48	[4.76 s]
26.0.N: Trace Attempt 27	[4.84 s]
26.0.Mpcustom4: Trace Attempt 31	[5.07 s]
26.0.AM: Trace Attempt 40	[5.15 s]
26.0.AM: Trace Attempt  1	[5.37 s]
26.0.AM: Trace Attempt  2	[5.40 s]
26.0.AM: Trace Attempt  3	[5.40 s]
26.0.AM: Trace Attempt  5	[5.42 s]
26.0.N: Trace Attempt 39	[8.86 s]
26.0.AM: Trace Attempt  1	[8.71 s]
26.0.AM: Trace Attempt  2	[8.73 s]
26.0.AM: Trace Attempt  3	[8.74 s]
26.0.AM: Trace Attempt  5	[8.75 s]
26.0.Mpcustom4: Trace Attempt 32	[9.57 s]
26.0.N: Trace Attempt  1	[12.06 s]
26.0.N: Trace Attempt  2	[12.09 s]
26.0.N: Trace Attempt  3	[12.10 s]
26.0.N: Trace Attempt  5	[12.11 s]
26.0.Mpcustom4: Trace Attempt 46	[15.36 s]
26.0.Mpcustom4: Trace Attempt 55	[20.75 s]
26.0.AM: Trace Attempt 56	[20.75 s]
26.0.N: Trace Attempt 66	[23.52 s]
26.0.Mpcustom4: Trace Attempt 60	[25.27 s]
26.0.B: Trace Attempt 68	[27.26 s]
26.0.N: Requesting engine job to stop
26.0.B: Requesting engine job to stop
26.0.AM: Requesting engine job to stop
26.0.Hp: Requesting engine job to terminate
26.0.Ht: Requesting engine job to terminate
26.0.Mpcustom4: Requesting engine job to terminate
INFO (IPF144): 26: Initiating shutdown of proof [29.14 s]
26.0.B: A trace with 68 cycles was found. [28.55 s]
INFO (IPF047): 26.0.B: The cover property "CS_div_fsm_s5_27" was covered in 68 cycles in 28.62 s.
26.0.B: Stopped processing property "CS_div_fsm_s5_27"	[28.69 s].
26.0.B: All properties determined. [28.61 s]
26.0.Hp: Interrupted (multi)
26.0.Hp: All properties determined. [29.13 s]
26.0.B: Exited with Success (@ 29.15 s)
26: ProofGrid usable level: 0
26.0.N: Stopped processing property "CS_div_fsm_s5_27"	[29.18 s].
26.0.N: All properties determined. [29.17 s]
26.0.N: Exited with Success (@ 29.22 s)
26.0.Hp: Exited with Success (@ 29.35 s)
26.0.Mpcustom4: Trace Attempt 62	[27.77 s]
26.0.Mpcustom4: All properties determined. [29.50 s]
26.0.Mpcustom4: Exited with Success (@ 30.08 s)
26.0.Ht: Interrupted (multi)
26.0.Ht: Trace Attempt 66	[7.33 s]
26.0.Ht: All properties determined. [30.13 s]
26.0.AM: Trace Attempt 66	[21.37 s]
26.0.AM: Stopped processing property "CS_div_fsm_s5_27"	[29.57 s].
26.0.AM: All properties determined. [29.58 s]
26.0.AM: Exited with Success (@ 30.67 s)
26.0.Ht: Exited with Success (@ 30.67 s)
26: --------------------------------------------------------------
ProofGrid Summary (utilization 98.95 %)
--------------------------------------------------------------
     engines started                               :     7
     engine jobs started                           :     7

    Average time in state (seconds)
    ------------------------------------------------------
    Engine  Pending     Running        Dead    Utilization
    ------------------------------------------------------
      N        0.11       29.12        0.00       99.64 %
     Hp        0.10       29.12        0.00       99.67 %
     Ht        0.09       29.10        0.00       99.67 %
    Mpcustom4        0.09       29.10        0.00       99.68 %
     Oh        0.43        0.27        0.00       38.01 %
      B        0.50       28.63        0.00       98.30 %
     AM        0.53       28.57        0.00       98.19 %
    all        0.26       24.84        0.00       98.95 %

    Total time in state (seconds)
    -----------------------------------------
            Pending     Running        Dead  
    -----------------------------------------
               1.85      173.91        0.00

    Data read    : 198.86 kiB
    Data written : 14.35 kiB

26: All pending notifications were processed.
INFO (IPF059): 26: Completed proof on task: "mytask"
cover -name CS_div_fsm_s5_28 {@(posedge clk_i) !div_fsm_s5 ##1 div_fsm_s5 [*28] ##1 !div_fsm_s5 }
INFO (IPF036): Starting proof on task: "mytask", 1 properties to prove with 0 already proven/unreachable
INFO (IPF031): Settings used for proof thread 27:
    orchestration                 = on (auto)
    time_limit                    = 600s
    per_property_time_limit       = 1s * 10 ^ scan
    engine_mode                   = auto
    proofgrid_per_engine_max_jobs = 1
    max engine jobs               = auto
    proofgrid_mode                = local
    proofgrid_restarts            = 10
27: Using multistage preprocessing
27: Starting reduce
27: Finished reduce in 0.042s
27.0.PRE: Performing Proof Simplification...
27.0.N: clocks: 1, declared: 1, looping: 0, posedge: 1, negedge: 0, noedge: 0, bothedge: 0
27.0.N: Proof Simplification Iteration 1	[0.00 s]
27.0.N: Proof Simplification Iteration 2	[0.04 s]
27.0.N: Proof Simplification Iteration 3	[0.06 s]
27.0.N: Proof Simplification Iteration 4	[0.07 s]
27.0.N: Proof Simplification Iteration 5	[0.09 s]
27.0.N: Proof Simplification Iteration 6	[0.11 s]
27.0.N: Proof Simplification Iteration 7	[0.13 s]
27.0.N: Proof Simplification Iteration 8	[0.15 s]
27.0.N: Proof Simplification Iteration 9	[0.17 s]
27.0.N: Proof Simplification Iteration 10	[0.18 s]
27.0.PRE: Proof Simplification completed in 0.23 s
27: About to start ProofGrid in its own thread with a limit of 10000 pending notifications and a limit of 10 traces.
27: =============================== ProofGrid start ===============================
27: ProofGrid usable level: 1
27: Initial ProofGrid level: 1
27: ProofGrid is starting event handling
27.0.Hp: caddy15.stanford.edu: "Rocky Linux 8.10 (Green Obsidian)" is an unsupported operating system.
27.0.N: caddy15.stanford.edu: "Rocky Linux 8.10 (Green Obsidian)" is an unsupported operating system.
27.0.Ht: caddy15.stanford.edu: "Rocky Linux 8.10 (Green Obsidian)" is an unsupported operating system.
27.0.Mpcustom4: caddy15.stanford.edu: "Rocky Linux 8.10 (Green Obsidian)" is an unsupported operating system.
27.0.Hp: Proofgrid shell started at 4094928@caddy15.stanford.edu(local) jg_4086220_caddy15.stanford.edu_28
27.0.N: Proofgrid shell started at 4094927@caddy15.stanford.edu(local) jg_4086220_caddy15.stanford.edu_28
27.0.Hp: clocks: 1, declared: 1, looping: 0, posedge: 1, negedge: 0, noedge: 0, bothedge: 0
27.0.Ht: Proofgrid shell started at 4094950@caddy15.stanford.edu(local) jg_4086220_caddy15.stanford.edu_28
27.0.N: clocks: 1, declared: 1, looping: 0, posedge: 1, negedge: 0, noedge: 0, bothedge: 0
27.0.N: Last scan. Per property time limit: 0s
27.0.N: Starting proof for property "CS_div_fsm_s5_28"	[0.00 s].
27.0.N: Trace Attempt  1	[0.00 s]
27.0.N: Trace Attempt  2	[0.01 s]
27.0.N: Trace Attempt  3	[0.01 s]
27.0.Ht: clocks: 1, declared: 1, looping: 0, posedge: 1, negedge: 0, noedge: 0, bothedge: 0
27.0.Mpcustom4: Proofgrid shell started at 4094969@caddy15.stanford.edu(local) jg_4086220_caddy15.stanford.edu_28
27.0.N: Trace Attempt  3	[0.04 s]
27.0.Ht: Trace Attempt  1	[0.04 s]
27.0.Ht: Trace Attempt  2	[0.04 s]
27.0.Ht: Trace Attempt  3	[0.04 s]
27.0.Mpcustom4: clocks: 1, declared: 1, looping: 0, posedge: 1, negedge: 0, noedge: 0, bothedge: 0
27.0.Ht: Trace Attempt  4	[0.05 s]
27.0.N: Trace Attempt  4	[0.06 s]
27.0.N: Trace Attempt  5	[0.06 s]
27.0.Ht: Trace Attempt  5	[0.06 s]
27.0.Mpcustom4: Trace Attempt  1	[0.04 s]
27.0.Mpcustom4: Trace Attempt  2	[0.06 s]
27.0.N: Trace Attempt  5	[0.12 s]
27.0.AM: caddy15.stanford.edu: "Rocky Linux 8.10 (Green Obsidian)" is an unsupported operating system.
27.0.Oh: caddy15.stanford.edu: "Rocky Linux 8.10 (Green Obsidian)" is an unsupported operating system.
27.0.B: caddy15.stanford.edu: "Rocky Linux 8.10 (Green Obsidian)" is an unsupported operating system.
27.0.Oh: Proofgrid shell started at 4094984@caddy15.stanford.edu(local) jg_4086220_caddy15.stanford.edu_28
27.0.AM: Proofgrid shell started at 4094989@caddy15.stanford.edu(local) jg_4086220_caddy15.stanford.edu_28
27.0.B: Proofgrid shell started at 4094986@caddy15.stanford.edu(local) jg_4086220_caddy15.stanford.edu_28
27.0.AM: clocks: 1, declared: 1, looping: 0, posedge: 1, negedge: 0, noedge: 0, bothedge: 0
27.0.Oh: clocks: 1, declared: 1, looping: 0, posedge: 1, negedge: 0, noedge: 0, bothedge: 0
27.0.B: clocks: 1, declared: 1, looping: 0, posedge: 1, negedge: 0, noedge: 0, bothedge: 0
27.0.AM: Last scan. Per property time limit: 0s
27.0.AM: Starting proof for property "CS_div_fsm_s5_28"	[0.00 s].
27.0.AM: Trace Attempt  1	[0.00 s]
27.0.AM: Trace Attempt  2	[0.01 s]
27.0.B: Last scan. Per property time limit: 0s
27.0.B: Starting proof for property "CS_div_fsm_s5_28"	[0.00 s].
27.0.B: Trace Attempt  1	[0.02 s]
27.0.AM: Trace Attempt  3	[0.03 s]
27.0.B: Trace Attempt  2	[0.03 s]
27.0.B: Trace Attempt  3	[0.05 s]
27.0.AM: Trace Attempt  4	[0.06 s]
27.0.B: Trace Attempt  4	[0.07 s]
27.0.AM: Trace Attempt  5	[0.08 s]
27.0.B: Trace Attempt  5	[0.14 s]
27.0.Mpcustom4: Trace Attempt  3	[0.61 s]
27.0.Mpcustom4: Trace Attempt  3	[0.66 s]
27.0.Mpcustom4: Trace Attempt  4	[0.68 s]
27.0.Oh: bwd trail(1): 1 0.116036s
27.0.Oh: All properties either determined or skipped. [0.26 s]
27.0.Oh: Exited with Success (@ 0.76 s)
27.0.Oh: Completed, Restart ignored.
27.0.Mpcustom4: Trace Attempt  4	[0.73 s]
27.0.Mpcustom4: Trace Attempt  5	[0.76 s]
27.0.N: Trace Attempt 26	[4.19 s]
27.0.B: Trace Attempt 49	[4.18 s]
27.0.Ht: Trace Attempt 49	[4.87 s]
27.0.Mpcustom4: Trace Attempt 32	[5.10 s]
27.0.AM: Trace Attempt 41	[5.50 s]
27.0.AM: Trace Attempt  1	[5.95 s]
27.0.AM: Trace Attempt  2	[6.02 s]
27.0.AM: Trace Attempt  3	[6.03 s]
27.0.AM: Trace Attempt  5	[6.05 s]
27.0.N: Trace Attempt 39	[9.26 s]
27.0.Mpcustom4: Trace Attempt 32	[9.45 s]
27.0.N: Trace Attempt  1	[10.20 s]
27.0.N: Trace Attempt  2	[10.23 s]
27.0.N: Trace Attempt  3	[10.23 s]
27.0.N: Trace Attempt  5	[10.24 s]
27.0.AM: Trace Attempt  1	[10.32 s]
27.0.AM: Trace Attempt  2	[10.35 s]
27.0.AM: Trace Attempt  3	[10.35 s]
27.0.AM: Trace Attempt  5	[10.36 s]
27.0.N: Trace Attempt 51	[16.03 s]
27.0.Mpcustom4: Trace Attempt 33	[22.07 s]
27.0.AM: Trace Attempt 57	[22.64 s]
27.0.Mpcustom4: Trace Attempt 42	[27.01 s]
27.0.Ht: Trace Attempt 61	[28.65 s]
27.0.N: Trace Attempt 51	[31.46 s]
27.0.Mpcustom4: Trace Attempt 46	[32.64 s]
27.0.B: Trace Attempt 69	[32.50 s]
27.0.N: Requesting engine job to stop
27.0.B: Requesting engine job to stop
27.0.AM: Requesting engine job to stop
27.0.Hp: Requesting engine job to terminate
27.0.Ht: Requesting engine job to terminate
27.0.Mpcustom4: Requesting engine job to terminate
INFO (IPF144): 27: Initiating shutdown of proof [35.88 s]
27.0.B: A trace with 69 cycles was found. [35.33 s]
INFO (IPF047): 27.0.B: The cover property "CS_div_fsm_s5_28" was covered in 69 cycles in 35.37 s.
27.0.B: Stopped processing property "CS_div_fsm_s5_28"	[35.37 s].
27.0.B: All properties determined. [35.36 s]
27.0.Ht: Interrupted (multi)
27.0.Ht: Trace Attempt 68	[29.06 s]
27.0.Ht: All properties determined. [35.86 s]
27.0.B: Exited with Success (@ 35.89 s)
27: ProofGrid usable level: 0
27.0.N: Trace Attempt 52	[35.96 s]
27.0.N: Stopped processing property "CS_div_fsm_s5_28"	[35.98 s].
27.0.N: All properties determined. [36.00 s]
27.0.N: Exited with Success (@ 36.19 s)
27.0.Mpcustom4: Trace Attempt 53	[34.75 s]
27.0.Mpcustom4: All properties determined. [36.13 s]
27.0.Mpcustom4: Exited with Success (@ 36.23 s)
27.0.AM: Trace Attempt 67	[23.24 s]
27.0.AM: Stopped processing property "CS_div_fsm_s5_28"	[35.86 s].
27.0.AM: All properties determined. [35.87 s]
27.0.Ht: Exited with Success (@ 36.48 s)
27.0.AM: Exited with Success (@ 36.48 s)
27.0.Hp: Interrupted (multi)
27.0.Hp: All properties determined. [37.22 s]
27.0.Hp: Exited with Success (@ 37.69 s)
27: --------------------------------------------------------------
ProofGrid Summary (utilization 99.14 %)
--------------------------------------------------------------
     engines started                               :     7
     engine jobs started                           :     7

    Average time in state (seconds)
    ------------------------------------------------------
    Engine  Pending     Running        Dead    Utilization
    ------------------------------------------------------
      N        0.13       35.86        0.00       99.63 %
     Hp        0.11       35.86        0.00       99.70 %
     Ht        0.09       35.84        0.00       99.75 %
    Mpcustom4        0.10       35.81        0.00       99.71 %
     Oh        0.47        0.26        0.00       35.48 %
      B        0.49       35.38        0.00       98.63 %
     AM        0.46       35.38        0.00       98.71 %
    all        0.27       30.63        0.00       99.14 %

    Total time in state (seconds)
    -----------------------------------------
            Pending     Running        Dead  
    -----------------------------------------
               1.87      214.38        0.00

    Data read    : 196.62 kiB
    Data written : 16.65 kiB

27: All pending notifications were processed.
INFO (IPF059): 27: Completed proof on task: "mytask"
cover -name CS_div_fsm_s5_29 {@(posedge clk_i) !div_fsm_s5 ##1 div_fsm_s5 [*29] ##1 !div_fsm_s5 }
INFO (IPF036): Starting proof on task: "mytask", 1 properties to prove with 0 already proven/unreachable
INFO (IPF031): Settings used for proof thread 28:
    orchestration                 = on (auto)
    time_limit                    = 600s
    per_property_time_limit       = 1s * 10 ^ scan
    engine_mode                   = auto
    proofgrid_per_engine_max_jobs = 1
    max engine jobs               = auto
    proofgrid_mode                = local
    proofgrid_restarts            = 10
28: Using multistage preprocessing
28: Starting reduce
28: Finished reduce in 0.042s
28.0.PRE: Performing Proof Simplification...
28.0.N: clocks: 1, declared: 1, looping: 0, posedge: 1, negedge: 0, noedge: 0, bothedge: 0
28.0.N: Proof Simplification Iteration 1	[0.00 s]
28.0.N: Proof Simplification Iteration 2	[0.04 s]
28.0.N: Proof Simplification Iteration 3	[0.06 s]
28.0.N: Proof Simplification Iteration 4	[0.07 s]
28.0.N: Proof Simplification Iteration 5	[0.09 s]
28.0.N: Proof Simplification Iteration 6	[0.11 s]
28.0.N: Proof Simplification Iteration 7	[0.13 s]
28.0.N: Proof Simplification Iteration 8	[0.15 s]
28.0.N: Proof Simplification Iteration 9	[0.16 s]
28.0.N: Proof Simplification Iteration 10	[0.18 s]
28.0.PRE: Proof Simplification completed in 0.23 s
28: About to start ProofGrid in its own thread with a limit of 10000 pending notifications and a limit of 10 traces.
28: =============================== ProofGrid start ===============================
28: ProofGrid usable level: 1
28: Initial ProofGrid level: 1
28: ProofGrid is starting event handling
28.0.N: caddy15.stanford.edu: "Rocky Linux 8.10 (Green Obsidian)" is an unsupported operating system.
28.0.Hp: caddy15.stanford.edu: "Rocky Linux 8.10 (Green Obsidian)" is an unsupported operating system.
28.0.Ht: caddy15.stanford.edu: "Rocky Linux 8.10 (Green Obsidian)" is an unsupported operating system.
28.0.N: Proofgrid shell started at 4095271@caddy15.stanford.edu(local) jg_4086220_caddy15.stanford.edu_29
28.0.Hp: Proofgrid shell started at 4095272@caddy15.stanford.edu(local) jg_4086220_caddy15.stanford.edu_29
28.0.Mpcustom4: caddy15.stanford.edu: "Rocky Linux 8.10 (Green Obsidian)" is an unsupported operating system.
28.0.N: clocks: 1, declared: 1, looping: 0, posedge: 1, negedge: 0, noedge: 0, bothedge: 0
28.0.N: Last scan. Per property time limit: 0s
28.0.N: Starting proof for property "CS_div_fsm_s5_29"	[0.00 s].
28.0.N: Trace Attempt  1	[0.00 s]
28.0.N: Trace Attempt  2	[0.01 s]
28.0.N: Trace Attempt  3	[0.01 s]
28.0.Hp: clocks: 1, declared: 1, looping: 0, posedge: 1, negedge: 0, noedge: 0, bothedge: 0
28.0.Ht: Proofgrid shell started at 4095294@caddy15.stanford.edu(local) jg_4086220_caddy15.stanford.edu_29
28.0.Ht: clocks: 1, declared: 1, looping: 0, posedge: 1, negedge: 0, noedge: 0, bothedge: 0
28.0.N: Trace Attempt  3	[0.04 s]
28.0.Mpcustom4: Proofgrid shell started at 4095313@caddy15.stanford.edu(local) jg_4086220_caddy15.stanford.edu_29
28.0.Ht: Trace Attempt  1	[0.04 s]
28.0.Ht: Trace Attempt  2	[0.04 s]
28.0.N: Trace Attempt  4	[0.06 s]
28.0.N: Trace Attempt  5	[0.06 s]
28.0.Ht: Trace Attempt  3	[0.04 s]
28.0.Mpcustom4: clocks: 1, declared: 1, looping: 0, posedge: 1, negedge: 0, noedge: 0, bothedge: 0
28.0.Ht: Trace Attempt  4	[0.05 s]
28.0.Ht: Trace Attempt  5	[0.06 s]
28.0.AM: caddy15.stanford.edu: "Rocky Linux 8.10 (Green Obsidian)" is an unsupported operating system.
28.0.Mpcustom4: Trace Attempt  1	[0.04 s]
28.0.Mpcustom4: Trace Attempt  2	[0.06 s]
28.0.N: Trace Attempt  5	[0.12 s]
28.0.B: caddy15.stanford.edu: "Rocky Linux 8.10 (Green Obsidian)" is an unsupported operating system.
28.0.Oh: caddy15.stanford.edu: "Rocky Linux 8.10 (Green Obsidian)" is an unsupported operating system.
28.0.AM: Proofgrid shell started at 4095333@caddy15.stanford.edu(local) jg_4086220_caddy15.stanford.edu_29
28.0.AM: clocks: 1, declared: 1, looping: 0, posedge: 1, negedge: 0, noedge: 0, bothedge: 0
28.0.AM: Last scan. Per property time limit: 0s
28.0.AM: Starting proof for property "CS_div_fsm_s5_29"	[0.00 s].
28.0.AM: Trace Attempt  1	[0.00 s]
28.0.AM: Trace Attempt  2	[0.01 s]
28.0.B: Proofgrid shell started at 4095329@caddy15.stanford.edu(local) jg_4086220_caddy15.stanford.edu_29
28.0.B: clocks: 1, declared: 1, looping: 0, posedge: 1, negedge: 0, noedge: 0, bothedge: 0
28.0.B: Last scan. Per property time limit: 0s
28.0.B: Starting proof for property "CS_div_fsm_s5_29"	[0.00 s].
28.0.AM: Trace Attempt  3	[0.07 s]
28.0.Oh: Proofgrid shell started at 4095323@caddy15.stanford.edu(local) jg_4086220_caddy15.stanford.edu_29
28.0.B: Trace Attempt  1	[0.01 s]
28.0.Oh: clocks: 1, declared: 1, looping: 0, posedge: 1, negedge: 0, noedge: 0, bothedge: 0
28.0.B: Trace Attempt  2	[0.04 s]
28.0.B: Trace Attempt  3	[0.07 s]
28.0.AM: Trace Attempt  4	[0.14 s]
28.0.B: Trace Attempt  4	[0.09 s]
28.0.AM: Trace Attempt  5	[0.19 s]
28.0.B: Trace Attempt  5	[0.17 s]
28.0.Oh: bwd trail(1): 1 0.113181s
28.0.Oh: All properties either determined or skipped. [0.16 s]
28.0.Oh: Exited with Success (@ 0.60 s)
28.0.Oh: Completed, Restart ignored.
28.0.Mpcustom4: Trace Attempt  3	[0.62 s]
28.0.Mpcustom4: Trace Attempt  3	[0.67 s]
28.0.Mpcustom4: Trace Attempt  4	[0.69 s]
28.0.Mpcustom4: Trace Attempt  4	[0.75 s]
28.0.Mpcustom4: Trace Attempt  5	[0.77 s]
28.0.N: Trace Attempt 29	[4.38 s]
28.0.B: Trace Attempt 43	[4.19 s]
28.0.Mpcustom4: Trace Attempt 33	[5.14 s]
28.0.Ht: Trace Attempt 50	[5.26 s]
28.0.AM: Trace Attempt 42	[5.30 s]
28.0.AM: Trace Attempt  1	[5.63 s]
28.0.AM: Trace Attempt  2	[5.67 s]
28.0.AM: Trace Attempt  3	[5.67 s]
28.0.AM: Trace Attempt  5	[5.70 s]
28.0.N: Trace Attempt 39	[8.55 s]
28.0.Mpcustom4: Trace Attempt 33	[9.18 s]
28.0.N: Trace Attempt  1	[9.62 s]
28.0.N: Trace Attempt  2	[9.65 s]
28.0.N: Trace Attempt  3	[9.66 s]
28.0.N: Trace Attempt  5	[9.67 s]
28.0.AM: Trace Attempt 53	[11.39 s]
28.0.AM: Trace Attempt  1	[11.74 s]
28.0.AM: Trace Attempt  2	[11.76 s]
28.0.AM: Trace Attempt  3	[11.77 s]
28.0.AM: Trace Attempt  5	[11.78 s]
28.0.Mpcustom4: Trace Attempt 38	[13.26 s]
28.0.AM: Trace Attempt 56	[16.21 s]
28.0.Mpcustom4: Trace Attempt 46	[18.48 s]
28.0.N: Trace Attempt 52	[19.43 s]
28.0.Mpcustom4: Trace Attempt 49	[22.59 s]
28.0.B: Trace Attempt 70	[23.79 s]
28.0.AM: Trace Attempt 58	[25.42 s]
28.0.Mpcustom4: Trace Attempt 52	[27.27 s]
28.0.N: Requesting engine job to stop
28.0.B: Requesting engine job to stop
28.0.AM: Requesting engine job to stop
28.0.Hp: Requesting engine job to terminate
28.0.Ht: Requesting engine job to terminate
28.0.Mpcustom4: Requesting engine job to terminate
INFO (IPF144): 28: Initiating shutdown of proof [27.63 s]
28.0.B: A trace with 70 cycles was found. [27.20 s]
INFO (IPF047): 28.0.B: The cover property "CS_div_fsm_s5_29" was covered in 70 cycles in 27.24 s.
28.0.B: Stopped processing property "CS_div_fsm_s5_29"	[27.27 s].
28.0.Hp: Interrupted (multi)
28.0.Hp: All properties determined. [27.61 s]
28.0.B: All properties determined. [27.22 s]
28.0.B: Exited with Success (@ 27.65 s)
28: ProofGrid usable level: 0
28.0.N: Stopped processing property "CS_div_fsm_s5_29"	[27.66 s].
28.0.N: All properties determined. [27.66 s]
28.0.N: Exited with Success (@ 27.70 s)
28.0.Hp: Exited with Success (@ 27.82 s)
28.0.AM: Trace Attempt 68	[26.00 s]
28.0.AM: Stopped processing property "CS_div_fsm_s5_29"	[27.57 s].
28.0.AM: All properties determined. [27.59 s]
28.0.AM: Exited with Success (@ 27.98 s)
28.0.Mpcustom4: Trace Attempt 53	[27.30 s]
28.0.Mpcustom4: All properties determined. [27.90 s]
28.0.Mpcustom4: Exited with Success (@ 28.27 s)
28.0.Ht: Interrupted (multi)
28.0.Ht: Trace Attempt 62	[7.24 s]
28.0.Ht: All properties determined. [28.60 s]
28.0.Ht: Exited with Success (@ 29.10 s)
28: --------------------------------------------------------------
ProofGrid Summary (utilization 99.11 %)
--------------------------------------------------------------
     engines started                               :     7
     engine jobs started                           :     7

    Average time in state (seconds)
    ------------------------------------------------------
    Engine  Pending     Running        Dead    Utilization
    ------------------------------------------------------
      N        0.10       27.62        0.00       99.63 %
     Hp        0.08       27.60        0.00       99.70 %
     Ht        0.10       27.59        0.00       99.65 %
    Mpcustom4        0.11       27.55        0.00       99.61 %
     Oh        0.43        0.17        0.00       27.90 %
      B        0.36       27.26        0.00       98.70 %
     AM        0.30       27.31        0.00       98.92 %
    all        0.21       23.59        0.00       99.11 %

    Total time in state (seconds)
    -----------------------------------------
            Pending     Running        Dead  
    -----------------------------------------
               1.48      165.10        0.00

    Data read    : 206.31 kiB
    Data written : 16.78 kiB

28: All pending notifications were processed.
INFO (IPF059): 28: Completed proof on task: "mytask"
cover -name CS_div_fsm_s5_30 {@(posedge clk_i) !div_fsm_s5 ##1 div_fsm_s5 [*30] ##1 !div_fsm_s5 }
INFO (IPF036): Starting proof on task: "mytask", 1 properties to prove with 0 already proven/unreachable
INFO (IPF031): Settings used for proof thread 29:
    orchestration                 = on (auto)
    time_limit                    = 600s
    per_property_time_limit       = 1s * 10 ^ scan
    engine_mode                   = auto
    proofgrid_per_engine_max_jobs = 1
    max engine jobs               = auto
    proofgrid_mode                = local
    proofgrid_restarts            = 10
29: Using multistage preprocessing
29: Starting reduce
29: Finished reduce in 0.043s
29.0.PRE: Performing Proof Simplification...
29.0.N: clocks: 1, declared: 1, looping: 0, posedge: 1, negedge: 0, noedge: 0, bothedge: 0
29.0.N: Proof Simplification Iteration 1	[0.00 s]
29.0.N: Proof Simplification Iteration 2	[0.04 s]
29.0.N: Proof Simplification Iteration 3	[0.06 s]
29.0.N: Proof Simplification Iteration 4	[0.07 s]
29.0.N: Proof Simplification Iteration 5	[0.09 s]
29.0.N: Proof Simplification Iteration 6	[0.11 s]
29.0.N: Proof Simplification Iteration 7	[0.13 s]
29.0.N: Proof Simplification Iteration 8	[0.15 s]
29.0.N: Proof Simplification Iteration 9	[0.17 s]
29.0.N: Proof Simplification Iteration 10	[0.18 s]
29.0.PRE: Proof Simplification completed in 0.23 s
29: About to start ProofGrid in its own thread with a limit of 10000 pending notifications and a limit of 10 traces.
29: =============================== ProofGrid start ===============================
29: ProofGrid usable level: 1
29: Initial ProofGrid level: 1
29: ProofGrid is starting event handling
29.0.N: caddy15.stanford.edu: "Rocky Linux 8.10 (Green Obsidian)" is an unsupported operating system.
29.0.Hp: caddy15.stanford.edu: "Rocky Linux 8.10 (Green Obsidian)" is an unsupported operating system.
29.0.Ht: caddy15.stanford.edu: "Rocky Linux 8.10 (Green Obsidian)" is an unsupported operating system.
29.0.N: Proofgrid shell started at 4095613@caddy15.stanford.edu(local) jg_4086220_caddy15.stanford.edu_30
29.0.Hp: Proofgrid shell started at 4095614@caddy15.stanford.edu(local) jg_4086220_caddy15.stanford.edu_30
29.0.Mpcustom4: caddy15.stanford.edu: "Rocky Linux 8.10 (Green Obsidian)" is an unsupported operating system.
29.0.Ht: Proofgrid shell started at 4095636@caddy15.stanford.edu(local) jg_4086220_caddy15.stanford.edu_30
29.0.N: clocks: 1, declared: 1, looping: 0, posedge: 1, negedge: 0, noedge: 0, bothedge: 0
29.0.N: Last scan. Per property time limit: 0s
29.0.N: Starting proof for property "CS_div_fsm_s5_30"	[0.00 s].
29.0.N: Trace Attempt  1	[0.00 s]
29.0.Hp: clocks: 1, declared: 1, looping: 0, posedge: 1, negedge: 0, noedge: 0, bothedge: 0
29.0.N: Trace Attempt  2	[0.01 s]
29.0.N: Trace Attempt  3	[0.01 s]
29.0.Ht: clocks: 1, declared: 1, looping: 0, posedge: 1, negedge: 0, noedge: 0, bothedge: 0
29.0.N: Trace Attempt  3	[0.04 s]
29.0.Ht: Trace Attempt  1	[0.04 s]
29.0.Ht: Trace Attempt  2	[0.04 s]
29.0.Ht: Trace Attempt  3	[0.04 s]
29.0.Ht: Trace Attempt  4	[0.05 s]
29.0.N: Trace Attempt  4	[0.06 s]
29.0.N: Trace Attempt  5	[0.06 s]
29.0.Ht: Trace Attempt  5	[0.06 s]
29.0.Mpcustom4: Proofgrid shell started at 4095655@caddy15.stanford.edu(local) jg_4086220_caddy15.stanford.edu_30
29.0.Mpcustom4: clocks: 1, declared: 1, looping: 0, posedge: 1, negedge: 0, noedge: 0, bothedge: 0
29.0.N: Trace Attempt  5	[0.12 s]
29.0.Mpcustom4: Trace Attempt  1	[0.04 s]
29.0.Mpcustom4: Trace Attempt  2	[0.06 s]
29.0.B: caddy15.stanford.edu: "Rocky Linux 8.10 (Green Obsidian)" is an unsupported operating system.
29.0.Oh: caddy15.stanford.edu: "Rocky Linux 8.10 (Green Obsidian)" is an unsupported operating system.
29.0.AM: caddy15.stanford.edu: "Rocky Linux 8.10 (Green Obsidian)" is an unsupported operating system.
29.0.B: Proofgrid shell started at 4095670@caddy15.stanford.edu(local) jg_4086220_caddy15.stanford.edu_30
29.0.Oh: Proofgrid shell started at 4095663@caddy15.stanford.edu(local) jg_4086220_caddy15.stanford.edu_30
29.0.B: clocks: 1, declared: 1, looping: 0, posedge: 1, negedge: 0, noedge: 0, bothedge: 0
29.0.B: Last scan. Per property time limit: 0s
29.0.B: Starting proof for property "CS_div_fsm_s5_30"	[0.00 s].
29.0.AM: Proofgrid shell started at 4095673@caddy15.stanford.edu(local) jg_4086220_caddy15.stanford.edu_30
29.0.Oh: clocks: 1, declared: 1, looping: 0, posedge: 1, negedge: 0, noedge: 0, bothedge: 0
29.0.B: Trace Attempt  1	[0.01 s]
29.0.B: Trace Attempt  2	[0.02 s]
29.0.B: Trace Attempt  3	[0.03 s]
29.0.B: Trace Attempt  4	[0.04 s]
29.0.AM: clocks: 1, declared: 1, looping: 0, posedge: 1, negedge: 0, noedge: 0, bothedge: 0
29.0.AM: Last scan. Per property time limit: 0s
29.0.AM: Starting proof for property "CS_div_fsm_s5_30"	[0.00 s].
29.0.B: Trace Attempt  5	[0.08 s]
29.0.AM: Trace Attempt  1	[0.00 s]
29.0.AM: Trace Attempt  2	[0.01 s]
29.0.AM: Trace Attempt  3	[0.04 s]
29.0.AM: Trace Attempt  4	[0.10 s]
29.0.Oh: bwd trail(1): 1 0.113103s
29.0.Oh: All properties either determined or skipped. [0.16 s]
29.0.Oh: Exited with Success (@ 0.66 s)
29.0.Oh: Completed, Restart ignored.
29.0.AM: Trace Attempt  5	[0.14 s]
29.0.Mpcustom4: Trace Attempt  3	[0.62 s]
29.0.Mpcustom4: Trace Attempt  3	[0.67 s]
29.0.Mpcustom4: Trace Attempt  4	[0.70 s]
29.0.Mpcustom4: Trace Attempt  4	[0.75 s]
29.0.Mpcustom4: Trace Attempt  5	[0.78 s]
29.0.N: Trace Attempt 27	[4.15 s]
29.0.Ht: Trace Attempt 49	[4.28 s]
29.0.B: Trace Attempt 51	[4.18 s]
29.0.Mpcustom4: Trace Attempt 33	[4.81 s]
29.0.AM: Trace Attempt 43	[5.53 s]
29.0.AM: Trace Attempt  1	[5.76 s]
29.0.AM: Trace Attempt  2	[5.79 s]
29.0.AM: Trace Attempt  3	[5.80 s]
29.0.AM: Trace Attempt  5	[5.81 s]
29.0.N: Trace Attempt 39	[8.55 s]
29.0.Mpcustom4: Trace Attempt 34	[9.88 s]
29.0.AM: Trace Attempt  1	[9.96 s]
29.0.AM: Trace Attempt  2	[9.98 s]
29.0.AM: Trace Attempt  3	[9.99 s]
29.0.AM: Trace Attempt  5	[10.00 s]
29.0.N: Trace Attempt 47	[12.66 s]
29.0.N: Trace Attempt  1	[13.60 s]
29.0.N: Trace Attempt  2	[13.63 s]
29.0.N: Trace Attempt  3	[13.63 s]
29.0.N: Trace Attempt  5	[13.64 s]
29.0.Mpcustom4: Trace Attempt 35	[15.49 s]
29.0.Mpcustom4: Trace Attempt 35	[19.75 s]
29.0.N: Trace Attempt 68	[21.12 s]
29.0.AM: Trace Attempt 58	[20.99 s]
29.0.Mpcustom4: Trace Attempt 42	[24.87 s]
29.0.B: Trace Attempt 71	[25.27 s]
29.0.N: Requesting engine job to stop
29.0.B: Requesting engine job to stop
29.0.AM: Requesting engine job to stop
29.0.Hp: Requesting engine job to terminate
29.0.Ht: Requesting engine job to terminate
29.0.Mpcustom4: Requesting engine job to terminate
INFO (IPF144): 29: Initiating shutdown of proof [26.58 s]
29.0.B: A trace with 71 cycles was found. [26.07 s]
INFO (IPF047): 29.0.B: The cover property "CS_div_fsm_s5_30" was covered in 71 cycles in 26.11 s.
29.0.B: Stopped processing property "CS_div_fsm_s5_30"	[26.15 s].
29.0.Hp: Interrupted (multi)
29.0.Hp: All properties determined. [26.57 s]
29.0.B: All properties determined. [26.12 s]
29.0.B: Exited with Success (@ 26.61 s)
29: ProofGrid usable level: 0
29.0.N: Stopped processing property "CS_div_fsm_s5_30"	[26.61 s].
29.0.N: All properties determined. [26.62 s]
29.0.N: Exited with Success (@ 26.65 s)
29.0.Hp: Exited with Success (@ 26.72 s)
29.0.Mpcustom4: Trace Attempt 45	[25.04 s]
29.0.Mpcustom4: All properties determined. [26.76 s]
29.0.Mpcustom4: Exited with Success (@ 27.36 s)
29.0.Ht: Interrupted (multi)
29.0.Ht: Trace Attempt 64	[6.71 s]
29.0.Ht: All properties determined. [28.20 s]
29.0.AM: Trace Attempt 69	[23.59 s]
29.0.AM: Stopped processing property "CS_div_fsm_s5_30"	[27.73 s].
29.0.AM: All properties determined. [27.73 s]
29.0.AM: Exited with Success (@ 28.41 s)
29.0.Ht: Exited with Success (@ 28.41 s)
29: --------------------------------------------------------------
ProofGrid Summary (utilization 98.88 %)
--------------------------------------------------------------
     engines started                               :     7
     engine jobs started                           :     7

    Average time in state (seconds)
    ------------------------------------------------------
    Engine  Pending     Running        Dead    Utilization
    ------------------------------------------------------
      N        0.10       26.57        0.00       99.62 %
     Hp        0.08       26.57        0.00       99.70 %
     Ht        0.09       26.55        0.00       99.67 %
    Mpcustom4        0.13       26.48        0.00       99.49 %
     Oh        0.48        0.16        0.00       25.08 %
      B        0.43       26.11        0.00       98.38 %
     AM        0.49       26.04        0.00       98.15 %
    all        0.26       22.64        0.00       98.88 %

    Total time in state (seconds)
    -----------------------------------------
            Pending     Running        Dead  
    -----------------------------------------
               1.80      158.47        0.00

    Data read    : 203.63 kiB
    Data written : 10.42 kiB

29: All pending notifications were processed.
INFO (IPF059): 29: Completed proof on task: "mytask"
cover -name CS_div_fsm_s5_31 {@(posedge clk_i) !div_fsm_s5 ##1 div_fsm_s5 [*31] ##1 !div_fsm_s5 }
INFO (IPF036): Starting proof on task: "mytask", 1 properties to prove with 0 already proven/unreachable
INFO (IPF031): Settings used for proof thread 30:
    orchestration                 = on (auto)
    time_limit                    = 600s
    per_property_time_limit       = 1s * 10 ^ scan
    engine_mode                   = auto
    proofgrid_per_engine_max_jobs = 1
    max engine jobs               = auto
    proofgrid_mode                = local
    proofgrid_restarts            = 10
30: Using multistage preprocessing
30: Starting reduce
30: Finished reduce in 0.041s
30.0.PRE: Performing Proof Simplification...
30.0.N: clocks: 1, declared: 1, looping: 0, posedge: 1, negedge: 0, noedge: 0, bothedge: 0
30.0.N: Proof Simplification Iteration 1	[0.00 s]
30.0.N: Proof Simplification Iteration 2	[0.04 s]
30.0.N: Proof Simplification Iteration 3	[0.05 s]
30.0.N: Proof Simplification Iteration 4	[0.07 s]
30.0.N: Proof Simplification Iteration 5	[0.09 s]
30.0.N: Proof Simplification Iteration 6	[0.11 s]
30.0.N: Proof Simplification Iteration 7	[0.13 s]
30.0.N: Proof Simplification Iteration 8	[0.14 s]
30.0.N: Proof Simplification Iteration 9	[0.16 s]
30.0.N: Proof Simplification Iteration 10	[0.18 s]
30.0.PRE: Proof Simplification completed in 0.23 s
30: About to start ProofGrid in its own thread with a limit of 10000 pending notifications and a limit of 10 traces.
30: =============================== ProofGrid start ===============================
30: ProofGrid usable level: 1
30: Initial ProofGrid level: 1
30: ProofGrid is starting event handling
30.0.Hp: caddy15.stanford.edu: "Rocky Linux 8.10 (Green Obsidian)" is an unsupported operating system.
30.0.N: caddy15.stanford.edu: "Rocky Linux 8.10 (Green Obsidian)" is an unsupported operating system.
30.0.Ht: caddy15.stanford.edu: "Rocky Linux 8.10 (Green Obsidian)" is an unsupported operating system.
30.0.Hp: Proofgrid shell started at 4095958@caddy15.stanford.edu(local) jg_4086220_caddy15.stanford.edu_31
30.0.N: Proofgrid shell started at 4095957@caddy15.stanford.edu(local) jg_4086220_caddy15.stanford.edu_31
30.0.Hp: clocks: 1, declared: 1, looping: 0, posedge: 1, negedge: 0, noedge: 0, bothedge: 0
30.0.N: clocks: 1, declared: 1, looping: 0, posedge: 1, negedge: 0, noedge: 0, bothedge: 0
30.0.Ht: Proofgrid shell started at 4095981@caddy15.stanford.edu(local) jg_4086220_caddy15.stanford.edu_31
30.0.N: Last scan. Per property time limit: 0s
30.0.N: Starting proof for property "CS_div_fsm_s5_31"	[0.00 s].
30.0.N: Trace Attempt  1	[0.00 s]
30.0.N: Trace Attempt  2	[0.01 s]
30.0.N: Trace Attempt  3	[0.01 s]
30.0.Ht: clocks: 1, declared: 1, looping: 0, posedge: 1, negedge: 0, noedge: 0, bothedge: 0
30.0.AM: caddy15.stanford.edu: "Rocky Linux 8.10 (Green Obsidian)" is an unsupported operating system.
30.0.Mpcustom4: caddy15.stanford.edu: "Rocky Linux 8.10 (Green Obsidian)" is an unsupported operating system.
30.0.B: caddy15.stanford.edu: "Rocky Linux 8.10 (Green Obsidian)" is an unsupported operating system.
30.0.N: Trace Attempt  3	[0.04 s]
30.0.Ht: Trace Attempt  1	[0.04 s]
30.0.N: Trace Attempt  4	[0.06 s]
30.0.N: Trace Attempt  5	[0.06 s]
30.0.Ht: Trace Attempt  2	[0.04 s]
30.0.Ht: Trace Attempt  3	[0.04 s]
30.0.Ht: Trace Attempt  4	[0.05 s]
30.0.Ht: Trace Attempt  5	[0.06 s]
30.0.Oh: caddy15.stanford.edu: "Rocky Linux 8.10 (Green Obsidian)" is an unsupported operating system.
30.0.AM: Proofgrid shell started at 4096008@caddy15.stanford.edu(local) jg_4086220_caddy15.stanford.edu_31
30.0.N: Trace Attempt  5	[0.12 s]
30.0.AM: clocks: 1, declared: 1, looping: 0, posedge: 1, negedge: 0, noedge: 0, bothedge: 0
30.0.Mpcustom4: Proofgrid shell started at 4095999@caddy15.stanford.edu(local) jg_4086220_caddy15.stanford.edu_31
30.0.AM: Last scan. Per property time limit: 0s
30.0.AM: Starting proof for property "CS_div_fsm_s5_31"	[0.00 s].
30.0.AM: Trace Attempt  1	[0.00 s]
30.0.AM: Trace Attempt  2	[0.01 s]
30.0.Mpcustom4: clocks: 1, declared: 1, looping: 0, posedge: 1, negedge: 0, noedge: 0, bothedge: 0
30.0.B: Proofgrid shell started at 4096006@caddy15.stanford.edu(local) jg_4086220_caddy15.stanford.edu_31
30.0.AM: Trace Attempt  3	[0.06 s]
30.0.Mpcustom4: Trace Attempt  1	[0.06 s]
30.0.B: clocks: 1, declared: 1, looping: 0, posedge: 1, negedge: 0, noedge: 0, bothedge: 0
30.0.B: Last scan. Per property time limit: 0s
30.0.B: Starting proof for property "CS_div_fsm_s5_31"	[0.00 s].
30.0.B: Trace Attempt  1	[0.01 s]
30.0.AM: Trace Attempt  4	[0.11 s]
30.0.B: Trace Attempt  2	[0.02 s]
30.0.Mpcustom4: Trace Attempt  2	[0.12 s]
30.0.B: Trace Attempt  3	[0.05 s]
30.0.Oh: Proofgrid shell started at 4096004@caddy15.stanford.edu(local) jg_4086220_caddy15.stanford.edu_31
30.0.B: Trace Attempt  4	[0.07 s]
30.0.AM: Trace Attempt  5	[0.15 s]
30.0.Oh: clocks: 1, declared: 1, looping: 0, posedge: 1, negedge: 0, noedge: 0, bothedge: 0
30.0.B: Trace Attempt  5	[0.13 s]
30.0.Oh: bwd trail(1): 1 0.116932s
30.0.Oh: All properties either determined or skipped. [0.27 s]
30.0.Oh: Exited with Success (@ 0.67 s)
30.0.Mpcustom4: Trace Attempt  3	[1.35 s]
30.0.Mpcustom4: Trace Attempt  3	[1.44 s]
30.0.Mpcustom4: Trace Attempt  4	[1.46 s]
30.0.Mpcustom4: Trace Attempt  4	[1.52 s]
30.0.Mpcustom4: Trace Attempt  5	[1.54 s]
30.0.N: Trace Attempt 28	[4.13 s]
30.0.B: Trace Attempt 45	[4.16 s]
30.0.Ht: Trace Attempt 52	[5.21 s]
30.0.AM: Trace Attempt 44	[5.49 s]
30.0.AM: Trace Attempt  1	[5.72 s]
30.0.AM: Trace Attempt  2	[5.75 s]
30.0.AM: Trace Attempt  3	[5.75 s]
30.0.AM: Trace Attempt  5	[5.76 s]
30.0.Mpcustom4: Trace Attempt 28	[6.00 s]
30.0.B: Trace Attempt 71	[8.17 s]
30.0.N: Trace Attempt 41	[8.75 s]
30.0.AM: Trace Attempt  1	[9.44 s]
30.0.AM: Trace Attempt  2	[9.47 s]
30.0.AM: Trace Attempt  3	[9.48 s]
30.0.AM: Trace Attempt  5	[9.49 s]
30.0.Mpcustom4: Trace Attempt 35	[10.54 s]
30.0.N: Trace Attempt 44	[13.21 s]
30.0.N: Trace Attempt  1	[13.39 s]
30.0.N: Trace Attempt  2	[13.42 s]
30.0.N: Trace Attempt  3	[13.42 s]
30.0.N: Trace Attempt  5	[13.43 s]
30.0.Mpcustom4: Trace Attempt 35	[14.95 s]
30.0.Mpcustom4: Trace Attempt 37	[20.66 s]
30.0.AM: Trace Attempt 59	[21.45 s]
30.0.Mpcustom4: Trace Attempt 43	[25.42 s]
30.0.N: Trace Attempt 54	[26.18 s]
30.0.B: Trace Attempt 72	[29.41 s]
30.0.Mpcustom4: Trace Attempt 47	[29.68 s]
30.0.Ht: Trace Attempt 62	[32.06 s]
30.0.Mpcustom4: Trace Attempt 51	[35.02 s]
30.0.N: Requesting engine job to stop
30.0.B: Requesting engine job to stop
30.0.AM: Requesting engine job to stop
30.0.Hp: Requesting engine job to terminate
30.0.Ht: Requesting engine job to terminate
30.0.Mpcustom4: Requesting engine job to terminate
INFO (IPF144): 30: Initiating shutdown of proof [37.43 s]
30.0.B: A trace with 72 cycles was found. [37.09 s]
INFO (IPF047): 30.0.B: The cover property "CS_div_fsm_s5_31" was covered in 72 cycles in 37.18 s.
30: ProofGrid usable level: 0
30.0.B: Stopped processing property "CS_div_fsm_s5_31"	[37.21 s].
30.0.B: All properties determined. [37.15 s]
30.0.B: Exited with Success (@ 37.46 s)
30.0.N: Stopped processing property "CS_div_fsm_s5_31"	[37.47 s].
30.0.N: All properties determined. [37.45 s]
30.0.N: Exited with Success (@ 37.51 s)
30.0.AM: Trace Attempt 70	[24.08 s]
30.0.AM: Stopped processing property "CS_div_fsm_s5_31"	[37.60 s].
30.0.Ht: Interrupted (multi)
30.0.Ht: Trace Attempt 72	[32.56 s]
30.0.Ht: All properties determined. [37.75 s]
30.0.AM: All properties determined. [37.60 s]
30.0.AM: Exited with Success (@ 37.81 s)
30.0.Mpcustom4: Trace Attempt 52	[35.06 s]
30.0.Mpcustom4: All properties determined. [37.62 s]
30.0.Mpcustom4: Exited with Success (@ 38.10 s)
30.0.Hp: Interrupted (multi)
30.0.Hp: All properties determined. [38.67 s]
30.0.Ht: Exited with Success (@ 38.68 s)
30.0.Hp: Exited with Success (@ 38.92 s)
30: --------------------------------------------------------------
ProofGrid Summary (utilization 99.45 %)
--------------------------------------------------------------
     engines started                               :     7
     engine jobs started                           :     7

    Average time in state (seconds)
    ------------------------------------------------------
    Engine  Pending     Running        Dead    Utilization
    ------------------------------------------------------
      N        0.11       37.40        0.00       99.70 %
     Hp        0.08       37.42        0.00       99.78 %
     Ht        0.10       37.38        0.00       99.72 %
    Mpcustom4        0.22       37.23        0.00       99.41 %
     Oh        0.36        0.26        0.00       42.21 %
      B        0.24       37.18        0.00       99.35 %
     AM        0.11       37.26        0.00       99.69 %
    all        0.18       32.02        0.00       99.45 %

    Total time in state (seconds)
    -----------------------------------------
            Pending     Running        Dead  
    -----------------------------------------
               1.23      224.13        0.00

    Data read    : 208.37 kiB
    Data written : 12.26 kiB

30: All pending notifications were processed.
INFO (IPF059): 30: Completed proof on task: "mytask"
cover -name CS_div_fsm_s5_32 {@(posedge clk_i) !div_fsm_s5 ##1 div_fsm_s5 [*32] ##1 !div_fsm_s5 }
INFO (IPF036): Starting proof on task: "mytask", 1 properties to prove with 0 already proven/unreachable
INFO (IPF031): Settings used for proof thread 31:
    orchestration                 = on (auto)
    time_limit                    = 600s
    per_property_time_limit       = 1s * 10 ^ scan
    engine_mode                   = auto
    proofgrid_per_engine_max_jobs = 1
    max engine jobs               = auto
    proofgrid_mode                = local
    proofgrid_restarts            = 10
31: Using multistage preprocessing
31: Starting reduce
31: Finished reduce in 0.041s
31.0.PRE: Performing Proof Simplification...
31.0.N: clocks: 1, declared: 1, looping: 0, posedge: 1, negedge: 0, noedge: 0, bothedge: 0
31.0.N: Proof Simplification Iteration 1	[0.00 s]
31.0.N: Proof Simplification Iteration 2	[0.04 s]
31.0.N: Proof Simplification Iteration 3	[0.06 s]
31.0.N: Proof Simplification Iteration 4	[0.07 s]
31.0.N: Proof Simplification Iteration 5	[0.09 s]
31.0.N: Proof Simplification Iteration 6	[0.11 s]
31.0.N: Proof Simplification Iteration 7	[0.13 s]
31.0.N: Proof Simplification Iteration 8	[0.15 s]
31.0.N: Proof Simplification Iteration 9	[0.17 s]
31.0.N: Proof Simplification Iteration 10	[0.18 s]
31.0.PRE: Proof Simplification completed in 0.23 s
31: About to start ProofGrid in its own thread with a limit of 10000 pending notifications and a limit of 10 traces.
31: =============================== ProofGrid start ===============================
31: ProofGrid usable level: 1
31: Initial ProofGrid level: 1
31: ProofGrid is starting event handling
31.0.N: caddy15.stanford.edu: "Rocky Linux 8.10 (Green Obsidian)" is an unsupported operating system.
31.0.Hp: caddy15.stanford.edu: "Rocky Linux 8.10 (Green Obsidian)" is an unsupported operating system.
31.0.Ht: caddy15.stanford.edu: "Rocky Linux 8.10 (Green Obsidian)" is an unsupported operating system.
31.0.Mpcustom4: caddy15.stanford.edu: "Rocky Linux 8.10 (Green Obsidian)" is an unsupported operating system.
31.0.N: Proofgrid shell started at 4096187@caddy15.stanford.edu(local) jg_4086220_caddy15.stanford.edu_32
31.0.Hp: Proofgrid shell started at 4096188@caddy15.stanford.edu(local) jg_4086220_caddy15.stanford.edu_32
31.0.N: clocks: 1, declared: 1, looping: 0, posedge: 1, negedge: 0, noedge: 0, bothedge: 0
31.0.Hp: clocks: 1, declared: 1, looping: 0, posedge: 1, negedge: 0, noedge: 0, bothedge: 0
31.0.Ht: Proofgrid shell started at 4096210@caddy15.stanford.edu(local) jg_4086220_caddy15.stanford.edu_32
31.0.N: Last scan. Per property time limit: 0s
31.0.N: Starting proof for property "CS_div_fsm_s5_32"	[0.00 s].
31.0.N: Trace Attempt  1	[0.00 s]
31.0.N: Trace Attempt  2	[0.01 s]
31.0.N: Trace Attempt  3	[0.01 s]
31.0.Ht: clocks: 1, declared: 1, looping: 0, posedge: 1, negedge: 0, noedge: 0, bothedge: 0
31.0.Mpcustom4: Proofgrid shell started at 4096229@caddy15.stanford.edu(local) jg_4086220_caddy15.stanford.edu_32
31.0.Oh: caddy15.stanford.edu: "Rocky Linux 8.10 (Green Obsidian)" is an unsupported operating system.
31.0.N: Trace Attempt  3	[0.04 s]
31.0.Ht: Trace Attempt  1	[0.04 s]
31.0.Ht: Trace Attempt  2	[0.04 s]
31.0.Ht: Trace Attempt  3	[0.04 s]
31.0.Mpcustom4: clocks: 1, declared: 1, looping: 0, posedge: 1, negedge: 0, noedge: 0, bothedge: 0
31.0.Ht: Trace Attempt  4	[0.05 s]
31.0.Ht: Trace Attempt  5	[0.06 s]
31.0.Oh: Proofgrid shell started at 4096244@caddy15.stanford.edu(local) jg_4086220_caddy15.stanford.edu_32
31.0.N: Trace Attempt  4	[0.10 s]
31.0.N: Trace Attempt  5	[0.10 s]
31.0.B: caddy15.stanford.edu: "Rocky Linux 8.10 (Green Obsidian)" is an unsupported operating system.
31.0.Mpcustom4: Trace Attempt  1	[0.08 s]
31.0.Oh: clocks: 1, declared: 1, looping: 0, posedge: 1, negedge: 0, noedge: 0, bothedge: 0
31.0.Mpcustom4: Trace Attempt  2	[0.10 s]
31.0.N: Trace Attempt  5	[0.17 s]
31.0.AM: caddy15.stanford.edu: "Rocky Linux 8.10 (Green Obsidian)" is an unsupported operating system.
31.0.B: Proofgrid shell started at 4096250@caddy15.stanford.edu(local) jg_4086220_caddy15.stanford.edu_32
31.0.Oh: bwd trail(1): 1 0.115299s
31.0.Oh: All properties either determined or skipped. [0.24 s]
31.0.B: clocks: 1, declared: 1, looping: 0, posedge: 1, negedge: 0, noedge: 0, bothedge: 0
31.0.B: Last scan. Per property time limit: 0s
31.0.B: Starting proof for property "CS_div_fsm_s5_32"	[0.00 s].
31.0.Oh: Exited with Success (@ 0.41 s)
31.0.B: Trace Attempt  1	[0.01 s]
31.0.B: Trace Attempt  2	[0.02 s]
31.0.B: Trace Attempt  3	[0.03 s]
31.0.B: Trace Attempt  4	[0.04 s]
31.0.B: Trace Attempt  5	[0.09 s]
31.0.AM: Proofgrid shell started at 4096253@caddy15.stanford.edu(local) jg_4086220_caddy15.stanford.edu_32
31.0.AM: clocks: 1, declared: 1, looping: 0, posedge: 1, negedge: 0, noedge: 0, bothedge: 0
31.0.AM: Last scan. Per property time limit: 0s
31.0.AM: Starting proof for property "CS_div_fsm_s5_32"	[0.00 s].
31.0.AM: Trace Attempt  1	[0.00 s]
31.0.AM: Trace Attempt  2	[0.01 s]
31.0.AM: Trace Attempt  3	[0.06 s]
31.0.AM: Trace Attempt  4	[0.10 s]
31.0.AM: Trace Attempt  5	[0.13 s]
31.0.Mpcustom4: Trace Attempt  3	[0.69 s]
31.0.Mpcustom4: Trace Attempt  3	[0.78 s]
31.0.Mpcustom4: Trace Attempt  4	[0.80 s]
31.0.Mpcustom4: Trace Attempt  4	[0.85 s]
31.0.Mpcustom4: Trace Attempt  5	[0.88 s]
31.0.Ht: Trace Attempt 51	[4.17 s]
31.0.N: Trace Attempt 29	[4.27 s]
31.0.B: Trace Attempt 47	[4.15 s]
31.0.Mpcustom4: Trace Attempt 35	[4.89 s]
31.0.AM: Trace Attempt 45	[6.08 s]
31.0.AM: Trace Attempt  1	[6.33 s]
31.0.AM: Trace Attempt  2	[6.36 s]
31.0.AM: Trace Attempt  3	[6.36 s]
31.0.AM: Trace Attempt  5	[6.37 s]
31.0.N: Trace Attempt 36	[8.38 s]
31.0.Mpcustom4: Trace Attempt 36	[10.19 s]
31.0.AM: Trace Attempt  1	[10.18 s]
31.0.AM: Trace Attempt  2	[10.21 s]
31.0.AM: Trace Attempt  3	[10.21 s]
31.0.AM: Trace Attempt  5	[10.22 s]
31.0.N: Trace Attempt 44	[13.21 s]
31.0.N: Trace Attempt  1	[14.54 s]
31.0.N: Trace Attempt  2	[14.57 s]
31.0.N: Trace Attempt  3	[14.58 s]
31.0.N: Trace Attempt  5	[14.59 s]
31.0.Mpcustom4: Trace Attempt 37	[15.21 s]
31.0.Mpcustom4: Trace Attempt 46	[21.00 s]
31.0.N: Trace Attempt 69	[22.44 s]
31.0.AM: Trace Attempt 60	[24.09 s]
31.0.Mpcustom4: Trace Attempt 50	[25.43 s]
31.0.B: Trace Attempt 73	[30.08 s]
31.0.Mpcustom4: Trace Attempt 56	[31.06 s]
31.0.N: Trace Attempt 71	[31.37 s]
31.0.Mpcustom4: Trace Attempt 61	[36.04 s]
31.0.N: Requesting engine job to stop
31.0.B: Requesting engine job to stop
31.0.AM: Requesting engine job to stop
31.0.Hp: Requesting engine job to terminate
31.0.Ht: Requesting engine job to terminate
31.0.Mpcustom4: Requesting engine job to terminate
INFO (IPF144): 31: Initiating shutdown of proof [38.36 s]
31.0.B: A trace with 73 cycles was found. [37.94 s]
INFO (IPF047): 31.0.B: The cover property "CS_div_fsm_s5_32" was covered in 73 cycles in 37.97 s.
31.0.B: Stopped processing property "CS_div_fsm_s5_32"	[37.97 s].
31.0.B: All properties determined. [37.97 s]
31.0.Ht: Interrupted (multi)
31.0.Ht: Trace Attempt 65	[7.49 s]
31.0.Ht: All properties determined. [38.33 s]
31.0.B: Exited with Success (@ 38.43 s)
31: ProofGrid usable level: 0
31.0.N: Stopped processing property "CS_div_fsm_s5_32"	[38.39 s].
31.0.Hp: Interrupted (multi)
31.0.Hp: All properties determined. [38.42 s]
31.0.N: All properties determined. [38.41 s]
31.0.Hp: Exited with Success (@ 38.72 s)
31.0.Ht: Exited with Success (@ 38.73 s)
31.0.N: Exited with Success (@ 38.73 s)
31.0.Mpcustom4: Trace Attempt 65	[36.48 s]
31.0.Mpcustom4: All properties determined. [38.75 s]
31.0.AM: Trace Attempt 71	[24.73 s]
31.0.AM: Stopped processing property "CS_div_fsm_s5_32"	[38.49 s].
31.0.Mpcustom4: Exited with Success (@ 39.05 s)
31.0.AM: All properties determined. [38.49 s]
31.0.AM: Exited with Success (@ 39.08 s)
31: --------------------------------------------------------------
ProofGrid Summary (utilization 99.40 %)
--------------------------------------------------------------
     engines started                               :     7
     engine jobs started                           :     7

    Average time in state (seconds)
    ------------------------------------------------------
    Engine  Pending     Running        Dead    Utilization
    ------------------------------------------------------
      N        0.10       38.35        0.00       99.75 %
     Hp        0.09       38.35        0.00       99.76 %
     Ht        0.10       38.32        0.00       99.74 %
    Mpcustom4        0.10       38.30        0.00       99.75 %
     Oh        0.14        0.25        0.00       63.57 %
      B        0.36       37.99        0.00       99.06 %
     AM        0.49       37.82        0.00       98.71 %
    all        0.20       32.77        0.00       99.40 %

    Total time in state (seconds)
    -----------------------------------------
            Pending     Running        Dead  
    -----------------------------------------
               1.38      229.38        0.00

    Data read    : 214.51 kiB
    Data written : 11.52 kiB

31: All pending notifications were processed.
INFO (IPF059): 31: Completed proof on task: "mytask"
cover -name CS_div_fsm_s5_33 {@(posedge clk_i) !div_fsm_s5 ##1 div_fsm_s5 [*33] ##1 !div_fsm_s5 }
INFO (IPF036): Starting proof on task: "mytask", 1 properties to prove with 0 already proven/unreachable
INFO (IPF031): Settings used for proof thread 32:
    orchestration                 = on (auto)
    time_limit                    = 600s
    per_property_time_limit       = 1s * 10 ^ scan
    engine_mode                   = auto
    proofgrid_per_engine_max_jobs = 1
    max engine jobs               = auto
    proofgrid_mode                = local
    proofgrid_restarts            = 10
32: Using multistage preprocessing
32: Starting reduce
32: Finished reduce in 0.045s
32.0.PRE: Performing Proof Simplification...
32.0.N: clocks: 1, declared: 1, looping: 0, posedge: 1, negedge: 0, noedge: 0, bothedge: 0
32.0.N: Proof Simplification Iteration 1	[0.00 s]
32.0.N: Proof Simplification Iteration 2	[0.04 s]
32.0.N: Proof Simplification Iteration 3	[0.06 s]
32.0.N: Proof Simplification Iteration 4	[0.07 s]
32.0.N: Proof Simplification Iteration 5	[0.09 s]
32.0.N: Proof Simplification Iteration 6	[0.11 s]
32.0.N: Proof Simplification Iteration 7	[0.13 s]
32.0.N: Proof Simplification Iteration 8	[0.15 s]
32.0.N: Proof Simplification Iteration 9	[0.17 s]
32.0.N: Proof Simplification Iteration 10	[0.18 s]
32.0.PRE: Proof Simplification completed in 0.23 s
32: About to start ProofGrid in its own thread with a limit of 10000 pending notifications and a limit of 10 traces.
32: =============================== ProofGrid start ===============================
32: ProofGrid usable level: 1
32: Initial ProofGrid level: 1
32: ProofGrid is starting event handling
32.0.N: caddy15.stanford.edu: "Rocky Linux 8.10 (Green Obsidian)" is an unsupported operating system.
32.0.Hp: caddy15.stanford.edu: "Rocky Linux 8.10 (Green Obsidian)" is an unsupported operating system.
32.0.Ht: caddy15.stanford.edu: "Rocky Linux 8.10 (Green Obsidian)" is an unsupported operating system.
32.0.Mpcustom4: caddy15.stanford.edu: "Rocky Linux 8.10 (Green Obsidian)" is an unsupported operating system.
32.0.N: Proofgrid shell started at 4096694@caddy15.stanford.edu(local) jg_4086220_caddy15.stanford.edu_33
32.0.Hp: Proofgrid shell started at 4096695@caddy15.stanford.edu(local) jg_4086220_caddy15.stanford.edu_33
32.0.Oh: caddy15.stanford.edu: "Rocky Linux 8.10 (Green Obsidian)" is an unsupported operating system.
32.0.Hp: clocks: 1, declared: 1, looping: 0, posedge: 1, negedge: 0, noedge: 0, bothedge: 0
32.0.B: caddy15.stanford.edu: "Rocky Linux 8.10 (Green Obsidian)" is an unsupported operating system.
32.0.N: clocks: 1, declared: 1, looping: 0, posedge: 1, negedge: 0, noedge: 0, bothedge: 0
32.0.N: Last scan. Per property time limit: 0s
32.0.N: Starting proof for property "CS_div_fsm_s5_33"	[0.00 s].
32.0.Mpcustom4: Proofgrid shell started at 4096722@caddy15.stanford.edu(local) jg_4086220_caddy15.stanford.edu_33
32.0.N: Trace Attempt  1	[0.01 s]
32.0.N: Trace Attempt  2	[0.01 s]
32.0.N: Trace Attempt  3	[0.01 s]
32.0.Mpcustom4: clocks: 1, declared: 1, looping: 0, posedge: 1, negedge: 0, noedge: 0, bothedge: 0
32.0.Ht: Proofgrid shell started at 4096716@caddy15.stanford.edu(local) jg_4086220_caddy15.stanford.edu_33
32.0.N: Trace Attempt  3	[0.04 s]
32.0.Ht: clocks: 1, declared: 1, looping: 0, posedge: 1, negedge: 0, noedge: 0, bothedge: 0
32.0.Mpcustom4: Trace Attempt  1	[0.05 s]
32.0.N: Trace Attempt  4	[0.06 s]
32.0.N: Trace Attempt  5	[0.06 s]
32.0.Mpcustom4: Trace Attempt  2	[0.07 s]
32.0.Oh: Proofgrid shell started at 4096746@caddy15.stanford.edu(local) jg_4086220_caddy15.stanford.edu_33
32.0.Oh: clocks: 1, declared: 1, looping: 0, posedge: 1, negedge: 0, noedge: 0, bothedge: 0
32.0.B: Proofgrid shell started at 4096750@caddy15.stanford.edu(local) jg_4086220_caddy15.stanford.edu_33
32.0.N: Trace Attempt  5	[0.12 s]
32.0.Ht: Trace Attempt  1	[0.07 s]
32.0.Ht: Trace Attempt  2	[0.07 s]
32.0.Ht: Trace Attempt  3	[0.07 s]
32.0.B: clocks: 1, declared: 1, looping: 0, posedge: 1, negedge: 0, noedge: 0, bothedge: 0
32.0.Ht: Trace Attempt  4	[0.10 s]
32.0.B: Last scan. Per property time limit: 0s
32.0.B: Starting proof for property "CS_div_fsm_s5_33"	[0.00 s].
32.0.Ht: Trace Attempt  5	[0.10 s]
32.0.B: Trace Attempt  1	[0.01 s]
32.0.B: Trace Attempt  2	[0.02 s]
32.0.AM: caddy15.stanford.edu: "Rocky Linux 8.10 (Green Obsidian)" is an unsupported operating system.
32.0.B: Trace Attempt  3	[0.03 s]
32.0.B: Trace Attempt  4	[0.04 s]
32.0.Oh: bwd trail(1): 1 0.112716s
32.0.Oh: All properties either determined or skipped. [0.13 s]
32.0.Oh: Exited with Success (@ 0.26 s)
32.0.Oh: Completed, Restart ignored.
32.0.B: Trace Attempt  5	[0.08 s]
32.0.AM: Proofgrid shell started at 4096762@caddy15.stanford.edu(local) jg_4086220_caddy15.stanford.edu_33
32.0.AM: clocks: 1, declared: 1, looping: 0, posedge: 1, negedge: 0, noedge: 0, bothedge: 0
32.0.AM: Last scan. Per property time limit: 0s
32.0.AM: Starting proof for property "CS_div_fsm_s5_33"	[0.00 s].
32.0.AM: Trace Attempt  1	[0.00 s]
32.0.AM: Trace Attempt  2	[0.01 s]
32.0.AM: Trace Attempt  3	[0.06 s]
32.0.AM: Trace Attempt  4	[0.12 s]
32.0.Mpcustom4: Trace Attempt  3	[0.65 s]
32.0.AM: Trace Attempt  5	[0.16 s]
32.0.Mpcustom4: Trace Attempt  3	[0.70 s]
32.0.Mpcustom4: Trace Attempt  4	[0.72 s]
32.0.Mpcustom4: Trace Attempt  4	[0.78 s]
32.0.Mpcustom4: Trace Attempt  5	[0.80 s]
32.0.Ht: Trace Attempt 48	[4.14 s]
32.0.B: Trace Attempt 47	[4.15 s]
32.0.N: Trace Attempt 23	[4.61 s]
32.0.Mpcustom4: Trace Attempt 36	[4.83 s]
32.0.AM: Trace Attempt 44	[4.41 s]
32.0.AM: Trace Attempt  1	[7.09 s]
32.0.AM: Trace Attempt  2	[7.12 s]
32.0.AM: Trace Attempt  3	[7.12 s]
32.0.AM: Trace Attempt  5	[7.13 s]
32.0.N: Trace Attempt 33	[8.65 s]
32.0.Mpcustom4: Trace Attempt 38	[9.83 s]
32.0.AM: Trace Attempt  1	[11.03 s]
32.0.AM: Trace Attempt  2	[11.06 s]
32.0.AM: Trace Attempt  3	[11.06 s]
32.0.AM: Trace Attempt  5	[11.08 s]
32.0.Ht: Trace Attempt 62	[12.51 s]
32.0.N: Trace Attempt 45	[13.10 s]
32.0.N: Trace Attempt  1	[13.41 s]
32.0.N: Trace Attempt  2	[13.50 s]
32.0.N: Trace Attempt  3	[13.50 s]
32.0.N: Trace Attempt  5	[13.53 s]
32.0.Mpcustom4: Trace Attempt 39	[15.45 s]
32.0.N: Trace Attempt 56	[18.44 s]
32.0.Mpcustom4: Trace Attempt 39	[20.37 s]
32.0.AM: Trace Attempt 61	[24.02 s]
32.0.Mpcustom4: Trace Attempt 39	[25.78 s]
32.0.Mpcustom4: Trace Attempt 39	[30.79 s]
32.0.B: Trace Attempt 74	[31.67 s]
32.0.N: Trace Attempt 56	[40.08 s]
32.0.N: Trace Attempt  1	[43.83 s]
32.0.N: Trace Attempt  2	[43.86 s]
32.0.N: Trace Attempt  3	[43.87 s]
32.0.N: Trace Attempt  5	[43.88 s]
32.0.AM: Trace Attempt 73	[47.07 s]
32.0.N: Requesting engine job to stop
32.0.B: Requesting engine job to stop
32.0.AM: Requesting engine job to stop
32.0.Hp: Requesting engine job to terminate
32.0.Ht: Requesting engine job to terminate
32.0.Mpcustom4: Requesting engine job to terminate
INFO (IPF144): 32: Initiating shutdown of proof [48.35 s]
32.0.B: A trace with 74 cycles was found. [48.14 s]
INFO (IPF047): 32.0.B: The cover property "CS_div_fsm_s5_33" was covered in 74 cycles in 48.18 s.
32.0.B: Stopped processing property "CS_div_fsm_s5_33"	[48.21 s].
32.0.B: All properties determined. [48.17 s]
32.0.Hp: Interrupted (multi)
32.0.Hp: All properties determined. [48.35 s]
32.0.B: Exited with Success (@ 48.37 s)
32: ProofGrid usable level: 0
32.0.N: Trace Attempt 61	[46.87 s]
32.0.N: Stopped processing property "CS_div_fsm_s5_33"	[48.37 s].
32.0.N: All properties determined. [48.38 s]
32.0.N: Exited with Success (@ 48.44 s)
32.0.AM: Stopped processing property "CS_div_fsm_s5_33"	[47.93 s].
32.0.AM: All properties determined. [47.94 s]
32.0.AM: Exited with Success (@ 48.51 s)
32.0.Mpcustom4: All properties determined. [48.57 s]
32.0.Mpcustom4: Exited with Success (@ 48.65 s)
32.0.Ht: Interrupted (multi)
32.0.Ht: Trace Attempt 73	[13.13 s]
32.0.Ht: All properties determined. [48.63 s]
32.0.Hp: Exited with Success (@ 49.02 s)
32.0.Ht: Exited with Success (@ 49.02 s)
32: --------------------------------------------------------------
ProofGrid Summary (utilization 99.57 %)
--------------------------------------------------------------
     engines started                               :     7
     engine jobs started                           :     7

    Average time in state (seconds)
    ------------------------------------------------------
    Engine  Pending     Running        Dead    Utilization
    ------------------------------------------------------
      N        0.10       48.33        0.00       99.79 %
     Hp        0.09       48.34        0.00       99.81 %
     Ht        0.13       48.26        0.00       99.73 %
    Mpcustom4        0.11       48.30        0.00       99.78 %
     Oh        0.15        0.13        0.00       46.87 %
      B        0.18       48.19        0.00       99.62 %
     AM        0.49       47.83        0.00       98.99 %
    all        0.18       41.34        0.00       99.57 %

    Total time in state (seconds)
    -----------------------------------------
            Pending     Running        Dead  
    -----------------------------------------
               1.26      289.37        0.00

    Data read    : 214.69 kiB
    Data written : 16.45 kiB

32: All pending notifications were processed.
INFO (IPF059): 32: Completed proof on task: "mytask"
cover -name CS_div_fsm_s5_34 {@(posedge clk_i) !div_fsm_s5 ##1 div_fsm_s5 [*34] ##1 !div_fsm_s5 }
INFO (IPF036): Starting proof on task: "mytask", 1 properties to prove with 0 already proven/unreachable
INFO (IPF031): Settings used for proof thread 33:
    orchestration                 = on (auto)
    time_limit                    = 600s
    per_property_time_limit       = 1s * 10 ^ scan
    engine_mode                   = auto
    proofgrid_per_engine_max_jobs = 1
    max engine jobs               = auto
    proofgrid_mode                = local
    proofgrid_restarts            = 10
33: Using multistage preprocessing
33: Starting reduce
33: Finished reduce in 0.041s
33.0.PRE: Performing Proof Simplification...
33.0.N: clocks: 1, declared: 1, looping: 0, posedge: 1, negedge: 0, noedge: 0, bothedge: 0
33.0.N: Proof Simplification Iteration 1	[0.00 s]
33.0.N: Proof Simplification Iteration 2	[0.04 s]
33.0.N: Proof Simplification Iteration 3	[0.05 s]
33.0.N: Proof Simplification Iteration 4	[0.07 s]
33.0.N: Proof Simplification Iteration 5	[0.09 s]
33.0.N: Proof Simplification Iteration 6	[0.11 s]
33.0.N: Proof Simplification Iteration 7	[0.13 s]
33.0.N: Proof Simplification Iteration 8	[0.15 s]
33.0.N: Proof Simplification Iteration 9	[0.16 s]
33.0.N: Proof Simplification Iteration 10	[0.18 s]
33.0.PRE: Proof Simplification completed in 0.23 s
33: About to start ProofGrid in its own thread with a limit of 10000 pending notifications and a limit of 10 traces.
33: =============================== ProofGrid start ===============================
33: ProofGrid usable level: 1
33: Initial ProofGrid level: 1
33: ProofGrid is starting event handling
33.0.Hp: caddy15.stanford.edu: "Rocky Linux 8.10 (Green Obsidian)" is an unsupported operating system.
33.0.N: caddy15.stanford.edu: "Rocky Linux 8.10 (Green Obsidian)" is an unsupported operating system.
33.0.Ht: caddy15.stanford.edu: "Rocky Linux 8.10 (Green Obsidian)" is an unsupported operating system.
33.0.N: Proofgrid shell started at 4096927@caddy15.stanford.edu(local) jg_4086220_caddy15.stanford.edu_34
33.0.Hp: Proofgrid shell started at 4096928@caddy15.stanford.edu(local) jg_4086220_caddy15.stanford.edu_34
33.0.Mpcustom4: caddy15.stanford.edu: "Rocky Linux 8.10 (Green Obsidian)" is an unsupported operating system.
33.0.Hp: clocks: 1, declared: 1, looping: 0, posedge: 1, negedge: 0, noedge: 0, bothedge: 0
33.0.N: clocks: 1, declared: 1, looping: 0, posedge: 1, negedge: 0, noedge: 0, bothedge: 0
33.0.Ht: Proofgrid shell started at 4096950@caddy15.stanford.edu(local) jg_4086220_caddy15.stanford.edu_34
33.0.N: Last scan. Per property time limit: 0s
33.0.N: Starting proof for property "CS_div_fsm_s5_34"	[0.00 s].
33.0.N: Trace Attempt  1	[0.01 s]
33.0.N: Trace Attempt  2	[0.01 s]
33.0.N: Trace Attempt  3	[0.01 s]
33.0.Ht: clocks: 1, declared: 1, looping: 0, posedge: 1, negedge: 0, noedge: 0, bothedge: 0
33.0.Ht: Trace Attempt  1	[0.04 s]
33.0.Ht: Trace Attempt  2	[0.04 s]
33.0.Ht: Trace Attempt  3	[0.04 s]
33.0.Mpcustom4: Proofgrid shell started at 4096969@caddy15.stanford.edu(local) jg_4086220_caddy15.stanford.edu_34
33.0.N: Trace Attempt  3	[0.05 s]
33.0.Ht: Trace Attempt  4	[0.04 s]
33.0.Ht: Trace Attempt  5	[0.05 s]
33.0.B: caddy15.stanford.edu: "Rocky Linux 8.10 (Green Obsidian)" is an unsupported operating system.
33.0.Mpcustom4: clocks: 1, declared: 1, looping: 0, posedge: 1, negedge: 0, noedge: 0, bothedge: 0
33.0.N: Trace Attempt  4	[0.07 s]
33.0.N: Trace Attempt  5	[0.07 s]
33.0.Oh: caddy15.stanford.edu: "Rocky Linux 8.10 (Green Obsidian)" is an unsupported operating system.
33.0.Mpcustom4: Trace Attempt  1	[0.07 s]
33.0.N: Trace Attempt  5	[0.13 s]
33.0.Mpcustom4: Trace Attempt  2	[0.09 s]
33.0.AM: caddy15.stanford.edu: "Rocky Linux 8.10 (Green Obsidian)" is an unsupported operating system.
33.0.Oh: Proofgrid shell started at 4096983@caddy15.stanford.edu(local) jg_4086220_caddy15.stanford.edu_34
33.0.B: Proofgrid shell started at 4096988@caddy15.stanford.edu(local) jg_4086220_caddy15.stanford.edu_34
33.0.B: clocks: 1, declared: 1, looping: 0, posedge: 1, negedge: 0, noedge: 0, bothedge: 0
33.0.Oh: clocks: 1, declared: 1, looping: 0, posedge: 1, negedge: 0, noedge: 0, bothedge: 0
33.0.B: Last scan. Per property time limit: 0s
33.0.B: Starting proof for property "CS_div_fsm_s5_34"	[0.00 s].
33.0.B: Trace Attempt  1	[0.01 s]
33.0.B: Trace Attempt  2	[0.02 s]
33.0.B: Trace Attempt  3	[0.06 s]
33.0.B: Trace Attempt  4	[0.07 s]
33.0.B: Trace Attempt  5	[0.11 s]
33.0.AM: Proofgrid shell started at 4096990@caddy15.stanford.edu(local) jg_4086220_caddy15.stanford.edu_34
33.0.Oh: bwd trail(1): 1 0.116132s
33.0.Oh: All properties either determined or skipped. [0.24 s]
33.0.Oh: Exited with Success (@ 0.43 s)
33.0.Oh: Completed, Restart ignored.
33.0.AM: clocks: 1, declared: 1, looping: 0, posedge: 1, negedge: 0, noedge: 0, bothedge: 0
33.0.AM: Last scan. Per property time limit: 0s
33.0.AM: Starting proof for property "CS_div_fsm_s5_34"	[0.00 s].
33.0.AM: Trace Attempt  1	[0.00 s]
33.0.AM: Trace Attempt  2	[0.01 s]
33.0.AM: Trace Attempt  3	[0.05 s]
33.0.AM: Trace Attempt  4	[0.08 s]
33.0.AM: Trace Attempt  5	[0.10 s]
33.0.Mpcustom4: Trace Attempt  3	[0.69 s]
33.0.Mpcustom4: Trace Attempt  3	[0.74 s]
33.0.Mpcustom4: Trace Attempt  4	[0.76 s]
33.0.Mpcustom4: Trace Attempt  4	[0.82 s]
33.0.Mpcustom4: Trace Attempt  5	[0.85 s]
33.0.Ht: Trace Attempt 55	[4.17 s]
33.0.N: Trace Attempt 27	[4.23 s]
33.0.B: Trace Attempt 46	[4.17 s]
33.0.Mpcustom4: Trace Attempt 37	[4.87 s]
33.0.AM: Trace Attempt 47	[6.35 s]
33.0.AM: Trace Attempt  1	[6.73 s]
33.0.AM: Trace Attempt  2	[6.76 s]
33.0.AM: Trace Attempt  3	[6.76 s]
33.0.AM: Trace Attempt  5	[6.77 s]
33.0.Ht: Trace Attempt 74	[8.44 s]
33.0.N: Trace Attempt 39	[8.74 s]
33.0.Mpcustom4: Trace Attempt 38	[9.15 s]
33.0.AM: Trace Attempt  1	[10.08 s]
33.0.AM: Trace Attempt  2	[10.11 s]
33.0.AM: Trace Attempt  3	[10.12 s]
33.0.AM: Trace Attempt  5	[10.13 s]
33.0.Mpcustom4: Trace Attempt 38	[13.41 s]
33.0.N: Trace Attempt 51	[14.58 s]
33.0.N: Trace Attempt  1	[17.62 s]
33.0.N: Trace Attempt  2	[17.64 s]
33.0.N: Trace Attempt  3	[17.65 s]
33.0.Mpcustom4: Trace Attempt 45	[17.60 s]
33.0.N: Trace Attempt  5	[17.66 s]
33.0.Mpcustom4: Trace Attempt 56	[22.06 s]
33.0.AM: Trace Attempt 63	[24.81 s]
33.0.N: Trace Attempt 72	[25.59 s]
33.0.Mpcustom4: Trace Attempt 58	[27.39 s]
33.0.Mpcustom4: Trace Attempt 58	[32.21 s]
33.0.B: Trace Attempt 75	[33.53 s]
33.0.N: Trace Attempt 73	[34.62 s]
33.0.Mpcustom4: Trace Attempt 64	[37.52 s]
33.0.N: Requesting engine job to stop
33.0.B: Requesting engine job to stop
33.0.AM: Requesting engine job to stop
33.0.Hp: Requesting engine job to terminate
33.0.Ht: Requesting engine job to terminate
33.0.Mpcustom4: Requesting engine job to terminate
INFO (IPF144): 33: Initiating shutdown of proof [39.82 s]
33.0.B: A trace with 75 cycles was found. [39.58 s]
INFO (IPF047): 33.0.B: The cover property "CS_div_fsm_s5_34" was covered in 75 cycles in 39.61 s.
33.0.B: Stopped processing property "CS_div_fsm_s5_34"	[39.64 s].
33.0.B: All properties determined. [39.61 s]
33.0.Hp: Interrupted (multi)
33.0.Hp: All properties determined. [39.82 s]
33.0.B: Exited with Success (@ 39.84 s)
33: ProofGrid usable level: 0
33.0.N: Stopped processing property "CS_div_fsm_s5_34"	[39.87 s].
33.0.N: All properties determined. [39.88 s]
33.0.N: Exited with Success (@ 39.92 s)
33.0.AM: Trace Attempt 73	[25.65 s]
33.0.AM: Stopped processing property "CS_div_fsm_s5_34"	[39.43 s].
33.0.AM: All properties determined. [39.44 s]
33.0.AM: Exited with Success (@ 39.96 s)
33.0.Ht: Interrupted (multi)
33.0.Ht: All properties determined. [39.92 s]
33.0.Ht: Exited with Success (@ 40.20 s)
33.0.Hp: Exited with Success (@ 40.26 s)
33.0.Mpcustom4: Trace Attempt 66	[39.55 s]
33.0.Mpcustom4: All properties determined. [40.19 s]
33.0.Mpcustom4: Exited with Success (@ 40.30 s)
33: --------------------------------------------------------------
ProofGrid Summary (utilization 99.51 %)
--------------------------------------------------------------
     engines started                               :     7
     engine jobs started                           :     7

    Average time in state (seconds)
    ------------------------------------------------------
    Engine  Pending     Running        Dead    Utilization
    ------------------------------------------------------
      N        0.11       39.82        0.00       99.74 %
     Hp        0.09       39.82        0.00       99.78 %
     Ht        0.09       39.79        0.00       99.78 %
    Mpcustom4        0.11       39.75        0.00       99.71 %
     Oh        0.19        0.24        0.00       56.23 %
      B        0.18       39.64        0.00       99.55 %
     AM        0.41       39.36        0.00       98.96 %
    all        0.17       34.06        0.00       99.51 %

    Total time in state (seconds)
    -----------------------------------------
            Pending     Running        Dead  
    -----------------------------------------
               1.18      238.41        0.00

    Data read    : 226.08 kiB
    Data written : 19.82 kiB

33: All pending notifications were processed.
INFO (IPF059): 33: Completed proof on task: "mytask"
cover -name CS_div_fsm_s5_35 {@(posedge clk_i) !div_fsm_s5 ##1 div_fsm_s5 [*35] ##1 !div_fsm_s5 }
INFO (IPF036): Starting proof on task: "mytask", 1 properties to prove with 0 already proven/unreachable
INFO (IPF031): Settings used for proof thread 34:
    orchestration                 = on (auto)
    time_limit                    = 600s
    per_property_time_limit       = 1s * 10 ^ scan
    engine_mode                   = auto
    proofgrid_per_engine_max_jobs = 1
    max engine jobs               = auto
    proofgrid_mode                = local
    proofgrid_restarts            = 10
34: Using multistage preprocessing
34: Starting reduce
34: Finished reduce in 0.042s
34.0.PRE: Performing Proof Simplification...
34.0.N: clocks: 1, declared: 1, looping: 0, posedge: 1, negedge: 0, noedge: 0, bothedge: 0
34.0.N: Proof Simplification Iteration 1	[0.00 s]
34.0.N: Proof Simplification Iteration 2	[0.04 s]
34.0.N: Proof Simplification Iteration 3	[0.06 s]
34.0.N: Proof Simplification Iteration 4	[0.07 s]
34.0.N: Proof Simplification Iteration 5	[0.09 s]
34.0.N: Proof Simplification Iteration 6	[0.11 s]
34.0.N: Proof Simplification Iteration 7	[0.13 s]
34.0.N: Proof Simplification Iteration 8	[0.15 s]
34.0.N: Proof Simplification Iteration 9	[0.17 s]
34.0.N: Proof Simplification Iteration 10	[0.18 s]
34.0.PRE: Proof Simplification completed in 0.23 s
34: About to start ProofGrid in its own thread with a limit of 10000 pending notifications and a limit of 10 traces.
34: =============================== ProofGrid start ===============================
34: ProofGrid usable level: 1
34: Initial ProofGrid level: 1
34: ProofGrid is starting event handling
34.0.Hp: caddy15.stanford.edu: "Rocky Linux 8.10 (Green Obsidian)" is an unsupported operating system.
34.0.N: caddy15.stanford.edu: "Rocky Linux 8.10 (Green Obsidian)" is an unsupported operating system.
34.0.Ht: caddy15.stanford.edu: "Rocky Linux 8.10 (Green Obsidian)" is an unsupported operating system.
34.0.Mpcustom4: caddy15.stanford.edu: "Rocky Linux 8.10 (Green Obsidian)" is an unsupported operating system.
34.0.N: Proofgrid shell started at 4097273@caddy15.stanford.edu(local) jg_4086220_caddy15.stanford.edu_35
34.0.Hp: Proofgrid shell started at 4097274@caddy15.stanford.edu(local) jg_4086220_caddy15.stanford.edu_35
34.0.N: clocks: 1, declared: 1, looping: 0, posedge: 1, negedge: 0, noedge: 0, bothedge: 0
34.0.Hp: clocks: 1, declared: 1, looping: 0, posedge: 1, negedge: 0, noedge: 0, bothedge: 0
34.0.Ht: Proofgrid shell started at 4097296@caddy15.stanford.edu(local) jg_4086220_caddy15.stanford.edu_35
34.0.N: Last scan. Per property time limit: 0s
34.0.N: Starting proof for property "CS_div_fsm_s5_35"	[0.00 s].
34.0.N: Trace Attempt  1	[0.00 s]
34.0.Mpcustom4: Proofgrid shell started at 4097299@caddy15.stanford.edu(local) jg_4086220_caddy15.stanford.edu_35
34.0.N: Trace Attempt  2	[0.01 s]
34.0.N: Trace Attempt  3	[0.01 s]
34.0.Oh: caddy15.stanford.edu: "Rocky Linux 8.10 (Green Obsidian)" is an unsupported operating system.
34.0.Ht: clocks: 1, declared: 1, looping: 0, posedge: 1, negedge: 0, noedge: 0, bothedge: 0
34.0.N: Trace Attempt  3	[0.04 s]
34.0.Ht: Trace Attempt  1	[0.05 s]
34.0.Ht: Trace Attempt  2	[0.05 s]
34.0.Ht: Trace Attempt  3	[0.06 s]
34.0.Mpcustom4: clocks: 1, declared: 1, looping: 0, posedge: 1, negedge: 0, noedge: 0, bothedge: 0
34.0.N: Trace Attempt  4	[0.06 s]
34.0.N: Trace Attempt  5	[0.06 s]
34.0.Ht: Trace Attempt  4	[0.07 s]
34.0.Ht: Trace Attempt  5	[0.08 s]
34.0.Oh: Proofgrid shell started at 4097326@caddy15.stanford.edu(local) jg_4086220_caddy15.stanford.edu_35
34.0.B: caddy15.stanford.edu: "Rocky Linux 8.10 (Green Obsidian)" is an unsupported operating system.
34.0.Oh: clocks: 1, declared: 1, looping: 0, posedge: 1, negedge: 0, noedge: 0, bothedge: 0
34.0.N: Trace Attempt  5	[0.12 s]
34.0.Mpcustom4: Trace Attempt  1	[0.08 s]
34.0.Mpcustom4: Trace Attempt  2	[0.10 s]
34.0.AM: caddy15.stanford.edu: "Rocky Linux 8.10 (Green Obsidian)" is an unsupported operating system.
34.0.Oh: bwd trail(1): 1 0.110076s
34.0.Oh: All properties either determined or skipped. [0.13 s]
34.0.Oh: Exited with Success (@ 0.28 s)
34.0.Oh: Completed, Restart ignored.
34.0.B: Proofgrid shell started at 4097337@caddy15.stanford.edu(local) jg_4086220_caddy15.stanford.edu_35
34.0.B: clocks: 1, declared: 1, looping: 0, posedge: 1, negedge: 0, noedge: 0, bothedge: 0
34.0.B: Last scan. Per property time limit: 0s
34.0.B: Starting proof for property "CS_div_fsm_s5_35"	[0.00 s].
34.0.B: Trace Attempt  1	[0.01 s]
34.0.B: Trace Attempt  2	[0.03 s]
34.0.AM: Proofgrid shell started at 4097338@caddy15.stanford.edu(local) jg_4086220_caddy15.stanford.edu_35
34.0.B: Trace Attempt  3	[0.05 s]
34.0.B: Trace Attempt  4	[0.06 s]
34.0.AM: clocks: 1, declared: 1, looping: 0, posedge: 1, negedge: 0, noedge: 0, bothedge: 0
34.0.AM: Last scan. Per property time limit: 0s
34.0.AM: Starting proof for property "CS_div_fsm_s5_35"	[0.00 s].
34.0.AM: Trace Attempt  1	[0.00 s]
34.0.AM: Trace Attempt  2	[0.01 s]
34.0.B: Trace Attempt  5	[0.10 s]
34.0.AM: Trace Attempt  3	[0.05 s]
34.0.AM: Trace Attempt  4	[0.10 s]
34.0.AM: Trace Attempt  5	[0.15 s]
34.0.Mpcustom4: Trace Attempt  3	[1.10 s]
34.0.Mpcustom4: Trace Attempt  3	[1.15 s]
34.0.Mpcustom4: Trace Attempt  4	[1.17 s]
34.0.Mpcustom4: Trace Attempt  4	[1.23 s]
34.0.Mpcustom4: Trace Attempt  5	[1.25 s]
34.0.Ht: Trace Attempt 50	[4.13 s]
34.0.N: Trace Attempt 27	[4.19 s]
34.0.B: Trace Attempt 51	[4.20 s]
34.0.Mpcustom4: Trace Attempt 37	[5.93 s]
34.0.AM: Trace Attempt 48	[6.76 s]
34.0.AM: Trace Attempt  1	[7.47 s]
34.0.AM: Trace Attempt  2	[7.50 s]
34.0.AM: Trace Attempt  3	[7.50 s]
34.0.AM: Trace Attempt  5	[7.51 s]
34.0.N: Trace Attempt 38	[8.46 s]
34.0.Mpcustom4: Trace Attempt 47	[10.73 s]
34.0.AM: Trace Attempt  1	[10.64 s]
34.0.AM: Trace Attempt  2	[10.67 s]
34.0.AM: Trace Attempt  3	[10.67 s]
34.0.AM: Trace Attempt  5	[10.69 s]
34.0.N: Trace Attempt 47	[13.21 s]
34.0.N: Trace Attempt  1	[13.71 s]
34.0.N: Trace Attempt  2	[13.73 s]
34.0.N: Trace Attempt  3	[13.74 s]
34.0.N: Trace Attempt  5	[13.75 s]
34.0.Mpcustom4: Trace Attempt 55	[17.03 s]
34.0.N: Trace Attempt 71	[19.43 s]
34.0.Mpcustom4: Trace Attempt 60	[21.56 s]
34.0.AM: Trace Attempt 68	[25.88 s]
34.0.Mpcustom4: Trace Attempt 65	[26.79 s]
34.0.N: Trace Attempt 74	[27.89 s]
34.0.Mpcustom4: Trace Attempt 68	[31.44 s]
34.0.B: Trace Attempt 76	[33.52 s]
34.0.Mpcustom4: Trace Attempt 72	[39.66 s]
34.0.N: Requesting engine job to stop
34.0.B: Requesting engine job to stop
34.0.AM: Requesting engine job to stop
34.0.Hp: Requesting engine job to terminate
34.0.Ht: Requesting engine job to terminate
34.0.Mpcustom4: Requesting engine job to terminate
INFO (IPF144): 34: Initiating shutdown of proof [41.26 s]
34.0.B: A trace with 76 cycles was found. [40.88 s]
INFO (IPF047): 34.0.B: The cover property "CS_div_fsm_s5_35" was covered in 76 cycles in 40.92 s.
34.0.B: Stopped processing property "CS_div_fsm_s5_35"	[40.97 s].
34.0.B: All properties determined. [40.92 s]
34.0.B: Exited with Success (@ 41.28 s)
34: ProofGrid usable level: 0
34.0.N: Stopped processing property "CS_div_fsm_s5_35"	[41.29 s].
34.0.N: All properties determined. [41.30 s]
34.0.N: Exited with Success (@ 41.35 s)
34.0.Hp: Interrupted (multi)
34.0.Hp: All properties determined. [41.58 s]
34.0.Mpcustom4: Trace Attempt 73	[39.69 s]
34.0.Mpcustom4: All properties determined. [41.65 s]
34.0.Mpcustom4: Exited with Success (@ 41.79 s)
34.0.AM: Trace Attempt 74	[26.29 s]
34.0.AM: Stopped processing property "CS_div_fsm_s5_35"	[41.58 s].
34.0.Hp: Exited with Success (@ 42.01 s)
34.0.AM: All properties determined. [41.59 s]
34.0.AM: Exited with Success (@ 42.28 s)
34.0.Ht: Interrupted (multi)
34.0.Ht: Trace Attempt 68	[7.08 s]
34.0.Ht: All properties determined. [42.44 s]
34.0.Ht: Exited with Success (@ 43.15 s)
34: --------------------------------------------------------------
ProofGrid Summary (utilization 99.52 %)
--------------------------------------------------------------
     engines started                               :     7
     engine jobs started                           :     7

    Average time in state (seconds)
    ------------------------------------------------------
    Engine  Pending     Running        Dead    Utilization
    ------------------------------------------------------
      N        0.09       41.23        0.00       99.79 %
     Hp        0.09       41.23        0.00       99.78 %
     Ht        0.08       41.21        0.00       99.81 %
    Mpcustom4        0.09       41.16        0.00       99.78 %
     Oh        0.15        0.13        0.00       47.53 %
      B        0.32       40.93        0.00       99.23 %
     AM        0.37       40.87        0.00       99.09 %
    all        0.17       35.25        0.00       99.52 %

    Total time in state (seconds)
    -----------------------------------------
            Pending     Running        Dead  
    -----------------------------------------
               1.19      246.76        0.00

    Data read    : 229.81 kiB
    Data written : 22.83 kiB

34: All pending notifications were processed.
INFO (IPF059): 34: Completed proof on task: "mytask"
cover -name CS_div_fsm_s5_36 {@(posedge clk_i) !div_fsm_s5 ##1 div_fsm_s5 [*36] ##1 !div_fsm_s5 }
INFO (IPF036): Starting proof on task: "mytask", 1 properties to prove with 0 already proven/unreachable
INFO (IPF031): Settings used for proof thread 35:
    orchestration                 = on (auto)
    time_limit                    = 600s
    per_property_time_limit       = 1s * 10 ^ scan
    engine_mode                   = auto
    proofgrid_per_engine_max_jobs = 1
    max engine jobs               = auto
    proofgrid_mode                = local
    proofgrid_restarts            = 10
35: Using multistage preprocessing
35: Starting reduce
35: Finished reduce in 0.043s
35.0.PRE: Performing Proof Simplification...
35.0.N: clocks: 1, declared: 1, looping: 0, posedge: 1, negedge: 0, noedge: 0, bothedge: 0
35.0.N: Proof Simplification Iteration 1	[0.00 s]
35.0.N: Proof Simplification Iteration 2	[0.04 s]
35.0.N: Proof Simplification Iteration 3	[0.06 s]
35.0.N: Proof Simplification Iteration 4	[0.07 s]
35.0.N: Proof Simplification Iteration 5	[0.09 s]
35.0.N: Proof Simplification Iteration 6	[0.11 s]
35.0.N: Proof Simplification Iteration 7	[0.13 s]
35.0.N: Proof Simplification Iteration 8	[0.15 s]
35.0.N: Proof Simplification Iteration 9	[0.17 s]
35.0.N: Proof Simplification Iteration 10	[0.18 s]
35.0.PRE: Proof Simplification completed in 0.23 s
35: About to start ProofGrid in its own thread with a limit of 10000 pending notifications and a limit of 10 traces.
35: =============================== ProofGrid start ===============================
35: ProofGrid usable level: 1
35: Initial ProofGrid level: 1
35: ProofGrid is starting event handling
35.0.Hp: caddy15.stanford.edu: "Rocky Linux 8.10 (Green Obsidian)" is an unsupported operating system.
35.0.N: caddy15.stanford.edu: "Rocky Linux 8.10 (Green Obsidian)" is an unsupported operating system.
35.0.Ht: caddy15.stanford.edu: "Rocky Linux 8.10 (Green Obsidian)" is an unsupported operating system.
35.0.Mpcustom4: caddy15.stanford.edu: "Rocky Linux 8.10 (Green Obsidian)" is an unsupported operating system.
35.0.Hp: Proofgrid shell started at 4097730@caddy15.stanford.edu(local) jg_4086220_caddy15.stanford.edu_36
35.0.N: Proofgrid shell started at 4097729@caddy15.stanford.edu(local) jg_4086220_caddy15.stanford.edu_36
35.0.Oh: caddy15.stanford.edu: "Rocky Linux 8.10 (Green Obsidian)" is an unsupported operating system.
35.0.N: clocks: 1, declared: 1, looping: 0, posedge: 1, negedge: 0, noedge: 0, bothedge: 0
35.0.Hp: clocks: 1, declared: 1, looping: 0, posedge: 1, negedge: 0, noedge: 0, bothedge: 0
35.0.Ht: Proofgrid shell started at 4097753@caddy15.stanford.edu(local) jg_4086220_caddy15.stanford.edu_36
35.0.N: Last scan. Per property time limit: 0s
35.0.N: Starting proof for property "CS_div_fsm_s5_36"	[0.00 s].
35.0.N: Trace Attempt  1	[0.01 s]
35.0.N: Trace Attempt  2	[0.01 s]
35.0.N: Trace Attempt  3	[0.01 s]
35.0.Ht: clocks: 1, declared: 1, looping: 0, posedge: 1, negedge: 0, noedge: 0, bothedge: 0
35.0.Mpcustom4: Proofgrid shell started at 4097771@caddy15.stanford.edu(local) jg_4086220_caddy15.stanford.edu_36
35.0.Oh: Proofgrid shell started at 4097786@caddy15.stanford.edu(local) jg_4086220_caddy15.stanford.edu_36
35.0.N: Trace Attempt  3	[0.04 s]
35.0.Mpcustom4: clocks: 1, declared: 1, looping: 0, posedge: 1, negedge: 0, noedge: 0, bothedge: 0
35.0.Oh: clocks: 1, declared: 1, looping: 0, posedge: 1, negedge: 0, noedge: 0, bothedge: 0
35.0.N: Trace Attempt  4	[0.06 s]
35.0.N: Trace Attempt  5	[0.06 s]
35.0.Ht: Trace Attempt  1	[0.07 s]
35.0.Ht: Trace Attempt  2	[0.07 s]
35.0.Ht: Trace Attempt  3	[0.07 s]
35.0.Ht: Trace Attempt  4	[0.08 s]
35.0.Mpcustom4: Trace Attempt  1	[0.04 s]
35.0.Ht: Trace Attempt  5	[0.09 s]
35.0.Mpcustom4: Trace Attempt  2	[0.06 s]
35.0.B: caddy15.stanford.edu: "Rocky Linux 8.10 (Green Obsidian)" is an unsupported operating system.
35.0.N: Trace Attempt  5	[0.12 s]
35.0.AM: caddy15.stanford.edu: "Rocky Linux 8.10 (Green Obsidian)" is an unsupported operating system.
35.0.Oh: bwd trail(1): 1 0.110162s
35.0.Oh: All properties either determined or skipped. [0.13 s]
35.0.Oh: Exited with Success (@ 0.21 s)
35.0.Oh: Completed, Restart ignored.
35.0.B: Proofgrid shell started at 4097793@caddy15.stanford.edu(local) jg_4086220_caddy15.stanford.edu_36
35.0.B: clocks: 1, declared: 1, looping: 0, posedge: 1, negedge: 0, noedge: 0, bothedge: 0
35.0.B: Last scan. Per property time limit: 0s
35.0.B: Starting proof for property "CS_div_fsm_s5_36"	[0.00 s].
35.0.B: Trace Attempt  1	[0.01 s]
35.0.AM: Proofgrid shell started at 4097801@caddy15.stanford.edu(local) jg_4086220_caddy15.stanford.edu_36
35.0.B: Trace Attempt  2	[0.01 s]
35.0.AM: clocks: 1, declared: 1, looping: 0, posedge: 1, negedge: 0, noedge: 0, bothedge: 0
35.0.AM: Last scan. Per property time limit: 0s
35.0.AM: Starting proof for property "CS_div_fsm_s5_36"	[0.00 s].
35.0.AM: Trace Attempt  1	[0.00 s]
35.0.AM: Trace Attempt  2	[0.01 s]
35.0.B: Trace Attempt  3	[0.05 s]
35.0.AM: Trace Attempt  3	[0.03 s]
35.0.B: Trace Attempt  4	[0.07 s]
35.0.AM: Trace Attempt  4	[0.06 s]
35.0.AM: Trace Attempt  5	[0.08 s]
35.0.B: Trace Attempt  5	[0.12 s]
35.0.Mpcustom4: Trace Attempt  3	[0.61 s]
35.0.Mpcustom4: Trace Attempt  3	[0.65 s]
35.0.Mpcustom4: Trace Attempt  4	[0.68 s]
35.0.Mpcustom4: Trace Attempt  4	[0.73 s]
35.0.Mpcustom4: Trace Attempt  5	[0.76 s]
35.0.Ht: Trace Attempt 47	[4.25 s]
35.0.N: Trace Attempt 28	[4.28 s]
35.0.B: Trace Attempt 49	[4.20 s]
35.0.Mpcustom4: Trace Attempt 36	[4.77 s]
35.0.AM: Trace Attempt 49	[6.19 s]
35.0.AM: Trace Attempt  1	[6.68 s]
35.0.AM: Trace Attempt  2	[6.71 s]
35.0.AM: Trace Attempt  3	[6.71 s]
35.0.AM: Trace Attempt  5	[6.73 s]
35.0.N: Trace Attempt 40	[8.37 s]
35.0.Ht: Trace Attempt 76	[8.63 s]
35.0.Mpcustom4: Trace Attempt 41	[9.33 s]
35.0.AM: Trace Attempt  1	[10.23 s]
35.0.AM: Trace Attempt  2	[10.26 s]
35.0.AM: Trace Attempt  3	[10.27 s]
35.0.AM: Trace Attempt  5	[10.28 s]
35.0.N: Trace Attempt 47	[12.77 s]
35.0.Mpcustom4: Trace Attempt 42	[14.19 s]
35.0.N: Trace Attempt 51	[16.89 s]
35.0.N: Trace Attempt  1	[17.03 s]
35.0.N: Trace Attempt  2	[17.06 s]
35.0.N: Trace Attempt  3	[17.07 s]
35.0.N: Trace Attempt  5	[17.08 s]
35.0.Mpcustom4: Trace Attempt 42	[18.36 s]
35.0.AM: Trace Attempt 69	[26.13 s]
35.0.N: Trace Attempt 74	[27.66 s]
35.0.B: Trace Attempt 77	[35.25 s]
35.0.N: Trace Attempt 75	[38.61 s]
35.0.AM: Trace Attempt 76	[43.96 s]
35.0.Mpcustom4: Trace Attempt 42	[45.77 s]
35.0.N: Requesting engine job to stop
35.0.B: Requesting engine job to stop
35.0.AM: Requesting engine job to stop
35.0.Hp: Requesting engine job to terminate
35.0.Ht: Requesting engine job to terminate
35.0.Mpcustom4: Requesting engine job to terminate
INFO (IPF144): 35: Initiating shutdown of proof [48.75 s]
35.0.B: A trace with 77 cycles was found. [48.40 s]
INFO (IPF047): 35.0.B: The cover property "CS_div_fsm_s5_36" was covered in 77 cycles in 48.45 s.
35.0.B: Stopped processing property "CS_div_fsm_s5_36"	[48.46 s].
35.0.B: All properties determined. [48.43 s]
35.0.Hp: Interrupted (multi)
35.0.Hp: All properties determined. [48.75 s]
35.0.B: Exited with Success (@ 48.78 s)
35: ProofGrid usable level: 0
35.0.N: Stopped processing property "CS_div_fsm_s5_36"	[48.83 s].
35.0.N: All properties determined. [48.83 s]
35.0.N: Exited with Success (@ 48.87 s)
35.0.Mpcustom4: Trace Attempt 43	[48.03 s]
35.0.Mpcustom4: All properties determined. [49.02 s]
35.0.Mpcustom4: Exited with Success (@ 49.13 s)
35.0.Hp: Exited with Success (@ 49.39 s)
35.0.AM: Trace Attempt 77	[44.34 s]
35.0.AM: Stopped processing property "CS_div_fsm_s5_36"	[49.64 s].
35.0.AM: All properties determined. [49.65 s]
35.0.AM: Exited with Success (@ 50.27 s)
35.0.Ht: Sending SIGKILL
35.0.Ht: Terminated by signal SIGKILL (@ 50.80 s)
35: --------------------------------------------------------------
ProofGrid Summary (utilization 99.64 %)
--------------------------------------------------------------
     engines started                               :     7
     engine jobs started                           :     7

    Average time in state (seconds)
    ------------------------------------------------------
    Engine  Pending     Running        Dead    Utilization
    ------------------------------------------------------
      N        0.10       48.74        0.00       99.79 %
     Hp        0.08       48.74        0.00       99.83 %
     Ht        0.08       48.72        0.00       99.83 %
    Mpcustom4        0.10       48.68        0.00       99.79 %
     Oh        0.09        0.13        0.00       59.40 %
      B        0.27       48.47        0.00       99.44 %
     AM        0.33       48.42        0.00       99.33 %
    all        0.15       41.70        0.00       99.64 %

    Total time in state (seconds)
    -----------------------------------------
            Pending     Running        Dead  
    -----------------------------------------
               1.06      291.89        0.00

    Data read    : 221.43 kiB
    Data written : 14.77 kiB

35: All pending notifications were processed.
INFO (IPF059): 35: Completed proof on task: "mytask"
cover -name CS_div_fsm_s5_37 {@(posedge clk_i) !div_fsm_s5 ##1 div_fsm_s5 [*37] ##1 !div_fsm_s5 }
INFO (IPF036): Starting proof on task: "mytask", 1 properties to prove with 0 already proven/unreachable
INFO (IPF031): Settings used for proof thread 36:
    orchestration                 = on (auto)
    time_limit                    = 600s
    per_property_time_limit       = 1s * 10 ^ scan
    engine_mode                   = auto
    proofgrid_per_engine_max_jobs = 1
    max engine jobs               = auto
    proofgrid_mode                = local
    proofgrid_restarts            = 10
36: Using multistage preprocessing
36: Starting reduce
36: Finished reduce in 0.042s
36.0.PRE: Performing Proof Simplification...
36.0.N: clocks: 1, declared: 1, looping: 0, posedge: 1, negedge: 0, noedge: 0, bothedge: 0
36.0.N: Proof Simplification Iteration 1	[0.00 s]
36.0.N: Proof Simplification Iteration 2	[0.04 s]
36.0.N: Proof Simplification Iteration 3	[0.06 s]
36.0.N: Proof Simplification Iteration 4	[0.07 s]
36.0.N: Proof Simplification Iteration 5	[0.09 s]
36.0.N: Proof Simplification Iteration 6	[0.11 s]
36.0.N: Proof Simplification Iteration 7	[0.13 s]
36.0.N: Proof Simplification Iteration 8	[0.15 s]
36.0.N: Proof Simplification Iteration 9	[0.17 s]
36.0.N: Proof Simplification Iteration 10	[0.19 s]
36.0.PRE: Proof Simplification completed in 0.23 s
36: About to start ProofGrid in its own thread with a limit of 10000 pending notifications and a limit of 10 traces.
36: =============================== ProofGrid start ===============================
36: ProofGrid usable level: 1
36: Initial ProofGrid level: 1
36: ProofGrid is starting event handling
36.0.Hp: caddy15.stanford.edu: "Rocky Linux 8.10 (Green Obsidian)" is an unsupported operating system.
36.0.N: caddy15.stanford.edu: "Rocky Linux 8.10 (Green Obsidian)" is an unsupported operating system.
36.0.Ht: caddy15.stanford.edu: "Rocky Linux 8.10 (Green Obsidian)" is an unsupported operating system.
36.0.Hp: Proofgrid shell started at 4097960@caddy15.stanford.edu(local) jg_4086220_caddy15.stanford.edu_37
36.0.Mpcustom4: caddy15.stanford.edu: "Rocky Linux 8.10 (Green Obsidian)" is an unsupported operating system.
36.0.N: Proofgrid shell started at 4097959@caddy15.stanford.edu(local) jg_4086220_caddy15.stanford.edu_37
36.0.Hp: clocks: 1, declared: 1, looping: 0, posedge: 1, negedge: 0, noedge: 0, bothedge: 0
36.0.N: clocks: 1, declared: 1, looping: 0, posedge: 1, negedge: 0, noedge: 0, bothedge: 0
36.0.Ht: Proofgrid shell started at 4097983@caddy15.stanford.edu(local) jg_4086220_caddy15.stanford.edu_37
36.0.N: Last scan. Per property time limit: 0s
36.0.N: Starting proof for property "CS_div_fsm_s5_37"	[0.00 s].
36.0.N: Trace Attempt  1	[0.01 s]
36.0.N: Trace Attempt  2	[0.01 s]
36.0.N: Trace Attempt  3	[0.01 s]
36.0.Ht: clocks: 1, declared: 1, looping: 0, posedge: 1, negedge: 0, noedge: 0, bothedge: 0
36.0.Mpcustom4: Proofgrid shell started at 4098001@caddy15.stanford.edu(local) jg_4086220_caddy15.stanford.edu_37
36.0.N: Trace Attempt  3	[0.04 s]
36.0.Mpcustom4: clocks: 1, declared: 1, looping: 0, posedge: 1, negedge: 0, noedge: 0, bothedge: 0
36.0.N: Trace Attempt  4	[0.06 s]
36.0.N: Trace Attempt  5	[0.06 s]
36.0.Ht: Trace Attempt  1	[0.04 s]
36.0.Ht: Trace Attempt  2	[0.04 s]
36.0.Ht: Trace Attempt  3	[0.05 s]
36.0.Ht: Trace Attempt  4	[0.05 s]
36.0.Ht: Trace Attempt  5	[0.06 s]
36.0.Mpcustom4: Trace Attempt  1	[0.04 s]
36.0.AM: caddy15.stanford.edu: "Rocky Linux 8.10 (Green Obsidian)" is an unsupported operating system.
36.0.Mpcustom4: Trace Attempt  2	[0.06 s]
36.0.Oh: caddy15.stanford.edu: "Rocky Linux 8.10 (Green Obsidian)" is an unsupported operating system.
36.0.B: caddy15.stanford.edu: "Rocky Linux 8.10 (Green Obsidian)" is an unsupported operating system.
36.0.N: Trace Attempt  5	[0.12 s]
36.0.AM: Proofgrid shell started at 4098023@caddy15.stanford.edu(local) jg_4086220_caddy15.stanford.edu_37
36.0.Oh: Proofgrid shell started at 4098015@caddy15.stanford.edu(local) jg_4086220_caddy15.stanford.edu_37
36.0.AM: clocks: 1, declared: 1, looping: 0, posedge: 1, negedge: 0, noedge: 0, bothedge: 0
36.0.AM: Last scan. Per property time limit: 0s
36.0.AM: Starting proof for property "CS_div_fsm_s5_37"	[0.00 s].
36.0.AM: Trace Attempt  1	[0.00 s]
36.0.AM: Trace Attempt  2	[0.01 s]
36.0.Oh: clocks: 1, declared: 1, looping: 0, posedge: 1, negedge: 0, noedge: 0, bothedge: 0
36.0.B: Proofgrid shell started at 4098018@caddy15.stanford.edu(local) jg_4086220_caddy15.stanford.edu_37
36.0.B: clocks: 1, declared: 1, looping: 0, posedge: 1, negedge: 0, noedge: 0, bothedge: 0
36.0.AM: Trace Attempt  3	[0.06 s]
36.0.B: Last scan. Per property time limit: 0s
36.0.B: Starting proof for property "CS_div_fsm_s5_37"	[0.00 s].
36.0.B: Trace Attempt  1	[0.01 s]
36.0.B: Trace Attempt  2	[0.03 s]
36.0.AM: Trace Attempt  4	[0.11 s]
36.0.B: Trace Attempt  3	[0.05 s]
36.0.B: Trace Attempt  4	[0.08 s]
36.0.AM: Trace Attempt  5	[0.16 s]
36.0.B: Trace Attempt  5	[0.15 s]
36.0.Oh: bwd trail(1): 1 0.118177s
36.0.Oh: All properties either determined or skipped. [0.26 s]
36.0.Oh: Exited with Success (@ 0.66 s)
36.0.Oh: Completed, Restart ignored.
36.0.Mpcustom4: Trace Attempt  3	[0.63 s]
36.0.Mpcustom4: Trace Attempt  3	[0.67 s]
36.0.Mpcustom4: Trace Attempt  4	[0.70 s]
36.0.Mpcustom4: Trace Attempt  4	[0.75 s]
36.0.Mpcustom4: Trace Attempt  5	[0.78 s]
36.0.N: Trace Attempt 29	[4.42 s]
36.0.Ht: Trace Attempt 48	[4.50 s]
36.0.AM: Trace Attempt 41	[4.21 s]
36.0.B: Trace Attempt 36	[4.29 s]
36.0.Mpcustom4: Trace Attempt 32	[4.88 s]
36.0.N: Trace Attempt 40	[8.43 s]
36.0.AM: Trace Attempt 51	[8.21 s]
36.0.B: Trace Attempt 69	[8.32 s]
36.0.Ht: Trace Attempt 65	[8.77 s]
36.0.AM: Trace Attempt  1	[8.54 s]
36.0.AM: Trace Attempt  2	[8.57 s]
36.0.Mpcustom4: Trace Attempt 40	[8.89 s]
36.0.AM: Trace Attempt  3	[8.57 s]
36.0.AM: Trace Attempt  5	[8.58 s]
36.0.AM: Trace Attempt  1	[11.90 s]
36.0.AM: Trace Attempt  2	[11.93 s]
36.0.AM: Trace Attempt  3	[11.94 s]
36.0.AM: Trace Attempt  5	[11.95 s]
36.0.N: Trace Attempt 49	[13.24 s]
36.0.Mpcustom4: Trace Attempt 41	[13.64 s]
36.0.N: Trace Attempt  1	[14.65 s]
36.0.N: Trace Attempt  2	[14.68 s]
36.0.N: Trace Attempt  3	[14.68 s]
36.0.N: Trace Attempt  5	[14.70 s]
36.0.AM: Trace Attempt 69	[15.97 s]
36.0.Mpcustom4: Trace Attempt 43	[18.94 s]
36.0.N: Trace Attempt 75	[23.80 s]
36.0.Mpcustom4: Trace Attempt 43	[24.21 s]
36.0.AM: Trace Attempt 70	[26.79 s]
36.0.Mpcustom4: Trace Attempt 48	[28.28 s]
36.0.N: Trace Attempt 76	[32.42 s]
36.0.Mpcustom4: Trace Attempt 53	[33.67 s]
36.0.Mpcustom4: Trace Attempt 58	[38.45 s]
36.0.B: Trace Attempt 78	[40.58 s]
36.0.Mpcustom4: Trace Attempt 62	[44.72 s]
36.0.N: Trace Attempt 76	[46.88 s]
36.0.Mpcustom4: Trace Attempt 66	[50.49 s]
36.0.AM: Trace Attempt 77	[51.95 s]
36.0.N: Trace Attempt 77	[56.36 s]
36.0.Mpcustom4: Trace Attempt 71	[57.19 s]
36.0.N: Requesting engine job to stop
36.0.B: Requesting engine job to stop
36.0.AM: Requesting engine job to stop
36.0.Hp: Requesting engine job to terminate
36.0.Ht: Requesting engine job to terminate
36.0.Mpcustom4: Requesting engine job to terminate
INFO (IPF144): 36: Initiating shutdown of proof [57.75 s]
36.0.B: A trace with 78 cycles was found. [57.22 s]
INFO (IPF047): 36.0.B: The cover property "CS_div_fsm_s5_37" was covered in 78 cycles in 57.29 s.
36.0.B: Stopped processing property "CS_div_fsm_s5_37"	[57.35 s].
36.0.B: All properties determined. [57.29 s]
36.0.Hp: Interrupted (multi)
36.0.Hp: All properties determined. [57.77 s]
36.0.B: Exited with Success (@ 57.79 s)
36: ProofGrid usable level: 0
36.0.N: Stopped processing property "CS_div_fsm_s5_37"	[57.80 s].
36.0.N: All properties determined. [57.80 s]
36.0.N: Exited with Success (@ 57.85 s)
36.0.Hp: Exited with Success (@ 58.14 s)
36.0.Mpcustom4: Trace Attempt 72	[57.22 s]
36.0.Mpcustom4: All properties determined. [58.20 s]
36.0.Ht: Interrupted (multi)
36.0.Ht: Trace Attempt 77	[11.63 s]
36.0.Ht: All properties determined. [58.41 s]
36.0.Mpcustom4: Exited with Success (@ 58.46 s)
36.0.AM: Trace Attempt 78	[53.95 s]
36.0.AM: Stopped processing property "CS_div_fsm_s5_37"	[58.26 s].
36.0.Ht: Exited with Success (@ 58.67 s)
36.0.AM: All properties determined. [58.27 s]
36.0.AM: Exited with Success (@ 58.70 s)
36: --------------------------------------------------------------
ProofGrid Summary (utilization 99.55 %)
--------------------------------------------------------------
     engines started                               :     7
     engine jobs started                           :     7

    Average time in state (seconds)
    ------------------------------------------------------
    Engine  Pending     Running        Dead    Utilization
    ------------------------------------------------------
      N        0.11       57.73        0.00       99.80 %
     Hp        0.08       57.74        0.00       99.85 %
     Ht        0.09       57.69        0.00       99.84 %
    Mpcustom4        0.11       57.67        0.00       99.82 %
     Oh        0.38        0.26        0.00       40.86 %
      B        0.42       57.31        0.00       99.27 %
     AM        0.36       57.36        0.00       99.37 %
    all        0.22       49.39        0.00       99.55 %

    Total time in state (seconds)
    -----------------------------------------
            Pending     Running        Dead  
    -----------------------------------------
               1.55      345.76        0.00

    Data read    : 242.70 kiB
    Data written : 19.87 kiB

36: All pending notifications were processed.
INFO (IPF059): 36: Completed proof on task: "mytask"
cover -name CS_div_fsm_s5_38 {@(posedge clk_i) !div_fsm_s5 ##1 div_fsm_s5 [*38] ##1 !div_fsm_s5 }
INFO (IPF036): Starting proof on task: "mytask", 1 properties to prove with 0 already proven/unreachable
INFO (IPF031): Settings used for proof thread 37:
    orchestration                 = on (auto)
    time_limit                    = 600s
    per_property_time_limit       = 1s * 10 ^ scan
    engine_mode                   = auto
    proofgrid_per_engine_max_jobs = 1
    max engine jobs               = auto
    proofgrid_mode                = local
    proofgrid_restarts            = 10
37: Using multistage preprocessing
37: Starting reduce
37: Finished reduce in 0.042s
37.0.PRE: Performing Proof Simplification...
37.0.N: clocks: 1, declared: 1, looping: 0, posedge: 1, negedge: 0, noedge: 0, bothedge: 0
37.0.N: Proof Simplification Iteration 1	[0.00 s]
37.0.N: Proof Simplification Iteration 2	[0.04 s]
37.0.N: Proof Simplification Iteration 3	[0.06 s]
37.0.N: Proof Simplification Iteration 4	[0.07 s]
37.0.N: Proof Simplification Iteration 5	[0.09 s]
37.0.N: Proof Simplification Iteration 6	[0.11 s]
37.0.N: Proof Simplification Iteration 7	[0.13 s]
37.0.N: Proof Simplification Iteration 8	[0.15 s]
37.0.N: Proof Simplification Iteration 9	[0.17 s]
37.0.N: Proof Simplification Iteration 10	[0.18 s]
37.0.PRE: Proof Simplification completed in 0.23 s
37: About to start ProofGrid in its own thread with a limit of 10000 pending notifications and a limit of 10 traces.
37: =============================== ProofGrid start ===============================
37: ProofGrid usable level: 1
37: Initial ProofGrid level: 1
37: ProofGrid is starting event handling
37.0.Hp: caddy15.stanford.edu: "Rocky Linux 8.10 (Green Obsidian)" is an unsupported operating system.
37.0.N: caddy15.stanford.edu: "Rocky Linux 8.10 (Green Obsidian)" is an unsupported operating system.
37.0.Ht: caddy15.stanford.edu: "Rocky Linux 8.10 (Green Obsidian)" is an unsupported operating system.
37.0.Hp: Proofgrid shell started at 4098420@caddy15.stanford.edu(local) jg_4086220_caddy15.stanford.edu_38
37.0.N: Proofgrid shell started at 4098419@caddy15.stanford.edu(local) jg_4086220_caddy15.stanford.edu_38
37.0.Ht: Proofgrid shell started at 4098443@caddy15.stanford.edu(local) jg_4086220_caddy15.stanford.edu_38
37.0.Mpcustom4: caddy15.stanford.edu: "Rocky Linux 8.10 (Green Obsidian)" is an unsupported operating system.
37.0.N: clocks: 1, declared: 1, looping: 0, posedge: 1, negedge: 0, noedge: 0, bothedge: 0
37.0.Hp: clocks: 1, declared: 1, looping: 0, posedge: 1, negedge: 0, noedge: 0, bothedge: 0
37.0.N: Last scan. Per property time limit: 0s
37.0.N: Starting proof for property "CS_div_fsm_s5_38"	[0.00 s].
37.0.Ht: clocks: 1, declared: 1, looping: 0, posedge: 1, negedge: 0, noedge: 0, bothedge: 0
37.0.N: Trace Attempt  1	[0.00 s]
37.0.N: Trace Attempt  2	[0.01 s]
37.0.N: Trace Attempt  3	[0.01 s]
37.0.Oh: caddy15.stanford.edu: "Rocky Linux 8.10 (Green Obsidian)" is an unsupported operating system.
37.0.N: Trace Attempt  3	[0.04 s]
37.0.N: Trace Attempt  4	[0.06 s]
37.0.N: Trace Attempt  5	[0.06 s]
37.0.Ht: Trace Attempt  1	[0.08 s]
37.0.Ht: Trace Attempt  2	[0.08 s]
37.0.Ht: Trace Attempt  3	[0.08 s]
37.0.Oh: Proofgrid shell started at 4098467@caddy15.stanford.edu(local) jg_4086220_caddy15.stanford.edu_38
37.0.Ht: Trace Attempt  4	[0.09 s]
37.0.B: caddy15.stanford.edu: "Rocky Linux 8.10 (Green Obsidian)" is an unsupported operating system.
37.0.Mpcustom4: Proofgrid shell started at 4098461@caddy15.stanford.edu(local) jg_4086220_caddy15.stanford.edu_38
37.0.Ht: Trace Attempt  5	[0.11 s]
37.0.AM: caddy15.stanford.edu: "Rocky Linux 8.10 (Green Obsidian)" is an unsupported operating system.
37.0.Mpcustom4: clocks: 1, declared: 1, looping: 0, posedge: 1, negedge: 0, noedge: 0, bothedge: 0
37.0.Oh: clocks: 1, declared: 1, looping: 0, posedge: 1, negedge: 0, noedge: 0, bothedge: 0
37.0.N: Trace Attempt  5	[0.12 s]
37.0.Mpcustom4: Trace Attempt  1	[0.04 s]
37.0.Mpcustom4: Trace Attempt  2	[0.06 s]
37.0.Oh: bwd trail(1): 1 0.111669s
37.0.Oh: All properties either determined or skipped. [0.13 s]
37.0.Oh: Exited with Success (@ 0.26 s)
37.0.Oh: Completed, Restart ignored.
37.0.B: Proofgrid shell started at 4098470@caddy15.stanford.edu(local) jg_4086220_caddy15.stanford.edu_38
37.0.B: clocks: 1, declared: 1, looping: 0, posedge: 1, negedge: 0, noedge: 0, bothedge: 0
37.0.AM: Proofgrid shell started at 4098473@caddy15.stanford.edu(local) jg_4086220_caddy15.stanford.edu_38
37.0.B: Last scan. Per property time limit: 0s
37.0.B: Starting proof for property "CS_div_fsm_s5_38"	[0.00 s].
37.0.B: Trace Attempt  1	[0.01 s]
37.0.B: Trace Attempt  2	[0.03 s]
37.0.AM: clocks: 1, declared: 1, looping: 0, posedge: 1, negedge: 0, noedge: 0, bothedge: 0
37.0.B: Trace Attempt  3	[0.04 s]
37.0.AM: Last scan. Per property time limit: 0s
37.0.AM: Starting proof for property "CS_div_fsm_s5_38"	[0.00 s].
37.0.AM: Trace Attempt  1	[0.00 s]
37.0.AM: Trace Attempt  2	[0.01 s]
37.0.AM: Trace Attempt  3	[0.03 s]
37.0.B: Trace Attempt  4	[0.09 s]
37.0.AM: Trace Attempt  4	[0.06 s]
37.0.AM: Trace Attempt  5	[0.08 s]
37.0.B: Trace Attempt  5	[0.15 s]
37.0.Mpcustom4: Trace Attempt  3	[0.88 s]
37.0.Mpcustom4: Trace Attempt  3	[0.99 s]
37.0.Mpcustom4: Trace Attempt  4	[1.04 s]
37.0.Mpcustom4: Trace Attempt  4	[1.17 s]
37.0.Mpcustom4: Trace Attempt  5	[1.24 s]
37.0.Ht: Trace Attempt 53	[4.27 s]
37.0.AM: Trace Attempt 49	[4.11 s]
37.0.N: Trace Attempt 29	[4.55 s]
37.0.B: Trace Attempt 44	[4.23 s]
37.0.Mpcustom4: Trace Attempt 32	[5.27 s]
37.0.AM: Trace Attempt  1	[7.11 s]
37.0.AM: Trace Attempt  2	[7.14 s]
37.0.AM: Trace Attempt  3	[7.14 s]
37.0.AM: Trace Attempt  5	[7.15 s]
37.0.Ht: Trace Attempt 70	[8.29 s]
37.0.B: Trace Attempt 77	[8.29 s]
37.0.N: Trace Attempt 37	[9.30 s]
37.0.Mpcustom4: Trace Attempt 41	[9.70 s]
37.0.AM: Trace Attempt  1	[10.35 s]
37.0.AM: Trace Attempt  2	[10.38 s]
37.0.AM: Trace Attempt  3	[10.38 s]
37.0.AM: Trace Attempt  5	[10.39 s]
37.0.N: Trace Attempt 44	[13.72 s]
37.0.Mpcustom4: Trace Attempt 42	[14.30 s]
37.0.N: Trace Attempt  1	[15.59 s]
37.0.N: Trace Attempt  2	[15.60 s]
37.0.N: Trace Attempt  3	[15.60 s]
37.0.N: Trace Attempt  5	[15.60 s]
37.0.Mpcustom4: Trace Attempt 43	[18.33 s]
37.0.Mpcustom4: Trace Attempt 44	[24.08 s]
37.0.N: Trace Attempt 75	[27.93 s]
37.0.AM: Trace Attempt 71	[28.20 s]
37.0.Mpcustom4: Trace Attempt 57	[30.10 s]
37.0.N: Trace Attempt 78	[34.44 s]
37.0.Mpcustom4: Trace Attempt 58	[35.18 s]
37.0.Mpcustom4: Trace Attempt 64	[40.80 s]
37.0.B: Trace Attempt 79	[44.62 s]
37.0.N: Requesting engine job to stop
37.0.B: Requesting engine job to stop
37.0.AM: Requesting engine job to stop
37.0.Hp: Requesting engine job to terminate
37.0.Ht: Requesting engine job to terminate
37.0.Mpcustom4: Requesting engine job to terminate
INFO (IPF144): 37: Initiating shutdown of proof [45.76 s]
37.0.B: A trace with 79 cycles was found. [45.38 s]
INFO (IPF047): 37.0.B: The cover property "CS_div_fsm_s5_38" was covered in 79 cycles in 45.44 s.
37.0.B: Stopped processing property "CS_div_fsm_s5_38"	[45.46 s].
37.0.B: All properties determined. [45.41 s]
37.0.B: Exited with Success (@ 45.78 s)
37: ProofGrid usable level: 0
37.0.Hp: Interrupted (multi)
37.0.Hp: All properties determined. [45.79 s]
37.0.Hp: Exited with Success (@ 46.15 s)
37.0.N: Stopped processing property "CS_div_fsm_s5_38"	[46.19 s].
37.0.N: All properties determined. [46.20 s]
37.0.N: Exited with Success (@ 46.23 s)
37.0.Mpcustom4: Trace Attempt 68	[44.29 s]
37.0.Mpcustom4: All properties determined. [46.11 s]
37.0.AM: Trace Attempt 77	[28.38 s]
37.0.AM: Stopped processing property "CS_div_fsm_s5_38"	[45.92 s].
37.0.Mpcustom4: Exited with Success (@ 46.32 s)
37.0.AM: All properties determined. [45.94 s]
37.0.Ht: Interrupted (multi)
37.0.Ht: Trace Attempt 75	[9.44 s]
37.0.Ht: All properties determined. [46.79 s]
37.0.AM: Exited with Success (@ 46.81 s)
37.0.Ht: Exited with Success (@ 47.55 s)
37: --------------------------------------------------------------
ProofGrid Summary (utilization 99.56 %)
--------------------------------------------------------------
     engines started                               :     7
     engine jobs started                           :     7

    Average time in state (seconds)
    ------------------------------------------------------
    Engine  Pending     Running        Dead    Utilization
    ------------------------------------------------------
      N        0.11       45.75        0.00       99.77 %
     Hp        0.08       45.75        0.00       99.82 %
     Ht        0.08       45.74        0.00       99.83 %
    Mpcustom4        0.17       45.63        0.00       99.63 %
     Oh        0.12        0.13        0.00       53.61 %
      B        0.31       45.44        0.00       99.33 %
     AM        0.35       45.39        0.00       99.24 %
    all        0.17       39.12        0.00       99.56 %

    Total time in state (seconds)
    -----------------------------------------
            Pending     Running        Dead  
    -----------------------------------------
               1.21      273.84        0.00

    Data read    : 235.85 kiB
    Data written : 19.13 kiB

37: All pending notifications were processed.
INFO (IPF059): 37: Completed proof on task: "mytask"
cover -name CS_div_fsm_s5_39 {@(posedge clk_i) !div_fsm_s5 ##1 div_fsm_s5 [*39] ##1 !div_fsm_s5 }
INFO (IPF036): Starting proof on task: "mytask", 1 properties to prove with 0 already proven/unreachable
INFO (IPF031): Settings used for proof thread 38:
    orchestration                 = on (auto)
    time_limit                    = 600s
    per_property_time_limit       = 1s * 10 ^ scan
    engine_mode                   = auto
    proofgrid_per_engine_max_jobs = 1
    max engine jobs               = auto
    proofgrid_mode                = local
    proofgrid_restarts            = 10
38: Using multistage preprocessing
38: Starting reduce
38: Finished reduce in 0.043s
38.0.PRE: Performing Proof Simplification...
38.0.N: clocks: 1, declared: 1, looping: 0, posedge: 1, negedge: 0, noedge: 0, bothedge: 0
38.0.N: Proof Simplification Iteration 1	[0.00 s]
38.0.N: Proof Simplification Iteration 2	[0.04 s]
38.0.N: Proof Simplification Iteration 3	[0.06 s]
38.0.N: Proof Simplification Iteration 4	[0.07 s]
38.0.N: Proof Simplification Iteration 5	[0.09 s]
38.0.N: Proof Simplification Iteration 6	[0.11 s]
38.0.N: Proof Simplification Iteration 7	[0.13 s]
38.0.N: Proof Simplification Iteration 8	[0.15 s]
38.0.N: Proof Simplification Iteration 9	[0.17 s]
38.0.N: Proof Simplification Iteration 10	[0.19 s]
38.0.PRE: Proof Simplification completed in 0.23 s
38: About to start ProofGrid in its own thread with a limit of 10000 pending notifications and a limit of 10 traces.
38: =============================== ProofGrid start ===============================
38: ProofGrid usable level: 1
38: Initial ProofGrid level: 1
38: ProofGrid is starting event handling
38.0.Hp: caddy15.stanford.edu: "Rocky Linux 8.10 (Green Obsidian)" is an unsupported operating system.
38.0.N: caddy15.stanford.edu: "Rocky Linux 8.10 (Green Obsidian)" is an unsupported operating system.
38.0.Ht: caddy15.stanford.edu: "Rocky Linux 8.10 (Green Obsidian)" is an unsupported operating system.
38.0.Mpcustom4: caddy15.stanford.edu: "Rocky Linux 8.10 (Green Obsidian)" is an unsupported operating system.
38.0.N: Proofgrid shell started at 4098812@caddy15.stanford.edu(local) jg_4086220_caddy15.stanford.edu_39
38.0.Hp: Proofgrid shell started at 4098813@caddy15.stanford.edu(local) jg_4086220_caddy15.stanford.edu_39
38.0.N: clocks: 1, declared: 1, looping: 0, posedge: 1, negedge: 0, noedge: 0, bothedge: 0
38.0.Hp: clocks: 1, declared: 1, looping: 0, posedge: 1, negedge: 0, noedge: 0, bothedge: 0
38.0.Ht: Proofgrid shell started at 4098836@caddy15.stanford.edu(local) jg_4086220_caddy15.stanford.edu_39
38.0.N: Last scan. Per property time limit: 0s
38.0.N: Starting proof for property "CS_div_fsm_s5_39"	[0.00 s].
38.0.N: Trace Attempt  1	[0.00 s]
38.0.N: Trace Attempt  2	[0.01 s]
38.0.N: Trace Attempt  3	[0.01 s]
38.0.Ht: clocks: 1, declared: 1, looping: 0, posedge: 1, negedge: 0, noedge: 0, bothedge: 0
38.0.Oh: caddy15.stanford.edu: "Rocky Linux 8.10 (Green Obsidian)" is an unsupported operating system.
38.0.AM: caddy15.stanford.edu: "Rocky Linux 8.10 (Green Obsidian)" is an unsupported operating system.
38.0.Mpcustom4: Proofgrid shell started at 4098854@caddy15.stanford.edu(local) jg_4086220_caddy15.stanford.edu_39
38.0.N: Trace Attempt  3	[0.04 s]
38.0.Ht: Trace Attempt  1	[0.06 s]
38.0.Ht: Trace Attempt  2	[0.06 s]
38.0.Mpcustom4: clocks: 1, declared: 1, looping: 0, posedge: 1, negedge: 0, noedge: 0, bothedge: 0
38.0.Ht: Trace Attempt  3	[0.06 s]
38.0.Ht: Trace Attempt  4	[0.07 s]
38.0.N: Trace Attempt  4	[0.08 s]
38.0.N: Trace Attempt  5	[0.08 s]
38.0.Ht: Trace Attempt  5	[0.08 s]
38.0.Oh: Proofgrid shell started at 4098869@caddy15.stanford.edu(local) jg_4086220_caddy15.stanford.edu_39
38.0.Oh: clocks: 1, declared: 1, looping: 0, posedge: 1, negedge: 0, noedge: 0, bothedge: 0
38.0.Mpcustom4: Trace Attempt  1	[0.07 s]
38.0.AM: Proofgrid shell started at 4098877@caddy15.stanford.edu(local) jg_4086220_caddy15.stanford.edu_39
38.0.N: Trace Attempt  5	[0.15 s]
38.0.Mpcustom4: Trace Attempt  2	[0.11 s]
38.0.AM: clocks: 1, declared: 1, looping: 0, posedge: 1, negedge: 0, noedge: 0, bothedge: 0
38.0.AM: Last scan. Per property time limit: 0s
38.0.AM: Starting proof for property "CS_div_fsm_s5_39"	[0.00 s].
38.0.B: caddy15.stanford.edu: "Rocky Linux 8.10 (Green Obsidian)" is an unsupported operating system.
38.0.AM: Trace Attempt  1	[0.00 s]
38.0.AM: Trace Attempt  2	[0.01 s]
38.0.AM: Trace Attempt  3	[0.03 s]
38.0.AM: Trace Attempt  4	[0.06 s]
38.0.AM: Trace Attempt  5	[0.08 s]
38.0.Oh: bwd trail(1): 1 0.118028s
38.0.Oh: All properties either determined or skipped. [0.25 s]
38.0.Oh: Exited with Success (@ 0.39 s)
38.0.Oh: Completed, Restart ignored.
38.0.B: Proofgrid shell started at 4098872@caddy15.stanford.edu(local) jg_4086220_caddy15.stanford.edu_39
38.0.B: clocks: 1, declared: 1, looping: 0, posedge: 1, negedge: 0, noedge: 0, bothedge: 0
38.0.B: Last scan. Per property time limit: 0s
38.0.B: Starting proof for property "CS_div_fsm_s5_39"	[0.00 s].
38.0.B: Trace Attempt  1	[0.01 s]
38.0.B: Trace Attempt  2	[0.02 s]
38.0.B: Trace Attempt  3	[0.03 s]
38.0.B: Trace Attempt  4	[0.04 s]
38.0.B: Trace Attempt  5	[0.08 s]
38.0.Mpcustom4: Trace Attempt  3	[0.78 s]
38.0.Mpcustom4: Trace Attempt  3	[0.83 s]
38.0.Mpcustom4: Trace Attempt  4	[0.85 s]
38.0.Mpcustom4: Trace Attempt  4	[0.91 s]
38.0.Mpcustom4: Trace Attempt  5	[0.93 s]
38.0.Ht: Trace Attempt 56	[4.15 s]
38.0.N: Trace Attempt 29	[4.32 s]
38.0.B: Trace Attempt 51	[4.13 s]
38.0.AM: Trace Attempt 50	[4.47 s]
38.0.Mpcustom4: Trace Attempt 37	[5.56 s]
38.0.AM: Trace Attempt 54	[8.47 s]
38.0.N: Trace Attempt 41	[8.85 s]
38.0.AM: Trace Attempt  1	[8.81 s]
38.0.AM: Trace Attempt  2	[8.84 s]
38.0.AM: Trace Attempt  3	[8.84 s]
38.0.AM: Trace Attempt  5	[8.85 s]
38.0.Mpcustom4: Trace Attempt 43	[10.04 s]
38.0.N: Trace Attempt 50	[13.00 s]
38.0.AM: Trace Attempt 56	[13.62 s]
38.0.AM: Trace Attempt  1	[14.00 s]
38.0.AM: Trace Attempt  2	[14.03 s]
38.0.AM: Trace Attempt  3	[14.03 s]
38.0.AM: Trace Attempt  5	[14.05 s]
38.0.N: Trace Attempt  1	[14.28 s]
38.0.N: Trace Attempt  2	[14.31 s]
38.0.N: Trace Attempt  3	[14.32 s]
38.0.N: Trace Attempt  5	[14.33 s]
38.0.Mpcustom4: Trace Attempt 44	[15.91 s]
38.0.AM: Trace Attempt 59	[18.17 s]
38.0.Mpcustom4: Trace Attempt 45	[20.47 s]
38.0.N: Trace Attempt 77	[23.02 s]
38.0.Mpcustom4: Trace Attempt 45	[25.05 s]
38.0.Mpcustom4: Trace Attempt 45	[29.74 s]
38.0.N: Trace Attempt 78	[31.94 s]
38.0.B: Trace Attempt 80	[33.03 s]
38.0.AM: Trace Attempt 72	[34.13 s]
38.0.Mpcustom4: Trace Attempt 52	[34.28 s]
38.0.Mpcustom4: Trace Attempt 52	[40.04 s]
38.0.AM: Trace Attempt 79	[42.02 s]
38.0.N: Requesting engine job to stop
38.0.B: Requesting engine job to stop
38.0.AM: Requesting engine job to stop
38.0.Hp: Requesting engine job to terminate
38.0.Ht: Requesting engine job to terminate
38.0.Mpcustom4: Requesting engine job to terminate
INFO (IPF144): 38: Initiating shutdown of proof [43.81 s]
38.0.B: A trace with 80 cycles was found. [43.32 s]
INFO (IPF047): 38.0.B: The cover property "CS_div_fsm_s5_39" was covered in 80 cycles in 43.37 s.
38.0.B: Stopped processing property "CS_div_fsm_s5_39"	[43.38 s].
38.0.B: All properties determined. [43.37 s]
38.0.B: Exited with Success (@ 43.85 s)
38: ProofGrid usable level: 0
38.0.Hp: Interrupted (multi)
38.0.Hp: All properties determined. [43.87 s]
38.0.N: Stopped processing property "CS_div_fsm_s5_39"	[43.86 s].
38.0.N: All properties determined. [43.86 s]
38.0.N: Exited with Success (@ 43.91 s)
38.0.Mpcustom4: Trace Attempt 57	[40.39 s]
38.0.Mpcustom4: All properties determined. [44.17 s]
38.0.Mpcustom4: Exited with Success (@ 44.29 s)
38.0.Hp: Exited with Success (@ 44.65 s)
38.0.Ht: Interrupted (multi)
38.0.Ht: Trace Attempt 74	[7.97 s]
38.0.Ht: All properties determined. [45.12 s]
38.0.Ht: Sending SIGKILL
38.0.AM: Sending SIGKILL
38.0.Ht: Exited with Success (@ 45.94 s)
38.0.AM: Stopped processing property "CS_div_fsm_s5_39"	[45.76 s].
38.0.AM: Terminated by signal SIGKILL (@ 45.96 s)
38: --------------------------------------------------------------
ProofGrid Summary (utilization 99.57 %)
--------------------------------------------------------------
     engines started                               :     7
     engine jobs started                           :     7

    Average time in state (seconds)
    ------------------------------------------------------
    Engine  Pending     Running        Dead    Utilization
    ------------------------------------------------------
      N        0.11       43.80        0.00       99.76 %
     Hp        0.09       43.80        0.00       99.79 %
     Ht        0.09       43.77        0.00       99.79 %
    Mpcustom4        0.11       43.73        0.00       99.75 %
     Oh        0.13        0.26        0.00       66.61 %
      B        0.44       43.36        0.00       98.99 %
     AM        0.17       43.63        0.00       99.62 %
    all        0.16       37.48        0.00       99.57 %

    Total time in state (seconds)
    -----------------------------------------
            Pending     Running        Dead  
    -----------------------------------------
               1.14      262.34        0.00

    Data read    : 237.49 kiB
    Data written : 18.52 kiB

38: All pending notifications were processed.
INFO (IPF059): 38: Completed proof on task: "mytask"
cover -name CS_div_fsm_s5_40 {@(posedge clk_i) !div_fsm_s5 ##1 div_fsm_s5 [*40] ##1 !div_fsm_s5 }
INFO (IPF036): Starting proof on task: "mytask", 1 properties to prove with 0 already proven/unreachable
INFO (IPF031): Settings used for proof thread 39:
    orchestration                 = on (auto)
    time_limit                    = 600s
    per_property_time_limit       = 1s * 10 ^ scan
    engine_mode                   = auto
    proofgrid_per_engine_max_jobs = 1
    max engine jobs               = auto
    proofgrid_mode                = local
    proofgrid_restarts            = 10
39: Using multistage preprocessing
39: Starting reduce
39: Finished reduce in 0.043s
39.0.PRE: Performing Proof Simplification...
39.0.N: clocks: 1, declared: 1, looping: 0, posedge: 1, negedge: 0, noedge: 0, bothedge: 0
39.0.N: Proof Simplification Iteration 1	[0.00 s]
39.0.N: Proof Simplification Iteration 2	[0.04 s]
39.0.N: Proof Simplification Iteration 3	[0.06 s]
39.0.N: Proof Simplification Iteration 4	[0.07 s]
39.0.N: Proof Simplification Iteration 5	[0.09 s]
39.0.N: Proof Simplification Iteration 6	[0.11 s]
39.0.N: Proof Simplification Iteration 7	[0.13 s]
39.0.N: Proof Simplification Iteration 8	[0.15 s]
39.0.N: Proof Simplification Iteration 9	[0.17 s]
39.0.N: Proof Simplification Iteration 10	[0.19 s]
39.0.PRE: Proof Simplification completed in 0.23 s
39: About to start ProofGrid in its own thread with a limit of 10000 pending notifications and a limit of 10 traces.
39: =============================== ProofGrid start ===============================
39: ProofGrid usable level: 1
39: Initial ProofGrid level: 1
39: ProofGrid is starting event handling
39.0.N: caddy15.stanford.edu: "Rocky Linux 8.10 (Green Obsidian)" is an unsupported operating system.
39.0.Hp: caddy15.stanford.edu: "Rocky Linux 8.10 (Green Obsidian)" is an unsupported operating system.
39.0.Mpcustom4: caddy15.stanford.edu: "Rocky Linux 8.10 (Green Obsidian)" is an unsupported operating system.
39.0.Ht: caddy15.stanford.edu: "Rocky Linux 8.10 (Green Obsidian)" is an unsupported operating system.
39.0.N: Proofgrid shell started at 4099155@caddy15.stanford.edu(local) jg_4086220_caddy15.stanford.edu_40
39.0.N: clocks: 1, declared: 1, looping: 0, posedge: 1, negedge: 0, noedge: 0, bothedge: 0
39.0.Hp: Proofgrid shell started at 4099156@caddy15.stanford.edu(local) jg_4086220_caddy15.stanford.edu_40
39.0.Oh: caddy15.stanford.edu: "Rocky Linux 8.10 (Green Obsidian)" is an unsupported operating system.
39.0.N: Last scan. Per property time limit: 0s
39.0.N: Starting proof for property "CS_div_fsm_s5_40"	[0.00 s].
39.0.N: Trace Attempt  1	[0.00 s]
39.0.Hp: clocks: 1, declared: 1, looping: 0, posedge: 1, negedge: 0, noedge: 0, bothedge: 0
39.0.N: Trace Attempt  2	[0.01 s]
39.0.N: Trace Attempt  3	[0.01 s]
39.0.Ht: Proofgrid shell started at 4099178@caddy15.stanford.edu(local) jg_4086220_caddy15.stanford.edu_40
39.0.Ht: clocks: 1, declared: 1, looping: 0, posedge: 1, negedge: 0, noedge: 0, bothedge: 0
39.0.N: Trace Attempt  3	[0.04 s]
39.0.Mpcustom4: Proofgrid shell started at 4099181@caddy15.stanford.edu(local) jg_4086220_caddy15.stanford.edu_40
39.0.Ht: Trace Attempt  1	[0.04 s]
39.0.Ht: Trace Attempt  2	[0.04 s]
39.0.Ht: Trace Attempt  3	[0.04 s]
39.0.N: Trace Attempt  4	[0.06 s]
39.0.N: Trace Attempt  5	[0.06 s]
39.0.Ht: Trace Attempt  4	[0.05 s]
39.0.Ht: Trace Attempt  5	[0.06 s]
39.0.Mpcustom4: clocks: 1, declared: 1, looping: 0, posedge: 1, negedge: 0, noedge: 0, bothedge: 0
39.0.Oh: Proofgrid shell started at 4099208@caddy15.stanford.edu(local) jg_4086220_caddy15.stanford.edu_40
39.0.B: caddy15.stanford.edu: "Rocky Linux 8.10 (Green Obsidian)" is an unsupported operating system.
39.0.AM: caddy15.stanford.edu: "Rocky Linux 8.10 (Green Obsidian)" is an unsupported operating system.
39.0.Oh: clocks: 1, declared: 1, looping: 0, posedge: 1, negedge: 0, noedge: 0, bothedge: 0
39.0.Mpcustom4: Trace Attempt  1	[0.08 s]
39.0.Mpcustom4: Trace Attempt  2	[0.10 s]
39.0.N: Trace Attempt  5	[0.18 s]
39.0.Oh: bwd trail(1): 1 0.112757s
39.0.Oh: All properties either determined or skipped. [0.13 s]
39.0.Oh: Exited with Success (@ 0.30 s)
39.0.Oh: Completed, Restart ignored.
39.0.B: Proofgrid shell started at 4099213@caddy15.stanford.edu(local) jg_4086220_caddy15.stanford.edu_40
39.0.B: clocks: 1, declared: 1, looping: 0, posedge: 1, negedge: 0, noedge: 0, bothedge: 0
39.0.B: Last scan. Per property time limit: 0s
39.0.B: Starting proof for property "CS_div_fsm_s5_40"	[0.00 s].
39.0.B: Trace Attempt  1	[0.02 s]
39.0.AM: Proofgrid shell started at 4099217@caddy15.stanford.edu(local) jg_4086220_caddy15.stanford.edu_40
39.0.AM: clocks: 1, declared: 1, looping: 0, posedge: 1, negedge: 0, noedge: 0, bothedge: 0
39.0.B: Trace Attempt  2	[0.04 s]
39.0.AM: Last scan. Per property time limit: 0s
39.0.AM: Starting proof for property "CS_div_fsm_s5_40"	[0.00 s].
39.0.AM: Trace Attempt  1	[0.00 s]
39.0.AM: Trace Attempt  2	[0.01 s]
39.0.B: Trace Attempt  3	[0.06 s]
39.0.AM: Trace Attempt  3	[0.03 s]
39.0.B: Trace Attempt  4	[0.09 s]
39.0.AM: Trace Attempt  4	[0.06 s]
39.0.AM: Trace Attempt  5	[0.08 s]
39.0.B: Trace Attempt  5	[0.16 s]
39.0.Mpcustom4: Trace Attempt  3	[0.96 s]
39.0.Mpcustom4: Trace Attempt  3	[1.01 s]
39.0.Mpcustom4: Trace Attempt  4	[1.03 s]
39.0.Mpcustom4: Trace Attempt  4	[1.09 s]
39.0.Mpcustom4: Trace Attempt  5	[1.11 s]
39.0.N: Trace Attempt 26	[4.31 s]
39.0.AM: Trace Attempt 48	[4.11 s]
39.0.Ht: Trace Attempt 54	[4.46 s]
39.0.B: Trace Attempt 48	[4.24 s]
39.0.Mpcustom4: Trace Attempt 33	[5.50 s]
39.0.AM: Trace Attempt  1	[8.03 s]
39.0.AM: Trace Attempt  2	[8.06 s]
39.0.AM: Trace Attempt  3	[8.06 s]
39.0.AM: Trace Attempt  5	[8.08 s]
39.0.N: Trace Attempt 37	[8.56 s]
39.0.B: Trace Attempt 80	[8.33 s]
39.0.Ht: Trace Attempt 70	[8.85 s]
39.0.Mpcustom4: Trace Attempt 44	[10.33 s]
39.0.AM: Trace Attempt  1	[12.23 s]
39.0.AM: Trace Attempt  2	[12.26 s]
39.0.AM: Trace Attempt  3	[12.27 s]
39.0.AM: Trace Attempt  5	[12.28 s]
39.0.N: Trace Attempt 45	[12.89 s]
39.0.Mpcustom4: Trace Attempt 47	[14.87 s]
39.0.AM: Trace Attempt 66	[16.67 s]
39.0.N: Trace Attempt 50	[17.12 s]
39.0.N: Trace Attempt  1	[17.20 s]
39.0.N: Trace Attempt  2	[17.20 s]
39.0.N: Trace Attempt  3	[17.20 s]
39.0.N: Trace Attempt  5	[17.20 s]
39.0.N: Trace Attempt  1	[19.43 s]
39.0.N: Trace Attempt  2	[19.46 s]
39.0.N: Trace Attempt  3	[19.47 s]
39.0.N: Trace Attempt  5	[19.48 s]
39.0.Mpcustom4: Trace Attempt 47	[19.42 s]
39.0.Mpcustom4: Trace Attempt 56	[24.04 s]
39.0.AM: Trace Attempt 73	[28.00 s]
39.0.Mpcustom4: Trace Attempt 61	[28.91 s]
39.0.Mpcustom4: Trace Attempt 64	[34.79 s]
39.0.N: Trace Attempt 79	[37.01 s]
39.0.Mpcustom4: Trace Attempt 67	[39.94 s]
39.0.AM: Trace Attempt 80	[42.80 s]
39.0.Mpcustom4: Trace Attempt 71	[45.04 s]
39.0.B: Trace Attempt 81	[46.85 s]
39.0.Mpcustom4: Trace Attempt 74	[51.76 s]
39.0.N: Trace Attempt 79	[52.47 s]
39.0.Mpcustom4: Trace Attempt 74	[56.39 s]
39.0.N: Requesting engine job to stop
39.0.B: Requesting engine job to stop
39.0.AM: Requesting engine job to stop
39.0.Hp: Requesting engine job to terminate
39.0.Ht: Requesting engine job to terminate
39.0.Mpcustom4: Requesting engine job to terminate
INFO (IPF144): 39: Initiating shutdown of proof [60.35 s]
39.0.B: A trace with 81 cycles was found. [59.96 s]
INFO (IPF047): 39.0.B: The cover property "CS_div_fsm_s5_40" was covered in 81 cycles in 60.02 s.
39.0.B: Stopped processing property "CS_div_fsm_s5_40"	[60.03 s].
39.0.B: All properties determined. [59.99 s]
39.0.B: Exited with Success (@ 60.37 s)
39: ProofGrid usable level: 0
39.0.Hp: Interrupted (multi)
39.0.Hp: All properties determined. [60.35 s]
39.0.Hp: Exited with Success (@ 60.78 s)
39.0.AM: Trace Attempt 81	[43.52 s]
39.0.AM: Stopped processing property "CS_div_fsm_s5_40"	[60.48 s].
39.0.Mpcustom4: Trace Attempt 74	[58.91 s]
39.0.Mpcustom4: All properties determined. [60.77 s]
39.0.AM: All properties determined. [60.48 s]
39.0.AM: Exited with Success (@ 60.91 s)
39.0.N: Trace Attempt 80	[60.91 s]
39.0.Mpcustom4: Exited with Success (@ 60.94 s)
39.0.N: Stopped processing property "CS_div_fsm_s5_40"	[60.95 s].
39.0.N: All properties determined. [60.96 s]
39.0.Ht: Interrupted (multi)
39.0.Ht: Trace Attempt 80	[9.37 s]
39.0.Ht: All properties determined. [61.23 s]
39.0.N: Exited with Success (@ 61.29 s)
39.0.Ht: Exited with Success (@ 61.64 s)
39: --------------------------------------------------------------
ProofGrid Summary (utilization 99.65 %)
--------------------------------------------------------------
     engines started                               :     7
     engine jobs started                           :     7

    Average time in state (seconds)
    ------------------------------------------------------
    Engine  Pending     Running        Dead    Utilization
    ------------------------------------------------------
      N        0.09       60.33        0.00       99.86 %
     Hp        0.09       60.31        0.00       99.84 %
     Ht        0.09       60.29        0.00       99.84 %
    Mpcustom4        0.13       60.24        0.00       99.79 %
     Oh        0.16        0.14        0.00       45.82 %
      B        0.33       60.01        0.00       99.45 %
     AM        0.37       59.96        0.00       99.38 %
    all        0.18       51.61        0.00       99.65 %

    Total time in state (seconds)
    -----------------------------------------
            Pending     Running        Dead  
    -----------------------------------------
               1.27      361.28        0.00

    Data read    : 255.58 kiB
    Data written : 31.58 kiB

39: All pending notifications were processed.
INFO (IPF059): 39: Completed proof on task: "mytask"
cover -name CS_div_fsm_s5_41 {@(posedge clk_i) !div_fsm_s5 ##1 div_fsm_s5 [*41] ##1 !div_fsm_s5 }
INFO (IPF036): Starting proof on task: "mytask", 1 properties to prove with 0 already proven/unreachable
INFO (IPF031): Settings used for proof thread 40:
    orchestration                 = on (auto)
    time_limit                    = 600s
    per_property_time_limit       = 1s * 10 ^ scan
    engine_mode                   = auto
    proofgrid_per_engine_max_jobs = 1
    max engine jobs               = auto
    proofgrid_mode                = local
    proofgrid_restarts            = 10
40: Using multistage preprocessing
40: Starting reduce
40: Finished reduce in 0.042s
40.0.PRE: Performing Proof Simplification...
40.0.N: clocks: 1, declared: 1, looping: 0, posedge: 1, negedge: 0, noedge: 0, bothedge: 0
40.0.N: Proof Simplification Iteration 1	[0.00 s]
40.0.N: Proof Simplification Iteration 2	[0.04 s]
40.0.N: Proof Simplification Iteration 3	[0.06 s]
40.0.N: Proof Simplification Iteration 4	[0.07 s]
40.0.N: Proof Simplification Iteration 5	[0.09 s]
40.0.N: Proof Simplification Iteration 6	[0.11 s]
40.0.N: Proof Simplification Iteration 7	[0.13 s]
40.0.N: Proof Simplification Iteration 8	[0.15 s]
40.0.N: Proof Simplification Iteration 9	[0.17 s]
40.0.N: Proof Simplification Iteration 10	[0.18 s]
40.0.PRE: Proof Simplification completed in 0.23 s
40: About to start ProofGrid in its own thread with a limit of 10000 pending notifications and a limit of 10 traces.
40: =============================== ProofGrid start ===============================
40: ProofGrid usable level: 1
40: Initial ProofGrid level: 1
40: ProofGrid is starting event handling
40.0.Hp: caddy15.stanford.edu: "Rocky Linux 8.10 (Green Obsidian)" is an unsupported operating system.
40.0.N: caddy15.stanford.edu: "Rocky Linux 8.10 (Green Obsidian)" is an unsupported operating system.
40.0.Ht: caddy15.stanford.edu: "Rocky Linux 8.10 (Green Obsidian)" is an unsupported operating system.
40.0.Mpcustom4: caddy15.stanford.edu: "Rocky Linux 8.10 (Green Obsidian)" is an unsupported operating system.
40.0.N: Proofgrid shell started at 4099501@caddy15.stanford.edu(local) jg_4086220_caddy15.stanford.edu_41
40.0.Hp: Proofgrid shell started at 4099502@caddy15.stanford.edu(local) jg_4086220_caddy15.stanford.edu_41
40.0.Ht: Proofgrid shell started at 4099525@caddy15.stanford.edu(local) jg_4086220_caddy15.stanford.edu_41
40.0.N: clocks: 1, declared: 1, looping: 0, posedge: 1, negedge: 0, noedge: 0, bothedge: 0
40.0.Hp: clocks: 1, declared: 1, looping: 0, posedge: 1, negedge: 0, noedge: 0, bothedge: 0
40.0.N: Last scan. Per property time limit: 0s
40.0.N: Starting proof for property "CS_div_fsm_s5_41"	[0.00 s].
40.0.N: Trace Attempt  1	[0.01 s]
40.0.Ht: clocks: 1, declared: 1, looping: 0, posedge: 1, negedge: 0, noedge: 0, bothedge: 0
40.0.N: Trace Attempt  2	[0.01 s]
40.0.N: Trace Attempt  3	[0.01 s]
40.0.Mpcustom4: Proofgrid shell started at 4099543@caddy15.stanford.edu(local) jg_4086220_caddy15.stanford.edu_41
40.0.Oh: caddy15.stanford.edu: "Rocky Linux 8.10 (Green Obsidian)" is an unsupported operating system.
40.0.Ht: Trace Attempt  1	[0.05 s]
40.0.Ht: Trace Attempt  2	[0.05 s]
40.0.AM: caddy15.stanford.edu: "Rocky Linux 8.10 (Green Obsidian)" is an unsupported operating system.
40.0.Ht: Trace Attempt  3	[0.05 s]
40.0.B: caddy15.stanford.edu: "Rocky Linux 8.10 (Green Obsidian)" is an unsupported operating system.
40.0.Mpcustom4: clocks: 1, declared: 1, looping: 0, posedge: 1, negedge: 0, noedge: 0, bothedge: 0
40.0.N: Trace Attempt  3	[0.05 s]
40.0.N: Trace Attempt  4	[0.07 s]
40.0.N: Trace Attempt  5	[0.07 s]
40.0.Ht: Trace Attempt  4	[0.08 s]
40.0.Ht: Trace Attempt  5	[0.09 s]
40.0.Mpcustom4: Trace Attempt  1	[0.08 s]
40.0.Oh: Proofgrid shell started at 4099558@caddy15.stanford.edu(local) jg_4086220_caddy15.stanford.edu_41
40.0.N: Trace Attempt  5	[0.13 s]
40.0.Oh: clocks: 1, declared: 1, looping: 0, posedge: 1, negedge: 0, noedge: 0, bothedge: 0
40.0.Mpcustom4: Trace Attempt  2	[0.12 s]
40.0.AM: Proofgrid shell started at 4099563@caddy15.stanford.edu(local) jg_4086220_caddy15.stanford.edu_41
40.0.AM: clocks: 1, declared: 1, looping: 0, posedge: 1, negedge: 0, noedge: 0, bothedge: 0
40.0.AM: Last scan. Per property time limit: 0s
40.0.AM: Starting proof for property "CS_div_fsm_s5_41"	[0.00 s].
40.0.AM: Trace Attempt  1	[0.01 s]
40.0.AM: Trace Attempt  2	[0.01 s]
40.0.B: Proofgrid shell started at 4099560@caddy15.stanford.edu(local) jg_4086220_caddy15.stanford.edu_41
40.0.AM: Trace Attempt  3	[0.03 s]
40.0.B: clocks: 1, declared: 1, looping: 0, posedge: 1, negedge: 0, noedge: 0, bothedge: 0
40.0.AM: Trace Attempt  4	[0.06 s]
40.0.B: Last scan. Per property time limit: 0s
40.0.B: Starting proof for property "CS_div_fsm_s5_41"	[0.00 s].
40.0.B: Trace Attempt  1	[0.01 s]
40.0.B: Trace Attempt  2	[0.02 s]
40.0.AM: Trace Attempt  5	[0.08 s]
40.0.B: Trace Attempt  3	[0.04 s]
40.0.B: Trace Attempt  4	[0.07 s]
40.0.Oh: bwd trail(1): 1 0.114565s
40.0.Oh: All properties either determined or skipped. [0.26 s]
40.0.Oh: Exited with Success (@ 0.42 s)
40.0.Oh: Completed, Restart ignored.
40.0.B: Trace Attempt  5	[0.10 s]
40.0.Mpcustom4: Trace Attempt  3	[1.34 s]
40.0.Mpcustom4: Trace Attempt  3	[1.44 s]
40.0.Mpcustom4: Trace Attempt  4	[1.49 s]
40.0.Mpcustom4: Trace Attempt  4	[1.62 s]
40.0.Mpcustom4: Trace Attempt  5	[1.67 s]
40.0.Ht: Trace Attempt 55	[4.11 s]
40.0.B: Trace Attempt 37	[4.12 s]
40.0.AM: Trace Attempt 47	[4.22 s]
40.0.N: Trace Attempt 29	[4.47 s]
40.0.Mpcustom4: Trace Attempt 33	[6.05 s]
40.0.AM: Trace Attempt  1	[7.82 s]
40.0.AM: Trace Attempt  2	[7.85 s]
40.0.AM: Trace Attempt  3	[7.86 s]
40.0.AM: Trace Attempt  5	[7.87 s]
40.0.B: Trace Attempt 69	[8.25 s]
40.0.Ht: Trace Attempt 67	[8.66 s]
40.0.N: Trace Attempt 41	[8.78 s]
40.0.Mpcustom4: Trace Attempt 45	[10.76 s]
40.0.AM: Trace Attempt  1	[12.11 s]
40.0.AM: Trace Attempt  2	[12.14 s]
40.0.AM: Trace Attempt  3	[12.15 s]
40.0.AM: Trace Attempt  5	[12.16 s]
40.0.N: Trace Attempt 54	[14.00 s]
40.0.Mpcustom4: Trace Attempt 45	[15.44 s]
40.0.N: Trace Attempt  1	[15.71 s]
40.0.N: Trace Attempt  2	[15.74 s]
40.0.N: Trace Attempt  3	[15.75 s]
40.0.N: Trace Attempt  5	[15.76 s]
40.0.AM: Trace Attempt 68	[16.56 s]
40.0.Mpcustom4: Trace Attempt 46	[21.39 s]
40.0.Mpcustom4: Trace Attempt 46	[26.59 s]
40.0.N: Trace Attempt 80	[27.36 s]
40.0.AM: Trace Attempt 70	[28.10 s]
40.0.Mpcustom4: Trace Attempt 52	[30.77 s]
40.0.Mpcustom4: Trace Attempt 54	[35.01 s]
40.0.Mpcustom4: Trace Attempt 58	[40.21 s]
40.0.B: Trace Attempt 82	[43.76 s]
40.0.Mpcustom4: Trace Attempt 67	[44.94 s]
40.0.N: Trace Attempt 80	[49.51 s]
40.0.Mpcustom4: Trace Attempt 74	[50.22 s]
40.0.Ht: Trace Attempt 78	[52.12 s]
40.0.N: Requesting engine job to stop
40.0.B: Requesting engine job to stop
40.0.AM: Requesting engine job to stop
40.0.Hp: Requesting engine job to terminate
40.0.Ht: Requesting engine job to terminate
40.0.Mpcustom4: Requesting engine job to terminate
INFO (IPF144): 40: Initiating shutdown of proof [53.55 s]
40.0.B: A trace with 82 cycles was found. [53.19 s]
INFO (IPF047): 40.0.B: The cover property "CS_div_fsm_s5_41" was covered in 82 cycles in 53.26 s.
40.0.B: Stopped processing property "CS_div_fsm_s5_41"	[53.29 s].
40.0.B: All properties determined. [53.23 s]
40.0.B: Exited with Success (@ 53.56 s)
40: ProofGrid usable level: 0
40.0.Hp: Interrupted (multi)
40.0.Hp: All properties determined. [53.59 s]
40.0.N: Stopped processing property "CS_div_fsm_s5_41"	[53.80 s].
40.0.N: All properties determined. [53.81 s]
40.0.Hp: Exited with Success (@ 53.89 s)
40.0.N: Exited with Success (@ 53.89 s)
40.0.Mpcustom4: Trace Attempt 79	[52.80 s]
40.0.Mpcustom4: All properties determined. [54.00 s]
40.0.AM: Trace Attempt 80	[31.23 s]
40.0.AM: Stopped processing property "CS_div_fsm_s5_41"	[54.02 s].
40.0.Mpcustom4: Exited with Success (@ 54.28 s)
40.0.AM: All properties determined. [54.03 s]
40.0.Ht: Interrupted (multi)
40.0.Ht: Trace Attempt 82	[52.38 s]
40.0.Ht: All properties determined. [54.47 s]
40.0.AM: Exited with Success (@ 54.51 s)
40.0.Ht: Exited with Success (@ 54.83 s)
40: --------------------------------------------------------------
ProofGrid Summary (utilization 99.70 %)
--------------------------------------------------------------
     engines started                               :     7
     engine jobs started                           :     7

    Average time in state (seconds)
    ------------------------------------------------------
    Engine  Pending     Running        Dead    Utilization
    ------------------------------------------------------
      N        0.09       53.53        0.00       99.84 %
     Hp        0.09       53.53        0.00       99.82 %
     Ht        0.08       53.51        0.00       99.85 %
    Mpcustom4        0.08       53.48        0.00       99.85 %
     Oh        0.15        0.26        0.00       63.15 %
      B        0.28       53.24        0.00       99.48 %
     AM        0.20       53.33        0.00       99.63 %
    all        0.14       45.84        0.00       99.70 %

    Total time in state (seconds)
    -----------------------------------------
            Pending     Running        Dead  
    -----------------------------------------
               0.97      320.88        0.00

    Data read    : 249.79 kiB
    Data written : 36.54 kiB

40: All pending notifications were processed.
INFO (IPF059): 40: Completed proof on task: "mytask"
cover -name CS_div_fsm_s5_42 {@(posedge clk_i) !div_fsm_s5 ##1 div_fsm_s5 [*42] ##1 !div_fsm_s5 }
INFO (IPF036): Starting proof on task: "mytask", 1 properties to prove with 0 already proven/unreachable
INFO (IPF031): Settings used for proof thread 41:
    orchestration                 = on (auto)
    time_limit                    = 600s
    per_property_time_limit       = 1s * 10 ^ scan
    engine_mode                   = auto
    proofgrid_per_engine_max_jobs = 1
    max engine jobs               = auto
    proofgrid_mode                = local
    proofgrid_restarts            = 10
41: Using multistage preprocessing
41: Starting reduce
41: Finished reduce in 0.043s
41.0.PRE: Performing Proof Simplification...
41.0.N: clocks: 1, declared: 1, looping: 0, posedge: 1, negedge: 0, noedge: 0, bothedge: 0
41.0.N: Proof Simplification Iteration 1	[0.00 s]
41.0.N: Proof Simplification Iteration 2	[0.04 s]
41.0.N: Proof Simplification Iteration 3	[0.06 s]
41.0.N: Proof Simplification Iteration 4	[0.07 s]
41.0.N: Proof Simplification Iteration 5	[0.09 s]
41.0.N: Proof Simplification Iteration 6	[0.11 s]
41.0.N: Proof Simplification Iteration 7	[0.13 s]
41.0.N: Proof Simplification Iteration 8	[0.15 s]
41.0.N: Proof Simplification Iteration 9	[0.16 s]
41.0.N: Proof Simplification Iteration 10	[0.18 s]
41.0.PRE: Proof Simplification completed in 0.23 s
41: About to start ProofGrid in its own thread with a limit of 10000 pending notifications and a limit of 10 traces.
41: =============================== ProofGrid start ===============================
41: ProofGrid usable level: 1
41: Initial ProofGrid level: 1
41: ProofGrid is starting event handling
41.0.Hp: caddy15.stanford.edu: "Rocky Linux 8.10 (Green Obsidian)" is an unsupported operating system.
41.0.N: caddy15.stanford.edu: "Rocky Linux 8.10 (Green Obsidian)" is an unsupported operating system.
41.0.Ht: caddy15.stanford.edu: "Rocky Linux 8.10 (Green Obsidian)" is an unsupported operating system.
41.0.Mpcustom4: caddy15.stanford.edu: "Rocky Linux 8.10 (Green Obsidian)" is an unsupported operating system.
41.0.Hp: Proofgrid shell started at 4099848@caddy15.stanford.edu(local) jg_4086220_caddy15.stanford.edu_42
41.0.N: Proofgrid shell started at 4099847@caddy15.stanford.edu(local) jg_4086220_caddy15.stanford.edu_42
41.0.N: clocks: 1, declared: 1, looping: 0, posedge: 1, negedge: 0, noedge: 0, bothedge: 0
41.0.Mpcustom4: Proofgrid shell started at 4099873@caddy15.stanford.edu(local) jg_4086220_caddy15.stanford.edu_42
41.0.B: caddy15.stanford.edu: "Rocky Linux 8.10 (Green Obsidian)" is an unsupported operating system.
41.0.N: Last scan. Per property time limit: 0s
41.0.N: Starting proof for property "CS_div_fsm_s5_42"	[0.00 s].
41.0.Ht: Proofgrid shell started at 4099870@caddy15.stanford.edu(local) jg_4086220_caddy15.stanford.edu_42
41.0.N: Trace Attempt  1	[0.01 s]
41.0.Hp: clocks: 1, declared: 1, looping: 0, posedge: 1, negedge: 0, noedge: 0, bothedge: 0
41.0.N: Trace Attempt  2	[0.01 s]
41.0.N: Trace Attempt  3	[0.01 s]
41.0.Mpcustom4: clocks: 1, declared: 1, looping: 0, posedge: 1, negedge: 0, noedge: 0, bothedge: 0
41.0.Ht: clocks: 1, declared: 1, looping: 0, posedge: 1, negedge: 0, noedge: 0, bothedge: 0
41.0.N: Trace Attempt  3	[0.04 s]
41.0.Ht: Trace Attempt  1	[0.04 s]
41.0.Ht: Trace Attempt  2	[0.04 s]
41.0.Ht: Trace Attempt  3	[0.04 s]
41.0.Ht: Trace Attempt  4	[0.04 s]
41.0.Mpcustom4: Trace Attempt  1	[0.04 s]
41.0.N: Trace Attempt  4	[0.06 s]
41.0.N: Trace Attempt  5	[0.06 s]
41.0.Ht: Trace Attempt  5	[0.05 s]
41.0.Mpcustom4: Trace Attempt  2	[0.06 s]
41.0.Oh: caddy15.stanford.edu: "Rocky Linux 8.10 (Green Obsidian)" is an unsupported operating system.
41.0.AM: caddy15.stanford.edu: "Rocky Linux 8.10 (Green Obsidian)" is an unsupported operating system.
41.0.N: Trace Attempt  5	[0.16 s]
41.0.B: Proofgrid shell started at 4099905@caddy15.stanford.edu(local) jg_4086220_caddy15.stanford.edu_42
41.0.B: clocks: 1, declared: 1, looping: 0, posedge: 1, negedge: 0, noedge: 0, bothedge: 0
41.0.B: Last scan. Per property time limit: 0s
41.0.B: Starting proof for property "CS_div_fsm_s5_42"	[0.00 s].
41.0.B: Trace Attempt  1	[0.01 s]
41.0.B: Trace Attempt  2	[0.03 s]
41.0.B: Trace Attempt  3	[0.05 s]
41.0.B: Trace Attempt  4	[0.06 s]
41.0.Oh: Proofgrid shell started at 4099898@caddy15.stanford.edu(local) jg_4086220_caddy15.stanford.edu_42
41.0.Oh: clocks: 1, declared: 1, looping: 0, posedge: 1, negedge: 0, noedge: 0, bothedge: 0
41.0.B: Trace Attempt  5	[0.15 s]
41.0.AM: Proofgrid shell started at 4099911@caddy15.stanford.edu(local) jg_4086220_caddy15.stanford.edu_42
41.0.AM: clocks: 1, declared: 1, looping: 0, posedge: 1, negedge: 0, noedge: 0, bothedge: 0
41.0.AM: Last scan. Per property time limit: 0s
41.0.AM: Starting proof for property "CS_div_fsm_s5_42"	[0.00 s].
41.0.AM: Trace Attempt  1	[0.00 s]
41.0.AM: Trace Attempt  2	[0.01 s]
41.0.AM: Trace Attempt  3	[0.05 s]
41.0.AM: Trace Attempt  4	[0.11 s]
41.0.AM: Trace Attempt  5	[0.14 s]
41.0.Mpcustom4: Trace Attempt  3	[0.61 s]
41.0.Oh: bwd trail(1): 1 0.118745s
41.0.Oh: All properties either determined or skipped. [0.28 s]
41.0.Oh: Exited with Success (@ 0.69 s)
41.0.Oh: Completed, Restart ignored.
41.0.Mpcustom4: Trace Attempt  3	[0.66 s]
41.0.Mpcustom4: Trace Attempt  4	[0.68 s]
41.0.Mpcustom4: Trace Attempt  4	[0.74 s]
41.0.Mpcustom4: Trace Attempt  5	[0.76 s]
41.0.Ht: Trace Attempt 54	[4.16 s]
41.0.B: Trace Attempt 46	[4.16 s]
41.0.N: Trace Attempt 27	[4.54 s]
41.0.AM: Trace Attempt 49	[4.15 s]
41.0.Mpcustom4: Trace Attempt 33	[5.06 s]
41.0.AM: Trace Attempt  1	[7.27 s]
41.0.AM: Trace Attempt  2	[7.33 s]
41.0.AM: Trace Attempt  3	[7.34 s]
41.0.AM: Trace Attempt  5	[7.35 s]
41.0.B: Trace Attempt 79	[8.38 s]
41.0.N: Trace Attempt 39	[9.21 s]
41.0.Mpcustom4: Trace Attempt 45	[9.52 s]
41.0.AM: Trace Attempt  1	[11.27 s]
41.0.AM: Trace Attempt  2	[11.30 s]
41.0.AM: Trace Attempt  3	[11.30 s]
41.0.AM: Trace Attempt  5	[11.32 s]
41.0.N: Trace Attempt 47	[13.32 s]
41.0.Mpcustom4: Trace Attempt 47	[13.75 s]
41.0.AM: Trace Attempt 69	[15.69 s]
41.0.N: Trace Attempt 53	[17.74 s]
41.0.Mpcustom4: Trace Attempt 47	[18.91 s]
41.0.N: Trace Attempt 54	[22.07 s]
41.0.N: Trace Attempt  1	[22.68 s]
41.0.N: Trace Attempt  2	[22.71 s]
41.0.N: Trace Attempt  3	[22.72 s]
41.0.N: Trace Attempt  5	[22.73 s]
41.0.Mpcustom4: Trace Attempt 56	[23.68 s]
41.0.AM: Trace Attempt 71	[25.97 s]
41.0.N: Trace Attempt 77	[29.33 s]
41.0.Mpcustom4: Trace Attempt 64	[30.32 s]
41.0.Mpcustom4: Trace Attempt 65	[36.84 s]
41.0.N: Trace Attempt 81	[38.43 s]
41.0.Mpcustom4: Trace Attempt 67	[40.86 s]
41.0.Ht: Trace Attempt 73	[45.92 s]
41.0.Mpcustom4: Trace Attempt 71	[46.93 s]
41.0.N: Trace Attempt 81	[52.77 s]
41.0.AM: Trace Attempt 82	[53.15 s]
41.0.Mpcustom4: Trace Attempt 76	[55.15 s]
41.0.B: Trace Attempt 83	[55.21 s]
41.0.AM: Trace Attempt 83	[57.45 s]
41.0.N: Trace Attempt 82	[59.09 s]
41.0.N: Requesting engine job to stop
41.0.B: Requesting engine job to stop
41.0.AM: Requesting engine job to stop
41.0.Hp: Requesting engine job to terminate
41.0.Ht: Requesting engine job to terminate
41.0.Mpcustom4: Requesting engine job to terminate
INFO (IPF144): 41: Initiating shutdown of proof [60.76 s]
41.0.B: A trace with 83 cycles was found. [60.46 s]
INFO (IPF047): 41.0.B: The cover property "CS_div_fsm_s5_42" was covered in 83 cycles in 60.53 s.
41.0.B: Stopped processing property "CS_div_fsm_s5_42"	[60.57 s].
41.0.B: All properties determined. [60.52 s]
41.0.Ht: Interrupted (multi)
41.0.Ht: Trace Attempt 82	[46.40 s]
41.0.Ht: All properties determined. [60.74 s]
41.0.B: Exited with Success (@ 60.79 s)
41: ProofGrid usable level: 0
41.0.Hp: Interrupted (multi)
41.0.Hp: All properties determined. [60.79 s]
41.0.N: Stopped processing property "CS_div_fsm_s5_42"	[60.88 s].
41.0.N: All properties determined. [60.90 s]
41.0.N: Exited with Success (@ 60.95 s)
41.0.AM: Stopped processing property "CS_div_fsm_s5_42"	[60.52 s].
41.0.AM: All properties determined. [60.54 s]
41.0.AM: Exited with Success (@ 61.01 s)
41.0.Hp: Exited with Success (@ 61.31 s)
41.0.Mpcustom4: Trace Attempt 77	[57.52 s]
41.0.Mpcustom4: All properties determined. [61.27 s]
41.0.Mpcustom4: Exited with Success (@ 61.37 s)
41.0.Ht: Exited with Success (@ 61.37 s)
41: --------------------------------------------------------------
ProofGrid Summary (utilization 99.61 %)
--------------------------------------------------------------
     engines started                               :     7
     engine jobs started                           :     7

    Average time in state (seconds)
    ------------------------------------------------------
    Engine  Pending     Running        Dead    Utilization
    ------------------------------------------------------
      N        0.11       60.75        0.00       99.82 %
     Hp        0.08       60.74        0.00       99.87 %
     Ht        0.09       60.72        0.00       99.85 %
    Mpcustom4        0.09       60.72        0.00       99.86 %
     Oh        0.42        0.29        0.00       40.75 %
      B        0.23       60.53        0.00       99.62 %
     AM        0.42       60.34        0.00       99.30 %
    all        0.21       52.01        0.00       99.61 %

    Total time in state (seconds)
    -----------------------------------------
            Pending     Running        Dead  
    -----------------------------------------
               1.44      364.09        0.00

    Data read    : 259.13 kiB
    Data written : 35.96 kiB

41: All pending notifications were processed.
INFO (IPF059): 41: Completed proof on task: "mytask"
cover -name CS_div_fsm_s5_43 {@(posedge clk_i) !div_fsm_s5 ##1 div_fsm_s5 [*43] ##1 !div_fsm_s5 }
INFO (IPF036): Starting proof on task: "mytask", 1 properties to prove with 0 already proven/unreachable
INFO (IPF031): Settings used for proof thread 42:
    orchestration                 = on (auto)
    time_limit                    = 600s
    per_property_time_limit       = 1s * 10 ^ scan
    engine_mode                   = auto
    proofgrid_per_engine_max_jobs = 1
    max engine jobs               = auto
    proofgrid_mode                = local
    proofgrid_restarts            = 10
42: Using multistage preprocessing
42: Starting reduce
42: Finished reduce in 0.043s
42.0.PRE: Performing Proof Simplification...
42.0.N: clocks: 1, declared: 1, looping: 0, posedge: 1, negedge: 0, noedge: 0, bothedge: 0
42.0.N: Proof Simplification Iteration 1	[0.00 s]
42.0.N: Proof Simplification Iteration 2	[0.04 s]
42.0.N: Proof Simplification Iteration 3	[0.06 s]
42.0.N: Proof Simplification Iteration 4	[0.07 s]
42.0.N: Proof Simplification Iteration 5	[0.09 s]
42.0.N: Proof Simplification Iteration 6	[0.11 s]
42.0.N: Proof Simplification Iteration 7	[0.13 s]
42.0.N: Proof Simplification Iteration 8	[0.15 s]
42.0.N: Proof Simplification Iteration 9	[0.17 s]
42.0.N: Proof Simplification Iteration 10	[0.18 s]
42.0.PRE: Proof Simplification completed in 0.23 s
42: About to start ProofGrid in its own thread with a limit of 10000 pending notifications and a limit of 10 traces.
42: =============================== ProofGrid start ===============================
42: ProofGrid usable level: 1
42: Initial ProofGrid level: 1
42: ProofGrid is starting event handling
42.0.Hp: caddy15.stanford.edu: "Rocky Linux 8.10 (Green Obsidian)" is an unsupported operating system.
42.0.N: caddy15.stanford.edu: "Rocky Linux 8.10 (Green Obsidian)" is an unsupported operating system.
42.0.Ht: caddy15.stanford.edu: "Rocky Linux 8.10 (Green Obsidian)" is an unsupported operating system.
42.0.N: Proofgrid shell started at 4100306@caddy15.stanford.edu(local) jg_4086220_caddy15.stanford.edu_43
42.0.Hp: Proofgrid shell started at 4100307@caddy15.stanford.edu(local) jg_4086220_caddy15.stanford.edu_43
42.0.N: clocks: 1, declared: 1, looping: 0, posedge: 1, negedge: 0, noedge: 0, bothedge: 0
42.0.Hp: clocks: 1, declared: 1, looping: 0, posedge: 1, negedge: 0, noedge: 0, bothedge: 0
42.0.Ht: Proofgrid shell started at 4100329@caddy15.stanford.edu(local) jg_4086220_caddy15.stanford.edu_43
42.0.Mpcustom4: caddy15.stanford.edu: "Rocky Linux 8.10 (Green Obsidian)" is an unsupported operating system.
42.0.N: Last scan. Per property time limit: 0s
42.0.N: Starting proof for property "CS_div_fsm_s5_43"	[0.00 s].
42.0.N: Trace Attempt  1	[0.00 s]
42.0.N: Trace Attempt  2	[0.01 s]
42.0.N: Trace Attempt  3	[0.01 s]
42.0.Ht: clocks: 1, declared: 1, looping: 0, posedge: 1, negedge: 0, noedge: 0, bothedge: 0
42.0.AM: caddy15.stanford.edu: "Rocky Linux 8.10 (Green Obsidian)" is an unsupported operating system.
42.0.N: Trace Attempt  3	[0.04 s]
42.0.Ht: Trace Attempt  1	[0.04 s]
42.0.Ht: Trace Attempt  2	[0.04 s]
42.0.Ht: Trace Attempt  3	[0.04 s]
42.0.N: Trace Attempt  4	[0.06 s]
42.0.N: Trace Attempt  5	[0.06 s]
42.0.Ht: Trace Attempt  4	[0.05 s]
42.0.Ht: Trace Attempt  5	[0.06 s]
42.0.AM: Proofgrid shell started at 4100365@caddy15.stanford.edu(local) jg_4086220_caddy15.stanford.edu_43
42.0.AM: clocks: 1, declared: 1, looping: 0, posedge: 1, negedge: 0, noedge: 0, bothedge: 0
42.0.AM: Last scan. Per property time limit: 0s
42.0.AM: Starting proof for property "CS_div_fsm_s5_43"	[0.00 s].
42.0.AM: Trace Attempt  1	[0.00 s]
42.0.AM: Trace Attempt  2	[0.01 s]
42.0.N: Trace Attempt  5	[0.12 s]
42.0.AM: Trace Attempt  3	[0.03 s]
42.0.Mpcustom4: Proofgrid shell started at 4100348@caddy15.stanford.edu(local) jg_4086220_caddy15.stanford.edu_43
42.0.Oh: caddy15.stanford.edu: "Rocky Linux 8.10 (Green Obsidian)" is an unsupported operating system.
42.0.AM: Trace Attempt  4	[0.06 s]
42.0.Mpcustom4: clocks: 1, declared: 1, looping: 0, posedge: 1, negedge: 0, noedge: 0, bothedge: 0
42.0.B: caddy15.stanford.edu: "Rocky Linux 8.10 (Green Obsidian)" is an unsupported operating system.
42.0.AM: Trace Attempt  5	[0.08 s]
42.0.Mpcustom4: Trace Attempt  1	[0.07 s]
42.0.Mpcustom4: Trace Attempt  2	[0.12 s]
42.0.Oh: Proofgrid shell started at 4100356@caddy15.stanford.edu(local) jg_4086220_caddy15.stanford.edu_43
42.0.B: Proofgrid shell started at 4100363@caddy15.stanford.edu(local) jg_4086220_caddy15.stanford.edu_43
42.0.Oh: clocks: 1, declared: 1, looping: 0, posedge: 1, negedge: 0, noedge: 0, bothedge: 0
42.0.B: clocks: 1, declared: 1, looping: 0, posedge: 1, negedge: 0, noedge: 0, bothedge: 0
42.0.B: Last scan. Per property time limit: 0s
42.0.B: Starting proof for property "CS_div_fsm_s5_43"	[0.00 s].
42.0.B: Trace Attempt  1	[0.01 s]
42.0.B: Trace Attempt  2	[0.03 s]
42.0.B: Trace Attempt  3	[0.06 s]
42.0.B: Trace Attempt  4	[0.10 s]
42.0.Oh: bwd trail(1): 1 0.110166s
42.0.Oh: All properties either determined or skipped. [0.14 s]
42.0.Oh: Exited with Success (@ 0.61 s)
42.0.Oh: Completed, Restart ignored.
42.0.B: Trace Attempt  5	[0.15 s]
42.0.Mpcustom4: Trace Attempt  3	[0.97 s]
42.0.Mpcustom4: Trace Attempt  3	[1.02 s]
42.0.Mpcustom4: Trace Attempt  4	[1.05 s]
42.0.Mpcustom4: Trace Attempt  4	[1.11 s]
42.0.Mpcustom4: Trace Attempt  5	[1.13 s]
42.0.Ht: Trace Attempt 57	[4.07 s]
42.0.N: Trace Attempt 26	[4.30 s]
42.0.AM: Trace Attempt 45	[4.36 s]
42.0.B: Trace Attempt 50	[4.21 s]
42.0.Mpcustom4: Trace Attempt 28	[5.68 s]
42.0.AM: Trace Attempt  1	[8.52 s]
42.0.AM: Trace Attempt  2	[8.54 s]
42.0.AM: Trace Attempt  3	[8.55 s]
42.0.AM: Trace Attempt  5	[8.56 s]
42.0.N: Trace Attempt 35	[8.68 s]
42.0.Ht: Trace Attempt 71	[8.67 s]
42.0.B: Trace Attempt 83	[8.42 s]
42.0.Mpcustom4: Trace Attempt 39	[9.69 s]
42.0.AM: Trace Attempt  1	[12.73 s]
42.0.AM: Trace Attempt  2	[12.76 s]
42.0.AM: Trace Attempt  3	[12.77 s]
42.0.AM: Trace Attempt  5	[12.78 s]
42.0.N: Trace Attempt 45	[13.15 s]
42.0.Mpcustom4: Trace Attempt 47	[14.28 s]
42.0.AM: Trace Attempt 70	[17.55 s]
42.0.N: Trace Attempt 55	[18.00 s]
42.0.Mpcustom4: Trace Attempt 47	[18.34 s]
42.0.N: Trace Attempt  1	[18.78 s]
42.0.N: Trace Attempt  2	[18.81 s]
42.0.N: Trace Attempt  3	[18.81 s]
42.0.N: Trace Attempt  5	[18.83 s]
42.0.Mpcustom4: Trace Attempt 48	[23.39 s]
42.0.AM: Trace Attempt 72	[29.83 s]
42.0.Mpcustom4: Trace Attempt 48	[30.92 s]
42.0.N: Trace Attempt 66	[34.05 s]
42.0.Mpcustom4: Trace Attempt 55	[37.68 s]
42.0.Mpcustom4: Trace Attempt 61	[43.97 s]
42.0.N: Trace Attempt 66	[46.15 s]
42.0.Mpcustom4: Trace Attempt 63	[48.87 s]
42.0.N: Trace Attempt 68	[50.45 s]
42.0.N: Trace Attempt  1	[50.73 s]
42.0.N: Trace Attempt  2	[50.76 s]
42.0.N: Trace Attempt  3	[50.76 s]
42.0.N: Trace Attempt  5	[50.77 s]
42.0.B: Trace Attempt 84	[51.75 s]
42.0.Ht: Trace Attempt 83	[52.60 s]
42.0.Mpcustom4: Trace Attempt 63	[54.70 s]
42.0.N: Requesting engine job to stop
42.0.B: Requesting engine job to stop
42.0.AM: Requesting engine job to stop
42.0.Hp: Requesting engine job to terminate
42.0.Ht: Requesting engine job to terminate
42.0.Mpcustom4: Requesting engine job to terminate
INFO (IPF144): 42: Initiating shutdown of proof [58.90 s]
42.0.Ht: Trace Attempt 84	[52.84 s]
42.0.Ht: A trace with 84 cycles was found. [58.64 s]
INFO (IPF047): 42.0.Ht: The cover property "CS_div_fsm_s5_43" was covered in 84 cycles in 58.88 s.
42.0.Ht: All properties determined. [58.85 s]
42.0.Hp: Interrupted (multi)
42.0.Hp: All properties determined. [58.90 s]
42.0.N: Trace Attempt 66	[53.19 s]
42: ProofGrid usable level: 0
42.0.N: Stopped processing property "CS_div_fsm_s5_43"	[58.93 s].
42.0.N: All properties determined. [58.94 s]
42.0.N: Exited with Success (@ 58.97 s)
42.0.AM: Trace Attempt 82	[30.17 s]
42.0.AM: Stopped processing property "CS_div_fsm_s5_43"	[58.88 s].
42.0.AM: All properties determined. [58.89 s]
42.0.AM: Exited with Success (@ 59.04 s)
42.0.Hp: Exited with Success (@ 59.28 s)
42.0.B: Stopped processing property "CS_div_fsm_s5_43"	[58.81 s].
42.0.B: All properties determined. [58.82 s]
42.0.B: Exited with Success (@ 59.36 s)
42.0.Ht: Exited with Success (@ 59.39 s)
42.0.Mpcustom4: Trace Attempt 63	[58.47 s]
42.0.Mpcustom4: All properties determined. [59.22 s]
42.0.Mpcustom4: Exited with Success (@ 59.43 s)
42: --------------------------------------------------------------
ProofGrid Summary (utilization 99.58 %)
--------------------------------------------------------------
     engines started                               :     7
     engine jobs started                           :     7

    Average time in state (seconds)
    ------------------------------------------------------
    Engine  Pending     Running        Dead    Utilization
    ------------------------------------------------------
      N        0.10       58.89        0.00       99.82 %
     Hp        0.08       58.88        0.00       99.86 %
     Ht        0.09       58.86        0.00       99.85 %
    Mpcustom4        0.21       58.72        0.00       99.65 %
     Oh        0.45        0.14        0.00       23.70 %
      B        0.46       58.42        0.00       99.23 %
     AM        0.09       58.78        0.00       99.84 %
    all        0.21       50.38        0.00       99.58 %

    Total time in state (seconds)
    -----------------------------------------
            Pending     Running        Dead  
    -----------------------------------------
               1.48      352.69        0.00

    Data read    : 251.05 kiB
    Data written : 23.68 kiB

42: All pending notifications were processed.
INFO (IPF059): 42: Completed proof on task: "mytask"
cover -name CS_div_fsm_s5_44 {@(posedge clk_i) !div_fsm_s5 ##1 div_fsm_s5 [*44] ##1 !div_fsm_s5 }
INFO (IPF036): Starting proof on task: "mytask", 1 properties to prove with 0 already proven/unreachable
INFO (IPF031): Settings used for proof thread 43:
    orchestration                 = on (auto)
    time_limit                    = 600s
    per_property_time_limit       = 1s * 10 ^ scan
    engine_mode                   = auto
    proofgrid_per_engine_max_jobs = 1
    max engine jobs               = auto
    proofgrid_mode                = local
    proofgrid_restarts            = 10
43: Using multistage preprocessing
43: Starting reduce
43: Finished reduce in 0.043s
43.0.PRE: Performing Proof Simplification...
43.0.N: clocks: 1, declared: 1, looping: 0, posedge: 1, negedge: 0, noedge: 0, bothedge: 0
43.0.N: Proof Simplification Iteration 1	[0.00 s]
43.0.N: Proof Simplification Iteration 2	[0.04 s]
43.0.N: Proof Simplification Iteration 3	[0.06 s]
43.0.N: Proof Simplification Iteration 4	[0.07 s]
43.0.N: Proof Simplification Iteration 5	[0.09 s]
43.0.N: Proof Simplification Iteration 6	[0.11 s]
43.0.N: Proof Simplification Iteration 7	[0.13 s]
43.0.N: Proof Simplification Iteration 8	[0.15 s]
43.0.N: Proof Simplification Iteration 9	[0.17 s]
43.0.N: Proof Simplification Iteration 10	[0.18 s]
43.0.PRE: Proof Simplification completed in 0.23 s
43: About to start ProofGrid in its own thread with a limit of 10000 pending notifications and a limit of 10 traces.
43: =============================== ProofGrid start ===============================
43: ProofGrid usable level: 1
43: Initial ProofGrid level: 1
43: ProofGrid is starting event handling
43.0.N: caddy15.stanford.edu: "Rocky Linux 8.10 (Green Obsidian)" is an unsupported operating system.
43.0.Hp: caddy15.stanford.edu: "Rocky Linux 8.10 (Green Obsidian)" is an unsupported operating system.
43.0.Ht: caddy15.stanford.edu: "Rocky Linux 8.10 (Green Obsidian)" is an unsupported operating system.
43.0.Mpcustom4: caddy15.stanford.edu: "Rocky Linux 8.10 (Green Obsidian)" is an unsupported operating system.
43.0.Hp: Proofgrid shell started at 4100582@caddy15.stanford.edu(local) jg_4086220_caddy15.stanford.edu_44
43.0.N: Proofgrid shell started at 4100581@caddy15.stanford.edu(local) jg_4086220_caddy15.stanford.edu_44
43.0.Oh: caddy15.stanford.edu: "Rocky Linux 8.10 (Green Obsidian)" is an unsupported operating system.
43.0.Hp: clocks: 1, declared: 1, looping: 0, posedge: 1, negedge: 0, noedge: 0, bothedge: 0
43.0.N: clocks: 1, declared: 1, looping: 0, posedge: 1, negedge: 0, noedge: 0, bothedge: 0
43.0.N: Last scan. Per property time limit: 0s
43.0.N: Starting proof for property "CS_div_fsm_s5_44"	[0.00 s].
43.0.Ht: Proofgrid shell started at 4100604@caddy15.stanford.edu(local) jg_4086220_caddy15.stanford.edu_44
43.0.N: Trace Attempt  1	[0.00 s]
43.0.AM: caddy15.stanford.edu: "Rocky Linux 8.10 (Green Obsidian)" is an unsupported operating system.
43.0.Mpcustom4: Proofgrid shell started at 4100623@caddy15.stanford.edu(local) jg_4086220_caddy15.stanford.edu_44
43.0.N: Trace Attempt  2	[0.01 s]
43.0.N: Trace Attempt  3	[0.01 s]
43.0.B: caddy15.stanford.edu: "Rocky Linux 8.10 (Green Obsidian)" is an unsupported operating system.
43.0.Ht: clocks: 1, declared: 1, looping: 0, posedge: 1, negedge: 0, noedge: 0, bothedge: 0
43.0.Mpcustom4: clocks: 1, declared: 1, looping: 0, posedge: 1, negedge: 0, noedge: 0, bothedge: 0
43.0.N: Trace Attempt  3	[0.04 s]
43.0.Oh: Proofgrid shell started at 4100638@caddy15.stanford.edu(local) jg_4086220_caddy15.stanford.edu_44
43.0.Ht: Trace Attempt  1	[0.04 s]
43.0.Ht: Trace Attempt  2	[0.04 s]
43.0.Ht: Trace Attempt  3	[0.04 s]
43.0.Oh: clocks: 1, declared: 1, looping: 0, posedge: 1, negedge: 0, noedge: 0, bothedge: 0
43.0.Ht: Trace Attempt  4	[0.05 s]
43.0.Mpcustom4: Trace Attempt  1	[0.04 s]
43.0.N: Trace Attempt  4	[0.06 s]
43.0.N: Trace Attempt  5	[0.06 s]
43.0.Ht: Trace Attempt  5	[0.06 s]
43.0.AM: Proofgrid shell started at 4100654@caddy15.stanford.edu(local) jg_4086220_caddy15.stanford.edu_44
43.0.B: Proofgrid shell started at 4100649@caddy15.stanford.edu(local) jg_4086220_caddy15.stanford.edu_44
43.0.Mpcustom4: Trace Attempt  2	[0.06 s]
43.0.B: clocks: 1, declared: 1, looping: 0, posedge: 1, negedge: 0, noedge: 0, bothedge: 0
43.0.AM: clocks: 1, declared: 1, looping: 0, posedge: 1, negedge: 0, noedge: 0, bothedge: 0
43.0.B: Last scan. Per property time limit: 0s
43.0.B: Starting proof for property "CS_div_fsm_s5_44"	[0.00 s].
43.0.AM: Last scan. Per property time limit: 0s
43.0.AM: Starting proof for property "CS_div_fsm_s5_44"	[0.00 s].
43.0.AM: Trace Attempt  1	[0.00 s]
43.0.AM: Trace Attempt  2	[0.01 s]
43.0.B: Trace Attempt  1	[0.01 s]
43.0.B: Trace Attempt  2	[0.02 s]
43.0.B: Trace Attempt  3	[0.03 s]
43.0.AM: Trace Attempt  3	[0.03 s]
43.0.N: Trace Attempt  5	[0.12 s]
43.0.B: Trace Attempt  4	[0.04 s]
43.0.AM: Trace Attempt  4	[0.06 s]
43.0.B: Trace Attempt  5	[0.08 s]
43.0.AM: Trace Attempt  5	[0.08 s]
43.0.Oh: bwd trail(1): 1 0.114023s
43.0.Oh: All properties either determined or skipped. [0.13 s]
43.0.Oh: Exited with Success (@ 0.20 s)
43.0.Oh: Completed, Restart ignored.
43.0.Mpcustom4: Trace Attempt  3	[0.62 s]
43.0.Mpcustom4: Trace Attempt  3	[0.67 s]
43.0.Mpcustom4: Trace Attempt  4	[0.69 s]
43.0.Mpcustom4: Trace Attempt  4	[0.75 s]
43.0.Mpcustom4: Trace Attempt  5	[0.78 s]
43.0.Ht: Trace Attempt 55	[4.12 s]
43.0.AM: Trace Attempt 46	[4.10 s]
43.0.B: Trace Attempt 49	[4.21 s]
43.0.N: Trace Attempt 29	[4.79 s]
43.0.Mpcustom4: Trace Attempt 37	[5.37 s]
43.0.AM: Trace Attempt  1	[8.13 s]
43.0.AM: Trace Attempt  2	[8.16 s]
43.0.Ht: Trace Attempt 71	[8.25 s]
43.0.AM: Trace Attempt  3	[8.17 s]
43.0.AM: Trace Attempt  5	[8.18 s]
43.0.B: Trace Attempt 72	[8.32 s]
43.0.N: Trace Attempt 39	[9.20 s]
43.0.Mpcustom4: Trace Attempt 47	[9.89 s]
43.0.AM: Trace Attempt 68	[12.96 s]
43.0.N: Trace Attempt 48	[13.27 s]
43.0.AM: Trace Attempt  1	[13.44 s]
43.0.AM: Trace Attempt  2	[13.46 s]
43.0.AM: Trace Attempt  3	[13.47 s]
43.0.AM: Trace Attempt  5	[13.48 s]
43.0.Mpcustom4: Trace Attempt 49	[15.01 s]
43.0.N: Trace Attempt 53	[18.17 s]
43.0.AM: Trace Attempt 70	[18.34 s]
43.0.Mpcustom4: Trace Attempt 57	[20.71 s]
43.0.N: Trace Attempt 56	[24.60 s]
43.0.Mpcustom4: Trace Attempt 64	[25.54 s]
43.0.N: Trace Attempt  1	[27.24 s]
43.0.N: Trace Attempt  2	[27.29 s]
43.0.N: Trace Attempt  3	[27.30 s]
43.0.N: Trace Attempt  5	[27.32 s]
43.0.Mpcustom4: Trace Attempt 70	[31.61 s]
43.0.AM: Trace Attempt 73	[31.54 s]
43.0.Ht: Trace Attempt 75	[35.52 s]
43.0.N: Trace Attempt 82	[35.89 s]
43.0.Mpcustom4: Trace Attempt 72	[38.11 s]
43.0.Mpcustom4: Trace Attempt 78	[43.72 s]
43.0.N: Trace Attempt 83	[48.88 s]
43.0.Mpcustom4: Trace Attempt 79	[49.73 s]
43.0.B: Trace Attempt 85	[54.48 s]
43.0.Mpcustom4: Trace Attempt 83	[55.14 s]
43.0.Ht: Trace Attempt 85	[57.87 s]
43.0.N: Trace Attempt 83	[58.58 s]
43.0.AM: Trace Attempt 84	[60.85 s]
43.0.N: Requesting engine job to stop
43.0.B: Requesting engine job to stop
43.0.AM: Requesting engine job to stop
43.0.Hp: Requesting engine job to terminate
43.0.Ht: Requesting engine job to terminate
43.0.Mpcustom4: Requesting engine job to terminate
INFO (IPF144): 43: Initiating shutdown of proof [62.16 s]
43.0.B: A trace with 85 cycles was found. [62.02 s]
INFO (IPF047): 43.0.B: The cover property "CS_div_fsm_s5_44" was covered in 85 cycles in 62.08 s.
43.0.B: Stopped processing property "CS_div_fsm_s5_44"	[62.09 s].
43.0.B: All properties determined. [62.06 s]
43.0.B: Exited with Success (@ 62.17 s)
43: ProofGrid usable level: 0
43.0.AM: Trace Attempt 85	[62.09 s]
43.0.AM: Stopped processing property "CS_div_fsm_s5_44"	[62.23 s].
43.0.AM: All properties determined. [62.23 s]
43.0.AM: Exited with Success (@ 62.36 s)
43.0.N: Stopped processing property "CS_div_fsm_s5_44"	[62.42 s].
43.0.N: All properties determined. [62.42 s]
43.0.N: Exited with Success (@ 62.46 s)
43.0.Hp: Interrupted (multi)
43.0.Hp: All properties determined. [62.55 s]
43.0.Mpcustom4: Trace Attempt 83	[58.76 s]
43.0.Mpcustom4: All properties determined. [62.69 s]
43.0.Mpcustom4: Exited with Success (@ 62.78 s)
43.0.Hp: Exited with Success (@ 63.41 s)
43.0.Ht: Sending SIGKILL
43.0.Ht: Terminated by signal SIGKILL (@ 64.19 s)
43: --------------------------------------------------------------
ProofGrid Summary (utilization 99.84 %)
--------------------------------------------------------------
     engines started                               :     7
     engine jobs started                           :     7

    Average time in state (seconds)
    ------------------------------------------------------
    Engine  Pending     Running        Dead    Utilization
    ------------------------------------------------------
      N        0.11       62.15        0.00       99.83 %
     Hp        0.08       62.15        0.00       99.87 %
     Ht        0.08       62.13        0.00       99.87 %
    Mpcustom4        0.06       62.13        0.00       99.90 %
     Oh        0.08        0.13        0.00       62.99 %
      B        0.09       62.06        0.00       99.86 %
     AM        0.08       62.06        0.00       99.87 %
    all        0.08       53.26        0.00       99.84 %

    Total time in state (seconds)
    -----------------------------------------
            Pending     Running        Dead  
    -----------------------------------------
               0.58      372.82        0.00

    Data read    : 272.87 kiB
    Data written : 36.82 kiB

43: All pending notifications were processed.
INFO (IPF059): 43: Completed proof on task: "mytask"
cover -name CS_div_fsm_s5_45 {@(posedge clk_i) !div_fsm_s5 ##1 div_fsm_s5 [*45] ##1 !div_fsm_s5 }
INFO (IPF036): Starting proof on task: "mytask", 1 properties to prove with 0 already proven/unreachable
INFO (IPF031): Settings used for proof thread 44:
    orchestration                 = on (auto)
    time_limit                    = 600s
    per_property_time_limit       = 1s * 10 ^ scan
    engine_mode                   = auto
    proofgrid_per_engine_max_jobs = 1
    max engine jobs               = auto
    proofgrid_mode                = local
    proofgrid_restarts            = 10
44: Using multistage preprocessing
44: Starting reduce
44: Finished reduce in 0.043s
44.0.PRE: Performing Proof Simplification...
44.0.N: clocks: 1, declared: 1, looping: 0, posedge: 1, negedge: 0, noedge: 0, bothedge: 0
44.0.N: Proof Simplification Iteration 1	[0.00 s]
44.0.N: Proof Simplification Iteration 2	[0.04 s]
44.0.N: Proof Simplification Iteration 3	[0.06 s]
44.0.N: Proof Simplification Iteration 4	[0.07 s]
44.0.N: Proof Simplification Iteration 5	[0.09 s]
44.0.N: Proof Simplification Iteration 6	[0.11 s]
44.0.N: Proof Simplification Iteration 7	[0.13 s]
44.0.N: Proof Simplification Iteration 8	[0.15 s]
44.0.N: Proof Simplification Iteration 9	[0.17 s]
44.0.N: Proof Simplification Iteration 10	[0.19 s]
44.0.PRE: Proof Simplification completed in 0.23 s
44: About to start ProofGrid in its own thread with a limit of 10000 pending notifications and a limit of 10 traces.
44: =============================== ProofGrid start ===============================
44: ProofGrid usable level: 1
44: Initial ProofGrid level: 1
44: ProofGrid is starting event handling
44.0.N: caddy15.stanford.edu: "Rocky Linux 8.10 (Green Obsidian)" is an unsupported operating system.
44.0.Hp: caddy15.stanford.edu: "Rocky Linux 8.10 (Green Obsidian)" is an unsupported operating system.
44.0.Ht: caddy15.stanford.edu: "Rocky Linux 8.10 (Green Obsidian)" is an unsupported operating system.
44.0.N: Proofgrid shell started at 4101043@caddy15.stanford.edu(local) jg_4086220_caddy15.stanford.edu_45
44.0.Hp: Proofgrid shell started at 4101044@caddy15.stanford.edu(local) jg_4086220_caddy15.stanford.edu_45
44.0.N: clocks: 1, declared: 1, looping: 0, posedge: 1, negedge: 0, noedge: 0, bothedge: 0
44.0.Ht: Proofgrid shell started at 4101067@caddy15.stanford.edu(local) jg_4086220_caddy15.stanford.edu_45
44.0.Mpcustom4: caddy15.stanford.edu: "Rocky Linux 8.10 (Green Obsidian)" is an unsupported operating system.
44.0.B: caddy15.stanford.edu: "Rocky Linux 8.10 (Green Obsidian)" is an unsupported operating system.
44.0.N: Last scan. Per property time limit: 0s
44.0.N: Starting proof for property "CS_div_fsm_s5_45"	[0.00 s].
44.0.N: Trace Attempt  1	[0.01 s]
44.0.N: Trace Attempt  2	[0.01 s]
44.0.N: Trace Attempt  3	[0.01 s]
44.0.Ht: clocks: 1, declared: 1, looping: 0, posedge: 1, negedge: 0, noedge: 0, bothedge: 0
44.0.Oh: caddy15.stanford.edu: "Rocky Linux 8.10 (Green Obsidian)" is an unsupported operating system.
44.0.Hp: clocks: 1, declared: 1, looping: 0, posedge: 1, negedge: 0, noedge: 0, bothedge: 0
44.0.N: Trace Attempt  3	[0.04 s]
44.0.Ht: Trace Attempt  1	[0.04 s]
44.0.Ht: Trace Attempt  2	[0.04 s]
44.0.Ht: Trace Attempt  3	[0.04 s]
44.0.Ht: Trace Attempt  4	[0.05 s]
44.0.Ht: Trace Attempt  5	[0.06 s]
44.0.N: Trace Attempt  4	[0.06 s]
44.0.N: Trace Attempt  5	[0.06 s]
44.0.Mpcustom4: Proofgrid shell started at 4101086@caddy15.stanford.edu(local) jg_4086220_caddy15.stanford.edu_45
44.0.Mpcustom4: clocks: 1, declared: 1, looping: 0, posedge: 1, negedge: 0, noedge: 0, bothedge: 0
44.0.B: Proofgrid shell started at 4101097@caddy15.stanford.edu(local) jg_4086220_caddy15.stanford.edu_45
44.0.Mpcustom4: Trace Attempt  1	[0.06 s]
44.0.N: Trace Attempt  5	[0.14 s]
44.0.AM: caddy15.stanford.edu: "Rocky Linux 8.10 (Green Obsidian)" is an unsupported operating system.
44.0.Mpcustom4: Trace Attempt  2	[0.08 s]
44.0.B: clocks: 1, declared: 1, looping: 0, posedge: 1, negedge: 0, noedge: 0, bothedge: 0
44.0.B: Last scan. Per property time limit: 0s
44.0.B: Starting proof for property "CS_div_fsm_s5_45"	[0.00 s].
44.0.Oh: Proofgrid shell started at 4101096@caddy15.stanford.edu(local) jg_4086220_caddy15.stanford.edu_45
44.0.B: Trace Attempt  1	[0.02 s]
44.0.B: Trace Attempt  2	[0.03 s]
44.0.Oh: clocks: 1, declared: 1, looping: 0, posedge: 1, negedge: 0, noedge: 0, bothedge: 0
44.0.B: Trace Attempt  3	[0.05 s]
44.0.B: Trace Attempt  4	[0.07 s]
44.0.B: Trace Attempt  5	[0.15 s]
44.0.AM: Proofgrid shell started at 4101099@caddy15.stanford.edu(local) jg_4086220_caddy15.stanford.edu_45
44.0.Oh: bwd trail(1): 1 0.119432s
44.0.Oh: All properties either determined or skipped. [0.25 s]
44.0.Oh: Exited with Success (@ 0.50 s)
44.0.Oh: Completed, Restart ignored.
44.0.AM: clocks: 1, declared: 1, looping: 0, posedge: 1, negedge: 0, noedge: 0, bothedge: 0
44.0.AM: Last scan. Per property time limit: 0s
44.0.AM: Starting proof for property "CS_div_fsm_s5_45"	[0.00 s].
44.0.AM: Trace Attempt  1	[0.00 s]
44.0.AM: Trace Attempt  2	[0.01 s]
44.0.AM: Trace Attempt  3	[0.05 s]
44.0.AM: Trace Attempt  4	[0.11 s]
44.0.AM: Trace Attempt  5	[0.17 s]
44.0.Mpcustom4: Trace Attempt  3	[0.68 s]
44.0.Mpcustom4: Trace Attempt  3	[0.72 s]
44.0.Mpcustom4: Trace Attempt  4	[0.75 s]
44.0.Mpcustom4: Trace Attempt  4	[0.81 s]
44.0.Mpcustom4: Trace Attempt  5	[0.83 s]
44.0.Ht: Trace Attempt 58	[4.18 s]
44.0.N: Trace Attempt 27	[4.21 s]
44.0.B: Trace Attempt 45	[4.18 s]
44.0.AM: Trace Attempt 42	[4.18 s]
44.0.Mpcustom4: Trace Attempt 33	[5.08 s]
44.0.B: Trace Attempt 76	[8.19 s]
44.0.N: Trace Attempt 39	[8.38 s]
44.0.Ht: Trace Attempt 66	[8.57 s]
44.0.AM: Trace Attempt 58	[8.97 s]
44.0.AM: Trace Attempt  1	[9.37 s]
44.0.AM: Trace Attempt  2	[9.40 s]
44.0.AM: Trace Attempt  3	[9.40 s]
44.0.AM: Trace Attempt  5	[9.42 s]
44.0.Mpcustom4: Trace Attempt 48	[10.79 s]
44.0.N: Trace Attempt 47	[12.89 s]
44.0.AM: Trace Attempt  1	[13.69 s]
44.0.AM: Trace Attempt  2	[13.72 s]
44.0.AM: Trace Attempt  3	[13.72 s]
44.0.AM: Trace Attempt  5	[13.74 s]
44.0.Mpcustom4: Trace Attempt 49	[15.38 s]
44.0.N: Trace Attempt 56	[17.96 s]
44.0.AM: Trace Attempt 71	[17.83 s]
44.0.Mpcustom4: Trace Attempt 50	[20.24 s]
44.0.N: Trace Attempt  1	[20.59 s]
44.0.N: Trace Attempt  2	[20.62 s]
44.0.N: Trace Attempt  3	[20.62 s]
44.0.N: Trace Attempt  5	[20.64 s]
44.0.Mpcustom4: Trace Attempt 51	[25.71 s]
44.0.AM: Trace Attempt 75	[30.02 s]
44.0.Mpcustom4: Trace Attempt 51	[30.51 s]
44.0.Mpcustom4: Trace Attempt 51	[34.67 s]
44.0.N: Trace Attempt 84	[38.83 s]
44.0.Mpcustom4: Trace Attempt 51	[40.00 s]
44.0.B: Trace Attempt 86	[41.95 s]
44.0.Mpcustom4: Trace Attempt 51	[45.21 s]
44.0.AM: Trace Attempt 85	[47.40 s]
44.0.Mpcustom4: Trace Attempt 51	[50.62 s]
44.0.N: Requesting engine job to stop
44.0.B: Requesting engine job to stop
44.0.AM: Requesting engine job to stop
44.0.Hp: Requesting engine job to terminate
44.0.Ht: Requesting engine job to terminate
44.0.Mpcustom4: Requesting engine job to terminate
INFO (IPF144): 44: Initiating shutdown of proof [51.34 s]
44.0.B: A trace with 86 cycles was found. [51.10 s]
INFO (IPF047): 44.0.B: The cover property "CS_div_fsm_s5_45" was covered in 86 cycles in 51.15 s.
44.0.B: Stopped processing property "CS_div_fsm_s5_45"	[51.17 s].
44.0.B: All properties determined. [51.13 s]
44.0.Hp: Interrupted (multi)
44.0.Hp: All properties determined. [51.31 s]
44.0.B: Exited with Success (@ 51.35 s)
44: ProofGrid usable level: 0
44.0.N: Stopped processing property "CS_div_fsm_s5_45"	[51.38 s].
44.0.N: All properties determined. [51.39 s]
44.0.N: Exited with Success (@ 51.44 s)
44.0.Hp: Exited with Success (@ 51.70 s)
44.0.Mpcustom4: All properties determined. [51.60 s]
44.0.AM: Trace Attempt 86	[47.92 s]
44.0.AM: Stopped processing property "CS_div_fsm_s5_45"	[51.45 s].
44.0.Mpcustom4: Exited with Success (@ 51.97 s)
44.0.AM: All properties determined. [51.46 s]
44.0.AM: Exited with Success (@ 52.24 s)
44.0.Ht: Sending SIGKILL
44.0.Ht: Trace Attempt 79	[9.67 s]
44.0.Ht: Terminated by signal SIGKILL (@ 53.53 s)
44: --------------------------------------------------------------
ProofGrid Summary (utilization 99.61 %)
--------------------------------------------------------------
     engines started                               :     7
     engine jobs started                           :     7

    Average time in state (seconds)
    ------------------------------------------------------
    Engine  Pending     Running        Dead    Utilization
    ------------------------------------------------------
      N        0.10       51.32        0.00       99.80 %
     Hp        0.09       51.29        0.00       99.82 %
     Ht        0.09       51.30        0.00       99.82 %
    Mpcustom4        0.14       51.22        0.00       99.73 %
     Oh        0.22        0.25        0.00       53.02 %
      B        0.13       51.15        0.00       99.74 %
     AM        0.43       50.85        0.00       99.16 %
    all        0.17       43.91        0.00       99.61 %

    Total time in state (seconds)
    -----------------------------------------
            Pending     Running        Dead  
    -----------------------------------------
               1.21      307.38        0.00

    Data read    : 254.95 kiB
    Data written : 24.61 kiB

44: All pending notifications were processed.
INFO (IPF059): 44: Completed proof on task: "mytask"
cover -name CS_div_fsm_s5_46 {@(posedge clk_i) !div_fsm_s5 ##1 div_fsm_s5 [*46] ##1 !div_fsm_s5 }
INFO (IPF036): Starting proof on task: "mytask", 1 properties to prove with 0 already proven/unreachable
INFO (IPF031): Settings used for proof thread 45:
    orchestration                 = on (auto)
    time_limit                    = 600s
    per_property_time_limit       = 1s * 10 ^ scan
    engine_mode                   = auto
    proofgrid_per_engine_max_jobs = 1
    max engine jobs               = auto
    proofgrid_mode                = local
    proofgrid_restarts            = 10
45: Using multistage preprocessing
45: Starting reduce
45: Finished reduce in 0.042s
45.0.PRE: Performing Proof Simplification...
45.0.N: clocks: 1, declared: 1, looping: 0, posedge: 1, negedge: 0, noedge: 0, bothedge: 0
45.0.N: Proof Simplification Iteration 1	[0.00 s]
45.0.N: Proof Simplification Iteration 2	[0.04 s]
45.0.N: Proof Simplification Iteration 3	[0.06 s]
45.0.N: Proof Simplification Iteration 4	[0.07 s]
45.0.N: Proof Simplification Iteration 5	[0.09 s]
45.0.N: Proof Simplification Iteration 6	[0.11 s]
45.0.N: Proof Simplification Iteration 7	[0.13 s]
45.0.N: Proof Simplification Iteration 8	[0.15 s]
45.0.N: Proof Simplification Iteration 9	[0.17 s]
45.0.N: Proof Simplification Iteration 10	[0.18 s]
45.0.PRE: Proof Simplification completed in 0.23 s
45: About to start ProofGrid in its own thread with a limit of 10000 pending notifications and a limit of 10 traces.
45: =============================== ProofGrid start ===============================
45: ProofGrid usable level: 1
45: Initial ProofGrid level: 1
45: ProofGrid is starting event handling
45.0.Hp: caddy15.stanford.edu: "Rocky Linux 8.10 (Green Obsidian)" is an unsupported operating system.
45.0.N: caddy15.stanford.edu: "Rocky Linux 8.10 (Green Obsidian)" is an unsupported operating system.
45.0.Ht: caddy15.stanford.edu: "Rocky Linux 8.10 (Green Obsidian)" is an unsupported operating system.
45.0.Hp: Proofgrid shell started at 4101389@caddy15.stanford.edu(local) jg_4086220_caddy15.stanford.edu_46
45.0.N: Proofgrid shell started at 4101388@caddy15.stanford.edu(local) jg_4086220_caddy15.stanford.edu_46
45.0.Hp: clocks: 1, declared: 1, looping: 0, posedge: 1, negedge: 0, noedge: 0, bothedge: 0
45.0.N: clocks: 1, declared: 1, looping: 0, posedge: 1, negedge: 0, noedge: 0, bothedge: 0
45.0.Oh: caddy15.stanford.edu: "Rocky Linux 8.10 (Green Obsidian)" is an unsupported operating system.
45.0.N: Last scan. Per property time limit: 0s
45.0.N: Starting proof for property "CS_div_fsm_s5_46"	[0.00 s].
45.0.Ht: Proofgrid shell started at 4101411@caddy15.stanford.edu(local) jg_4086220_caddy15.stanford.edu_46
45.0.N: Trace Attempt  1	[0.01 s]
45.0.N: Trace Attempt  2	[0.01 s]
45.0.N: Trace Attempt  3	[0.01 s]
45.0.Mpcustom4: caddy15.stanford.edu: "Rocky Linux 8.10 (Green Obsidian)" is an unsupported operating system.
45.0.Ht: clocks: 1, declared: 1, looping: 0, posedge: 1, negedge: 0, noedge: 0, bothedge: 0
45.0.B: caddy15.stanford.edu: "Rocky Linux 8.10 (Green Obsidian)" is an unsupported operating system.
45.0.AM: caddy15.stanford.edu: "Rocky Linux 8.10 (Green Obsidian)" is an unsupported operating system.
45.0.Oh: Proofgrid shell started at 4101434@caddy15.stanford.edu(local) jg_4086220_caddy15.stanford.edu_46
45.0.N: Trace Attempt  3	[0.08 s]
45.0.Ht: Trace Attempt  1	[0.06 s]
45.0.Ht: Trace Attempt  2	[0.06 s]
45.0.Ht: Trace Attempt  3	[0.06 s]
45.0.Oh: clocks: 1, declared: 1, looping: 0, posedge: 1, negedge: 0, noedge: 0, bothedge: 0
45.0.Ht: Trace Attempt  4	[0.07 s]
45.0.Mpcustom4: Proofgrid shell started at 4101430@caddy15.stanford.edu(local) jg_4086220_caddy15.stanford.edu_46
45.0.N: Trace Attempt  4	[0.10 s]
45.0.N: Trace Attempt  5	[0.10 s]
45.0.Ht: Trace Attempt  5	[0.08 s]
45.0.Mpcustom4: clocks: 1, declared: 1, looping: 0, posedge: 1, negedge: 0, noedge: 0, bothedge: 0
45.0.N: Trace Attempt  5	[0.16 s]
45.0.Mpcustom4: Trace Attempt  1	[0.07 s]
45.0.Mpcustom4: Trace Attempt  2	[0.09 s]
45.0.Oh: bwd trail(1): 1 0.110715s
45.0.Oh: All properties either determined or skipped. [0.14 s]
45.0.Oh: Exited with Success (@ 0.27 s)
45.0.Oh: Completed, Restart ignored.
45.0.B: Proofgrid shell started at 4101438@caddy15.stanford.edu(local) jg_4086220_caddy15.stanford.edu_46
45.0.B: clocks: 1, declared: 1, looping: 0, posedge: 1, negedge: 0, noedge: 0, bothedge: 0
45.0.B: Last scan. Per property time limit: 0s
45.0.B: Starting proof for property "CS_div_fsm_s5_46"	[0.00 s].
45.0.B: Trace Attempt  1	[0.01 s]
45.0.B: Trace Attempt  2	[0.02 s]
45.0.B: Trace Attempt  3	[0.03 s]
45.0.AM: Proofgrid shell started at 4101440@caddy15.stanford.edu(local) jg_4086220_caddy15.stanford.edu_46
45.0.B: Trace Attempt  4	[0.04 s]
45.0.B: Trace Attempt  5	[0.08 s]
45.0.AM: clocks: 1, declared: 1, looping: 0, posedge: 1, negedge: 0, noedge: 0, bothedge: 0
45.0.AM: Last scan. Per property time limit: 0s
45.0.AM: Starting proof for property "CS_div_fsm_s5_46"	[0.00 s].
45.0.AM: Trace Attempt  1	[0.00 s]
45.0.AM: Trace Attempt  2	[0.01 s]
45.0.AM: Trace Attempt  3	[0.05 s]
45.0.AM: Trace Attempt  4	[0.11 s]
45.0.AM: Trace Attempt  5	[0.14 s]
45.0.Mpcustom4: Trace Attempt  3	[0.96 s]
45.0.Mpcustom4: Trace Attempt  3	[1.06 s]
45.0.Mpcustom4: Trace Attempt  4	[1.11 s]
45.0.Mpcustom4: Trace Attempt  4	[1.24 s]
45.0.Mpcustom4: Trace Attempt  5	[1.29 s]
45.0.N: Trace Attempt 27	[4.17 s]
45.0.Ht: Trace Attempt 53	[4.17 s]
45.0.B: Trace Attempt 51	[4.22 s]
45.0.AM: Trace Attempt 48	[4.25 s]
45.0.Mpcustom4: Trace Attempt 32	[5.33 s]
45.0.N: Trace Attempt 38	[8.20 s]
45.0.AM: Trace Attempt 59	[8.28 s]
45.0.AM: Trace Attempt  1	[8.68 s]
45.0.AM: Trace Attempt  2	[8.71 s]
45.0.AM: Trace Attempt  3	[8.71 s]
45.0.AM: Trace Attempt  5	[8.73 s]
45.0.Mpcustom4: Trace Attempt 47	[9.74 s]
45.0.N: Trace Attempt 47	[12.41 s]
45.0.Ht: Trace Attempt 74	[12.71 s]
45.0.AM: Trace Attempt 70	[13.19 s]
45.0.AM: Trace Attempt  1	[13.63 s]
45.0.AM: Trace Attempt  2	[13.66 s]
45.0.AM: Trace Attempt  3	[13.67 s]
45.0.AM: Trace Attempt  5	[13.68 s]
45.0.Mpcustom4: Trace Attempt 50	[14.45 s]
45.0.N: Trace Attempt 54	[16.61 s]
45.0.AM: Trace Attempt 72	[17.98 s]
45.0.Mpcustom4: Trace Attempt 54	[18.48 s]
45.0.N: Trace Attempt  1	[19.43 s]
45.0.N: Trace Attempt  2	[19.43 s]
45.0.N: Trace Attempt  3	[19.43 s]
45.0.N: Trace Attempt  5	[19.43 s]
45.0.N: Trace Attempt  1	[22.80 s]
45.0.N: Trace Attempt  2	[22.83 s]
45.0.N: Trace Attempt  3	[22.83 s]
45.0.N: Trace Attempt  5	[22.84 s]
45.0.Mpcustom4: Trace Attempt 63	[23.96 s]
45.0.AM: Trace Attempt 76	[28.95 s]
45.0.Mpcustom4: Trace Attempt 72	[29.90 s]
45.0.N: Trace Attempt 85	[34.05 s]
45.0.Mpcustom4: Trace Attempt 76	[34.35 s]
45.0.Mpcustom4: Trace Attempt 80	[38.66 s]
45.0.AM: Trace Attempt 86	[40.21 s]
45.0.B: Trace Attempt 87	[48.30 s]
45.0.Mpcustom4: Trace Attempt 83	[48.95 s]
45.0.N: Trace Attempt 85	[52.15 s]
45.0.Mpcustom4: Trace Attempt 84	[55.16 s]
45.0.N: Trace Attempt 86	[57.59 s]
45.0.N: Requesting engine job to stop
45.0.B: Requesting engine job to stop
45.0.AM: Requesting engine job to stop
45.0.Hp: Requesting engine job to terminate
45.0.Ht: Requesting engine job to terminate
45.0.Mpcustom4: Requesting engine job to terminate
INFO (IPF144): 45: Initiating shutdown of proof [58.29 s]
45.0.B: A trace with 87 cycles was found. [57.97 s]
INFO (IPF047): 45.0.B: The cover property "CS_div_fsm_s5_46" was covered in 87 cycles in 58.02 s.
45.0.B: Stopped processing property "CS_div_fsm_s5_46"	[58.06 s].
45.0.Hp: Interrupted (multi)
45.0.Hp: All properties determined. [58.28 s]
45.0.B: All properties determined. [58.00 s]
45.0.B: Exited with Success (@ 58.31 s)
45: ProofGrid usable level: 0
45.0.N: Stopped processing property "CS_div_fsm_s5_46"	[58.35 s].
45.0.N: All properties determined. [58.35 s]
45.0.N: Exited with Success (@ 58.41 s)
45.0.AM: Stopped processing property "CS_div_fsm_s5_46"	[58.37 s].
45.0.Hp: Exited with Success (@ 58.77 s)
45.0.AM: All properties determined. [58.38 s]
45.0.AM: Exited with Success (@ 58.90 s)
45.0.Mpcustom4: Trace Attempt 85	[55.20 s]
45.0.Mpcustom4: All properties determined. [58.76 s]
45.0.Mpcustom4: Exited with Success (@ 59.20 s)
45.0.Ht: Sending SIGKILL
45.0.Ht: Trace Attempt 86	[13.36 s]
45.0.Ht: Terminated by signal SIGKILL (@ 60.49 s)
45: --------------------------------------------------------------
ProofGrid Summary (utilization 99.67 %)
--------------------------------------------------------------
     engines started                               :     7
     engine jobs started                           :     7

    Average time in state (seconds)
    ------------------------------------------------------
    Engine  Pending     Running        Dead    Utilization
    ------------------------------------------------------
      N        0.12       58.27        0.00       99.79 %
     Hp        0.09       58.27        0.00       99.85 %
     Ht        0.10       58.24        0.00       99.82 %
    Mpcustom4        0.16       58.15        0.00       99.73 %
     Oh        0.11        0.14        0.00       57.25 %
      B        0.27       58.01        0.00       99.54 %
     AM        0.32       57.93        0.00       99.44 %
    all        0.17       49.86        0.00       99.67 %

    Total time in state (seconds)
    -----------------------------------------
            Pending     Running        Dead  
    -----------------------------------------
               1.17      349.01        0.00

    Data read    : 276.35 kiB
    Data written : 82.05 kiB

45: All pending notifications were processed.
INFO (IPF059): 45: Completed proof on task: "mytask"
cover -name CS_div_fsm_s5_47 {@(posedge clk_i) !div_fsm_s5 ##1 div_fsm_s5 [*47] ##1 !div_fsm_s5 }
INFO (IPF036): Starting proof on task: "mytask", 1 properties to prove with 0 already proven/unreachable
INFO (IPF031): Settings used for proof thread 46:
    orchestration                 = on (auto)
    time_limit                    = 600s
    per_property_time_limit       = 1s * 10 ^ scan
    engine_mode                   = auto
    proofgrid_per_engine_max_jobs = 1
    max engine jobs               = auto
    proofgrid_mode                = local
    proofgrid_restarts            = 10
46: Using multistage preprocessing
46: Starting reduce
46: Finished reduce in 0.042s
46.0.PRE: Performing Proof Simplification...
46.0.N: clocks: 1, declared: 1, looping: 0, posedge: 1, negedge: 0, noedge: 0, bothedge: 0
46.0.N: Proof Simplification Iteration 1	[0.00 s]
46.0.N: Proof Simplification Iteration 2	[0.04 s]
46.0.N: Proof Simplification Iteration 3	[0.06 s]
46.0.N: Proof Simplification Iteration 4	[0.07 s]
46.0.N: Proof Simplification Iteration 5	[0.09 s]
46.0.N: Proof Simplification Iteration 6	[0.11 s]
46.0.N: Proof Simplification Iteration 7	[0.13 s]
46.0.N: Proof Simplification Iteration 8	[0.15 s]
46.0.N: Proof Simplification Iteration 9	[0.17 s]
46.0.N: Proof Simplification Iteration 10	[0.18 s]
46.0.PRE: Proof Simplification completed in 0.23 s
46: About to start ProofGrid in its own thread with a limit of 10000 pending notifications and a limit of 10 traces.
46: =============================== ProofGrid start ===============================
46: ProofGrid usable level: 1
46: Initial ProofGrid level: 1
46: ProofGrid is starting event handling
46.0.Hp: caddy15.stanford.edu: "Rocky Linux 8.10 (Green Obsidian)" is an unsupported operating system.
46.0.N: caddy15.stanford.edu: "Rocky Linux 8.10 (Green Obsidian)" is an unsupported operating system.
46.0.Ht: caddy15.stanford.edu: "Rocky Linux 8.10 (Green Obsidian)" is an unsupported operating system.
46.0.N: Proofgrid shell started at 4101733@caddy15.stanford.edu(local) jg_4086220_caddy15.stanford.edu_47
46.0.Hp: Proofgrid shell started at 4101734@caddy15.stanford.edu(local) jg_4086220_caddy15.stanford.edu_47
46.0.Hp: clocks: 1, declared: 1, looping: 0, posedge: 1, negedge: 0, noedge: 0, bothedge: 0
46.0.N: clocks: 1, declared: 1, looping: 0, posedge: 1, negedge: 0, noedge: 0, bothedge: 0
46.0.N: Last scan. Per property time limit: 0s
46.0.N: Starting proof for property "CS_div_fsm_s5_47"	[0.00 s].
46.0.N: Trace Attempt  1	[0.00 s]
46.0.N: Trace Attempt  2	[0.01 s]
46.0.N: Trace Attempt  3	[0.01 s]
46.0.Ht: Proofgrid shell started at 4101757@caddy15.stanford.edu(local) jg_4086220_caddy15.stanford.edu_47
46.0.AM: caddy15.stanford.edu: "Rocky Linux 8.10 (Green Obsidian)" is an unsupported operating system.
46.0.Ht: clocks: 1, declared: 1, looping: 0, posedge: 1, negedge: 0, noedge: 0, bothedge: 0
46.0.Oh: caddy15.stanford.edu: "Rocky Linux 8.10 (Green Obsidian)" is an unsupported operating system.
46.0.N: Trace Attempt  3	[0.04 s]
46.0.Mpcustom4: caddy15.stanford.edu: "Rocky Linux 8.10 (Green Obsidian)" is an unsupported operating system.
46.0.B: caddy15.stanford.edu: "Rocky Linux 8.10 (Green Obsidian)" is an unsupported operating system.
46.0.N: Trace Attempt  4	[0.06 s]
46.0.N: Trace Attempt  5	[0.06 s]
46.0.Ht: Trace Attempt  1	[0.04 s]
46.0.Ht: Trace Attempt  2	[0.04 s]
46.0.Ht: Trace Attempt  3	[0.04 s]
46.0.Ht: Trace Attempt  4	[0.05 s]
46.0.Ht: Trace Attempt  5	[0.05 s]
46.0.AM: Proofgrid shell started at 4101784@caddy15.stanford.edu(local) jg_4086220_caddy15.stanford.edu_47
46.0.N: Trace Attempt  5	[0.12 s]
46.0.AM: clocks: 1, declared: 1, looping: 0, posedge: 1, negedge: 0, noedge: 0, bothedge: 0
46.0.AM: Last scan. Per property time limit: 0s
46.0.AM: Starting proof for property "CS_div_fsm_s5_47"	[0.00 s].
46.0.AM: Trace Attempt  1	[0.00 s]
46.0.AM: Trace Attempt  2	[0.01 s]
46.0.Oh: Proofgrid shell started at 4101779@caddy15.stanford.edu(local) jg_4086220_caddy15.stanford.edu_47
46.0.AM: Trace Attempt  3	[0.03 s]
46.0.Oh: clocks: 1, declared: 1, looping: 0, posedge: 1, negedge: 0, noedge: 0, bothedge: 0
46.0.B: Proofgrid shell started at 4101781@caddy15.stanford.edu(local) jg_4086220_caddy15.stanford.edu_47
46.0.AM: Trace Attempt  4	[0.09 s]
46.0.B: clocks: 1, declared: 1, looping: 0, posedge: 1, negedge: 0, noedge: 0, bothedge: 0
46.0.B: Last scan. Per property time limit: 0s
46.0.B: Starting proof for property "CS_div_fsm_s5_47"	[0.00 s].
46.0.Mpcustom4: Proofgrid shell started at 4101775@caddy15.stanford.edu(local) jg_4086220_caddy15.stanford.edu_47
46.0.B: Trace Attempt  1	[0.02 s]
46.0.AM: Trace Attempt  5	[0.14 s]
46.0.B: Trace Attempt  2	[0.04 s]
46.0.Mpcustom4: clocks: 1, declared: 1, looping: 0, posedge: 1, negedge: 0, noedge: 0, bothedge: 0
46.0.Oh: bwd trail(1): 1 0.11751s
46.0.Oh: All properties either determined or skipped. [0.14 s]
46.0.B: Trace Attempt  3	[0.06 s]
46.0.Oh: Exited with Success (@ 0.36 s)
46.0.Oh: Completed, Restart ignored.
46.0.B: Trace Attempt  4	[0.07 s]
46.0.Mpcustom4: Trace Attempt  1	[0.05 s]
46.0.Mpcustom4: Trace Attempt  2	[0.07 s]
46.0.B: Trace Attempt  5	[0.17 s]
46.0.Mpcustom4: Trace Attempt  3	[0.82 s]
46.0.Mpcustom4: Trace Attempt  3	[0.86 s]
46.0.Mpcustom4: Trace Attempt  4	[0.89 s]
46.0.Mpcustom4: Trace Attempt  4	[0.94 s]
46.0.Mpcustom4: Trace Attempt  5	[0.97 s]
46.0.N: Trace Attempt 28	[4.19 s]
46.0.AM: Trace Attempt 46	[4.16 s]
46.0.B: Trace Attempt 50	[4.19 s]
46.0.Ht: Trace Attempt 58	[4.55 s]
46.0.Mpcustom4: Trace Attempt 33	[5.31 s]
46.0.AM: Trace Attempt 60	[8.30 s]
46.0.B: Trace Attempt 84	[8.31 s]
46.0.N: Trace Attempt 37	[8.83 s]
46.0.AM: Trace Attempt  1	[8.73 s]
46.0.AM: Trace Attempt  2	[8.75 s]
46.0.AM: Trace Attempt  3	[8.76 s]
46.0.AM: Trace Attempt  5	[8.77 s]
46.0.Mpcustom4: Trace Attempt 47	[9.72 s]
46.0.Ht: Trace Attempt 77	[12.34 s]
46.0.N: Trace Attempt 47	[13.49 s]
46.0.AM: Trace Attempt 71	[13.86 s]
46.0.AM: Trace Attempt  1	[14.31 s]
46.0.AM: Trace Attempt  2	[14.34 s]
46.0.AM: Trace Attempt  3	[14.34 s]
46.0.AM: Trace Attempt  5	[14.36 s]
46.0.Mpcustom4: Trace Attempt 51	[14.52 s]
46.0.AM: Trace Attempt 74	[19.06 s]
46.0.N: Trace Attempt 58	[19.46 s]
46.0.Mpcustom4: Trace Attempt 52	[20.06 s]
46.0.N: Trace Attempt  1	[21.47 s]
46.0.N: Trace Attempt  2	[21.50 s]
46.0.N: Trace Attempt  3	[21.50 s]
46.0.N: Trace Attempt  5	[21.52 s]
46.0.Mpcustom4: Trace Attempt 52	[24.61 s]
46.0.AM: Trace Attempt 75	[30.03 s]
46.0.Mpcustom4: Trace Attempt 55	[30.07 s]
46.0.Mpcustom4: Trace Attempt 57	[37.58 s]
46.0.N: Trace Attempt 86	[42.50 s]
46.0.Mpcustom4: Trace Attempt 58	[43.39 s]
46.0.Mpcustom4: Trace Attempt 60	[48.96 s]
46.0.B: Trace Attempt 88	[52.86 s]
46.0.N: Trace Attempt 86	[53.87 s]
46.0.Mpcustom4: Trace Attempt 69	[55.81 s]
46.0.AM: Trace Attempt 87	[58.26 s]
46.0.N: Requesting engine job to stop
46.0.B: Requesting engine job to stop
46.0.AM: Requesting engine job to stop
46.0.Hp: Requesting engine job to terminate
46.0.Ht: Requesting engine job to terminate
46.0.Mpcustom4: Requesting engine job to terminate
INFO (IPF144): 46: Initiating shutdown of proof [60.44 s]
46.0.B: A trace with 88 cycles was found. [60.11 s]
INFO (IPF047): 46.0.B: The cover property "CS_div_fsm_s5_47" was covered in 88 cycles in 60.16 s.
46.0.B: Stopped processing property "CS_div_fsm_s5_47"	[60.21 s].
46.0.Hp: Interrupted (multi)
46.0.Hp: All properties determined. [60.43 s]
46.0.B: All properties determined. [60.15 s]
46.0.B: Exited with Success (@ 60.45 s)
46: ProofGrid usable level: 0
46.0.Ht: Interrupted (multi)
46.0.Ht: Trace Attempt 87	[12.89 s]
46.0.Ht: All properties determined. [60.46 s]
46.0.N: Stopped processing property "CS_div_fsm_s5_47"	[60.76 s].
46.0.N: All properties determined. [60.76 s]
46.0.N: Exited with Success (@ 60.80 s)
46.0.Hp: Exited with Success (@ 61.00 s)
46.0.Mpcustom4: Trace Attempt 76	[58.70 s]
46.0.Mpcustom4: All properties determined. [60.66 s]
46.0.Ht: Exited with Success (@ 61.00 s)
46.0.AM: Stopped processing property "CS_div_fsm_s5_47"	[60.82 s].
46.0.AM: All properties determined. [60.83 s]
46.0.AM: Exited with Success (@ 61.05 s)
46.0.Mpcustom4: Exited with Success (@ 61.05 s)
46: --------------------------------------------------------------
ProofGrid Summary (utilization 99.67 %)
--------------------------------------------------------------
     engines started                               :     7
     engine jobs started                           :     7

    Average time in state (seconds)
    ------------------------------------------------------
    Engine  Pending     Running        Dead    Utilization
    ------------------------------------------------------
      N        0.11       60.41        0.00       99.82 %
     Hp        0.08       60.43        0.00       99.86 %
     Ht        0.11       60.38        0.00       99.82 %
    Mpcustom4        0.31       60.10        0.00       99.48 %
     Oh        0.19        0.14        0.00       41.42 %
      B        0.26       60.16        0.00       99.57 %
     AM        0.12       60.28        0.00       99.80 %
    all        0.17       51.70        0.00       99.67 %

    Total time in state (seconds)
    -----------------------------------------
            Pending     Running        Dead  
    -----------------------------------------
               1.19      361.91        0.00

    Data read    : 269.17 kiB
    Data written : 52.93 kiB

46: All pending notifications were processed.
INFO (IPF059): 46: Completed proof on task: "mytask"
cover -name CS_div_fsm_s5_48 {@(posedge clk_i) !div_fsm_s5 ##1 div_fsm_s5 [*48] ##1 !div_fsm_s5 }
INFO (IPF036): Starting proof on task: "mytask", 1 properties to prove with 0 already proven/unreachable
INFO (IPF031): Settings used for proof thread 47:
    orchestration                 = on (auto)
    time_limit                    = 600s
    per_property_time_limit       = 1s * 10 ^ scan
    engine_mode                   = auto
    proofgrid_per_engine_max_jobs = 1
    max engine jobs               = auto
    proofgrid_mode                = local
    proofgrid_restarts            = 10
47: Using multistage preprocessing
47: Starting reduce
47: Finished reduce in 0.042s
47.0.PRE: Performing Proof Simplification...
47.0.N: clocks: 1, declared: 1, looping: 0, posedge: 1, negedge: 0, noedge: 0, bothedge: 0
47.0.N: Proof Simplification Iteration 1	[0.00 s]
47.0.N: Proof Simplification Iteration 2	[0.04 s]
47.0.N: Proof Simplification Iteration 3	[0.06 s]
47.0.N: Proof Simplification Iteration 4	[0.07 s]
47.0.N: Proof Simplification Iteration 5	[0.09 s]
47.0.N: Proof Simplification Iteration 6	[0.11 s]
47.0.N: Proof Simplification Iteration 7	[0.13 s]
47.0.N: Proof Simplification Iteration 8	[0.15 s]
47.0.N: Proof Simplification Iteration 9	[0.17 s]
47.0.N: Proof Simplification Iteration 10	[0.18 s]
47.0.PRE: Proof Simplification completed in 0.23 s
47: About to start ProofGrid in its own thread with a limit of 10000 pending notifications and a limit of 10 traces.
47: =============================== ProofGrid start ===============================
47: ProofGrid usable level: 1
47: Initial ProofGrid level: 1
47: ProofGrid is starting event handling
47.0.Hp: caddy15.stanford.edu: "Rocky Linux 8.10 (Green Obsidian)" is an unsupported operating system.
47.0.N: caddy15.stanford.edu: "Rocky Linux 8.10 (Green Obsidian)" is an unsupported operating system.
47.0.Ht: caddy15.stanford.edu: "Rocky Linux 8.10 (Green Obsidian)" is an unsupported operating system.
47.0.N: Proofgrid shell started at 4102079@caddy15.stanford.edu(local) jg_4086220_caddy15.stanford.edu_48
47.0.Mpcustom4: caddy15.stanford.edu: "Rocky Linux 8.10 (Green Obsidian)" is an unsupported operating system.
47.0.Hp: Proofgrid shell started at 4102080@caddy15.stanford.edu(local) jg_4086220_caddy15.stanford.edu_48
47.0.N: clocks: 1, declared: 1, looping: 0, posedge: 1, negedge: 0, noedge: 0, bothedge: 0
47.0.N: Last scan. Per property time limit: 0s
47.0.N: Starting proof for property "CS_div_fsm_s5_48"	[0.00 s].
47.0.N: Trace Attempt  1	[0.01 s]
47.0.N: Trace Attempt  2	[0.01 s]
47.0.N: Trace Attempt  3	[0.01 s]
47.0.Ht: Proofgrid shell started at 4102103@caddy15.stanford.edu(local) jg_4086220_caddy15.stanford.edu_48
47.0.Hp: clocks: 1, declared: 1, looping: 0, posedge: 1, negedge: 0, noedge: 0, bothedge: 0
47.0.Ht: clocks: 1, declared: 1, looping: 0, posedge: 1, negedge: 0, noedge: 0, bothedge: 0
47.0.Mpcustom4: Proofgrid shell started at 4102121@caddy15.stanford.edu(local) jg_4086220_caddy15.stanford.edu_48
47.0.N: Trace Attempt  3	[0.04 s]
47.0.Mpcustom4: clocks: 1, declared: 1, looping: 0, posedge: 1, negedge: 0, noedge: 0, bothedge: 0
47.0.Ht: Trace Attempt  1	[0.04 s]
47.0.Ht: Trace Attempt  2	[0.04 s]
47.0.Ht: Trace Attempt  3	[0.04 s]
47.0.N: Trace Attempt  4	[0.06 s]
47.0.N: Trace Attempt  5	[0.06 s]
47.0.Ht: Trace Attempt  4	[0.04 s]
47.0.Ht: Trace Attempt  5	[0.05 s]
47.0.Mpcustom4: Trace Attempt  1	[0.04 s]
47.0.Mpcustom4: Trace Attempt  2	[0.06 s]
47.0.N: Trace Attempt  5	[0.12 s]
47.0.Oh: caddy15.stanford.edu: "Rocky Linux 8.10 (Green Obsidian)" is an unsupported operating system.
47.0.AM: caddy15.stanford.edu: "Rocky Linux 8.10 (Green Obsidian)" is an unsupported operating system.
47.0.B: caddy15.stanford.edu: "Rocky Linux 8.10 (Green Obsidian)" is an unsupported operating system.
47.0.Oh: Proofgrid shell started at 4102129@caddy15.stanford.edu(local) jg_4086220_caddy15.stanford.edu_48
47.0.Oh: clocks: 1, declared: 1, looping: 0, posedge: 1, negedge: 0, noedge: 0, bothedge: 0
47.0.AM: Proofgrid shell started at 4102143@caddy15.stanford.edu(local) jg_4086220_caddy15.stanford.edu_48
47.0.AM: clocks: 1, declared: 1, looping: 0, posedge: 1, negedge: 0, noedge: 0, bothedge: 0
47.0.AM: Last scan. Per property time limit: 0s
47.0.AM: Starting proof for property "CS_div_fsm_s5_48"	[0.00 s].
47.0.AM: Trace Attempt  1	[0.00 s]
47.0.AM: Trace Attempt  2	[0.01 s]
47.0.AM: Trace Attempt  3	[0.04 s]
47.0.B: Proofgrid shell started at 4102141@caddy15.stanford.edu(local) jg_4086220_caddy15.stanford.edu_48
47.0.B: clocks: 1, declared: 1, looping: 0, posedge: 1, negedge: 0, noedge: 0, bothedge: 0
47.0.Mpcustom4: Trace Attempt  3	[0.61 s]
47.0.B: Last scan. Per property time limit: 0s
47.0.B: Starting proof for property "CS_div_fsm_s5_48"	[0.00 s].
47.0.AM: Trace Attempt  4	[0.10 s]
47.0.B: Trace Attempt  1	[0.01 s]
47.0.B: Trace Attempt  2	[0.02 s]
47.0.Mpcustom4: Trace Attempt  3	[0.66 s]
47.0.B: Trace Attempt  3	[0.04 s]
47.0.AM: Trace Attempt  5	[0.15 s]
47.0.Oh: bwd trail(1): 1 0.119693s
47.0.Mpcustom4: Trace Attempt  4	[0.69 s]
47.0.B: Trace Attempt  4	[0.08 s]
47.0.Oh: All properties either determined or skipped. [0.27 s]
47.0.Oh: Exited with Success (@ 0.78 s)
47.0.Oh: Completed, Restart ignored.
47.0.Mpcustom4: Trace Attempt  4	[0.75 s]
47.0.Mpcustom4: Trace Attempt  5	[0.78 s]
47.0.B: Trace Attempt  5	[0.16 s]
47.0.N: Trace Attempt 29	[4.54 s]
47.0.Ht: Trace Attempt 59	[4.74 s]
47.0.AM: Trace Attempt 47	[4.26 s]
47.0.B: Trace Attempt 42	[4.23 s]
47.0.Mpcustom4: Trace Attempt 37	[5.37 s]
47.0.N: Trace Attempt 37	[8.80 s]
47.0.Ht: Trace Attempt 70	[8.83 s]
47.0.B: Trace Attempt 73	[8.31 s]
47.0.AM: Trace Attempt 61	[8.90 s]
47.0.Mpcustom4: Trace Attempt 51	[9.43 s]
47.0.AM: Trace Attempt  1	[9.33 s]
47.0.AM: Trace Attempt  2	[9.36 s]
47.0.AM: Trace Attempt  3	[9.37 s]
47.0.AM: Trace Attempt  5	[9.38 s]
47.0.N: Trace Attempt 47	[13.31 s]
47.0.AM: Trace Attempt 72	[13.88 s]
47.0.AM: Trace Attempt  1	[14.54 s]
47.0.AM: Trace Attempt  2	[14.56 s]
47.0.AM: Trace Attempt  3	[14.57 s]
47.0.AM: Trace Attempt  5	[14.58 s]
47.0.Mpcustom4: Trace Attempt 52	[15.51 s]
47.0.N: Trace Attempt 53	[17.88 s]
47.0.AM: Trace Attempt 74	[18.73 s]
47.0.N: Trace Attempt 57	[22.29 s]
47.0.N: Trace Attempt  1	[24.03 s]
47.0.N: Trace Attempt  2	[24.06 s]
47.0.N: Trace Attempt  3	[24.07 s]
47.0.N: Trace Attempt  5	[24.08 s]
47.0.AM: Trace Attempt 75	[23.73 s]
47.0.Mpcustom4: Trace Attempt 52	[28.90 s]
47.0.Mpcustom4: Trace Attempt 53	[34.95 s]
47.0.AM: Trace Attempt 80	[36.33 s]
47.0.Mpcustom4: Trace Attempt 53	[39.11 s]
47.0.Mpcustom4: Trace Attempt 54	[44.09 s]
47.0.B: Trace Attempt 89	[45.25 s]
47.0.Ht: Trace Attempt 81	[46.20 s]
47.0.N: Trace Attempt 71	[46.53 s]
47.0.Mpcustom4: Trace Attempt 60	[48.14 s]
47.0.Mpcustom4: Trace Attempt 64	[53.61 s]
47.0.N: Trace Attempt 71	[54.53 s]
47.0.N: Requesting engine job to stop
47.0.B: Requesting engine job to stop
47.0.AM: Requesting engine job to stop
47.0.Hp: Requesting engine job to terminate
47.0.Ht: Requesting engine job to terminate
47.0.Mpcustom4: Requesting engine job to terminate
INFO (IPF144): 47: Initiating shutdown of proof [57.70 s]
47.0.B: A trace with 89 cycles was found. [56.99 s]
INFO (IPF047): 47.0.B: The cover property "CS_div_fsm_s5_48" was covered in 89 cycles in 57.04 s.
47.0.B: Stopped processing property "CS_div_fsm_s5_48"	[57.08 s].
47.0.B: All properties determined. [57.02 s]
47.0.Ht: Interrupted (multi)
47.0.Ht: Trace Attempt 89	[46.63 s]
47.0.Ht: All properties determined. [57.66 s]
47.0.B: Exited with Success (@ 57.72 s)
47: ProofGrid usable level: 0
47.0.Hp: Interrupted (multi)
47.0.Hp: All properties determined. [57.71 s]
47.0.AM: Trace Attempt 87	[36.88 s]
47.0.AM: Stopped processing property "CS_div_fsm_s5_48"	[57.25 s].
47.0.AM: All properties determined. [57.26 s]
47.0.AM: Exited with Success (@ 57.86 s)
47.0.N: Stopped processing property "CS_div_fsm_s5_48"	[57.87 s].
47.0.N: All properties determined. [57.89 s]
47.0.Hp: Exited with Success (@ 58.28 s)
47.0.N: Exited with Success (@ 58.28 s)
47.0.Mpcustom4: Trace Attempt 67	[53.80 s]
47.0.Mpcustom4: All properties determined. [58.21 s]
47.0.Ht: Exited with Success (@ 58.56 s)
47.0.Mpcustom4: Exited with Success (@ 58.56 s)
47: --------------------------------------------------------------
ProofGrid Summary (utilization 99.44 %)
--------------------------------------------------------------
     engines started                               :     7
     engine jobs started                           :     7

    Average time in state (seconds)
    ------------------------------------------------------
    Engine  Pending     Running        Dead    Utilization
    ------------------------------------------------------
      N        0.09       57.70        0.00       99.84 %
     Hp        0.10       57.66        0.00       99.83 %
     Ht        0.10       57.65        0.00       99.84 %
    Mpcustom4        0.08       57.63        0.00       99.86 %
     Oh        0.48        0.27        0.00       35.96 %
      B        0.61       57.04        0.00       98.94 %
     AM        0.49       57.16        0.00       99.14 %
    all        0.28       49.30        0.00       99.44 %

    Total time in state (seconds)
    -----------------------------------------
            Pending     Running        Dead  
    -----------------------------------------
               1.96      345.11        0.00

    Data read    : 267.84 kiB
    Data written : 31.91 kiB

47: All pending notifications were processed.
INFO (IPF059): 47: Completed proof on task: "mytask"
cover -name CS_div_fsm_s5_49 {@(posedge clk_i) !div_fsm_s5 ##1 div_fsm_s5 [*49] ##1 !div_fsm_s5 }
INFO (IPF036): Starting proof on task: "mytask", 1 properties to prove with 0 already proven/unreachable
INFO (IPF031): Settings used for proof thread 48:
    orchestration                 = on (auto)
    time_limit                    = 600s
    per_property_time_limit       = 1s * 10 ^ scan
    engine_mode                   = auto
    proofgrid_per_engine_max_jobs = 1
    max engine jobs               = auto
    proofgrid_mode                = local
    proofgrid_restarts            = 10
48: Using multistage preprocessing
48: Starting reduce
48: Finished reduce in 0.043s
48.0.PRE: Performing Proof Simplification...
48.0.N: clocks: 1, declared: 1, looping: 0, posedge: 1, negedge: 0, noedge: 0, bothedge: 0
48.0.N: Proof Simplification Iteration 1	[0.00 s]
48.0.N: Proof Simplification Iteration 2	[0.04 s]
48.0.N: Proof Simplification Iteration 3	[0.06 s]
48.0.N: Proof Simplification Iteration 4	[0.07 s]
48.0.N: Proof Simplification Iteration 5	[0.09 s]
48.0.N: Proof Simplification Iteration 6	[0.11 s]
48.0.N: Proof Simplification Iteration 7	[0.13 s]
48.0.N: Proof Simplification Iteration 8	[0.15 s]
48.0.N: Proof Simplification Iteration 9	[0.17 s]
48.0.N: Proof Simplification Iteration 10	[0.19 s]
48.0.PRE: Proof Simplification completed in 0.23 s
48: About to start ProofGrid in its own thread with a limit of 10000 pending notifications and a limit of 10 traces.
48: =============================== ProofGrid start ===============================
48: ProofGrid usable level: 1
48: Initial ProofGrid level: 1
48: ProofGrid is starting event handling
48.0.N: caddy15.stanford.edu: "Rocky Linux 8.10 (Green Obsidian)" is an unsupported operating system.
48.0.Hp: caddy15.stanford.edu: "Rocky Linux 8.10 (Green Obsidian)" is an unsupported operating system.
48.0.Ht: caddy15.stanford.edu: "Rocky Linux 8.10 (Green Obsidian)" is an unsupported operating system.
48.0.N: Proofgrid shell started at 4102585@caddy15.stanford.edu(local) jg_4086220_caddy15.stanford.edu_49
48.0.Hp: Proofgrid shell started at 4102586@caddy15.stanford.edu(local) jg_4086220_caddy15.stanford.edu_49
48.0.Oh: caddy15.stanford.edu: "Rocky Linux 8.10 (Green Obsidian)" is an unsupported operating system.
48.0.N: clocks: 1, declared: 1, looping: 0, posedge: 1, negedge: 0, noedge: 0, bothedge: 0
48.0.Hp: clocks: 1, declared: 1, looping: 0, posedge: 1, negedge: 0, noedge: 0, bothedge: 0
48.0.Ht: Proofgrid shell started at 4102608@caddy15.stanford.edu(local) jg_4086220_caddy15.stanford.edu_49
48.0.Mpcustom4: caddy15.stanford.edu: "Rocky Linux 8.10 (Green Obsidian)" is an unsupported operating system.
48.0.N: Last scan. Per property time limit: 0s
48.0.N: Starting proof for property "CS_div_fsm_s5_49"	[0.00 s].
48.0.N: Trace Attempt  1	[0.01 s]
48.0.N: Trace Attempt  2	[0.01 s]
48.0.N: Trace Attempt  3	[0.01 s]
48.0.Ht: clocks: 1, declared: 1, looping: 0, posedge: 1, negedge: 0, noedge: 0, bothedge: 0
48.0.Oh: Proofgrid shell started at 4102630@caddy15.stanford.edu(local) jg_4086220_caddy15.stanford.edu_49
48.0.Ht: Trace Attempt  1	[0.05 s]
48.0.Ht: Trace Attempt  2	[0.05 s]
48.0.Ht: Trace Attempt  3	[0.05 s]
48.0.N: Trace Attempt  3	[0.06 s]
48.0.Ht: Trace Attempt  4	[0.06 s]
48.0.Ht: Trace Attempt  5	[0.07 s]
48.0.Mpcustom4: Proofgrid shell started at 4102611@caddy15.stanford.edu(local) jg_4086220_caddy15.stanford.edu_49
48.0.Oh: clocks: 1, declared: 1, looping: 0, posedge: 1, negedge: 0, noedge: 0, bothedge: 0
48.0.N: Trace Attempt  4	[0.08 s]
48.0.N: Trace Attempt  5	[0.08 s]
48.0.Mpcustom4: clocks: 1, declared: 1, looping: 0, posedge: 1, negedge: 0, noedge: 0, bothedge: 0
48.0.AM: caddy15.stanford.edu: "Rocky Linux 8.10 (Green Obsidian)" is an unsupported operating system.
48.0.B: caddy15.stanford.edu: "Rocky Linux 8.10 (Green Obsidian)" is an unsupported operating system.
48.0.Mpcustom4: Trace Attempt  1	[0.08 s]
48.0.Mpcustom4: Trace Attempt  2	[0.11 s]
48.0.N: Trace Attempt  5	[0.20 s]
48.0.Oh: bwd trail(1): 1 0.115968s
48.0.Oh: All properties either determined or skipped. [0.14 s]
48.0.Oh: Exited with Success (@ 0.24 s)
48.0.Oh: Completed, Restart ignored.
48.0.B: Proofgrid shell started at 4102649@caddy15.stanford.edu(local) jg_4086220_caddy15.stanford.edu_49
48.0.AM: Proofgrid shell started at 4102657@caddy15.stanford.edu(local) jg_4086220_caddy15.stanford.edu_49
48.0.AM: clocks: 1, declared: 1, looping: 0, posedge: 1, negedge: 0, noedge: 0, bothedge: 0
48.0.B: clocks: 1, declared: 1, looping: 0, posedge: 1, negedge: 0, noedge: 0, bothedge: 0
48.0.AM: Last scan. Per property time limit: 0s
48.0.AM: Starting proof for property "CS_div_fsm_s5_49"	[0.00 s].
48.0.B: Last scan. Per property time limit: 0s
48.0.B: Starting proof for property "CS_div_fsm_s5_49"	[0.00 s].
48.0.AM: Trace Attempt  1	[0.00 s]
48.0.AM: Trace Attempt  2	[0.01 s]
48.0.B: Trace Attempt  1	[0.01 s]
48.0.B: Trace Attempt  2	[0.02 s]
48.0.AM: Trace Attempt  3	[0.04 s]
48.0.B: Trace Attempt  3	[0.04 s]
48.0.B: Trace Attempt  4	[0.06 s]
48.0.AM: Trace Attempt  4	[0.11 s]
48.0.B: Trace Attempt  5	[0.15 s]
48.0.AM: Trace Attempt  5	[0.15 s]
48.0.Mpcustom4: Trace Attempt  3	[1.15 s]
48.0.Mpcustom4: Trace Attempt  3	[1.26 s]
48.0.Mpcustom4: Trace Attempt  4	[1.31 s]
48.0.Mpcustom4: Trace Attempt  4	[1.43 s]
48.0.Mpcustom4: Trace Attempt  5	[1.45 s]
48.0.Ht: Trace Attempt 61	[4.08 s]
48.0.N: Trace Attempt 27	[4.29 s]
48.0.B: Trace Attempt 37	[4.21 s]
48.0.AM: Trace Attempt 45	[4.27 s]
48.0.Mpcustom4: Trace Attempt 35	[5.50 s]
48.0.Ht: Trace Attempt 74	[8.09 s]
48.0.N: Trace Attempt 38	[8.30 s]
48.0.B: Trace Attempt 75	[8.25 s]
48.0.Mpcustom4: Trace Attempt 47	[9.51 s]
48.0.AM: Trace Attempt 62	[9.11 s]
48.0.AM: Trace Attempt  1	[9.54 s]
48.0.AM: Trace Attempt  2	[9.57 s]
48.0.AM: Trace Attempt  3	[9.57 s]
48.0.AM: Trace Attempt  5	[9.58 s]
48.0.N: Trace Attempt 47	[12.83 s]
48.0.Mpcustom4: Trace Attempt 53	[13.77 s]
48.0.AM: Trace Attempt 73	[13.65 s]
48.0.AM: Trace Attempt  1	[14.10 s]
48.0.AM: Trace Attempt  2	[14.13 s]
48.0.AM: Trace Attempt  3	[14.14 s]
48.0.AM: Trace Attempt  5	[14.15 s]
48.0.N: Trace Attempt 58	[17.29 s]
48.0.Mpcustom4: Trace Attempt 54	[18.92 s]
48.0.AM: Trace Attempt 76	[18.63 s]
48.0.N: Trace Attempt 61	[21.43 s]
48.0.N: Trace Attempt  1	[22.37 s]
48.0.N: Trace Attempt  2	[22.40 s]
48.0.N: Trace Attempt  3	[22.40 s]
48.0.N: Trace Attempt  5	[22.42 s]
48.0.Mpcustom4: Trace Attempt 54	[24.06 s]
48.0.Mpcustom4: Trace Attempt 55	[29.86 s]
48.0.AM: Trace Attempt 81	[32.64 s]
48.0.Mpcustom4: Trace Attempt 55	[34.60 s]
48.0.N: Trace Attempt 87	[35.36 s]
48.0.Mpcustom4: Trace Attempt 55	[39.71 s]
48.0.Ht: Trace Attempt 80	[40.74 s]
48.0.Mpcustom4: Trace Attempt 55	[45.00 s]
48.0.Mpcustom4: Trace Attempt 55	[50.14 s]
48.0.AM: Trace Attempt 89	[51.41 s]
48.0.Mpcustom4: Trace Attempt 64	[57.02 s]
48.0.N: Trace Attempt 87	[57.89 s]
48.0.AM: Trace Attempt 90	[58.47 s]
48.0.Mpcustom4: Trace Attempt 70	[63.48 s]
48.0.B: Trace Attempt 90	[63.10 s]
48.0.N: Requesting engine job to stop
48.0.B: Requesting engine job to stop
48.0.AM: Requesting engine job to stop
48.0.Hp: Requesting engine job to terminate
48.0.Ht: Requesting engine job to terminate
48.0.Mpcustom4: Requesting engine job to terminate
INFO (IPF144): 48: Initiating shutdown of proof [69.65 s]
48.0.B: A trace with 90 cycles was found. [69.04 s]
INFO (IPF047): 48.0.B: The cover property "CS_div_fsm_s5_49" was covered in 90 cycles in 69.12 s.
48.0.B: Stopped processing property "CS_div_fsm_s5_49"	[69.17 s].
48.0.Hp: Interrupted (multi)
48.0.Hp: All properties determined. [69.65 s]
48.0.B: All properties determined. [69.11 s]
48.0.B: Exited with Success (@ 69.68 s)
48: ProofGrid usable level: 0
48.0.N: Stopped processing property "CS_div_fsm_s5_49"	[69.98 s].
48.0.N: All properties determined. [69.99 s]
48.0.N: Exited with Success (@ 70.03 s)
48.0.Hp: Exited with Success (@ 70.10 s)
48.0.Mpcustom4: Trace Attempt 71	[67.27 s]
48.0.Mpcustom4: All properties determined. [70.16 s]
48.0.Mpcustom4: Exited with Success (@ 70.56 s)
48.0.AM: Stopped processing property "CS_div_fsm_s5_49"	[70.45 s].
48.0.AM: All properties determined. [70.47 s]
48.0.AM: Exited with Success (@ 71.28 s)
48.0.Ht: Sending SIGKILL
48.0.Ht: Trace Attempt 89	[41.25 s]
48.0.Ht: Terminated by signal SIGKILL (@ 71.82 s)
48: --------------------------------------------------------------
ProofGrid Summary (utilization 99.65 %)
--------------------------------------------------------------
     engines started                               :     7
     engine jobs started                           :     7

    Average time in state (seconds)
    ------------------------------------------------------
    Engine  Pending     Running        Dead    Utilization
    ------------------------------------------------------
      N        0.11       69.64        0.00       99.85 %
     Hp        0.09       69.64        0.00       99.87 %
     Ht        0.09       69.62        0.00       99.87 %
    Mpcustom4        0.17       69.54        0.00       99.76 %
     Oh        0.12        0.14        0.00       54.99 %
      B        0.44       69.12        0.00       99.37 %
     AM        0.43       69.14        0.00       99.38 %
    all        0.21       59.55        0.00       99.65 %

    Total time in state (seconds)
    -----------------------------------------
            Pending     Running        Dead  
    -----------------------------------------
               1.45      416.85        0.00

    Data read    : 278.04 kiB
    Data written : 27.64 kiB

48: All pending notifications were processed.
INFO (IPF059): 48: Completed proof on task: "mytask"
cover -name CS_div_fsm_s5_50 {@(posedge clk_i) !div_fsm_s5 ##1 div_fsm_s5 [*50] ##1 !div_fsm_s5 }
INFO (IPF036): Starting proof on task: "mytask", 1 properties to prove with 0 already proven/unreachable
INFO (IPF031): Settings used for proof thread 49:
    orchestration                 = on (auto)
    time_limit                    = 600s
    per_property_time_limit       = 1s * 10 ^ scan
    engine_mode                   = auto
    proofgrid_per_engine_max_jobs = 1
    max engine jobs               = auto
    proofgrid_mode                = local
    proofgrid_restarts            = 10
49: Using multistage preprocessing
49: Starting reduce
49: Finished reduce in 0.042s
49.0.PRE: Performing Proof Simplification...
49.0.N: clocks: 1, declared: 1, looping: 0, posedge: 1, negedge: 0, noedge: 0, bothedge: 0
49.0.N: Proof Simplification Iteration 1	[0.00 s]
49.0.N: Proof Simplification Iteration 2	[0.04 s]
49.0.N: Proof Simplification Iteration 3	[0.06 s]
49.0.N: Proof Simplification Iteration 4	[0.07 s]
49.0.N: Proof Simplification Iteration 5	[0.09 s]
49.0.N: Proof Simplification Iteration 6	[0.11 s]
49.0.N: Proof Simplification Iteration 7	[0.13 s]
49.0.N: Proof Simplification Iteration 8	[0.15 s]
49.0.N: Proof Simplification Iteration 9	[0.17 s]
49.0.N: Proof Simplification Iteration 10	[0.18 s]
49.0.PRE: Proof Simplification completed in 0.23 s
49: About to start ProofGrid in its own thread with a limit of 10000 pending notifications and a limit of 10 traces.
49: =============================== ProofGrid start ===============================
49: ProofGrid usable level: 1
49: Initial ProofGrid level: 1
49: ProofGrid is starting event handling
49.0.Hp: caddy15.stanford.edu: "Rocky Linux 8.10 (Green Obsidian)" is an unsupported operating system.
49.0.N: caddy15.stanford.edu: "Rocky Linux 8.10 (Green Obsidian)" is an unsupported operating system.
49.0.Ht: caddy15.stanford.edu: "Rocky Linux 8.10 (Green Obsidian)" is an unsupported operating system.
49.0.Hp: Proofgrid shell started at 4102933@caddy15.stanford.edu(local) jg_4086220_caddy15.stanford.edu_50
49.0.N: Proofgrid shell started at 4102932@caddy15.stanford.edu(local) jg_4086220_caddy15.stanford.edu_50
49.0.Hp: clocks: 1, declared: 1, looping: 0, posedge: 1, negedge: 0, noedge: 0, bothedge: 0
49.0.N: clocks: 1, declared: 1, looping: 0, posedge: 1, negedge: 0, noedge: 0, bothedge: 0
49.0.Ht: Proofgrid shell started at 4102955@caddy15.stanford.edu(local) jg_4086220_caddy15.stanford.edu_50
49.0.Mpcustom4: caddy15.stanford.edu: "Rocky Linux 8.10 (Green Obsidian)" is an unsupported operating system.
49.0.N: Last scan. Per property time limit: 0s
49.0.N: Starting proof for property "CS_div_fsm_s5_50"	[0.00 s].
49.0.Ht: clocks: 1, declared: 1, looping: 0, posedge: 1, negedge: 0, noedge: 0, bothedge: 0
49.0.B: caddy15.stanford.edu: "Rocky Linux 8.10 (Green Obsidian)" is an unsupported operating system.
49.0.N: Trace Attempt  1	[0.01 s]
49.0.N: Trace Attempt  2	[0.01 s]
49.0.N: Trace Attempt  3	[0.01 s]
49.0.Ht: Trace Attempt  1	[0.04 s]
49.0.Ht: Trace Attempt  2	[0.04 s]
49.0.Ht: Trace Attempt  3	[0.04 s]
49.0.N: Trace Attempt  3	[0.04 s]
49.0.Ht: Trace Attempt  4	[0.04 s]
49.0.Ht: Trace Attempt  5	[0.05 s]
49.0.N: Trace Attempt  4	[0.06 s]
49.0.N: Trace Attempt  5	[0.06 s]
49.0.B: Proofgrid shell started at 4102986@caddy15.stanford.edu(local) jg_4086220_caddy15.stanford.edu_50
49.0.Oh: caddy15.stanford.edu: "Rocky Linux 8.10 (Green Obsidian)" is an unsupported operating system.
49.0.B: clocks: 1, declared: 1, looping: 0, posedge: 1, negedge: 0, noedge: 0, bothedge: 0
49.0.B: Last scan. Per property time limit: 0s
49.0.B: Starting proof for property "CS_div_fsm_s5_50"	[0.00 s].
49.0.B: Trace Attempt  1	[0.01 s]
49.0.B: Trace Attempt  2	[0.02 s]
49.0.B: Trace Attempt  3	[0.03 s]
49.0.B: Trace Attempt  4	[0.04 s]
49.0.N: Trace Attempt  5	[0.12 s]
49.0.B: Trace Attempt  5	[0.07 s]
49.0.AM: caddy15.stanford.edu: "Rocky Linux 8.10 (Green Obsidian)" is an unsupported operating system.
49.0.Mpcustom4: Proofgrid shell started at 4102974@caddy15.stanford.edu(local) jg_4086220_caddy15.stanford.edu_50
49.0.Mpcustom4: clocks: 1, declared: 1, looping: 0, posedge: 1, negedge: 0, noedge: 0, bothedge: 0
49.0.Oh: Proofgrid shell started at 4102983@caddy15.stanford.edu(local) jg_4086220_caddy15.stanford.edu_50
49.0.Mpcustom4: Trace Attempt  1	[0.07 s]
49.0.Mpcustom4: Trace Attempt  2	[0.10 s]
49.0.Oh: clocks: 1, declared: 1, looping: 0, posedge: 1, negedge: 0, noedge: 0, bothedge: 0
49.0.AM: Proofgrid shell started at 4102988@caddy15.stanford.edu(local) jg_4086220_caddy15.stanford.edu_50
49.0.AM: clocks: 1, declared: 1, looping: 0, posedge: 1, negedge: 0, noedge: 0, bothedge: 0
49.0.AM: Last scan. Per property time limit: 0s
49.0.AM: Starting proof for property "CS_div_fsm_s5_50"	[0.00 s].
49.0.AM: Trace Attempt  1	[0.00 s]
49.0.AM: Trace Attempt  2	[0.01 s]
49.0.AM: Trace Attempt  3	[0.05 s]
49.0.AM: Trace Attempt  4	[0.11 s]
49.0.AM: Trace Attempt  5	[0.14 s]
49.0.Oh: bwd trail(1): 1 0.117561s
49.0.Oh: All properties either determined or skipped. [0.35 s]
49.0.Oh: Exited with Success (@ 0.76 s)
49.0.Oh: Completed, Restart ignored.
49.0.Mpcustom4: Trace Attempt  3	[0.64 s]
49.0.Mpcustom4: Trace Attempt  3	[0.71 s]
49.0.Mpcustom4: Trace Attempt  4	[0.74 s]
49.0.Mpcustom4: Trace Attempt  4	[0.80 s]
49.0.Mpcustom4: Trace Attempt  5	[0.82 s]
49.0.Ht: Trace Attempt 63	[4.16 s]
49.0.B: Trace Attempt 51	[4.08 s]
49.0.N: Trace Attempt 29	[4.47 s]
49.0.AM: Trace Attempt 47	[4.44 s]
49.0.Mpcustom4: Trace Attempt 33	[4.83 s]
49.0.B: Trace Attempt 87	[8.16 s]
49.0.N: Trace Attempt 41	[8.86 s]
49.0.Ht: Trace Attempt 79	[8.95 s]
49.0.Mpcustom4: Trace Attempt 41	[8.98 s]
49.0.AM: Trace Attempt 63	[9.39 s]
49.0.AM: Trace Attempt  1	[9.82 s]
49.0.AM: Trace Attempt  2	[9.85 s]
49.0.AM: Trace Attempt  3	[9.85 s]
49.0.AM: Trace Attempt  5	[9.87 s]
49.0.N: Trace Attempt 49	[13.75 s]
49.0.Mpcustom4: Trace Attempt 53	[13.78 s]
49.0.AM: Trace Attempt 74	[14.90 s]
49.0.AM: Trace Attempt  1	[15.37 s]
49.0.AM: Trace Attempt  2	[15.39 s]
49.0.AM: Trace Attempt  3	[15.40 s]
49.0.AM: Trace Attempt  5	[15.41 s]
49.0.N: Trace Attempt 55	[17.84 s]
49.0.Mpcustom4: Trace Attempt 54	[18.82 s]
49.0.AM: Trace Attempt 76	[20.43 s]
49.0.N: Trace Attempt 61	[22.03 s]
49.0.Mpcustom4: Trace Attempt 54	[23.73 s]
49.0.N: Trace Attempt 63	[26.27 s]
49.0.N: Trace Attempt  1	[28.12 s]
49.0.N: Trace Attempt  2	[28.15 s]
49.0.N: Trace Attempt  3	[28.15 s]
49.0.N: Trace Attempt  5	[28.16 s]
49.0.Mpcustom4: Trace Attempt 60	[28.71 s]
49.0.Mpcustom4: Trace Attempt 63	[33.43 s]
49.0.AM: Trace Attempt 82	[33.92 s]
49.0.Mpcustom4: Trace Attempt 70	[39.52 s]
49.0.N: Trace Attempt 88	[42.29 s]
49.0.Mpcustom4: Trace Attempt 73	[43.53 s]
49.0.Mpcustom4: Trace Attempt 75	[49.11 s]
49.0.B: Trace Attempt 91	[54.98 s]
49.0.AM: Trace Attempt 90	[54.78 s]
49.0.Mpcustom4: Trace Attempt 81	[55.74 s]
49.0.N: Trace Attempt 89	[59.55 s]
49.0.N: Requesting engine job to stop
49.0.B: Requesting engine job to stop
49.0.AM: Requesting engine job to stop
49.0.Hp: Requesting engine job to terminate
49.0.Ht: Requesting engine job to terminate
49.0.Mpcustom4: Requesting engine job to terminate
INFO (IPF144): 49: Initiating shutdown of proof [60.62 s]
49.0.B: A trace with 91 cycles was found. [60.47 s]
INFO (IPF047): 49.0.B: The cover property "CS_div_fsm_s5_50" was covered in 91 cycles in 60.53 s.
49.0.B: Stopped processing property "CS_div_fsm_s5_50"	[60.55 s].
49.0.B: All properties determined. [60.51 s]
49.0.B: Exited with Success (@ 60.64 s)
49: ProofGrid usable level: 0
49.0.Ht: Interrupted (multi)
49.0.Ht: Trace Attempt 90	[9.54 s]
49.0.Ht: All properties determined. [60.64 s]
49.0.N: Stopped processing property "CS_div_fsm_s5_50"	[60.68 s].
49.0.N: All properties determined. [60.69 s]
49.0.N: Exited with Success (@ 60.73 s)
49.0.Hp: Interrupted (multi)
49.0.Hp: All properties determined. [60.95 s]
49.0.Ht: Exited with Success (@ 61.06 s)
49.0.Hp: Exited with Success (@ 61.27 s)
49.0.Mpcustom4: Trace Attempt 86	[58.41 s]
49.0.Mpcustom4: All properties determined. [60.97 s]
49.0.AM: Trace Attempt 91	[55.69 s]
49.0.AM: Stopped processing property "CS_div_fsm_s5_50"	[60.92 s].
49.0.Mpcustom4: Exited with Success (@ 61.49 s)
49.0.AM: All properties determined. [60.94 s]
49.0.AM: Exited with Success (@ 61.52 s)
49: --------------------------------------------------------------
ProofGrid Summary (utilization 99.57 %)
--------------------------------------------------------------
     engines started                               :     7
     engine jobs started                           :     7

    Average time in state (seconds)
    ------------------------------------------------------
    Engine  Pending     Running        Dead    Utilization
    ------------------------------------------------------
      N        0.10       60.61        0.00       99.83 %
     Hp        0.08       60.62        0.00       99.87 %
     Ht        0.08       60.59        0.00       99.86 %
    Mpcustom4        0.32       60.31        0.00       99.48 %
     Oh        0.38        0.36        0.00       48.43 %
      B        0.10       60.52        0.00       99.84 %
     AM        0.50       60.09        0.00       99.17 %
    all        0.22       51.87        0.00       99.57 %

    Total time in state (seconds)
    -----------------------------------------
            Pending     Running        Dead  
    -----------------------------------------
               1.56      363.09        0.00

    Data read    : 287.70 kiB
    Data written : 46.05 kiB

49: All pending notifications were processed.
INFO (IPF059): 49: Completed proof on task: "mytask"
cover -name CS_div_fsm_s5_51 {@(posedge clk_i) !div_fsm_s5 ##1 div_fsm_s5 [*51] ##1 !div_fsm_s5 }
INFO (IPF036): Starting proof on task: "mytask", 1 properties to prove with 0 already proven/unreachable
INFO (IPF031): Settings used for proof thread 50:
    orchestration                 = on (auto)
    time_limit                    = 600s
    per_property_time_limit       = 1s * 10 ^ scan
    engine_mode                   = auto
    proofgrid_per_engine_max_jobs = 1
    max engine jobs               = auto
    proofgrid_mode                = local
    proofgrid_restarts            = 10
50: Using multistage preprocessing
50: Starting reduce
50: Finished reduce in 0.043s
50.0.PRE: Performing Proof Simplification...
50.0.N: clocks: 1, declared: 1, looping: 0, posedge: 1, negedge: 0, noedge: 0, bothedge: 0
50.0.N: Proof Simplification Iteration 1	[0.00 s]
50.0.N: Proof Simplification Iteration 2	[0.04 s]
50.0.N: Proof Simplification Iteration 3	[0.06 s]
50.0.N: Proof Simplification Iteration 4	[0.07 s]
50.0.N: Proof Simplification Iteration 5	[0.09 s]
50.0.N: Proof Simplification Iteration 6	[0.11 s]
50.0.N: Proof Simplification Iteration 7	[0.13 s]
50.0.N: Proof Simplification Iteration 8	[0.15 s]
50.0.N: Proof Simplification Iteration 9	[0.17 s]
50.0.N: Proof Simplification Iteration 10	[0.18 s]
50.0.PRE: Proof Simplification completed in 0.23 s
50: About to start ProofGrid in its own thread with a limit of 10000 pending notifications and a limit of 10 traces.
50: =============================== ProofGrid start ===============================
50: ProofGrid usable level: 1
50: Initial ProofGrid level: 1
50: ProofGrid is starting event handling
50.0.Hp: caddy15.stanford.edu: "Rocky Linux 8.10 (Green Obsidian)" is an unsupported operating system.
50.0.N: caddy15.stanford.edu: "Rocky Linux 8.10 (Green Obsidian)" is an unsupported operating system.
50.0.Ht: caddy15.stanford.edu: "Rocky Linux 8.10 (Green Obsidian)" is an unsupported operating system.
50.0.N: Proofgrid shell started at 4103162@caddy15.stanford.edu(local) jg_4086220_caddy15.stanford.edu_51
50.0.Hp: Proofgrid shell started at 4103163@caddy15.stanford.edu(local) jg_4086220_caddy15.stanford.edu_51
50.0.Mpcustom4: caddy15.stanford.edu: "Rocky Linux 8.10 (Green Obsidian)" is an unsupported operating system.
50.0.N: clocks: 1, declared: 1, looping: 0, posedge: 1, negedge: 0, noedge: 0, bothedge: 0
50.0.Hp: clocks: 1, declared: 1, looping: 0, posedge: 1, negedge: 0, noedge: 0, bothedge: 0
50.0.Ht: Proofgrid shell started at 4103186@caddy15.stanford.edu(local) jg_4086220_caddy15.stanford.edu_51
50.0.N: Last scan. Per property time limit: 0s
50.0.N: Starting proof for property "CS_div_fsm_s5_51"	[0.00 s].
50.0.N: Trace Attempt  1	[0.00 s]
50.0.N: Trace Attempt  2	[0.01 s]
50.0.N: Trace Attempt  3	[0.01 s]
50.0.Ht: clocks: 1, declared: 1, looping: 0, posedge: 1, negedge: 0, noedge: 0, bothedge: 0
50.0.Mpcustom4: Proofgrid shell started at 4103204@caddy15.stanford.edu(local) jg_4086220_caddy15.stanford.edu_51
50.0.B: caddy15.stanford.edu: "Rocky Linux 8.10 (Green Obsidian)" is an unsupported operating system.
50.0.Mpcustom4: clocks: 1, declared: 1, looping: 0, posedge: 1, negedge: 0, noedge: 0, bothedge: 0
50.0.N: Trace Attempt  3	[0.07 s]
50.0.Ht: Trace Attempt  1	[0.05 s]
50.0.Ht: Trace Attempt  2	[0.05 s]
50.0.Ht: Trace Attempt  3	[0.05 s]
50.0.Ht: Trace Attempt  4	[0.06 s]
50.0.Ht: Trace Attempt  5	[0.07 s]
50.0.Oh: caddy15.stanford.edu: "Rocky Linux 8.10 (Green Obsidian)" is an unsupported operating system.
50.0.N: Trace Attempt  4	[0.10 s]
50.0.N: Trace Attempt  5	[0.10 s]
50.0.B: Proofgrid shell started at 4103219@caddy15.stanford.edu(local) jg_4086220_caddy15.stanford.edu_51
50.0.B: clocks: 1, declared: 1, looping: 0, posedge: 1, negedge: 0, noedge: 0, bothedge: 0
50.0.Mpcustom4: Trace Attempt  1	[0.08 s]
50.0.B: Last scan. Per property time limit: 0s
50.0.B: Starting proof for property "CS_div_fsm_s5_51"	[0.00 s].
50.0.B: Trace Attempt  1	[0.01 s]
50.0.B: Trace Attempt  2	[0.02 s]
50.0.Mpcustom4: Trace Attempt  2	[0.11 s]
50.0.B: Trace Attempt  3	[0.03 s]
50.0.B: Trace Attempt  4	[0.04 s]
50.0.B: Trace Attempt  5	[0.08 s]
50.0.AM: caddy15.stanford.edu: "Rocky Linux 8.10 (Green Obsidian)" is an unsupported operating system.
50.0.N: Trace Attempt  5	[0.23 s]
50.0.Oh: Proofgrid shell started at 4103212@caddy15.stanford.edu(local) jg_4086220_caddy15.stanford.edu_51
50.0.Oh: clocks: 1, declared: 1, looping: 0, posedge: 1, negedge: 0, noedge: 0, bothedge: 0
50.0.AM: Proofgrid shell started at 4103224@caddy15.stanford.edu(local) jg_4086220_caddy15.stanford.edu_51
50.0.AM: clocks: 1, declared: 1, looping: 0, posedge: 1, negedge: 0, noedge: 0, bothedge: 0
50.0.AM: Last scan. Per property time limit: 0s
50.0.AM: Starting proof for property "CS_div_fsm_s5_51"	[0.00 s].
50.0.AM: Trace Attempt  1	[0.00 s]
50.0.AM: Trace Attempt  2	[0.01 s]
50.0.AM: Trace Attempt  3	[0.05 s]
50.0.Oh: bwd trail(1): 1 0.117745s
50.0.Oh: All properties either determined or skipped. [0.24 s]
50.0.Oh: Exited with Success (@ 0.65 s)
50.0.Oh: Completed, Restart ignored.
50.0.AM: Trace Attempt  4	[0.11 s]
50.0.AM: Trace Attempt  5	[0.16 s]
50.0.Mpcustom4: Trace Attempt  3	[0.89 s]
50.0.Mpcustom4: Trace Attempt  3	[0.94 s]
50.0.Mpcustom4: Trace Attempt  4	[0.96 s]
50.0.Mpcustom4: Trace Attempt  4	[1.02 s]
50.0.Mpcustom4: Trace Attempt  5	[1.04 s]
50.0.Ht: Trace Attempt 63	[4.20 s]
50.0.B: Trace Attempt 51	[4.15 s]
50.0.N: Trace Attempt 27	[4.59 s]
50.0.AM: Trace Attempt 43	[4.21 s]
50.0.Mpcustom4: Trace Attempt 36	[5.05 s]
50.0.B: Trace Attempt 86	[8.15 s]
50.0.Ht: Trace Attempt 84	[8.59 s]
50.0.N: Trace Attempt 38	[8.73 s]
50.0.Mpcustom4: Trace Attempt 47	[9.21 s]
50.0.AM: Trace Attempt 62	[9.18 s]
50.0.AM: Trace Attempt  1	[11.54 s]
50.0.AM: Trace Attempt  2	[11.56 s]
50.0.AM: Trace Attempt  3	[11.57 s]
50.0.AM: Trace Attempt  5	[11.58 s]
50.0.N: Trace Attempt 47	[13.24 s]
50.0.Mpcustom4: Trace Attempt 55	[13.44 s]
50.0.AM: Trace Attempt 75	[16.38 s]
50.0.AM: Trace Attempt  1	[16.85 s]
50.0.AM: Trace Attempt  2	[16.88 s]
50.0.AM: Trace Attempt  3	[16.88 s]
50.0.AM: Trace Attempt  5	[16.90 s]
50.0.N: Trace Attempt 58	[17.84 s]
50.0.Mpcustom4: Trace Attempt 56	[19.14 s]
50.0.AM: Trace Attempt 77	[20.99 s]
50.0.N: Trace Attempt 61	[22.90 s]
50.0.Mpcustom4: Trace Attempt 60	[24.59 s]
50.0.N: Trace Attempt  1	[25.15 s]
50.0.N: Trace Attempt  2	[25.18 s]
50.0.N: Trace Attempt  3	[25.18 s]
50.0.N: Trace Attempt  5	[25.19 s]
50.0.Mpcustom4: Trace Attempt 68	[28.61 s]
50.0.Mpcustom4: Trace Attempt 77	[34.43 s]
50.0.AM: Trace Attempt 83	[36.67 s]
50.0.N: Trace Attempt 90	[38.07 s]
50.0.Mpcustom4: Trace Attempt 84	[41.25 s]
50.0.Ht: Trace Attempt 85	[46.30 s]
50.0.Mpcustom4: Trace Attempt 85	[49.78 s]
50.0.Mpcustom4: Trace Attempt 87	[55.39 s]
50.0.N: Trace Attempt 90	[57.94 s]
50.0.Mpcustom4: Trace Attempt 90	[60.93 s]
50.0.AM: Trace Attempt 91	[61.95 s]
50.0.N: Trace Attempt 91	[63.49 s]
50.0.B: Trace Attempt 92	[67.98 s]
50.0.Mpcustom4: Trace Attempt 90	[71.27 s]
50.0.N: Trace Attempt 91	[72.75 s]
50.0.Ht: Trace Attempt 92	[74.48 s]
50.0.Mpcustom4: Trace Attempt 90	[78.44 s]
50.0.N: Requesting engine job to stop
50.0.B: Requesting engine job to stop
50.0.AM: Requesting engine job to stop
50.0.Hp: Requesting engine job to terminate
50.0.Ht: Requesting engine job to terminate
50.0.Mpcustom4: Requesting engine job to terminate
INFO (IPF144): 50: Initiating shutdown of proof [78.64 s]
50.0.B: A trace with 92 cycles was found. [78.45 s]
INFO (IPF047): 50.0.B: The cover property "CS_div_fsm_s5_51" was covered in 92 cycles in 78.51 s.
50.0.B: Stopped processing property "CS_div_fsm_s5_51"	[78.54 s].
50.0.B: All properties determined. [78.49 s]
50.0.B: Exited with Success (@ 78.66 s)
50: ProofGrid usable level: 0
50.0.Hp: Interrupted (multi)
50.0.Hp: All properties determined. [78.75 s]
50.0.N: Stopped processing property "CS_div_fsm_s5_51"	[78.91 s].
50.0.N: All properties determined. [78.94 s]
50.0.AM: Trace Attempt 92	[62.73 s]
50.0.AM: Stopped processing property "CS_div_fsm_s5_51"	[78.68 s].
50.0.AM: All properties determined. [78.69 s]
50.0.N: Exited with Success (@ 79.25 s)
50.0.AM: Exited with Success (@ 79.26 s)
50.0.Mpcustom4: All properties determined. [79.19 s]
50.0.Mpcustom4: Exited with Success (@ 79.37 s)
50.0.Hp: Exited with Success (@ 79.62 s)
50.0.Ht: Sending SIGKILL
50.0.Ht: Terminated by signal SIGKILL (@ 80.91 s)
50: --------------------------------------------------------------
ProofGrid Summary (utilization 99.70 %)
--------------------------------------------------------------
     engines started                               :     7
     engine jobs started                           :     7

    Average time in state (seconds)
    ------------------------------------------------------
    Engine  Pending     Running        Dead    Utilization
    ------------------------------------------------------
      N        0.10       78.63        0.00       99.87 %
     Hp        0.09       78.63        0.00       99.89 %
     Ht        0.11       78.59        0.00       99.86 %
    Mpcustom4        0.10       78.56        0.00       99.87 %
     Oh        0.37        0.25        0.00       40.04 %
      B        0.13       78.50        0.00       99.83 %
     AM        0.49       78.11        0.00       99.38 %
    all        0.20       67.33        0.00       99.70 %

    Total time in state (seconds)
    -----------------------------------------
            Pending     Running        Dead  
    -----------------------------------------
               1.40      471.28        0.00

    Data read    : 298.54 kiB
    Data written : 54.94 kiB

50: All pending notifications were processed.
INFO (IPF059): 50: Completed proof on task: "mytask"
cover -name CS_div_fsm_s5_52 {@(posedge clk_i) !div_fsm_s5 ##1 div_fsm_s5 [*52] ##1 !div_fsm_s5 }
INFO (IPF036): Starting proof on task: "mytask", 1 properties to prove with 0 already proven/unreachable
INFO (IPF031): Settings used for proof thread 51:
    orchestration                 = on (auto)
    time_limit                    = 600s
    per_property_time_limit       = 1s * 10 ^ scan
    engine_mode                   = auto
    proofgrid_per_engine_max_jobs = 1
    max engine jobs               = auto
    proofgrid_mode                = local
    proofgrid_restarts            = 10
51: Using multistage preprocessing
51: Starting reduce
51: Finished reduce in 0.043s
51.0.PRE: Performing Proof Simplification...
51.0.N: clocks: 1, declared: 1, looping: 0, posedge: 1, negedge: 0, noedge: 0, bothedge: 0
51.0.N: Proof Simplification Iteration 1	[0.00 s]
51.0.N: Proof Simplification Iteration 2	[0.04 s]
51.0.N: Proof Simplification Iteration 3	[0.06 s]
51.0.N: Proof Simplification Iteration 4	[0.07 s]
51.0.N: Proof Simplification Iteration 5	[0.09 s]
51.0.N: Proof Simplification Iteration 6	[0.11 s]
51.0.N: Proof Simplification Iteration 7	[0.13 s]
51.0.N: Proof Simplification Iteration 8	[0.15 s]
51.0.N: Proof Simplification Iteration 9	[0.17 s]
51.0.N: Proof Simplification Iteration 10	[0.18 s]
51.0.PRE: Proof Simplification completed in 0.23 s
51: About to start ProofGrid in its own thread with a limit of 10000 pending notifications and a limit of 10 traces.
51: =============================== ProofGrid start ===============================
51: ProofGrid usable level: 1
51: Initial ProofGrid level: 1
51: ProofGrid is starting event handling
51.0.N: caddy15.stanford.edu: "Rocky Linux 8.10 (Green Obsidian)" is an unsupported operating system.
51.0.Hp: caddy15.stanford.edu: "Rocky Linux 8.10 (Green Obsidian)" is an unsupported operating system.
51.0.Ht: caddy15.stanford.edu: "Rocky Linux 8.10 (Green Obsidian)" is an unsupported operating system.
51.0.N: Proofgrid shell started at 4103622@caddy15.stanford.edu(local) jg_4086220_caddy15.stanford.edu_52
51.0.Hp: Proofgrid shell started at 4103623@caddy15.stanford.edu(local) jg_4086220_caddy15.stanford.edu_52
51.0.Hp: clocks: 1, declared: 1, looping: 0, posedge: 1, negedge: 0, noedge: 0, bothedge: 0
51.0.N: clocks: 1, declared: 1, looping: 0, posedge: 1, negedge: 0, noedge: 0, bothedge: 0
51.0.N: Last scan. Per property time limit: 0s
51.0.N: Starting proof for property "CS_div_fsm_s5_52"	[0.00 s].
51.0.N: Trace Attempt  1	[0.00 s]
51.0.N: Trace Attempt  2	[0.01 s]
51.0.N: Trace Attempt  3	[0.01 s]
51.0.Ht: Proofgrid shell started at 4103645@caddy15.stanford.edu(local) jg_4086220_caddy15.stanford.edu_52
51.0.Mpcustom4: caddy15.stanford.edu: "Rocky Linux 8.10 (Green Obsidian)" is an unsupported operating system.
51.0.Ht: clocks: 1, declared: 1, looping: 0, posedge: 1, negedge: 0, noedge: 0, bothedge: 0
51.0.Oh: caddy15.stanford.edu: "Rocky Linux 8.10 (Green Obsidian)" is an unsupported operating system.
51.0.B: caddy15.stanford.edu: "Rocky Linux 8.10 (Green Obsidian)" is an unsupported operating system.
51.0.N: Trace Attempt  3	[0.05 s]
51.0.Ht: Trace Attempt  1	[0.05 s]
51.0.Ht: Trace Attempt  2	[0.05 s]
51.0.Ht: Trace Attempt  3	[0.05 s]
51.0.N: Trace Attempt  4	[0.07 s]
51.0.N: Trace Attempt  5	[0.07 s]
51.0.Ht: Trace Attempt  4	[0.06 s]
51.0.Ht: Trace Attempt  5	[0.07 s]
51.0.Oh: Proofgrid shell started at 4103670@caddy15.stanford.edu(local) jg_4086220_caddy15.stanford.edu_52
51.0.AM: caddy15.stanford.edu: "Rocky Linux 8.10 (Green Obsidian)" is an unsupported operating system.
51.0.Oh: clocks: 1, declared: 1, looping: 0, posedge: 1, negedge: 0, noedge: 0, bothedge: 0
51.0.N: Trace Attempt  5	[0.13 s]
51.0.B: Proofgrid shell started at 4103677@caddy15.stanford.edu(local) jg_4086220_caddy15.stanford.edu_52
51.0.B: clocks: 1, declared: 1, looping: 0, posedge: 1, negedge: 0, noedge: 0, bothedge: 0
51.0.Mpcustom4: Proofgrid shell started at 4103664@caddy15.stanford.edu(local) jg_4086220_caddy15.stanford.edu_52
51.0.B: Last scan. Per property time limit: 0s
51.0.B: Starting proof for property "CS_div_fsm_s5_52"	[0.00 s].
51.0.B: Trace Attempt  1	[0.02 s]
51.0.Mpcustom4: clocks: 1, declared: 1, looping: 0, posedge: 1, negedge: 0, noedge: 0, bothedge: 0
51.0.B: Trace Attempt  2	[0.03 s]
51.0.B: Trace Attempt  3	[0.05 s]
51.0.Oh: bwd trail(1): 1 0.111972s
51.0.Oh: All properties either determined or skipped. [0.18 s]
51.0.Oh: Exited with Success (@ 0.33 s)
51.0.Oh: Completed, Restart ignored.
51.0.B: Trace Attempt  4	[0.08 s]
51.0.AM: Proofgrid shell started at 4103684@caddy15.stanford.edu(local) jg_4086220_caddy15.stanford.edu_52
51.0.Mpcustom4: Trace Attempt  1	[0.08 s]
51.0.B: Trace Attempt  5	[0.12 s]
51.0.Mpcustom4: Trace Attempt  2	[0.11 s]
51.0.AM: clocks: 1, declared: 1, looping: 0, posedge: 1, negedge: 0, noedge: 0, bothedge: 0
51.0.AM: Last scan. Per property time limit: 0s
51.0.AM: Starting proof for property "CS_div_fsm_s5_52"	[0.00 s].
51.0.AM: Trace Attempt  1	[0.00 s]
51.0.AM: Trace Attempt  2	[0.01 s]
51.0.AM: Trace Attempt  3	[0.05 s]
51.0.AM: Trace Attempt  4	[0.07 s]
51.0.AM: Trace Attempt  5	[0.10 s]
51.0.Mpcustom4: Trace Attempt  3	[0.73 s]
51.0.Mpcustom4: Trace Attempt  3	[0.77 s]
51.0.Mpcustom4: Trace Attempt  4	[0.80 s]
51.0.Mpcustom4: Trace Attempt  4	[0.85 s]
51.0.Mpcustom4: Trace Attempt  5	[0.88 s]
51.0.B: Trace Attempt 51	[4.20 s]
51.0.AM: Trace Attempt 50	[4.17 s]
51.0.N: Trace Attempt 29	[4.64 s]
51.0.Ht: Trace Attempt 63	[4.69 s]
51.0.Mpcustom4: Trace Attempt 28	[5.31 s]
51.0.B: Trace Attempt 86	[8.29 s]
51.0.N: Trace Attempt 37	[8.95 s]
51.0.AM: Trace Attempt 65	[8.94 s]
51.0.Mpcustom4: Trace Attempt 44	[9.37 s]
51.0.AM: Trace Attempt  1	[9.40 s]
51.0.AM: Trace Attempt  2	[9.43 s]
51.0.AM: Trace Attempt  3	[9.43 s]
51.0.AM: Trace Attempt  5	[9.44 s]
51.0.Ht: Trace Attempt 75	[10.87 s]
51.0.N: Trace Attempt 46	[13.03 s]
51.0.Mpcustom4: Trace Attempt 56	[14.03 s]
51.0.AM: Trace Attempt 76	[14.26 s]
51.0.AM: Trace Attempt  1	[14.76 s]
51.0.AM: Trace Attempt  2	[14.78 s]
51.0.AM: Trace Attempt  3	[14.79 s]
51.0.AM: Trace Attempt  5	[14.80 s]
51.0.N: Trace Attempt 53	[17.09 s]
51.0.Mpcustom4: Trace Attempt 56	[18.78 s]
51.0.AM: Trace Attempt 78	[19.06 s]
51.0.N: Trace Attempt 59	[21.75 s]
51.0.Mpcustom4: Trace Attempt 66	[24.49 s]
51.0.N: Trace Attempt 63	[29.10 s]
51.0.Mpcustom4: Trace Attempt 69	[29.46 s]
51.0.N: Trace Attempt  1	[30.75 s]
51.0.N: Trace Attempt  2	[30.78 s]
51.0.N: Trace Attempt  3	[30.78 s]
51.0.N: Trace Attempt  5	[30.80 s]
51.0.AM: Trace Attempt 84	[32.20 s]
51.0.Mpcustom4: Trace Attempt 70	[33.93 s]
51.0.Mpcustom4: Trace Attempt 76	[40.11 s]
51.0.AM: Trace Attempt 92	[40.35 s]
51.0.N: Trace Attempt 89	[43.50 s]
51.0.Mpcustom4: Trace Attempt 81	[45.95 s]
51.0.Mpcustom4: Trace Attempt 86	[52.08 s]
51.0.Mpcustom4: Trace Attempt 88	[56.52 s]
51.0.AM: Trace Attempt 93	[57.53 s]
51.0.B: Trace Attempt 93	[59.70 s]
51.0.N: Requesting engine job to stop
51.0.B: Requesting engine job to stop
51.0.AM: Requesting engine job to stop
51.0.Hp: Requesting engine job to terminate
51.0.Ht: Requesting engine job to terminate
51.0.Mpcustom4: Requesting engine job to terminate
INFO (IPF144): 51: Initiating shutdown of proof [61.15 s]
51.0.B: A trace with 93 cycles was found. [60.87 s]
INFO (IPF047): 51.0.B: The cover property "CS_div_fsm_s5_52" was covered in 93 cycles in 60.92 s.
51.0.B: Stopped processing property "CS_div_fsm_s5_52"	[60.95 s].
51.0.B: All properties determined. [60.90 s]
51.0.B: Exited with Success (@ 61.16 s)
51: ProofGrid usable level: 0
51.0.Ht: Interrupted (multi)
51.0.Ht: Trace Attempt 92	[12.07 s]
51.0.Ht: All properties determined. [61.13 s]
51.0.N: Stopped processing property "CS_div_fsm_s5_52"	[61.21 s].
51.0.N: All properties determined. [61.22 s]
51.0.N: Exited with Success (@ 61.26 s)
51.0.Hp: Interrupted (multi)
51.0.Hp: All properties determined. [61.49 s]
51.0.Ht: Exited with Success (@ 61.61 s)
51.0.Mpcustom4: Trace Attempt 88	[59.58 s]
51.0.Mpcustom4: All properties determined. [61.46 s]
51.0.Mpcustom4: Exited with Success (@ 61.79 s)
51.0.Hp: Exited with Success (@ 62.04 s)
51.0.AM: Stopped processing property "CS_div_fsm_s5_52"	[62.25 s].
51.0.AM: All properties determined. [62.26 s]
51.0.AM: Exited with Success (@ 62.67 s)
51: --------------------------------------------------------------
ProofGrid Summary (utilization 99.67 %)
--------------------------------------------------------------
     engines started                               :     7
     engine jobs started                           :     7

    Average time in state (seconds)
    ------------------------------------------------------
    Engine  Pending     Running        Dead    Utilization
    ------------------------------------------------------
      N        0.11       61.14        0.00       99.82 %
     Hp        0.10       61.14        0.00       99.84 %
     Ht        0.10       61.10        0.00       99.83 %
    Mpcustom4        0.27       60.88        0.00       99.55 %
     Oh        0.13        0.19        0.00       58.10 %
      B        0.19       60.92        0.00       99.68 %
     AM        0.31       60.77        0.00       99.50 %
    all        0.17       52.30        0.00       99.67 %

    Total time in state (seconds)
    -----------------------------------------
            Pending     Running        Dead  
    -----------------------------------------
               1.21      366.13        0.00

    Data read    : 285.35 kiB
    Data written : 20.02 kiB

51: All pending notifications were processed.
INFO (IPF059): 51: Completed proof on task: "mytask"
cover -name CS_div_fsm_s5_53 {@(posedge clk_i) !div_fsm_s5 ##1 div_fsm_s5 [*53] ##1 !div_fsm_s5 }
INFO (IPF036): Starting proof on task: "mytask", 1 properties to prove with 0 already proven/unreachable
INFO (IPF031): Settings used for proof thread 52:
    orchestration                 = on (auto)
    time_limit                    = 600s
    per_property_time_limit       = 1s * 10 ^ scan
    engine_mode                   = auto
    proofgrid_per_engine_max_jobs = 1
    max engine jobs               = auto
    proofgrid_mode                = local
    proofgrid_restarts            = 10
52: Using multistage preprocessing
52: Starting reduce
52: Finished reduce in 0.043s
52.0.PRE: Performing Proof Simplification...
52.0.N: clocks: 1, declared: 1, looping: 0, posedge: 1, negedge: 0, noedge: 0, bothedge: 0
52.0.N: Proof Simplification Iteration 1	[0.00 s]
52.0.N: Proof Simplification Iteration 2	[0.04 s]
52.0.N: Proof Simplification Iteration 3	[0.06 s]
52.0.N: Proof Simplification Iteration 4	[0.07 s]
52.0.N: Proof Simplification Iteration 5	[0.09 s]
52.0.N: Proof Simplification Iteration 6	[0.11 s]
52.0.N: Proof Simplification Iteration 7	[0.13 s]
52.0.N: Proof Simplification Iteration 8	[0.15 s]
52.0.N: Proof Simplification Iteration 9	[0.17 s]
52.0.N: Proof Simplification Iteration 10	[0.18 s]
52.0.PRE: Proof Simplification completed in 0.23 s
52: About to start ProofGrid in its own thread with a limit of 10000 pending notifications and a limit of 10 traces.
52: =============================== ProofGrid start ===============================
52: ProofGrid usable level: 1
52: Initial ProofGrid level: 1
52: ProofGrid is starting event handling
52.0.Hp: caddy15.stanford.edu: "Rocky Linux 8.10 (Green Obsidian)" is an unsupported operating system.
52.0.N: caddy15.stanford.edu: "Rocky Linux 8.10 (Green Obsidian)" is an unsupported operating system.
52.0.Ht: caddy15.stanford.edu: "Rocky Linux 8.10 (Green Obsidian)" is an unsupported operating system.
52.0.Hp: Proofgrid shell started at 4103969@caddy15.stanford.edu(local) jg_4086220_caddy15.stanford.edu_53
52.0.N: Proofgrid shell started at 4103968@caddy15.stanford.edu(local) jg_4086220_caddy15.stanford.edu_53
52.0.N: clocks: 1, declared: 1, looping: 0, posedge: 1, negedge: 0, noedge: 0, bothedge: 0
52.0.Hp: clocks: 1, declared: 1, looping: 0, posedge: 1, negedge: 0, noedge: 0, bothedge: 0
52.0.Mpcustom4: caddy15.stanford.edu: "Rocky Linux 8.10 (Green Obsidian)" is an unsupported operating system.
52.0.N: Last scan. Per property time limit: 0s
52.0.N: Starting proof for property "CS_div_fsm_s5_53"	[0.00 s].
52.0.N: Trace Attempt  1	[0.00 s]
52.0.N: Trace Attempt  2	[0.01 s]
52.0.N: Trace Attempt  3	[0.01 s]
52.0.Ht: Proofgrid shell started at 4103992@caddy15.stanford.edu(local) jg_4086220_caddy15.stanford.edu_53
52.0.Oh: caddy15.stanford.edu: "Rocky Linux 8.10 (Green Obsidian)" is an unsupported operating system.
52.0.N: Trace Attempt  3	[0.04 s]
52.0.AM: caddy15.stanford.edu: "Rocky Linux 8.10 (Green Obsidian)" is an unsupported operating system.
52.0.N: Trace Attempt  4	[0.06 s]
52.0.N: Trace Attempt  5	[0.06 s]
52.0.Ht: clocks: 1, declared: 1, looping: 0, posedge: 1, negedge: 0, noedge: 0, bothedge: 0
52.0.Mpcustom4: Proofgrid shell started at 4104010@caddy15.stanford.edu(local) jg_4086220_caddy15.stanford.edu_53
52.0.Oh: Proofgrid shell started at 4104014@caddy15.stanford.edu(local) jg_4086220_caddy15.stanford.edu_53
52.0.N: Trace Attempt  5	[0.12 s]
52.0.Ht: Trace Attempt  1	[0.06 s]
52.0.Ht: Trace Attempt  2	[0.06 s]
52.0.Ht: Trace Attempt  3	[0.07 s]
52.0.Ht: Trace Attempt  4	[0.07 s]
52.0.Mpcustom4: clocks: 1, declared: 1, looping: 0, posedge: 1, negedge: 0, noedge: 0, bothedge: 0
52.0.Oh: clocks: 1, declared: 1, looping: 0, posedge: 1, negedge: 0, noedge: 0, bothedge: 0
52.0.Ht: Trace Attempt  5	[0.10 s]
52.0.AM: Proofgrid shell started at 4104019@caddy15.stanford.edu(local) jg_4086220_caddy15.stanford.edu_53
52.0.B: caddy15.stanford.edu: "Rocky Linux 8.10 (Green Obsidian)" is an unsupported operating system.
52.0.AM: clocks: 1, declared: 1, looping: 0, posedge: 1, negedge: 0, noedge: 0, bothedge: 0
52.0.AM: Last scan. Per property time limit: 0s
52.0.AM: Starting proof for property "CS_div_fsm_s5_53"	[0.00 s].
52.0.AM: Trace Attempt  1	[0.00 s]
52.0.AM: Trace Attempt  2	[0.01 s]
52.0.Mpcustom4: Trace Attempt  1	[0.07 s]
52.0.AM: Trace Attempt  3	[0.03 s]
52.0.AM: Trace Attempt  4	[0.06 s]
52.0.Mpcustom4: Trace Attempt  2	[0.13 s]
52.0.AM: Trace Attempt  5	[0.08 s]
52.0.Oh: bwd trail(1): 1 0.114319s
52.0.Oh: All properties either determined or skipped. [0.17 s]
52.0.Oh: Exited with Success (@ 0.33 s)
52.0.Oh: Completed, Restart ignored.
52.0.B: Proofgrid shell started at 4104017@caddy15.stanford.edu(local) jg_4086220_caddy15.stanford.edu_53
52.0.B: clocks: 1, declared: 1, looping: 0, posedge: 1, negedge: 0, noedge: 0, bothedge: 0
52.0.B: Last scan. Per property time limit: 0s
52.0.B: Starting proof for property "CS_div_fsm_s5_53"	[0.00 s].
52.0.B: Trace Attempt  1	[0.02 s]
52.0.B: Trace Attempt  2	[0.03 s]
52.0.B: Trace Attempt  3	[0.05 s]
52.0.B: Trace Attempt  4	[0.07 s]
52.0.B: Trace Attempt  5	[0.15 s]
52.0.Mpcustom4: Trace Attempt  3	[0.71 s]
52.0.Mpcustom4: Trace Attempt  3	[0.76 s]
52.0.Mpcustom4: Trace Attempt  4	[0.78 s]
52.0.Mpcustom4: Trace Attempt  4	[0.84 s]
52.0.Mpcustom4: Trace Attempt  5	[0.86 s]
52.0.AM: Trace Attempt 50	[4.13 s]
52.0.N: Trace Attempt 29	[4.47 s]
52.0.B: Trace Attempt 49	[4.20 s]
52.0.Ht: Trace Attempt 59	[4.91 s]
52.0.Mpcustom4: Trace Attempt 37	[5.44 s]
52.0.B: Trace Attempt 80	[8.26 s]
52.0.N: Trace Attempt 41	[8.88 s]
52.0.AM: Trace Attempt 66	[9.22 s]
52.0.AM: Trace Attempt  1	[9.87 s]
52.0.AM: Trace Attempt  2	[9.90 s]
52.0.AM: Trace Attempt  3	[9.90 s]
52.0.AM: Trace Attempt  5	[9.92 s]
52.0.Mpcustom4: Trace Attempt 52	[10.39 s]
52.0.Ht: Trace Attempt 78	[12.67 s]
52.0.N: Trace Attempt 49	[12.92 s]
52.0.Mpcustom4: Trace Attempt 57	[15.09 s]
52.0.AM: Trace Attempt 77	[15.16 s]
52.0.AM: Trace Attempt  1	[15.92 s]
52.0.AM: Trace Attempt  2	[15.95 s]
52.0.AM: Trace Attempt  3	[15.95 s]
52.0.AM: Trace Attempt  5	[15.96 s]
52.0.N: Trace Attempt 60	[17.56 s]
52.0.N: Trace Attempt 64	[21.57 s]
52.0.Mpcustom4: Trace Attempt 65	[21.69 s]
52.0.AM: Trace Attempt 79	[21.87 s]
52.0.N: Trace Attempt 66	[25.57 s]
52.0.Mpcustom4: Trace Attempt 72	[25.76 s]
52.0.N: Trace Attempt  1	[28.17 s]
52.0.N: Trace Attempt  2	[28.20 s]
52.0.N: Trace Attempt  3	[28.21 s]
52.0.N: Trace Attempt  5	[28.22 s]
52.0.Mpcustom4: Trace Attempt 76	[31.92 s]
52.0.Mpcustom4: Trace Attempt 78	[38.13 s]
52.0.AM: Trace Attempt 85	[40.65 s]
52.0.Mpcustom4: Trace Attempt 81	[43.30 s]
52.0.N: Trace Attempt 92	[49.58 s]
52.0.Mpcustom4: Trace Attempt 83	[49.87 s]
52.0.Mpcustom4: Trace Attempt 86	[55.31 s]
52.0.N: Trace Attempt 92	[60.23 s]
52.0.Mpcustom4: Trace Attempt 87	[62.36 s]
52.0.B: Trace Attempt 94	[67.29 s]
52.0.N: Trace Attempt 93	[68.34 s]
52.0.Mpcustom4: Trace Attempt 90	[68.43 s]
52.0.Mpcustom4: Trace Attempt 91	[74.11 s]
52.0.N: Requesting engine job to stop
52.0.B: Requesting engine job to stop
52.0.AM: Requesting engine job to stop
52.0.Hp: Requesting engine job to terminate
52.0.Ht: Requesting engine job to terminate
52.0.Mpcustom4: Requesting engine job to terminate
INFO (IPF144): 52: Initiating shutdown of proof [74.38 s]
52.0.B: A trace with 94 cycles was found. [73.89 s]
INFO (IPF047): 52.0.B: The cover property "CS_div_fsm_s5_53" was covered in 94 cycles in 73.93 s.
52.0.B: Stopped processing property "CS_div_fsm_s5_53"	[73.93 s].
52.0.Ht: Interrupted (multi)
52.0.Ht: Trace Attempt 93	[13.58 s]
52.0.Ht: All properties determined. [74.30 s]
52.0.B: All properties determined. [73.92 s]
52.0.B: Exited with Success (@ 74.39 s)
52: ProofGrid usable level: 0
52.0.N: Stopped processing property "CS_div_fsm_s5_53"	[74.44 s].
52.0.N: All properties determined. [74.45 s]
52.0.Hp: Interrupted (multi)
52.0.Hp: All properties determined. [74.48 s]
52.0.N: Exited with Success (@ 74.50 s)
52.0.AM: Trace Attempt 92	[41.42 s]
52.0.AM: Stopped processing property "CS_div_fsm_s5_53"	[74.31 s].
52.0.AM: All properties determined. [74.32 s]
52.0.AM: Exited with Success (@ 74.55 s)
52.0.Hp: Exited with Success (@ 75.03 s)
52.0.Ht: Exited with Success (@ 75.03 s)
52.0.Mpcustom4: All properties determined. [74.88 s]
52.0.Mpcustom4: Exited with Success (@ 75.09 s)
52: --------------------------------------------------------------
ProofGrid Summary (utilization 99.74 %)
--------------------------------------------------------------
     engines started                               :     7
     engine jobs started                           :     7

    Average time in state (seconds)
    ------------------------------------------------------
    Engine  Pending     Running        Dead    Utilization
    ------------------------------------------------------
      N        0.11       74.37        0.00       99.85 %
     Hp        0.08       74.37        0.00       99.89 %
     Ht        0.12       74.29        0.00       99.84 %
    Mpcustom4        0.13       74.22        0.00       99.82 %
     Oh        0.14        0.18        0.00       55.69 %
      B        0.39       73.94        0.00       99.47 %
     AM        0.18       74.18        0.00       99.76 %
    all        0.17       63.65        0.00       99.74 %

    Total time in state (seconds)
    -----------------------------------------
            Pending     Running        Dead  
    -----------------------------------------
               1.16      445.54        0.00

    Data read    : 301.03 kiB
    Data written : 33.64 kiB

52: All pending notifications were processed.
INFO (IPF059): 52: Completed proof on task: "mytask"
cover -name CS_div_fsm_s5_54 {@(posedge clk_i) !div_fsm_s5 ##1 div_fsm_s5 [*54] ##1 !div_fsm_s5 }
INFO (IPF036): Starting proof on task: "mytask", 1 properties to prove with 0 already proven/unreachable
INFO (IPF031): Settings used for proof thread 53:
    orchestration                 = on (auto)
    time_limit                    = 600s
    per_property_time_limit       = 1s * 10 ^ scan
    engine_mode                   = auto
    proofgrid_per_engine_max_jobs = 1
    max engine jobs               = auto
    proofgrid_mode                = local
    proofgrid_restarts            = 10
53: Using multistage preprocessing
53: Starting reduce
53: Finished reduce in 0.043s
53.0.PRE: Performing Proof Simplification...
53.0.N: clocks: 1, declared: 1, looping: 0, posedge: 1, negedge: 0, noedge: 0, bothedge: 0
53.0.N: Proof Simplification Iteration 1	[0.00 s]
53.0.N: Proof Simplification Iteration 2	[0.04 s]
53.0.N: Proof Simplification Iteration 3	[0.06 s]
53.0.N: Proof Simplification Iteration 4	[0.07 s]
53.0.N: Proof Simplification Iteration 5	[0.09 s]
53.0.N: Proof Simplification Iteration 6	[0.11 s]
53.0.N: Proof Simplification Iteration 7	[0.13 s]
53.0.N: Proof Simplification Iteration 8	[0.15 s]
53.0.N: Proof Simplification Iteration 9	[0.17 s]
53.0.N: Proof Simplification Iteration 10	[0.19 s]
53.0.PRE: Proof Simplification completed in 0.23 s
53: About to start ProofGrid in its own thread with a limit of 10000 pending notifications and a limit of 10 traces.
53: =============================== ProofGrid start ===============================
53: ProofGrid usable level: 1
53: Initial ProofGrid level: 1
53: ProofGrid is starting event handling
53.0.Hp: caddy15.stanford.edu: "Rocky Linux 8.10 (Green Obsidian)" is an unsupported operating system.
53.0.N: caddy15.stanford.edu: "Rocky Linux 8.10 (Green Obsidian)" is an unsupported operating system.
53.0.Ht: caddy15.stanford.edu: "Rocky Linux 8.10 (Green Obsidian)" is an unsupported operating system.
53.0.N: Proofgrid shell started at 4104363@caddy15.stanford.edu(local) jg_4086220_caddy15.stanford.edu_54
53.0.Hp: Proofgrid shell started at 4104364@caddy15.stanford.edu(local) jg_4086220_caddy15.stanford.edu_54
53.0.Mpcustom4: caddy15.stanford.edu: "Rocky Linux 8.10 (Green Obsidian)" is an unsupported operating system.
53.0.Ht: Proofgrid shell started at 4104387@caddy15.stanford.edu(local) jg_4086220_caddy15.stanford.edu_54
53.0.Hp: clocks: 1, declared: 1, looping: 0, posedge: 1, negedge: 0, noedge: 0, bothedge: 0
53.0.N: clocks: 1, declared: 1, looping: 0, posedge: 1, negedge: 0, noedge: 0, bothedge: 0
53.0.N: Last scan. Per property time limit: 0s
53.0.N: Starting proof for property "CS_div_fsm_s5_54"	[0.00 s].
53.0.N: Trace Attempt  1	[0.01 s]
53.0.N: Trace Attempt  2	[0.01 s]
53.0.N: Trace Attempt  3	[0.01 s]
53.0.Ht: clocks: 1, declared: 1, looping: 0, posedge: 1, negedge: 0, noedge: 0, bothedge: 0
53.0.Mpcustom4: Proofgrid shell started at 4104405@caddy15.stanford.edu(local) jg_4086220_caddy15.stanford.edu_54
53.0.Mpcustom4: clocks: 1, declared: 1, looping: 0, posedge: 1, negedge: 0, noedge: 0, bothedge: 0
53.0.N: Trace Attempt  3	[0.04 s]
53.0.Ht: Trace Attempt  1	[0.05 s]
53.0.Ht: Trace Attempt  2	[0.05 s]
53.0.Ht: Trace Attempt  3	[0.05 s]
53.0.Ht: Trace Attempt  4	[0.06 s]
53.0.Mpcustom4: Trace Attempt  1	[0.04 s]
53.0.N: Trace Attempt  4	[0.06 s]
53.0.N: Trace Attempt  5	[0.06 s]
53.0.Ht: Trace Attempt  5	[0.07 s]
53.0.Mpcustom4: Trace Attempt  2	[0.06 s]
53.0.N: Trace Attempt  5	[0.12 s]
53.0.Oh: caddy15.stanford.edu: "Rocky Linux 8.10 (Green Obsidian)" is an unsupported operating system.
53.0.AM: caddy15.stanford.edu: "Rocky Linux 8.10 (Green Obsidian)" is an unsupported operating system.
53.0.B: caddy15.stanford.edu: "Rocky Linux 8.10 (Green Obsidian)" is an unsupported operating system.
53.0.AM: Proofgrid shell started at 4104425@caddy15.stanford.edu(local) jg_4086220_caddy15.stanford.edu_54
53.0.Oh: Proofgrid shell started at 4104416@caddy15.stanford.edu(local) jg_4086220_caddy15.stanford.edu_54
53.0.AM: clocks: 1, declared: 1, looping: 0, posedge: 1, negedge: 0, noedge: 0, bothedge: 0
53.0.AM: Last scan. Per property time limit: 0s
53.0.AM: Starting proof for property "CS_div_fsm_s5_54"	[0.00 s].
53.0.AM: Trace Attempt  1	[0.00 s]
53.0.AM: Trace Attempt  2	[0.01 s]
53.0.Oh: clocks: 1, declared: 1, looping: 0, posedge: 1, negedge: 0, noedge: 0, bothedge: 0
53.0.B: Proofgrid shell started at 4104424@caddy15.stanford.edu(local) jg_4086220_caddy15.stanford.edu_54
53.0.AM: Trace Attempt  3	[0.05 s]
53.0.B: clocks: 1, declared: 1, looping: 0, posedge: 1, negedge: 0, noedge: 0, bothedge: 0
53.0.AM: Trace Attempt  4	[0.08 s]
53.0.B: Last scan. Per property time limit: 0s
53.0.B: Starting proof for property "CS_div_fsm_s5_54"	[0.00 s].
53.0.B: Trace Attempt  1	[0.01 s]
53.0.AM: Trace Attempt  5	[0.10 s]
53.0.B: Trace Attempt  2	[0.02 s]
53.0.B: Trace Attempt  3	[0.03 s]
53.0.B: Trace Attempt  4	[0.06 s]
53.0.Mpcustom4: Trace Attempt  3	[0.64 s]
53.0.Mpcustom4: Trace Attempt  3	[0.69 s]
53.0.Mpcustom4: Trace Attempt  4	[0.71 s]
53.0.B: Trace Attempt  5	[0.15 s]
53.0.Oh: bwd trail(1): 1 0.119231s
53.0.Oh: All properties either determined or skipped. [0.28 s]
53.0.Oh: Exited with Success (@ 0.83 s)
53.0.Oh: Completed, Restart ignored.
53.0.Mpcustom4: Trace Attempt  4	[0.77 s]
53.0.Mpcustom4: Trace Attempt  5	[0.79 s]
53.0.Ht: Trace Attempt 64	[4.13 s]
53.0.N: Trace Attempt 27	[4.22 s]
53.0.AM: Trace Attempt 49	[4.17 s]
53.0.B: Trace Attempt 50	[4.17 s]
53.0.Mpcustom4: Trace Attempt 36	[4.82 s]
53.0.N: Trace Attempt 39	[8.40 s]
53.0.B: Trace Attempt 85	[8.24 s]
53.0.Mpcustom4: Trace Attempt 51	[8.83 s]
53.0.Ht: Trace Attempt 77	[9.54 s]
53.0.AM: Trace Attempt 67	[9.86 s]
53.0.AM: Trace Attempt  1	[10.33 s]
53.0.AM: Trace Attempt  2	[10.36 s]
53.0.AM: Trace Attempt  3	[10.36 s]
53.0.AM: Trace Attempt  5	[10.37 s]
53.0.N: Trace Attempt 47	[12.79 s]
53.0.Mpcustom4: Trace Attempt 57	[13.62 s]
53.0.AM: Trace Attempt 78	[15.45 s]
53.0.AM: Trace Attempt  1	[16.09 s]
53.0.AM: Trace Attempt  2	[16.14 s]
53.0.AM: Trace Attempt  3	[16.15 s]
53.0.AM: Trace Attempt  5	[16.18 s]
53.0.N: Trace Attempt 52	[16.80 s]
53.0.Mpcustom4: Trace Attempt 59	[19.00 s]
53.0.N: Trace Attempt 59	[21.50 s]
53.0.AM: Trace Attempt 80	[22.27 s]
53.0.Mpcustom4: Trace Attempt 59	[23.53 s]
53.0.N: Trace Attempt 63	[25.73 s]
53.0.Mpcustom4: Trace Attempt 59	[27.70 s]
53.0.N: Trace Attempt 65	[31.03 s]
53.0.Mpcustom4: Trace Attempt 60	[32.06 s]
53.0.N: Trace Attempt  1	[34.04 s]
53.0.N: Trace Attempt  2	[34.07 s]
53.0.N: Trace Attempt  3	[34.07 s]
53.0.N: Trace Attempt  5	[34.09 s]
53.0.AM: Trace Attempt 89	[37.44 s]
53.0.Mpcustom4: Trace Attempt 72	[39.52 s]
53.0.Mpcustom4: Trace Attempt 72	[43.95 s]
53.0.Mpcustom4: Trace Attempt 75	[51.23 s]
53.0.N: Trace Attempt 77	[55.38 s]
53.0.B: Trace Attempt 95	[54.85 s]
53.0.Mpcustom4: Trace Attempt 79	[57.47 s]
53.0.N: Trace Attempt 77	[62.87 s]
53.0.Mpcustom4: Trace Attempt 80	[64.27 s]
53.0.N: Trace Attempt 79	[69.09 s]
53.0.N: Trace Attempt  1	[69.38 s]
53.0.N: Trace Attempt  2	[69.41 s]
53.0.N: Trace Attempt  3	[69.42 s]
53.0.N: Trace Attempt  5	[69.43 s]
53.0.Mpcustom4: Trace Attempt 80	[72.44 s]
53.0.AM: Trace Attempt 94	[72.36 s]
53.0.N: Trace Attempt 81	[73.59 s]
53.0.Ht: Trace Attempt 91	[74.13 s]
53.0.N: Requesting engine job to stop
53.0.B: Requesting engine job to stop
53.0.AM: Requesting engine job to stop
53.0.Hp: Requesting engine job to terminate
53.0.Ht: Requesting engine job to terminate
53.0.Mpcustom4: Requesting engine job to terminate
INFO (IPF144): 53: Initiating shutdown of proof [74.92 s]
53.0.B: A trace with 95 cycles was found. [74.24 s]
INFO (IPF047): 53.0.B: The cover property "CS_div_fsm_s5_54" was covered in 95 cycles in 74.30 s.
53.0.B: Stopped processing property "CS_div_fsm_s5_54"	[74.31 s].
53.0.Hp: Interrupted (multi)
53.0.Hp: All properties determined. [74.90 s]
53.0.Ht: Interrupted (multi)
53.0.Ht: Trace Attempt 95	[74.42 s]
53.0.Ht: All properties determined. [74.88 s]
53.0.B: All properties determined. [74.29 s]
53.0.B: Exited with Success (@ 74.96 s)
53: ProofGrid usable level: 0
53.0.N: Stopped processing property "CS_div_fsm_s5_54"	[74.92 s].
53.0.N: All properties determined. [74.93 s]
53.0.N: Exited with Success (@ 75.00 s)
53.0.AM: Trace Attempt 95	[73.34 s]
53.0.AM: Stopped processing property "CS_div_fsm_s5_54"	[74.71 s].
53.0.AM: All properties determined. [74.71 s]
53.0.AM: Exited with Success (@ 75.29 s)
53.0.Hp: Exited with Success (@ 75.57 s)
53.0.Ht: Exited with Success (@ 75.57 s)
53.0.Mpcustom4: Trace Attempt 83	[72.64 s]
53.0.Mpcustom4: All properties determined. [75.49 s]
53.0.Mpcustom4: Exited with Success (@ 75.62 s)
53: --------------------------------------------------------------
ProofGrid Summary (utilization 99.57 %)
--------------------------------------------------------------
     engines started                               :     7
     engine jobs started                           :     7

    Average time in state (seconds)
    ------------------------------------------------------
    Engine  Pending     Running        Dead    Utilization
    ------------------------------------------------------
      N        0.11       74.88        0.00       99.85 %
     Hp        0.10       74.90        0.00       99.86 %
     Ht        0.10       74.86        0.00       99.87 %
    Mpcustom4        0.09       74.84        0.00       99.89 %
     Oh        0.52        0.27        0.00       34.42 %
      B        0.57       74.30        0.00       99.24 %
     AM        0.47       74.38        0.00       99.37 %
    all        0.28       64.06        0.00       99.57 %

    Total time in state (seconds)
    -----------------------------------------
            Pending     Running        Dead  
    -----------------------------------------
               1.95      448.43        0.00

    Data read    : 308.73 kiB
    Data written : 81.06 kiB

53: All pending notifications were processed.
INFO (IPF059): 53: Completed proof on task: "mytask"
cover -name CS_div_fsm_s5_55 {@(posedge clk_i) !div_fsm_s5 ##1 div_fsm_s5 [*55] ##1 !div_fsm_s5 }
INFO (IPF036): Starting proof on task: "mytask", 1 properties to prove with 0 already proven/unreachable
INFO (IPF031): Settings used for proof thread 54:
    orchestration                 = on (auto)
    time_limit                    = 600s
    per_property_time_limit       = 1s * 10 ^ scan
    engine_mode                   = auto
    proofgrid_per_engine_max_jobs = 1
    max engine jobs               = auto
    proofgrid_mode                = local
    proofgrid_restarts            = 10
54: Using multistage preprocessing
54: Starting reduce
54: Finished reduce in 0.043s
54.0.PRE: Performing Proof Simplification...
54.0.N: clocks: 1, declared: 1, looping: 0, posedge: 1, negedge: 0, noedge: 0, bothedge: 0
54.0.N: Proof Simplification Iteration 1	[0.00 s]
54.0.N: Proof Simplification Iteration 2	[0.04 s]
54.0.N: Proof Simplification Iteration 3	[0.06 s]
54.0.N: Proof Simplification Iteration 4	[0.07 s]
54.0.N: Proof Simplification Iteration 5	[0.09 s]
54.0.N: Proof Simplification Iteration 6	[0.11 s]
54.0.N: Proof Simplification Iteration 7	[0.13 s]
54.0.N: Proof Simplification Iteration 8	[0.15 s]
54.0.N: Proof Simplification Iteration 9	[0.17 s]
54.0.N: Proof Simplification Iteration 10	[0.18 s]
54.0.PRE: Proof Simplification completed in 0.23 s
54: About to start ProofGrid in its own thread with a limit of 10000 pending notifications and a limit of 10 traces.
54: =============================== ProofGrid start ===============================
54: ProofGrid usable level: 1
54: Initial ProofGrid level: 1
54: ProofGrid is starting event handling
54.0.N: caddy15.stanford.edu: "Rocky Linux 8.10 (Green Obsidian)" is an unsupported operating system.
54.0.Hp: caddy15.stanford.edu: "Rocky Linux 8.10 (Green Obsidian)" is an unsupported operating system.
54.0.Ht: caddy15.stanford.edu: "Rocky Linux 8.10 (Green Obsidian)" is an unsupported operating system.
54.0.Mpcustom4: caddy15.stanford.edu: "Rocky Linux 8.10 (Green Obsidian)" is an unsupported operating system.
54.0.Hp: Proofgrid shell started at 4104597@caddy15.stanford.edu(local) jg_4086220_caddy15.stanford.edu_55
54.0.N: Proofgrid shell started at 4104596@caddy15.stanford.edu(local) jg_4086220_caddy15.stanford.edu_55
54.0.Oh: caddy15.stanford.edu: "Rocky Linux 8.10 (Green Obsidian)" is an unsupported operating system.
54.0.Hp: clocks: 1, declared: 1, looping: 0, posedge: 1, negedge: 0, noedge: 0, bothedge: 0
54.0.N: clocks: 1, declared: 1, looping: 0, posedge: 1, negedge: 0, noedge: 0, bothedge: 0
54.0.Ht: Proofgrid shell started at 4104620@caddy15.stanford.edu(local) jg_4086220_caddy15.stanford.edu_55
54.0.N: Last scan. Per property time limit: 0s
54.0.N: Starting proof for property "CS_div_fsm_s5_55"	[0.00 s].
54.0.N: Trace Attempt  1	[0.00 s]
54.0.B: caddy15.stanford.edu: "Rocky Linux 8.10 (Green Obsidian)" is an unsupported operating system.
54.0.Ht: clocks: 1, declared: 1, looping: 0, posedge: 1, negedge: 0, noedge: 0, bothedge: 0
54.0.N: Trace Attempt  2	[0.01 s]
54.0.N: Trace Attempt  3	[0.01 s]
54.0.AM: caddy15.stanford.edu: "Rocky Linux 8.10 (Green Obsidian)" is an unsupported operating system.
54.0.Mpcustom4: Proofgrid shell started at 4104638@caddy15.stanford.edu(local) jg_4086220_caddy15.stanford.edu_55
54.0.Mpcustom4: clocks: 1, declared: 1, looping: 0, posedge: 1, negedge: 0, noedge: 0, bothedge: 0
54.0.Ht: Trace Attempt  1	[0.04 s]
54.0.Ht: Trace Attempt  2	[0.04 s]
54.0.N: Trace Attempt  3	[0.04 s]
54.0.Ht: Trace Attempt  3	[0.04 s]
54.0.Ht: Trace Attempt  4	[0.04 s]
54.0.Oh: Proofgrid shell started at 4104653@caddy15.stanford.edu(local) jg_4086220_caddy15.stanford.edu_55
54.0.N: Trace Attempt  4	[0.06 s]
54.0.Oh: clocks: 1, declared: 1, looping: 0, posedge: 1, negedge: 0, noedge: 0, bothedge: 0
54.0.Ht: Trace Attempt  5	[0.05 s]
54.0.N: Trace Attempt  5	[0.06 s]
54.0.B: Proofgrid shell started at 4104664@caddy15.stanford.edu(local) jg_4086220_caddy15.stanford.edu_55
54.0.Mpcustom4: Trace Attempt  1	[0.04 s]
54.0.AM: Proofgrid shell started at 4104668@caddy15.stanford.edu(local) jg_4086220_caddy15.stanford.edu_55
54.0.B: clocks: 1, declared: 1, looping: 0, posedge: 1, negedge: 0, noedge: 0, bothedge: 0
54.0.AM: clocks: 1, declared: 1, looping: 0, posedge: 1, negedge: 0, noedge: 0, bothedge: 0
54.0.B: Last scan. Per property time limit: 0s
54.0.B: Starting proof for property "CS_div_fsm_s5_55"	[0.00 s].
54.0.Mpcustom4: Trace Attempt  2	[0.06 s]
54.0.B: Trace Attempt  1	[0.01 s]
54.0.AM: Last scan. Per property time limit: 0s
54.0.AM: Starting proof for property "CS_div_fsm_s5_55"	[0.00 s].
54.0.AM: Trace Attempt  1	[0.00 s]
54.0.AM: Trace Attempt  2	[0.01 s]
54.0.B: Trace Attempt  2	[0.02 s]
54.0.B: Trace Attempt  3	[0.03 s]
54.0.N: Trace Attempt  5	[0.12 s]
54.0.AM: Trace Attempt  3	[0.03 s]
54.0.B: Trace Attempt  4	[0.04 s]
54.0.AM: Trace Attempt  4	[0.06 s]
54.0.B: Trace Attempt  5	[0.07 s]
54.0.AM: Trace Attempt  5	[0.08 s]
54.0.Oh: bwd trail(1): 1 0.111706s
54.0.Oh: All properties either determined or skipped. [0.13 s]
54.0.Oh: Exited with Success (@ 0.22 s)
54.0.Mpcustom4: Trace Attempt  3	[0.60 s]
54.0.Mpcustom4: Trace Attempt  3	[0.65 s]
54.0.Mpcustom4: Trace Attempt  4	[0.67 s]
54.0.Mpcustom4: Trace Attempt  4	[0.73 s]
54.0.Mpcustom4: Trace Attempt  5	[0.76 s]
54.0.Ht: Trace Attempt 62	[4.09 s]
54.0.B: Trace Attempt 52	[4.14 s]
54.0.AM: Trace Attempt 50	[4.13 s]
54.0.N: Trace Attempt 29	[4.30 s]
54.0.Mpcustom4: Trace Attempt 37	[4.79 s]
54.0.B: Trace Attempt 88	[8.16 s]
54.0.N: Trace Attempt 39	[9.04 s]
54.0.Mpcustom4: Trace Attempt 47	[9.18 s]
54.0.AM: Trace Attempt 68	[10.99 s]
54.0.Ht: Trace Attempt 84	[11.11 s]
54.0.AM: Trace Attempt  1	[11.78 s]
54.0.AM: Trace Attempt  2	[11.83 s]
54.0.AM: Trace Attempt  3	[11.85 s]
54.0.AM: Trace Attempt  5	[11.87 s]
54.0.N: Trace Attempt 47	[13.36 s]
54.0.Mpcustom4: Trace Attempt 57	[14.06 s]
54.0.AM: Trace Attempt 79	[16.70 s]
54.0.AM: Trace Attempt  1	[17.21 s]
54.0.AM: Trace Attempt  2	[17.24 s]
54.0.AM: Trace Attempt  3	[17.25 s]
54.0.AM: Trace Attempt  5	[17.26 s]
54.0.Mpcustom4: Trace Attempt 59	[18.06 s]
54.0.N: Trace Attempt 55	[18.27 s]
54.0.AM: Trace Attempt 81	[22.12 s]
54.0.Mpcustom4: Trace Attempt 59	[22.22 s]
54.0.N: Trace Attempt 65	[22.85 s]
54.0.N: Trace Attempt  1	[25.80 s]
54.0.N: Trace Attempt  2	[25.84 s]
54.0.N: Trace Attempt  3	[25.84 s]
54.0.N: Trace Attempt  5	[25.86 s]
54.0.Mpcustom4: Trace Attempt 59	[26.63 s]
54.0.N: Trace Attempt 77	[30.98 s]
54.0.Mpcustom4: Trace Attempt 61	[32.47 s]
54.0.Mpcustom4: Trace Attempt 61	[37.63 s]
54.0.AM: Trace Attempt 90	[38.39 s]
54.0.Mpcustom4: Trace Attempt 61	[43.22 s]
54.0.N: Trace Attempt 78	[50.04 s]
54.0.Mpcustom4: Trace Attempt 61	[50.27 s]
54.0.Mpcustom4: Trace Attempt 71	[55.02 s]
54.0.N: Trace Attempt 78	[55.31 s]
54.0.Mpcustom4: Trace Attempt 75	[59.14 s]
54.0.AM: Trace Attempt 95	[61.50 s]
54.0.N: Trace Attempt 80	[62.43 s]
54.0.N: Trace Attempt  1	[62.61 s]
54.0.N: Trace Attempt  2	[62.64 s]
54.0.N: Trace Attempt  3	[62.65 s]
54.0.N: Trace Attempt  5	[62.66 s]
54.0.B: Trace Attempt 96	[62.80 s]
54.0.Mpcustom4: Trace Attempt 78	[66.98 s]
54.0.AM: Trace Attempt 96	[67.15 s]
54.0.N: Trace Attempt 84	[68.15 s]
54.0.Mpcustom4: Trace Attempt 78	[73.85 s]
54.0.N: Trace Attempt 85	[76.66 s]
54.0.N: Trace Attempt  1	[79.50 s]
54.0.N: Trace Attempt  2	[79.53 s]
54.0.N: Trace Attempt  3	[79.53 s]
54.0.N: Trace Attempt  5	[79.54 s]
54.0.Mpcustom4: Trace Attempt 79	[81.48 s]
54.0.Ht: Trace Attempt 96	[84.17 s]
54.0.N: Trace Attempt 85	[85.50 s]
54.0.N: Requesting engine job to stop
54.0.B: Requesting engine job to stop
54.0.AM: Requesting engine job to stop
54.0.Hp: Requesting engine job to terminate
54.0.Ht: Requesting engine job to terminate
54.0.Mpcustom4: Requesting engine job to terminate
INFO (IPF144): 54: Initiating shutdown of proof [85.71 s]
54.0.B: A trace with 96 cycles was found. [85.57 s]
INFO (IPF047): 54.0.B: The cover property "CS_div_fsm_s5_55" was covered in 96 cycles in 85.63 s.
54.0.B: Stopped processing property "CS_div_fsm_s5_55"	[85.64 s].
54.0.B: All properties determined. [85.61 s]
54.0.B: Exited with Success (@ 85.73 s)
54: ProofGrid usable level: 0
54.0.Ht: Interrupted (multi)
54.0.Ht: All properties determined. [85.84 s]
54.0.N: Stopped processing property "CS_div_fsm_s5_55"	[85.99 s].
54.0.N: All properties determined. [85.99 s]
54.0.N: Exited with Success (@ 86.02 s)
54.0.Mpcustom4: All properties determined. [86.32 s]
54.0.Ht: Exited with Success (@ 86.40 s)
54.0.AM: Stopped processing property "CS_div_fsm_s5_55"	[86.32 s].
54.0.Mpcustom4: Exited with Success (@ 86.44 s)
54.0.AM: All properties determined. [86.33 s]
54.0.AM: Exited with Success (@ 86.72 s)
54.0.Hp: Interrupted (multi)
54.0.Hp: All properties determined. [86.90 s]
54.0.Hp: Exited with Success (@ 87.19 s)
54: --------------------------------------------------------------
ProofGrid Summary (utilization 99.88 %)
--------------------------------------------------------------
     engines started                               :     7
     engine jobs started                           :     7

    Average time in state (seconds)
    ------------------------------------------------------
    Engine  Pending     Running        Dead    Utilization
    ------------------------------------------------------
      N        0.11       85.70        0.00       99.87 %
     Hp        0.08       85.71        0.00       99.90 %
     Ht        0.08       85.69        0.00       99.91 %
    Mpcustom4        0.08       85.66        0.00       99.91 %
     Oh        0.09        0.13        0.00       59.74 %
      B        0.09       85.62        0.00       99.90 %
     AM        0.09       85.61        0.00       99.90 %
    all        0.09       73.45        0.00       99.88 %

    Total time in state (seconds)
    -----------------------------------------
            Pending     Running        Dead  
    -----------------------------------------
               0.61      514.12        0.00

    Data read    : 311.82 kiB
    Data written : 17.74 kiB

54: All pending notifications were processed.
INFO (IPF059): 54: Completed proof on task: "mytask"
cover -name CS_div_fsm_s5_56 {@(posedge clk_i) !div_fsm_s5 ##1 div_fsm_s5 [*56] ##1 !div_fsm_s5 }
INFO (IPF036): Starting proof on task: "mytask", 1 properties to prove with 0 already proven/unreachable
INFO (IPF031): Settings used for proof thread 55:
    orchestration                 = on (auto)
    time_limit                    = 600s
    per_property_time_limit       = 1s * 10 ^ scan
    engine_mode                   = auto
    proofgrid_per_engine_max_jobs = 1
    max engine jobs               = auto
    proofgrid_mode                = local
    proofgrid_restarts            = 10
55: Using multistage preprocessing
55: Starting reduce
55: Finished reduce in 0.043s
55.0.PRE: Performing Proof Simplification...
55.0.N: clocks: 1, declared: 1, looping: 0, posedge: 1, negedge: 0, noedge: 0, bothedge: 0
55.0.N: Proof Simplification Iteration 1	[0.00 s]
55.0.N: Proof Simplification Iteration 2	[0.04 s]
55.0.N: Proof Simplification Iteration 3	[0.06 s]
55.0.N: Proof Simplification Iteration 4	[0.07 s]
55.0.N: Proof Simplification Iteration 5	[0.09 s]
55.0.N: Proof Simplification Iteration 6	[0.11 s]
55.0.N: Proof Simplification Iteration 7	[0.13 s]
55.0.N: Proof Simplification Iteration 8	[0.15 s]
55.0.N: Proof Simplification Iteration 9	[0.17 s]
55.0.N: Proof Simplification Iteration 10	[0.18 s]
55.0.PRE: Proof Simplification completed in 0.23 s
55: About to start ProofGrid in its own thread with a limit of 10000 pending notifications and a limit of 10 traces.
55: =============================== ProofGrid start ===============================
55: ProofGrid usable level: 1
55: Initial ProofGrid level: 1
55: ProofGrid is starting event handling
55.0.N: caddy15.stanford.edu: "Rocky Linux 8.10 (Green Obsidian)" is an unsupported operating system.
55.0.Hp: caddy15.stanford.edu: "Rocky Linux 8.10 (Green Obsidian)" is an unsupported operating system.
55.0.Ht: caddy15.stanford.edu: "Rocky Linux 8.10 (Green Obsidian)" is an unsupported operating system.
55.0.Hp: Proofgrid shell started at 4105061@caddy15.stanford.edu(local) jg_4086220_caddy15.stanford.edu_56
55.0.N: Proofgrid shell started at 4105060@caddy15.stanford.edu(local) jg_4086220_caddy15.stanford.edu_56
55.0.Hp: clocks: 1, declared: 1, looping: 0, posedge: 1, negedge: 0, noedge: 0, bothedge: 0
55.0.N: clocks: 1, declared: 1, looping: 0, posedge: 1, negedge: 0, noedge: 0, bothedge: 0
55.0.N: Last scan. Per property time limit: 0s
55.0.N: Starting proof for property "CS_div_fsm_s5_56"	[0.00 s].
55.0.Mpcustom4: caddy15.stanford.edu: "Rocky Linux 8.10 (Green Obsidian)" is an unsupported operating system.
55.0.N: Trace Attempt  1	[0.01 s]
55.0.N: Trace Attempt  2	[0.01 s]
55.0.N: Trace Attempt  3	[0.01 s]
55.0.Ht: Proofgrid shell started at 4105084@caddy15.stanford.edu(local) jg_4086220_caddy15.stanford.edu_56
55.0.Ht: clocks: 1, declared: 1, looping: 0, posedge: 1, negedge: 0, noedge: 0, bothedge: 0
55.0.N: Trace Attempt  3	[0.04 s]
55.0.Ht: Trace Attempt  1	[0.04 s]
55.0.Ht: Trace Attempt  2	[0.04 s]
55.0.Ht: Trace Attempt  3	[0.04 s]
55.0.N: Trace Attempt  4	[0.06 s]
55.0.N: Trace Attempt  5	[0.06 s]
55.0.Ht: Trace Attempt  4	[0.05 s]
55.0.Ht: Trace Attempt  5	[0.05 s]
55.0.Mpcustom4: Proofgrid shell started at 4105102@caddy15.stanford.edu(local) jg_4086220_caddy15.stanford.edu_56
55.0.Mpcustom4: clocks: 1, declared: 1, looping: 0, posedge: 1, negedge: 0, noedge: 0, bothedge: 0
55.0.Mpcustom4: Trace Attempt  1	[0.04 s]
55.0.N: Trace Attempt  5	[0.12 s]
55.0.Mpcustom4: Trace Attempt  2	[0.06 s]
55.0.Oh: caddy15.stanford.edu: "Rocky Linux 8.10 (Green Obsidian)" is an unsupported operating system.
55.0.AM: caddy15.stanford.edu: "Rocky Linux 8.10 (Green Obsidian)" is an unsupported operating system.
55.0.B: caddy15.stanford.edu: "Rocky Linux 8.10 (Green Obsidian)" is an unsupported operating system.
55.0.Oh: Proofgrid shell started at 4105106@caddy15.stanford.edu(local) jg_4086220_caddy15.stanford.edu_56
55.0.AM: Proofgrid shell started at 4105114@caddy15.stanford.edu(local) jg_4086220_caddy15.stanford.edu_56
55.0.Oh: clocks: 1, declared: 1, looping: 0, posedge: 1, negedge: 0, noedge: 0, bothedge: 0
55.0.AM: clocks: 1, declared: 1, looping: 0, posedge: 1, negedge: 0, noedge: 0, bothedge: 0
55.0.AM: Last scan. Per property time limit: 0s
55.0.AM: Starting proof for property "CS_div_fsm_s5_56"	[0.00 s].
55.0.AM: Trace Attempt  1	[0.01 s]
55.0.AM: Trace Attempt  2	[0.01 s]
55.0.AM: Trace Attempt  3	[0.06 s]
55.0.B: Proofgrid shell started at 4105107@caddy15.stanford.edu(local) jg_4086220_caddy15.stanford.edu_56
55.0.AM: Trace Attempt  4	[0.11 s]
55.0.B: clocks: 1, declared: 1, looping: 0, posedge: 1, negedge: 0, noedge: 0, bothedge: 0
55.0.AM: Trace Attempt  5	[0.16 s]
55.0.B: Last scan. Per property time limit: 0s
55.0.B: Starting proof for property "CS_div_fsm_s5_56"	[0.00 s].
55.0.B: Trace Attempt  1	[0.03 s]
55.0.B: Trace Attempt  2	[0.04 s]
55.0.B: Trace Attempt  3	[0.07 s]
55.0.Mpcustom4: Trace Attempt  3	[0.64 s]
55.0.B: Trace Attempt  4	[0.09 s]
55.0.Mpcustom4: Trace Attempt  3	[0.70 s]
55.0.B: Trace Attempt  5	[0.15 s]
55.0.Oh: bwd trail(1): 1 0.126463s
55.0.Oh: All properties either determined or skipped. [0.38 s]
55.0.Oh: Exited with Success (@ 0.84 s)
55.0.Oh: Completed, Restart ignored.
55.0.Mpcustom4: Trace Attempt  4	[0.75 s]
55.0.Mpcustom4: Trace Attempt  4	[0.83 s]
55.0.Mpcustom4: Trace Attempt  5	[0.86 s]
55.0.N: Trace Attempt 29	[4.31 s]
55.0.Ht: Trace Attempt 67	[4.72 s]
55.0.B: Trace Attempt 46	[4.15 s]
55.0.AM: Trace Attempt 44	[4.35 s]
55.0.Mpcustom4: Trace Attempt 33	[5.25 s]
55.0.N: Trace Attempt 40	[8.34 s]
55.0.B: Trace Attempt 80	[8.23 s]
55.0.AM: Trace Attempt 64	[8.53 s]
55.0.Ht: Trace Attempt 79	[9.18 s]
55.0.Mpcustom4: Trace Attempt 47	[10.07 s]
55.0.AM: Trace Attempt 69	[12.57 s]
55.0.N: Trace Attempt 49	[13.40 s]
55.0.AM: Trace Attempt  1	[13.16 s]
55.0.AM: Trace Attempt  2	[13.19 s]
55.0.AM: Trace Attempt  3	[13.19 s]
55.0.AM: Trace Attempt  5	[13.21 s]
55.0.Mpcustom4: Trace Attempt 57	[14.23 s]
55.0.N: Trace Attempt 56	[17.67 s]
55.0.AM: Trace Attempt 80	[18.73 s]
55.0.Mpcustom4: Trace Attempt 60	[19.40 s]
55.0.AM: Trace Attempt  1	[19.36 s]
55.0.AM: Trace Attempt  2	[19.39 s]
55.0.AM: Trace Attempt  3	[19.39 s]
55.0.AM: Trace Attempt  5	[19.41 s]
55.0.N: Trace Attempt 61	[21.90 s]
55.0.Mpcustom4: Trace Attempt 61	[24.52 s]
55.0.AM: Trace Attempt 82	[24.92 s]
55.0.N: Trace Attempt 67	[28.34 s]
55.0.N: Trace Attempt  1	[30.55 s]
55.0.N: Trace Attempt  2	[30.58 s]
55.0.N: Trace Attempt  3	[30.58 s]
55.0.N: Trace Attempt  5	[30.59 s]
55.0.Mpcustom4: Trace Attempt 61	[31.23 s]
55.0.N: Trace Attempt 77	[35.89 s]
55.0.Mpcustom4: Trace Attempt 70	[36.34 s]
55.0.AM: Trace Attempt 88	[40.06 s]
55.0.Mpcustom4: Trace Attempt 75	[42.52 s]
55.0.AM: Trace Attempt 94	[47.46 s]
55.0.Mpcustom4: Trace Attempt 78	[48.48 s]
55.0.Mpcustom4: Trace Attempt 83	[53.97 s]
55.0.Mpcustom4: Trace Attempt 87	[58.18 s]
55.0.Ht: Trace Attempt 95	[58.69 s]
55.0.N: Trace Attempt 79	[62.45 s]
55.0.Mpcustom4: Trace Attempt 93	[64.62 s]
55.0.AM: Trace Attempt 96	[64.48 s]
55.0.N: Requesting engine job to stop
55.0.B: Requesting engine job to stop
55.0.AM: Requesting engine job to stop
55.0.Hp: Requesting engine job to terminate
55.0.Ht: Requesting engine job to terminate
55.0.Mpcustom4: Requesting engine job to terminate
INFO (IPF144): 55: Initiating shutdown of proof [67.36 s]
55.0.Ht: Trace Attempt 97	[62.56 s]
55.0.Ht: A trace with 97 cycles was found. [67.19 s]
INFO (IPF047): 55.0.Ht: The cover property "CS_div_fsm_s5_56" was covered in 97 cycles in 67.34 s.
55.0.Ht: All properties determined. [67.30 s]
55.0.Hp: Interrupted (multi)
55.0.Hp: All properties determined. [67.38 s]
55.0.N: Stopped processing property "CS_div_fsm_s5_56"	[67.44 s].
55.0.N: All properties determined. [67.47 s]
55.0.N: Exited with Success (@ 67.51 s)
55: ProofGrid usable level: 0
55.0.Hp: Exited with Success (@ 67.71 s)
55.0.AM: Trace Attempt 97	[65.11 s]
55.0.AM: Stopped processing property "CS_div_fsm_s5_56"	[67.32 s].
55.0.AM: All properties determined. [67.33 s]
55.0.AM: Exited with Success (@ 67.84 s)
55.0.Ht: Exited with Success (@ 67.86 s)
55.0.Mpcustom4: All properties determined. [67.94 s]
55.0.Mpcustom4: Exited with Success (@ 68.35 s)
55.0.B: Sending SIGKILL
55.0.B: Stopped processing property "CS_div_fsm_s5_56"	[68.88 s].
55.0.B: Trace Attempt 96	[11.48 s]
55.0.B: Terminated by signal SIGKILL (@ 69.55 s)
55: --------------------------------------------------------------
ProofGrid Summary (utilization 99.54 %)
--------------------------------------------------------------
     engines started                               :     7
     engine jobs started                           :     7

    Average time in state (seconds)
    ------------------------------------------------------
    Engine  Pending     Running        Dead    Utilization
    ------------------------------------------------------
      N        0.11       67.35        0.00       99.84 %
     Hp        0.08       67.35        0.00       99.88 %
     Ht        0.09       67.32        0.00       99.86 %
    Mpcustom4        0.12       67.26        0.00       99.82 %
     Oh        0.43        0.39        0.00       47.57 %
      B        0.59       66.75        0.00       99.13 %
     AM        0.43       66.90        0.00       99.36 %
    all        0.26       57.62        0.00       99.54 %

    Total time in state (seconds)
    -----------------------------------------
            Pending     Running        Dead  
    -----------------------------------------
               1.85      403.32        0.00

    Data read    : 290.01 kiB
    Data written : 42.93 kiB

55: All pending notifications were processed.
INFO (IPF059): 55: Completed proof on task: "mytask"
cover -name CS_div_fsm_s5_57 {@(posedge clk_i) !div_fsm_s5 ##1 div_fsm_s5 [*57] ##1 !div_fsm_s5 }
INFO (IPF036): Starting proof on task: "mytask", 1 properties to prove with 0 already proven/unreachable
INFO (IPF031): Settings used for proof thread 56:
    orchestration                 = on (auto)
    time_limit                    = 600s
    per_property_time_limit       = 1s * 10 ^ scan
    engine_mode                   = auto
    proofgrid_per_engine_max_jobs = 1
    max engine jobs               = auto
    proofgrid_mode                = local
    proofgrid_restarts            = 10
56: Using multistage preprocessing
56: Starting reduce
56: Finished reduce in 0.044s
56.0.PRE: Performing Proof Simplification...
56.0.N: clocks: 1, declared: 1, looping: 0, posedge: 1, negedge: 0, noedge: 0, bothedge: 0
56.0.N: Proof Simplification Iteration 1	[0.00 s]
56.0.N: Proof Simplification Iteration 2	[0.04 s]
56.0.N: Proof Simplification Iteration 3	[0.06 s]
56.0.N: Proof Simplification Iteration 4	[0.07 s]
56.0.N: Proof Simplification Iteration 5	[0.09 s]
56.0.N: Proof Simplification Iteration 6	[0.11 s]
56.0.N: Proof Simplification Iteration 7	[0.13 s]
56.0.N: Proof Simplification Iteration 8	[0.15 s]
56.0.N: Proof Simplification Iteration 9	[0.17 s]
56.0.N: Proof Simplification Iteration 10	[0.19 s]
56.0.PRE: Proof Simplification completed in 0.23 s
56: About to start ProofGrid in its own thread with a limit of 10000 pending notifications and a limit of 10 traces.
56: =============================== ProofGrid start ===============================
56: ProofGrid usable level: 1
56: Initial ProofGrid level: 1
56: ProofGrid is starting event handling
56.0.Hp: caddy15.stanford.edu: "Rocky Linux 8.10 (Green Obsidian)" is an unsupported operating system.
56.0.N: caddy15.stanford.edu: "Rocky Linux 8.10 (Green Obsidian)" is an unsupported operating system.
56.0.Ht: caddy15.stanford.edu: "Rocky Linux 8.10 (Green Obsidian)" is an unsupported operating system.
56.0.N: Proofgrid shell started at 4105447@caddy15.stanford.edu(local) jg_4086220_caddy15.stanford.edu_57
56.0.Hp: Proofgrid shell started at 4105448@caddy15.stanford.edu(local) jg_4086220_caddy15.stanford.edu_57
56.0.Hp: clocks: 1, declared: 1, looping: 0, posedge: 1, negedge: 0, noedge: 0, bothedge: 0
56.0.N: clocks: 1, declared: 1, looping: 0, posedge: 1, negedge: 0, noedge: 0, bothedge: 0
56.0.N: Last scan. Per property time limit: 0s
56.0.N: Starting proof for property "CS_div_fsm_s5_57"	[0.00 s].
56.0.N: Trace Attempt  1	[0.01 s]
56.0.N: Trace Attempt  2	[0.01 s]
56.0.N: Trace Attempt  3	[0.01 s]
56.0.Ht: Proofgrid shell started at 4105470@caddy15.stanford.edu(local) jg_4086220_caddy15.stanford.edu_57
56.0.Oh: caddy15.stanford.edu: "Rocky Linux 8.10 (Green Obsidian)" is an unsupported operating system.
56.0.Ht: clocks: 1, declared: 1, looping: 0, posedge: 1, negedge: 0, noedge: 0, bothedge: 0
56.0.Mpcustom4: caddy15.stanford.edu: "Rocky Linux 8.10 (Green Obsidian)" is an unsupported operating system.
56.0.B: caddy15.stanford.edu: "Rocky Linux 8.10 (Green Obsidian)" is an unsupported operating system.
56.0.N: Trace Attempt  3	[0.05 s]
56.0.N: Trace Attempt  4	[0.06 s]
56.0.N: Trace Attempt  5	[0.06 s]
56.0.Ht: Trace Attempt  1	[0.04 s]
56.0.Ht: Trace Attempt  2	[0.04 s]
56.0.Ht: Trace Attempt  3	[0.04 s]
56.0.AM: caddy15.stanford.edu: "Rocky Linux 8.10 (Green Obsidian)" is an unsupported operating system.
56.0.Ht: Trace Attempt  4	[0.05 s]
56.0.Ht: Trace Attempt  5	[0.06 s]
56.0.B: Proofgrid shell started at 4105494@caddy15.stanford.edu(local) jg_4086220_caddy15.stanford.edu_57
56.0.B: clocks: 1, declared: 1, looping: 0, posedge: 1, negedge: 0, noedge: 0, bothedge: 0
56.0.N: Trace Attempt  5	[0.13 s]
56.0.B: Last scan. Per property time limit: 0s
56.0.B: Starting proof for property "CS_div_fsm_s5_57"	[0.00 s].
56.0.B: Trace Attempt  1	[0.01 s]
56.0.B: Trace Attempt  2	[0.02 s]
56.0.B: Trace Attempt  3	[0.03 s]
56.0.B: Trace Attempt  4	[0.04 s]
56.0.B: Trace Attempt  5	[0.08 s]
56.0.Mpcustom4: Proofgrid shell started at 4105489@caddy15.stanford.edu(local) jg_4086220_caddy15.stanford.edu_57
56.0.Mpcustom4: clocks: 1, declared: 1, looping: 0, posedge: 1, negedge: 0, noedge: 0, bothedge: 0
56.0.Mpcustom4: Trace Attempt  1	[0.06 s]
56.0.Oh: Proofgrid shell started at 4105493@caddy15.stanford.edu(local) jg_4086220_caddy15.stanford.edu_57
56.0.Mpcustom4: Trace Attempt  2	[0.07 s]
56.0.Oh: clocks: 1, declared: 1, looping: 0, posedge: 1, negedge: 0, noedge: 0, bothedge: 0
56.0.AM: Proofgrid shell started at 4105496@caddy15.stanford.edu(local) jg_4086220_caddy15.stanford.edu_57
56.0.AM: clocks: 1, declared: 1, looping: 0, posedge: 1, negedge: 0, noedge: 0, bothedge: 0
56.0.AM: Last scan. Per property time limit: 0s
56.0.AM: Starting proof for property "CS_div_fsm_s5_57"	[0.00 s].
56.0.AM: Trace Attempt  1	[0.00 s]
56.0.AM: Trace Attempt  2	[0.01 s]
56.0.AM: Trace Attempt  3	[0.04 s]
56.0.AM: Trace Attempt  4	[0.10 s]
56.0.Oh: bwd trail(1): 1 0.115725s
56.0.Oh: All properties either determined or skipped. [0.21 s]
56.0.Oh: Exited with Success (@ 0.57 s)
56.0.Oh: Completed, Restart ignored.
56.0.AM: Trace Attempt  5	[0.15 s]
56.0.Mpcustom4: Trace Attempt  3	[0.64 s]
56.0.Mpcustom4: Trace Attempt  3	[0.69 s]
56.0.Mpcustom4: Trace Attempt  4	[0.71 s]
56.0.Mpcustom4: Trace Attempt  4	[0.77 s]
56.0.Mpcustom4: Trace Attempt  5	[0.79 s]
56.0.Ht: Trace Attempt 67	[4.29 s]
56.0.B: Trace Attempt 42	[4.24 s]
56.0.N: Trace Attempt 29	[4.49 s]
56.0.AM: Trace Attempt 46	[4.28 s]
56.0.Mpcustom4: Trace Attempt 32	[4.96 s]
56.0.B: Trace Attempt 77	[8.25 s]
56.0.AM: Trace Attempt 62	[8.31 s]
56.0.N: Trace Attempt 41	[9.21 s]
56.0.Ht: Trace Attempt 78	[9.45 s]
56.0.Mpcustom4: Trace Attempt 47	[9.60 s]
56.0.AM: Trace Attempt 70	[12.84 s]
56.0.AM: Trace Attempt  1	[13.36 s]
56.0.N: Trace Attempt 49	[13.76 s]
56.0.AM: Trace Attempt  2	[13.43 s]
56.0.AM: Trace Attempt  3	[13.43 s]
56.0.AM: Trace Attempt  5	[13.47 s]
56.0.Mpcustom4: Trace Attempt 57	[14.38 s]
56.0.N: Trace Attempt 55	[18.50 s]
56.0.AM: Trace Attempt 81	[18.45 s]
56.0.AM: Trace Attempt  1	[19.00 s]
56.0.AM: Trace Attempt  2	[19.03 s]
56.0.AM: Trace Attempt  3	[19.04 s]
56.0.AM: Trace Attempt  5	[19.05 s]
56.0.Mpcustom4: Trace Attempt 61	[19.67 s]
56.0.N: Trace Attempt 65	[22.88 s]
56.0.AM: Trace Attempt 83	[24.35 s]
56.0.N: Trace Attempt  1	[26.32 s]
56.0.N: Trace Attempt  2	[26.35 s]
56.0.N: Trace Attempt  3	[26.35 s]
56.0.N: Trace Attempt  5	[26.36 s]
56.0.Mpcustom4: Trace Attempt 62	[26.18 s]
56.0.Mpcustom4: Trace Attempt 71	[30.33 s]
56.0.N: Trace Attempt 80	[30.65 s]
56.0.Mpcustom4: Trace Attempt 71	[36.21 s]
56.0.AM: Trace Attempt 86	[39.59 s]
56.0.Mpcustom4: Trace Attempt 77	[42.10 s]
56.0.Mpcustom4: Trace Attempt 80	[48.70 s]
56.0.Mpcustom4: Trace Attempt 81	[53.74 s]
56.0.N: Trace Attempt 80	[56.28 s]
56.0.Mpcustom4: Trace Attempt 81	[61.08 s]
56.0.B: Trace Attempt 98	[63.49 s]
56.0.Mpcustom4: Trace Attempt 82	[65.32 s]
56.0.N: Trace Attempt 81	[66.53 s]
56.0.N: Trace Attempt 82	[71.08 s]
56.0.N: Trace Attempt  1	[71.34 s]
56.0.N: Trace Attempt  2	[71.38 s]
56.0.N: Trace Attempt  3	[71.38 s]
56.0.N: Trace Attempt  5	[71.39 s]
56.0.Mpcustom4: Trace Attempt 90	[72.27 s]
56.0.AM: Trace Attempt 97	[73.18 s]
56.0.Mpcustom4: Trace Attempt 95	[78.47 s]
56.0.Ht: Trace Attempt 98	[81.54 s]
56.0.AM: Trace Attempt 98	[82.60 s]
56.0.N: Requesting engine job to stop
56.0.B: Requesting engine job to stop
56.0.AM: Requesting engine job to stop
56.0.Hp: Requesting engine job to terminate
56.0.Ht: Requesting engine job to terminate
56.0.Mpcustom4: Requesting engine job to terminate
INFO (IPF144): 56: Initiating shutdown of proof [83.71 s]
56.0.B: A trace with 98 cycles was found. [83.52 s]
INFO (IPF047): 56.0.B: The cover property "CS_div_fsm_s5_57" was covered in 98 cycles in 83.58 s.
56.0.B: Stopped processing property "CS_div_fsm_s5_57"	[83.62 s].
56.0.Hp: Interrupted (multi)
56.0.Hp: All properties determined. [83.71 s]
56.0.Ht: Interrupted (multi)
56.0.Ht: All properties determined. [83.66 s]
56.0.B: All properties determined. [83.55 s]
56.0.B: Exited with Success (@ 83.73 s)
56: ProofGrid usable level: 0
56.0.N: Trace Attempt 79	[74.26 s]
56.0.N: Stopped processing property "CS_div_fsm_s5_57"	[83.75 s].
56.0.N: All properties determined. [83.76 s]
56.0.N: Exited with Success (@ 83.80 s)
56.0.Hp: Exited with Success (@ 84.03 s)
56.0.AM: Stopped processing property "CS_div_fsm_s5_57"	[83.82 s].
56.0.AM: All properties determined. [83.83 s]
56.0.Ht: Exited with Success (@ 84.26 s)
56.0.AM: Exited with Success (@ 84.37 s)
56.0.Mpcustom4: Trace Attempt 96	[82.18 s]
56.0.Mpcustom4: All properties determined. [84.08 s]
56.0.Mpcustom4: Exited with Success (@ 84.42 s)
56: --------------------------------------------------------------
ProofGrid Summary (utilization 99.71 %)
--------------------------------------------------------------
     engines started                               :     7
     engine jobs started                           :     7

    Average time in state (seconds)
    ------------------------------------------------------
    Engine  Pending     Running        Dead    Utilization
    ------------------------------------------------------
      N        0.11       83.70        0.00       99.87 %
     Hp        0.09       83.71        0.00       99.90 %
     Ht        0.11       83.65        0.00       99.86 %
    Mpcustom4        0.28       83.43        0.00       99.67 %
     Oh        0.34        0.21        0.00       37.49 %
      B        0.14       83.56        0.00       99.84 %
     AM        0.37       83.30        0.00       99.56 %
    all        0.21       71.65        0.00       99.71 %

    Total time in state (seconds)
    -----------------------------------------
            Pending     Running        Dead  
    -----------------------------------------
               1.44      501.55        0.00

    Data read    : 316.79 kiB
    Data written : 41.88 kiB

56: All pending notifications were processed.
INFO (IPF059): 56: Completed proof on task: "mytask"
cover -name CS_div_fsm_s5_58 {@(posedge clk_i) !div_fsm_s5 ##1 div_fsm_s5 [*58] ##1 !div_fsm_s5 }
INFO (IPF036): Starting proof on task: "mytask", 1 properties to prove with 0 already proven/unreachable
INFO (IPF031): Settings used for proof thread 57:
    orchestration                 = on (auto)
    time_limit                    = 600s
    per_property_time_limit       = 1s * 10 ^ scan
    engine_mode                   = auto
    proofgrid_per_engine_max_jobs = 1
    max engine jobs               = auto
    proofgrid_mode                = local
    proofgrid_restarts            = 10
57: Using multistage preprocessing
57: Starting reduce
57: Finished reduce in 0.043s
57.0.PRE: Performing Proof Simplification...
57.0.N: clocks: 1, declared: 1, looping: 0, posedge: 1, negedge: 0, noedge: 0, bothedge: 0
57.0.N: Proof Simplification Iteration 1	[0.00 s]
57.0.N: Proof Simplification Iteration 2	[0.04 s]
57.0.N: Proof Simplification Iteration 3	[0.06 s]
57.0.N: Proof Simplification Iteration 4	[0.07 s]
57.0.N: Proof Simplification Iteration 5	[0.09 s]
57.0.N: Proof Simplification Iteration 6	[0.11 s]
57.0.N: Proof Simplification Iteration 7	[0.13 s]
57.0.N: Proof Simplification Iteration 8	[0.15 s]
57.0.N: Proof Simplification Iteration 9	[0.17 s]
57.0.N: Proof Simplification Iteration 10	[0.18 s]
57.0.PRE: Proof Simplification completed in 0.23 s
57: About to start ProofGrid in its own thread with a limit of 10000 pending notifications and a limit of 10 traces.
57: =============================== ProofGrid start ===============================
57: ProofGrid usable level: 1
57: Initial ProofGrid level: 1
57: ProofGrid is starting event handling
57.0.N: caddy15.stanford.edu: "Rocky Linux 8.10 (Green Obsidian)" is an unsupported operating system.
57.0.Hp: caddy15.stanford.edu: "Rocky Linux 8.10 (Green Obsidian)" is an unsupported operating system.
57.0.Mpcustom4: caddy15.stanford.edu: "Rocky Linux 8.10 (Green Obsidian)" is an unsupported operating system.
57.0.Ht: caddy15.stanford.edu: "Rocky Linux 8.10 (Green Obsidian)" is an unsupported operating system.
57.0.Hp: Proofgrid shell started at 4106002@caddy15.stanford.edu(local) jg_4086220_caddy15.stanford.edu_58
57.0.N: Proofgrid shell started at 4106001@caddy15.stanford.edu(local) jg_4086220_caddy15.stanford.edu_58
57.0.Hp: clocks: 1, declared: 1, looping: 0, posedge: 1, negedge: 0, noedge: 0, bothedge: 0
57.0.N: clocks: 1, declared: 1, looping: 0, posedge: 1, negedge: 0, noedge: 0, bothedge: 0
57.0.Mpcustom4: Proofgrid shell started at 4106028@caddy15.stanford.edu(local) jg_4086220_caddy15.stanford.edu_58
57.0.B: caddy15.stanford.edu: "Rocky Linux 8.10 (Green Obsidian)" is an unsupported operating system.
57.0.N: Last scan. Per property time limit: 0s
57.0.N: Starting proof for property "CS_div_fsm_s5_58"	[0.00 s].
57.0.N: Trace Attempt  1	[0.01 s]
57.0.N: Trace Attempt  2	[0.01 s]
57.0.N: Trace Attempt  3	[0.01 s]
57.0.Oh: caddy15.stanford.edu: "Rocky Linux 8.10 (Green Obsidian)" is an unsupported operating system.
57.0.Ht: Proofgrid shell started at 4106024@caddy15.stanford.edu(local) jg_4086220_caddy15.stanford.edu_58
57.0.Mpcustom4: clocks: 1, declared: 1, looping: 0, posedge: 1, negedge: 0, noedge: 0, bothedge: 0
57.0.Ht: clocks: 1, declared: 1, looping: 0, posedge: 1, negedge: 0, noedge: 0, bothedge: 0
57.0.B: Proofgrid shell started at 4106059@caddy15.stanford.edu(local) jg_4086220_caddy15.stanford.edu_58
57.0.N: Trace Attempt  3	[0.06 s]
57.0.B: clocks: 1, declared: 1, looping: 0, posedge: 1, negedge: 0, noedge: 0, bothedge: 0
57.0.N: Trace Attempt  4	[0.07 s]
57.0.B: Last scan. Per property time limit: 0s
57.0.B: Starting proof for property "CS_div_fsm_s5_58"	[0.00 s].
57.0.N: Trace Attempt  5	[0.08 s]
57.0.Mpcustom4: Trace Attempt  1	[0.07 s]
57.0.B: Trace Attempt  1	[0.01 s]
57.0.B: Trace Attempt  2	[0.02 s]
57.0.AM: caddy15.stanford.edu: "Rocky Linux 8.10 (Green Obsidian)" is an unsupported operating system.
57.0.B: Trace Attempt  3	[0.03 s]
57.0.Ht: Trace Attempt  1	[0.07 s]
57.0.Ht: Trace Attempt  2	[0.07 s]
57.0.Ht: Trace Attempt  3	[0.07 s]
57.0.Mpcustom4: Trace Attempt  2	[0.09 s]
57.0.B: Trace Attempt  4	[0.04 s]
57.0.N: Trace Attempt  5	[0.14 s]
57.0.Ht: Trace Attempt  4	[0.09 s]
57.0.Ht: Trace Attempt  5	[0.11 s]
57.0.B: Trace Attempt  5	[0.08 s]
57.0.Oh: Proofgrid shell started at 4106047@caddy15.stanford.edu(local) jg_4086220_caddy15.stanford.edu_58
57.0.AM: Proofgrid shell started at 4106066@caddy15.stanford.edu(local) jg_4086220_caddy15.stanford.edu_58
57.0.Oh: clocks: 1, declared: 1, looping: 0, posedge: 1, negedge: 0, noedge: 0, bothedge: 0
57.0.AM: clocks: 1, declared: 1, looping: 0, posedge: 1, negedge: 0, noedge: 0, bothedge: 0
57.0.AM: Last scan. Per property time limit: 0s
57.0.AM: Starting proof for property "CS_div_fsm_s5_58"	[0.00 s].
57.0.AM: Trace Attempt  1	[0.00 s]
57.0.AM: Trace Attempt  2	[0.01 s]
57.0.AM: Trace Attempt  3	[0.04 s]
57.0.AM: Trace Attempt  4	[0.10 s]
57.0.AM: Trace Attempt  5	[0.15 s]
57.0.Oh: bwd trail(1): 1 0.114817s
57.0.Oh: All properties either determined or skipped. [0.26 s]
57.0.Oh: Exited with Success (@ 0.60 s)
57.0.Oh: Completed, Restart ignored.
57.0.Mpcustom4: Trace Attempt  3	[0.66 s]
57.0.Mpcustom4: Trace Attempt  3	[0.70 s]
57.0.Mpcustom4: Trace Attempt  4	[0.73 s]
57.0.Mpcustom4: Trace Attempt  4	[0.79 s]
57.0.Mpcustom4: Trace Attempt  5	[0.81 s]
57.0.B: Trace Attempt 51	[4.09 s]
57.0.N: Trace Attempt 29	[4.29 s]
57.0.Ht: Trace Attempt 64	[4.32 s]
57.0.AM: Trace Attempt 46	[4.18 s]
57.0.Mpcustom4: Trace Attempt 37	[5.45 s]
57.0.B: Trace Attempt 85	[8.17 s]
57.0.AM: Trace Attempt 64	[8.24 s]
57.0.N: Trace Attempt 41	[8.69 s]
57.0.Mpcustom4: Trace Attempt 52	[9.53 s]
57.0.N: Trace Attempt 49	[12.70 s]
57.0.Ht: Trace Attempt 79	[13.43 s]
57.0.AM: Trace Attempt 71	[13.50 s]
57.0.Mpcustom4: Trace Attempt 62	[14.42 s]
57.0.AM: Trace Attempt  1	[14.13 s]
57.0.AM: Trace Attempt  2	[14.19 s]
57.0.AM: Trace Attempt  3	[14.20 s]
57.0.AM: Trace Attempt  5	[14.22 s]
57.0.N: Trace Attempt 56	[16.88 s]
57.0.Mpcustom4: Trace Attempt 62	[18.53 s]
57.0.AM: Trace Attempt 82	[20.00 s]
57.0.AM: Trace Attempt  1	[20.52 s]
57.0.AM: Trace Attempt  2	[20.55 s]
57.0.AM: Trace Attempt  3	[20.55 s]
57.0.AM: Trace Attempt  5	[20.57 s]
57.0.N: Trace Attempt 62	[21.22 s]
57.0.Mpcustom4: Trace Attempt 63	[23.15 s]
57.0.N: Trace Attempt 68	[25.84 s]
57.0.AM: Trace Attempt 84	[25.86 s]
57.0.Mpcustom4: Trace Attempt 63	[28.77 s]
57.0.N: Trace Attempt 70	[31.16 s]
57.0.Mpcustom4: Trace Attempt 64	[34.63 s]
57.0.N: Trace Attempt 72	[36.15 s]
57.0.N: Trace Attempt  1	[36.36 s]
57.0.N: Trace Attempt  2	[36.39 s]
57.0.N: Trace Attempt  3	[36.39 s]
57.0.N: Trace Attempt  5	[36.40 s]
57.0.Mpcustom4: Trace Attempt 64	[38.82 s]
57.0.AM: Trace Attempt 87	[38.84 s]
57.0.Mpcustom4: Trace Attempt 72	[44.74 s]
57.0.Mpcustom4: Trace Attempt 77	[50.97 s]
57.0.N: Trace Attempt 97	[53.45 s]
57.0.Mpcustom4: Trace Attempt 77	[56.22 s]
57.0.Mpcustom4: Trace Attempt 79	[61.98 s]
57.0.Mpcustom4: Trace Attempt 86	[68.35 s]
57.0.N: Trace Attempt 97	[68.95 s]
57.0.Mpcustom4: Trace Attempt 90	[73.21 s]
57.0.AM: Trace Attempt 98	[75.53 s]
57.0.N: Trace Attempt 98	[76.75 s]
57.0.B: Trace Attempt 99	[78.60 s]
57.0.Mpcustom4: Trace Attempt 94	[79.34 s]
57.0.N: Trace Attempt 98	[86.92 s]
57.0.Mpcustom4: Trace Attempt 96	[86.98 s]
57.0.N: Requesting engine job to stop
57.0.B: Requesting engine job to stop
57.0.AM: Requesting engine job to stop
57.0.Hp: Requesting engine job to terminate
57.0.Ht: Requesting engine job to terminate
57.0.Mpcustom4: Requesting engine job to terminate
INFO (IPF144): 57: Initiating shutdown of proof [87.11 s]
57.0.B: A trace with 99 cycles was found. [86.97 s]
INFO (IPF047): 57.0.B: The cover property "CS_div_fsm_s5_58" was covered in 99 cycles in 87.01 s.
57.0.B: Stopped processing property "CS_div_fsm_s5_58"	[87.05 s].
57.0.Ht: Interrupted (multi)
57.0.Ht: Trace Attempt 98	[14.87 s]
57.0.Ht: All properties determined. [87.04 s]
57.0.B: All properties determined. [87.00 s]
57.0.B: Exited with Success (@ 87.13 s)
57: ProofGrid usable level: 0
57.0.Hp: Interrupted (multi)
57.0.Hp: All properties determined. [87.12 s]
57.0.N: Stopped processing property "CS_div_fsm_s5_58"	[87.35 s].
57.0.N: All properties determined. [87.36 s]
57.0.N: Exited with Success (@ 87.42 s)
57.0.Hp: Exited with Success (@ 87.63 s)
57.0.AM: Trace Attempt 99	[77.06 s]
57.0.AM: Stopped processing property "CS_div_fsm_s5_58"	[87.23 s].
57.0.AM: All properties determined. [87.24 s]
57.0.Ht: Exited with Success (@ 87.89 s)
57.0.AM: Exited with Success (@ 87.89 s)
57.0.Mpcustom4: All properties determined. [87.84 s]
57.0.Mpcustom4: Exited with Success (@ 87.96 s)
57: --------------------------------------------------------------
ProofGrid Summary (utilization 99.77 %)
--------------------------------------------------------------
     engines started                               :     7
     engine jobs started                           :     7

    Average time in state (seconds)
    ------------------------------------------------------
    Engine  Pending     Running        Dead    Utilization
    ------------------------------------------------------
      N        0.11       87.10        0.00       99.88 %
     Hp        0.08       87.10        0.00       99.90 %
     Ht        0.13       87.03        0.00       99.85 %
    Mpcustom4        0.09       87.06        0.00       99.90 %
     Oh        0.35        0.25        0.00       42.36 %
      B        0.11       87.01        0.00       99.87 %
     AM        0.35       86.72        0.00       99.59 %
    all        0.18       74.61        0.00       99.77 %

    Total time in state (seconds)
    -----------------------------------------
            Pending     Running        Dead  
    -----------------------------------------
               1.23      522.28        0.00

    Data read    : 326.30 kiB
    Data written : 82.93 kiB

57: All pending notifications were processed.
INFO (IPF059): 57: Completed proof on task: "mytask"
cover -name CS_div_fsm_s5_59 {@(posedge clk_i) !div_fsm_s5 ##1 div_fsm_s5 [*59] ##1 !div_fsm_s5 }
INFO (IPF036): Starting proof on task: "mytask", 1 properties to prove with 0 already proven/unreachable
INFO (IPF031): Settings used for proof thread 58:
    orchestration                 = on (auto)
    time_limit                    = 600s
    per_property_time_limit       = 1s * 10 ^ scan
    engine_mode                   = auto
    proofgrid_per_engine_max_jobs = 1
    max engine jobs               = auto
    proofgrid_mode                = local
    proofgrid_restarts            = 10
58: Using multistage preprocessing
58: Starting reduce
58: Finished reduce in 0.043s
58.0.PRE: Performing Proof Simplification...
58.0.N: clocks: 1, declared: 1, looping: 0, posedge: 1, negedge: 0, noedge: 0, bothedge: 0
58.0.N: Proof Simplification Iteration 1	[0.00 s]
58.0.N: Proof Simplification Iteration 2	[0.04 s]
58.0.N: Proof Simplification Iteration 3	[0.06 s]
58.0.N: Proof Simplification Iteration 4	[0.07 s]
58.0.N: Proof Simplification Iteration 5	[0.09 s]
58.0.N: Proof Simplification Iteration 6	[0.11 s]
58.0.N: Proof Simplification Iteration 7	[0.13 s]
58.0.N: Proof Simplification Iteration 8	[0.15 s]
58.0.N: Proof Simplification Iteration 9	[0.17 s]
58.0.N: Proof Simplification Iteration 10	[0.18 s]
58.0.PRE: Proof Simplification completed in 0.23 s
58: About to start ProofGrid in its own thread with a limit of 10000 pending notifications and a limit of 10 traces.
58: =============================== ProofGrid start ===============================
58: ProofGrid usable level: 1
58: Initial ProofGrid level: 1
58: ProofGrid is starting event handling
58.0.N: caddy15.stanford.edu: "Rocky Linux 8.10 (Green Obsidian)" is an unsupported operating system.
58.0.Hp: caddy15.stanford.edu: "Rocky Linux 8.10 (Green Obsidian)" is an unsupported operating system.
58.0.Ht: caddy15.stanford.edu: "Rocky Linux 8.10 (Green Obsidian)" is an unsupported operating system.
58.0.Mpcustom4: caddy15.stanford.edu: "Rocky Linux 8.10 (Green Obsidian)" is an unsupported operating system.
58.0.N: Proofgrid shell started at 4107759@caddy15.stanford.edu(local) jg_4086220_caddy15.stanford.edu_59
58.0.Hp: Proofgrid shell started at 4107760@caddy15.stanford.edu(local) jg_4086220_caddy15.stanford.edu_59
58.0.Ht: Proofgrid shell started at 4107782@caddy15.stanford.edu(local) jg_4086220_caddy15.stanford.edu_59
58.0.Oh: caddy15.stanford.edu: "Rocky Linux 8.10 (Green Obsidian)" is an unsupported operating system.
58.0.Ht: clocks: 1, declared: 1, looping: 0, posedge: 1, negedge: 0, noedge: 0, bothedge: 0
58.0.N: clocks: 1, declared: 1, looping: 0, posedge: 1, negedge: 0, noedge: 0, bothedge: 0
58.0.Hp: clocks: 1, declared: 1, looping: 0, posedge: 1, negedge: 0, noedge: 0, bothedge: 0
58.0.N: Last scan. Per property time limit: 0s
58.0.N: Starting proof for property "CS_div_fsm_s5_59"	[0.00 s].
58.0.AM: caddy15.stanford.edu: "Rocky Linux 8.10 (Green Obsidian)" is an unsupported operating system.
58.0.B: caddy15.stanford.edu: "Rocky Linux 8.10 (Green Obsidian)" is an unsupported operating system.
58.0.N: Trace Attempt  1	[0.01 s]
58.0.N: Trace Attempt  2	[0.01 s]
58.0.N: Trace Attempt  3	[0.01 s]
58.0.Mpcustom4: Proofgrid shell started at 4107801@caddy15.stanford.edu(local) jg_4086220_caddy15.stanford.edu_59
58.0.Ht: Trace Attempt  1	[0.04 s]
58.0.Ht: Trace Attempt  2	[0.04 s]
58.0.Ht: Trace Attempt  3	[0.04 s]
58.0.Mpcustom4: clocks: 1, declared: 1, looping: 0, posedge: 1, negedge: 0, noedge: 0, bothedge: 0
58.0.Ht: Trace Attempt  4	[0.04 s]
58.0.N: Trace Attempt  3	[0.04 s]
58.0.Ht: Trace Attempt  5	[0.05 s]
58.0.Oh: Proofgrid shell started at 4107816@caddy15.stanford.edu(local) jg_4086220_caddy15.stanford.edu_59
58.0.Oh: clocks: 1, declared: 1, looping: 0, posedge: 1, negedge: 0, noedge: 0, bothedge: 0
58.0.N: Trace Attempt  4	[0.06 s]
58.0.N: Trace Attempt  5	[0.06 s]
58.0.AM: Proofgrid shell started at 4107828@caddy15.stanford.edu(local) jg_4086220_caddy15.stanford.edu_59
58.0.B: Proofgrid shell started at 4107827@caddy15.stanford.edu(local) jg_4086220_caddy15.stanford.edu_59
58.0.Mpcustom4: Trace Attempt  1	[0.04 s]
58.0.AM: clocks: 1, declared: 1, looping: 0, posedge: 1, negedge: 0, noedge: 0, bothedge: 0
58.0.B: clocks: 1, declared: 1, looping: 0, posedge: 1, negedge: 0, noedge: 0, bothedge: 0
58.0.AM: Last scan. Per property time limit: 0s
58.0.AM: Starting proof for property "CS_div_fsm_s5_59"	[0.00 s].
58.0.B: Last scan. Per property time limit: 0s
58.0.B: Starting proof for property "CS_div_fsm_s5_59"	[0.00 s].
58.0.Mpcustom4: Trace Attempt  2	[0.06 s]
58.0.AM: Trace Attempt  1	[0.00 s]
58.0.AM: Trace Attempt  2	[0.01 s]
58.0.B: Trace Attempt  1	[0.01 s]
58.0.B: Trace Attempt  2	[0.02 s]
58.0.B: Trace Attempt  3	[0.03 s]
58.0.AM: Trace Attempt  3	[0.03 s]
58.0.B: Trace Attempt  4	[0.04 s]
58.0.N: Trace Attempt  5	[0.12 s]
58.0.AM: Trace Attempt  4	[0.06 s]
58.0.B: Trace Attempt  5	[0.08 s]
58.0.AM: Trace Attempt  5	[0.08 s]
58.0.Oh: bwd trail(1): 1 0.112973s
58.0.Oh: All properties either determined or skipped. [0.13 s]
58.0.Oh: Exited with Success (@ 0.20 s)
58.0.Mpcustom4: Trace Attempt  3	[0.62 s]
58.0.Mpcustom4: Trace Attempt  3	[0.73 s]
58.0.Mpcustom4: Trace Attempt  4	[0.78 s]
58.0.Mpcustom4: Trace Attempt  4	[0.90 s]
58.0.Mpcustom4: Trace Attempt  5	[0.96 s]
58.0.B: Trace Attempt 47	[4.17 s]
58.0.AM: Trace Attempt 49	[4.24 s]
58.0.N: Trace Attempt 27	[4.64 s]
58.0.Ht: Trace Attempt 70	[4.99 s]
58.0.Mpcustom4: Trace Attempt 32	[5.40 s]
58.0.B: Trace Attempt 82	[8.25 s]
58.0.N: Trace Attempt 37	[9.14 s]
58.0.AM: Trace Attempt 70	[9.51 s]
58.0.Ht: Trace Attempt 80	[9.81 s]
58.0.Mpcustom4: Trace Attempt 47	[10.43 s]
58.0.AM: Trace Attempt  1	[12.21 s]
58.0.AM: Trace Attempt  2	[12.24 s]
58.0.AM: Trace Attempt  3	[12.25 s]
58.0.AM: Trace Attempt  5	[12.27 s]
58.0.N: Trace Attempt 45	[14.00 s]
58.0.Mpcustom4: Trace Attempt 57	[15.44 s]
58.0.AM: Trace Attempt 74	[16.27 s]
58.0.N: Trace Attempt 52	[18.19 s]
58.0.AM: Trace Attempt  1	[19.68 s]
58.0.AM: Trace Attempt  2	[19.70 s]
58.0.AM: Trace Attempt  3	[19.71 s]
58.0.AM: Trace Attempt  5	[19.72 s]
58.0.Mpcustom4: Trace Attempt 66	[20.19 s]
58.0.N: Trace Attempt 59	[22.78 s]
58.0.AM: Trace Attempt 85	[24.04 s]
58.0.Mpcustom4: Trace Attempt 70	[25.31 s]
58.0.N: Trace Attempt 69	[27.59 s]
58.0.Mpcustom4: Trace Attempt 79	[29.97 s]
58.0.N: Trace Attempt 72	[33.30 s]
58.0.N: Trace Attempt  1	[33.44 s]
58.0.N: Trace Attempt  2	[33.47 s]
58.0.N: Trace Attempt  3	[33.47 s]
58.0.N: Trace Attempt  5	[33.49 s]
58.0.Mpcustom4: Trace Attempt 82	[34.88 s]
58.0.AM: Trace Attempt 88	[36.29 s]
58.0.N: Trace Attempt 88	[37.67 s]
58.0.Mpcustom4: Trace Attempt 85	[40.70 s]
58.0.Mpcustom4: Trace Attempt 89	[46.73 s]
58.0.Ht: Trace Attempt 92	[47.12 s]
58.0.Mpcustom4: Trace Attempt 91	[52.92 s]
58.0.Mpcustom4: Trace Attempt 92	[58.93 s]
58.0.Ht: Trace Attempt 100	[59.88 s]
58.0.N: Trace Attempt 98	[61.48 s]
58.0.Mpcustom4: Trace Attempt 92	[66.18 s]
58.0.N: Trace Attempt 98	[66.94 s]
58.0.AM: Trace Attempt 99	[73.09 s]
58.0.Mpcustom4: Trace Attempt 94	[73.92 s]
58.0.N: Trace Attempt 99	[76.15 s]
58.0.B: Trace Attempt 100	[78.57 s]
58.0.Mpcustom4: Trace Attempt 95	[81.09 s]
58.0.N: Trace Attempt 99	[87.52 s]
58.0.Mpcustom4: Trace Attempt 95	[88.00 s]
58.0.Mpcustom4: Trace Attempt 97	[95.13 s]
58.0.N: Requesting engine job to stop
58.0.B: Requesting engine job to stop
58.0.AM: Requesting engine job to stop
58.0.Hp: Requesting engine job to terminate
58.0.Ht: Requesting engine job to terminate
58.0.Mpcustom4: Requesting engine job to terminate
INFO (IPF144): 58: Initiating shutdown of proof [95.73 s]
58.0.B: A trace with 100 cycles was found. [95.60 s]
INFO (IPF047): 58.0.B: The cover property "CS_div_fsm_s5_59" was covered in 100 cycles in 95.67 s.
58.0.B: Stopped processing property "CS_div_fsm_s5_59"	[95.69 s].
58.0.Hp: Interrupted (multi)
58.0.Hp: All properties determined. [95.72 s]
58.0.B: All properties determined. [95.64 s]
58.0.B: Exited with Success (@ 95.75 s)
58: ProofGrid usable level: 0
58.0.Ht: Interrupted (multi)
58.0.Ht: All properties determined. [95.93 s]
58.0.Hp: Exited with Success (@ 96.00 s)
58.0.N: Stopped processing property "CS_div_fsm_s5_59"	[96.05 s].
58.0.N: All properties determined. [96.05 s]
58.0.AM: Trace Attempt 100	[73.99 s]
58.0.AM: Stopped processing property "CS_div_fsm_s5_59"	[96.08 s].
58.0.N: Exited with Success (@ 96.19 s)
58.0.AM: All properties determined. [96.09 s]
58.0.Ht: Exited with Success (@ 96.50 s)
58.0.AM: Exited with Success (@ 96.50 s)
58.0.Mpcustom4: Trace Attempt 98	[95.16 s]
58.0.Mpcustom4: All properties determined. [96.46 s]
58.0.Mpcustom4: Exited with Success (@ 96.58 s)
58: --------------------------------------------------------------
ProofGrid Summary (utilization 99.90 %)
--------------------------------------------------------------
     engines started                               :     7
     engine jobs started                           :     7

    Average time in state (seconds)
    ------------------------------------------------------
    Engine  Pending     Running        Dead    Utilization
    ------------------------------------------------------
      N        0.10       95.73        0.00       99.89 %
     Hp        0.08       95.72        0.00       99.91 %
     Ht        0.06       95.73        0.00       99.94 %
    Mpcustom4        0.08       95.69        0.00       99.92 %
     Oh        0.08        0.13        0.00       61.50 %
      B        0.08       95.65        0.00       99.92 %
     AM        0.08       95.65        0.00       99.92 %
    all        0.08       82.04        0.00       99.90 %

    Total time in state (seconds)
    -----------------------------------------
            Pending     Running        Dead  
    -----------------------------------------
               0.56      574.28        0.00

    Data read    : 342.33 kiB
    Data written : 80.03 kiB

58: All pending notifications were processed.
INFO (IPF059): 58: Completed proof on task: "mytask"
cover -name CS_div_fsm_s5_60 {@(posedge clk_i) !div_fsm_s5 ##1 div_fsm_s5 [*60] ##1 !div_fsm_s5 }
INFO (IPF036): Starting proof on task: "mytask", 1 properties to prove with 0 already proven/unreachable
INFO (IPF031): Settings used for proof thread 59:
    orchestration                 = on (auto)
    time_limit                    = 600s
    per_property_time_limit       = 1s * 10 ^ scan
    engine_mode                   = auto
    proofgrid_per_engine_max_jobs = 1
    max engine jobs               = auto
    proofgrid_mode                = local
    proofgrid_restarts            = 10
59: Using multistage preprocessing
59: Starting reduce
59: Finished reduce in 0.042s
59.0.PRE: Performing Proof Simplification...
59.0.N: clocks: 1, declared: 1, looping: 0, posedge: 1, negedge: 0, noedge: 0, bothedge: 0
59.0.N: Proof Simplification Iteration 1	[0.00 s]
59.0.N: Proof Simplification Iteration 2	[0.04 s]
59.0.N: Proof Simplification Iteration 3	[0.05 s]
59.0.N: Proof Simplification Iteration 4	[0.07 s]
59.0.N: Proof Simplification Iteration 5	[0.09 s]
59.0.N: Proof Simplification Iteration 6	[0.11 s]
59.0.N: Proof Simplification Iteration 7	[0.13 s]
59.0.N: Proof Simplification Iteration 8	[0.15 s]
59.0.N: Proof Simplification Iteration 9	[0.16 s]
59.0.N: Proof Simplification Iteration 10	[0.18 s]
59.0.PRE: Proof Simplification completed in 0.23 s
59: About to start ProofGrid in its own thread with a limit of 10000 pending notifications and a limit of 10 traces.
59: =============================== ProofGrid start ===============================
59: ProofGrid usable level: 1
59: Initial ProofGrid level: 1
59: ProofGrid is starting event handling
59.0.N: caddy15.stanford.edu: "Rocky Linux 8.10 (Green Obsidian)" is an unsupported operating system.
59.0.Hp: caddy15.stanford.edu: "Rocky Linux 8.10 (Green Obsidian)" is an unsupported operating system.
59.0.Ht: caddy15.stanford.edu: "Rocky Linux 8.10 (Green Obsidian)" is an unsupported operating system.
59.0.N: Proofgrid shell started at 4110136@caddy15.stanford.edu(local) jg_4086220_caddy15.stanford.edu_60
59.0.Hp: Proofgrid shell started at 4110137@caddy15.stanford.edu(local) jg_4086220_caddy15.stanford.edu_60
59.0.N: clocks: 1, declared: 1, looping: 0, posedge: 1, negedge: 0, noedge: 0, bothedge: 0
59.0.Hp: clocks: 1, declared: 1, looping: 0, posedge: 1, negedge: 0, noedge: 0, bothedge: 0
59.0.N: Last scan. Per property time limit: 0s
59.0.N: Starting proof for property "CS_div_fsm_s5_60"	[0.00 s].
59.0.Ht: Proofgrid shell started at 4110159@caddy15.stanford.edu(local) jg_4086220_caddy15.stanford.edu_60
59.0.N: Trace Attempt  1	[0.01 s]
59.0.N: Trace Attempt  2	[0.01 s]
59.0.N: Trace Attempt  3	[0.01 s]
59.0.Mpcustom4: caddy15.stanford.edu: "Rocky Linux 8.10 (Green Obsidian)" is an unsupported operating system.
59.0.Ht: clocks: 1, declared: 1, looping: 0, posedge: 1, negedge: 0, noedge: 0, bothedge: 0
59.0.N: Trace Attempt  3	[0.04 s]
59.0.Ht: Trace Attempt  1	[0.04 s]
59.0.Ht: Trace Attempt  2	[0.04 s]
59.0.Ht: Trace Attempt  3	[0.04 s]
59.0.N: Trace Attempt  4	[0.06 s]
59.0.N: Trace Attempt  5	[0.06 s]
59.0.Ht: Trace Attempt  4	[0.05 s]
59.0.Ht: Trace Attempt  5	[0.06 s]
59.0.Mpcustom4: Proofgrid shell started at 4110178@caddy15.stanford.edu(local) jg_4086220_caddy15.stanford.edu_60
59.0.Mpcustom4: clocks: 1, declared: 1, looping: 0, posedge: 1, negedge: 0, noedge: 0, bothedge: 0
59.0.N: Trace Attempt  5	[0.12 s]
59.0.Mpcustom4: Trace Attempt  1	[0.04 s]
59.0.Mpcustom4: Trace Attempt  2	[0.06 s]
59.0.Oh: caddy15.stanford.edu: "Rocky Linux 8.10 (Green Obsidian)" is an unsupported operating system.
59.0.AM: caddy15.stanford.edu: "Rocky Linux 8.10 (Green Obsidian)" is an unsupported operating system.
59.0.B: caddy15.stanford.edu: "Rocky Linux 8.10 (Green Obsidian)" is an unsupported operating system.
59.0.Oh: Proofgrid shell started at 4110184@caddy15.stanford.edu(local) jg_4086220_caddy15.stanford.edu_60
59.0.B: Proofgrid shell started at 4110187@caddy15.stanford.edu(local) jg_4086220_caddy15.stanford.edu_60
59.0.B: clocks: 1, declared: 1, looping: 0, posedge: 1, negedge: 0, noedge: 0, bothedge: 0
59.0.B: Last scan. Per property time limit: 0s
59.0.B: Starting proof for property "CS_div_fsm_s5_60"	[0.00 s].
59.0.B: Trace Attempt  1	[0.01 s]
59.0.AM: Proofgrid shell started at 4110189@caddy15.stanford.edu(local) jg_4086220_caddy15.stanford.edu_60
59.0.Oh: clocks: 1, declared: 1, looping: 0, posedge: 1, negedge: 0, noedge: 0, bothedge: 0
59.0.B: Trace Attempt  2	[0.03 s]
59.0.AM: clocks: 1, declared: 1, looping: 0, posedge: 1, negedge: 0, noedge: 0, bothedge: 0
59.0.AM: Last scan. Per property time limit: 0s
59.0.AM: Starting proof for property "CS_div_fsm_s5_60"	[0.00 s].
59.0.AM: Trace Attempt  1	[0.00 s]
59.0.AM: Trace Attempt  2	[0.01 s]
59.0.B: Trace Attempt  3	[0.06 s]
59.0.B: Trace Attempt  4	[0.09 s]
59.0.AM: Trace Attempt  3	[0.04 s]
59.0.AM: Trace Attempt  4	[0.07 s]
59.0.AM: Trace Attempt  5	[0.09 s]
59.0.B: Trace Attempt  5	[0.17 s]
59.0.Oh: bwd trail(1): 1 0.117722s
59.0.Oh: All properties either determined or skipped. [0.28 s]
59.0.Oh: Exited with Success (@ 0.81 s)
59.0.Oh: Completed, Restart ignored.
59.0.Mpcustom4: Trace Attempt  3	[0.85 s]
59.0.Mpcustom4: Trace Attempt  3	[0.95 s]
59.0.Mpcustom4: Trace Attempt  4	[1.00 s]
59.0.Mpcustom4: Trace Attempt  4	[1.12 s]
59.0.Mpcustom4: Trace Attempt  5	[1.17 s]
59.0.N: Trace Attempt 25	[4.66 s]
59.0.AM: Trace Attempt 41	[4.11 s]
59.0.Ht: Trace Attempt 66	[4.77 s]
59.0.B: Trace Attempt 47	[4.34 s]
59.0.Mpcustom4: Trace Attempt 33	[5.55 s]
59.0.AM: Trace Attempt 62	[8.28 s]
59.0.B: Trace Attempt 81	[8.37 s]
59.0.N: Trace Attempt 35	[8.93 s]
59.0.Mpcustom4: Trace Attempt 50	[9.56 s]
59.0.Ht: Trace Attempt 83	[10.51 s]
59.0.N: Trace Attempt 45	[13.44 s]
59.0.Mpcustom4: Trace Attempt 57	[14.47 s]
59.0.AM: Trace Attempt 73	[14.04 s]
59.0.AM: Trace Attempt  1	[14.49 s]
59.0.AM: Trace Attempt  2	[14.52 s]
59.0.AM: Trace Attempt  3	[14.52 s]
59.0.AM: Trace Attempt  5	[14.54 s]
59.0.N: Trace Attempt 53	[17.61 s]
59.0.Mpcustom4: Trace Attempt 64	[19.14 s]
59.0.N: Trace Attempt 60	[21.61 s]
59.0.AM: Trace Attempt 84	[21.48 s]
59.0.AM: Trace Attempt  1	[21.85 s]
59.0.AM: Trace Attempt  2	[21.88 s]
59.0.AM: Trace Attempt  3	[21.88 s]
59.0.AM: Trace Attempt  5	[21.89 s]
59.0.Mpcustom4: Trace Attempt 64	[23.67 s]
59.0.N: Trace Attempt 66	[25.85 s]
59.0.AM: Trace Attempt 86	[26.76 s]
59.0.Mpcustom4: Trace Attempt 66	[29.00 s]
59.0.N: Trace Attempt 70	[29.91 s]
59.0.Mpcustom4: Trace Attempt 67	[33.23 s]
59.0.N: Trace Attempt 77	[35.94 s]
59.0.N: Trace Attempt  1	[38.75 s]
59.0.N: Trace Attempt  2	[38.78 s]
59.0.N: Trace Attempt  3	[38.78 s]
59.0.N: Trace Attempt  5	[38.79 s]
59.0.Mpcustom4: Trace Attempt 67	[39.09 s]
59.0.AM: Trace Attempt 89	[38.90 s]
59.0.Mpcustom4: Trace Attempt 67	[43.80 s]
59.0.Ht: Trace Attempt 94	[49.63 s]
59.0.Mpcustom4: Trace Attempt 67	[50.88 s]
59.0.Mpcustom4: Trace Attempt 69	[57.65 s]
59.0.B: Trace Attempt 101	[60.91 s]
59.0.AM: Trace Attempt 100	[62.13 s]
59.0.Mpcustom4: Trace Attempt 71	[64.62 s]
59.0.N: Trace Attempt 99	[67.29 s]
59.0.Mpcustom4: Trace Attempt 77	[71.55 s]
59.0.N: Requesting engine job to stop
59.0.B: Requesting engine job to stop
59.0.AM: Requesting engine job to stop
59.0.Hp: Requesting engine job to terminate
59.0.Ht: Requesting engine job to terminate
59.0.Mpcustom4: Requesting engine job to terminate
INFO (IPF144): 59: Initiating shutdown of proof [73.62 s]
59.0.B: A trace with 101 cycles was found. [73.05 s]
INFO (IPF047): 59.0.B: The cover property "CS_div_fsm_s5_60" was covered in 101 cycles in 73.10 s.
59.0.B: Stopped processing property "CS_div_fsm_s5_60"	[73.11 s].
59.0.B: All properties determined. [73.09 s]
59.0.Ht: Interrupted (multi)
59.0.Ht: Trace Attempt 100	[50.11 s]
59.0.Ht: All properties determined. [73.60 s]
59.0.B: Exited with Success (@ 73.65 s)
59: ProofGrid usable level: 0
59.0.Hp: Interrupted (multi)
59.0.Hp: All properties determined. [73.63 s]
59.0.N: Stopped processing property "CS_div_fsm_s5_60"	[73.70 s].
59.0.N: All properties determined. [73.71 s]
59.0.N: Exited with Success (@ 73.74 s)
59.0.AM: Trace Attempt 101	[62.68 s]
59.0.AM: Stopped processing property "CS_div_fsm_s5_60"	[73.42 s].
59.0.AM: All properties determined. [73.43 s]
59.0.AM: Exited with Success (@ 74.25 s)
59.0.Hp: Exited with Success (@ 74.25 s)
59.0.Ht: Exited with Success (@ 74.25 s)
59.0.Mpcustom4: Trace Attempt 82	[71.88 s]
59.0.Mpcustom4: All properties determined. [74.14 s]
59.0.Mpcustom4: Exited with Success (@ 74.32 s)
59: --------------------------------------------------------------
ProofGrid Summary (utilization 99.56 %)
--------------------------------------------------------------
     engines started                               :     7
     engine jobs started                           :     7

    Average time in state (seconds)
    ------------------------------------------------------
    Engine  Pending     Running        Dead    Utilization
    ------------------------------------------------------
      N        0.11       73.61        0.00       99.85 %
     Hp        0.09       73.61        0.00       99.87 %
     Ht        0.09       73.58        0.00       99.87 %
    Mpcustom4        0.14       73.51        0.00       99.81 %
     Oh        0.49        0.29        0.00       36.80 %
      B        0.49       73.11        0.00       99.33 %
     AM        0.51       73.05        0.00       99.31 %
    all        0.28       62.97        0.00       99.56 %

    Total time in state (seconds)
    -----------------------------------------
            Pending     Running        Dead  
    -----------------------------------------
               1.93      440.77        0.00

    Data read    : 315.43 kiB
    Data written : 33.61 kiB

59: All pending notifications were processed.
INFO (IPF059): 59: Completed proof on task: "mytask"
cover -name CS_div_fsm_s5_61 {@(posedge clk_i) !div_fsm_s5 ##1 div_fsm_s5 [*61] ##1 !div_fsm_s5 }
INFO (IPF036): Starting proof on task: "mytask", 1 properties to prove with 0 already proven/unreachable
INFO (IPF031): Settings used for proof thread 60:
    orchestration                 = on (auto)
    time_limit                    = 600s
    per_property_time_limit       = 1s * 10 ^ scan
    engine_mode                   = auto
    proofgrid_per_engine_max_jobs = 1
    max engine jobs               = auto
    proofgrid_mode                = local
    proofgrid_restarts            = 10
60: Using multistage preprocessing
60: Starting reduce
60: Finished reduce in 0.044s
60.0.PRE: Performing Proof Simplification...
60.0.N: clocks: 1, declared: 1, looping: 0, posedge: 1, negedge: 0, noedge: 0, bothedge: 0
60.0.N: Proof Simplification Iteration 1	[0.00 s]
60.0.N: Proof Simplification Iteration 2	[0.04 s]
60.0.N: Proof Simplification Iteration 3	[0.06 s]
60.0.N: Proof Simplification Iteration 4	[0.07 s]
60.0.N: Proof Simplification Iteration 5	[0.09 s]
60.0.N: Proof Simplification Iteration 6	[0.11 s]
60.0.N: Proof Simplification Iteration 7	[0.13 s]
60.0.N: Proof Simplification Iteration 8	[0.15 s]
60.0.N: Proof Simplification Iteration 9	[0.17 s]
60.0.N: Proof Simplification Iteration 10	[0.18 s]
60.0.PRE: Proof Simplification completed in 0.23 s
60: About to start ProofGrid in its own thread with a limit of 10000 pending notifications and a limit of 10 traces.
60: =============================== ProofGrid start ===============================
60: ProofGrid usable level: 1
60: Initial ProofGrid level: 1
60: ProofGrid is starting event handling
60.0.N: caddy15.stanford.edu: "Rocky Linux 8.10 (Green Obsidian)" is an unsupported operating system.
60.0.Hp: caddy15.stanford.edu: "Rocky Linux 8.10 (Green Obsidian)" is an unsupported operating system.
60.0.Ht: caddy15.stanford.edu: "Rocky Linux 8.10 (Green Obsidian)" is an unsupported operating system.
60.0.Mpcustom4: caddy15.stanford.edu: "Rocky Linux 8.10 (Green Obsidian)" is an unsupported operating system.
60.0.Hp: Proofgrid shell started at 4113457@caddy15.stanford.edu(local) jg_4086220_caddy15.stanford.edu_61
60.0.N: Proofgrid shell started at 4113456@caddy15.stanford.edu(local) jg_4086220_caddy15.stanford.edu_61
60.0.Ht: Proofgrid shell started at 4113479@caddy15.stanford.edu(local) jg_4086220_caddy15.stanford.edu_61
60.0.Hp: clocks: 1, declared: 1, looping: 0, posedge: 1, negedge: 0, noedge: 0, bothedge: 0
60.0.N: clocks: 1, declared: 1, looping: 0, posedge: 1, negedge: 0, noedge: 0, bothedge: 0
60.0.Ht: clocks: 1, declared: 1, looping: 0, posedge: 1, negedge: 0, noedge: 0, bothedge: 0
60.0.N: Last scan. Per property time limit: 0s
60.0.N: Starting proof for property "CS_div_fsm_s5_61"	[0.00 s].
60.0.N: Trace Attempt  1	[0.01 s]
60.0.N: Trace Attempt  2	[0.01 s]
60.0.N: Trace Attempt  3	[0.01 s]
60.0.Mpcustom4: Proofgrid shell started at 4113498@caddy15.stanford.edu(local) jg_4086220_caddy15.stanford.edu_61
60.0.Ht: Trace Attempt  1	[0.04 s]
60.0.Ht: Trace Attempt  2	[0.04 s]
60.0.Ht: Trace Attempt  3	[0.04 s]
60.0.Ht: Trace Attempt  4	[0.05 s]
60.0.Mpcustom4: clocks: 1, declared: 1, looping: 0, posedge: 1, negedge: 0, noedge: 0, bothedge: 0
60.0.N: Trace Attempt  3	[0.04 s]
60.0.Ht: Trace Attempt  5	[0.06 s]
60.0.N: Trace Attempt  4	[0.06 s]
60.0.N: Trace Attempt  5	[0.06 s]
60.0.Mpcustom4: Trace Attempt  1	[0.04 s]
60.0.B: caddy15.stanford.edu: "Rocky Linux 8.10 (Green Obsidian)" is an unsupported operating system.
60.0.Mpcustom4: Trace Attempt  2	[0.06 s]
60.0.N: Trace Attempt  5	[0.12 s]
60.0.Oh: caddy15.stanford.edu: "Rocky Linux 8.10 (Green Obsidian)" is an unsupported operating system.
60.0.AM: caddy15.stanford.edu: "Rocky Linux 8.10 (Green Obsidian)" is an unsupported operating system.
60.0.B: Proofgrid shell started at 4113519@caddy15.stanford.edu(local) jg_4086220_caddy15.stanford.edu_61
60.0.B: clocks: 1, declared: 1, looping: 0, posedge: 1, negedge: 0, noedge: 0, bothedge: 0
60.0.B: Last scan. Per property time limit: 0s
60.0.B: Starting proof for property "CS_div_fsm_s5_61"	[0.00 s].
60.0.B: Trace Attempt  1	[0.02 s]
60.0.B: Trace Attempt  2	[0.02 s]
60.0.B: Trace Attempt  3	[0.05 s]
60.0.Oh: Proofgrid shell started at 4113513@caddy15.stanford.edu(local) jg_4086220_caddy15.stanford.edu_61
60.0.B: Trace Attempt  4	[0.08 s]
60.0.Oh: clocks: 1, declared: 1, looping: 0, posedge: 1, negedge: 0, noedge: 0, bothedge: 0
60.0.AM: Proofgrid shell started at 4113520@caddy15.stanford.edu(local) jg_4086220_caddy15.stanford.edu_61
60.0.AM: clocks: 1, declared: 1, looping: 0, posedge: 1, negedge: 0, noedge: 0, bothedge: 0
60.0.AM: Last scan. Per property time limit: 0s
60.0.AM: Starting proof for property "CS_div_fsm_s5_61"	[0.00 s].
60.0.AM: Trace Attempt  1	[0.00 s]
60.0.AM: Trace Attempt  2	[0.01 s]
60.0.B: Trace Attempt  5	[0.17 s]
60.0.AM: Trace Attempt  3	[0.05 s]
60.0.Mpcustom4: Trace Attempt  3	[0.62 s]
60.0.AM: Trace Attempt  4	[0.10 s]
60.0.AM: Trace Attempt  5	[0.13 s]
60.0.Mpcustom4: Trace Attempt  3	[0.67 s]
60.0.Mpcustom4: Trace Attempt  4	[0.69 s]
60.0.Oh: bwd trail(1): 1 0.132886s
60.0.Mpcustom4: Trace Attempt  4	[0.75 s]
60.0.Oh: All properties either determined or skipped. [0.30 s]
60.0.Oh: Exited with Success (@ 0.83 s)
60.0.Oh: Completed, Restart ignored.
60.0.Mpcustom4: Trace Attempt  5	[0.78 s]
60.0.N: Trace Attempt 29	[4.59 s]
60.0.B: Trace Attempt 49	[4.20 s]
60.0.Ht: Trace Attempt 72	[4.63 s]
60.0.AM: Trace Attempt 50	[4.26 s]
60.0.Mpcustom4: Trace Attempt 37	[5.40 s]
60.0.B: Trace Attempt 80	[8.26 s]
60.0.N: Trace Attempt 39	[9.09 s]
60.0.Ht: Trace Attempt 84	[9.47 s]
60.0.Mpcustom4: Trace Attempt 52	[9.60 s]
60.0.AM: Trace Attempt 72	[9.18 s]
60.0.AM: Trace Attempt  1	[12.28 s]
60.0.AM: Trace Attempt  2	[12.33 s]
60.0.AM: Trace Attempt  3	[12.34 s]
60.0.AM: Trace Attempt  5	[12.35 s]
60.0.N: Trace Attempt 49	[13.75 s]
60.0.Mpcustom4: Trace Attempt 64	[14.68 s]
60.0.N: Trace Attempt 56	[17.90 s]
60.0.Mpcustom4: Trace Attempt 66	[20.17 s]
60.0.AM: Trace Attempt 85	[20.68 s]
60.0.AM: Trace Attempt  1	[21.09 s]
60.0.AM: Trace Attempt  2	[21.11 s]
60.0.AM: Trace Attempt  3	[21.12 s]
60.0.AM: Trace Attempt  5	[21.13 s]
60.0.N: Trace Attempt 61	[22.32 s]
60.0.Mpcustom4: Trace Attempt 69	[25.48 s]
60.0.AM: Trace Attempt 88	[25.24 s]
60.0.N: Trace Attempt 69	[26.60 s]
60.0.Mpcustom4: Trace Attempt 70	[30.80 s]
60.0.N: Trace Attempt 72	[31.03 s]
60.0.Mpcustom4: Trace Attempt 79	[35.74 s]
60.0.AM: Trace Attempt 90	[37.19 s]
60.0.N: Trace Attempt 73	[39.19 s]
60.0.Mpcustom4: Trace Attempt 89	[42.34 s]
60.0.N: Trace Attempt 75	[43.55 s]
60.0.N: Trace Attempt  1	[43.74 s]
60.0.N: Trace Attempt  2	[43.77 s]
60.0.N: Trace Attempt  3	[43.78 s]
60.0.N: Trace Attempt  5	[43.79 s]
60.0.Ht: Trace Attempt 93	[45.23 s]
60.0.Mpcustom4: Trace Attempt 95	[48.85 s]
60.0.Mpcustom4: Trace Attempt 99	[55.14 s]
60.0.Ht: Trace Attempt 102	[57.43 s]
60.0.N: Trace Attempt 98	[60.74 s]
60.0.Mpcustom4: Trace Attempt 100	[62.87 s]
60.0.N: Requesting engine job to stop
60.0.B: Requesting engine job to stop
60.0.AM: Requesting engine job to stop
60.0.Hp: Requesting engine job to terminate
60.0.Ht: Requesting engine job to terminate
60.0.Mpcustom4: Requesting engine job to terminate
INFO (IPF144): 60: Initiating shutdown of proof [63.41 s]
60.0.Ht: A trace with 102 cycles was found. [63.25 s]
INFO (IPF047): 60.0.Ht: The cover property "CS_div_fsm_s5_61" was covered in 102 cycles in 63.39 s.
60.0.Ht: All properties determined. [63.37 s]
60.0.Hp: Interrupted (multi)
60.0.Hp: All properties determined. [63.40 s]
60.0.N: Stopped processing property "CS_div_fsm_s5_61"	[63.55 s].
60.0.N: All properties determined. [63.55 s]
60.0.Hp: Exited with Success (@ 63.77 s)
60: ProofGrid usable level: 0
60.0.Ht: Exited with Success (@ 63.93 s)
60.0.N: Exited with Success (@ 63.93 s)
60.0.Mpcustom4: All properties determined. [64.05 s]
60.0.AM: Trace Attempt 100	[39.73 s]
60.0.AM: Stopped processing property "CS_div_fsm_s5_61"	[63.93 s].
60.0.Mpcustom4: Exited with Success (@ 64.54 s)
60.0.AM: All properties determined. [63.94 s]
60.0.AM: Exited with Success (@ 64.56 s)
60.0.B: Sending SIGKILL
60.0.B: Stopped processing property "CS_div_fsm_s5_61"	[65.14 s].
60.0.B: Trace Attempt 101	[11.40 s]
60.0.B: Terminated by signal SIGKILL (@ 65.58 s)
60: --------------------------------------------------------------
ProofGrid Summary (utilization 99.52 %)
--------------------------------------------------------------
     engines started                               :     7
     engine jobs started                           :     7

    Average time in state (seconds)
    ------------------------------------------------------
    Engine  Pending     Running        Dead    Utilization
    ------------------------------------------------------
      N        0.11       63.38        0.00       99.82 %
     Hp        0.08       63.38        0.00       99.87 %
     Ht        0.08       63.38        0.00       99.87 %
    Mpcustom4        0.09       63.34        0.00       99.85 %
     Oh        0.52        0.30        0.00       36.63 %
      B        0.39       62.99        0.00       99.39 %
     AM        0.55       62.83        0.00       99.14 %
    all        0.26       54.23        0.00       99.52 %

    Total time in state (seconds)
    -----------------------------------------
            Pending     Running        Dead  
    -----------------------------------------
               1.82      379.60        0.00

    Data read    : 304.43 kiB
    Data written : 52.60 kiB

60: All pending notifications were processed.
INFO (IPF059): 60: Completed proof on task: "mytask"
cover -name CS_div_fsm_s5_62 {@(posedge clk_i) !div_fsm_s5 ##1 div_fsm_s5 [*62] ##1 !div_fsm_s5 }
INFO (IPF036): Starting proof on task: "mytask", 1 properties to prove with 0 already proven/unreachable
INFO (IPF031): Settings used for proof thread 61:
    orchestration                 = on (auto)
    time_limit                    = 600s
    per_property_time_limit       = 1s * 10 ^ scan
    engine_mode                   = auto
    proofgrid_per_engine_max_jobs = 1
    max engine jobs               = auto
    proofgrid_mode                = local
    proofgrid_restarts            = 10
61: Using multistage preprocessing
61: Starting reduce
61: Finished reduce in 0.044s
61.0.PRE: Performing Proof Simplification...
61.0.N: clocks: 1, declared: 1, looping: 0, posedge: 1, negedge: 0, noedge: 0, bothedge: 0
61.0.N: Proof Simplification Iteration 1	[0.00 s]
61.0.N: Proof Simplification Iteration 2	[0.04 s]
61.0.N: Proof Simplification Iteration 3	[0.06 s]
61.0.N: Proof Simplification Iteration 4	[0.07 s]
61.0.N: Proof Simplification Iteration 5	[0.09 s]
61.0.N: Proof Simplification Iteration 6	[0.11 s]
61.0.N: Proof Simplification Iteration 7	[0.13 s]
61.0.N: Proof Simplification Iteration 8	[0.15 s]
61.0.N: Proof Simplification Iteration 9	[0.17 s]
61.0.N: Proof Simplification Iteration 10	[0.19 s]
61.0.PRE: Proof Simplification completed in 0.23 s
61: About to start ProofGrid in its own thread with a limit of 10000 pending notifications and a limit of 10 traces.
61: =============================== ProofGrid start ===============================
61: ProofGrid usable level: 1
61: Initial ProofGrid level: 1
61: ProofGrid is starting event handling
61.0.N: caddy15.stanford.edu: "Rocky Linux 8.10 (Green Obsidian)" is an unsupported operating system.
61.0.Hp: caddy15.stanford.edu: "Rocky Linux 8.10 (Green Obsidian)" is an unsupported operating system.
61.0.Ht: caddy15.stanford.edu: "Rocky Linux 8.10 (Green Obsidian)" is an unsupported operating system.
61.0.Oh: caddy15.stanford.edu: "Rocky Linux 8.10 (Green Obsidian)" is an unsupported operating system.
61.0.N: Proofgrid shell started at 4115384@caddy15.stanford.edu(local) jg_4086220_caddy15.stanford.edu_62
61.0.Hp: Proofgrid shell started at 4115385@caddy15.stanford.edu(local) jg_4086220_caddy15.stanford.edu_62
61.0.Mpcustom4: caddy15.stanford.edu: "Rocky Linux 8.10 (Green Obsidian)" is an unsupported operating system.
61.0.N: clocks: 1, declared: 1, looping: 0, posedge: 1, negedge: 0, noedge: 0, bothedge: 0
61.0.N: Last scan. Per property time limit: 0s
61.0.N: Starting proof for property "CS_div_fsm_s5_62"	[0.00 s].
61.0.Hp: clocks: 1, declared: 1, looping: 0, posedge: 1, negedge: 0, noedge: 0, bothedge: 0
61.0.Ht: Proofgrid shell started at 4115407@caddy15.stanford.edu(local) jg_4086220_caddy15.stanford.edu_62
61.0.N: Trace Attempt  1	[0.00 s]
61.0.N: Trace Attempt  2	[0.01 s]
61.0.N: Trace Attempt  3	[0.01 s]
61.0.Ht: clocks: 1, declared: 1, looping: 0, posedge: 1, negedge: 0, noedge: 0, bothedge: 0
61.0.Oh: Proofgrid shell started at 4115432@caddy15.stanford.edu(local) jg_4086220_caddy15.stanford.edu_62
61.0.N: Trace Attempt  3	[0.04 s]
61.0.Ht: Trace Attempt  1	[0.04 s]
61.0.Ht: Trace Attempt  2	[0.04 s]
61.0.Ht: Trace Attempt  3	[0.04 s]
61.0.Oh: clocks: 1, declared: 1, looping: 0, posedge: 1, negedge: 0, noedge: 0, bothedge: 0
61.0.N: Trace Attempt  4	[0.06 s]
61.0.N: Trace Attempt  5	[0.06 s]
61.0.Ht: Trace Attempt  4	[0.05 s]
61.0.Ht: Trace Attempt  5	[0.06 s]
61.0.Mpcustom4: Proofgrid shell started at 4115411@caddy15.stanford.edu(local) jg_4086220_caddy15.stanford.edu_62
61.0.AM: caddy15.stanford.edu: "Rocky Linux 8.10 (Green Obsidian)" is an unsupported operating system.
61.0.Mpcustom4: clocks: 1, declared: 1, looping: 0, posedge: 1, negedge: 0, noedge: 0, bothedge: 0
61.0.B: caddy15.stanford.edu: "Rocky Linux 8.10 (Green Obsidian)" is an unsupported operating system.
61.0.N: Trace Attempt  5	[0.12 s]
61.0.AM: Proofgrid shell started at 4115456@caddy15.stanford.edu(local) jg_4086220_caddy15.stanford.edu_62
61.0.Mpcustom4: Trace Attempt  1	[0.07 s]
61.0.AM: clocks: 1, declared: 1, looping: 0, posedge: 1, negedge: 0, noedge: 0, bothedge: 0
61.0.AM: Last scan. Per property time limit: 0s
61.0.AM: Starting proof for property "CS_div_fsm_s5_62"	[0.00 s].
61.0.AM: Trace Attempt  1	[0.00 s]
61.0.AM: Trace Attempt  2	[0.01 s]
61.0.Mpcustom4: Trace Attempt  2	[0.11 s]
61.0.AM: Trace Attempt  3	[0.05 s]
61.0.Oh: bwd trail(1): 1 0.120006s
61.0.AM: Trace Attempt  4	[0.12 s]
61.0.Oh: All properties either determined or skipped. [0.28 s]
61.0.Oh: Exited with Success (@ 0.36 s)
61.0.Oh: Completed, Restart ignored.
61.0.AM: Trace Attempt  5	[0.17 s]
61.0.B: Proofgrid shell started at 4115449@caddy15.stanford.edu(local) jg_4086220_caddy15.stanford.edu_62
61.0.B: clocks: 1, declared: 1, looping: 0, posedge: 1, negedge: 0, noedge: 0, bothedge: 0
61.0.B: Last scan. Per property time limit: 0s
61.0.B: Starting proof for property "CS_div_fsm_s5_62"	[0.00 s].
61.0.B: Trace Attempt  1	[0.01 s]
61.0.B: Trace Attempt  2	[0.02 s]
61.0.B: Trace Attempt  3	[0.05 s]
61.0.B: Trace Attempt  4	[0.07 s]
61.0.B: Trace Attempt  5	[0.14 s]
61.0.Mpcustom4: Trace Attempt  3	[0.74 s]
61.0.Mpcustom4: Trace Attempt  3	[0.79 s]
61.0.Mpcustom4: Trace Attempt  4	[0.81 s]
61.0.Mpcustom4: Trace Attempt  4	[0.87 s]
61.0.Mpcustom4: Trace Attempt  5	[0.89 s]
61.0.Ht: Trace Attempt 72	[4.07 s]
61.0.AM: Trace Attempt 50	[4.28 s]
61.0.N: Trace Attempt 29	[4.48 s]
61.0.B: Trace Attempt 53	[4.20 s]
61.0.Mpcustom4: Trace Attempt 33	[5.59 s]
61.0.AM: Trace Attempt 70	[8.38 s]
61.0.B: Trace Attempt 89	[8.34 s]
61.0.N: Trace Attempt 41	[8.92 s]
61.0.Ht: Trace Attempt 85	[9.10 s]
61.0.Mpcustom4: Trace Attempt 48	[9.61 s]
61.0.AM: Trace Attempt 75	[12.83 s]
61.0.N: Trace Attempt 50	[13.15 s]
61.0.AM: Trace Attempt  1	[13.34 s]
61.0.AM: Trace Attempt  2	[13.37 s]
61.0.AM: Trace Attempt  3	[13.37 s]
61.0.AM: Trace Attempt  5	[13.38 s]
61.0.Mpcustom4: Trace Attempt 57	[14.54 s]
61.0.N: Trace Attempt 57	[17.99 s]
61.0.Mpcustom4: Trace Attempt 66	[18.60 s]
61.0.N: Trace Attempt 63	[22.00 s]
61.0.AM: Trace Attempt 86	[22.41 s]
61.0.AM: Trace Attempt  1	[22.91 s]
61.0.AM: Trace Attempt  2	[22.94 s]
61.0.AM: Trace Attempt  3	[22.95 s]
61.0.AM: Trace Attempt  5	[22.96 s]
61.0.N: Trace Attempt 68	[27.23 s]
61.0.AM: Trace Attempt 88	[27.47 s]
61.0.Mpcustom4: Trace Attempt 67	[28.52 s]
61.0.Mpcustom4: Trace Attempt 67	[32.98 s]
61.0.N: Trace Attempt 78	[34.65 s]
61.0.Mpcustom4: Trace Attempt 67	[38.16 s]
61.0.AM: Trace Attempt 91	[40.05 s]
61.0.N: Trace Attempt 80	[40.44 s]
61.0.N: Trace Attempt  1	[40.61 s]
61.0.N: Trace Attempt  2	[40.64 s]
61.0.N: Trace Attempt  3	[40.64 s]
61.0.N: Trace Attempt  5	[40.66 s]
61.0.Mpcustom4: Trace Attempt 67	[42.67 s]
61.0.N: Trace Attempt 91	[45.07 s]
61.0.Mpcustom4: Trace Attempt 67	[47.47 s]
61.0.Mpcustom4: Trace Attempt 67	[54.98 s]
61.0.Mpcustom4: Trace Attempt 67	[60.57 s]
61.0.Mpcustom4: Trace Attempt 76	[64.68 s]
61.0.N: Trace Attempt 101	[67.70 s]
61.0.Mpcustom4: Trace Attempt 78	[70.42 s]
61.0.Ht: Trace Attempt 103	[72.69 s]
61.0.N: Trace Attempt 101	[75.56 s]
61.0.N: Requesting engine job to stop
61.0.B: Requesting engine job to stop
61.0.AM: Requesting engine job to stop
61.0.Hp: Requesting engine job to terminate
61.0.Ht: Requesting engine job to terminate
61.0.Mpcustom4: Requesting engine job to terminate
INFO (IPF144): 61: Initiating shutdown of proof [76.69 s]
61.0.Ht: A trace with 103 cycles was found. [76.38 s]
INFO (IPF047): 61.0.Ht: The cover property "CS_div_fsm_s5_62" was covered in 103 cycles in 76.66 s.
61.0.Ht: All properties determined. [76.64 s]
61.0.Hp: Interrupted (multi)
61.0.Hp: All properties determined. [76.67 s]
61.0.AM: Trace Attempt 101	[43.53 s]
61.0.AM: Stopped processing property "CS_div_fsm_s5_62"	[76.73 s].
61.0.AM: All properties determined. [76.73 s]
61.0.AM: Exited with Success (@ 76.98 s)
61: ProofGrid usable level: 0
61.0.Hp: Exited with Success (@ 77.00 s)
61.0.N: Stopped processing property "CS_div_fsm_s5_62"	[76.97 s].
61.0.N: All properties determined. [76.97 s]
61.0.N: Exited with Success (@ 77.02 s)
61.0.B: Trace Attempt 102	[10.45 s]
61.0.B: Stopped processing property "CS_div_fsm_s5_62"	[76.68 s].
61.0.B: All properties determined. [76.70 s]
61.0.Ht: Exited with Success (@ 77.29 s)
61.0.B: Exited with Success (@ 77.41 s)
61.0.Mpcustom4: Trace Attempt 84	[73.70 s]
61.0.Mpcustom4: All properties determined. [77.27 s]
61.0.Mpcustom4: Exited with Success (@ 77.47 s)
61: --------------------------------------------------------------
ProofGrid Summary (utilization 99.74 %)
--------------------------------------------------------------
     engines started                               :     7
     engine jobs started                           :     7

    Average time in state (seconds)
    ------------------------------------------------------
    Engine  Pending     Running        Dead    Utilization
    ------------------------------------------------------
      N        0.10       76.68        0.00       99.87 %
     Hp        0.09       76.67        0.00       99.89 %
     Ht        0.09       76.65        0.00       99.88 %
    Mpcustom4        0.19       76.55        0.00       99.76 %
     Oh        0.09        0.28        0.00       75.25 %
      B        0.43       76.26        0.00       99.44 %
     AM        0.18       76.49        0.00       99.76 %
    all        0.17       65.65        0.00       99.74 %

    Total time in state (seconds)
    -----------------------------------------
            Pending     Running        Dead  
    -----------------------------------------
               1.18      459.57        0.00

    Data read    : 310.47 kiB
    Data written : 39.75 kiB

61: All pending notifications were processed.
INFO (IPF059): 61: Completed proof on task: "mytask"
cover -name CS_div_fsm_s5_63 {@(posedge clk_i) !div_fsm_s5 ##1 div_fsm_s5 [*63] ##1 !div_fsm_s5 }
INFO (IPF036): Starting proof on task: "mytask", 1 properties to prove with 0 already proven/unreachable
INFO (IPF031): Settings used for proof thread 62:
    orchestration                 = on (auto)
    time_limit                    = 600s
    per_property_time_limit       = 1s * 10 ^ scan
    engine_mode                   = auto
    proofgrid_per_engine_max_jobs = 1
    max engine jobs               = auto
    proofgrid_mode                = local
    proofgrid_restarts            = 10
62: Using multistage preprocessing
62: Starting reduce
62: Finished reduce in 0.044s
62.0.PRE: Performing Proof Simplification...
62.0.N: clocks: 1, declared: 1, looping: 0, posedge: 1, negedge: 0, noedge: 0, bothedge: 0
62.0.N: Proof Simplification Iteration 1	[0.00 s]
62.0.N: Proof Simplification Iteration 2	[0.04 s]
62.0.N: Proof Simplification Iteration 3	[0.06 s]
62.0.N: Proof Simplification Iteration 4	[0.07 s]
62.0.N: Proof Simplification Iteration 5	[0.09 s]
62.0.N: Proof Simplification Iteration 6	[0.11 s]
62.0.N: Proof Simplification Iteration 7	[0.13 s]
62.0.N: Proof Simplification Iteration 8	[0.15 s]
62.0.N: Proof Simplification Iteration 9	[0.17 s]
62.0.N: Proof Simplification Iteration 10	[0.19 s]
62.0.PRE: Proof Simplification completed in 0.23 s
62: About to start ProofGrid in its own thread with a limit of 10000 pending notifications and a limit of 10 traces.
62: =============================== ProofGrid start ===============================
62: ProofGrid usable level: 1
62: Initial ProofGrid level: 1
62: ProofGrid is starting event handling
62.0.Hp: caddy15.stanford.edu: "Rocky Linux 8.10 (Green Obsidian)" is an unsupported operating system.
62.0.N: caddy15.stanford.edu: "Rocky Linux 8.10 (Green Obsidian)" is an unsupported operating system.
62.0.Mpcustom4: caddy15.stanford.edu: "Rocky Linux 8.10 (Green Obsidian)" is an unsupported operating system.
62.0.Ht: caddy15.stanford.edu: "Rocky Linux 8.10 (Green Obsidian)" is an unsupported operating system.
62.0.Hp: Proofgrid shell started at 4117315@caddy15.stanford.edu(local) jg_4086220_caddy15.stanford.edu_63
62.0.N: Proofgrid shell started at 4117314@caddy15.stanford.edu(local) jg_4086220_caddy15.stanford.edu_63
62.0.Hp: clocks: 1, declared: 1, looping: 0, posedge: 1, negedge: 0, noedge: 0, bothedge: 0
62.0.N: clocks: 1, declared: 1, looping: 0, posedge: 1, negedge: 0, noedge: 0, bothedge: 0
62.0.Mpcustom4: Proofgrid shell started at 4117340@caddy15.stanford.edu(local) jg_4086220_caddy15.stanford.edu_63
62.0.N: Last scan. Per property time limit: 0s
62.0.N: Starting proof for property "CS_div_fsm_s5_63"	[0.00 s].
62.0.N: Trace Attempt  1	[0.00 s]
62.0.N: Trace Attempt  2	[0.01 s]
62.0.N: Trace Attempt  3	[0.01 s]
62.0.Ht: Proofgrid shell started at 4117336@caddy15.stanford.edu(local) jg_4086220_caddy15.stanford.edu_63
62.0.Mpcustom4: clocks: 1, declared: 1, looping: 0, posedge: 1, negedge: 0, noedge: 0, bothedge: 0
62.0.Ht: clocks: 1, declared: 1, looping: 0, posedge: 1, negedge: 0, noedge: 0, bothedge: 0
62.0.Oh: caddy15.stanford.edu: "Rocky Linux 8.10 (Green Obsidian)" is an unsupported operating system.
62.0.N: Trace Attempt  3	[0.04 s]
62.0.Ht: Trace Attempt  1	[0.04 s]
62.0.Ht: Trace Attempt  2	[0.04 s]
62.0.Mpcustom4: Trace Attempt  1	[0.04 s]
62.0.N: Trace Attempt  4	[0.06 s]
62.0.N: Trace Attempt  5	[0.06 s]
62.0.Ht: Trace Attempt  3	[0.04 s]
62.0.Ht: Trace Attempt  4	[0.04 s]
62.0.Ht: Trace Attempt  5	[0.05 s]
62.0.Mpcustom4: Trace Attempt  2	[0.06 s]
62.0.N: Trace Attempt  5	[0.12 s]
62.0.Oh: Proofgrid shell started at 4117365@caddy15.stanford.edu(local) jg_4086220_caddy15.stanford.edu_63
62.0.Oh: clocks: 1, declared: 1, looping: 0, posedge: 1, negedge: 0, noedge: 0, bothedge: 0
62.0.B: caddy15.stanford.edu: "Rocky Linux 8.10 (Green Obsidian)" is an unsupported operating system.
62.0.AM: caddy15.stanford.edu: "Rocky Linux 8.10 (Green Obsidian)" is an unsupported operating system.
62.0.Oh: bwd trail(1): 1 0.119328s
62.0.Oh: All properties either determined or skipped. [0.27 s]
62.0.Oh: Exited with Success (@ 0.63 s)
62.0.Mpcustom4: Trace Attempt  3	[0.65 s]
62.0.Mpcustom4: Trace Attempt  3	[0.69 s]
62.0.Mpcustom4: Trace Attempt  4	[0.75 s]
62.0.AM: Proofgrid shell started at 4117378@caddy15.stanford.edu(local) jg_4086220_caddy15.stanford.edu_63
62.0.AM: clocks: 1, declared: 1, looping: 0, posedge: 1, negedge: 0, noedge: 0, bothedge: 0
62.0.B: Proofgrid shell started at 4117376@caddy15.stanford.edu(local) jg_4086220_caddy15.stanford.edu_63
62.0.AM: Last scan. Per property time limit: 0s
62.0.AM: Starting proof for property "CS_div_fsm_s5_63"	[0.00 s].
62.0.Mpcustom4: Trace Attempt  4	[0.82 s]
62.0.AM: Trace Attempt  1	[0.00 s]
62.0.AM: Trace Attempt  2	[0.01 s]
62.0.B: clocks: 1, declared: 1, looping: 0, posedge: 1, negedge: 0, noedge: 0, bothedge: 0
62.0.B: Last scan. Per property time limit: 0s
62.0.B: Starting proof for property "CS_div_fsm_s5_63"	[0.00 s].
62.0.Mpcustom4: Trace Attempt  5	[0.85 s]
62.0.B: Trace Attempt  1	[0.01 s]
62.0.AM: Trace Attempt  3	[0.05 s]
62.0.B: Trace Attempt  2	[0.02 s]
62.0.B: Trace Attempt  3	[0.04 s]
62.0.B: Trace Attempt  4	[0.07 s]
62.0.AM: Trace Attempt  4	[0.11 s]
62.0.AM: Trace Attempt  5	[0.16 s]
62.0.B: Trace Attempt  5	[0.15 s]
62.0.N: Trace Attempt 29	[4.48 s]
62.0.Ht: Trace Attempt 74	[4.74 s]
62.0.AM: Trace Attempt 49	[4.17 s]
62.0.B: Trace Attempt 53	[4.23 s]
62.0.Mpcustom4: Trace Attempt 37	[5.49 s]
62.0.Ht: Trace Attempt 86	[8.79 s]
62.0.N: Trace Attempt 41	[8.91 s]
62.0.AM: Trace Attempt 69	[8.26 s]
62.0.B: Trace Attempt 89	[8.65 s]
62.0.Mpcustom4: Trace Attempt 52	[9.59 s]
62.0.AM: Trace Attempt 76	[12.49 s]
62.0.N: Trace Attempt 51	[13.67 s]
62.0.AM: Trace Attempt  1	[13.11 s]
62.0.AM: Trace Attempt  2	[13.13 s]
62.0.AM: Trace Attempt  3	[13.14 s]
62.0.AM: Trace Attempt  5	[13.15 s]
62.0.Mpcustom4: Trace Attempt 64	[15.82 s]
62.0.N: Trace Attempt 59	[18.49 s]
62.0.Mpcustom4: Trace Attempt 68	[22.12 s]
62.0.AM: Trace Attempt 87	[22.25 s]
62.0.AM: Trace Attempt  1	[22.62 s]
62.0.AM: Trace Attempt  2	[22.64 s]
62.0.AM: Trace Attempt  3	[22.65 s]
62.0.AM: Trace Attempt  5	[22.66 s]
62.0.N: Trace Attempt 65	[23.62 s]
62.0.Mpcustom4: Trace Attempt 69	[26.49 s]
62.0.N: Trace Attempt 74	[28.21 s]
62.0.AM: Trace Attempt 89	[27.87 s]
62.0.N: Trace Attempt  1	[30.04 s]
62.0.N: Trace Attempt  2	[30.06 s]
62.0.N: Trace Attempt  3	[30.07 s]
62.0.N: Trace Attempt  5	[30.08 s]
62.0.Mpcustom4: Trace Attempt 69	[31.02 s]
62.0.Mpcustom4: Trace Attempt 69	[36.45 s]
62.0.Mpcustom4: Trace Attempt 69	[41.81 s]
62.0.AM: Trace Attempt 92	[41.32 s]
62.0.Ht: Trace Attempt 94	[47.33 s]
62.0.Mpcustom4: Trace Attempt 69	[48.30 s]
62.0.N: Trace Attempt 102	[52.67 s]
62.0.Mpcustom4: Trace Attempt 78	[55.09 s]
62.0.Mpcustom4: Trace Attempt 85	[61.59 s]
62.0.N: Trace Attempt 102	[64.00 s]
62.0.Mpcustom4: Trace Attempt 89	[67.87 s]
62.0.Ht: Trace Attempt 104	[70.58 s]
62.0.B: Trace Attempt 104	[70.95 s]
62.0.Mpcustom4: Trace Attempt 89	[72.05 s]
62.0.N: Trace Attempt 103	[74.60 s]
62.0.N: Requesting engine job to stop
62.0.B: Requesting engine job to stop
62.0.AM: Requesting engine job to stop
62.0.Hp: Requesting engine job to terminate
62.0.Ht: Requesting engine job to terminate
62.0.Mpcustom4: Requesting engine job to terminate
INFO (IPF144): 62: Initiating shutdown of proof [75.09 s]
62.0.Ht: A trace with 104 cycles was found. [74.91 s]
INFO (IPF047): 62.0.Ht: The cover property "CS_div_fsm_s5_63" was covered in 104 cycles in 74.79 s.
62.0.Ht: All properties determined. [75.03 s]
62.0.Hp: Interrupted (multi)
62.0.Hp: All properties determined. [75.08 s]
62.0.N: Stopped processing property "CS_div_fsm_s5_63"	[74.84 s].
62.0.N: All properties determined. [75.14 s]
62.0.N: Exited with Success (@ 75.20 s)
62: ProofGrid usable level: 0
62.0.Hp: Exited with Success (@ 75.45 s)
62.0.AM: Trace Attempt 102	[43.77 s]
62.0.AM: Stopped processing property "CS_div_fsm_s5_63"	[74.60 s].
62.0.AM: All properties determined. [74.61 s]
62.0.AM: Exited with Success (@ 75.49 s)
62.0.Ht: Exited with Success (@ 75.83 s)
62.0.Mpcustom4: Trace Attempt 92	[72.21 s]
62.0.Mpcustom4: All properties determined. [75.78 s]
62.0.Mpcustom4: Exited with Success (@ 76.15 s)
62.0.B: Sending SIGKILL
62.0.B: Stopped processing property "CS_div_fsm_s5_63"	[76.27 s].
62.0.B: Terminated by signal SIGKILL (@ 77.17 s)
62: --------------------------------------------------------------
ProofGrid Summary (utilization 99.47 %)
--------------------------------------------------------------
     engines started                               :     7
     engine jobs started                           :     7

    Average time in state (seconds)
    ------------------------------------------------------
    Engine  Pending     Running        Dead    Utilization
    ------------------------------------------------------
      N        0.12       75.07        0.00       99.83 %
     Hp        0.08       75.08        0.00       99.89 %
     Ht        0.10       75.04        0.00       99.86 %
    Mpcustom4        0.10       75.04        0.00       99.87 %
     Oh        0.34        0.27        0.00       44.53 %
      B        0.85       74.22        0.00       98.87 %
     AM        0.79       74.27        0.00       98.95 %
    all        0.34       64.14        0.00       99.47 %

    Total time in state (seconds)
    -----------------------------------------
            Pending     Running        Dead  
    -----------------------------------------
               2.39      449.00        0.00

    Data read    : 315.44 kiB
    Data written : 64.77 kiB

62: All pending notifications were processed.
INFO (IPF059): 62: Completed proof on task: "mytask"
cover -name CS_div_fsm_s5_64 {@(posedge clk_i) !div_fsm_s5 ##1 div_fsm_s5 [*64] ##1 !div_fsm_s5 }
INFO (IPF036): Starting proof on task: "mytask", 1 properties to prove with 0 already proven/unreachable
INFO (IPF031): Settings used for proof thread 63:
    orchestration                 = on (auto)
    time_limit                    = 600s
    per_property_time_limit       = 1s * 10 ^ scan
    engine_mode                   = auto
    proofgrid_per_engine_max_jobs = 1
    max engine jobs               = auto
    proofgrid_mode                = local
    proofgrid_restarts            = 10
63: Using multistage preprocessing
63: Starting reduce
63: Finished reduce in 0.043s
63.0.PRE: Performing Proof Simplification...
63.0.N: clocks: 1, declared: 1, looping: 0, posedge: 1, negedge: 0, noedge: 0, bothedge: 0
63.0.N: Proof Simplification Iteration 1	[0.00 s]
63.0.N: Proof Simplification Iteration 2	[0.04 s]
63.0.N: Proof Simplification Iteration 3	[0.06 s]
63.0.N: Proof Simplification Iteration 4	[0.07 s]
63.0.N: Proof Simplification Iteration 5	[0.09 s]
63.0.N: Proof Simplification Iteration 6	[0.11 s]
63.0.N: Proof Simplification Iteration 7	[0.13 s]
63.0.N: Proof Simplification Iteration 8	[0.15 s]
63.0.N: Proof Simplification Iteration 9	[0.17 s]
63.0.N: Proof Simplification Iteration 10	[0.18 s]
63.0.PRE: Proof Simplification completed in 0.23 s
63: About to start ProofGrid in its own thread with a limit of 10000 pending notifications and a limit of 10 traces.
63: =============================== ProofGrid start ===============================
63: ProofGrid usable level: 1
63: Initial ProofGrid level: 1
63: ProofGrid is starting event handling
63.0.Hp: caddy15.stanford.edu: "Rocky Linux 8.10 (Green Obsidian)" is an unsupported operating system.
63.0.N: caddy15.stanford.edu: "Rocky Linux 8.10 (Green Obsidian)" is an unsupported operating system.
63.0.Ht: caddy15.stanford.edu: "Rocky Linux 8.10 (Green Obsidian)" is an unsupported operating system.
63.0.Hp: Proofgrid shell started at 4119132@caddy15.stanford.edu(local) jg_4086220_caddy15.stanford.edu_64
63.0.N: Proofgrid shell started at 4119131@caddy15.stanford.edu(local) jg_4086220_caddy15.stanford.edu_64
63.0.Hp: clocks: 1, declared: 1, looping: 0, posedge: 1, negedge: 0, noedge: 0, bothedge: 0
63.0.N: clocks: 1, declared: 1, looping: 0, posedge: 1, negedge: 0, noedge: 0, bothedge: 0
63.0.N: Last scan. Per property time limit: 0s
63.0.N: Starting proof for property "CS_div_fsm_s5_64"	[0.00 s].
63.0.N: Trace Attempt  1	[0.00 s]
63.0.N: Trace Attempt  2	[0.01 s]
63.0.N: Trace Attempt  3	[0.01 s]
63.0.Ht: Proofgrid shell started at 4119154@caddy15.stanford.edu(local) jg_4086220_caddy15.stanford.edu_64
63.0.B: caddy15.stanford.edu: "Rocky Linux 8.10 (Green Obsidian)" is an unsupported operating system.
63.0.AM: caddy15.stanford.edu: "Rocky Linux 8.10 (Green Obsidian)" is an unsupported operating system.
63.0.Ht: clocks: 1, declared: 1, looping: 0, posedge: 1, negedge: 0, noedge: 0, bothedge: 0
63.0.Oh: caddy15.stanford.edu: "Rocky Linux 8.10 (Green Obsidian)" is an unsupported operating system.
63.0.N: Trace Attempt  3	[0.04 s]
63.0.Ht: Trace Attempt  1	[0.04 s]
63.0.N: Trace Attempt  4	[0.06 s]
63.0.N: Trace Attempt  5	[0.06 s]
63.0.Ht: Trace Attempt  2	[0.04 s]
63.0.Ht: Trace Attempt  3	[0.04 s]
63.0.Mpcustom4: caddy15.stanford.edu: "Rocky Linux 8.10 (Green Obsidian)" is an unsupported operating system.
63.0.Ht: Trace Attempt  4	[0.05 s]
63.0.Ht: Trace Attempt  5	[0.06 s]
63.0.B: Proofgrid shell started at 4119181@caddy15.stanford.edu(local) jg_4086220_caddy15.stanford.edu_64
63.0.B: clocks: 1, declared: 1, looping: 0, posedge: 1, negedge: 0, noedge: 0, bothedge: 0
63.0.N: Trace Attempt  5	[0.12 s]
63.0.B: Last scan. Per property time limit: 0s
63.0.B: Starting proof for property "CS_div_fsm_s5_64"	[0.00 s].
63.0.Oh: Proofgrid shell started at 4119178@caddy15.stanford.edu(local) jg_4086220_caddy15.stanford.edu_64
63.0.B: Trace Attempt  1	[0.03 s]
63.0.Oh: clocks: 1, declared: 1, looping: 0, posedge: 1, negedge: 0, noedge: 0, bothedge: 0
63.0.B: Trace Attempt  2	[0.03 s]
63.0.AM: Proofgrid shell started at 4119182@caddy15.stanford.edu(local) jg_4086220_caddy15.stanford.edu_64
63.0.Mpcustom4: Proofgrid shell started at 4119174@caddy15.stanford.edu(local) jg_4086220_caddy15.stanford.edu_64
63.0.B: Trace Attempt  3	[0.04 s]
63.0.B: Trace Attempt  4	[0.06 s]
63.0.AM: clocks: 1, declared: 1, looping: 0, posedge: 1, negedge: 0, noedge: 0, bothedge: 0
63.0.Mpcustom4: clocks: 1, declared: 1, looping: 0, posedge: 1, negedge: 0, noedge: 0, bothedge: 0
63.0.AM: Last scan. Per property time limit: 0s
63.0.AM: Starting proof for property "CS_div_fsm_s5_64"	[0.00 s].
63.0.AM: Trace Attempt  1	[0.00 s]
63.0.AM: Trace Attempt  2	[0.01 s]
63.0.B: Trace Attempt  5	[0.10 s]
63.0.AM: Trace Attempt  3	[0.03 s]
63.0.Mpcustom4: Trace Attempt  1	[0.06 s]
63.0.AM: Trace Attempt  4	[0.06 s]
63.0.Mpcustom4: Trace Attempt  2	[0.07 s]
63.0.AM: Trace Attempt  5	[0.08 s]
63.0.Oh: bwd trail(1): 1 0.114999s
63.0.Oh: All properties either determined or skipped. [0.14 s]
63.0.Oh: Exited with Success (@ 0.32 s)
63.0.Mpcustom4: Trace Attempt  3	[0.61 s]
63.0.Mpcustom4: Trace Attempt  3	[0.66 s]
63.0.Mpcustom4: Trace Attempt  4	[0.68 s]
63.0.Mpcustom4: Trace Attempt  4	[0.74 s]
63.0.Mpcustom4: Trace Attempt  5	[0.76 s]
63.0.N: Trace Attempt 25	[4.12 s]
63.0.B: Trace Attempt 50	[4.10 s]
63.0.AM: Trace Attempt 49	[4.12 s]
63.0.Ht: Trace Attempt 75	[4.72 s]
63.0.Mpcustom4: Trace Attempt 37	[5.32 s]
63.0.N: Trace Attempt 38	[8.21 s]
63.0.B: Trace Attempt 81	[8.12 s]
63.0.AM: Trace Attempt 68	[8.26 s]
63.0.Ht: Trace Attempt 85	[10.28 s]
63.0.Mpcustom4: Trace Attempt 52	[10.71 s]
63.0.N: Trace Attempt 47	[12.42 s]
63.0.AM: Trace Attempt 77	[14.35 s]
63.0.AM: Trace Attempt  1	[14.88 s]
63.0.AM: Trace Attempt  2	[14.91 s]
63.0.AM: Trace Attempt  3	[14.91 s]
63.0.AM: Trace Attempt  5	[14.93 s]
63.0.Mpcustom4: Trace Attempt 64	[15.76 s]
63.0.N: Trace Attempt 55	[16.80 s]
63.0.Mpcustom4: Trace Attempt 68	[19.89 s]
63.0.N: Trace Attempt 61	[21.39 s]
63.0.AM: Trace Attempt 88	[23.05 s]
63.0.AM: Trace Attempt  1	[23.59 s]
63.0.AM: Trace Attempt  2	[23.61 s]
63.0.AM: Trace Attempt  3	[23.62 s]
63.0.AM: Trace Attempt  5	[23.63 s]
63.0.Mpcustom4: Trace Attempt 69	[25.11 s]
63.0.N: Trace Attempt 67	[26.47 s]
63.0.AM: Trace Attempt 90	[30.57 s]
63.0.N: Trace Attempt 70	[30.82 s]
63.0.Mpcustom4: Trace Attempt 75	[30.98 s]
63.0.N: Trace Attempt 74	[34.97 s]
63.0.Mpcustom4: Trace Attempt 77	[35.52 s]
63.0.N: Trace Attempt 80	[40.49 s]
63.0.Mpcustom4: Trace Attempt 80	[41.51 s]
63.0.AM: Trace Attempt 93	[44.50 s]
63.0.N: Trace Attempt 82	[45.58 s]
63.0.N: Trace Attempt  1	[45.78 s]
63.0.N: Trace Attempt  2	[45.81 s]
63.0.N: Trace Attempt  3	[45.81 s]
63.0.N: Trace Attempt  5	[45.82 s]
63.0.Mpcustom4: Trace Attempt 91	[47.53 s]
63.0.N: Trace Attempt 91	[50.48 s]
63.0.Mpcustom4: Trace Attempt 98	[53.27 s]
63.0.Mpcustom4: Trace Attempt 99	[59.23 s]
63.0.Mpcustom4: Trace Attempt 102	[66.13 s]
63.0.Mpcustom4: Trace Attempt 103	[72.52 s]
63.0.N: Trace Attempt 103	[76.97 s]
63.0.Mpcustom4: Trace Attempt 103	[80.07 s]
63.0.AM: Trace Attempt 104	[84.26 s]
63.0.N: Trace Attempt 103	[84.52 s]
63.0.B: Trace Attempt 105	[84.83 s]
63.0.Mpcustom4: Trace Attempt 103	[87.28 s]
63.0.Ht: Trace Attempt 105	[90.07 s]
63.0.Mpcustom4: Trace Attempt 103	[91.79 s]
63.0.Mpcustom4: Trace Attempt 103	[96.03 s]
63.0.N: Requesting engine job to stop
63.0.B: Requesting engine job to stop
63.0.AM: Requesting engine job to stop
63.0.Hp: Requesting engine job to terminate
63.0.Ht: Requesting engine job to terminate
63.0.Mpcustom4: Requesting engine job to terminate
INFO (IPF144): 63: Initiating shutdown of proof [101.04 s]
63.0.B: A trace with 105 cycles was found. [100.81 s]
INFO (IPF047): 63.0.B: The cover property "CS_div_fsm_s5_64" was covered in 105 cycles in 100.92 s.
63.0.B: Stopped processing property "CS_div_fsm_s5_64"	[100.98 s].
63.0.Hp: Interrupted (multi)
63.0.Hp: All properties determined. [101.03 s]
63.0.B: All properties determined. [100.90 s]
63.0.B: Exited with Success (@ 101.08 s)
63: ProofGrid usable level: 0
63.0.N: Stopped processing property "CS_div_fsm_s5_64"	[101.37 s].
63.0.Hp: Exited with Success (@ 101.41 s)
63.0.N: All properties determined. [101.38 s]
63.0.N: Exited with Success (@ 101.42 s)
63.0.Mpcustom4: All properties determined. [101.59 s]
63.0.Mpcustom4: Exited with Success (@ 102.36 s)
63.0.AM: Trace Attempt 105	[85.73 s]
63.0.AM: Stopped processing property "CS_div_fsm_s5_64"	[102.56 s].
63.0.AM: All properties determined. [102.57 s]
63.0.Ht: Sending SIGKILL
63.0.AM: Sending SIGKILL
63.0.AM: Exited with Success (@ 103.06 s)
63.0.Ht: Terminated by signal SIGKILL (@ 103.11 s)
63: --------------------------------------------------------------
ProofGrid Summary (utilization 99.84 %)
--------------------------------------------------------------
     engines started                               :     7
     engine jobs started                           :     7

    Average time in state (seconds)
    ------------------------------------------------------
    Engine  Pending     Running        Dead    Utilization
    ------------------------------------------------------
      N        0.12      101.02        0.00       99.88 %
     Hp        0.08      101.02        0.00       99.92 %
     Ht        0.10      100.99        0.00       99.90 %
    Mpcustom4        0.22      100.84        0.00       99.79 %
     Oh        0.17        0.14        0.00       45.50 %
      B        0.11      100.91        0.00       99.89 %
     AM        0.19      100.84        0.00       99.81 %
    all        0.14       86.54        0.00       99.84 %

    Total time in state (seconds)
    -----------------------------------------
            Pending     Running        Dead  
    -----------------------------------------
               1.00      605.77        0.00

    Data read    : 357.97 kiB
    Data written : 84.53 kiB

63: All pending notifications were processed.
INFO (IPF059): 63: Completed proof on task: "mytask"
cover -name CS_div_fsm_s5_65 {@(posedge clk_i) !div_fsm_s5 ##1 div_fsm_s5 [*65] ##1 !div_fsm_s5 }
INFO (IPF036): Starting proof on task: "mytask", 1 properties to prove with 0 already proven/unreachable
INFO (IPF031): Settings used for proof thread 64:
    orchestration                 = on (auto)
    time_limit                    = 600s
    per_property_time_limit       = 1s * 10 ^ scan
    engine_mode                   = auto
    proofgrid_per_engine_max_jobs = 1
    max engine jobs               = auto
    proofgrid_mode                = local
    proofgrid_restarts            = 10
64: Using multistage preprocessing
64: Starting reduce
64: Finished reduce in 0.044s
64.0.PRE: Performing Proof Simplification...
64.0.N: clocks: 1, declared: 1, looping: 0, posedge: 1, negedge: 0, noedge: 0, bothedge: 0
64.0.N: Proof Simplification Iteration 1	[0.00 s]
64.0.N: Proof Simplification Iteration 2	[0.04 s]
64.0.N: Proof Simplification Iteration 3	[0.06 s]
64.0.N: Proof Simplification Iteration 4	[0.07 s]
64.0.N: Proof Simplification Iteration 5	[0.09 s]
64.0.N: Proof Simplification Iteration 6	[0.11 s]
64.0.N: Proof Simplification Iteration 7	[0.13 s]
64.0.N: Proof Simplification Iteration 8	[0.15 s]
64.0.N: Proof Simplification Iteration 9	[0.17 s]
64.0.N: Proof Simplification Iteration 10	[0.18 s]
64.0.PRE: Proof Simplification completed in 0.23 s
64: About to start ProofGrid in its own thread with a limit of 10000 pending notifications and a limit of 10 traces.
64: =============================== ProofGrid start ===============================
64: ProofGrid usable level: 1
64: Initial ProofGrid level: 1
64: ProofGrid is starting event handling
64.0.Hp: caddy15.stanford.edu: "Rocky Linux 8.10 (Green Obsidian)" is an unsupported operating system.
64.0.N: caddy15.stanford.edu: "Rocky Linux 8.10 (Green Obsidian)" is an unsupported operating system.
64.0.Ht: caddy15.stanford.edu: "Rocky Linux 8.10 (Green Obsidian)" is an unsupported operating system.
64.0.Mpcustom4: caddy15.stanford.edu: "Rocky Linux 8.10 (Green Obsidian)" is an unsupported operating system.
64.0.N: Proofgrid shell started at 4121111@caddy15.stanford.edu(local) jg_4086220_caddy15.stanford.edu_65
64.0.Hp: Proofgrid shell started at 4121112@caddy15.stanford.edu(local) jg_4086220_caddy15.stanford.edu_65
64.0.N: clocks: 1, declared: 1, looping: 0, posedge: 1, negedge: 0, noedge: 0, bothedge: 0
64.0.Hp: clocks: 1, declared: 1, looping: 0, posedge: 1, negedge: 0, noedge: 0, bothedge: 0
64.0.Ht: Proofgrid shell started at 4121135@caddy15.stanford.edu(local) jg_4086220_caddy15.stanford.edu_65
64.0.N: Last scan. Per property time limit: 0s
64.0.N: Starting proof for property "CS_div_fsm_s5_65"	[0.00 s].
64.0.N: Trace Attempt  1	[0.00 s]
64.0.Ht: clocks: 1, declared: 1, looping: 0, posedge: 1, negedge: 0, noedge: 0, bothedge: 0
64.0.N: Trace Attempt  2	[0.01 s]
64.0.N: Trace Attempt  3	[0.01 s]
64.0.Ht: Trace Attempt  1	[0.04 s]
64.0.Ht: Trace Attempt  2	[0.04 s]
64.0.N: Trace Attempt  3	[0.04 s]
64.0.Ht: Trace Attempt  3	[0.04 s]
64.0.Ht: Trace Attempt  4	[0.05 s]
64.0.Ht: Trace Attempt  5	[0.06 s]
64.0.N: Trace Attempt  4	[0.06 s]
64.0.N: Trace Attempt  5	[0.06 s]
64.0.Mpcustom4: Proofgrid shell started at 4121153@caddy15.stanford.edu(local) jg_4086220_caddy15.stanford.edu_65
64.0.B: caddy15.stanford.edu: "Rocky Linux 8.10 (Green Obsidian)" is an unsupported operating system.
64.0.Mpcustom4: clocks: 1, declared: 1, looping: 0, posedge: 1, negedge: 0, noedge: 0, bothedge: 0
64.0.AM: caddy15.stanford.edu: "Rocky Linux 8.10 (Green Obsidian)" is an unsupported operating system.
64.0.Mpcustom4: Trace Attempt  1	[0.04 s]
64.0.N: Trace Attempt  5	[0.13 s]
64.0.Mpcustom4: Trace Attempt  2	[0.06 s]
64.0.Oh: caddy15.stanford.edu: "Rocky Linux 8.10 (Green Obsidian)" is an unsupported operating system.
64.0.B: Proofgrid shell started at 4121171@caddy15.stanford.edu(local) jg_4086220_caddy15.stanford.edu_65
64.0.AM: Proofgrid shell started at 4121172@caddy15.stanford.edu(local) jg_4086220_caddy15.stanford.edu_65
64.0.B: clocks: 1, declared: 1, looping: 0, posedge: 1, negedge: 0, noedge: 0, bothedge: 0
64.0.B: Last scan. Per property time limit: 0s
64.0.B: Starting proof for property "CS_div_fsm_s5_65"	[0.00 s].
64.0.AM: clocks: 1, declared: 1, looping: 0, posedge: 1, negedge: 0, noedge: 0, bothedge: 0
64.0.B: Trace Attempt  1	[0.01 s]
64.0.B: Trace Attempt  2	[0.02 s]
64.0.AM: Last scan. Per property time limit: 0s
64.0.AM: Starting proof for property "CS_div_fsm_s5_65"	[0.00 s].
64.0.B: Trace Attempt  3	[0.03 s]
64.0.AM: Trace Attempt  1	[0.00 s]
64.0.AM: Trace Attempt  2	[0.01 s]
64.0.Oh: Proofgrid shell started at 4121168@caddy15.stanford.edu(local) jg_4086220_caddy15.stanford.edu_65
64.0.B: Trace Attempt  4	[0.04 s]
64.0.AM: Trace Attempt  3	[0.04 s]
64.0.Oh: clocks: 1, declared: 1, looping: 0, posedge: 1, negedge: 0, noedge: 0, bothedge: 0
64.0.B: Trace Attempt  5	[0.08 s]
64.0.AM: Trace Attempt  4	[0.09 s]
64.0.AM: Trace Attempt  5	[0.12 s]
64.0.Oh: bwd trail(1): 1 0.11366s
64.0.Mpcustom4: Trace Attempt  3	[0.63 s]
64.0.Oh: All properties either determined or skipped. [0.26 s]
64.0.Oh: Exited with Success (@ 0.73 s)
64.0.Oh: Completed, Restart ignored.
64.0.Mpcustom4: Trace Attempt  3	[0.67 s]
64.0.Mpcustom4: Trace Attempt  4	[0.70 s]
64.0.Mpcustom4: Trace Attempt  4	[0.75 s]
64.0.Mpcustom4: Trace Attempt  5	[0.78 s]
64.0.Ht: Trace Attempt 75	[4.24 s]
64.0.N: Trace Attempt 29	[4.27 s]
64.0.B: Trace Attempt 51	[4.09 s]
64.0.AM: Trace Attempt 50	[4.26 s]
64.0.Mpcustom4: Trace Attempt 37	[5.47 s]
64.0.B: Trace Attempt 86	[8.09 s]
64.0.AM: Trace Attempt 69	[8.39 s]
64.0.N: Trace Attempt 41	[8.85 s]
64.0.Ht: Trace Attempt 86	[9.11 s]
64.0.Mpcustom4: Trace Attempt 52	[9.62 s]
64.0.N: Trace Attempt 50	[13.03 s]
64.0.AM: Trace Attempt 78	[14.79 s]
64.0.Mpcustom4: Trace Attempt 64	[15.29 s]
64.0.AM: Trace Attempt  1	[15.93 s]
64.0.AM: Trace Attempt  2	[15.98 s]
64.0.AM: Trace Attempt  3	[15.99 s]
64.0.AM: Trace Attempt  5	[16.02 s]
64.0.N: Trace Attempt 57	[17.45 s]
64.0.Mpcustom4: Trace Attempt 69	[20.13 s]
64.0.N: Trace Attempt 64	[21.79 s]
64.0.Mpcustom4: Trace Attempt 69	[25.17 s]
64.0.N: Trace Attempt 68	[25.80 s]
64.0.AM: Trace Attempt 89	[25.94 s]
64.0.AM: Trace Attempt  1	[26.32 s]
64.0.AM: Trace Attempt  2	[26.35 s]
64.0.AM: Trace Attempt  3	[26.36 s]
64.0.AM: Trace Attempt  5	[26.37 s]
64.0.AM: Trace Attempt 95	[30.63 s]
64.0.N: Trace Attempt 76	[31.92 s]
64.0.Mpcustom4: Trace Attempt 69	[33.14 s]
64.0.N: Trace Attempt  1	[34.51 s]
64.0.N: Trace Attempt  2	[34.53 s]
64.0.N: Trace Attempt  3	[34.54 s]
64.0.N: Trace Attempt  5	[34.55 s]
64.0.Mpcustom4: Trace Attempt 70	[38.96 s]
64.0.Mpcustom4: Trace Attempt 71	[43.76 s]
64.0.AM: Trace Attempt 94	[44.54 s]
64.0.Mpcustom4: Trace Attempt 71	[50.02 s]
64.0.Mpcustom4: Trace Attempt 78	[55.96 s]
64.0.N: Trace Attempt 104	[56.27 s]
64.0.Mpcustom4: Trace Attempt 82	[61.45 s]
64.0.Mpcustom4: Trace Attempt 84	[65.53 s]
64.0.B: Trace Attempt 106	[66.04 s]
64.0.N: Trace Attempt 104	[67.18 s]
64.0.Mpcustom4: Trace Attempt 87	[69.55 s]
64.0.Ht: Trace Attempt 104	[71.78 s]
64.0.N: Trace Attempt 105	[71.85 s]
64.0.Mpcustom4: Trace Attempt 89	[75.50 s]
64.0.N: Requesting engine job to stop
64.0.B: Requesting engine job to stop
64.0.AM: Requesting engine job to stop
64.0.Hp: Requesting engine job to terminate
64.0.Ht: Requesting engine job to terminate
64.0.Mpcustom4: Requesting engine job to terminate
INFO (IPF144): 64: Initiating shutdown of proof [77.53 s]
64.0.Ht: Trace Attempt 106	[72.03 s]
64.0.Ht: A trace with 106 cycles was found. [77.37 s]
INFO (IPF047): 64.0.Ht: The cover property "CS_div_fsm_s5_65" was covered in 106 cycles in 77.51 s.
64.0.Ht: All properties determined. [77.50 s]
64.0.Hp: Interrupted (multi)
64.0.Hp: All properties determined. [77.53 s]
64.0.N: Stopped processing property "CS_div_fsm_s5_65"	[77.61 s].
64.0.N: All properties determined. [77.62 s]
64.0.AM: Trace Attempt 104	[48.21 s]
64.0.AM: Stopped processing property "CS_div_fsm_s5_65"	[77.25 s].
64.0.N: Exited with Success (@ 77.69 s)
64: ProofGrid usable level: 0
64.0.AM: All properties determined. [77.26 s]
64.0.Hp: Exited with Success (@ 77.88 s)
64.0.AM: Exited with Success (@ 77.88 s)
64.0.B: Stopped processing property "CS_div_fsm_s5_65"	[77.55 s].
64.0.B: All properties determined. [77.56 s]
64.0.B: Exited with Success (@ 78.04 s)
64.0.Ht: Exited with Success (@ 78.18 s)
64.0.Mpcustom4: All properties determined. [78.08 s]
64.0.Mpcustom4: Exited with Success (@ 78.25 s)
64: --------------------------------------------------------------
ProofGrid Summary (utilization 99.66 %)
--------------------------------------------------------------
     engines started                               :     7
     engine jobs started                           :     7

    Average time in state (seconds)
    ------------------------------------------------------
    Engine  Pending     Running        Dead    Utilization
    ------------------------------------------------------
      N        0.11       77.52        0.00       99.86 %
     Hp        0.08       77.52        0.00       99.89 %
     Ht        0.08       77.50        0.00       99.89 %
    Mpcustom4        0.12       77.43        0.00       99.85 %
     Oh        0.45        0.26        0.00       36.81 %
      B        0.36       77.13        0.00       99.54 %
     AM        0.37       77.12        0.00       99.52 %
    all        0.23       66.35        0.00       99.66 %

    Total time in state (seconds)
    -----------------------------------------
            Pending     Running        Dead  
    -----------------------------------------
               1.58      464.48        0.00

    Data read    : 322.81 kiB
    Data written : 50.04 kiB

64: All pending notifications were processed.
INFO (IPF059): 64: Completed proof on task: "mytask"
cover -name CS_div_fsm_s5_66 {@(posedge clk_i) !div_fsm_s5 ##1 div_fsm_s5 [*66] ##1 !div_fsm_s5 }
INFO (IPF036): Starting proof on task: "mytask", 1 properties to prove with 0 already proven/unreachable
INFO (IPF031): Settings used for proof thread 65:
    orchestration                 = on (auto)
    time_limit                    = 600s
    per_property_time_limit       = 1s * 10 ^ scan
    engine_mode                   = auto
    proofgrid_per_engine_max_jobs = 1
    max engine jobs               = auto
    proofgrid_mode                = local
    proofgrid_restarts            = 10
65: Using multistage preprocessing
65: Starting reduce
65: Finished reduce in 0.043s
65.0.PRE: Performing Proof Simplification...
65.0.N: clocks: 1, declared: 1, looping: 0, posedge: 1, negedge: 0, noedge: 0, bothedge: 0
65.0.N: Proof Simplification Iteration 1	[0.00 s]
65.0.N: Proof Simplification Iteration 2	[0.04 s]
65.0.N: Proof Simplification Iteration 3	[0.06 s]
65.0.N: Proof Simplification Iteration 4	[0.07 s]
65.0.N: Proof Simplification Iteration 5	[0.09 s]
65.0.N: Proof Simplification Iteration 6	[0.11 s]
65.0.N: Proof Simplification Iteration 7	[0.13 s]
65.0.N: Proof Simplification Iteration 8	[0.15 s]
65.0.N: Proof Simplification Iteration 9	[0.16 s]
65.0.N: Proof Simplification Iteration 10	[0.18 s]
65.0.PRE: Proof Simplification completed in 0.23 s
65: About to start ProofGrid in its own thread with a limit of 10000 pending notifications and a limit of 10 traces.
65: =============================== ProofGrid start ===============================
65: ProofGrid usable level: 1
65: Initial ProofGrid level: 1
65: ProofGrid is starting event handling
65.0.N: caddy15.stanford.edu: "Rocky Linux 8.10 (Green Obsidian)" is an unsupported operating system.
65.0.Hp: caddy15.stanford.edu: "Rocky Linux 8.10 (Green Obsidian)" is an unsupported operating system.
65.0.Ht: caddy15.stanford.edu: "Rocky Linux 8.10 (Green Obsidian)" is an unsupported operating system.
65.0.Mpcustom4: caddy15.stanford.edu: "Rocky Linux 8.10 (Green Obsidian)" is an unsupported operating system.
65.0.Hp: Proofgrid shell started at 4122369@caddy15.stanford.edu(local) jg_4086220_caddy15.stanford.edu_66
65.0.N: Proofgrid shell started at 4122368@caddy15.stanford.edu(local) jg_4086220_caddy15.stanford.edu_66
65.0.Oh: caddy15.stanford.edu: "Rocky Linux 8.10 (Green Obsidian)" is an unsupported operating system.
65.0.Hp: clocks: 1, declared: 1, looping: 0, posedge: 1, negedge: 0, noedge: 0, bothedge: 0
65.0.N: clocks: 1, declared: 1, looping: 0, posedge: 1, negedge: 0, noedge: 0, bothedge: 0
65.0.N: Last scan. Per property time limit: 0s
65.0.N: Starting proof for property "CS_div_fsm_s5_66"	[0.00 s].
65.0.Ht: Proofgrid shell started at 4122391@caddy15.stanford.edu(local) jg_4086220_caddy15.stanford.edu_66
65.0.B: caddy15.stanford.edu: "Rocky Linux 8.10 (Green Obsidian)" is an unsupported operating system.
65.0.N: Trace Attempt  1	[0.00 s]
65.0.AM: caddy15.stanford.edu: "Rocky Linux 8.10 (Green Obsidian)" is an unsupported operating system.
65.0.N: Trace Attempt  2	[0.01 s]
65.0.N: Trace Attempt  3	[0.01 s]
65.0.Ht: clocks: 1, declared: 1, looping: 0, posedge: 1, negedge: 0, noedge: 0, bothedge: 0
65.0.Mpcustom4: Proofgrid shell started at 4122410@caddy15.stanford.edu(local) jg_4086220_caddy15.stanford.edu_66
65.0.Mpcustom4: clocks: 1, declared: 1, looping: 0, posedge: 1, negedge: 0, noedge: 0, bothedge: 0
65.0.Ht: Trace Attempt  1	[0.04 s]
65.0.Ht: Trace Attempt  2	[0.04 s]
65.0.N: Trace Attempt  3	[0.04 s]
65.0.Oh: Proofgrid shell started at 4122427@caddy15.stanford.edu(local) jg_4086220_caddy15.stanford.edu_66
65.0.Ht: Trace Attempt  3	[0.04 s]
65.0.Ht: Trace Attempt  4	[0.04 s]
65.0.Oh: clocks: 1, declared: 1, looping: 0, posedge: 1, negedge: 0, noedge: 0, bothedge: 0
65.0.N: Trace Attempt  4	[0.06 s]
65.0.N: Trace Attempt  5	[0.06 s]
65.0.Ht: Trace Attempt  5	[0.05 s]
65.0.B: Proofgrid shell started at 4122437@caddy15.stanford.edu(local) jg_4086220_caddy15.stanford.edu_66
65.0.Mpcustom4: Trace Attempt  1	[0.04 s]
65.0.AM: Proofgrid shell started at 4122443@caddy15.stanford.edu(local) jg_4086220_caddy15.stanford.edu_66
65.0.B: clocks: 1, declared: 1, looping: 0, posedge: 1, negedge: 0, noedge: 0, bothedge: 0
65.0.Mpcustom4: Trace Attempt  2	[0.06 s]
65.0.B: Last scan. Per property time limit: 0s
65.0.B: Starting proof for property "CS_div_fsm_s5_66"	[0.00 s].
65.0.AM: clocks: 1, declared: 1, looping: 0, posedge: 1, negedge: 0, noedge: 0, bothedge: 0
65.0.AM: Last scan. Per property time limit: 0s
65.0.AM: Starting proof for property "CS_div_fsm_s5_66"	[0.00 s].
65.0.B: Trace Attempt  1	[0.01 s]
65.0.AM: Trace Attempt  1	[0.00 s]
65.0.AM: Trace Attempt  2	[0.01 s]
65.0.B: Trace Attempt  2	[0.01 s]
65.0.B: Trace Attempt  3	[0.03 s]
65.0.N: Trace Attempt  5	[0.11 s]
65.0.AM: Trace Attempt  3	[0.03 s]
65.0.B: Trace Attempt  4	[0.04 s]
65.0.AM: Trace Attempt  4	[0.06 s]
65.0.B: Trace Attempt  5	[0.08 s]
65.0.AM: Trace Attempt  5	[0.08 s]
65.0.Oh: bwd trail(1): 1 0.112692s
65.0.Oh: All properties either determined or skipped. [0.13 s]
65.0.Oh: Exited with Success (@ 0.21 s)
65.0.Mpcustom4: Trace Attempt  3	[0.68 s]
65.0.Mpcustom4: Trace Attempt  3	[0.73 s]
65.0.Mpcustom4: Trace Attempt  4	[0.75 s]
65.0.Mpcustom4: Trace Attempt  4	[0.81 s]
65.0.Mpcustom4: Trace Attempt  5	[0.83 s]
65.0.Ht: Trace Attempt 75	[4.14 s]
65.0.B: Trace Attempt 51	[4.09 s]
65.0.AM: Trace Attempt 49	[4.12 s]
65.0.N: Trace Attempt 29	[4.49 s]
65.0.Mpcustom4: Trace Attempt 37	[5.47 s]
65.0.B: Trace Attempt 87	[8.16 s]
65.0.AM: Trace Attempt 70	[8.28 s]
65.0.N: Trace Attempt 39	[9.19 s]
65.0.Mpcustom4: Trace Attempt 52	[9.66 s]
65.0.Ht: Trace Attempt 88	[10.79 s]
65.0.AM: Trace Attempt 79	[13.03 s]
65.0.N: Trace Attempt 45	[13.63 s]
65.0.AM: Trace Attempt  1	[13.57 s]
65.0.AM: Trace Attempt  2	[13.60 s]
65.0.AM: Trace Attempt  3	[13.60 s]
65.0.AM: Trace Attempt  5	[13.61 s]
65.0.Mpcustom4: Trace Attempt 64	[14.35 s]
65.0.N: Trace Attempt 53	[18.19 s]
65.0.Mpcustom4: Trace Attempt 70	[18.59 s]
65.0.N: Trace Attempt 60	[22.25 s]
65.0.Mpcustom4: Trace Attempt 70	[22.60 s]
65.0.AM: Trace Attempt 90	[23.53 s]
65.0.AM: Trace Attempt  1	[23.91 s]
65.0.AM: Trace Attempt  2	[23.93 s]
65.0.AM: Trace Attempt  3	[23.94 s]
65.0.AM: Trace Attempt  5	[23.95 s]
65.0.N: Trace Attempt 66	[26.37 s]
65.0.Mpcustom4: Trace Attempt 70	[28.10 s]
65.0.AM: Trace Attempt 92	[29.02 s]
65.0.N: Trace Attempt 71	[30.58 s]
65.0.Mpcustom4: Trace Attempt 71	[33.78 s]
65.0.N: Trace Attempt 76	[35.62 s]
65.0.Mpcustom4: Trace Attempt 71	[38.44 s]
65.0.N: Trace Attempt 78	[40.71 s]
65.0.AM: Trace Attempt 95	[42.16 s]
65.0.Mpcustom4: Trace Attempt 71	[44.65 s]
65.0.N: Trace Attempt 80	[44.82 s]
65.0.N: Trace Attempt  1	[45.00 s]
65.0.N: Trace Attempt  2	[45.03 s]
65.0.N: Trace Attempt  3	[45.03 s]
65.0.N: Trace Attempt  5	[45.04 s]
65.0.N: Trace Attempt 95	[49.32 s]
65.0.Mpcustom4: Trace Attempt 71	[49.55 s]
65.0.Mpcustom4: Trace Attempt 72	[54.91 s]
65.0.Mpcustom4: Trace Attempt 72	[61.24 s]
65.0.Ht: Trace Attempt 103	[66.01 s]
65.0.Mpcustom4: Trace Attempt 78	[68.40 s]
65.0.N: Trace Attempt 105	[72.78 s]
65.0.Mpcustom4: Trace Attempt 85	[75.39 s]
65.0.Mpcustom4: Trace Attempt 89	[79.42 s]
65.0.N: Trace Attempt 105	[80.54 s]
65.0.Ht: Trace Attempt 107	[80.54 s]
65.0.AM: Trace Attempt 106	[80.90 s]
65.0.N: Requesting engine job to stop
65.0.B: Requesting engine job to stop
65.0.AM: Requesting engine job to stop
65.0.Hp: Requesting engine job to terminate
65.0.Ht: Requesting engine job to terminate
65.0.Mpcustom4: Requesting engine job to terminate
INFO (IPF144): 65: Initiating shutdown of proof [85.02 s]
65.0.Ht: A trace with 107 cycles was found. [84.86 s]
INFO (IPF047): 65.0.Ht: The cover property "CS_div_fsm_s5_66" was covered in 107 cycles in 85.01 s.
65.0.Ht: All properties determined. [84.99 s]
65.0.Hp: Interrupted (multi)
65.0.Hp: All properties determined. [85.02 s]
65.0.N: Stopped processing property "CS_div_fsm_s5_66"	[85.30 s].
65.0.N: All properties determined. [85.30 s]
65.0.Hp: Exited with Success (@ 85.46 s)
65: ProofGrid usable level: 0
65.0.B: Trace Attempt 106	[11.94 s]
65.0.B: Stopped processing property "CS_div_fsm_s5_66"	[85.36 s].
65.0.N: Exited with Success (@ 85.46 s)
65.0.B: All properties determined. [85.36 s]
65.0.AM: Trace Attempt 107	[81.45 s]
65.0.AM: Stopped processing property "CS_div_fsm_s5_66"	[85.44 s].
65.0.B: Exited with Success (@ 85.55 s)
65.0.AM: All properties determined. [85.44 s]
65.0.AM: Exited with Success (@ 85.58 s)
65.0.Mpcustom4: Trace Attempt 89	[82.92 s]
65.0.Mpcustom4: All properties determined. [85.57 s]
65.0.Mpcustom4: Exited with Success (@ 85.69 s)
65.0.Ht: Exited with Success (@ 85.69 s)
65: --------------------------------------------------------------
ProofGrid Summary (utilization 99.89 %)
--------------------------------------------------------------
     engines started                               :     7
     engine jobs started                           :     7

    Average time in state (seconds)
    ------------------------------------------------------
    Engine  Pending     Running        Dead    Utilization
    ------------------------------------------------------
      N        0.10       85.01        0.00       99.88 %
     Hp        0.08       85.01        0.00       99.91 %
     Ht        0.08       84.99        0.00       99.91 %
    Mpcustom4        0.08       84.97        0.00       99.91 %
     Oh        0.08        0.13        0.00       62.12 %
      B        0.08       84.93        0.00       99.90 %
     AM        0.08       84.93        0.00       99.90 %
    all        0.08       72.85        0.00       99.89 %

    Total time in state (seconds)
    -----------------------------------------
            Pending     Running        Dead  
    -----------------------------------------
               0.58      509.98        0.00

    Data read    : 329.94 kiB
    Data written : 29.15 kiB

65: All pending notifications were processed.
INFO (IPF059): 65: Completed proof on task: "mytask"
cover -name CS_div_fsm_s5_67 {@(posedge clk_i) !div_fsm_s5 ##1 div_fsm_s5 [*67] ##1 !div_fsm_s5 }
INFO (IPF036): Starting proof on task: "mytask", 1 properties to prove with 0 already proven/unreachable
INFO (IPF031): Settings used for proof thread 66:
    orchestration                 = on (auto)
    time_limit                    = 600s
    per_property_time_limit       = 1s * 10 ^ scan
    engine_mode                   = auto
    proofgrid_per_engine_max_jobs = 1
    max engine jobs               = auto
    proofgrid_mode                = local
    proofgrid_restarts            = 10
66: Using multistage preprocessing
66: Starting reduce
66: Finished reduce in 0.044s
66.0.PRE: Performing Proof Simplification...
66.0.N: clocks: 1, declared: 1, looping: 0, posedge: 1, negedge: 0, noedge: 0, bothedge: 0
66.0.N: Proof Simplification Iteration 1	[0.00 s]
66.0.N: Proof Simplification Iteration 2	[0.04 s]
66.0.N: Proof Simplification Iteration 3	[0.06 s]
66.0.N: Proof Simplification Iteration 4	[0.07 s]
66.0.N: Proof Simplification Iteration 5	[0.09 s]
66.0.N: Proof Simplification Iteration 6	[0.11 s]
66.0.N: Proof Simplification Iteration 7	[0.13 s]
66.0.N: Proof Simplification Iteration 8	[0.15 s]
66.0.N: Proof Simplification Iteration 9	[0.17 s]
66.0.N: Proof Simplification Iteration 10	[0.18 s]
66.0.PRE: Proof Simplification completed in 0.23 s
66: About to start ProofGrid in its own thread with a limit of 10000 pending notifications and a limit of 10 traces.
66: =============================== ProofGrid start ===============================
66: ProofGrid usable level: 1
66: Initial ProofGrid level: 1
66: ProofGrid is starting event handling
66.0.N: caddy15.stanford.edu: "Rocky Linux 8.10 (Green Obsidian)" is an unsupported operating system.
66.0.Hp: caddy15.stanford.edu: "Rocky Linux 8.10 (Green Obsidian)" is an unsupported operating system.
66.0.Ht: caddy15.stanford.edu: "Rocky Linux 8.10 (Green Obsidian)" is an unsupported operating system.
66.0.N: Proofgrid shell started at 4125072@caddy15.stanford.edu(local) jg_4086220_caddy15.stanford.edu_67
66.0.Hp: Proofgrid shell started at 4125073@caddy15.stanford.edu(local) jg_4086220_caddy15.stanford.edu_67
66.0.Mpcustom4: caddy15.stanford.edu: "Rocky Linux 8.10 (Green Obsidian)" is an unsupported operating system.
66.0.N: clocks: 1, declared: 1, looping: 0, posedge: 1, negedge: 0, noedge: 0, bothedge: 0
66.0.Ht: Proofgrid shell started at 4125095@caddy15.stanford.edu(local) jg_4086220_caddy15.stanford.edu_67
66.0.Hp: clocks: 1, declared: 1, looping: 0, posedge: 1, negedge: 0, noedge: 0, bothedge: 0
66.0.N: Last scan. Per property time limit: 0s
66.0.N: Starting proof for property "CS_div_fsm_s5_67"	[0.00 s].
66.0.N: Trace Attempt  1	[0.01 s]
66.0.Ht: clocks: 1, declared: 1, looping: 0, posedge: 1, negedge: 0, noedge: 0, bothedge: 0
66.0.N: Trace Attempt  2	[0.01 s]
66.0.N: Trace Attempt  3	[0.01 s]
66.0.Oh: caddy15.stanford.edu: "Rocky Linux 8.10 (Green Obsidian)" is an unsupported operating system.
66.0.Ht: Trace Attempt  1	[0.04 s]
66.0.Ht: Trace Attempt  2	[0.04 s]
66.0.B: caddy15.stanford.edu: "Rocky Linux 8.10 (Green Obsidian)" is an unsupported operating system.
66.0.AM: caddy15.stanford.edu: "Rocky Linux 8.10 (Green Obsidian)" is an unsupported operating system.
66.0.N: Trace Attempt  3	[0.04 s]
66.0.Ht: Trace Attempt  3	[0.04 s]
66.0.Ht: Trace Attempt  4	[0.04 s]
66.0.Ht: Trace Attempt  5	[0.05 s]
66.0.N: Trace Attempt  4	[0.06 s]
66.0.N: Trace Attempt  5	[0.06 s]
66.0.Mpcustom4: Proofgrid shell started at 4125114@caddy15.stanford.edu(local) jg_4086220_caddy15.stanford.edu_67
66.0.N: Trace Attempt  5	[0.13 s]
66.0.Mpcustom4: clocks: 1, declared: 1, looping: 0, posedge: 1, negedge: 0, noedge: 0, bothedge: 0
66.0.Oh: Proofgrid shell started at 4125122@caddy15.stanford.edu(local) jg_4086220_caddy15.stanford.edu_67
66.0.AM: Proofgrid shell started at 4125133@caddy15.stanford.edu(local) jg_4086220_caddy15.stanford.edu_67
66.0.Mpcustom4: Trace Attempt  1	[0.06 s]
66.0.AM: clocks: 1, declared: 1, looping: 0, posedge: 1, negedge: 0, noedge: 0, bothedge: 0
66.0.Oh: clocks: 1, declared: 1, looping: 0, posedge: 1, negedge: 0, noedge: 0, bothedge: 0
66.0.B: Proofgrid shell started at 4125130@caddy15.stanford.edu(local) jg_4086220_caddy15.stanford.edu_67
66.0.AM: Last scan. Per property time limit: 0s
66.0.AM: Starting proof for property "CS_div_fsm_s5_67"	[0.00 s].
66.0.AM: Trace Attempt  1	[0.00 s]
66.0.AM: Trace Attempt  2	[0.01 s]
66.0.Mpcustom4: Trace Attempt  2	[0.08 s]
66.0.B: clocks: 1, declared: 1, looping: 0, posedge: 1, negedge: 0, noedge: 0, bothedge: 0
66.0.B: Last scan. Per property time limit: 0s
66.0.B: Starting proof for property "CS_div_fsm_s5_67"	[0.00 s].
66.0.B: Trace Attempt  1	[0.01 s]
66.0.B: Trace Attempt  2	[0.02 s]
66.0.AM: Trace Attempt  3	[0.05 s]
66.0.B: Trace Attempt  3	[0.04 s]
66.0.B: Trace Attempt  4	[0.07 s]
66.0.AM: Trace Attempt  4	[0.12 s]
66.0.Oh: bwd trail(1): 1 0.115109s
66.0.Oh: All properties either determined or skipped. [0.16 s]
66.0.Oh: Exited with Success (@ 0.36 s)
66.0.Oh: Completed, Restart ignored.
66.0.B: Trace Attempt  5	[0.13 s]
66.0.AM: Trace Attempt  5	[0.17 s]
66.0.Mpcustom4: Trace Attempt  3	[0.64 s]
66.0.Mpcustom4: Trace Attempt  3	[0.69 s]
66.0.Mpcustom4: Trace Attempt  4	[0.71 s]
66.0.Mpcustom4: Trace Attempt  4	[0.77 s]
66.0.Mpcustom4: Trace Attempt  5	[0.80 s]
66.0.Ht: Trace Attempt 76	[4.34 s]
66.0.B: Trace Attempt 49	[4.14 s]
66.0.N: Trace Attempt 29	[4.36 s]
66.0.AM: Trace Attempt 47	[4.23 s]
66.0.Mpcustom4: Trace Attempt 37	[4.82 s]
66.0.B: Trace Attempt 88	[8.20 s]
66.0.N: Trace Attempt 38	[8.59 s]
66.0.AM: Trace Attempt 69	[8.43 s]
66.0.Mpcustom4: Trace Attempt 47	[9.52 s]
66.0.Ht: Trace Attempt 90	[10.50 s]
66.0.N: Trace Attempt 46	[12.69 s]
66.0.AM: Trace Attempt 80	[13.91 s]
66.0.AM: Trace Attempt  1	[14.48 s]
66.0.AM: Trace Attempt  2	[14.51 s]
66.0.AM: Trace Attempt  3	[14.52 s]
66.0.AM: Trace Attempt  5	[14.53 s]
66.0.Mpcustom4: Trace Attempt 60	[14.72 s]
66.0.N: Trace Attempt 53	[16.74 s]
66.0.Mpcustom4: Trace Attempt 68	[19.18 s]
66.0.N: Trace Attempt 59	[21.17 s]
66.0.AM: Trace Attempt 91	[23.31 s]
66.0.AM: Trace Attempt  1	[23.68 s]
66.0.AM: Trace Attempt  2	[23.71 s]
66.0.AM: Trace Attempt  3	[23.72 s]
66.0.AM: Trace Attempt  5	[23.73 s]
66.0.Mpcustom4: Trace Attempt 71	[24.80 s]
66.0.N: Trace Attempt 65	[25.38 s]
66.0.Mpcustom4: Trace Attempt 72	[29.23 s]
66.0.AM: Trace Attempt 93	[30.05 s]
66.0.N: Trace Attempt 74	[30.25 s]
66.0.Mpcustom4: Trace Attempt 72	[33.30 s]
66.0.N: Trace Attempt 80	[36.85 s]
66.0.Mpcustom4: Trace Attempt 72	[39.22 s]
66.0.AM: Trace Attempt 96	[43.59 s]
66.0.Mpcustom4: Trace Attempt 72	[43.69 s]
66.0.N: Trace Attempt 82	[44.27 s]
66.0.N: Trace Attempt  1	[44.46 s]
66.0.N: Trace Attempt  2	[44.49 s]
66.0.N: Trace Attempt  3	[44.49 s]
66.0.N: Trace Attempt  5	[44.51 s]
66.0.Mpcustom4: Trace Attempt 76	[47.91 s]
66.0.Mpcustom4: Trace Attempt 77	[54.37 s]
66.0.Mpcustom4: Trace Attempt 77	[58.49 s]
66.0.Ht: Trace Attempt 103	[59.11 s]
66.0.N: Trace Attempt 105	[64.14 s]
66.0.Mpcustom4: Trace Attempt 77	[64.90 s]
66.0.Mpcustom4: Trace Attempt 82	[71.65 s]
66.0.Mpcustom4: Trace Attempt 82	[77.15 s]
66.0.N: Trace Attempt 105	[81.34 s]
66.0.B: Trace Attempt 108	[83.28 s]
66.0.Mpcustom4: Trace Attempt 90	[84.23 s]
66.0.Ht: Trace Attempt 108	[84.99 s]
66.0.AM: Trace Attempt 107	[85.84 s]
66.0.Mpcustom4: Trace Attempt 94	[88.27 s]
66.0.N: Trace Attempt 106	[91.28 s]
66.0.AM: Trace Attempt 108	[93.13 s]
66.0.Mpcustom4: Trace Attempt 98	[99.93 s]
66.0.N: Trace Attempt 107	[101.78 s]
66.0.N: Requesting engine job to stop
66.0.B: Requesting engine job to stop
66.0.AM: Requesting engine job to stop
66.0.Hp: Requesting engine job to terminate
66.0.Ht: Requesting engine job to terminate
66.0.Mpcustom4: Requesting engine job to terminate
INFO (IPF144): 66: Initiating shutdown of proof [105.17 s]
66.0.Ht: A trace with 108 cycles was found. [105.01 s]
INFO (IPF047): 66.0.Ht: The cover property "CS_div_fsm_s5_67" was covered in 108 cycles in 105.15 s.
66.0.Ht: All properties determined. [105.14 s]
66.0.Hp: Interrupted (multi)
66.0.Hp: All properties determined. [105.16 s]
66.0.N: Stopped processing property "CS_div_fsm_s5_67"	[105.25 s].
66.0.N: All properties determined. [105.26 s]
66.0.N: Exited with Success (@ 105.48 s)
66: ProofGrid usable level: 0
66.0.Hp: Exited with Success (@ 105.51 s)
66.0.AM: Stopped processing property "CS_div_fsm_s5_67"	[105.27 s].
66.0.AM: All properties determined. [105.29 s]
66.0.B: Stopped processing property "CS_div_fsm_s5_67"	[105.36 s].
66.0.AM: Exited with Success (@ 105.61 s)
66.0.B: All properties determined. [105.36 s]
66.0.B: Exited with Success (@ 105.63 s)
66.0.Ht: Exited with Success (@ 105.73 s)
66.0.Mpcustom4: Trace Attempt 99	[103.32 s]
66.0.Mpcustom4: All properties determined. [105.77 s]
66.0.Mpcustom4: Exited with Success (@ 105.99 s)
66: --------------------------------------------------------------
ProofGrid Summary (utilization 99.84 %)
--------------------------------------------------------------
     engines started                               :     7
     engine jobs started                           :     7

    Average time in state (seconds)
    ------------------------------------------------------
    Engine  Pending     Running        Dead    Utilization
    ------------------------------------------------------
      N        0.10      105.16        0.00       99.90 %
     Hp        0.08      105.16        0.00       99.92 %
     Ht        0.08      105.15        0.00       99.93 %
    Mpcustom4        0.17      105.03        0.00       99.84 %
     Oh        0.20        0.16        0.00       45.06 %
      B        0.22      104.95        0.00       99.79 %
     AM        0.18      104.97        0.00       99.82 %
    all        0.15       90.08        0.00       99.84 %

    Total time in state (seconds)
    -----------------------------------------
            Pending     Running        Dead  
    -----------------------------------------
               1.03      630.57        0.00

    Data read    : 344.09 kiB
    Data written : 84.63 kiB

66: All pending notifications were processed.
INFO (IPF059): 66: Completed proof on task: "mytask"
cover -name CS_div_fsm_s5_68 {@(posedge clk_i) !div_fsm_s5 ##1 div_fsm_s5 [*68] ##1 !div_fsm_s5 }
INFO (IPF036): Starting proof on task: "mytask", 1 properties to prove with 0 already proven/unreachable
INFO (IPF031): Settings used for proof thread 67:
    orchestration                 = on (auto)
    time_limit                    = 600s
    per_property_time_limit       = 1s * 10 ^ scan
    engine_mode                   = auto
    proofgrid_per_engine_max_jobs = 1
    max engine jobs               = auto
    proofgrid_mode                = local
    proofgrid_restarts            = 10
67: Using multistage preprocessing
67: Starting reduce
67: Finished reduce in 0.043s
67.0.PRE: Performing Proof Simplification...
67.0.N: clocks: 1, declared: 1, looping: 0, posedge: 1, negedge: 0, noedge: 0, bothedge: 0
67.0.N: Proof Simplification Iteration 1	[0.00 s]
67.0.N: Proof Simplification Iteration 2	[0.04 s]
67.0.N: Proof Simplification Iteration 3	[0.06 s]
67.0.N: Proof Simplification Iteration 4	[0.07 s]
67.0.N: Proof Simplification Iteration 5	[0.09 s]
67.0.N: Proof Simplification Iteration 6	[0.11 s]
67.0.N: Proof Simplification Iteration 7	[0.13 s]
67.0.N: Proof Simplification Iteration 8	[0.15 s]
67.0.N: Proof Simplification Iteration 9	[0.17 s]
67.0.N: Proof Simplification Iteration 10	[0.18 s]
67.0.PRE: Proof Simplification completed in 0.23 s
67: About to start ProofGrid in its own thread with a limit of 10000 pending notifications and a limit of 10 traces.
67: =============================== ProofGrid start ===============================
67: ProofGrid usable level: 1
67: Initial ProofGrid level: 1
67: ProofGrid is starting event handling
67.0.Hp: caddy15.stanford.edu: "Rocky Linux 8.10 (Green Obsidian)" is an unsupported operating system.
67.0.N: caddy15.stanford.edu: "Rocky Linux 8.10 (Green Obsidian)" is an unsupported operating system.
67.0.Ht: caddy15.stanford.edu: "Rocky Linux 8.10 (Green Obsidian)" is an unsupported operating system.
67.0.Hp: Proofgrid shell started at 4128735@caddy15.stanford.edu(local) jg_4086220_caddy15.stanford.edu_68
67.0.N: Proofgrid shell started at 4128734@caddy15.stanford.edu(local) jg_4086220_caddy15.stanford.edu_68
67.0.Hp: clocks: 1, declared: 1, looping: 0, posedge: 1, negedge: 0, noedge: 0, bothedge: 0
67.0.Ht: Proofgrid shell started at 4128757@caddy15.stanford.edu(local) jg_4086220_caddy15.stanford.edu_68
67.0.Mpcustom4: caddy15.stanford.edu: "Rocky Linux 8.10 (Green Obsidian)" is an unsupported operating system.
67.0.Oh: caddy15.stanford.edu: "Rocky Linux 8.10 (Green Obsidian)" is an unsupported operating system.
67.0.B: caddy15.stanford.edu: "Rocky Linux 8.10 (Green Obsidian)" is an unsupported operating system.
67.0.N: clocks: 1, declared: 1, looping: 0, posedge: 1, negedge: 0, noedge: 0, bothedge: 0
67.0.Ht: clocks: 1, declared: 1, looping: 0, posedge: 1, negedge: 0, noedge: 0, bothedge: 0
67.0.N: Last scan. Per property time limit: 0s
67.0.N: Starting proof for property "CS_div_fsm_s5_68"	[0.00 s].
67.0.N: Trace Attempt  1	[0.01 s]
67.0.N: Trace Attempt  2	[0.01 s]
67.0.N: Trace Attempt  3	[0.01 s]
67.0.Ht: Trace Attempt  1	[0.04 s]
67.0.Ht: Trace Attempt  2	[0.04 s]
67.0.Mpcustom4: Proofgrid shell started at 4128776@caddy15.stanford.edu(local) jg_4086220_caddy15.stanford.edu_68
67.0.Ht: Trace Attempt  3	[0.04 s]
67.0.Ht: Trace Attempt  4	[0.05 s]
67.0.Ht: Trace Attempt  5	[0.06 s]
67.0.Mpcustom4: clocks: 1, declared: 1, looping: 0, posedge: 1, negedge: 0, noedge: 0, bothedge: 0
67.0.N: Trace Attempt  3	[0.06 s]
67.0.B: Proofgrid shell started at 4128786@caddy15.stanford.edu(local) jg_4086220_caddy15.stanford.edu_68
67.0.N: Trace Attempt  4	[0.08 s]
67.0.N: Trace Attempt  5	[0.08 s]
67.0.B: clocks: 1, declared: 1, looping: 0, posedge: 1, negedge: 0, noedge: 0, bothedge: 0
67.0.Mpcustom4: Trace Attempt  1	[0.05 s]
67.0.B: Last scan. Per property time limit: 0s
67.0.B: Starting proof for property "CS_div_fsm_s5_68"	[0.00 s].
67.0.Mpcustom4: Trace Attempt  2	[0.07 s]
67.0.B: Trace Attempt  1	[0.01 s]
67.0.B: Trace Attempt  2	[0.01 s]
67.0.B: Trace Attempt  3	[0.03 s]
67.0.B: Trace Attempt  4	[0.04 s]
67.0.N: Trace Attempt  5	[0.14 s]
67.0.Oh: Proofgrid shell started at 4128784@caddy15.stanford.edu(local) jg_4086220_caddy15.stanford.edu_68
67.0.B: Trace Attempt  5	[0.08 s]
67.0.Oh: clocks: 1, declared: 1, looping: 0, posedge: 1, negedge: 0, noedge: 0, bothedge: 0
67.0.AM: caddy15.stanford.edu: "Rocky Linux 8.10 (Green Obsidian)" is an unsupported operating system.
67.0.Oh: bwd trail(1): 1 0.119702s
67.0.Oh: All properties either determined or skipped. [0.28 s]
67.0.Oh: Exited with Success (@ 0.52 s)
67.0.Oh: Completed, Restart ignored.
67.0.AM: Proofgrid shell started at 4128793@caddy15.stanford.edu(local) jg_4086220_caddy15.stanford.edu_68
67.0.AM: clocks: 1, declared: 1, looping: 0, posedge: 1, negedge: 0, noedge: 0, bothedge: 0
67.0.AM: Last scan. Per property time limit: 0s
67.0.AM: Starting proof for property "CS_div_fsm_s5_68"	[0.00 s].
67.0.AM: Trace Attempt  1	[0.00 s]
67.0.AM: Trace Attempt  2	[0.01 s]
67.0.AM: Trace Attempt  3	[0.05 s]
67.0.AM: Trace Attempt  4	[0.09 s]
67.0.AM: Trace Attempt  5	[0.11 s]
67.0.Mpcustom4: Trace Attempt  3	[0.66 s]
67.0.Mpcustom4: Trace Attempt  3	[0.71 s]
67.0.Mpcustom4: Trace Attempt  4	[0.73 s]
67.0.Mpcustom4: Trace Attempt  4	[0.79 s]
67.0.Mpcustom4: Trace Attempt  5	[0.82 s]
67.0.B: Trace Attempt 52	[4.17 s]
67.0.Ht: Trace Attempt 78	[4.34 s]
67.0.N: Trace Attempt 29	[4.48 s]
67.0.AM: Trace Attempt 50	[4.20 s]
67.0.Mpcustom4: Trace Attempt 32	[4.97 s]
67.0.B: Trace Attempt 90	[8.37 s]
67.0.AM: Trace Attempt 70	[8.20 s]
67.0.N: Trace Attempt 41	[8.86 s]
67.0.Mpcustom4: Trace Attempt 44	[9.00 s]
67.0.Ht: Trace Attempt 91	[9.39 s]
67.0.N: Trace Attempt 50	[13.13 s]
67.0.AM: Trace Attempt 80	[12.68 s]
67.0.Mpcustom4: Trace Attempt 60	[13.70 s]
67.0.AM: Trace Attempt  1	[15.12 s]
67.0.AM: Trace Attempt  2	[15.15 s]
67.0.AM: Trace Attempt  3	[15.15 s]
67.0.AM: Trace Attempt  5	[15.17 s]
67.0.N: Trace Attempt 57	[17.38 s]
67.0.Mpcustom4: Trace Attempt 71	[18.85 s]
67.0.AM: Trace Attempt 84	[19.77 s]
67.0.N: Trace Attempt 63	[21.75 s]
67.0.Mpcustom4: Trace Attempt 73	[24.18 s]
67.0.N: Trace Attempt 69	[26.21 s]
67.0.AM: Trace Attempt 92	[26.66 s]
67.0.AM: Trace Attempt  1	[27.14 s]
67.0.AM: Trace Attempt  2	[27.21 s]
67.0.AM: Trace Attempt  3	[27.22 s]
67.0.AM: Trace Attempt  5	[27.25 s]
67.0.Mpcustom4: Trace Attempt 86	[29.40 s]
67.0.N: Trace Attempt 73	[30.67 s]
67.0.AM: Trace Attempt 94	[33.62 s]
67.0.Mpcustom4: Trace Attempt 88	[34.92 s]
67.0.N: Trace Attempt 77	[35.23 s]
67.0.N: Trace Attempt 79	[39.55 s]
67.0.Mpcustom4: Trace Attempt 88	[40.86 s]
67.0.N: Trace Attempt 81	[44.64 s]
67.0.Ht: Trace Attempt 99	[46.74 s]
67.0.AM: Trace Attempt 97	[46.22 s]
67.0.Mpcustom4: Trace Attempt 91	[47.20 s]
67.0.N: Trace Attempt 84	[52.56 s]
67.0.Mpcustom4: Trace Attempt 95	[53.12 s]
67.0.N: Trace Attempt 86	[56.62 s]
67.0.N: Trace Attempt  1	[56.85 s]
67.0.N: Trace Attempt  2	[56.88 s]
67.0.N: Trace Attempt  3	[56.89 s]
67.0.N: Trace Attempt  5	[56.90 s]
67.0.Mpcustom4: Trace Attempt 99	[60.19 s]
67.0.Mpcustom4: Trace Attempt 100	[70.12 s]
67.0.AM: Trace Attempt 108	[71.06 s]
67.0.N: Trace Attempt 105	[73.32 s]
67.0.B: Trace Attempt 109	[74.35 s]
67.0.Ht: Trace Attempt 109	[76.31 s]
67.0.Mpcustom4: Trace Attempt 100	[78.64 s]
67.0.Mpcustom4: Trace Attempt 101	[86.50 s]
67.0.N: Trace Attempt 105	[90.02 s]
67.0.Mpcustom4: Trace Attempt 104	[95.74 s]
67.0.AM: Trace Attempt 109	[97.35 s]
67.0.Mpcustom4: Trace Attempt 105	[100.23 s]
67.0.N: Trace Attempt 106	[101.22 s]
67.0.N: Requesting engine job to stop
67.0.B: Requesting engine job to stop
67.0.AM: Requesting engine job to stop
67.0.Hp: Requesting engine job to terminate
67.0.Ht: Requesting engine job to terminate
67.0.Mpcustom4: Requesting engine job to terminate
INFO (IPF144): 67: Initiating shutdown of proof [104.55 s]
67.0.B: A trace with 109 cycles was found. [104.36 s]
INFO (IPF047): 67.0.B: The cover property "CS_div_fsm_s5_68" was covered in 109 cycles in 104.42 s.
67.0.B: Stopped processing property "CS_div_fsm_s5_68"	[104.45 s].
67.0.Hp: Interrupted (multi)
67.0.Hp: All properties determined. [104.54 s]
67.0.B: All properties determined. [104.40 s]
67.0.B: Exited with Success (@ 104.56 s)
67: ProofGrid usable level: 0
67.0.N: Stopped processing property "CS_div_fsm_s5_68"	[104.58 s].
67.0.N: All properties determined. [104.59 s]
67.0.N: Exited with Success (@ 104.68 s)
67.0.Hp: Exited with Success (@ 105.29 s)
67.0.Mpcustom4: Trace Attempt 107	[100.36 s]
67.0.Mpcustom4: All properties determined. [105.32 s]
67.0.AM: Stopped processing property "CS_div_fsm_s5_68"	[105.12 s].
67.0.Mpcustom4: Exited with Success (@ 105.71 s)
67.0.AM: All properties determined. [105.14 s]
67.0.AM: Exited with Success (@ 105.99 s)
67.0.Ht: Sending SIGKILL
67.0.Ht: Terminated by signal SIGKILL (@ 106.79 s)
67: --------------------------------------------------------------
ProofGrid Summary (utilization 99.80 %)
--------------------------------------------------------------
     engines started                               :     7
     engine jobs started                           :     7

    Average time in state (seconds)
    ------------------------------------------------------
    Engine  Pending     Running        Dead    Utilization
    ------------------------------------------------------
      N        0.11      104.50        0.00       99.90 %
     Hp        0.08      104.54        0.00       99.92 %
     Ht        0.10      104.50        0.00       99.90 %
    Mpcustom4        0.13      104.44        0.00       99.88 %
     Oh        0.22        0.29        0.00       56.86 %
      B        0.12      104.41        0.00       99.88 %
     AM        0.51      103.98        0.00       99.51 %
    all        0.18       89.52        0.00       99.80 %

    Total time in state (seconds)
    -----------------------------------------
            Pending     Running        Dead  
    -----------------------------------------
               1.27      626.65        0.00

    Data read    : 370.44 kiB
    Data written : 103.63 kiB

67: All pending notifications were processed.
INFO (IPF059): 67: Completed proof on task: "mytask"
cover -name CS_div_fsm_s5_69 {@(posedge clk_i) !div_fsm_s5 ##1 div_fsm_s5 [*69] ##1 !div_fsm_s5 }
INFO (IPF036): Starting proof on task: "mytask", 1 properties to prove with 0 already proven/unreachable
INFO (IPF031): Settings used for proof thread 68:
    orchestration                 = on (auto)
    time_limit                    = 600s
    per_property_time_limit       = 1s * 10 ^ scan
    engine_mode                   = auto
    proofgrid_per_engine_max_jobs = 1
    max engine jobs               = auto
    proofgrid_mode                = local
    proofgrid_restarts            = 10
68: Using multistage preprocessing
68: Starting reduce
68: Finished reduce in 0.043s
68.0.PRE: Performing Proof Simplification...
68.0.N: clocks: 1, declared: 1, looping: 0, posedge: 1, negedge: 0, noedge: 0, bothedge: 0
68.0.N: Proof Simplification Iteration 1	[0.00 s]
68.0.N: Proof Simplification Iteration 2	[0.04 s]
68.0.N: Proof Simplification Iteration 3	[0.06 s]
68.0.N: Proof Simplification Iteration 4	[0.07 s]
68.0.N: Proof Simplification Iteration 5	[0.09 s]
68.0.N: Proof Simplification Iteration 6	[0.11 s]
68.0.N: Proof Simplification Iteration 7	[0.13 s]
68.0.N: Proof Simplification Iteration 8	[0.15 s]
68.0.N: Proof Simplification Iteration 9	[0.17 s]
68.0.N: Proof Simplification Iteration 10	[0.18 s]
68.0.PRE: Proof Simplification completed in 0.23 s
68: About to start ProofGrid in its own thread with a limit of 10000 pending notifications and a limit of 10 traces.
68: =============================== ProofGrid start ===============================
68: ProofGrid usable level: 1
68: Initial ProofGrid level: 1
68: ProofGrid is starting event handling
68.0.Hp: caddy15.stanford.edu: "Rocky Linux 8.10 (Green Obsidian)" is an unsupported operating system.
68.0.N: caddy15.stanford.edu: "Rocky Linux 8.10 (Green Obsidian)" is an unsupported operating system.
68.0.Ht: caddy15.stanford.edu: "Rocky Linux 8.10 (Green Obsidian)" is an unsupported operating system.
68.0.Mpcustom4: caddy15.stanford.edu: "Rocky Linux 8.10 (Green Obsidian)" is an unsupported operating system.
68.0.Hp: Proofgrid shell started at 4132134@caddy15.stanford.edu(local) jg_4086220_caddy15.stanford.edu_69
68.0.N: Proofgrid shell started at 4132133@caddy15.stanford.edu(local) jg_4086220_caddy15.stanford.edu_69
68.0.Hp: clocks: 1, declared: 1, looping: 0, posedge: 1, negedge: 0, noedge: 0, bothedge: 0
68.0.N: clocks: 1, declared: 1, looping: 0, posedge: 1, negedge: 0, noedge: 0, bothedge: 0
68.0.N: Last scan. Per property time limit: 0s
68.0.N: Starting proof for property "CS_div_fsm_s5_69"	[0.00 s].
68.0.N: Trace Attempt  1	[0.01 s]
68.0.AM: caddy15.stanford.edu: "Rocky Linux 8.10 (Green Obsidian)" is an unsupported operating system.
68.0.Ht: Proofgrid shell started at 4132156@caddy15.stanford.edu(local) jg_4086220_caddy15.stanford.edu_69
68.0.N: Trace Attempt  2	[0.01 s]
68.0.N: Trace Attempt  3	[0.01 s]
68.0.Ht: clocks: 1, declared: 1, looping: 0, posedge: 1, negedge: 0, noedge: 0, bothedge: 0
68.0.N: Trace Attempt  3	[0.04 s]
68.0.Ht: Trace Attempt  1	[0.04 s]
68.0.Ht: Trace Attempt  2	[0.04 s]
68.0.Ht: Trace Attempt  3	[0.04 s]
68.0.N: Trace Attempt  4	[0.06 s]
68.0.N: Trace Attempt  5	[0.06 s]
68.0.Ht: Trace Attempt  4	[0.05 s]
68.0.AM: Proofgrid shell started at 4132195@caddy15.stanford.edu(local) jg_4086220_caddy15.stanford.edu_69
68.0.Ht: Trace Attempt  5	[0.06 s]
68.0.Oh: caddy15.stanford.edu: "Rocky Linux 8.10 (Green Obsidian)" is an unsupported operating system.
68.0.B: caddy15.stanford.edu: "Rocky Linux 8.10 (Green Obsidian)" is an unsupported operating system.
68.0.AM: clocks: 1, declared: 1, looping: 0, posedge: 1, negedge: 0, noedge: 0, bothedge: 0
68.0.AM: Last scan. Per property time limit: 0s
68.0.AM: Starting proof for property "CS_div_fsm_s5_69"	[0.00 s].
68.0.AM: Trace Attempt  1	[0.00 s]
68.0.AM: Trace Attempt  2	[0.01 s]
68.0.AM: Trace Attempt  3	[0.03 s]
68.0.N: Trace Attempt  5	[0.12 s]
68.0.AM: Trace Attempt  4	[0.06 s]
68.0.AM: Trace Attempt  5	[0.08 s]
68.0.Mpcustom4: Proofgrid shell started at 4132158@caddy15.stanford.edu(local) jg_4086220_caddy15.stanford.edu_69
68.0.Mpcustom4: clocks: 1, declared: 1, looping: 0, posedge: 1, negedge: 0, noedge: 0, bothedge: 0
68.0.Oh: Proofgrid shell started at 4132182@caddy15.stanford.edu(local) jg_4086220_caddy15.stanford.edu_69
68.0.Mpcustom4: Trace Attempt  1	[0.07 s]
68.0.B: Proofgrid shell started at 4132192@caddy15.stanford.edu(local) jg_4086220_caddy15.stanford.edu_69
68.0.Mpcustom4: Trace Attempt  2	[0.10 s]
68.0.Oh: clocks: 1, declared: 1, looping: 0, posedge: 1, negedge: 0, noedge: 0, bothedge: 0
68.0.B: clocks: 1, declared: 1, looping: 0, posedge: 1, negedge: 0, noedge: 0, bothedge: 0
68.0.B: Last scan. Per property time limit: 0s
68.0.B: Starting proof for property "CS_div_fsm_s5_69"	[0.00 s].
68.0.B: Trace Attempt  1	[0.01 s]
68.0.B: Trace Attempt  2	[0.02 s]
68.0.B: Trace Attempt  3	[0.04 s]
68.0.B: Trace Attempt  4	[0.05 s]
68.0.Oh: bwd trail(1): 1 0.110883s
68.0.Oh: All properties either determined or skipped. [0.14 s]
68.0.B: Trace Attempt  5	[0.09 s]
68.0.Oh: Exited with Success (@ 0.51 s)
68.0.Oh: Completed, Restart ignored.
68.0.Mpcustom4: Trace Attempt  3	[0.78 s]
68.0.Mpcustom4: Trace Attempt  3	[0.83 s]
68.0.Mpcustom4: Trace Attempt  4	[0.85 s]
68.0.Mpcustom4: Trace Attempt  4	[0.91 s]
68.0.Mpcustom4: Trace Attempt  5	[0.94 s]
68.0.Ht: Trace Attempt 77	[4.10 s]
68.0.AM: Trace Attempt 49	[4.10 s]
68.0.N: Trace Attempt 25	[4.21 s]
68.0.B: Trace Attempt 48	[4.11 s]
68.0.Mpcustom4: Trace Attempt 37	[5.53 s]
68.0.N: Trace Attempt 36	[8.33 s]
68.0.AM: Trace Attempt 70	[8.27 s]
68.0.B: Trace Attempt 81	[8.14 s]
68.0.Ht: Trace Attempt 92	[10.31 s]
68.0.Mpcustom4: Trace Attempt 51	[10.13 s]
68.0.N: Trace Attempt 46	[12.44 s]
68.0.B: Trace Attempt 108	[12.29 s]
68.0.AM: Trace Attempt 81	[12.63 s]
68.0.Mpcustom4: Trace Attempt 63	[14.23 s]
68.0.AM: Trace Attempt  1	[15.31 s]
68.0.AM: Trace Attempt  2	[15.34 s]
68.0.AM: Trace Attempt  3	[15.35 s]
68.0.AM: Trace Attempt  5	[15.36 s]
68.0.N: Trace Attempt 54	[16.66 s]
68.0.Mpcustom4: Trace Attempt 72	[18.40 s]
68.0.AM: Trace Attempt 85	[19.79 s]
68.0.N: Trace Attempt 61	[21.33 s]
68.0.Mpcustom4: Trace Attempt 73	[23.36 s]
68.0.N: Trace Attempt 67	[25.58 s]
68.0.AM: Trace Attempt 93	[27.92 s]
68.0.Mpcustom4: Trace Attempt 74	[28.09 s]
68.0.AM: Trace Attempt  1	[28.30 s]
68.0.AM: Trace Attempt  2	[28.33 s]
68.0.AM: Trace Attempt  3	[28.33 s]
68.0.AM: Trace Attempt  5	[28.35 s]
68.0.N: Trace Attempt 72	[29.96 s]
68.0.N: Trace Attempt 79	[34.20 s]
68.0.AM: Trace Attempt 95	[35.40 s]
68.0.Mpcustom4: Trace Attempt 74	[35.80 s]
68.0.N: Trace Attempt  1	[37.69 s]
68.0.N: Trace Attempt  2	[37.72 s]
68.0.N: Trace Attempt  3	[37.73 s]
68.0.N: Trace Attempt  5	[37.74 s]
68.0.Mpcustom4: Trace Attempt 74	[40.55 s]
68.0.Mpcustom4: Trace Attempt 74	[45.06 s]
68.0.AM: Trace Attempt 98	[49.28 s]
68.0.Mpcustom4: Trace Attempt 74	[51.09 s]
68.0.Ht: Trace Attempt 103	[56.53 s]
68.0.Mpcustom4: Trace Attempt 74	[58.79 s]
68.0.Mpcustom4: Trace Attempt 74	[63.70 s]
68.0.N: Trace Attempt 108	[68.10 s]
68.0.Mpcustom4: Trace Attempt 74	[68.51 s]
68.0.Ht: Trace Attempt 110	[72.60 s]
68.0.N: Requesting engine job to stop
68.0.B: Requesting engine job to stop
68.0.AM: Requesting engine job to stop
68.0.Hp: Requesting engine job to terminate
68.0.Ht: Requesting engine job to terminate
68.0.Mpcustom4: Requesting engine job to terminate
INFO (IPF144): 68: Initiating shutdown of proof [75.49 s]
68.0.Ht: A trace with 110 cycles was found. [75.30 s]
INFO (IPF047): 68.0.Ht: The cover property "CS_div_fsm_s5_69" was covered in 110 cycles in 75.45 s.
68.0.Ht: All properties determined. [75.43 s]
68.0.Hp: Interrupted (multi)
68.0.Hp: All properties determined. [75.50 s]
68.0.N: Stopped processing property "CS_div_fsm_s5_69"	[75.76 s].
68.0.N: All properties determined. [75.76 s]
68.0.N: Exited with Success (@ 75.81 s)
68: ProofGrid usable level: 0
68.0.Mpcustom4: Trace Attempt 74	[72.23 s]
68.0.Mpcustom4: All properties determined. [75.78 s]
68.0.B: Trace Attempt 109	[12.65 s]
68.0.B: Stopped processing property "CS_div_fsm_s5_69"	[75.69 s].
68.0.B: All properties determined. [75.69 s]
68.0.Mpcustom4: Exited with Success (@ 76.11 s)
68.0.B: Exited with Success (@ 76.12 s)
68.0.Ht: Exited with Success (@ 76.44 s)
68.0.Hp: Exited with Success (@ 76.44 s)
68.0.AM: Trace Attempt 108	[52.14 s]
68.0.AM: Stopped processing property "CS_div_fsm_s5_69"	[76.52 s].
68.0.AM: All properties determined. [76.52 s]
68.0.AM: Exited with Success (@ 76.66 s)
68: --------------------------------------------------------------
ProofGrid Summary (utilization 99.69 %)
--------------------------------------------------------------
     engines started                               :     7
     engine jobs started                           :     7

    Average time in state (seconds)
    ------------------------------------------------------
    Engine  Pending     Running        Dead    Utilization
    ------------------------------------------------------
      N        0.11       75.48        0.00       99.86 %
     Hp        0.08       75.48        0.00       99.89 %
     Ht        0.10       75.44        0.00       99.87 %
    Mpcustom4        0.31       75.20        0.00       99.59 %
     Oh        0.37        0.14        0.00       27.89 %
      B        0.37       75.09        0.00       99.51 %
     AM        0.09       75.39        0.00       99.88 %
    all        0.20       64.60        0.00       99.69 %

    Total time in state (seconds)
    -----------------------------------------
            Pending     Running        Dead  
    -----------------------------------------
               1.43      452.23        0.00

    Data read    : 330.53 kiB
    Data written : 48.99 kiB

68: All pending notifications were processed.
INFO (IPF059): 68: Completed proof on task: "mytask"
cover -name CS_div_fsm_s5_70 {@(posedge clk_i) !div_fsm_s5 ##1 div_fsm_s5 [*70] ##1 !div_fsm_s5 }
INFO (IPF036): Starting proof on task: "mytask", 1 properties to prove with 0 already proven/unreachable
INFO (IPF031): Settings used for proof thread 69:
    orchestration                 = on (auto)
    time_limit                    = 600s
    per_property_time_limit       = 1s * 10 ^ scan
    engine_mode                   = auto
    proofgrid_per_engine_max_jobs = 1
    max engine jobs               = auto
    proofgrid_mode                = local
    proofgrid_restarts            = 10
69: Using multistage preprocessing
69: Starting reduce
69: Finished reduce in 0.044s
69.0.PRE: Performing Proof Simplification...
69.0.N: clocks: 1, declared: 1, looping: 0, posedge: 1, negedge: 0, noedge: 0, bothedge: 0
69.0.N: Proof Simplification Iteration 1	[0.00 s]
69.0.N: Proof Simplification Iteration 2	[0.04 s]
69.0.N: Proof Simplification Iteration 3	[0.06 s]
69.0.N: Proof Simplification Iteration 4	[0.07 s]
69.0.N: Proof Simplification Iteration 5	[0.09 s]
69.0.N: Proof Simplification Iteration 6	[0.11 s]
69.0.N: Proof Simplification Iteration 7	[0.13 s]
69.0.N: Proof Simplification Iteration 8	[0.15 s]
69.0.N: Proof Simplification Iteration 9	[0.17 s]
69.0.N: Proof Simplification Iteration 10	[0.19 s]
69.0.PRE: Proof Simplification completed in 0.23 s
69: About to start ProofGrid in its own thread with a limit of 10000 pending notifications and a limit of 10 traces.
69: =============================== ProofGrid start ===============================
69: ProofGrid usable level: 1
69: Initial ProofGrid level: 1
69: ProofGrid is starting event handling
69.0.Hp: caddy15.stanford.edu: "Rocky Linux 8.10 (Green Obsidian)" is an unsupported operating system.
69.0.N: caddy15.stanford.edu: "Rocky Linux 8.10 (Green Obsidian)" is an unsupported operating system.
69.0.Ht: caddy15.stanford.edu: "Rocky Linux 8.10 (Green Obsidian)" is an unsupported operating system.
69.0.Mpcustom4: caddy15.stanford.edu: "Rocky Linux 8.10 (Green Obsidian)" is an unsupported operating system.
69.0.N: Proofgrid shell started at 4133612@caddy15.stanford.edu(local) jg_4086220_caddy15.stanford.edu_70
69.0.Hp: Proofgrid shell started at 4133613@caddy15.stanford.edu(local) jg_4086220_caddy15.stanford.edu_70
69.0.N: clocks: 1, declared: 1, looping: 0, posedge: 1, negedge: 0, noedge: 0, bothedge: 0
69.0.N: Last scan. Per property time limit: 0s
69.0.N: Starting proof for property "CS_div_fsm_s5_70"	[0.00 s].
69.0.Hp: clocks: 1, declared: 1, looping: 0, posedge: 1, negedge: 0, noedge: 0, bothedge: 0
69.0.N: Trace Attempt  1	[0.00 s]
69.0.N: Trace Attempt  2	[0.01 s]
69.0.N: Trace Attempt  3	[0.01 s]
69.0.Ht: Proofgrid shell started at 4133635@caddy15.stanford.edu(local) jg_4086220_caddy15.stanford.edu_70
69.0.Ht: clocks: 1, declared: 1, looping: 0, posedge: 1, negedge: 0, noedge: 0, bothedge: 0
69.0.N: Trace Attempt  3	[0.04 s]
69.0.Ht: Trace Attempt  1	[0.04 s]
69.0.Ht: Trace Attempt  2	[0.04 s]
69.0.N: Trace Attempt  4	[0.06 s]
69.0.N: Trace Attempt  5	[0.06 s]
69.0.Ht: Trace Attempt  3	[0.04 s]
69.0.Ht: Trace Attempt  4	[0.05 s]
69.0.Ht: Trace Attempt  5	[0.06 s]
69.0.Oh: caddy15.stanford.edu: "Rocky Linux 8.10 (Green Obsidian)" is an unsupported operating system.
69.0.Mpcustom4: Proofgrid shell started at 4133654@caddy15.stanford.edu(local) jg_4086220_caddy15.stanford.edu_70
69.0.B: caddy15.stanford.edu: "Rocky Linux 8.10 (Green Obsidian)" is an unsupported operating system.
69.0.N: Trace Attempt  5	[0.12 s]
69.0.Mpcustom4: clocks: 1, declared: 1, looping: 0, posedge: 1, negedge: 0, noedge: 0, bothedge: 0
69.0.Mpcustom4: Trace Attempt  1	[0.04 s]
69.0.Mpcustom4: Trace Attempt  2	[0.09 s]
69.0.Oh: Proofgrid shell started at 4133669@caddy15.stanford.edu(local) jg_4086220_caddy15.stanford.edu_70
69.0.AM: caddy15.stanford.edu: "Rocky Linux 8.10 (Green Obsidian)" is an unsupported operating system.
69.0.Oh: clocks: 1, declared: 1, looping: 0, posedge: 1, negedge: 0, noedge: 0, bothedge: 0
69.0.B: Proofgrid shell started at 4133671@caddy15.stanford.edu(local) jg_4086220_caddy15.stanford.edu_70
69.0.B: clocks: 1, declared: 1, looping: 0, posedge: 1, negedge: 0, noedge: 0, bothedge: 0
69.0.B: Last scan. Per property time limit: 0s
69.0.B: Starting proof for property "CS_div_fsm_s5_70"	[0.00 s].
69.0.B: Trace Attempt  1	[0.01 s]
69.0.B: Trace Attempt  2	[0.02 s]
69.0.B: Trace Attempt  3	[0.03 s]
69.0.B: Trace Attempt  4	[0.04 s]
69.0.AM: Proofgrid shell started at 4133676@caddy15.stanford.edu(local) jg_4086220_caddy15.stanford.edu_70
69.0.Oh: bwd trail(1): 1 0.124437s
69.0.Oh: All properties either determined or skipped. [0.27 s]
69.0.B: Trace Attempt  5	[0.08 s]
69.0.AM: clocks: 1, declared: 1, looping: 0, posedge: 1, negedge: 0, noedge: 0, bothedge: 0
69.0.Oh: Exited with Success (@ 0.55 s)
69.0.AM: Last scan. Per property time limit: 0s
69.0.AM: Starting proof for property "CS_div_fsm_s5_70"	[0.00 s].
69.0.AM: Trace Attempt  1	[0.00 s]
69.0.AM: Trace Attempt  2	[0.01 s]
69.0.AM: Trace Attempt  3	[0.05 s]
69.0.AM: Trace Attempt  4	[0.08 s]
69.0.AM: Trace Attempt  5	[0.10 s]
69.0.Mpcustom4: Trace Attempt  3	[0.67 s]
69.0.Mpcustom4: Trace Attempt  3	[0.71 s]
69.0.Mpcustom4: Trace Attempt  4	[0.74 s]
69.0.Mpcustom4: Trace Attempt  4	[0.80 s]
69.0.Mpcustom4: Trace Attempt  5	[0.82 s]
69.0.Ht: Trace Attempt 79	[4.36 s]
69.0.N: Trace Attempt 27	[4.39 s]
69.0.B: Trace Attempt 42	[4.12 s]
69.0.AM: Trace Attempt 50	[4.16 s]
69.0.Mpcustom4: Trace Attempt 33	[4.92 s]
69.0.N: Trace Attempt 38	[8.46 s]
69.0.B: Trace Attempt 78	[8.14 s]
69.0.AM: Trace Attempt 70	[8.17 s]
69.0.Mpcustom4: Trace Attempt 50	[8.98 s]
69.0.Ht: Trace Attempt 93	[9.89 s]
69.0.B: Trace Attempt 108	[12.31 s]
69.0.N: Trace Attempt 46	[12.81 s]
69.0.Mpcustom4: Trace Attempt 63	[13.84 s]
69.0.AM: Trace Attempt 81	[14.28 s]
69.0.N: Trace Attempt 53	[17.02 s]
69.0.AM: Trace Attempt  1	[16.71 s]
69.0.AM: Trace Attempt  2	[16.74 s]
69.0.AM: Trace Attempt  3	[16.75 s]
69.0.AM: Trace Attempt  5	[16.76 s]
69.0.Mpcustom4: Trace Attempt 72	[18.04 s]
69.0.N: Trace Attempt 60	[21.06 s]
69.0.Mpcustom4: Trace Attempt 74	[22.31 s]
69.0.N: Trace Attempt 66	[25.38 s]
69.0.Mpcustom4: Trace Attempt 74	[26.72 s]
69.0.AM: Trace Attempt 94	[27.15 s]
69.0.AM: Trace Attempt  1	[27.53 s]
69.0.AM: Trace Attempt  2	[27.56 s]
69.0.AM: Trace Attempt  3	[27.56 s]
69.0.AM: Trace Attempt  5	[27.57 s]
69.0.N: Trace Attempt 71	[29.89 s]
69.0.AM: Trace Attempt 96	[33.58 s]
69.0.N: Trace Attempt 75	[34.37 s]
69.0.N: Trace Attempt 79	[38.60 s]
69.0.Mpcustom4: Trace Attempt 76	[40.61 s]
69.0.N: Trace Attempt 81	[43.60 s]
69.0.N: Trace Attempt  1	[43.77 s]
69.0.N: Trace Attempt  2	[43.80 s]
69.0.N: Trace Attempt  3	[43.80 s]
69.0.N: Trace Attempt  5	[43.82 s]
69.0.Mpcustom4: Trace Attempt 78	[44.89 s]
69.0.AM: Trace Attempt 99	[47.93 s]
69.0.Mpcustom4: Trace Attempt 79	[50.21 s]
69.0.Mpcustom4: Trace Attempt 79	[54.61 s]
69.0.Mpcustom4: Trace Attempt 89	[58.61 s]
69.0.Mpcustom4: Trace Attempt 91	[63.10 s]
69.0.Mpcustom4: Trace Attempt 91	[67.75 s]
69.0.Ht: Trace Attempt 110	[68.05 s]
69.0.B: Trace Attempt 111	[71.39 s]
69.0.Mpcustom4: Trace Attempt 91	[72.71 s]
69.0.N: Trace Attempt 109	[73.39 s]
69.0.Mpcustom4: Trace Attempt 97	[76.72 s]
69.0.AM: Trace Attempt 110	[81.23 s]
69.0.Mpcustom4: Trace Attempt 100	[83.49 s]
69.0.N: Requesting engine job to stop
69.0.B: Requesting engine job to stop
69.0.AM: Requesting engine job to stop
69.0.Hp: Requesting engine job to terminate
69.0.Ht: Requesting engine job to terminate
69.0.Mpcustom4: Requesting engine job to terminate
INFO (IPF144): 69: Initiating shutdown of proof [83.95 s]
69.0.B: A trace with 111 cycles was found. [83.48 s]
INFO (IPF047): 69.0.B: The cover property "CS_div_fsm_s5_70" was covered in 111 cycles in 83.54 s.
69.0.B: Stopped processing property "CS_div_fsm_s5_70"	[83.59 s].
69.0.B: All properties determined. [83.52 s]
69.0.B: Exited with Success (@ 83.97 s)
69: ProofGrid usable level: 0
69.0.Hp: Interrupted (multi)
69.0.Hp: All properties determined. [83.95 s]
69.0.Ht: Interrupted (multi)
69.0.Ht: All properties determined. [83.93 s]
69.0.N: Stopped processing property "CS_div_fsm_s5_70"	[84.18 s].
69.0.N: All properties determined. [84.19 s]
69.0.N: Exited with Success (@ 84.24 s)
69.0.Hp: Exited with Success (@ 84.33 s)
69.0.AM: Trace Attempt 111	[82.02 s]
69.0.AM: Stopped processing property "CS_div_fsm_s5_70"	[83.88 s].
69.0.AM: All properties determined. [83.89 s]
69.0.AM: Exited with Success (@ 84.73 s)
69.0.Ht: Exited with Success (@ 84.73 s)
69.0.Mpcustom4: Trace Attempt 103	[83.64 s]
69.0.Mpcustom4: All properties determined. [84.61 s]
69.0.Mpcustom4: Exited with Success (@ 84.80 s)
69: --------------------------------------------------------------
ProofGrid Summary (utilization 99.70 %)
--------------------------------------------------------------
     engines started                               :     7
     engine jobs started                           :     7

    Average time in state (seconds)
    ------------------------------------------------------
    Engine  Pending     Running        Dead    Utilization
    ------------------------------------------------------
      N        0.10       83.94        0.00       99.88 %
     Hp        0.09       83.93        0.00       99.90 %
     Ht        0.09       83.91        0.00       99.90 %
    Mpcustom4        0.15       83.82        0.00       99.83 %
     Oh        0.23        0.28        0.00       54.65 %
      B        0.39       83.54        0.00       99.54 %
     AM        0.46       83.43        0.00       99.45 %
    all        0.21       71.84        0.00       99.70 %

    Total time in state (seconds)
    -----------------------------------------
            Pending     Running        Dead  
    -----------------------------------------
               1.50      502.85        0.00

    Data read    : 355.40 kiB
    Data written : 69.55 kiB

69: All pending notifications were processed.
INFO (IPF059): 69: Completed proof on task: "mytask"
=========EXIT CUSTOMTCL=========
[mytask] % INFO (IPL005): Received request to exit from the console.
INFO (IPL014): Waiting for the Tcl-thread to exit.
INFO: Waiting for proof threads to stop...
INFO: Proof threads stopped.
INFO (IPL018): The peak resident set memory use for this session was 4.344 GB.
INFO (IPL015): The Tcl-thread exited with status 0.
INFO (IPL016): Exiting the analysis session with status 0.
./RUN_JG.sh -j ./synthlc/i_ADDI_out/xEnumCycleCnt -s ./synthlc/i_ADDI_out/xEnumCycleCnt/out/div_fsm_s5.sv -t ./synthlc/i_ADDI_out/xEnumCycleCnt/out/div_fsm_s5.tcl -g 0
