[RUN_JG] ./synthlc/i_DIV_out/xEnumCycleCnt/div_fsm_s3_update_file_.sh
SYMBOLIC? 0
[RUN_JG] SVA is ./synthlc/i_DIV_out/xEnumCycleCnt/out/div_fsm_s3.sv
[RUN_JG] HDLF is ./synthlc/i_DIV_out/xEnumCycleCnt/div_fsm_s3_hdls.f
[RUN_JG] ADD DEFINE
====================
====================
[RUN_JG] TCLF is ./synthlc/i_DIV_out/xEnumCycleCnt/div_fsm_s3_.tcl
CHECK ASSUMPTION!

[RUN_JG] CMDTASK: task -create mytask -copy_assumes   -regexp
[RUN_JG] no gui
[RUN_JG] jg -no_gui -fpv ./synthlc/i_DIV_out/xEnumCycleCnt/div_fsm_s3_.tcl -proj ./synthlc/i_DIV_out/xEnumCycleCnt/div_fsm_s3_jgsession_26-02-25-22_30_52
Jasper Apps 2023.12p001 64 bits 2024.01.23 16:09:24 UTC

Any disclosure about the Cadence Design Systems software or its use
model to any third party violates the written Non-Disclosure Agreement
between Cadence Design Systems, Inc. and the customer.

THIS SOFTWARE CONTAINS CONFIDENTIAL INFORMATION AND TRADE SECRETS OF
CADENCE DESIGN SYSTEMS, INC. USE, DISCLOSURE, OR REPRODUCTION IS
PROHIBITED WITHOUT THE PRIOR EXPRESS WRITTEN PERMISSION OF CADENCE
DESIGN SYSTEMS, INC.

Copyright (C) 2000-2023 Cadence Design Systems, Inc. All Rights
Reserved.  Unpublished -- rights reserved under the copyright laws of
the United States.

This product includes software developed by others and redistributed
according to license agreement. See doc/third_party_readme.txt for
further details.

RESTRICTED RIGHTS LEGEND

Use, duplication, or disclosure by the Government is subject to
restrictions as set forth in subparagraph (c) (1) (ii) of the Rights in
Technical Data and Computer Software clause at DFARS 252.227-7013 or
subparagraphs (c) (1) and (2) of Commercial Computer Software -- Restricted
Rights at 48 CFR 52.227-19, as applicable.


                          Cadence Design Systems, Inc.
                          2655 Seely Avenue
                          San Jose, CA 95134
                          Phone: 408.943.1234

For technical assistance visit http://support.cadence.com.

Jasper Apps Analysis Session - /home/users/ngpark/SynthLC/fv/synthlc/i_DIV_out/xEnumCycleCnt/div_fsm_s3_jgsession_26-02-25-22_30_52/sessionLogs/session_0

INFO: successfully checked out licenses "jasper_interactive" and "jasper_fao".
INFO: reading configuration file "/home/users/ngpark/.config/cadence/jasper.conf".
% # Run JG with a TCl file: jg jg_test.tcl
% set assert_report_incompletes 1
1
% set RTL_DIR /home/users/ngpark/ibex
/home/users/ngpark/ibex
% set SRCDIR /home/users/ngpark/ibex/rtl
/home/users/ngpark/ibex/rtl
% 
% ############
% set FPV 1
1
% set REACH 0
0
% set CUSTOMTCL 1
1
% ############
% exec ./synthlc/i_DIV_out/xEnumCycleCnt/div_fsm_s3_update_file_.sh
% # Analyze RTL files
% analyze -sv09 -f ./synthlc/i_DIV_out/xEnumCycleCnt/div_fsm_s3_hdls.f -y $SRCDIR +incdir+$SRCDIR
INFO (INL011): Processing "-f" file "/home/users/ngpark/SynthLC/fv/synthlc/i_DIV_out/xEnumCycleCnt/div_fsm_s3_hdls.f".
[-- (VERI-1482)] Analyzing Verilog file '/cad/cadence/jasper_2023.12p001/lib/verilog/packages/std/std.sv' into library 'std'
[-- (VERI-1482)] Analyzing Verilog file '/home/users/ngpark/ibex/rtl/ibex_pkg.sv'
[WARN (VERI-2418)] /home/users/ngpark/ibex/rtl/ibex_pkg.sv(381): parameter 'ADDR_W' declared inside package 'ibex_pkg' shall be treated as localparam
[WARN (VERI-2418)] /home/users/ngpark/ibex/rtl/ibex_pkg.sv(382): parameter 'BUS_SIZE' declared inside package 'ibex_pkg' shall be treated as localparam
[WARN (VERI-2418)] /home/users/ngpark/ibex/rtl/ibex_pkg.sv(383): parameter 'BUS_BYTES' declared inside package 'ibex_pkg' shall be treated as localparam
[WARN (VERI-2418)] /home/users/ngpark/ibex/rtl/ibex_pkg.sv(384): parameter 'BUS_W' declared inside package 'ibex_pkg' shall be treated as localparam
[WARN (VERI-2418)] /home/users/ngpark/ibex/rtl/ibex_pkg.sv(385): parameter 'IC_SIZE_BYTES' declared inside package 'ibex_pkg' shall be treated as localparam
[WARN (VERI-2418)] /home/users/ngpark/ibex/rtl/ibex_pkg.sv(386): parameter 'IC_NUM_WAYS' declared inside package 'ibex_pkg' shall be treated as localparam
[WARN (VERI-2418)] /home/users/ngpark/ibex/rtl/ibex_pkg.sv(387): parameter 'IC_LINE_SIZE' declared inside package 'ibex_pkg' shall be treated as localparam
[WARN (VERI-2418)] /home/users/ngpark/ibex/rtl/ibex_pkg.sv(388): parameter 'IC_LINE_BYTES' declared inside package 'ibex_pkg' shall be treated as localparam
[WARN (VERI-2418)] /home/users/ngpark/ibex/rtl/ibex_pkg.sv(389): parameter 'IC_LINE_W' declared inside package 'ibex_pkg' shall be treated as localparam
[WARN (VERI-2418)] /home/users/ngpark/ibex/rtl/ibex_pkg.sv(390): parameter 'IC_NUM_LINES' declared inside package 'ibex_pkg' shall be treated as localparam
[WARN (VERI-2418)] /home/users/ngpark/ibex/rtl/ibex_pkg.sv(391): parameter 'IC_LINE_BEATS' declared inside package 'ibex_pkg' shall be treated as localparam
[WARN (VERI-2418)] /home/users/ngpark/ibex/rtl/ibex_pkg.sv(392): parameter 'IC_LINE_BEATS_W' declared inside package 'ibex_pkg' shall be treated as localparam
[WARN (VERI-2418)] /home/users/ngpark/ibex/rtl/ibex_pkg.sv(393): parameter 'IC_INDEX_W' declared inside package 'ibex_pkg' shall be treated as localparam
[WARN (VERI-2418)] /home/users/ngpark/ibex/rtl/ibex_pkg.sv(394): parameter 'IC_INDEX_HI' declared inside package 'ibex_pkg' shall be treated as localparam
[WARN (VERI-2418)] /home/users/ngpark/ibex/rtl/ibex_pkg.sv(395): parameter 'IC_TAG_SIZE' declared inside package 'ibex_pkg' shall be treated as localparam
[WARN (VERI-2418)] /home/users/ngpark/ibex/rtl/ibex_pkg.sv(396): parameter 'IC_OUTPUT_BEATS' declared inside package 'ibex_pkg' shall be treated as localparam
[WARN (VERI-2418)] /home/users/ngpark/ibex/rtl/ibex_pkg.sv(398): parameter 'SCRAMBLE_KEY_W' declared inside package 'ibex_pkg' shall be treated as localparam
[WARN (VERI-2418)] /home/users/ngpark/ibex/rtl/ibex_pkg.sv(399): parameter 'SCRAMBLE_NONCE_W' declared inside package 'ibex_pkg' shall be treated as localparam
[WARN (VERI-2418)] /home/users/ngpark/ibex/rtl/ibex_pkg.sv(402): parameter 'PMP_MAX_REGIONS' declared inside package 'ibex_pkg' shall be treated as localparam
[WARN (VERI-2418)] /home/users/ngpark/ibex/rtl/ibex_pkg.sv(403): parameter 'PMP_CFG_W' declared inside package 'ibex_pkg' shall be treated as localparam
[WARN (VERI-2418)] /home/users/ngpark/ibex/rtl/ibex_pkg.sv(406): parameter 'PMP_ADDR_MSB' declared inside package 'ibex_pkg' shall be treated as localparam
[WARN (VERI-2418)] /home/users/ngpark/ibex/rtl/ibex_pkg.sv(409): parameter 'PMP_ADDR_LSB' declared inside package 'ibex_pkg' shall be treated as localparam
[WARN (VERI-2418)] /home/users/ngpark/ibex/rtl/ibex_pkg.sv(412): parameter 'PMP_I' declared inside package 'ibex_pkg' shall be treated as localparam
[WARN (VERI-2418)] /home/users/ngpark/ibex/rtl/ibex_pkg.sv(413): parameter 'PMP_I2' declared inside package 'ibex_pkg' shall be treated as localparam
[WARN (VERI-2418)] /home/users/ngpark/ibex/rtl/ibex_pkg.sv(414): parameter 'PMP_D' declared inside package 'ibex_pkg' shall be treated as localparam
[WARN (VERI-2418)] /home/users/ngpark/ibex/rtl/ibex_pkg.sv(614): parameter 'CSR_OFF_PMP_CFG' declared inside package 'ibex_pkg' shall be treated as localparam
[WARN (VERI-2418)] /home/users/ngpark/ibex/rtl/ibex_pkg.sv(615): parameter 'CSR_OFF_PMP_ADDR' declared inside package 'ibex_pkg' shall be treated as localparam
[WARN (VERI-2418)] /home/users/ngpark/ibex/rtl/ibex_pkg.sv(618): parameter 'CSR_MSTATUS_MIE_BIT' declared inside package 'ibex_pkg' shall be treated as localparam
[WARN (VERI-2418)] /home/users/ngpark/ibex/rtl/ibex_pkg.sv(619): parameter 'CSR_MSTATUS_MPIE_BIT' declared inside package 'ibex_pkg' shall be treated as localparam
[WARN (VERI-2418)] /home/users/ngpark/ibex/rtl/ibex_pkg.sv(620): parameter 'CSR_MSTATUS_MPP_BIT_LOW' declared inside package 'ibex_pkg' shall be treated as localparam
[WARN (VERI-2418)] /home/users/ngpark/ibex/rtl/ibex_pkg.sv(621): parameter 'CSR_MSTATUS_MPP_BIT_HIGH' declared inside package 'ibex_pkg' shall be treated as localparam
[WARN (VERI-2418)] /home/users/ngpark/ibex/rtl/ibex_pkg.sv(622): parameter 'CSR_MSTATUS_MPRV_BIT' declared inside package 'ibex_pkg' shall be treated as localparam
[WARN (VERI-2418)] /home/users/ngpark/ibex/rtl/ibex_pkg.sv(623): parameter 'CSR_MSTATUS_TW_BIT' declared inside package 'ibex_pkg' shall be treated as localparam
[WARN (VERI-2418)] /home/users/ngpark/ibex/rtl/ibex_pkg.sv(626): parameter 'CSR_MISA_MXL' declared inside package 'ibex_pkg' shall be treated as localparam
[WARN (VERI-2418)] /home/users/ngpark/ibex/rtl/ibex_pkg.sv(629): parameter 'CSR_MSIX_BIT' declared inside package 'ibex_pkg' shall be treated as localparam
[WARN (VERI-2418)] /home/users/ngpark/ibex/rtl/ibex_pkg.sv(630): parameter 'CSR_MTIX_BIT' declared inside package 'ibex_pkg' shall be treated as localparam
[WARN (VERI-2418)] /home/users/ngpark/ibex/rtl/ibex_pkg.sv(631): parameter 'CSR_MEIX_BIT' declared inside package 'ibex_pkg' shall be treated as localparam
[WARN (VERI-2418)] /home/users/ngpark/ibex/rtl/ibex_pkg.sv(632): parameter 'CSR_MFIX_BIT_LOW' declared inside package 'ibex_pkg' shall be treated as localparam
[WARN (VERI-2418)] /home/users/ngpark/ibex/rtl/ibex_pkg.sv(633): parameter 'CSR_MFIX_BIT_HIGH' declared inside package 'ibex_pkg' shall be treated as localparam
[WARN (VERI-2418)] /home/users/ngpark/ibex/rtl/ibex_pkg.sv(636): parameter 'CSR_MSECCFG_MML_BIT' declared inside package 'ibex_pkg' shall be treated as localparam
[WARN (VERI-2418)] /home/users/ngpark/ibex/rtl/ibex_pkg.sv(637): parameter 'CSR_MSECCFG_MMWP_BIT' declared inside package 'ibex_pkg' shall be treated as localparam
[WARN (VERI-2418)] /home/users/ngpark/ibex/rtl/ibex_pkg.sv(638): parameter 'CSR_MSECCFG_RLB_BIT' declared inside package 'ibex_pkg' shall be treated as localparam
[WARN (VERI-2418)] /home/users/ngpark/ibex/rtl/ibex_pkg.sv(653): parameter 'LfsrWidth' declared inside package 'ibex_pkg' shall be treated as localparam
[WARN (VERI-2418)] /home/users/ngpark/ibex/rtl/ibex_pkg.sv(656): parameter 'RndCnstLfsrSeedDefault' declared inside package 'ibex_pkg' shall be treated as localparam
[WARN (VERI-2418)] /home/users/ngpark/ibex/rtl/ibex_pkg.sv(657): parameter 'RndCnstLfsrPermDefault' declared inside package 'ibex_pkg' shall be treated as localparam
[WARN (VERI-2418)] /home/users/ngpark/ibex/rtl/ibex_pkg.sv(660): parameter 'RndCnstIbexKeyDefault' declared inside package 'ibex_pkg' shall be treated as localparam
[WARN (VERI-2418)] /home/users/ngpark/ibex/rtl/ibex_pkg.sv(662): parameter 'RndCnstIbexNonceDefault' declared inside package 'ibex_pkg' shall be treated as localparam
[WARN (VERI-2418)] /home/users/ngpark/ibex/rtl/ibex_pkg.sv(667): parameter 'IbexMuBiWidth' declared inside package 'ibex_pkg' shall be treated as localparam
[WARN (VERI-2418)] /home/users/ngpark/ibex/rtl/ibex_pkg.sv(674): parameter 'IbexMuBiOn' declared inside package 'ibex_pkg' shall be treated as localparam
[WARN (VERI-2418)] /home/users/ngpark/ibex/rtl/ibex_pkg.sv(675): parameter 'IbexMuBiOff' declared inside package 'ibex_pkg' shall be treated as localparam
[WARN (VERI-2418)] /home/users/ngpark/ibex/rtl/ibex_pkg.sv(684): parameter 'PmpCfgRst' declared inside package 'ibex_pkg' shall be treated as localparam
[WARN (VERI-2418)] /home/users/ngpark/ibex/rtl/ibex_pkg.sv(706): parameter 'PmpAddrRst' declared inside package 'ibex_pkg' shall be treated as localparam
[WARN (VERI-2418)] /home/users/ngpark/ibex/rtl/ibex_pkg.sv(725): parameter 'PmpMseccfgRst' declared inside package 'ibex_pkg' shall be treated as localparam
[-- (VERI-1482)] Analyzing Verilog file '/home/users/ngpark/ibex/rtl/ibex_tracer_pkg.sv'
[WARN (VERI-2418)] /home/users/ngpark/ibex/rtl/ibex_tracer_pkg.sv(9): parameter 'OPCODE_C0' declared inside package 'ibex_tracer_pkg' shall be treated as localparam
[WARN (VERI-2418)] /home/users/ngpark/ibex/rtl/ibex_tracer_pkg.sv(10): parameter 'OPCODE_C1' declared inside package 'ibex_tracer_pkg' shall be treated as localparam
[WARN (VERI-2418)] /home/users/ngpark/ibex/rtl/ibex_tracer_pkg.sv(11): parameter 'OPCODE_C2' declared inside package 'ibex_tracer_pkg' shall be treated as localparam
[WARN (VERI-2418)] /home/users/ngpark/ibex/rtl/ibex_tracer_pkg.sv(14): parameter 'INSN_LUI' declared inside package 'ibex_tracer_pkg' shall be treated as localparam
[WARN (VERI-2418)] /home/users/ngpark/ibex/rtl/ibex_tracer_pkg.sv(15): parameter 'INSN_AUIPC' declared inside package 'ibex_tracer_pkg' shall be treated as localparam
[WARN (VERI-2418)] /home/users/ngpark/ibex/rtl/ibex_tracer_pkg.sv(16): parameter 'INSN_JAL' declared inside package 'ibex_tracer_pkg' shall be treated as localparam
[WARN (VERI-2418)] /home/users/ngpark/ibex/rtl/ibex_tracer_pkg.sv(17): parameter 'INSN_JALR' declared inside package 'ibex_tracer_pkg' shall be treated as localparam
[WARN (VERI-2418)] /home/users/ngpark/ibex/rtl/ibex_tracer_pkg.sv(20): parameter 'INSN_BEQ' declared inside package 'ibex_tracer_pkg' shall be treated as localparam
[WARN (VERI-2418)] /home/users/ngpark/ibex/rtl/ibex_tracer_pkg.sv(21): parameter 'INSN_BNE' declared inside package 'ibex_tracer_pkg' shall be treated as localparam
[WARN (VERI-2418)] /home/users/ngpark/ibex/rtl/ibex_tracer_pkg.sv(22): parameter 'INSN_BLT' declared inside package 'ibex_tracer_pkg' shall be treated as localparam
[WARN (VERI-2418)] /home/users/ngpark/ibex/rtl/ibex_tracer_pkg.sv(23): parameter 'INSN_BGE' declared inside package 'ibex_tracer_pkg' shall be treated as localparam
[WARN (VERI-2418)] /home/users/ngpark/ibex/rtl/ibex_tracer_pkg.sv(24): parameter 'INSN_BLTU' declared inside package 'ibex_tracer_pkg' shall be treated as localparam
[WARN (VERI-2418)] /home/users/ngpark/ibex/rtl/ibex_tracer_pkg.sv(25): parameter 'INSN_BGEU' declared inside package 'ibex_tracer_pkg' shall be treated as localparam
[WARN (VERI-2418)] /home/users/ngpark/ibex/rtl/ibex_tracer_pkg.sv(28): parameter 'INSN_ADDI' declared inside package 'ibex_tracer_pkg' shall be treated as localparam
[WARN (VERI-2418)] /home/users/ngpark/ibex/rtl/ibex_tracer_pkg.sv(29): parameter 'INSN_SLTI' declared inside package 'ibex_tracer_pkg' shall be treated as localparam
[WARN (VERI-2418)] /home/users/ngpark/ibex/rtl/ibex_tracer_pkg.sv(30): parameter 'INSN_SLTIU' declared inside package 'ibex_tracer_pkg' shall be treated as localparam
[WARN (VERI-2418)] /home/users/ngpark/ibex/rtl/ibex_tracer_pkg.sv(31): parameter 'INSN_XORI' declared inside package 'ibex_tracer_pkg' shall be treated as localparam
[WARN (VERI-2418)] /home/users/ngpark/ibex/rtl/ibex_tracer_pkg.sv(32): parameter 'INSN_ORI' declared inside package 'ibex_tracer_pkg' shall be treated as localparam
[WARN (VERI-2418)] /home/users/ngpark/ibex/rtl/ibex_tracer_pkg.sv(33): parameter 'INSN_ANDI' declared inside package 'ibex_tracer_pkg' shall be treated as localparam
[WARN (VERI-2418)] /home/users/ngpark/ibex/rtl/ibex_tracer_pkg.sv(34): parameter 'INSN_SLLI' declared inside package 'ibex_tracer_pkg' shall be treated as localparam
[WARN (VERI-2418)] /home/users/ngpark/ibex/rtl/ibex_tracer_pkg.sv(35): parameter 'INSN_SRLI' declared inside package 'ibex_tracer_pkg' shall be treated as localparam
[WARN (VERI-2418)] /home/users/ngpark/ibex/rtl/ibex_tracer_pkg.sv(36): parameter 'INSN_SRAI' declared inside package 'ibex_tracer_pkg' shall be treated as localparam
[WARN (VERI-2418)] /home/users/ngpark/ibex/rtl/ibex_tracer_pkg.sv(39): parameter 'INSN_ADD' declared inside package 'ibex_tracer_pkg' shall be treated as localparam
[WARN (VERI-2418)] /home/users/ngpark/ibex/rtl/ibex_tracer_pkg.sv(40): parameter 'INSN_SUB' declared inside package 'ibex_tracer_pkg' shall be treated as localparam
[WARN (VERI-2418)] /home/users/ngpark/ibex/rtl/ibex_tracer_pkg.sv(41): parameter 'INSN_SLL' declared inside package 'ibex_tracer_pkg' shall be treated as localparam
[WARN (VERI-2418)] /home/users/ngpark/ibex/rtl/ibex_tracer_pkg.sv(42): parameter 'INSN_SLT' declared inside package 'ibex_tracer_pkg' shall be treated as localparam
[WARN (VERI-2418)] /home/users/ngpark/ibex/rtl/ibex_tracer_pkg.sv(43): parameter 'INSN_SLTU' declared inside package 'ibex_tracer_pkg' shall be treated as localparam
[WARN (VERI-2418)] /home/users/ngpark/ibex/rtl/ibex_tracer_pkg.sv(44): parameter 'INSN_XOR' declared inside package 'ibex_tracer_pkg' shall be treated as localparam
[WARN (VERI-2418)] /home/users/ngpark/ibex/rtl/ibex_tracer_pkg.sv(45): parameter 'INSN_SRL' declared inside package 'ibex_tracer_pkg' shall be treated as localparam
[WARN (VERI-2418)] /home/users/ngpark/ibex/rtl/ibex_tracer_pkg.sv(46): parameter 'INSN_SRA' declared inside package 'ibex_tracer_pkg' shall be treated as localparam
[WARN (VERI-2418)] /home/users/ngpark/ibex/rtl/ibex_tracer_pkg.sv(47): parameter 'INSN_OR' declared inside package 'ibex_tracer_pkg' shall be treated as localparam
[WARN (VERI-2418)] /home/users/ngpark/ibex/rtl/ibex_tracer_pkg.sv(48): parameter 'INSN_AND' declared inside package 'ibex_tracer_pkg' shall be treated as localparam
[WARN (VERI-2418)] /home/users/ngpark/ibex/rtl/ibex_tracer_pkg.sv(51): parameter 'INSN_CSRRW' declared inside package 'ibex_tracer_pkg' shall be treated as localparam
[WARN (VERI-2418)] /home/users/ngpark/ibex/rtl/ibex_tracer_pkg.sv(52): parameter 'INSN_CSRRS' declared inside package 'ibex_tracer_pkg' shall be treated as localparam
[WARN (VERI-2418)] /home/users/ngpark/ibex/rtl/ibex_tracer_pkg.sv(53): parameter 'INSN_CSRRC' declared inside package 'ibex_tracer_pkg' shall be treated as localparam
[WARN (VERI-2418)] /home/users/ngpark/ibex/rtl/ibex_tracer_pkg.sv(54): parameter 'INSN_CSRRWI' declared inside package 'ibex_tracer_pkg' shall be treated as localparam
[WARN (VERI-2418)] /home/users/ngpark/ibex/rtl/ibex_tracer_pkg.sv(55): parameter 'INSN_CSRRSI' declared inside package 'ibex_tracer_pkg' shall be treated as localparam
[WARN (VERI-2418)] /home/users/ngpark/ibex/rtl/ibex_tracer_pkg.sv(56): parameter 'INSN_CSRRCI' declared inside package 'ibex_tracer_pkg' shall be treated as localparam
[WARN (VERI-2418)] /home/users/ngpark/ibex/rtl/ibex_tracer_pkg.sv(57): parameter 'INSN_ECALL' declared inside package 'ibex_tracer_pkg' shall be treated as localparam
[WARN (VERI-2418)] /home/users/ngpark/ibex/rtl/ibex_tracer_pkg.sv(58): parameter 'INSN_EBREAK' declared inside package 'ibex_tracer_pkg' shall be treated as localparam
[WARN (VERI-2418)] /home/users/ngpark/ibex/rtl/ibex_tracer_pkg.sv(59): parameter 'INSN_MRET' declared inside package 'ibex_tracer_pkg' shall be treated as localparam
[WARN (VERI-2418)] /home/users/ngpark/ibex/rtl/ibex_tracer_pkg.sv(60): parameter 'INSN_DRET' declared inside package 'ibex_tracer_pkg' shall be treated as localparam
[WARN (VERI-2418)] /home/users/ngpark/ibex/rtl/ibex_tracer_pkg.sv(61): parameter 'INSN_WFI' declared inside package 'ibex_tracer_pkg' shall be treated as localparam
[WARN (VERI-2418)] /home/users/ngpark/ibex/rtl/ibex_tracer_pkg.sv(64): parameter 'INSN_DIV' declared inside package 'ibex_tracer_pkg' shall be treated as localparam
[WARN (VERI-2418)] /home/users/ngpark/ibex/rtl/ibex_tracer_pkg.sv(65): parameter 'INSN_DIVU' declared inside package 'ibex_tracer_pkg' shall be treated as localparam
[WARN (VERI-2418)] /home/users/ngpark/ibex/rtl/ibex_tracer_pkg.sv(66): parameter 'INSN_REM' declared inside package 'ibex_tracer_pkg' shall be treated as localparam
[WARN (VERI-2418)] /home/users/ngpark/ibex/rtl/ibex_tracer_pkg.sv(67): parameter 'INSN_REMU' declared inside package 'ibex_tracer_pkg' shall be treated as localparam
[WARN (VERI-2418)] /home/users/ngpark/ibex/rtl/ibex_tracer_pkg.sv(68): parameter 'INSN_PMUL' declared inside package 'ibex_tracer_pkg' shall be treated as localparam
[WARN (VERI-2418)] /home/users/ngpark/ibex/rtl/ibex_tracer_pkg.sv(69): parameter 'INSN_PMUH' declared inside package 'ibex_tracer_pkg' shall be treated as localparam
[WARN (VERI-2418)] /home/users/ngpark/ibex/rtl/ibex_tracer_pkg.sv(70): parameter 'INSN_PMULHSU' declared inside package 'ibex_tracer_pkg' shall be treated as localparam
[WARN (VERI-2418)] /home/users/ngpark/ibex/rtl/ibex_tracer_pkg.sv(71): parameter 'INSN_PMULHU' declared inside package 'ibex_tracer_pkg' shall be treated as localparam
[WARN (VERI-2418)] /home/users/ngpark/ibex/rtl/ibex_tracer_pkg.sv(75): parameter 'INSN_SH1ADD' declared inside package 'ibex_tracer_pkg' shall be treated as localparam
[WARN (VERI-2418)] /home/users/ngpark/ibex/rtl/ibex_tracer_pkg.sv(76): parameter 'INSN_SH2ADD' declared inside package 'ibex_tracer_pkg' shall be treated as localparam
[WARN (VERI-2418)] /home/users/ngpark/ibex/rtl/ibex_tracer_pkg.sv(77): parameter 'INSN_SH3ADD' declared inside package 'ibex_tracer_pkg' shall be treated as localparam
[WARN (VERI-2418)] /home/users/ngpark/ibex/rtl/ibex_tracer_pkg.sv(83): parameter 'INSN_RORI' declared inside package 'ibex_tracer_pkg' shall be treated as localparam
[WARN (VERI-2418)] /home/users/ngpark/ibex/rtl/ibex_tracer_pkg.sv(84): parameter 'INSN_CLZ' declared inside package 'ibex_tracer_pkg' shall be treated as localparam
[WARN (VERI-2418)] /home/users/ngpark/ibex/rtl/ibex_tracer_pkg.sv(85): parameter 'INSN_CTZ' declared inside package 'ibex_tracer_pkg' shall be treated as localparam
[WARN (VERI-2418)] /home/users/ngpark/ibex/rtl/ibex_tracer_pkg.sv(86): parameter 'INSN_CPOP' declared inside package 'ibex_tracer_pkg' shall be treated as localparam
[WARN (VERI-2418)] /home/users/ngpark/ibex/rtl/ibex_tracer_pkg.sv(87): parameter 'INSN_SEXTB' declared inside package 'ibex_tracer_pkg' shall be treated as localparam
[WARN (VERI-2418)] /home/users/ngpark/ibex/rtl/ibex_tracer_pkg.sv(88): parameter 'INSN_SEXTH' declared inside package 'ibex_tracer_pkg' shall be treated as localparam
[WARN (VERI-2418)] /home/users/ngpark/ibex/rtl/ibex_tracer_pkg.sv(100): parameter 'INSN_ROL' declared inside package 'ibex_tracer_pkg' shall be treated as localparam
[WARN (VERI-2418)] /home/users/ngpark/ibex/rtl/ibex_tracer_pkg.sv(101): parameter 'INSN_ROR' declared inside package 'ibex_tracer_pkg' shall be treated as localparam
[WARN (VERI-2418)] /home/users/ngpark/ibex/rtl/ibex_tracer_pkg.sv(102): parameter 'INSN_MIN' declared inside package 'ibex_tracer_pkg' shall be treated as localparam
[WARN (VERI-2418)] /home/users/ngpark/ibex/rtl/ibex_tracer_pkg.sv(103): parameter 'INSN_MAX' declared inside package 'ibex_tracer_pkg' shall be treated as localparam
[WARN (VERI-2418)] /home/users/ngpark/ibex/rtl/ibex_tracer_pkg.sv(104): parameter 'INSN_MINU' declared inside package 'ibex_tracer_pkg' shall be treated as localparam
[WARN (VERI-2418)] /home/users/ngpark/ibex/rtl/ibex_tracer_pkg.sv(105): parameter 'INSN_MAXU' declared inside package 'ibex_tracer_pkg' shall be treated as localparam
[WARN (VERI-2418)] /home/users/ngpark/ibex/rtl/ibex_tracer_pkg.sv(106): parameter 'INSN_XNOR' declared inside package 'ibex_tracer_pkg' shall be treated as localparam
[WARN (VERI-2418)] /home/users/ngpark/ibex/rtl/ibex_tracer_pkg.sv(107): parameter 'INSN_ORN' declared inside package 'ibex_tracer_pkg' shall be treated as localparam
[WARN (VERI-2418)] /home/users/ngpark/ibex/rtl/ibex_tracer_pkg.sv(108): parameter 'INSN_ANDN' declared inside package 'ibex_tracer_pkg' shall be treated as localparam
[WARN (VERI-2418)] /home/users/ngpark/ibex/rtl/ibex_tracer_pkg.sv(109): parameter 'INSN_PACK' declared inside package 'ibex_tracer_pkg' shall be treated as localparam
[WARN (VERI-2418)] /home/users/ngpark/ibex/rtl/ibex_tracer_pkg.sv(110): parameter 'INSN_PACKU' declared inside package 'ibex_tracer_pkg' shall be treated as localparam
[WARN (VERI-2418)] /home/users/ngpark/ibex/rtl/ibex_tracer_pkg.sv(111): parameter 'INSN_PACKH' declared inside package 'ibex_tracer_pkg' shall be treated as localparam
[WARN (VERI-2418)] /home/users/ngpark/ibex/rtl/ibex_tracer_pkg.sv(114): parameter 'INSN_BCLRI' declared inside package 'ibex_tracer_pkg' shall be treated as localparam
[WARN (VERI-2418)] /home/users/ngpark/ibex/rtl/ibex_tracer_pkg.sv(115): parameter 'INSN_BSETI' declared inside package 'ibex_tracer_pkg' shall be treated as localparam
[WARN (VERI-2418)] /home/users/ngpark/ibex/rtl/ibex_tracer_pkg.sv(116): parameter 'INSN_BINVI' declared inside package 'ibex_tracer_pkg' shall be treated as localparam
[WARN (VERI-2418)] /home/users/ngpark/ibex/rtl/ibex_tracer_pkg.sv(119): parameter 'INSN_BEXTI' declared inside package 'ibex_tracer_pkg' shall be treated as localparam
[WARN (VERI-2418)] /home/users/ngpark/ibex/rtl/ibex_tracer_pkg.sv(121): parameter 'INSN_BCLR' declared inside package 'ibex_tracer_pkg' shall be treated as localparam
[WARN (VERI-2418)] /home/users/ngpark/ibex/rtl/ibex_tracer_pkg.sv(122): parameter 'INSN_BSET' declared inside package 'ibex_tracer_pkg' shall be treated as localparam
[WARN (VERI-2418)] /home/users/ngpark/ibex/rtl/ibex_tracer_pkg.sv(123): parameter 'INSN_BINV' declared inside package 'ibex_tracer_pkg' shall be treated as localparam
[WARN (VERI-2418)] /home/users/ngpark/ibex/rtl/ibex_tracer_pkg.sv(124): parameter 'INSN_BEXT' declared inside package 'ibex_tracer_pkg' shall be treated as localparam
[WARN (VERI-2418)] /home/users/ngpark/ibex/rtl/ibex_tracer_pkg.sv(130): parameter 'INSN_GREVI' declared inside package 'ibex_tracer_pkg' shall be treated as localparam
[WARN (VERI-2418)] /home/users/ngpark/ibex/rtl/ibex_tracer_pkg.sv(132): parameter 'INSN_REV_P' declared inside package 'ibex_tracer_pkg' shall be treated as localparam
[WARN (VERI-2418)] /home/users/ngpark/ibex/rtl/ibex_tracer_pkg.sv(134): parameter 'INSN_REV2_N' declared inside package 'ibex_tracer_pkg' shall be treated as localparam
[WARN (VERI-2418)] /home/users/ngpark/ibex/rtl/ibex_tracer_pkg.sv(136): parameter 'INSN_REV_N' declared inside package 'ibex_tracer_pkg' shall be treated as localparam
[WARN (VERI-2418)] /home/users/ngpark/ibex/rtl/ibex_tracer_pkg.sv(138): parameter 'INSN_REV4_B' declared inside package 'ibex_tracer_pkg' shall be treated as localparam
[WARN (VERI-2418)] /home/users/ngpark/ibex/rtl/ibex_tracer_pkg.sv(140): parameter 'INSN_REV2_B' declared inside package 'ibex_tracer_pkg' shall be treated as localparam
[WARN (VERI-2418)] /home/users/ngpark/ibex/rtl/ibex_tracer_pkg.sv(142): parameter 'INSN_REV_B' declared inside package 'ibex_tracer_pkg' shall be treated as localparam
[WARN (VERI-2418)] /home/users/ngpark/ibex/rtl/ibex_tracer_pkg.sv(144): parameter 'INSN_REV8_H' declared inside package 'ibex_tracer_pkg' shall be treated as localparam
[WARN (VERI-2418)] /home/users/ngpark/ibex/rtl/ibex_tracer_pkg.sv(146): parameter 'INSN_REV4_H' declared inside package 'ibex_tracer_pkg' shall be treated as localparam
[WARN (VERI-2418)] /home/users/ngpark/ibex/rtl/ibex_tracer_pkg.sv(148): parameter 'INSN_REV2_H' declared inside package 'ibex_tracer_pkg' shall be treated as localparam
[WARN (VERI-2418)] /home/users/ngpark/ibex/rtl/ibex_tracer_pkg.sv(150): parameter 'INSN_REV_H' declared inside package 'ibex_tracer_pkg' shall be treated as localparam
[WARN (VERI-2418)] /home/users/ngpark/ibex/rtl/ibex_tracer_pkg.sv(152): parameter 'INSN_REV16' declared inside package 'ibex_tracer_pkg' shall be treated as localparam
[WARN (VERI-2418)] /home/users/ngpark/ibex/rtl/ibex_tracer_pkg.sv(154): parameter 'INSN_REV8' declared inside package 'ibex_tracer_pkg' shall be treated as localparam
[WARN (VERI-2418)] /home/users/ngpark/ibex/rtl/ibex_tracer_pkg.sv(156): parameter 'INSN_REV4' declared inside package 'ibex_tracer_pkg' shall be treated as localparam
[WARN (VERI-2418)] /home/users/ngpark/ibex/rtl/ibex_tracer_pkg.sv(158): parameter 'INSN_REV2' declared inside package 'ibex_tracer_pkg' shall be treated as localparam
[WARN (VERI-2418)] /home/users/ngpark/ibex/rtl/ibex_tracer_pkg.sv(160): parameter 'INSN_REV' declared inside package 'ibex_tracer_pkg' shall be treated as localparam
[WARN (VERI-2418)] /home/users/ngpark/ibex/rtl/ibex_tracer_pkg.sv(165): parameter 'INSN_GORCI' declared inside package 'ibex_tracer_pkg' shall be treated as localparam
[WARN (VERI-2418)] /home/users/ngpark/ibex/rtl/ibex_tracer_pkg.sv(167): parameter 'INSN_ORC_P' declared inside package 'ibex_tracer_pkg' shall be treated as localparam
[WARN (VERI-2418)] /home/users/ngpark/ibex/rtl/ibex_tracer_pkg.sv(169): parameter 'INSN_ORC2_N' declared inside package 'ibex_tracer_pkg' shall be treated as localparam
[WARN (VERI-2418)] /home/users/ngpark/ibex/rtl/ibex_tracer_pkg.sv(171): parameter 'INSN_ORC_N' declared inside package 'ibex_tracer_pkg' shall be treated as localparam
[WARN (VERI-2418)] /home/users/ngpark/ibex/rtl/ibex_tracer_pkg.sv(173): parameter 'INSN_ORC4_B' declared inside package 'ibex_tracer_pkg' shall be treated as localparam
[WARN (VERI-2418)] /home/users/ngpark/ibex/rtl/ibex_tracer_pkg.sv(175): parameter 'INSN_ORC2_B' declared inside package 'ibex_tracer_pkg' shall be treated as localparam
[WARN (VERI-2418)] /home/users/ngpark/ibex/rtl/ibex_tracer_pkg.sv(177): parameter 'INSN_ORC_B' declared inside package 'ibex_tracer_pkg' shall be treated as localparam
[WARN (VERI-2418)] /home/users/ngpark/ibex/rtl/ibex_tracer_pkg.sv(179): parameter 'INSN_ORC8_H' declared inside package 'ibex_tracer_pkg' shall be treated as localparam
[WARN (VERI-2418)] /home/users/ngpark/ibex/rtl/ibex_tracer_pkg.sv(181): parameter 'INSN_ORC4_H' declared inside package 'ibex_tracer_pkg' shall be treated as localparam
[WARN (VERI-2418)] /home/users/ngpark/ibex/rtl/ibex_tracer_pkg.sv(183): parameter 'INSN_ORC2_H' declared inside package 'ibex_tracer_pkg' shall be treated as localparam
[WARN (VERI-2418)] /home/users/ngpark/ibex/rtl/ibex_tracer_pkg.sv(185): parameter 'INSN_ORC_H' declared inside package 'ibex_tracer_pkg' shall be treated as localparam
[WARN (VERI-2418)] /home/users/ngpark/ibex/rtl/ibex_tracer_pkg.sv(187): parameter 'INSN_ORC16' declared inside package 'ibex_tracer_pkg' shall be treated as localparam
[WARN (VERI-2418)] /home/users/ngpark/ibex/rtl/ibex_tracer_pkg.sv(189): parameter 'INSN_ORC8' declared inside package 'ibex_tracer_pkg' shall be treated as localparam
[WARN (VERI-2418)] /home/users/ngpark/ibex/rtl/ibex_tracer_pkg.sv(191): parameter 'INSN_ORC4' declared inside package 'ibex_tracer_pkg' shall be treated as localparam
[WARN (VERI-2418)] /home/users/ngpark/ibex/rtl/ibex_tracer_pkg.sv(193): parameter 'INSN_ORC2' declared inside package 'ibex_tracer_pkg' shall be treated as localparam
[WARN (VERI-2418)] /home/users/ngpark/ibex/rtl/ibex_tracer_pkg.sv(195): parameter 'INSN_ORC' declared inside package 'ibex_tracer_pkg' shall be treated as localparam
[WARN (VERI-2418)] /home/users/ngpark/ibex/rtl/ibex_tracer_pkg.sv(198): parameter 'INSN_SHFLI' declared inside package 'ibex_tracer_pkg' shall be treated as localparam
[WARN (VERI-2418)] /home/users/ngpark/ibex/rtl/ibex_tracer_pkg.sv(200): parameter 'INSN_ZIP_N' declared inside package 'ibex_tracer_pkg' shall be treated as localparam
[WARN (VERI-2418)] /home/users/ngpark/ibex/rtl/ibex_tracer_pkg.sv(202): parameter 'INSN_ZIP2_B' declared inside package 'ibex_tracer_pkg' shall be treated as localparam
[WARN (VERI-2418)] /home/users/ngpark/ibex/rtl/ibex_tracer_pkg.sv(204): parameter 'INSN_ZIP_B' declared inside package 'ibex_tracer_pkg' shall be treated as localparam
[WARN (VERI-2418)] /home/users/ngpark/ibex/rtl/ibex_tracer_pkg.sv(206): parameter 'INSN_ZIP4_H' declared inside package 'ibex_tracer_pkg' shall be treated as localparam
[WARN (VERI-2418)] /home/users/ngpark/ibex/rtl/ibex_tracer_pkg.sv(208): parameter 'INSN_ZIP2_H' declared inside package 'ibex_tracer_pkg' shall be treated as localparam
[WARN (VERI-2418)] /home/users/ngpark/ibex/rtl/ibex_tracer_pkg.sv(210): parameter 'INSN_ZIP_H' declared inside package 'ibex_tracer_pkg' shall be treated as localparam
[WARN (VERI-2418)] /home/users/ngpark/ibex/rtl/ibex_tracer_pkg.sv(212): parameter 'INSN_ZIP8' declared inside package 'ibex_tracer_pkg' shall be treated as localparam
[WARN (VERI-2418)] /home/users/ngpark/ibex/rtl/ibex_tracer_pkg.sv(214): parameter 'INSN_ZIP4' declared inside package 'ibex_tracer_pkg' shall be treated as localparam
[WARN (VERI-2418)] /home/users/ngpark/ibex/rtl/ibex_tracer_pkg.sv(216): parameter 'INSN_ZIP2' declared inside package 'ibex_tracer_pkg' shall be treated as localparam
[WARN (VERI-2418)] /home/users/ngpark/ibex/rtl/ibex_tracer_pkg.sv(218): parameter 'INSN_ZIP' declared inside package 'ibex_tracer_pkg' shall be treated as localparam
[WARN (VERI-2418)] /home/users/ngpark/ibex/rtl/ibex_tracer_pkg.sv(221): parameter 'INSN_UNSHFLI' declared inside package 'ibex_tracer_pkg' shall be treated as localparam
[WARN (VERI-2418)] /home/users/ngpark/ibex/rtl/ibex_tracer_pkg.sv(223): parameter 'INSN_UNZIP_N' declared inside package 'ibex_tracer_pkg' shall be treated as localparam
[WARN (VERI-2418)] /home/users/ngpark/ibex/rtl/ibex_tracer_pkg.sv(225): parameter 'INSN_UNZIP2_B' declared inside package 'ibex_tracer_pkg' shall be treated as localparam
[WARN (VERI-2418)] /home/users/ngpark/ibex/rtl/ibex_tracer_pkg.sv(227): parameter 'INSN_UNZIP_B' declared inside package 'ibex_tracer_pkg' shall be treated as localparam
[WARN (VERI-2418)] /home/users/ngpark/ibex/rtl/ibex_tracer_pkg.sv(229): parameter 'INSN_UNZIP4_H' declared inside package 'ibex_tracer_pkg' shall be treated as localparam
[WARN (VERI-2418)] /home/users/ngpark/ibex/rtl/ibex_tracer_pkg.sv(231): parameter 'INSN_UNZIP2_H' declared inside package 'ibex_tracer_pkg' shall be treated as localparam
[WARN (VERI-2418)] /home/users/ngpark/ibex/rtl/ibex_tracer_pkg.sv(233): parameter 'INSN_UNZIP_H' declared inside package 'ibex_tracer_pkg' shall be treated as localparam
[WARN (VERI-2418)] /home/users/ngpark/ibex/rtl/ibex_tracer_pkg.sv(235): parameter 'INSN_UNZIP8' declared inside package 'ibex_tracer_pkg' shall be treated as localparam
[WARN (VERI-2418)] /home/users/ngpark/ibex/rtl/ibex_tracer_pkg.sv(237): parameter 'INSN_UNZIP4' declared inside package 'ibex_tracer_pkg' shall be treated as localparam
[WARN (VERI-2418)] /home/users/ngpark/ibex/rtl/ibex_tracer_pkg.sv(239): parameter 'INSN_UNZIP2' declared inside package 'ibex_tracer_pkg' shall be treated as localparam
[WARN (VERI-2418)] /home/users/ngpark/ibex/rtl/ibex_tracer_pkg.sv(241): parameter 'INSN_UNZIP' declared inside package 'ibex_tracer_pkg' shall be treated as localparam
[WARN (VERI-2418)] /home/users/ngpark/ibex/rtl/ibex_tracer_pkg.sv(244): parameter 'INSN_GREV' declared inside package 'ibex_tracer_pkg' shall be treated as localparam
[WARN (VERI-2418)] /home/users/ngpark/ibex/rtl/ibex_tracer_pkg.sv(245): parameter 'INSN_GORC' declared inside package 'ibex_tracer_pkg' shall be treated as localparam
[WARN (VERI-2418)] /home/users/ngpark/ibex/rtl/ibex_tracer_pkg.sv(246): parameter 'INSN_SHFL' declared inside package 'ibex_tracer_pkg' shall be treated as localparam
[WARN (VERI-2418)] /home/users/ngpark/ibex/rtl/ibex_tracer_pkg.sv(247): parameter 'INSN_UNSHFL' declared inside package 'ibex_tracer_pkg' shall be treated as localparam
[WARN (VERI-2418)] /home/users/ngpark/ibex/rtl/ibex_tracer_pkg.sv(249): parameter 'INSN_XPERM_N' declared inside package 'ibex_tracer_pkg' shall be treated as localparam
[WARN (VERI-2418)] /home/users/ngpark/ibex/rtl/ibex_tracer_pkg.sv(250): parameter 'INSN_XPERM_B' declared inside package 'ibex_tracer_pkg' shall be treated as localparam
[WARN (VERI-2418)] /home/users/ngpark/ibex/rtl/ibex_tracer_pkg.sv(251): parameter 'INSN_XPERM_H' declared inside package 'ibex_tracer_pkg' shall be treated as localparam
[WARN (VERI-2418)] /home/users/ngpark/ibex/rtl/ibex_tracer_pkg.sv(253): parameter 'INSN_SLO' declared inside package 'ibex_tracer_pkg' shall be treated as localparam
[WARN (VERI-2418)] /home/users/ngpark/ibex/rtl/ibex_tracer_pkg.sv(254): parameter 'INSN_SRO' declared inside package 'ibex_tracer_pkg' shall be treated as localparam
[WARN (VERI-2418)] /home/users/ngpark/ibex/rtl/ibex_tracer_pkg.sv(255): parameter 'INSN_SLOI' declared inside package 'ibex_tracer_pkg' shall be treated as localparam
[WARN (VERI-2418)] /home/users/ngpark/ibex/rtl/ibex_tracer_pkg.sv(259): parameter 'INSN_SROI' declared inside package 'ibex_tracer_pkg' shall be treated as localparam
[WARN (VERI-2418)] /home/users/ngpark/ibex/rtl/ibex_tracer_pkg.sv(262): parameter 'INSN_BDECOMPRESS' declared inside package 'ibex_tracer_pkg' shall be treated as localparam
[WARN (VERI-2418)] /home/users/ngpark/ibex/rtl/ibex_tracer_pkg.sv(263): parameter 'INSN_BCOMPRESS' declared inside package 'ibex_tracer_pkg' shall be treated as localparam
[WARN (VERI-2418)] /home/users/ngpark/ibex/rtl/ibex_tracer_pkg.sv(266): parameter 'INSN_FSRI' declared inside package 'ibex_tracer_pkg' shall be treated as localparam
[WARN (VERI-2418)] /home/users/ngpark/ibex/rtl/ibex_tracer_pkg.sv(268): parameter 'INSN_CMIX' declared inside package 'ibex_tracer_pkg' shall be treated as localparam
[WARN (VERI-2418)] /home/users/ngpark/ibex/rtl/ibex_tracer_pkg.sv(269): parameter 'INSN_CMOV' declared inside package 'ibex_tracer_pkg' shall be treated as localparam
[WARN (VERI-2418)] /home/users/ngpark/ibex/rtl/ibex_tracer_pkg.sv(270): parameter 'INSN_FSL' declared inside package 'ibex_tracer_pkg' shall be treated as localparam
[WARN (VERI-2418)] /home/users/ngpark/ibex/rtl/ibex_tracer_pkg.sv(271): parameter 'INSN_FSR' declared inside package 'ibex_tracer_pkg' shall be treated as localparam
[WARN (VERI-2418)] /home/users/ngpark/ibex/rtl/ibex_tracer_pkg.sv(274): parameter 'INSN_BFP' declared inside package 'ibex_tracer_pkg' shall be treated as localparam
[WARN (VERI-2418)] /home/users/ngpark/ibex/rtl/ibex_tracer_pkg.sv(277): parameter 'INSN_CLMUL' declared inside package 'ibex_tracer_pkg' shall be treated as localparam
[WARN (VERI-2418)] /home/users/ngpark/ibex/rtl/ibex_tracer_pkg.sv(278): parameter 'INSN_CLMULR' declared inside package 'ibex_tracer_pkg' shall be treated as localparam
[WARN (VERI-2418)] /home/users/ngpark/ibex/rtl/ibex_tracer_pkg.sv(279): parameter 'INSN_CLMULH' declared inside package 'ibex_tracer_pkg' shall be treated as localparam
[WARN (VERI-2418)] /home/users/ngpark/ibex/rtl/ibex_tracer_pkg.sv(282): parameter 'INSN_CRC32_B' declared inside package 'ibex_tracer_pkg' shall be treated as localparam
[WARN (VERI-2418)] /home/users/ngpark/ibex/rtl/ibex_tracer_pkg.sv(284): parameter 'INSN_CRC32_H' declared inside package 'ibex_tracer_pkg' shall be treated as localparam
[WARN (VERI-2418)] /home/users/ngpark/ibex/rtl/ibex_tracer_pkg.sv(286): parameter 'INSN_CRC32_W' declared inside package 'ibex_tracer_pkg' shall be treated as localparam
[WARN (VERI-2418)] /home/users/ngpark/ibex/rtl/ibex_tracer_pkg.sv(288): parameter 'INSN_CRC32C_B' declared inside package 'ibex_tracer_pkg' shall be treated as localparam
[WARN (VERI-2418)] /home/users/ngpark/ibex/rtl/ibex_tracer_pkg.sv(290): parameter 'INSN_CRC32C_H' declared inside package 'ibex_tracer_pkg' shall be treated as localparam
[WARN (VERI-2418)] /home/users/ngpark/ibex/rtl/ibex_tracer_pkg.sv(292): parameter 'INSN_CRC32C_W' declared inside package 'ibex_tracer_pkg' shall be treated as localparam
[WARN (VERI-2418)] /home/users/ngpark/ibex/rtl/ibex_tracer_pkg.sv(296): parameter 'INSN_LOAD' declared inside package 'ibex_tracer_pkg' shall be treated as localparam
[WARN (VERI-2418)] /home/users/ngpark/ibex/rtl/ibex_tracer_pkg.sv(297): parameter 'INSN_STORE' declared inside package 'ibex_tracer_pkg' shall be treated as localparam
[WARN (VERI-2418)] /home/users/ngpark/ibex/rtl/ibex_tracer_pkg.sv(300): parameter 'INSN_FENCE' declared inside package 'ibex_tracer_pkg' shall be treated as localparam
[WARN (VERI-2418)] /home/users/ngpark/ibex/rtl/ibex_tracer_pkg.sv(301): parameter 'INSN_FENCEI' declared inside package 'ibex_tracer_pkg' shall be treated as localparam
[WARN (VERI-2418)] /home/users/ngpark/ibex/rtl/ibex_tracer_pkg.sv(305): parameter 'INSN_CADDI4SPN' declared inside package 'ibex_tracer_pkg' shall be treated as localparam
[WARN (VERI-2418)] /home/users/ngpark/ibex/rtl/ibex_tracer_pkg.sv(306): parameter 'INSN_CLW' declared inside package 'ibex_tracer_pkg' shall be treated as localparam
[WARN (VERI-2418)] /home/users/ngpark/ibex/rtl/ibex_tracer_pkg.sv(307): parameter 'INSN_CSW' declared inside package 'ibex_tracer_pkg' shall be treated as localparam
[WARN (VERI-2418)] /home/users/ngpark/ibex/rtl/ibex_tracer_pkg.sv(309): parameter 'INSN_CLBU' declared inside package 'ibex_tracer_pkg' shall be treated as localparam
[WARN (VERI-2418)] /home/users/ngpark/ibex/rtl/ibex_tracer_pkg.sv(310): parameter 'INSN_CLHU' declared inside package 'ibex_tracer_pkg' shall be treated as localparam
[WARN (VERI-2418)] /home/users/ngpark/ibex/rtl/ibex_tracer_pkg.sv(311): parameter 'INSN_CLH' declared inside package 'ibex_tracer_pkg' shall be treated as localparam
[WARN (VERI-2418)] /home/users/ngpark/ibex/rtl/ibex_tracer_pkg.sv(312): parameter 'INSN_CSB' declared inside package 'ibex_tracer_pkg' shall be treated as localparam
[WARN (VERI-2418)] /home/users/ngpark/ibex/rtl/ibex_tracer_pkg.sv(313): parameter 'INSN_CSH' declared inside package 'ibex_tracer_pkg' shall be treated as localparam
[WARN (VERI-2418)] /home/users/ngpark/ibex/rtl/ibex_tracer_pkg.sv(316): parameter 'INSN_CADDI' declared inside package 'ibex_tracer_pkg' shall be treated as localparam
[WARN (VERI-2418)] /home/users/ngpark/ibex/rtl/ibex_tracer_pkg.sv(317): parameter 'INSN_CJAL' declared inside package 'ibex_tracer_pkg' shall be treated as localparam
[WARN (VERI-2418)] /home/users/ngpark/ibex/rtl/ibex_tracer_pkg.sv(318): parameter 'INSN_CJ' declared inside package 'ibex_tracer_pkg' shall be treated as localparam
[WARN (VERI-2418)] /home/users/ngpark/ibex/rtl/ibex_tracer_pkg.sv(319): parameter 'INSN_CLI' declared inside package 'ibex_tracer_pkg' shall be treated as localparam
[WARN (VERI-2418)] /home/users/ngpark/ibex/rtl/ibex_tracer_pkg.sv(320): parameter 'INSN_CLUI' declared inside package 'ibex_tracer_pkg' shall be treated as localparam
[WARN (VERI-2418)] /home/users/ngpark/ibex/rtl/ibex_tracer_pkg.sv(321): parameter 'INSN_CBEQZ' declared inside package 'ibex_tracer_pkg' shall be treated as localparam
[WARN (VERI-2418)] /home/users/ngpark/ibex/rtl/ibex_tracer_pkg.sv(322): parameter 'INSN_CBNEZ' declared inside package 'ibex_tracer_pkg' shall be treated as localparam
[WARN (VERI-2418)] /home/users/ngpark/ibex/rtl/ibex_tracer_pkg.sv(323): parameter 'INSN_CSRLI' declared inside package 'ibex_tracer_pkg' shall be treated as localparam
[WARN (VERI-2418)] /home/users/ngpark/ibex/rtl/ibex_tracer_pkg.sv(324): parameter 'INSN_CSRAI' declared inside package 'ibex_tracer_pkg' shall be treated as localparam
[WARN (VERI-2418)] /home/users/ngpark/ibex/rtl/ibex_tracer_pkg.sv(325): parameter 'INSN_CANDI' declared inside package 'ibex_tracer_pkg' shall be treated as localparam
[WARN (VERI-2418)] /home/users/ngpark/ibex/rtl/ibex_tracer_pkg.sv(326): parameter 'INSN_CSUB' declared inside package 'ibex_tracer_pkg' shall be treated as localparam
[WARN (VERI-2418)] /home/users/ngpark/ibex/rtl/ibex_tracer_pkg.sv(327): parameter 'INSN_CXOR' declared inside package 'ibex_tracer_pkg' shall be treated as localparam
[WARN (VERI-2418)] /home/users/ngpark/ibex/rtl/ibex_tracer_pkg.sv(328): parameter 'INSN_COR' declared inside package 'ibex_tracer_pkg' shall be treated as localparam
[WARN (VERI-2418)] /home/users/ngpark/ibex/rtl/ibex_tracer_pkg.sv(329): parameter 'INSN_CAND' declared inside package 'ibex_tracer_pkg' shall be treated as localparam
[WARN (VERI-2418)] /home/users/ngpark/ibex/rtl/ibex_tracer_pkg.sv(331): parameter 'INSN_CZEXTB' declared inside package 'ibex_tracer_pkg' shall be treated as localparam
[WARN (VERI-2418)] /home/users/ngpark/ibex/rtl/ibex_tracer_pkg.sv(332): parameter 'INSN_CSEXTB' declared inside package 'ibex_tracer_pkg' shall be treated as localparam
[WARN (VERI-2418)] /home/users/ngpark/ibex/rtl/ibex_tracer_pkg.sv(333): parameter 'INSN_CZEXTH' declared inside package 'ibex_tracer_pkg' shall be treated as localparam
[WARN (VERI-2418)] /home/users/ngpark/ibex/rtl/ibex_tracer_pkg.sv(334): parameter 'INSN_CSEXTH' declared inside package 'ibex_tracer_pkg' shall be treated as localparam
[WARN (VERI-2418)] /home/users/ngpark/ibex/rtl/ibex_tracer_pkg.sv(335): parameter 'INSN_CNOT' declared inside package 'ibex_tracer_pkg' shall be treated as localparam
[WARN (VERI-2418)] /home/users/ngpark/ibex/rtl/ibex_tracer_pkg.sv(336): parameter 'INSN_CMUL' declared inside package 'ibex_tracer_pkg' shall be treated as localparam
[WARN (VERI-2418)] /home/users/ngpark/ibex/rtl/ibex_tracer_pkg.sv(339): parameter 'INSN_CSLLI' declared inside package 'ibex_tracer_pkg' shall be treated as localparam
[WARN (VERI-2418)] /home/users/ngpark/ibex/rtl/ibex_tracer_pkg.sv(340): parameter 'INSN_CLWSP' declared inside package 'ibex_tracer_pkg' shall be treated as localparam
[WARN (VERI-2418)] /home/users/ngpark/ibex/rtl/ibex_tracer_pkg.sv(341): parameter 'INSN_SWSP' declared inside package 'ibex_tracer_pkg' shall be treated as localparam
[WARN (VERI-2418)] /home/users/ngpark/ibex/rtl/ibex_tracer_pkg.sv(342): parameter 'INSN_CMV' declared inside package 'ibex_tracer_pkg' shall be treated as localparam
[WARN (VERI-2418)] /home/users/ngpark/ibex/rtl/ibex_tracer_pkg.sv(343): parameter 'INSN_CADD' declared inside package 'ibex_tracer_pkg' shall be treated as localparam
[WARN (VERI-2418)] /home/users/ngpark/ibex/rtl/ibex_tracer_pkg.sv(344): parameter 'INSN_CEBREAK' declared inside package 'ibex_tracer_pkg' shall be treated as localparam
[WARN (VERI-2418)] /home/users/ngpark/ibex/rtl/ibex_tracer_pkg.sv(345): parameter 'INSN_CJR' declared inside package 'ibex_tracer_pkg' shall be treated as localparam
[WARN (VERI-2418)] /home/users/ngpark/ibex/rtl/ibex_tracer_pkg.sv(346): parameter 'INSN_CJALR' declared inside package 'ibex_tracer_pkg' shall be treated as localparam
[WARN (VERI-2418)] /home/users/ngpark/ibex/rtl/ibex_tracer_pkg.sv(348): parameter 'INSN_CMPUSH' declared inside package 'ibex_tracer_pkg' shall be treated as localparam
[WARN (VERI-2418)] /home/users/ngpark/ibex/rtl/ibex_tracer_pkg.sv(349): parameter 'INSN_CMPOP' declared inside package 'ibex_tracer_pkg' shall be treated as localparam
[WARN (VERI-2418)] /home/users/ngpark/ibex/rtl/ibex_tracer_pkg.sv(350): parameter 'INSN_CMPOPRETZ' declared inside package 'ibex_tracer_pkg' shall be treated as localparam
[WARN (VERI-2418)] /home/users/ngpark/ibex/rtl/ibex_tracer_pkg.sv(351): parameter 'INSN_CMPOPRET' declared inside package 'ibex_tracer_pkg' shall be treated as localparam
[WARN (VERI-2418)] /home/users/ngpark/ibex/rtl/ibex_tracer_pkg.sv(352): parameter 'INSN_CMMVSA01' declared inside package 'ibex_tracer_pkg' shall be treated as localparam
[WARN (VERI-2418)] /home/users/ngpark/ibex/rtl/ibex_tracer_pkg.sv(353): parameter 'INSN_CMMVA01S' declared inside package 'ibex_tracer_pkg' shall be treated as localparam
[-- (VERI-1482)] Analyzing Verilog file '/home/users/ngpark/ibex/rtl/ibex_alu.sv'
[-- (VERI-1482)] Analyzing Verilog file '/home/users/ngpark/ibex/rtl/ibex_compressed_decoder.sv'
[INFO (VERI-1328)] /home/users/ngpark/ibex/rtl/ibex_compressed_decoder.sv(14): analyzing included file '/home/users/ngpark/ibex/vendor/lowrisc_ip/ip/prim/rtl/prim_assert.sv'
[INFO (VERI-1328)] /home/users/ngpark/ibex/vendor/lowrisc_ip/ip/prim/rtl/prim_assert.sv(110): analyzing included file '/home/users/ngpark/ibex/vendor/lowrisc_ip/ip/prim/rtl/prim_assert_standard_macros.svh'
[INFO (VERI-1328)] /home/users/ngpark/ibex/vendor/lowrisc_ip/ip/prim/rtl/prim_assert.sv(187): analyzing included file '/home/users/ngpark/ibex/vendor/lowrisc_ip/ip/prim/rtl/prim_assert_sec_cm.svh'
[INFO (VERI-1328)] /home/users/ngpark/ibex/vendor/lowrisc_ip/ip/prim/rtl/prim_assert.sv(188): analyzing included file '/home/users/ngpark/ibex/vendor/lowrisc_ip/ip/prim/rtl/prim_flop_macros.sv'
[-- (VERI-1482)] Analyzing Verilog file '/home/users/ngpark/ibex/rtl/ibex_controller.sv'
[INFO (VERI-1328)] /home/users/ngpark/ibex/rtl/ibex_controller.sv(10): analyzing included file '/home/users/ngpark/ibex/vendor/lowrisc_ip/ip/prim/rtl/prim_assert.sv'
[INFO (VERI-1328)] /home/users/ngpark/ibex/rtl/ibex_controller.sv(11): analyzing included file '/home/users/ngpark/ibex/vendor/lowrisc_ip/dv/sv/dv_utils/dv_fcov_macros.svh'
[-- (VERI-1482)] Analyzing Verilog file '/home/users/ngpark/ibex/rtl/ibex_counter.sv'
[-- (VERI-1482)] Analyzing Verilog file '/home/users/ngpark/ibex/rtl/ibex_cs_registers.sv'
[INFO (VERI-1328)] /home/users/ngpark/ibex/rtl/ibex_cs_registers.sv(10): analyzing included file '/home/users/ngpark/ibex/vendor/lowrisc_ip/ip/prim/rtl/prim_assert.sv'
[-- (VERI-1482)] Analyzing Verilog file '/home/users/ngpark/ibex/rtl/ibex_csr.sv'
[INFO (VERI-1328)] /home/users/ngpark/ibex/rtl/ibex_csr.sv(9): analyzing included file '/home/users/ngpark/ibex/vendor/lowrisc_ip/ip/prim/rtl/prim_assert.sv'
[-- (VERI-1482)] Analyzing Verilog file '/home/users/ngpark/ibex/rtl/ibex_decoder.sv'
[INFO (VERI-1328)] /home/users/ngpark/ibex/rtl/ibex_decoder.sv(14): analyzing included file '/home/users/ngpark/ibex/vendor/lowrisc_ip/ip/prim/rtl/prim_assert.sv'
[-- (VERI-1482)] Analyzing Verilog file '/home/users/ngpark/ibex/rtl/ibex_ex_block.sv'
[-- (VERI-1482)] Analyzing Verilog file '/home/users/ngpark/ibex/rtl/ibex_id_stage.sv'
[INFO (VERI-1328)] /home/users/ngpark/ibex/rtl/ibex_id_stage.sv(17): analyzing included file '/home/users/ngpark/ibex/vendor/lowrisc_ip/ip/prim/rtl/prim_assert.sv'
[INFO (VERI-1328)] /home/users/ngpark/ibex/rtl/ibex_id_stage.sv(18): analyzing included file '/home/users/ngpark/ibex/vendor/lowrisc_ip/dv/sv/dv_utils/dv_fcov_macros.svh'
[-- (VERI-1482)] Analyzing Verilog file '/home/users/ngpark/ibex/rtl/ibex_if_stage.sv'
[INFO (VERI-1328)] /home/users/ngpark/ibex/rtl/ibex_if_stage.sv(13): analyzing included file '/home/users/ngpark/ibex/vendor/lowrisc_ip/ip/prim/rtl/prim_assert.sv'
[INFO (VERI-1328)] /home/users/ngpark/ibex/rtl/ibex_if_stage.sv(14): analyzing included file '/home/users/ngpark/ibex/vendor/lowrisc_ip/dv/sv/dv_utils/dv_fcov_macros.svh'
[-- (VERI-1482)] Analyzing Verilog file '/home/users/ngpark/ibex/rtl/ibex_load_store_unit.sv'
[INFO (VERI-1328)] /home/users/ngpark/ibex/rtl/ibex_load_store_unit.sv(14): analyzing included file '/home/users/ngpark/ibex/vendor/lowrisc_ip/ip/prim/rtl/prim_assert.sv'
[INFO (VERI-1328)] /home/users/ngpark/ibex/rtl/ibex_load_store_unit.sv(15): analyzing included file '/home/users/ngpark/ibex/vendor/lowrisc_ip/dv/sv/dv_utils/dv_fcov_macros.svh'
[-- (VERI-1482)] Analyzing Verilog file '/home/users/ngpark/ibex/rtl/ibex_multdiv_fast.sv'
[INFO (VERI-1328)] /home/users/ngpark/ibex/rtl/ibex_multdiv_fast.sv(15): analyzing included file '/home/users/ngpark/ibex/vendor/lowrisc_ip/ip/prim/rtl/prim_assert.sv'
[-- (VERI-1482)] Analyzing Verilog file '/home/users/ngpark/ibex/rtl/ibex_multdiv_slow.sv'
[INFO (VERI-1328)] /home/users/ngpark/ibex/rtl/ibex_multdiv_slow.sv(12): analyzing included file '/home/users/ngpark/ibex/vendor/lowrisc_ip/ip/prim/rtl/prim_assert.sv'
[-- (VERI-1482)] Analyzing Verilog file './synthlc/i_DIV_out/xEnumCycleCnt/div_fsm_s3_top.sv'
[INFO (VERI-1328)] ./synthlc/i_DIV_out/xEnumCycleCnt/div_fsm_s3_top.sv(10): analyzing included file '/home/users/ngpark/ibex/vendor/lowrisc_ip/ip/prim/rtl/prim_assert.sv'
[WARN (VERI-1763)] ./synthlc/i_DIV_out/xEnumCycleCnt/div_fsm_s3_top.sv(584): SVA directive is not sensitive to any clock. The directive will be sampled on the posedge of the fastest clock.
[WARN (VERI-1763)] ./synthlc/i_DIV_out/xEnumCycleCnt/div_fsm_s3_top.sv(585): SVA directive is not sensitive to any clock. The directive will be sampled on the posedge of the fastest clock.
[WARN (VERI-1763)] ./synthlc/i_DIV_out/xEnumCycleCnt/div_fsm_s3_top.sv(586): SVA directive is not sensitive to any clock. The directive will be sampled on the posedge of the fastest clock.
[WARN (VERI-1763)] ./synthlc/i_DIV_out/xEnumCycleCnt/div_fsm_s3_top.sv(587): SVA directive is not sensitive to any clock. The directive will be sampled on the posedge of the fastest clock.
[-- (VERI-1482)] Analyzing Verilog file '/home/users/ngpark/ibex/rtl/ibex_prefetch_buffer.sv'
[-- (VERI-1482)] Analyzing Verilog file '/home/users/ngpark/ibex/rtl/ibex_fetch_fifo.sv'
[INFO (VERI-1328)] /home/users/ngpark/ibex/rtl/ibex_fetch_fifo.sv(13): analyzing included file '/home/users/ngpark/ibex/vendor/lowrisc_ip/ip/prim/rtl/prim_assert.sv'
[-- (VERI-1482)] Analyzing Verilog file '/home/users/ngpark/ibex/rtl/ibex_register_file_ff.sv'
[-- (VERI-1482)] Analyzing Verilog file '/home/users/ngpark/ibex/rtl/ibex_pmp.sv'
[INFO (VERI-1328)] /home/users/ngpark/ibex/rtl/ibex_pmp.sv(5): analyzing included file '/home/users/ngpark/ibex/vendor/lowrisc_ip/dv/sv/dv_utils/dv_fcov_macros.svh'
[-- (VERI-1482)] Analyzing Verilog file '/home/users/ngpark/ibex/rtl/ibex_wb_stage.sv'
[INFO (VERI-1328)] /home/users/ngpark/ibex/rtl/ibex_wb_stage.sv(14): analyzing included file '/home/users/ngpark/ibex/vendor/lowrisc_ip/ip/prim/rtl/prim_assert.sv'
[INFO (VERI-1328)] /home/users/ngpark/ibex/rtl/ibex_wb_stage.sv(15): analyzing included file '/home/users/ngpark/ibex/vendor/lowrisc_ip/dv/sv/dv_utils/dv_fcov_macros.svh'
[-- (VERI-1482)] Analyzing Verilog file '/home/users/ngpark/ibex/rtl/ibex_dummy_instr.sv'
[-- (VERI-1482)] Analyzing Verilog file '/home/users/ngpark/ibex/rtl/ibex_branch_predict.sv'
[INFO (VERI-1328)] /home/users/ngpark/ibex/rtl/ibex_branch_predict.sv(18): analyzing included file '/home/users/ngpark/ibex/vendor/lowrisc_ip/ip/prim/rtl/prim_assert.sv'
[-- (VERI-1482)] Analyzing Verilog file '/home/users/ngpark/ibex/rtl/ibex_core.sv'
[INFO (VERI-1328)] /home/users/ngpark/ibex/rtl/ibex_core.sv(10): analyzing included file '/home/users/ngpark/ibex/vendor/lowrisc_ip/ip/prim/rtl/prim_assert.sv'
[INFO (VERI-1328)] /home/users/ngpark/ibex/rtl/ibex_core.sv(11): analyzing included file '/home/users/ngpark/ibex/vendor/lowrisc_ip/dv/sv/dv_utils/dv_fcov_macros.svh'
[-- (VERI-1482)] Analyzing Verilog file '/home/users/ngpark/ibex/vendor/lowrisc_ip/ip/prim/rtl/prim_assert.sv'
% 
% if {$REACH == 1} {
    puts "test bboxing mfpt" 
    #elaborate -bbox_m  {miss_prediction_fix_table} -bbox_m {reorderbuf}
    #elaborate
    source reach_collect.tcl
}
% if {$FPV == 1} {
    puts "fpv" 
    # Elaborates
    #elaborate -bbox_m {wt_cache_subsystem} -bbox_m {ibex_if_stage}
    #puts "multiplier no-bbox"
    elaborate -top ibex_fv -bbox_m {ibex_if_stage} -bbox_m {prim_lfsr}
    #elaborate -bbox_m {ibex_if_stage}
    #stopat -env {issue_stage_i.i_scoreboard.mem_n[0].sbe.is_compressed}  
    #elaborate


    # Initialization
    # Clock specification
    clock clk_i
    # -both_edges: ridecore 
    reset !rst_ni
    set_proofgrid_per_engine_max_jobs 10
    set_proofgrid_max_jobs 30


    #SOURCE_TCL
    # assume -enable {.*ASSUME_W_R} -regexp
    # assume -disable {.*ASSUME_R_W} -regexp

    task -create mytask -copy_assumes   -regexp
    task -set mytask

    if { $CUSTOMTCL == 1 } {
        puts "=========CUSTOMTCL========="

        source ./synthlc/i_DIV_out/xEnumCycleCnt/out/div_fsm_s3.tcl
        
        puts "=========EXIT CUSTOMTCL========="
        exit
        
    } 
    
    puts "=============================================================="
    puts "CHECK ASSUMPTION...."
    puts "=============================================================="
    set CA 0
    set CA 1
    #
    set_prove_time_limit 15m
    #SETPROVETIME
    set_prove_per_property_time_limit 5m 

    set ls [get_property_list -task mytask -include {type {assert cover} }]
    if { [llength $ls] > 10 } { 
        set_prove_time_limit 25m 
        puts "PROVEN TIME 25min" }  

    if { $CA == 1 } { 
        #set_prove_time_limit 10m
        set CONFLICT [check_assumptions -task mytask -conflict]
        puts "=============================================================="
        puts "CHECK ASSUMPTION CONFLICT result? $CONFLICT"
        puts "=============================================================="
    }  else {
        puts "AUTOPROVE:" 
        #set_prove_time_limit 1h
        #set_prove_per_property_time_limit 1h
        puts "=================================================="
        puts " PROVE TIME LIMIT"
        puts [get_prove_time_limit]     
        #puts [get_prove_per_property_time_limit]
        puts "=================================================="
        set_engine_mode {K C Tri I N AD AM Hp B}

        prove -task mytask
        #prove -all
    }
    
    puts "END"
    report -task mytask -csv -results -file "./synthlc/i_DIV_out/xEnumCycleCnt/div_fsm_s3.csv" -force
    exit
}
fpv
INFO (ISW003): Top module name is "ibex_fv".
[INFO (HIER-8002)] ./synthlc/i_DIV_out/xEnumCycleCnt/div_fsm_s3_top.sv(589): Disabling old hierarchical reference handler
[INFO (VERI-1018)] /home/users/ngpark/ibex/rtl/ibex_register_file_ff.sv(13): compiling module 'ibex_register_file_ff:(DataWidth=32'b0100000,WordZeroVal=32'b0)'
[INFO (VERI-1018)] /home/users/ngpark/ibex/rtl/ibex_if_stage.sv(16): compiling module 'ibex_if_stage:(RV32ZC=RV32ZcaZcbZcmp,BusSizeECC=32'b0100000,TagSizeECC=32'b010110,LineSizeECC=32'b01000000,RndCnstLfsrSeed=32'b10101100010100110011101111110100,RndCnstLfsrPerm=160'b01111000110101111011001011101001000110011111111101000110110001001011101001010110000001010100101100000001001111101001000011100001111000101010001101101011101101,MemDataWidth=32'b0100000)'
[INFO (VERI-1018)] /home/users/ngpark/ibex/rtl/ibex_decoder.sv(16): compiling module 'ibex_decoder:(RV32E=1'b0,RV32M=RV32MFast,RV32B=RV32BNone,BranchTargetALU=1'b0)'
[WARN (VERI-1796)] /home/users/ngpark/ibex/rtl/ibex_decoder.sv(1211): system function call isunknown with non-constant argument is not supported for synthesis
[INFO (VERI-1018)] /home/users/ngpark/ibex/rtl/ibex_controller.sv(13): compiling module 'ibex_controller:(WritebackStage=1'b1)'
[INFO (VERI-1018)] /home/users/ngpark/ibex/rtl/ibex_id_stage.sv(20): compiling module 'ibex_id_stage:(RV32E=1'b0,RV32M=RV32MFast,RV32B=RV32BNone,BranchTargetALU=1'b0,WritebackStage=1'b1,BranchPredictor=1'b0)'
[WARN (VERI-1796)] /home/users/ngpark/ibex/rtl/ibex_id_stage.sv(1106): system function call isunknown with non-constant argument is not supported for synthesis
[WARN (VERI-1796)] /home/users/ngpark/ibex/rtl/ibex_id_stage.sv(1112): system function call isunknown with non-constant argument is not supported for synthesis
[WARN (VERI-1796)] /home/users/ngpark/ibex/rtl/ibex_id_stage.sv(1116): system function call isunknown with non-constant argument is not supported for synthesis
[WARN (VERI-1796)] /home/users/ngpark/ibex/rtl/ibex_id_stage.sv(1125): system function call isunknown with non-constant argument is not supported for synthesis
[WARN (VERI-1796)] /home/users/ngpark/ibex/rtl/ibex_id_stage.sv(1128): system function call isunknown with non-constant argument is not supported for synthesis
[WARN (VERI-1796)] /home/users/ngpark/ibex/rtl/ibex_id_stage.sv(1132): system function call isunknown with non-constant argument is not supported for synthesis
[WARN (VERI-1796)] /home/users/ngpark/ibex/rtl/ibex_id_stage.sv(1136): system function call isunknown with non-constant argument is not supported for synthesis
[INFO (VERI-1018)] /home/users/ngpark/ibex/rtl/ibex_alu.sv(9): compiling module 'ibex_alu:(RV32B=RV32BNone)'
[WARN (VERI-1209)] /home/users/ngpark/ibex/rtl/ibex_alu.sv(280): expression size 32 truncated to fit in target size 6
[INFO (VERI-1018)] /home/users/ngpark/ibex/rtl/ibex_multdiv_fast.sv(17): compiling module 'ibex_multdiv_fast:(RV32M=RV32MFast)'
[WARN (VERI-1796)] /home/users/ngpark/ibex/rtl/ibex_multdiv_fast.sv(117): system function call isunknown with non-constant argument is not supported for synthesis
[WARN (VERI-1796)] /home/users/ngpark/ibex/rtl/ibex_multdiv_fast.sv(118): system function call isunknown with non-constant argument is not supported for synthesis
[WARN (VERI-1796)] /home/users/ngpark/ibex/rtl/ibex_multdiv_fast.sv(119): system function call isunknown with non-constant argument is not supported for synthesis
[WARN (VERI-1796)] /home/users/ngpark/ibex/rtl/ibex_multdiv_fast.sv(378): system function call isunknown with non-constant argument is not supported for synthesis
[INFO (VERI-1018)] /home/users/ngpark/ibex/rtl/ibex_ex_block.sv(11): compiling module 'ibex_ex_block:(RV32M=RV32MFast,RV32B=RV32BNone,BranchTargetALU=1'b0)'
[INFO (VERI-1018)] /home/users/ngpark/ibex/rtl/ibex_load_store_unit.sv(17): compiling module 'ibex_load_store_unit:(MemDataWidth=32'b0100000)'
[WARN (VERI-1796)] /home/users/ngpark/ibex/rtl/ibex_load_store_unit.sv(610): system function call isunknown with non-constant argument is not supported for synthesis
[WARN (VERI-1796)] /home/users/ngpark/ibex/rtl/ibex_load_store_unit.sv(611): system function call isunknown with non-constant argument is not supported for synthesis
[WARN (VERI-1796)] /home/users/ngpark/ibex/rtl/ibex_load_store_unit.sv(612): system function call isunknown with non-constant argument is not supported for synthesis
[WARN (VERI-1796)] /home/users/ngpark/ibex/rtl/ibex_load_store_unit.sv(613): system function call isunknown with non-constant argument is not supported for synthesis
[WARN (VERI-1796)] /home/users/ngpark/ibex/rtl/ibex_load_store_unit.sv(619): system function call isunknown with non-constant argument is not supported for synthesis
[INFO (VERI-1018)] /home/users/ngpark/ibex/rtl/ibex_wb_stage.sv(17): compiling module 'ibex_wb_stage:(WritebackStage=1'b1)'
[INFO (VERI-1018)] /home/users/ngpark/ibex/rtl/ibex_csr.sv(11): compiling module 'ibex_csr:(Width=32'b0110,ResetValue=6'b010000)'
[WARN (VERI-1796)] /home/users/ngpark/ibex/rtl/ibex_csr.sv(55): system function call isunknown with non-constant argument is not supported for synthesis
[INFO (VERI-1018)] /home/users/ngpark/ibex/rtl/ibex_csr.sv(11): compiling module 'ibex_csr:(ResetValue=32'b0)'
[INFO (VERI-1018)] /home/users/ngpark/ibex/rtl/ibex_csr.sv(11): compiling module 'ibex_csr:(Width=32'b010010,ResetValue=18'b0)'
[INFO (VERI-1018)] /home/users/ngpark/ibex/rtl/ibex_csr.sv(11): compiling module 'ibex_csr:(Width=32'b0111,ResetValue=7'b0)'
[INFO (VERI-1018)] /home/users/ngpark/ibex/rtl/ibex_csr.sv(11): compiling module 'ibex_csr:(ResetValue=32'b01)'
[INFO (VERI-1018)] /home/users/ngpark/ibex/rtl/ibex_csr.sv(11): compiling module 'ibex_csr:(Width=32'b0100000,ResetValue=32'b01000000000000000000000000000011)'
[INFO (VERI-1018)] /home/users/ngpark/ibex/rtl/ibex_csr.sv(11): compiling module 'ibex_csr:(Width=32'b011,ResetValue=3'b100)'
[INFO (VERI-1018)] /home/users/ngpark/ibex/rtl/ibex_counter.sv(5): compiling module 'ibex_counter:(CounterWidth=64)'
[INFO (VERI-1018)] /home/users/ngpark/ibex/rtl/ibex_counter.sv(5): compiling module 'ibex_counter:(CounterWidth=64,ProvideValUpd=1'b1)'
[INFO (VERI-1018)] /home/users/ngpark/ibex/rtl/ibex_csr.sv(11): compiling module 'ibex_csr:(Width=32'b01000,ResetValue=8'b0)'
[INFO (VERI-1018)] /home/users/ngpark/ibex/rtl/ibex_cs_registers.sv(12): compiling module 'ibex_cs_registers:(DbgTriggerEn=1'b0,DbgHwBreakNum=32'b01,MHPMCounterNum=32'b0,MHPMCounterWidth=32'b0101000,PMPEnable=1'b0,PMPGranularity=32'b0,PMPNumRegions=32'b0100,PMPRstCfg='{'{1'b0,PMP_MODE_OFF,1'b0,1'b0,1'b0},'{1'b0,PMP_MODE_OFF,1'b0,1'b0,1'b0},'{1'b0,PMP_MODE_OFF,1'b0,1'b0,1'b0},'{1'b0,PMP_MODE_OFF,1'b0,1'b0,1'b0},'{1'b0,PMP_MODE_OFF,1'b0,1'b0,1'b0},'{1'b0,PMP_MODE_OFF,1'b0,1'b0,1'b0},'{1'b0,PMP_MODE_OFF,1'b0,1'b0,1'b0},'{1'b0,PMP_MODE_OFF,1'b0,1'b0,1'b0},'{1'b0,PMP_MODE_OFF,1'b0,1'b0,1'b0},'{1'b0,PMP_MODE_OFF,1'b0,1'b0,1'b0},'{1'b0,PMP_MODE_OFF,1'b0,1'b0,1'b0},'{1'b0,PMP_MODE_OFF,1'b0,1'b0,1'b0},'{1'b0,PMP_MODE_OFF,1'b0,1'b0,1'b0},'{1'b0,PMP_MODE_OFF,1'b0,1'b0,1'b0},'{1'b0,PMP_MODE_OFF,1'b0,1'b0,1'b0},'{1'b0,PMP_MODE_OFF,1'b0,1'b0,1'b0}},PMPRstAddr='{34'b0,34'b0,34'b0,34'b0,34'b0,34'b0,34'b0,34'b0,34'b0,34'b0,34'b0,34'b0,34'b0,34'b0,34'b0,34'b0},PMPRstMsecCfg='{1'b0,1'b0,1'b0},RV32E=1'b0,RV32M=RV32MFast,RV32B=RV32BNone)'
[INFO (VERI-1018)] /home/users/ngpark/ibex/rtl/ibex_core.sv(16): compiling module 'ibex_core:(RV32M=RV32MFast,RV32B=RV32BNone)'
[WARN (VERI-1060)] /home/users/ngpark/ibex/rtl/ibex_core.sv(531): 'initial' construct is ignored
[WARN (VERI-1060)] /home/users/ngpark/ibex/rtl/ibex_core.sv(532): 'initial' construct is ignored
[WARN (VERI-1060)] /home/users/ngpark/ibex/rtl/ibex_core.sv(1945): 'initial' construct is ignored
[WARN (VERI-1796)] /home/users/ngpark/ibex/rtl/ibex_core.sv(1172): system function call isunknown with non-constant argument is not supported for synthesis
[INFO (VERI-1018)] ./synthlc/i_DIV_out/xEnumCycleCnt/div_fsm_s3_top.sv(12): compiling module 'ibex_fv'
[WARN (VERI-1060)] ./synthlc/i_DIV_out/xEnumCycleCnt/div_fsm_s3_top.sv(378): 'initial' construct is ignored
[WARN (VDB-1002)] ./synthlc/i_DIV_out/xEnumCycleCnt/div_fsm_s3_top.sv(81): net 'data_rdata_i[31]' does not have a driver
[WARN (VDB-1002)] ./synthlc/i_DIV_out/xEnumCycleCnt/div_fsm_s3_top.sv(331): net 'pc0[31]' does not have a driver
[WARN (VDB-1002)] ./synthlc/i_DIV_out/xEnumCycleCnt/div_fsm_s3_top.sv(335): net 'i0[31]' does not have a driver
WARNING (WNL008): Module "ibex_if_stage" is blackboxed due to analyze/elaborate bbox_m or compilation configuration. All instances will be blackboxed.
INFO (INL208): Elaboration synthesis summary:
  Number of synthesized netlists          24 (1 packages)
  Single run mode                         On
  Pipeline                                On (22 pipelined netlists)
  Late hierarchical reference connection  On
  Number of analyzed Verilog modules      24 (16 synthesized)
  Number of analyzed VHDL entities        0 (0 synthesized)
WARNING (VDB-1002): /home/users/ngpark/ibex/rtl/ibex_if_stage.sv(87): net 'pc_id_o' does not have a driver
WARNING (WNL018): /home/users/ngpark/ibex/rtl/ibex_multdiv_fast.sv(278): multiplication operator mult_17s_17s (size 34) automatically black boxed.
    Use the "elaborate -bbox_mul" command to prevent automatic black-boxing.
INFO (INL003): Clearing all state information (assumes, stopats, and so forth).
INFO (IPM031): Clearing proof results of all properties.
INFO (IRS006): Current reset condition is "rst_ni".
WARNING (WPM025): Property "ibex_fv.EVENTUAL_ISSUE:precondition1", a related cover of "ibex_fv.EVENTUAL_ISSUE", was not copied to the new task.
WARNING (WPM025): Property "ibex_fv.ISSUE_ONCE:precondition1", a related cover of "ibex_fv.ISSUE_ONCE", was not copied to the new task.
WARNING (WPM025): Property "ibex_fv.pc0_i0_assoc:precondition1", a related cover of "ibex_fv.pc0_i0_assoc", was not copied to the new task.
=========CUSTOMTCL=========
cover -name CS_div_fsm_s3_1 {@(posedge clk_i) !div_fsm_s3 ##1 div_fsm_s3 [*1] ##1 !div_fsm_s3 }
Ncustom1: Custom engine code is hT3Ng7hPPfiYQOTDZ3qhYOwGAM51eA+J/FjkM5shLioAsqhgLR4Ft+O1BuKG6ilQ83B9tLXSl+CwjiTMAQA
Bcustom2: Custom engine code is hT3Nm7hPr1Vp3Di1Ra2USNIGL4JypRnLKLAdF6JAyuavO2JfGCiY9OZJhcAcOUnLx5xwNdhILGrAWX9s+z2WDkKwNR7tAfClBEjRFVQeq6DU54boFgEA
AMcustom3: Custom engine code is hT3Ng7hP/feYQOTDZ3qhYOwGAM51eA+J/FjkM5shLioAsqhgLR4Ft+O1BuKG6ilQ83B9tLXSmmqwm7g9AQA
Mpcustom4: Custom engine code is hT3NZbhP9fmY2AbBQnsjfOxn6c+6e6yL+/e8fZFmaQrnlgEA
INFO (IPF036): Starting proof on task: "mytask", 1 properties to prove with 0 already proven/unreachable
INFO (IRS029): Starting reset analysis: phase 1 of 4.
INFO (IRS030): Running reset analysis: phase 2 of 4.
INFO (IRS031): Running reset analysis: phase 3 of 4.
INFO (IRS020): Starting the reset analysis simulation with a limit of 100 iterations (phase 4 of 4).
INFO (IRS024): Reset iterations 0 to 4 analyzed.
INFO (IRS018): Reset analysis simulation executed for 3 iterations. Assigned values for 1832 of 1906 design flops, 0 of 0 design latches, 157 of 222 internal elements.
INFO (IRS039): Reset analysis complete.
INFO (IPF031): Settings used for proof thread 0:
    orchestration                 = on (auto)
    time_limit                    = 600s
    per_property_time_limit       = 1s * 10 ^ scan
    engine_mode                   = auto
    proofgrid_per_engine_max_jobs = 1
    max engine jobs               = auto
    proofgrid_mode                = local
    proofgrid_restarts            = 10
AMcustom5: Custom engine code is hT3N1rhP11/52HrFRS21ROp2LOjVTgPvT8L8BGXHgLhaIuqtT4nARFjUqrBL+7pLmaTOzBepZW/Jm8SSrHDybSQtoNiO3y43wk+dEoWlsZizu97Fih6O6lPVG/LpWP5SsUPwlGagLNa1FKEFvwVXyX7//8prySbvSxIHXr5er+z4RAEA
Ncustom6: Custom engine code is hT3OXrhPByJp3TrFSTLhUmMH4KVtJgmTCnNDF46yMXOKY48m4LS5nE7yBzFjA7kDuwO/GhGUpEPiky3p3wmPn3dJZHxFMsafSoObRzSC+tn7sEY0WbTdZ/FV4hL3MYH/b1CIUvXSWR4wqEoVLsmMOD4xIPT4lI1LO6ZCO7PnnWQuLwetnvKlrXx6wCW/A+x+enqslg1YPobi4wEF/EvbzOvcTYdJvl2s4H2yZg2b2ofAVN5WvhWk1HoBAA
0: Using multistage preprocessing
ADcustom7: Custom engine code is hT3Nv7hPv1752HrFRa2kROx2f/ECJeZB2AZsLdlO8VwmIuqtT4nIDFXclhg+O+o+DMmQCekbheGk0kK28laA9gaOFDXsQp29J3X615HY1IPHJWd6FUFvCHjO+p1k652b5JJvZlShNpGlGSXAiQe/mEAj6tEBAA
0: Starting reduce
Tricustom8: Custom engine code is hT3Nu7hPt1752DvFRa0kNDiyIV97VyejwM9C/jCLJjdPvusZONHY42VYUy0Q1ZotnhcVtNc56tJ5wbxv6V2+XpdsaSlHck5vfnbYjdwj1OECy9U+7oSQ0SZE3g5ayD+Phuh4odCJTjeKa2k4elM9ldQfkAEA
Gcustom9: Custom engine code is hT3NibhPDfeYQADBZnYcglOvK9Pfd7EOeniIqP8jNsyIqInncipMGcUXqAadachREE9F2PwhBUZUNw5kHnd4JdXkamORRgEA
C2custom10: Custom engine code is hT3NirhPjfWYQADBZnYcglOvK9Pfd7EOeniIqP8jNsyIqInncgkrYMMXCYbdK0dUjZIF9d4cJ0rHoBDjwVLBKuG86XYVV00BAA
AGcustom11: Custom engine code is hT3NirhP/fmYQADBZnYcglOvK9Pfd7EOeniIqP8jNsyIqInnckcwYMMXCYbdK0dUjZIF9d4cJ0rHoBDjwVLBKuHEZnZByh0BAA
Bcustom12: Custom engine code is hT3NjrhPDfiYQADBZnYcglOvK9PfWxFtenjIyBqfrgr7if/jL/yPOuK1BAflEcW0DxNH2eDIoezN2gxlQFg81RZtiWXh7aiTAidvAQA
Ncustom13: Custom engine code is hT3NR7hPByFp3TrFSTLhUmMH4KWtJglTyV/c51BHEeZWamnJv767nE6PCak26bd3gf3XGN3rIRheufhDieCJQVISo+gNYUKhiUedBKGtsP/a18svAnlMJZudHxDFwK5ufsyoxsIyiAeSY2oi3tEuoDHr5gw42DFKAG3PqO3CEsl8Azzdt3pl5nGA1Ifv2H02eYsFzWb/nfp8PMb3F0krE/EgBcm8TD9Div8BAA
Tricustom14: Custom engine code is hT3Nu7hP3fiYQADBZnYcglNHp9bfd7EOeniIqP/ji8sGLQu8yhsFO+wxJ+O+R0bU8g/IewXFomyos+viQnWc2xYNYmMqpo3i40O7DaZR7qfp4YqNx26KRvQ/qx0BAA
0: Finished reduce in 0.042s
0.0.PRE: Performing Proof Simplification...
0.0.N: clocks: 1, declared: 1, looping: 0, posedge: 1, negedge: 0, noedge: 0, bothedge: 0
0.0.N: Proof Simplification Iteration 1	[0.00 s]
0.0.N: Proof Simplification Iteration 2	[0.04 s]
0.0.N: Proof Simplification Iteration 3	[0.06 s]
0.0.N: Proof Simplification Iteration 4	[0.07 s]
0.0.N: Proof Simplification Iteration 5	[0.09 s]
0.0.N: Proof Simplification Iteration 6	[0.11 s]
0.0.N: Proof Simplification Iteration 7	[0.13 s]
0.0.N: Proof Simplification Iteration 8	[0.14 s]
0.0.N: Proof Simplification Iteration 9	[0.16 s]
0.0.N: Proof Simplification Iteration 10	[0.18 s]
0.0.PRE: Proof Simplification completed in 0.23 s
0: About to start ProofGrid in its own thread with a limit of 10000 pending notifications and a limit of 10 traces.
0: =============================== ProofGrid start ===============================
0: ProofGrid usable level: 1
0: Initial ProofGrid level: 1
0: ProofGrid is starting event handling
0.0.Hp: caddy15.stanford.edu: "Rocky Linux 8.10 (Green Obsidian)" is an unsupported operating system.
0.0.N: caddy15.stanford.edu: "Rocky Linux 8.10 (Green Obsidian)" is an unsupported operating system.
0.0.Ht: caddy15.stanford.edu: "Rocky Linux 8.10 (Green Obsidian)" is an unsupported operating system.
0.0.Mpcustom4: caddy15.stanford.edu: "Rocky Linux 8.10 (Green Obsidian)" is an unsupported operating system.
0.0.N: Proofgrid shell started at 3426684@caddy15.stanford.edu(local) jg_3426522_caddy15.stanford.edu_1
0.0.Hp: Proofgrid shell started at 3426685@caddy15.stanford.edu(local) jg_3426522_caddy15.stanford.edu_1
0.0.Ht: Proofgrid shell started at 3426761@caddy15.stanford.edu(local) jg_3426522_caddy15.stanford.edu_1
0.0.Hp: clocks: 1, declared: 1, looping: 0, posedge: 1, negedge: 0, noedge: 0, bothedge: 0
0.0.Oh: caddy15.stanford.edu: "Rocky Linux 8.10 (Green Obsidian)" is an unsupported operating system.
0.0.N: clocks: 1, declared: 1, looping: 0, posedge: 1, negedge: 0, noedge: 0, bothedge: 0
0.0.N: Last scan. Per property time limit: 0s
0.0.N: Starting proof for property "CS_div_fsm_s3_1"	[0.00 s].
0.0.N: Trace Attempt  1	[0.01 s]
0.0.Ht: clocks: 1, declared: 1, looping: 0, posedge: 1, negedge: 0, noedge: 0, bothedge: 0
0.0.Mpcustom4: Proofgrid shell started at 3426812@caddy15.stanford.edu(local) jg_3426522_caddy15.stanford.edu_1
0.0.N: Trace Attempt  2	[0.01 s]
0.0.N: Trace Attempt  3	[0.01 s]
0.0.Mpcustom4: clocks: 1, declared: 1, looping: 0, posedge: 1, negedge: 0, noedge: 0, bothedge: 0
0.0.B: caddy15.stanford.edu: "Rocky Linux 8.10 (Green Obsidian)" is an unsupported operating system.
0.0.Ht: Trace Attempt  1	[0.05 s]
0.0.Ht: Trace Attempt  2	[0.05 s]
0.0.Ht: Trace Attempt  3	[0.05 s]
0.0.AM: caddy15.stanford.edu: "Rocky Linux 8.10 (Green Obsidian)" is an unsupported operating system.
0.0.N: Trace Attempt  3	[0.04 s]
0.0.Ht: Trace Attempt  4	[0.06 s]
0.0.Oh: Proofgrid shell started at 3426858@caddy15.stanford.edu(local) jg_3426522_caddy15.stanford.edu_1
0.0.Ht: Trace Attempt  5	[0.07 s]
0.0.Mpcustom4: Trace Attempt  1	[0.04 s]
0.0.N: Trace Attempt  4	[0.06 s]
0.0.Oh: clocks: 1, declared: 1, looping: 0, posedge: 1, negedge: 0, noedge: 0, bothedge: 0
0.0.N: Trace Attempt  5	[0.07 s]
0.0.Mpcustom4: Trace Attempt  2	[0.07 s]
0.0.B: Proofgrid shell started at 3426878@caddy15.stanford.edu(local) jg_3426522_caddy15.stanford.edu_1
0.0.AM: Proofgrid shell started at 3426892@caddy15.stanford.edu(local) jg_3426522_caddy15.stanford.edu_1
0.0.B: clocks: 1, declared: 1, looping: 0, posedge: 1, negedge: 0, noedge: 0, bothedge: 0
0.0.B: Last scan. Per property time limit: 0s
0.0.B: Starting proof for property "CS_div_fsm_s3_1"	[0.00 s].
0.0.AM: clocks: 1, declared: 1, looping: 0, posedge: 1, negedge: 0, noedge: 0, bothedge: 0
0.0.B: Trace Attempt  1	[0.01 s]
0.0.AM: Last scan. Per property time limit: 0s
0.0.AM: Starting proof for property "CS_div_fsm_s3_1"	[0.00 s].
0.0.B: Trace Attempt  2	[0.02 s]
0.0.AM: Trace Attempt  1	[0.00 s]
0.0.AM: Trace Attempt  2	[0.01 s]
0.0.B: Trace Attempt  3	[0.03 s]
0.0.B: Trace Attempt  4	[0.04 s]
0.0.Oh: bwd trail(1): 1 0.109467s
0.0.AM: Trace Attempt  3	[0.03 s]
0.0.Oh: All properties either determined or skipped. [0.13 s]
0.0.Oh: Exited with Success (@ 0.23 s)
0.0.AM: Trace Attempt  4	[0.06 s]
0.0.B: Trace Attempt  5	[0.07 s]
0.0.AM: Trace Attempt  5	[0.08 s]
0.0.Mpcustom4: Trace Attempt  3	[0.63 s]
0.0.Mpcustom4: Trace Attempt  3	[0.67 s]
0.0.Mpcustom4: Trace Attempt  4	[0.69 s]
0.0.Mpcustom4: Trace Attempt  4	[0.77 s]
0.0.Mpcustom4: Trace Attempt  5	[0.79 s]
0.0.AM: Trace Attempt  1	[0.86 s]
0.0.AM: Trace Attempt  2	[0.89 s]
0.0.AM: Trace Attempt  3	[0.89 s]
0.0.AM: Trace Attempt  5	[0.91 s]
0.0.N: Trace Attempt  1	[2.20 s]
0.0.N: Trace Attempt  2	[2.23 s]
0.0.N: Trace Attempt  3	[2.24 s]
0.0.N: Trace Attempt  5	[2.25 s]
0.0.B: Trace Attempt 35	[4.34 s]
0.0.Mpcustom4: Trace Attempt 17	[4.93 s]
0.0.AM: Trace Attempt 26	[8.13 s]
0.0.B: Trace Attempt 39	[8.34 s]
0.0.Mpcustom4: Trace Attempt 24	[10.37 s]
0.0.Mpcustom4: Trace Attempt 30	[14.88 s]
0.0.N: Requesting engine job to stop
0.0.B: Requesting engine job to stop
0.0.AM: Requesting engine job to stop
0.0.Hp: Requesting engine job to terminate
0.0.Ht: Requesting engine job to terminate
0.0.Mpcustom4: Requesting engine job to terminate
INFO (IPF144): 0: Initiating shutdown of proof [15.47 s]
0.0.B: Trace Attempt 40	[11.26 s]
0.0.B: A trace with 40 cycles was found. [15.28 s]
INFO (IPF047): 0.0.B: The cover property "CS_div_fsm_s3_1" was covered in 40 cycles in 15.36 s.
0.0.B: Stopped processing property "CS_div_fsm_s3_1"	[15.36 s].
0.0.B: All properties determined. [15.30 s]
0.0.Hp: Interrupted (multi)
0.0.Hp: All properties determined. [15.48 s]
0.0.B: Exited with Success (@ 15.52 s)
0: ProofGrid usable level: 0
0.0.N: Trace Attempt 38	[6.14 s]
0.0.N: Stopped processing property "CS_div_fsm_s3_1"	[15.51 s].
0.0.N: All properties determined. [15.50 s]
0.0.Ht: Interrupted (multi)
0.0.Ht: Trace Attempt 32	[2.83 s]
0.0.Ht: All properties determined. [15.55 s]
0.0.N: Exited with Success (@ 15.57 s)
0.0.Hp: Exited with Success (@ 15.60 s)
0.0.Mpcustom4: All properties determined. [15.62 s]
0.0.Ht: Exited with Success (@ 15.68 s)
0.0.Mpcustom4: Exited with Success (@ 15.69 s)
0.0.AM: Trace Attempt 40	[10.10 s]
0.0.AM: Stopped processing property "CS_div_fsm_s3_1"	[15.80 s].
0.0.AM: All properties determined. [15.81 s]
0.0.AM: Exited with Success (@ 16.01 s)
0: --------------------------------------------------------------
ProofGrid Summary (utilization 99.19 %)
--------------------------------------------------------------
     engines started                               :     7
     engine jobs started                           :     7

    Average time in state (seconds)
    ------------------------------------------------------
    Engine  Pending     Running        Dead    Utilization
    ------------------------------------------------------
      N        0.12       15.47        0.00       99.20 %
     Hp        0.09       15.47        0.00       99.44 %
     Ht        0.07       15.45        0.00       99.58 %
    Mpcustom4        0.08       15.43        0.00       99.50 %
     Oh        0.09        0.14        0.00       58.88 %
      B        0.15       15.31        0.00       99.05 %
     AM        0.16       15.30        0.00       98.99 %
    all        0.11       13.22        0.00       99.19 %

    Total time in state (seconds)
    -----------------------------------------
            Pending     Running        Dead  
    -----------------------------------------
               0.75       92.56        0.00

    Data read    : 115.86 kiB
    Data written : 11.65 kiB

0: All pending notifications were processed.
INFO (IPF059): 0: Completed proof on task: "mytask"
cover -name CS_div_fsm_s3_2 {@(posedge clk_i) !div_fsm_s3 ##1 div_fsm_s3 [*2] ##1 !div_fsm_s3 }
INFO (IPF036): Starting proof on task: "mytask", 1 properties to prove with 0 already proven/unreachable
INFO (IPF031): Settings used for proof thread 1:
    orchestration                 = on (auto)
    time_limit                    = 600s
    per_property_time_limit       = 1s * 10 ^ scan
    engine_mode                   = auto
    proofgrid_per_engine_max_jobs = 1
    max engine jobs               = auto
    proofgrid_mode                = local
    proofgrid_restarts            = 10
1: Using multistage preprocessing
1: Starting reduce
1: Finished reduce in 0.04s
1.0.PRE: Performing Proof Simplification...
1.0.N: clocks: 1, declared: 1, looping: 0, posedge: 1, negedge: 0, noedge: 0, bothedge: 0
1.0.N: Proof Simplification Iteration 1	[0.00 s]
1.0.N: Proof Simplification Iteration 2	[0.04 s]
1.0.N: Proof Simplification Iteration 3	[0.06 s]
1.0.N: Proof Simplification Iteration 4	[0.07 s]
1.0.N: Proof Simplification Iteration 5	[0.09 s]
1.0.N: Proof Simplification Iteration 6	[0.11 s]
1.0.N: Proof Simplification Iteration 7	[0.13 s]
1.0.N: Proof Simplification Iteration 8	[0.15 s]
1.0.N: Proof Simplification Iteration 9	[0.17 s]
1.0.N: Proof Simplification Iteration 10	[0.18 s]
1.0.PRE: Proof Simplification completed in 0.23 s
1: About to start ProofGrid in its own thread with a limit of 10000 pending notifications and a limit of 10 traces.
1: =============================== ProofGrid start ===============================
1: ProofGrid usable level: 1
1: Initial ProofGrid level: 1
1: ProofGrid is starting event handling
1.0.Hp: caddy15.stanford.edu: "Rocky Linux 8.10 (Green Obsidian)" is an unsupported operating system.
1.0.N: caddy15.stanford.edu: "Rocky Linux 8.10 (Green Obsidian)" is an unsupported operating system.
1.0.Ht: caddy15.stanford.edu: "Rocky Linux 8.10 (Green Obsidian)" is an unsupported operating system.
1.0.Mpcustom4: caddy15.stanford.edu: "Rocky Linux 8.10 (Green Obsidian)" is an unsupported operating system.
1.0.N: Proofgrid shell started at 3428249@caddy15.stanford.edu(local) jg_3426522_caddy15.stanford.edu_2
1.0.Hp: Proofgrid shell started at 3428250@caddy15.stanford.edu(local) jg_3426522_caddy15.stanford.edu_2
1.0.N: clocks: 1, declared: 1, looping: 0, posedge: 1, negedge: 0, noedge: 0, bothedge: 0
1.0.Hp: clocks: 1, declared: 1, looping: 0, posedge: 1, negedge: 0, noedge: 0, bothedge: 0
1.0.Ht: Proofgrid shell started at 3428272@caddy15.stanford.edu(local) jg_3426522_caddy15.stanford.edu_2
1.0.N: Last scan. Per property time limit: 0s
1.0.N: Starting proof for property "CS_div_fsm_s3_2"	[0.00 s].
1.0.N: Trace Attempt  1	[0.01 s]
1.0.N: Trace Attempt  2	[0.01 s]
1.0.N: Trace Attempt  3	[0.01 s]
1.0.Ht: clocks: 1, declared: 1, looping: 0, posedge: 1, negedge: 0, noedge: 0, bothedge: 0
1.0.B: caddy15.stanford.edu: "Rocky Linux 8.10 (Green Obsidian)" is an unsupported operating system.
1.0.Ht: Trace Attempt  1	[0.04 s]
1.0.Ht: Trace Attempt  2	[0.04 s]
1.0.N: Trace Attempt  3	[0.04 s]
1.0.Ht: Trace Attempt  3	[0.04 s]
1.0.Ht: Trace Attempt  4	[0.05 s]
1.0.Ht: Trace Attempt  5	[0.06 s]
1.0.N: Trace Attempt  4	[0.06 s]
1.0.N: Trace Attempt  5	[0.06 s]
1.0.Mpcustom4: Proofgrid shell started at 3428291@caddy15.stanford.edu(local) jg_3426522_caddy15.stanford.edu_2
1.0.Oh: caddy15.stanford.edu: "Rocky Linux 8.10 (Green Obsidian)" is an unsupported operating system.
1.0.Mpcustom4: clocks: 1, declared: 1, looping: 0, posedge: 1, negedge: 0, noedge: 0, bothedge: 0
1.0.N: Trace Attempt  5	[0.12 s]
1.0.B: Proofgrid shell started at 3428307@caddy15.stanford.edu(local) jg_3426522_caddy15.stanford.edu_2
1.0.B: clocks: 1, declared: 1, looping: 0, posedge: 1, negedge: 0, noedge: 0, bothedge: 0
1.0.Mpcustom4: Trace Attempt  1	[0.05 s]
1.0.B: Last scan. Per property time limit: 0s
1.0.B: Starting proof for property "CS_div_fsm_s3_2"	[0.00 s].
1.0.B: Trace Attempt  1	[0.01 s]
1.0.B: Trace Attempt  2	[0.02 s]
1.0.B: Trace Attempt  3	[0.03 s]
1.0.B: Trace Attempt  4	[0.04 s]
1.0.AM: caddy15.stanford.edu: "Rocky Linux 8.10 (Green Obsidian)" is an unsupported operating system.
1.0.Mpcustom4: Trace Attempt  2	[0.12 s]
1.0.B: Trace Attempt  5	[0.08 s]
1.0.Oh: Proofgrid shell started at 3428306@caddy15.stanford.edu(local) jg_3426522_caddy15.stanford.edu_2
1.0.Oh: clocks: 1, declared: 1, looping: 0, posedge: 1, negedge: 0, noedge: 0, bothedge: 0
1.0.AM: Proofgrid shell started at 3428308@caddy15.stanford.edu(local) jg_3426522_caddy15.stanford.edu_2
1.0.AM: clocks: 1, declared: 1, looping: 0, posedge: 1, negedge: 0, noedge: 0, bothedge: 0
1.0.AM: Last scan. Per property time limit: 0s
1.0.AM: Starting proof for property "CS_div_fsm_s3_2"	[0.00 s].
1.0.AM: Trace Attempt  1	[0.00 s]
1.0.AM: Trace Attempt  2	[0.01 s]
1.0.AM: Trace Attempt  3	[0.04 s]
1.0.AM: Trace Attempt  4	[0.09 s]
1.0.Oh: bwd trail(1): 1 0.115003s
1.0.Oh: All properties either determined or skipped. [0.24 s]
1.0.Oh: Exited with Success (@ 0.65 s)
1.0.Oh: Completed, Restart ignored.
1.0.AM: Trace Attempt  5	[0.12 s]
1.0.Mpcustom4: Trace Attempt  3	[0.94 s]
1.0.Mpcustom4: Trace Attempt  3	[0.99 s]
1.0.Mpcustom4: Trace Attempt  4	[1.01 s]
1.0.Mpcustom4: Trace Attempt  4	[1.08 s]
1.0.Mpcustom4: Trace Attempt  5	[1.10 s]
1.0.AM: Trace Attempt  1	[1.28 s]
1.0.AM: Trace Attempt  2	[1.31 s]
1.0.AM: Trace Attempt  3	[1.32 s]
1.0.AM: Trace Attempt  5	[1.33 s]
1.0.N: Trace Attempt  1	[2.28 s]
1.0.N: Trace Attempt  2	[2.32 s]
1.0.N: Trace Attempt  3	[2.33 s]
1.0.N: Trace Attempt  5	[2.34 s]
1.0.B: Trace Attempt 31	[4.50 s]
1.0.Ht: Trace Attempt 28	[5.72 s]
1.0.Mpcustom4: Trace Attempt 14	[6.76 s]
1.0.AM: Trace Attempt 24	[8.18 s]
1.0.B: Trace Attempt 35	[8.63 s]
1.0.AM: Trace Attempt  1	[10.58 s]
1.0.AM: Trace Attempt  2	[10.61 s]
1.0.AM: Trace Attempt  3	[10.61 s]
1.0.AM: Trace Attempt  5	[10.62 s]
1.0.Mpcustom4: Trace Attempt 20	[11.05 s]
1.0.B: Trace Attempt 39	[17.19 s]
1.0.Mpcustom4: Trace Attempt 29	[17.25 s]
1.0.Ht: Trace Attempt 33	[18.86 s]
1.0.N: Trace Attempt 22	[18.90 s]
1.0.N: Trace Attempt  1	[20.93 s]
1.0.N: Trace Attempt  2	[20.96 s]
1.0.N: Trace Attempt  3	[20.97 s]
1.0.N: Trace Attempt  5	[20.98 s]
1.0.AM: Trace Attempt 28	[20.62 s]
1.0.Mpcustom4: Trace Attempt 30	[21.45 s]
1.0.Ht: Trace Attempt 40	[24.59 s]
1.0.N: Requesting engine job to stop
1.0.B: Requesting engine job to stop
1.0.AM: Requesting engine job to stop
1.0.Hp: Requesting engine job to terminate
1.0.Ht: Requesting engine job to terminate
1.0.Mpcustom4: Requesting engine job to terminate
INFO (IPF144): 1: Initiating shutdown of proof [25.37 s]
1.0.B: Trace Attempt 40	[20.31 s]
1.0.B: A trace with 40 cycles was found. [25.18 s]
INFO (IPF047): 1.0.B: The cover property "CS_div_fsm_s3_2" was covered in 40 cycles in 25.20 s.
1: ProofGrid usable level: 0
1.0.B: Stopped processing property "CS_div_fsm_s3_2"	[25.21 s].
1.0.B: All properties determined. [25.20 s]
1.0.Ht: Interrupted (multi)
1.0.Ht: All properties determined. [25.35 s]
1.0.N: Trace Attempt 38	[24.65 s]
1.0.N: Stopped processing property "CS_div_fsm_s3_2"	[25.38 s].
1.0.B: Exited with Success (@ 25.42 s)
1.0.N: All properties determined. [25.39 s]
1.0.N: Exited with Success (@ 25.57 s)
1.0.Mpcustom4: Trace Attempt 33	[24.45 s]
1.0.Mpcustom4: All properties determined. [25.45 s]
1.0.Ht: Exited with Success (@ 25.65 s)
1.0.Mpcustom4: Exited with Success (@ 25.65 s)
1.0.AM: Trace Attempt 40	[21.46 s]
1.0.AM: Stopped processing property "CS_div_fsm_s3_2"	[25.21 s].
1.0.AM: All properties determined. [25.21 s]
1.0.AM: Exited with Success (@ 26.25 s)
1.0.Hp: Interrupted (multi)
1.0.Hp: All properties determined. [27.09 s]
1.0.Hp: Exited with Success (@ 27.33 s)
1: --------------------------------------------------------------
ProofGrid Summary (utilization 99.06 %)
--------------------------------------------------------------
     engines started                               :     7
     engine jobs started                           :     7

    Average time in state (seconds)
    ------------------------------------------------------
    Engine  Pending     Running        Dead    Utilization
    ------------------------------------------------------
      N        0.10       25.35        0.00       99.59 %
     Hp        0.08       25.35        0.00       99.67 %
     Ht        0.09       25.34        0.00       99.66 %
    Mpcustom4        0.14       25.25        0.00       99.43 %
     Oh        0.38        0.24        0.00       39.14 %
      B        0.16       25.20        0.00       99.37 %
     AM        0.48       24.86        0.00       98.10 %
    all        0.21       21.66        0.00       99.06 %

    Total time in state (seconds)
    -----------------------------------------
            Pending     Running        Dead  
    -----------------------------------------
               1.44      151.60        0.00

    Data read    : 122.27 kiB
    Data written : 9.20 kiB

1: All pending notifications were processed.
INFO (IPF059): 1: Completed proof on task: "mytask"
cover -name CS_div_fsm_s3_3 {@(posedge clk_i) !div_fsm_s3 ##1 div_fsm_s3 [*3] ##1 !div_fsm_s3 }
INFO (IPF036): Starting proof on task: "mytask", 1 properties to prove with 0 already proven/unreachable
INFO (IPF031): Settings used for proof thread 2:
    orchestration                 = on (auto)
    time_limit                    = 600s
    per_property_time_limit       = 1s * 10 ^ scan
    engine_mode                   = auto
    proofgrid_per_engine_max_jobs = 1
    max engine jobs               = auto
    proofgrid_mode                = local
    proofgrid_restarts            = 10
2: Using multistage preprocessing
2: Starting reduce
2: Finished reduce in 0.041s
2.0.PRE: Performing Proof Simplification...
2.0.N: clocks: 1, declared: 1, looping: 0, posedge: 1, negedge: 0, noedge: 0, bothedge: 0
2.0.N: Proof Simplification Iteration 1	[0.00 s]
2.0.N: Proof Simplification Iteration 2	[0.04 s]
2.0.N: Proof Simplification Iteration 3	[0.06 s]
2.0.N: Proof Simplification Iteration 4	[0.07 s]
2.0.N: Proof Simplification Iteration 5	[0.09 s]
2.0.N: Proof Simplification Iteration 6	[0.11 s]
2.0.N: Proof Simplification Iteration 7	[0.13 s]
2.0.N: Proof Simplification Iteration 8	[0.15 s]
2.0.N: Proof Simplification Iteration 9	[0.17 s]
2.0.N: Proof Simplification Iteration 10	[0.19 s]
2.0.PRE: Proof Simplification completed in 0.23 s
2: About to start ProofGrid in its own thread with a limit of 10000 pending notifications and a limit of 10 traces.
2: =============================== ProofGrid start ===============================
2: ProofGrid usable level: 1
2: Initial ProofGrid level: 1
2: ProofGrid is starting event handling
2.0.Hp: caddy15.stanford.edu: "Rocky Linux 8.10 (Green Obsidian)" is an unsupported operating system.
2.0.N: caddy15.stanford.edu: "Rocky Linux 8.10 (Green Obsidian)" is an unsupported operating system.
2.0.Mpcustom4: caddy15.stanford.edu: "Rocky Linux 8.10 (Green Obsidian)" is an unsupported operating system.
2.0.Hp: Proofgrid shell started at 3429269@caddy15.stanford.edu(local) jg_3426522_caddy15.stanford.edu_3
2.0.Ht: caddy15.stanford.edu: "Rocky Linux 8.10 (Green Obsidian)" is an unsupported operating system.
2.0.N: Proofgrid shell started at 3429268@caddy15.stanford.edu(local) jg_3426522_caddy15.stanford.edu_3
2.0.Oh: caddy15.stanford.edu: "Rocky Linux 8.10 (Green Obsidian)" is an unsupported operating system.
2.0.N: clocks: 1, declared: 1, looping: 0, posedge: 1, negedge: 0, noedge: 0, bothedge: 0
2.0.Hp: clocks: 1, declared: 1, looping: 0, posedge: 1, negedge: 0, noedge: 0, bothedge: 0
2.0.N: Last scan. Per property time limit: 0s
2.0.N: Starting proof for property "CS_div_fsm_s3_3"	[0.00 s].
2.0.Mpcustom4: Proofgrid shell started at 3429294@caddy15.stanford.edu(local) jg_3426522_caddy15.stanford.edu_3
2.0.N: Trace Attempt  1	[0.01 s]
2.0.N: Trace Attempt  2	[0.01 s]
2.0.N: Trace Attempt  3	[0.01 s]
2.0.Mpcustom4: clocks: 1, declared: 1, looping: 0, posedge: 1, negedge: 0, noedge: 0, bothedge: 0
2.0.Ht: Proofgrid shell started at 3429291@caddy15.stanford.edu(local) jg_3426522_caddy15.stanford.edu_3
2.0.N: Trace Attempt  3	[0.04 s]
2.0.Mpcustom4: Trace Attempt  1	[0.04 s]
2.0.N: Trace Attempt  4	[0.05 s]
2.0.N: Trace Attempt  5	[0.06 s]
2.0.Ht: clocks: 1, declared: 1, looping: 0, posedge: 1, negedge: 0, noedge: 0, bothedge: 0
2.0.Mpcustom4: Trace Attempt  2	[0.06 s]
2.0.Oh: Proofgrid shell started at 3429319@caddy15.stanford.edu(local) jg_3426522_caddy15.stanford.edu_3
2.0.Ht: Trace Attempt  1	[0.06 s]
2.0.Ht: Trace Attempt  2	[0.06 s]
2.0.Ht: Trace Attempt  3	[0.06 s]
2.0.N: Trace Attempt  5	[0.11 s]
2.0.Ht: Trace Attempt  4	[0.07 s]
2.0.Oh: clocks: 1, declared: 1, looping: 0, posedge: 1, negedge: 0, noedge: 0, bothedge: 0
2.0.Ht: Trace Attempt  5	[0.09 s]
2.0.AM: caddy15.stanford.edu: "Rocky Linux 8.10 (Green Obsidian)" is an unsupported operating system.
2.0.B: caddy15.stanford.edu: "Rocky Linux 8.10 (Green Obsidian)" is an unsupported operating system.
2.0.Oh: bwd trail(1): 1 0.113934s
2.0.Oh: All properties either determined or skipped. [0.17 s]
2.0.Oh: Exited with Success (@ 0.32 s)
2.0.Oh: Completed, Restart ignored.
2.0.B: Proofgrid shell started at 3429333@caddy15.stanford.edu(local) jg_3426522_caddy15.stanford.edu_3
2.0.B: clocks: 1, declared: 1, looping: 0, posedge: 1, negedge: 0, noedge: 0, bothedge: 0
2.0.B: Last scan. Per property time limit: 0s
2.0.B: Starting proof for property "CS_div_fsm_s3_3"	[0.00 s].
2.0.B: Trace Attempt  1	[0.01 s]
2.0.B: Trace Attempt  2	[0.02 s]
2.0.AM: Proofgrid shell started at 3429341@caddy15.stanford.edu(local) jg_3426522_caddy15.stanford.edu_3
2.0.B: Trace Attempt  3	[0.03 s]
2.0.AM: clocks: 1, declared: 1, looping: 0, posedge: 1, negedge: 0, noedge: 0, bothedge: 0
2.0.B: Trace Attempt  4	[0.04 s]
2.0.AM: Last scan. Per property time limit: 0s
2.0.AM: Starting proof for property "CS_div_fsm_s3_3"	[0.00 s].
2.0.AM: Trace Attempt  1	[0.00 s]
2.0.AM: Trace Attempt  2	[0.01 s]
2.0.AM: Trace Attempt  3	[0.03 s]
2.0.B: Trace Attempt  5	[0.08 s]
2.0.AM: Trace Attempt  4	[0.06 s]
2.0.AM: Trace Attempt  5	[0.08 s]
2.0.Mpcustom4: Trace Attempt  3	[0.61 s]
2.0.Mpcustom4: Trace Attempt  3	[0.66 s]
2.0.Mpcustom4: Trace Attempt  4	[0.68 s]
2.0.Mpcustom4: Trace Attempt  4	[0.74 s]
2.0.Mpcustom4: Trace Attempt  5	[0.76 s]
2.0.AM: Trace Attempt  1	[0.48 s]
2.0.AM: Trace Attempt  2	[0.51 s]
2.0.AM: Trace Attempt  3	[0.51 s]
2.0.AM: Trace Attempt  5	[0.53 s]
2.0.N: Trace Attempt  1	[1.32 s]
2.0.N: Trace Attempt  2	[1.36 s]
2.0.N: Trace Attempt  3	[1.36 s]
2.0.N: Trace Attempt  5	[1.38 s]
2.0.Ht: Trace Attempt 30	[5.18 s]
2.0.Mpcustom4: Trace Attempt 16	[5.58 s]
2.0.B: Trace Attempt 31	[5.31 s]
2.0.AM: Trace Attempt  1	[7.96 s]
2.0.AM: Trace Attempt  2	[7.99 s]
2.0.AM: Trace Attempt  3	[7.99 s]
2.0.AM: Trace Attempt  5	[8.01 s]
2.0.B: Trace Attempt 33	[9.39 s]
2.0.Mpcustom4: Trace Attempt 22	[11.01 s]
2.0.B: Trace Attempt 37	[13.77 s]
2.0.AM: Trace Attempt 26	[15.76 s]
2.0.Ht: Trace Attempt 31	[16.58 s]
2.0.N: Trace Attempt 22	[17.61 s]
2.0.Mpcustom4: Trace Attempt 25	[18.37 s]
2.0.B: Trace Attempt 40	[19.46 s]
2.0.N: Trace Attempt  1	[19.98 s]
2.0.N: Trace Attempt  2	[20.01 s]
2.0.N: Trace Attempt  3	[20.02 s]
2.0.N: Trace Attempt  5	[20.03 s]
2.0.N: Requesting engine job to stop
2.0.B: Requesting engine job to stop
2.0.AM: Requesting engine job to stop
2.0.Hp: Requesting engine job to terminate
2.0.Ht: Requesting engine job to terminate
2.0.Mpcustom4: Requesting engine job to terminate
INFO (IPF144): 2: Initiating shutdown of proof [21.85 s]
2.0.B: A trace with 40 cycles was found. [21.49 s]
INFO (IPF047): 2.0.B: The cover property "CS_div_fsm_s3_3" was covered in 40 cycles in 21.52 s.
2.0.B: Stopped processing property "CS_div_fsm_s3_3"	[21.52 s].
2.0.B: All properties determined. [21.50 s]
2.0.N: Trace Attempt 24	[21.62 s]
2.0.N: Stopped processing property "CS_div_fsm_s3_3"	[21.85 s].
2.0.B: Exited with Success (@ 21.88 s)
2: ProofGrid usable level: 0
2.0.N: All properties determined. [21.85 s]
2.0.N: Exited with Success (@ 22.02 s)
2.0.Mpcustom4: Trace Attempt 28	[18.53 s]
2.0.Mpcustom4: All properties determined. [21.98 s]
2.0.Hp: Interrupted (multi)
2.0.Hp: All properties determined. [22.16 s]
2.0.Mpcustom4: Exited with Success (@ 22.18 s)
2.0.AM: Trace Attempt 40	[19.21 s]
2.0.AM: Stopped processing property "CS_div_fsm_s3_3"	[21.86 s].
2.0.AM: All properties determined. [21.87 s]
2.0.Ht: Interrupted (multi)
2.0.Ht: Trace Attempt 38	[16.91 s]
2.0.Ht: All properties determined. [22.19 s]
2.0.AM: Exited with Success (@ 22.27 s)
2.0.Hp: Exited with Success (@ 22.50 s)
2.0.Ht: Exited with Success (@ 22.50 s)
2: --------------------------------------------------------------
ProofGrid Summary (utilization 99.04 %)
--------------------------------------------------------------
     engines started                               :     7
     engine jobs started                           :     7

    Average time in state (seconds)
    ------------------------------------------------------
    Engine  Pending     Running        Dead    Utilization
    ------------------------------------------------------
      N        0.11       21.84        0.00       99.49 %
     Hp        0.08       21.83        0.00       99.63 %
     Ht        0.12       21.77        0.00       99.43 %
    Mpcustom4        0.10       21.81        0.00       99.55 %
     Oh        0.16        0.17        0.00       51.82 %
      B        0.33       21.51        0.00       98.49 %
     AM        0.36       21.47        0.00       98.34 %
    all        0.18       18.63        0.00       99.04 %

    Total time in state (seconds)
    -----------------------------------------
            Pending     Running        Dead  
    -----------------------------------------
               1.27      130.40        0.00

    Data read    : 118.59 kiB
    Data written : 8.92 kiB

2: All pending notifications were processed.
INFO (IPF059): 2: Completed proof on task: "mytask"
cover -name CS_div_fsm_s3_4 {@(posedge clk_i) !div_fsm_s3 ##1 div_fsm_s3 [*4] ##1 !div_fsm_s3 }
INFO (IPF036): Starting proof on task: "mytask", 1 properties to prove with 0 already proven/unreachable
INFO (IPF031): Settings used for proof thread 3:
    orchestration                 = on (auto)
    time_limit                    = 600s
    per_property_time_limit       = 1s * 10 ^ scan
    engine_mode                   = auto
    proofgrid_per_engine_max_jobs = 1
    max engine jobs               = auto
    proofgrid_mode                = local
    proofgrid_restarts            = 10
3: Using multistage preprocessing
3: Starting reduce
3: Finished reduce in 0.041s
3.0.PRE: Performing Proof Simplification...
3.0.N: clocks: 1, declared: 1, looping: 0, posedge: 1, negedge: 0, noedge: 0, bothedge: 0
3.0.N: Proof Simplification Iteration 1	[0.00 s]
3.0.N: Proof Simplification Iteration 2	[0.04 s]
3.0.N: Proof Simplification Iteration 3	[0.06 s]
3.0.N: Proof Simplification Iteration 4	[0.07 s]
3.0.N: Proof Simplification Iteration 5	[0.09 s]
3.0.N: Proof Simplification Iteration 6	[0.11 s]
3.0.N: Proof Simplification Iteration 7	[0.13 s]
3.0.N: Proof Simplification Iteration 8	[0.15 s]
3.0.N: Proof Simplification Iteration 9	[0.17 s]
3.0.N: Proof Simplification Iteration 10	[0.18 s]
3.0.PRE: Proof Simplification completed in 0.23 s
3: About to start ProofGrid in its own thread with a limit of 10000 pending notifications and a limit of 10 traces.
3: =============================== ProofGrid start ===============================
3: ProofGrid usable level: 1
3: Initial ProofGrid level: 1
3: ProofGrid is starting event handling
3.0.Hp: caddy15.stanford.edu: "Rocky Linux 8.10 (Green Obsidian)" is an unsupported operating system.
3.0.N: caddy15.stanford.edu: "Rocky Linux 8.10 (Green Obsidian)" is an unsupported operating system.
3.0.Ht: caddy15.stanford.edu: "Rocky Linux 8.10 (Green Obsidian)" is an unsupported operating system.
3.0.Mpcustom4: caddy15.stanford.edu: "Rocky Linux 8.10 (Green Obsidian)" is an unsupported operating system.
3.0.N: Proofgrid shell started at 3430061@caddy15.stanford.edu(local) jg_3426522_caddy15.stanford.edu_4
3.0.Hp: Proofgrid shell started at 3430062@caddy15.stanford.edu(local) jg_3426522_caddy15.stanford.edu_4
3.0.Hp: clocks: 1, declared: 1, looping: 0, posedge: 1, negedge: 0, noedge: 0, bothedge: 0
3.0.Ht: Proofgrid shell started at 3430084@caddy15.stanford.edu(local) jg_3426522_caddy15.stanford.edu_4
3.0.N: clocks: 1, declared: 1, looping: 0, posedge: 1, negedge: 0, noedge: 0, bothedge: 0
3.0.Ht: clocks: 1, declared: 1, looping: 0, posedge: 1, negedge: 0, noedge: 0, bothedge: 0
3.0.N: Last scan. Per property time limit: 0s
3.0.N: Starting proof for property "CS_div_fsm_s3_4"	[0.00 s].
3.0.Mpcustom4: Proofgrid shell started at 3430103@caddy15.stanford.edu(local) jg_3426522_caddy15.stanford.edu_4
3.0.N: Trace Attempt  1	[0.00 s]
3.0.N: Trace Attempt  2	[0.01 s]
3.0.N: Trace Attempt  3	[0.01 s]
3.0.Mpcustom4: clocks: 1, declared: 1, looping: 0, posedge: 1, negedge: 0, noedge: 0, bothedge: 0
3.0.Ht: Trace Attempt  1	[0.04 s]
3.0.Ht: Trace Attempt  2	[0.04 s]
3.0.Ht: Trace Attempt  3	[0.04 s]
3.0.N: Trace Attempt  3	[0.04 s]
3.0.Ht: Trace Attempt  4	[0.05 s]
3.0.Ht: Trace Attempt  5	[0.06 s]
3.0.Mpcustom4: Trace Attempt  1	[0.04 s]
3.0.N: Trace Attempt  4	[0.06 s]
3.0.N: Trace Attempt  5	[0.06 s]
3.0.Mpcustom4: Trace Attempt  2	[0.06 s]
3.0.N: Trace Attempt  5	[0.12 s]
3.0.Oh: caddy15.stanford.edu: "Rocky Linux 8.10 (Green Obsidian)" is an unsupported operating system.
3.0.B: caddy15.stanford.edu: "Rocky Linux 8.10 (Green Obsidian)" is an unsupported operating system.
3.0.AM: caddy15.stanford.edu: "Rocky Linux 8.10 (Green Obsidian)" is an unsupported operating system.
3.0.Oh: Proofgrid shell started at 3430118@caddy15.stanford.edu(local) jg_3426522_caddy15.stanford.edu_4
3.0.Oh: clocks: 1, declared: 1, looping: 0, posedge: 1, negedge: 0, noedge: 0, bothedge: 0
3.0.B: Proofgrid shell started at 3430122@caddy15.stanford.edu(local) jg_3426522_caddy15.stanford.edu_4
3.0.B: clocks: 1, declared: 1, looping: 0, posedge: 1, negedge: 0, noedge: 0, bothedge: 0
3.0.B: Last scan. Per property time limit: 0s
3.0.B: Starting proof for property "CS_div_fsm_s3_4"	[0.00 s].
3.0.B: Trace Attempt  1	[0.01 s]
3.0.B: Trace Attempt  2	[0.02 s]
3.0.AM: Proofgrid shell started at 3430123@caddy15.stanford.edu(local) jg_3426522_caddy15.stanford.edu_4
3.0.AM: clocks: 1, declared: 1, looping: 0, posedge: 1, negedge: 0, noedge: 0, bothedge: 0
3.0.B: Trace Attempt  3	[0.03 s]
3.0.B: Trace Attempt  4	[0.04 s]
3.0.AM: Last scan. Per property time limit: 0s
3.0.AM: Starting proof for property "CS_div_fsm_s3_4"	[0.00 s].
3.0.AM: Trace Attempt  1	[0.00 s]
3.0.AM: Trace Attempt  2	[0.01 s]
3.0.B: Trace Attempt  5	[0.08 s]
3.0.AM: Trace Attempt  3	[0.05 s]
3.0.AM: Trace Attempt  4	[0.09 s]
3.0.AM: Trace Attempt  5	[0.12 s]
3.0.Mpcustom4: Trace Attempt  3	[0.66 s]
3.0.Oh: bwd trail(1): 1 0.116838s
3.0.Oh: All properties either determined or skipped. [0.26 s]
3.0.Oh: Exited with Success (@ 0.73 s)
3.0.Oh: Completed, Restart ignored.
3.0.Mpcustom4: Trace Attempt  3	[0.71 s]
3.0.Mpcustom4: Trace Attempt  4	[0.74 s]
3.0.Mpcustom4: Trace Attempt  4	[0.79 s]
3.0.Mpcustom4: Trace Attempt  5	[0.82 s]
3.0.AM: Trace Attempt  1	[0.62 s]
3.0.AM: Trace Attempt  2	[0.65 s]
3.0.AM: Trace Attempt  3	[0.65 s]
3.0.AM: Trace Attempt  5	[0.66 s]
3.0.AM: Trace Attempt  1	[2.38 s]
3.0.AM: Trace Attempt  2	[2.41 s]
3.0.AM: Trace Attempt  3	[2.42 s]
3.0.AM: Trace Attempt  5	[2.43 s]
3.0.N: Trace Attempt  1	[3.44 s]
3.0.N: Trace Attempt  2	[3.48 s]
3.0.N: Trace Attempt  3	[3.48 s]
3.0.N: Trace Attempt  5	[3.50 s]
3.0.Ht: Trace Attempt 27	[4.54 s]
3.0.Mpcustom4: Trace Attempt 16	[5.67 s]
3.0.B: Trace Attempt 29	[5.39 s]
3.0.N: Trace Attempt 37	[8.04 s]
3.0.B: Trace Attempt 32	[9.43 s]
3.0.AM: Trace Attempt 27	[9.86 s]
3.0.Mpcustom4: Trace Attempt 17	[11.44 s]
3.0.B: Trace Attempt 38	[14.34 s]
3.0.AM: Trace Attempt 40	[16.92 s]
3.0.Mpcustom4: Trace Attempt 21	[17.81 s]
3.0.Ht: Trace Attempt 32	[18.81 s]
3.0.B: Trace Attempt 40	[19.55 s]
3.0.N: Requesting engine job to stop
3.0.B: Requesting engine job to stop
3.0.AM: Requesting engine job to stop
3.0.Hp: Requesting engine job to terminate
3.0.Ht: Requesting engine job to terminate
3.0.Mpcustom4: Requesting engine job to terminate
INFO (IPF144): 3: Initiating shutdown of proof [23.28 s]
3.0.B: A trace with 40 cycles was found. [22.74 s]
INFO (IPF047): 3.0.B: The cover property "CS_div_fsm_s3_4" was covered in 40 cycles in 22.76 s.
3.0.B: Stopped processing property "CS_div_fsm_s3_4"	[22.76 s].
3.0.B: All properties determined. [22.76 s]
3.0.Hp: Interrupted (multi)
3.0.Hp: All properties determined. [23.27 s]
3.0.B: Exited with Success (@ 23.29 s)
3: ProofGrid usable level: 0
3.0.N: Trace Attempt 38	[8.85 s]
3.0.N: Stopped processing property "CS_div_fsm_s3_4"	[23.28 s].
3.0.Ht: Interrupted (multi)
3.0.Ht: Trace Attempt 40	[19.19 s]
3.0.Ht: All properties determined. [23.29 s]
3.0.N: All properties determined. [23.28 s]
3.0.N: Exited with Success (@ 23.44 s)
3.0.Mpcustom4: Trace Attempt 25	[21.38 s]
3.0.Mpcustom4: All properties determined. [23.38 s]
3.0.Hp: Exited with Success (@ 23.46 s)
3.0.AM: Stopped processing property "CS_div_fsm_s3_4"	[22.90 s].
3.0.Mpcustom4: Exited with Success (@ 23.48 s)
3.0.AM: All properties determined. [22.91 s]
3.0.AM: Exited with Success (@ 23.68 s)
3.0.Ht: Exited with Success (@ 23.68 s)
3: --------------------------------------------------------------
ProofGrid Summary (utilization 98.72 %)
--------------------------------------------------------------
     engines started                               :     7
     engine jobs started                           :     7

    Average time in state (seconds)
    ------------------------------------------------------
    Engine  Pending     Running        Dead    Utilization
    ------------------------------------------------------
      N        0.10       23.25        0.00       99.55 %
     Hp        0.08       23.26        0.00       99.64 %
     Ht        0.09       23.24        0.00       99.63 %
    Mpcustom4        0.08       23.22        0.00       99.64 %
     Oh        0.44        0.27        0.00       37.67 %
      B        0.47       22.78        0.00       97.98 %
     AM        0.52       22.73        0.00       97.77 %
    all        0.26       19.82        0.00       98.72 %

    Total time in state (seconds)
    -----------------------------------------
            Pending     Running        Dead  
    -----------------------------------------
               1.79      138.75        0.00

    Data read    : 120.06 kiB
    Data written : 17.59 kiB

3: All pending notifications were processed.
INFO (IPF059): 3: Completed proof on task: "mytask"
cover -name CS_div_fsm_s3_5 {@(posedge clk_i) !div_fsm_s3 ##1 div_fsm_s3 [*5] ##1 !div_fsm_s3 }
INFO (IPF036): Starting proof on task: "mytask", 1 properties to prove with 0 already proven/unreachable
INFO (IPF031): Settings used for proof thread 4:
    orchestration                 = on (auto)
    time_limit                    = 600s
    per_property_time_limit       = 1s * 10 ^ scan
    engine_mode                   = auto
    proofgrid_per_engine_max_jobs = 1
    max engine jobs               = auto
    proofgrid_mode                = local
    proofgrid_restarts            = 10
4: Using multistage preprocessing
4: Starting reduce
4: Finished reduce in 0.04s
4.0.PRE: Performing Proof Simplification...
4.0.N: clocks: 1, declared: 1, looping: 0, posedge: 1, negedge: 0, noedge: 0, bothedge: 0
4.0.N: Proof Simplification Iteration 1	[0.00 s]
4.0.N: Proof Simplification Iteration 2	[0.04 s]
4.0.N: Proof Simplification Iteration 3	[0.05 s]
4.0.N: Proof Simplification Iteration 4	[0.07 s]
4.0.N: Proof Simplification Iteration 5	[0.09 s]
4.0.N: Proof Simplification Iteration 6	[0.11 s]
4.0.N: Proof Simplification Iteration 7	[0.13 s]
4.0.N: Proof Simplification Iteration 8	[0.14 s]
4.0.N: Proof Simplification Iteration 9	[0.16 s]
4.0.N: Proof Simplification Iteration 10	[0.18 s]
4.0.PRE: Proof Simplification completed in 0.22 s
4: About to start ProofGrid in its own thread with a limit of 10000 pending notifications and a limit of 10 traces.
4: =============================== ProofGrid start ===============================
4: ProofGrid usable level: 1
4: Initial ProofGrid level: 1
4: ProofGrid is starting event handling
4.0.N: caddy15.stanford.edu: "Rocky Linux 8.10 (Green Obsidian)" is an unsupported operating system.
4.0.Hp: caddy15.stanford.edu: "Rocky Linux 8.10 (Green Obsidian)" is an unsupported operating system.
4.0.Ht: caddy15.stanford.edu: "Rocky Linux 8.10 (Green Obsidian)" is an unsupported operating system.
4.0.Mpcustom4: caddy15.stanford.edu: "Rocky Linux 8.10 (Green Obsidian)" is an unsupported operating system.
4.0.N: Proofgrid shell started at 3430638@caddy15.stanford.edu(local) jg_3426522_caddy15.stanford.edu_5
4.0.Hp: Proofgrid shell started at 3430639@caddy15.stanford.edu(local) jg_3426522_caddy15.stanford.edu_5
4.0.Oh: caddy15.stanford.edu: "Rocky Linux 8.10 (Green Obsidian)" is an unsupported operating system.
4.0.N: clocks: 1, declared: 1, looping: 0, posedge: 1, negedge: 0, noedge: 0, bothedge: 0
4.0.Hp: clocks: 1, declared: 1, looping: 0, posedge: 1, negedge: 0, noedge: 0, bothedge: 0
4.0.N: Last scan. Per property time limit: 0s
4.0.N: Starting proof for property "CS_div_fsm_s3_5"	[0.00 s].
4.0.Ht: Proofgrid shell started at 3430661@caddy15.stanford.edu(local) jg_3426522_caddy15.stanford.edu_5
4.0.B: caddy15.stanford.edu: "Rocky Linux 8.10 (Green Obsidian)" is an unsupported operating system.
4.0.AM: caddy15.stanford.edu: "Rocky Linux 8.10 (Green Obsidian)" is an unsupported operating system.
4.0.N: Trace Attempt  1	[0.01 s]
4.0.N: Trace Attempt  2	[0.01 s]
4.0.N: Trace Attempt  3	[0.01 s]
4.0.Ht: clocks: 1, declared: 1, looping: 0, posedge: 1, negedge: 0, noedge: 0, bothedge: 0
4.0.Mpcustom4: Proofgrid shell started at 3430680@caddy15.stanford.edu(local) jg_3426522_caddy15.stanford.edu_5
4.0.Mpcustom4: clocks: 1, declared: 1, looping: 0, posedge: 1, negedge: 0, noedge: 0, bothedge: 0
4.0.N: Trace Attempt  3	[0.04 s]
4.0.Ht: Trace Attempt  1	[0.03 s]
4.0.Ht: Trace Attempt  2	[0.03 s]
4.0.Oh: Proofgrid shell started at 3430694@caddy15.stanford.edu(local) jg_3426522_caddy15.stanford.edu_5
4.0.Ht: Trace Attempt  3	[0.04 s]
4.0.Ht: Trace Attempt  4	[0.04 s]
4.0.Oh: clocks: 1, declared: 1, looping: 0, posedge: 1, negedge: 0, noedge: 0, bothedge: 0
4.0.N: Trace Attempt  4	[0.05 s]
4.0.N: Trace Attempt  5	[0.05 s]
4.0.Ht: Trace Attempt  5	[0.05 s]
4.0.AM: Proofgrid shell started at 3430709@caddy15.stanford.edu(local) jg_3426522_caddy15.stanford.edu_5
4.0.B: Proofgrid shell started at 3430707@caddy15.stanford.edu(local) jg_3426522_caddy15.stanford.edu_5
4.0.Mpcustom4: Trace Attempt  1	[0.04 s]
4.0.AM: clocks: 1, declared: 1, looping: 0, posedge: 1, negedge: 0, noedge: 0, bothedge: 0
4.0.B: clocks: 1, declared: 1, looping: 0, posedge: 1, negedge: 0, noedge: 0, bothedge: 0
4.0.B: Last scan. Per property time limit: 0s
4.0.B: Starting proof for property "CS_div_fsm_s3_5"	[0.00 s].
4.0.AM: Last scan. Per property time limit: 0s
4.0.AM: Starting proof for property "CS_div_fsm_s3_5"	[0.00 s].
4.0.Mpcustom4: Trace Attempt  2	[0.05 s]
4.0.AM: Trace Attempt  1	[0.00 s]
4.0.AM: Trace Attempt  2	[0.01 s]
4.0.B: Trace Attempt  1	[0.01 s]
4.0.B: Trace Attempt  2	[0.01 s]
4.0.B: Trace Attempt  3	[0.02 s]
4.0.AM: Trace Attempt  3	[0.03 s]
4.0.N: Trace Attempt  5	[0.11 s]
4.0.B: Trace Attempt  4	[0.04 s]
4.0.AM: Trace Attempt  4	[0.05 s]
4.0.B: Trace Attempt  5	[0.07 s]
4.0.AM: Trace Attempt  5	[0.07 s]
4.0.Oh: bwd trail(1): 1 0.0966005s
4.0.Oh: All properties either determined or skipped. [0.11 s]
4.0.Oh: Exited with Success (@ 0.19 s)
4.0.Mpcustom4: Trace Attempt  3	[0.57 s]
4.0.Mpcustom4: Trace Attempt  3	[0.61 s]
4.0.Mpcustom4: Trace Attempt  4	[0.64 s]
4.0.AM: Trace Attempt  1	[0.65 s]
4.0.Mpcustom4: Trace Attempt  4	[0.69 s]
4.0.Mpcustom4: Trace Attempt  5	[0.72 s]
4.0.AM: Trace Attempt  2	[0.67 s]
4.0.AM: Trace Attempt  3	[0.68 s]
4.0.AM: Trace Attempt  5	[0.69 s]
4.0.N: Trace Attempt  1	[2.96 s]
4.0.N: Trace Attempt  2	[3.00 s]
4.0.N: Trace Attempt  3	[3.00 s]
4.0.N: Trace Attempt  5	[3.02 s]
4.0.B: Trace Attempt 38	[4.18 s]
4.0.Mpcustom4: Trace Attempt 17	[4.74 s]
4.0.N: Trace Attempt 35	[7.31 s]
4.0.Mpcustom4: Trace Attempt 26	[8.78 s]
4.0.AM: Trace Attempt 29	[9.28 s]
4.0.N: Requesting engine job to stop
4.0.B: Requesting engine job to stop
4.0.AM: Requesting engine job to stop
4.0.Hp: Requesting engine job to terminate
4.0.Ht: Requesting engine job to terminate
4.0.Mpcustom4: Requesting engine job to terminate
INFO (IPF144): 4: Initiating shutdown of proof [10.10 s]
4.0.B: Trace Attempt 40	[8.02 s]
4.0.B: A trace with 40 cycles was found. [9.99 s]
INFO (IPF047): 4.0.B: The cover property "CS_div_fsm_s3_5" was covered in 40 cycles in 10.02 s.
4.0.B: Stopped processing property "CS_div_fsm_s3_5"	[10.06 s].
4.0.B: All properties determined. [10.01 s]
4.0.B: Exited with Success (@ 10.11 s)
4: ProofGrid usable level: 0
4.0.N: Trace Attempt 38	[9.56 s]
4.0.N: Stopped processing property "CS_div_fsm_s3_5"	[10.14 s].
4.0.N: All properties determined. [10.13 s]
4.0.N: Exited with Success (@ 10.16 s)
4.0.Mpcustom4: Trace Attempt 27	[9.90 s]
4.0.Mpcustom4: All properties determined. [10.21 s]
4.0.Mpcustom4: Exited with Success (@ 10.28 s)
4.0.AM: Trace Attempt 31	[9.54 s]
4.0.AM: Stopped processing property "CS_div_fsm_s3_5"	[10.30 s].
4.0.AM: All properties determined. [10.30 s]
4.0.Hp: Interrupted (multi)
4.0.Hp: All properties determined. [10.52 s]
4.0.AM: Exited with Success (@ 10.53 s)
4.0.Hp: Exited with Success (@ 10.59 s)
4.0.Ht: Interrupted (multi)
4.0.Ht: Trace Attempt 35	[3.15 s]
4.0.Ht: All properties determined. [10.86 s]
4.0.Ht: Exited with Success (@ 11.03 s)
4: --------------------------------------------------------------
ProofGrid Summary (utilization 99.06 %)
--------------------------------------------------------------
     engines started                               :     7
     engine jobs started                           :     7

    Average time in state (seconds)
    ------------------------------------------------------
    Engine  Pending     Running        Dead    Utilization
    ------------------------------------------------------
      N        0.10       10.10        0.00       99.00 %
     Hp        0.08       10.09        0.00       99.19 %
     Ht        0.08       10.08        0.00       99.24 %
    Mpcustom4        0.08       10.06        0.00       99.22 %
     Oh        0.08        0.11        0.00       59.54 %
      B        0.08       10.02        0.00       99.23 %
     AM        0.08       10.02        0.00       99.25 %
    all        0.08        8.64        0.00       99.06 %

    Total time in state (seconds)
    -----------------------------------------
            Pending     Running        Dead  
    -----------------------------------------
               0.57       60.47        0.00

    Data read    : 115.45 kiB
    Data written : 9.48 kiB

4: All pending notifications were processed.
INFO (IPF059): 4: Completed proof on task: "mytask"
cover -name CS_div_fsm_s3_6 {@(posedge clk_i) !div_fsm_s3 ##1 div_fsm_s3 [*6] ##1 !div_fsm_s3 }
INFO (IPF036): Starting proof on task: "mytask", 1 properties to prove with 0 already proven/unreachable
INFO (IPF031): Settings used for proof thread 5:
    orchestration                 = on (auto)
    time_limit                    = 600s
    per_property_time_limit       = 1s * 10 ^ scan
    engine_mode                   = auto
    proofgrid_per_engine_max_jobs = 1
    max engine jobs               = auto
    proofgrid_mode                = local
    proofgrid_restarts            = 10
5: Using multistage preprocessing
5: Starting reduce
5: Finished reduce in 0.042s
5.0.PRE: Performing Proof Simplification...
5.0.N: clocks: 1, declared: 1, looping: 0, posedge: 1, negedge: 0, noedge: 0, bothedge: 0
5.0.N: Proof Simplification Iteration 1	[0.00 s]
5.0.N: Proof Simplification Iteration 2	[0.04 s]
5.0.N: Proof Simplification Iteration 3	[0.06 s]
5.0.N: Proof Simplification Iteration 4	[0.07 s]
5.0.N: Proof Simplification Iteration 5	[0.09 s]
5.0.N: Proof Simplification Iteration 6	[0.11 s]
5.0.N: Proof Simplification Iteration 7	[0.13 s]
5.0.N: Proof Simplification Iteration 8	[0.15 s]
5.0.N: Proof Simplification Iteration 9	[0.17 s]
5.0.N: Proof Simplification Iteration 10	[0.19 s]
5.0.PRE: Proof Simplification completed in 0.23 s
5: About to start ProofGrid in its own thread with a limit of 10000 pending notifications and a limit of 10 traces.
5: =============================== ProofGrid start ===============================
5: ProofGrid usable level: 1
5: Initial ProofGrid level: 1
5: ProofGrid is starting event handling
5.0.Hp: caddy15.stanford.edu: "Rocky Linux 8.10 (Green Obsidian)" is an unsupported operating system.
5.0.N: caddy15.stanford.edu: "Rocky Linux 8.10 (Green Obsidian)" is an unsupported operating system.
5.0.Mpcustom4: caddy15.stanford.edu: "Rocky Linux 8.10 (Green Obsidian)" is an unsupported operating system.
5.0.Ht: caddy15.stanford.edu: "Rocky Linux 8.10 (Green Obsidian)" is an unsupported operating system.
5.0.Oh: caddy15.stanford.edu: "Rocky Linux 8.10 (Green Obsidian)" is an unsupported operating system.
5.0.Hp: Proofgrid shell started at 3431082@caddy15.stanford.edu(local) jg_3426522_caddy15.stanford.edu_6
5.0.N: Proofgrid shell started at 3431081@caddy15.stanford.edu(local) jg_3426522_caddy15.stanford.edu_6
5.0.Hp: clocks: 1, declared: 1, looping: 0, posedge: 1, negedge: 0, noedge: 0, bothedge: 0
5.0.Ht: Proofgrid shell started at 3431104@caddy15.stanford.edu(local) jg_3426522_caddy15.stanford.edu_6
5.0.N: clocks: 1, declared: 1, looping: 0, posedge: 1, negedge: 0, noedge: 0, bothedge: 0
5.0.N: Last scan. Per property time limit: 0s
5.0.N: Starting proof for property "CS_div_fsm_s3_6"	[0.00 s].
5.0.Ht: clocks: 1, declared: 1, looping: 0, posedge: 1, negedge: 0, noedge: 0, bothedge: 0
5.0.Mpcustom4: Proofgrid shell started at 3431107@caddy15.stanford.edu(local) jg_3426522_caddy15.stanford.edu_6
5.0.N: Trace Attempt  1	[0.01 s]
5.0.N: Trace Attempt  2	[0.01 s]
5.0.N: Trace Attempt  3	[0.01 s]
5.0.Mpcustom4: clocks: 1, declared: 1, looping: 0, posedge: 1, negedge: 0, noedge: 0, bothedge: 0
5.0.Oh: Proofgrid shell started at 3431134@caddy15.stanford.edu(local) jg_3426522_caddy15.stanford.edu_6
5.0.N: Trace Attempt  3	[0.04 s]
5.0.Ht: Trace Attempt  1	[0.04 s]
5.0.Ht: Trace Attempt  2	[0.04 s]
5.0.Ht: Trace Attempt  3	[0.04 s]
5.0.Ht: Trace Attempt  4	[0.04 s]
5.0.Oh: clocks: 1, declared: 1, looping: 0, posedge: 1, negedge: 0, noedge: 0, bothedge: 0
5.0.Ht: Trace Attempt  5	[0.05 s]
5.0.N: Trace Attempt  4	[0.06 s]
5.0.N: Trace Attempt  5	[0.06 s]
5.0.Mpcustom4: Trace Attempt  1	[0.08 s]
5.0.Mpcustom4: Trace Attempt  2	[0.10 s]
5.0.N: Trace Attempt  5	[0.12 s]
5.0.B: caddy15.stanford.edu: "Rocky Linux 8.10 (Green Obsidian)" is an unsupported operating system.
5.0.AM: caddy15.stanford.edu: "Rocky Linux 8.10 (Green Obsidian)" is an unsupported operating system.
5.0.Oh: bwd trail(1): 1 0.116156s
5.0.Oh: All properties either determined or skipped. [0.25 s]
5.0.Oh: Exited with Success (@ 0.36 s)
5.0.Oh: Completed, Restart ignored.
5.0.B: Proofgrid shell started at 3431153@caddy15.stanford.edu(local) jg_3426522_caddy15.stanford.edu_6
5.0.B: clocks: 1, declared: 1, looping: 0, posedge: 1, negedge: 0, noedge: 0, bothedge: 0
5.0.B: Last scan. Per property time limit: 0s
5.0.B: Starting proof for property "CS_div_fsm_s3_6"	[0.00 s].
5.0.B: Trace Attempt  1	[0.01 s]
5.0.AM: Proofgrid shell started at 3431157@caddy15.stanford.edu(local) jg_3426522_caddy15.stanford.edu_6
5.0.B: Trace Attempt  2	[0.03 s]
5.0.B: Trace Attempt  3	[0.05 s]
5.0.AM: clocks: 1, declared: 1, looping: 0, posedge: 1, negedge: 0, noedge: 0, bothedge: 0
5.0.AM: Last scan. Per property time limit: 0s
5.0.AM: Starting proof for property "CS_div_fsm_s3_6"	[0.00 s].
5.0.B: Trace Attempt  4	[0.08 s]
5.0.AM: Trace Attempt  1	[0.00 s]
5.0.AM: Trace Attempt  2	[0.01 s]
5.0.AM: Trace Attempt  3	[0.03 s]
5.0.B: Trace Attempt  5	[0.13 s]
5.0.AM: Trace Attempt  4	[0.06 s]
5.0.AM: Trace Attempt  5	[0.08 s]
5.0.Mpcustom4: Trace Attempt  3	[0.65 s]
5.0.Mpcustom4: Trace Attempt  3	[0.70 s]
5.0.Mpcustom4: Trace Attempt  4	[0.72 s]
5.0.Mpcustom4: Trace Attempt  4	[0.78 s]
5.0.Mpcustom4: Trace Attempt  5	[0.80 s]
5.0.AM: Trace Attempt  1	[0.69 s]
5.0.AM: Trace Attempt  2	[0.71 s]
5.0.AM: Trace Attempt  3	[0.72 s]
5.0.AM: Trace Attempt  5	[0.73 s]
5.0.N: Trace Attempt  1	[1.76 s]
5.0.N: Trace Attempt  2	[1.80 s]
5.0.N: Trace Attempt  3	[1.80 s]
5.0.N: Trace Attempt  5	[1.82 s]
5.0.Ht: Trace Attempt 32	[5.08 s]
5.0.B: Trace Attempt 27	[4.82 s]
5.0.Mpcustom4: Trace Attempt 19	[5.55 s]
5.0.N: Trace Attempt 34	[6.38 s]
5.0.B: Trace Attempt 32	[9.01 s]
5.0.AM: Trace Attempt 33	[9.31 s]
5.0.Mpcustom4: Trace Attempt 25	[12.60 s]
5.0.B: Trace Attempt 36	[13.09 s]
5.0.AM: Trace Attempt 39	[13.89 s]
5.0.Mpcustom4: Trace Attempt 28	[17.17 s]
5.0.B: Trace Attempt 40	[17.88 s]
5.0.Ht: Trace Attempt 35	[18.41 s]
5.0.N: Requesting engine job to stop
5.0.B: Requesting engine job to stop
5.0.AM: Requesting engine job to stop
5.0.Hp: Requesting engine job to terminate
5.0.Ht: Requesting engine job to terminate
5.0.Mpcustom4: Requesting engine job to terminate
INFO (IPF144): 5: Initiating shutdown of proof [21.00 s]
5.0.B: A trace with 40 cycles was found. [20.50 s]
INFO (IPF047): 5.0.B: The cover property "CS_div_fsm_s3_6" was covered in 40 cycles in 20.52 s.
5.0.B: Stopped processing property "CS_div_fsm_s3_6"	[20.54 s].
5.0.B: All properties determined. [20.52 s]
5.0.B: Exited with Success (@ 21.01 s)
5: ProofGrid usable level: 0
5.0.Hp: Interrupted (multi)
5.0.Hp: All properties determined. [21.01 s]
5.0.N: Trace Attempt 38	[7.84 s]
5.0.N: Stopped processing property "CS_div_fsm_s3_6"	[20.99 s].
5.0.N: All properties determined. [21.00 s]
5.0.N: Exited with Success (@ 21.06 s)
5.0.AM: Trace Attempt 40	[14.21 s]
5.0.AM: Stopped processing property "CS_div_fsm_s3_6"	[20.64 s].
5.0.AM: All properties determined. [20.64 s]
5.0.AM: Exited with Success (@ 21.22 s)
5.0.Mpcustom4: Trace Attempt 31	[20.25 s]
5.0.Mpcustom4: All properties determined. [21.16 s]
5.0.Hp: Exited with Success (@ 21.25 s)
5.0.Mpcustom4: Exited with Success (@ 21.50 s)
5.0.Ht: Interrupted (multi)
5.0.Ht: Trace Attempt 40	[18.68 s]
5.0.Ht: All properties determined. [21.53 s]
5.0.Ht: Exited with Success (@ 21.86 s)
5: --------------------------------------------------------------
ProofGrid Summary (utilization 98.83 %)
--------------------------------------------------------------
     engines started                               :     7
     engine jobs started                           :     7

    Average time in state (seconds)
    ------------------------------------------------------
    Engine  Pending     Running        Dead    Utilization
    ------------------------------------------------------
      N        0.11       20.97        0.00       99.46 %
     Hp        0.09       20.99        0.00       99.59 %
     Ht        0.11       20.94        0.00       99.47 %
    Mpcustom4        0.12       20.93        0.00       99.42 %
     Oh        0.12        0.26        0.00       68.17 %
      B        0.42       20.54        0.00       97.98 %
     AM        0.50       20.47        0.00       97.63 %
    all        0.21       17.87        0.00       98.83 %

    Total time in state (seconds)
    -----------------------------------------
            Pending     Running        Dead  
    -----------------------------------------
               1.47      125.09        0.00

    Data read    : 119.15 kiB
    Data written : 9.86 kiB

5: All pending notifications were processed.
INFO (IPF059): 5: Completed proof on task: "mytask"
cover -name CS_div_fsm_s3_7 {@(posedge clk_i) !div_fsm_s3 ##1 div_fsm_s3 [*7] ##1 !div_fsm_s3 }
INFO (IPF036): Starting proof on task: "mytask", 1 properties to prove with 0 already proven/unreachable
INFO (IPF031): Settings used for proof thread 6:
    orchestration                 = on (auto)
    time_limit                    = 600s
    per_property_time_limit       = 1s * 10 ^ scan
    engine_mode                   = auto
    proofgrid_per_engine_max_jobs = 1
    max engine jobs               = auto
    proofgrid_mode                = local
    proofgrid_restarts            = 10
6: Using multistage preprocessing
6: Starting reduce
6: Finished reduce in 0.041s
6.0.PRE: Performing Proof Simplification...
6.0.N: clocks: 1, declared: 1, looping: 0, posedge: 1, negedge: 0, noedge: 0, bothedge: 0
6.0.N: Proof Simplification Iteration 1	[0.00 s]
6.0.N: Proof Simplification Iteration 2	[0.04 s]
6.0.N: Proof Simplification Iteration 3	[0.06 s]
6.0.N: Proof Simplification Iteration 4	[0.07 s]
6.0.N: Proof Simplification Iteration 5	[0.09 s]
6.0.N: Proof Simplification Iteration 6	[0.11 s]
6.0.N: Proof Simplification Iteration 7	[0.13 s]
6.0.N: Proof Simplification Iteration 8	[0.15 s]
6.0.N: Proof Simplification Iteration 9	[0.16 s]
6.0.N: Proof Simplification Iteration 10	[0.18 s]
6.0.PRE: Proof Simplification completed in 0.23 s
6: About to start ProofGrid in its own thread with a limit of 10000 pending notifications and a limit of 10 traces.
6: =============================== ProofGrid start ===============================
6: ProofGrid usable level: 1
6: Initial ProofGrid level: 1
6: ProofGrid is starting event handling
6.0.N: caddy15.stanford.edu: "Rocky Linux 8.10 (Green Obsidian)" is an unsupported operating system.
6.0.Hp: caddy15.stanford.edu: "Rocky Linux 8.10 (Green Obsidian)" is an unsupported operating system.
6.0.Ht: caddy15.stanford.edu: "Rocky Linux 8.10 (Green Obsidian)" is an unsupported operating system.
6.0.Mpcustom4: caddy15.stanford.edu: "Rocky Linux 8.10 (Green Obsidian)" is an unsupported operating system.
6.0.Hp: Proofgrid shell started at 3431656@caddy15.stanford.edu(local) jg_3426522_caddy15.stanford.edu_7
6.0.N: Proofgrid shell started at 3431655@caddy15.stanford.edu(local) jg_3426522_caddy15.stanford.edu_7
6.0.Oh: caddy15.stanford.edu: "Rocky Linux 8.10 (Green Obsidian)" is an unsupported operating system.
6.0.Hp: clocks: 1, declared: 1, looping: 0, posedge: 1, negedge: 0, noedge: 0, bothedge: 0
6.0.N: clocks: 1, declared: 1, looping: 0, posedge: 1, negedge: 0, noedge: 0, bothedge: 0
6.0.Ht: Proofgrid shell started at 3431678@caddy15.stanford.edu(local) jg_3426522_caddy15.stanford.edu_7
6.0.N: Last scan. Per property time limit: 0s
6.0.N: Starting proof for property "CS_div_fsm_s3_7"	[0.00 s].
6.0.B: caddy15.stanford.edu: "Rocky Linux 8.10 (Green Obsidian)" is an unsupported operating system.
6.0.AM: caddy15.stanford.edu: "Rocky Linux 8.10 (Green Obsidian)" is an unsupported operating system.
6.0.N: Trace Attempt  1	[0.01 s]
6.0.Ht: clocks: 1, declared: 1, looping: 0, posedge: 1, negedge: 0, noedge: 0, bothedge: 0
6.0.N: Trace Attempt  2	[0.01 s]
6.0.N: Trace Attempt  3	[0.01 s]
6.0.Mpcustom4: Proofgrid shell started at 3431697@caddy15.stanford.edu(local) jg_3426522_caddy15.stanford.edu_7
6.0.Mpcustom4: clocks: 1, declared: 1, looping: 0, posedge: 1, negedge: 0, noedge: 0, bothedge: 0
6.0.N: Trace Attempt  3	[0.04 s]
6.0.Oh: Proofgrid shell started at 3431712@caddy15.stanford.edu(local) jg_3426522_caddy15.stanford.edu_7
6.0.Ht: Trace Attempt  1	[0.04 s]
6.0.Ht: Trace Attempt  2	[0.04 s]
6.0.Ht: Trace Attempt  3	[0.04 s]
6.0.Ht: Trace Attempt  4	[0.04 s]
6.0.Oh: clocks: 1, declared: 1, looping: 0, posedge: 1, negedge: 0, noedge: 0, bothedge: 0
6.0.N: Trace Attempt  4	[0.06 s]
6.0.N: Trace Attempt  5	[0.06 s]
6.0.B: Proofgrid shell started at 3431725@caddy15.stanford.edu(local) jg_3426522_caddy15.stanford.edu_7
6.0.AM: Proofgrid shell started at 3431728@caddy15.stanford.edu(local) jg_3426522_caddy15.stanford.edu_7
6.0.Ht: Trace Attempt  5	[0.06 s]
6.0.Mpcustom4: Trace Attempt  1	[0.04 s]
6.0.B: clocks: 1, declared: 1, looping: 0, posedge: 1, negedge: 0, noedge: 0, bothedge: 0
6.0.AM: clocks: 1, declared: 1, looping: 0, posedge: 1, negedge: 0, noedge: 0, bothedge: 0
6.0.Mpcustom4: Trace Attempt  2	[0.06 s]
6.0.B: Last scan. Per property time limit: 0s
6.0.B: Starting proof for property "CS_div_fsm_s3_7"	[0.00 s].
6.0.AM: Last scan. Per property time limit: 0s
6.0.AM: Starting proof for property "CS_div_fsm_s3_7"	[0.00 s].
6.0.AM: Trace Attempt  1	[0.00 s]
6.0.AM: Trace Attempt  2	[0.01 s]
6.0.B: Trace Attempt  1	[0.01 s]
6.0.B: Trace Attempt  2	[0.02 s]
6.0.B: Trace Attempt  3	[0.03 s]
6.0.B: Trace Attempt  4	[0.04 s]
6.0.AM: Trace Attempt  3	[0.03 s]
6.0.N: Trace Attempt  5	[0.12 s]
6.0.AM: Trace Attempt  4	[0.06 s]
6.0.B: Trace Attempt  5	[0.08 s]
6.0.Oh: bwd trail(1): 1 0.107936s
6.0.Oh: All properties either determined or skipped. [0.12 s]
6.0.AM: Trace Attempt  5	[0.08 s]
6.0.Oh: Exited with Success (@ 0.20 s)
6.0.Oh: Completed, Restart ignored.
6.0.Mpcustom4: Trace Attempt  3	[0.61 s]
6.0.Mpcustom4: Trace Attempt  3	[0.66 s]
6.0.Mpcustom4: Trace Attempt  4	[0.68 s]
6.0.Mpcustom4: Trace Attempt  4	[0.74 s]
6.0.Mpcustom4: Trace Attempt  5	[0.77 s]
6.0.AM: Trace Attempt  1	[0.76 s]
6.0.AM: Trace Attempt  2	[0.79 s]
6.0.AM: Trace Attempt  3	[0.79 s]
6.0.AM: Trace Attempt  5	[0.81 s]
6.0.N: Trace Attempt  1	[3.38 s]
6.0.N: Trace Attempt  2	[3.41 s]
6.0.N: Trace Attempt  3	[3.42 s]
6.0.N: Trace Attempt  5	[3.43 s]
6.0.B: Trace Attempt 31	[4.82 s]
6.0.Ht: Trace Attempt 31	[5.13 s]
6.0.Mpcustom4: Trace Attempt 15	[5.68 s]
6.0.AM: Trace Attempt 33	[8.96 s]
6.0.B: Trace Attempt 37	[9.44 s]
6.0.Mpcustom4: Trace Attempt 23	[11.39 s]
6.0.Mpcustom4: Trace Attempt 25	[15.85 s]
6.0.B: Trace Attempt 40	[17.07 s]
6.0.Mpcustom4: Trace Attempt 27	[20.37 s]
6.0.Ht: Trace Attempt 36	[22.89 s]
6.0.N: Requesting engine job to stop
6.0.B: Requesting engine job to stop
6.0.AM: Requesting engine job to stop
6.0.Hp: Requesting engine job to terminate
6.0.Ht: Requesting engine job to terminate
6.0.Mpcustom4: Requesting engine job to terminate
INFO (IPF144): 6: Initiating shutdown of proof [23.03 s]
6.0.B: A trace with 40 cycles was found. [22.91 s]
INFO (IPF047): 6.0.B: The cover property "CS_div_fsm_s3_7" was covered in 40 cycles in 22.94 s.
6.0.B: Stopped processing property "CS_div_fsm_s3_7"	[22.95 s].
6.0.B: All properties determined. [22.93 s]
6.0.N: Trace Attempt 38	[7.38 s]
6.0.N: Stopped processing property "CS_div_fsm_s3_7"	[23.06 s].
6.0.B: Exited with Success (@ 23.08 s)
6: ProofGrid usable level: 0
6.0.N: All properties determined. [23.06 s]
6.0.N: Exited with Success (@ 23.19 s)
6.0.Ht: Interrupted (multi)
6.0.Ht: Trace Attempt 40	[23.11 s]
6.0.Ht: All properties determined. [23.16 s]
6.0.Mpcustom4: Trace Attempt 31	[21.67 s]
6.0.Mpcustom4: All properties determined. [23.18 s]
6.0.Mpcustom4: Exited with Success (@ 23.25 s)
6.0.Ht: Exited with Success (@ 23.40 s)
6.0.AM: Trace Attempt 40	[11.45 s]
6.0.AM: Stopped processing property "CS_div_fsm_s3_7"	[23.48 s].
6.0.AM: All properties determined. [23.49 s]
6.0.AM: Exited with Success (@ 24.11 s)
6.0.Hp: Interrupted (multi)
6.0.Hp: All properties determined. [24.33 s]
6.0.Hp: Exited with Success (@ 24.59 s)
6: --------------------------------------------------------------
ProofGrid Summary (utilization 99.57 %)
--------------------------------------------------------------
     engines started                               :     7
     engine jobs started                           :     7

    Average time in state (seconds)
    ------------------------------------------------------
    Engine  Pending     Running        Dead    Utilization
    ------------------------------------------------------
      N        0.10       23.03        0.00       99.55 %
     Hp        0.08       23.03        0.00       99.65 %
     Ht        0.08       23.01        0.00       99.66 %
    Mpcustom4        0.08       22.99        0.00       99.67 %
     Oh        0.08        0.13        0.00       62.29 %
      B        0.09       22.94        0.00       99.62 %
     AM        0.09       22.94        0.00       99.62 %
    all        0.08       19.72        0.00       99.57 %

    Total time in state (seconds)
    -----------------------------------------
            Pending     Running        Dead  
    -----------------------------------------
               0.59      138.06        0.00

    Data read    : 119.17 kiB
    Data written : 9.77 kiB

6: All pending notifications were processed.
INFO (IPF059): 6: Completed proof on task: "mytask"
cover -name CS_div_fsm_s3_8 {@(posedge clk_i) !div_fsm_s3 ##1 div_fsm_s3 [*8] ##1 !div_fsm_s3 }
INFO (IPF036): Starting proof on task: "mytask", 1 properties to prove with 0 already proven/unreachable
INFO (IPF031): Settings used for proof thread 7:
    orchestration                 = on (auto)
    time_limit                    = 600s
    per_property_time_limit       = 1s * 10 ^ scan
    engine_mode                   = auto
    proofgrid_per_engine_max_jobs = 1
    max engine jobs               = auto
    proofgrid_mode                = local
    proofgrid_restarts            = 10
7: Using multistage preprocessing
7: Starting reduce
7: Finished reduce in 0.041s
7.0.PRE: Performing Proof Simplification...
7.0.N: clocks: 1, declared: 1, looping: 0, posedge: 1, negedge: 0, noedge: 0, bothedge: 0
7.0.N: Proof Simplification Iteration 1	[0.00 s]
7.0.N: Proof Simplification Iteration 2	[0.04 s]
7.0.N: Proof Simplification Iteration 3	[0.06 s]
7.0.N: Proof Simplification Iteration 4	[0.07 s]
7.0.N: Proof Simplification Iteration 5	[0.09 s]
7.0.N: Proof Simplification Iteration 6	[0.11 s]
7.0.N: Proof Simplification Iteration 7	[0.13 s]
7.0.N: Proof Simplification Iteration 8	[0.15 s]
7.0.N: Proof Simplification Iteration 9	[0.17 s]
7.0.N: Proof Simplification Iteration 10	[0.18 s]
7.0.PRE: Proof Simplification completed in 0.23 s
7: About to start ProofGrid in its own thread with a limit of 10000 pending notifications and a limit of 10 traces.
7: =============================== ProofGrid start ===============================
7: ProofGrid usable level: 1
7: Initial ProofGrid level: 1
7: ProofGrid is starting event handling
7.0.N: caddy15.stanford.edu: "Rocky Linux 8.10 (Green Obsidian)" is an unsupported operating system.
7.0.Hp: caddy15.stanford.edu: "Rocky Linux 8.10 (Green Obsidian)" is an unsupported operating system.
7.0.Ht: caddy15.stanford.edu: "Rocky Linux 8.10 (Green Obsidian)" is an unsupported operating system.
7.0.Mpcustom4: caddy15.stanford.edu: "Rocky Linux 8.10 (Green Obsidian)" is an unsupported operating system.
7.0.Oh: caddy15.stanford.edu: "Rocky Linux 8.10 (Green Obsidian)" is an unsupported operating system.
7.0.N: Proofgrid shell started at 3432329@caddy15.stanford.edu(local) jg_3426522_caddy15.stanford.edu_8
7.0.Hp: Proofgrid shell started at 3432330@caddy15.stanford.edu(local) jg_3426522_caddy15.stanford.edu_8
7.0.N: clocks: 1, declared: 1, looping: 0, posedge: 1, negedge: 0, noedge: 0, bothedge: 0
7.0.Hp: clocks: 1, declared: 1, looping: 0, posedge: 1, negedge: 0, noedge: 0, bothedge: 0
7.0.Ht: Proofgrid shell started at 3432352@caddy15.stanford.edu(local) jg_3426522_caddy15.stanford.edu_8
7.0.N: Last scan. Per property time limit: 0s
7.0.N: Starting proof for property "CS_div_fsm_s3_8"	[0.00 s].
7.0.N: Trace Attempt  1	[0.01 s]
7.0.N: Trace Attempt  2	[0.01 s]
7.0.N: Trace Attempt  3	[0.01 s]
7.0.Ht: clocks: 1, declared: 1, looping: 0, posedge: 1, negedge: 0, noedge: 0, bothedge: 0
7.0.Oh: Proofgrid shell started at 3432383@caddy15.stanford.edu(local) jg_3426522_caddy15.stanford.edu_8
7.0.N: Trace Attempt  3	[0.04 s]
7.0.N: Trace Attempt  4	[0.06 s]
7.0.N: Trace Attempt  5	[0.06 s]
7.0.Ht: Trace Attempt  1	[0.06 s]
7.0.Ht: Trace Attempt  2	[0.06 s]
7.0.Ht: Trace Attempt  3	[0.06 s]
7.0.Ht: Trace Attempt  4	[0.06 s]
7.0.Mpcustom4: Proofgrid shell started at 3432355@caddy15.stanford.edu(local) jg_3426522_caddy15.stanford.edu_8
7.0.Oh: clocks: 1, declared: 1, looping: 0, posedge: 1, negedge: 0, noedge: 0, bothedge: 0
7.0.Ht: Trace Attempt  5	[0.07 s]
7.0.N: Trace Attempt  5	[0.12 s]
7.0.Mpcustom4: clocks: 1, declared: 1, looping: 0, posedge: 1, negedge: 0, noedge: 0, bothedge: 0
7.0.Mpcustom4: Trace Attempt  1	[0.06 s]
7.0.Oh: bwd trail(1): 1 0.10562s
7.0.Oh: All properties either determined or skipped. [0.13 s]
7.0.Oh: Exited with Success (@ 0.23 s)
7.0.Oh: Completed, Restart ignored.
7.0.Mpcustom4: Trace Attempt  2	[0.10 s]
7.0.B: caddy15.stanford.edu: "Rocky Linux 8.10 (Green Obsidian)" is an unsupported operating system.
7.0.AM: caddy15.stanford.edu: "Rocky Linux 8.10 (Green Obsidian)" is an unsupported operating system.
7.0.AM: Proofgrid shell started at 3432404@caddy15.stanford.edu(local) jg_3426522_caddy15.stanford.edu_8
7.0.AM: clocks: 1, declared: 1, looping: 0, posedge: 1, negedge: 0, noedge: 0, bothedge: 0
7.0.AM: Last scan. Per property time limit: 0s
7.0.AM: Starting proof for property "CS_div_fsm_s3_8"	[0.00 s].
7.0.AM: Trace Attempt  1	[0.00 s]
7.0.AM: Trace Attempt  2	[0.01 s]
7.0.B: Proofgrid shell started at 3432399@caddy15.stanford.edu(local) jg_3426522_caddy15.stanford.edu_8
7.0.B: clocks: 1, declared: 1, looping: 0, posedge: 1, negedge: 0, noedge: 0, bothedge: 0
7.0.AM: Trace Attempt  3	[0.05 s]
7.0.B: Last scan. Per property time limit: 0s
7.0.B: Starting proof for property "CS_div_fsm_s3_8"	[0.00 s].
7.0.B: Trace Attempt  1	[0.02 s]
7.0.B: Trace Attempt  2	[0.03 s]
7.0.B: Trace Attempt  3	[0.05 s]
7.0.AM: Trace Attempt  4	[0.10 s]
7.0.B: Trace Attempt  4	[0.07 s]
7.0.AM: Trace Attempt  5	[0.14 s]
7.0.B: Trace Attempt  5	[0.14 s]
7.0.Mpcustom4: Trace Attempt  3	[0.76 s]
7.0.Mpcustom4: Trace Attempt  3	[0.81 s]
7.0.Mpcustom4: Trace Attempt  4	[0.83 s]
7.0.Mpcustom4: Trace Attempt  4	[0.89 s]
7.0.Mpcustom4: Trace Attempt  5	[0.91 s]
7.0.AM: Trace Attempt  1	[0.89 s]
7.0.AM: Trace Attempt  2	[0.92 s]
7.0.AM: Trace Attempt  3	[0.92 s]
7.0.AM: Trace Attempt  5	[0.93 s]
7.0.N: Trace Attempt  1	[3.03 s]
7.0.N: Trace Attempt  2	[3.06 s]
7.0.N: Trace Attempt  3	[3.07 s]
7.0.N: Trace Attempt  5	[3.08 s]
7.0.Ht: Trace Attempt 29	[4.17 s]
7.0.B: Trace Attempt 31	[4.74 s]
7.0.Mpcustom4: Trace Attempt 18	[5.50 s]
7.0.N: Trace Attempt 38	[7.59 s]
7.0.B: Trace Attempt 37	[8.91 s]
7.0.AM: Trace Attempt 30	[9.11 s]
7.0.Mpcustom4: Trace Attempt 25	[12.02 s]
7.0.B: Trace Attempt 40	[14.96 s]
7.0.N: Requesting engine job to stop
7.0.B: Requesting engine job to stop
7.0.AM: Requesting engine job to stop
7.0.Hp: Requesting engine job to terminate
7.0.Ht: Requesting engine job to terminate
7.0.Mpcustom4: Requesting engine job to terminate
INFO (IPF144): 7: Initiating shutdown of proof [19.91 s]
7.0.B: A trace with 40 cycles was found. [19.33 s]
INFO (IPF047): 7.0.B: The cover property "CS_div_fsm_s3_8" was covered in 40 cycles in 19.36 s.
7.0.B: Stopped processing property "CS_div_fsm_s3_8"	[19.38 s].
7.0.B: All properties determined. [19.35 s]
7.0.B: Exited with Success (@ 19.92 s)
7: ProofGrid usable level: 0
7.0.Hp: Interrupted (multi)
7.0.Hp: All properties determined. [19.93 s]
7.0.N: Stopped processing property "CS_div_fsm_s3_8"	[19.94 s].
7.0.N: All properties determined. [19.93 s]
7.0.N: Exited with Success (@ 19.97 s)
7.0.Mpcustom4: Trace Attempt 28	[15.85 s]
7.0.Mpcustom4: All properties determined. [19.94 s]
7.0.Mpcustom4: Exited with Success (@ 20.10 s)
7.0.AM: Trace Attempt 40	[12.32 s]
7.0.AM: Stopped processing property "CS_div_fsm_s3_8"	[19.63 s].
7.0.AM: All properties determined. [19.63 s]
7.0.Hp: Exited with Success (@ 20.14 s)
7.0.AM: Exited with Success (@ 20.40 s)
7.0.Ht: Interrupted (multi)
7.0.Ht: Trace Attempt 37	[7.54 s]
7.0.Ht: All properties determined. [21.57 s]
7.0.Ht: Exited with Success (@ 21.73 s)
7: --------------------------------------------------------------
ProofGrid Summary (utilization 98.70 %)
--------------------------------------------------------------
     engines started                               :     7
     engine jobs started                           :     7

    Average time in state (seconds)
    ------------------------------------------------------
    Engine  Pending     Running        Dead    Utilization
    ------------------------------------------------------
      N        0.11       19.90        0.00       99.44 %
     Hp        0.09       19.90        0.00       99.54 %
     Ht        0.09       19.87        0.00       99.54 %
    Mpcustom4        0.17       19.77        0.00       99.17 %
     Oh        0.10        0.13        0.00       56.34 %
      B        0.53       19.36        0.00       97.33 %
     AM        0.46       19.44        0.00       97.67 %
    all        0.22       16.91        0.00       98.70 %

    Total time in state (seconds)
    -----------------------------------------
            Pending     Running        Dead  
    -----------------------------------------
               1.56      118.37        0.00

    Data read    : 117.07 kiB
    Data written : 9.65 kiB

7: All pending notifications were processed.
INFO (IPF059): 7: Completed proof on task: "mytask"
cover -name CS_div_fsm_s3_9 {@(posedge clk_i) !div_fsm_s3 ##1 div_fsm_s3 [*9] ##1 !div_fsm_s3 }
INFO (IPF036): Starting proof on task: "mytask", 1 properties to prove with 0 already proven/unreachable
INFO (IPF031): Settings used for proof thread 8:
    orchestration                 = on (auto)
    time_limit                    = 600s
    per_property_time_limit       = 1s * 10 ^ scan
    engine_mode                   = auto
    proofgrid_per_engine_max_jobs = 1
    max engine jobs               = auto
    proofgrid_mode                = local
    proofgrid_restarts            = 10
8: Using multistage preprocessing
8: Starting reduce
8: Finished reduce in 0.041s
8.0.PRE: Performing Proof Simplification...
8.0.N: clocks: 1, declared: 1, looping: 0, posedge: 1, negedge: 0, noedge: 0, bothedge: 0
8.0.N: Proof Simplification Iteration 1	[0.00 s]
8.0.N: Proof Simplification Iteration 2	[0.04 s]
8.0.N: Proof Simplification Iteration 3	[0.06 s]
8.0.N: Proof Simplification Iteration 4	[0.07 s]
8.0.N: Proof Simplification Iteration 5	[0.09 s]
8.0.N: Proof Simplification Iteration 6	[0.11 s]
8.0.N: Proof Simplification Iteration 7	[0.13 s]
8.0.N: Proof Simplification Iteration 8	[0.15 s]
8.0.N: Proof Simplification Iteration 9	[0.17 s]
8.0.N: Proof Simplification Iteration 10	[0.18 s]
8.0.PRE: Proof Simplification completed in 0.23 s
8: About to start ProofGrid in its own thread with a limit of 10000 pending notifications and a limit of 10 traces.
8: =============================== ProofGrid start ===============================
8: ProofGrid usable level: 1
8: Initial ProofGrid level: 1
8: ProofGrid is starting event handling
8.0.N: caddy15.stanford.edu: "Rocky Linux 8.10 (Green Obsidian)" is an unsupported operating system.
8.0.Hp: caddy15.stanford.edu: "Rocky Linux 8.10 (Green Obsidian)" is an unsupported operating system.
8.0.Ht: caddy15.stanford.edu: "Rocky Linux 8.10 (Green Obsidian)" is an unsupported operating system.
8.0.Mpcustom4: caddy15.stanford.edu: "Rocky Linux 8.10 (Green Obsidian)" is an unsupported operating system.
8.0.N: Proofgrid shell started at 3432898@caddy15.stanford.edu(local) jg_3426522_caddy15.stanford.edu_9
8.0.Hp: Proofgrid shell started at 3432899@caddy15.stanford.edu(local) jg_3426522_caddy15.stanford.edu_9
8.0.N: clocks: 1, declared: 1, looping: 0, posedge: 1, negedge: 0, noedge: 0, bothedge: 0
8.0.Ht: Proofgrid shell started at 3432921@caddy15.stanford.edu(local) jg_3426522_caddy15.stanford.edu_9
8.0.Hp: clocks: 1, declared: 1, looping: 0, posedge: 1, negedge: 0, noedge: 0, bothedge: 0
8.0.Ht: clocks: 1, declared: 1, looping: 0, posedge: 1, negedge: 0, noedge: 0, bothedge: 0
8.0.N: Last scan. Per property time limit: 0s
8.0.N: Starting proof for property "CS_div_fsm_s3_9"	[0.00 s].
8.0.N: Trace Attempt  1	[0.01 s]
8.0.N: Trace Attempt  2	[0.01 s]
8.0.N: Trace Attempt  3	[0.01 s]
8.0.Ht: Trace Attempt  1	[0.04 s]
8.0.Ht: Trace Attempt  2	[0.04 s]
8.0.Ht: Trace Attempt  3	[0.04 s]
8.0.Mpcustom4: Proofgrid shell started at 3432940@caddy15.stanford.edu(local) jg_3426522_caddy15.stanford.edu_9
8.0.N: Trace Attempt  3	[0.05 s]
8.0.Ht: Trace Attempt  4	[0.05 s]
8.0.Ht: Trace Attempt  5	[0.06 s]
8.0.Mpcustom4: clocks: 1, declared: 1, looping: 0, posedge: 1, negedge: 0, noedge: 0, bothedge: 0
8.0.N: Trace Attempt  4	[0.07 s]
8.0.N: Trace Attempt  5	[0.07 s]
8.0.Mpcustom4: Trace Attempt  1	[0.04 s]
8.0.Mpcustom4: Trace Attempt  2	[0.06 s]
8.0.AM: caddy15.stanford.edu: "Rocky Linux 8.10 (Green Obsidian)" is an unsupported operating system.
8.0.Oh: caddy15.stanford.edu: "Rocky Linux 8.10 (Green Obsidian)" is an unsupported operating system.
8.0.N: Trace Attempt  5	[0.12 s]
8.0.B: caddy15.stanford.edu: "Rocky Linux 8.10 (Green Obsidian)" is an unsupported operating system.
8.0.AM: Proofgrid shell started at 3432960@caddy15.stanford.edu(local) jg_3426522_caddy15.stanford.edu_9
8.0.AM: clocks: 1, declared: 1, looping: 0, posedge: 1, negedge: 0, noedge: 0, bothedge: 0
8.0.AM: Last scan. Per property time limit: 0s
8.0.AM: Starting proof for property "CS_div_fsm_s3_9"	[0.00 s].
8.0.AM: Trace Attempt  1	[0.00 s]
8.0.Oh: Proofgrid shell started at 3432955@caddy15.stanford.edu(local) jg_3426522_caddy15.stanford.edu_9
8.0.AM: Trace Attempt  2	[0.01 s]
8.0.B: Proofgrid shell started at 3432959@caddy15.stanford.edu(local) jg_3426522_caddy15.stanford.edu_9
8.0.Oh: clocks: 1, declared: 1, looping: 0, posedge: 1, negedge: 0, noedge: 0, bothedge: 0
8.0.AM: Trace Attempt  3	[0.06 s]
8.0.B: clocks: 1, declared: 1, looping: 0, posedge: 1, negedge: 0, noedge: 0, bothedge: 0
8.0.B: Last scan. Per property time limit: 0s
8.0.B: Starting proof for property "CS_div_fsm_s3_9"	[0.00 s].
8.0.B: Trace Attempt  1	[0.02 s]
8.0.AM: Trace Attempt  4	[0.11 s]
8.0.B: Trace Attempt  2	[0.02 s]
8.0.B: Trace Attempt  3	[0.04 s]
8.0.B: Trace Attempt  4	[0.06 s]
8.0.AM: Trace Attempt  5	[0.16 s]
8.0.B: Trace Attempt  5	[0.14 s]
8.0.Mpcustom4: Trace Attempt  3	[0.61 s]
8.0.Oh: bwd trail(1): 1 0.110566s
8.0.Oh: All properties either determined or skipped. [0.22 s]
8.0.Oh: Exited with Success (@ 0.71 s)
8.0.Oh: Completed, Restart ignored.
8.0.Mpcustom4: Trace Attempt  3	[0.66 s]
8.0.Mpcustom4: Trace Attempt  4	[0.68 s]
8.0.Mpcustom4: Trace Attempt  4	[0.74 s]
8.0.Mpcustom4: Trace Attempt  5	[0.76 s]
8.0.AM: Trace Attempt  1	[1.24 s]
8.0.AM: Trace Attempt  2	[1.26 s]
8.0.AM: Trace Attempt  3	[1.27 s]
8.0.AM: Trace Attempt  5	[1.28 s]
8.0.N: Trace Attempt  1	[2.83 s]
8.0.N: Trace Attempt  2	[2.87 s]
8.0.N: Trace Attempt  3	[2.87 s]
8.0.N: Trace Attempt  5	[2.88 s]
8.0.B: Trace Attempt 35	[4.55 s]
8.0.Ht: Trace Attempt 32	[5.54 s]
8.0.Mpcustom4: Trace Attempt 16	[5.84 s]
8.0.N: Trace Attempt 37	[7.27 s]
8.0.AM: Trace Attempt 31	[9.42 s]
8.0.B: Trace Attempt 40	[13.01 s]
8.0.Mpcustom4: Trace Attempt 22	[15.22 s]
8.0.N: Requesting engine job to stop
8.0.B: Requesting engine job to stop
8.0.AM: Requesting engine job to stop
8.0.Hp: Requesting engine job to terminate
8.0.Ht: Requesting engine job to terminate
8.0.Mpcustom4: Requesting engine job to terminate
INFO (IPF144): 8: Initiating shutdown of proof [17.76 s]
8.0.B: A trace with 40 cycles was found. [17.20 s]
INFO (IPF047): 8.0.B: The cover property "CS_div_fsm_s3_9" was covered in 40 cycles in 17.25 s.
8.0.B: Stopped processing property "CS_div_fsm_s3_9"	[17.27 s].
8.0.B: All properties determined. [17.25 s]
8.0.B: Exited with Success (@ 17.78 s)
8: ProofGrid usable level: 0
8.0.Hp: Interrupted (multi)
8.0.Hp: All properties determined. [17.78 s]
8.0.N: Trace Attempt 38	[7.98 s]
8.0.N: Stopped processing property "CS_div_fsm_s3_9"	[17.78 s].
8.0.N: All properties determined. [17.78 s]
8.0.N: Exited with Success (@ 17.83 s)
8.0.Mpcustom4: All properties determined. [17.82 s]
8.0.Hp: Exited with Success (@ 17.92 s)
8.0.AM: Trace Attempt 40	[13.01 s]
8.0.AM: Stopped processing property "CS_div_fsm_s3_9"	[17.55 s].
8.0.Mpcustom4: Exited with Success (@ 18.01 s)
8.0.AM: All properties determined. [17.57 s]
8.0.AM: Exited with Success (@ 18.02 s)
8.0.Ht: Interrupted (multi)
8.0.Ht: Trace Attempt 35	[5.95 s]
8.0.Ht: All properties determined. [18.24 s]
8.0.Ht: Exited with Success (@ 18.54 s)
8: --------------------------------------------------------------
ProofGrid Summary (utilization 98.39 %)
--------------------------------------------------------------
     engines started                               :     7
     engine jobs started                           :     7

    Average time in state (seconds)
    ------------------------------------------------------
    Engine  Pending     Running        Dead    Utilization
    ------------------------------------------------------
      N        0.10       17.75        0.00       99.42 %
     Hp        0.08       17.75        0.00       99.53 %
     Ht        0.08       17.73        0.00       99.55 %
    Mpcustom4        0.11       17.69        0.00       99.39 %
     Oh        0.47        0.23        0.00       32.69 %
      B        0.49       17.25        0.00       97.26 %
     AM        0.40       17.34        0.00       97.74 %
    all        0.25       15.11        0.00       98.39 %

    Total time in state (seconds)
    -----------------------------------------
            Pending     Running        Dead  
    -----------------------------------------
               1.73      105.76        0.00

    Data read    : 117.50 kiB
    Data written : 16.99 kiB

8: All pending notifications were processed.
INFO (IPF059): 8: Completed proof on task: "mytask"
cover -name CS_div_fsm_s3_10 {@(posedge clk_i) !div_fsm_s3 ##1 div_fsm_s3 [*10] ##1 !div_fsm_s3 }
INFO (IPF036): Starting proof on task: "mytask", 1 properties to prove with 0 already proven/unreachable
INFO (IPF031): Settings used for proof thread 9:
    orchestration                 = on (auto)
    time_limit                    = 600s
    per_property_time_limit       = 1s * 10 ^ scan
    engine_mode                   = auto
    proofgrid_per_engine_max_jobs = 1
    max engine jobs               = auto
    proofgrid_mode                = local
    proofgrid_restarts            = 10
9: Using multistage preprocessing
9: Starting reduce
9: Finished reduce in 0.041s
9.0.PRE: Performing Proof Simplification...
9.0.N: clocks: 1, declared: 1, looping: 0, posedge: 1, negedge: 0, noedge: 0, bothedge: 0
9.0.N: Proof Simplification Iteration 1	[0.00 s]
9.0.N: Proof Simplification Iteration 2	[0.04 s]
9.0.N: Proof Simplification Iteration 3	[0.06 s]
9.0.N: Proof Simplification Iteration 4	[0.07 s]
9.0.N: Proof Simplification Iteration 5	[0.09 s]
9.0.N: Proof Simplification Iteration 6	[0.11 s]
9.0.N: Proof Simplification Iteration 7	[0.13 s]
9.0.N: Proof Simplification Iteration 8	[0.15 s]
9.0.N: Proof Simplification Iteration 9	[0.16 s]
9.0.N: Proof Simplification Iteration 10	[0.18 s]
9.0.PRE: Proof Simplification completed in 0.23 s
9: About to start ProofGrid in its own thread with a limit of 10000 pending notifications and a limit of 10 traces.
9: =============================== ProofGrid start ===============================
9: ProofGrid usable level: 1
9: Initial ProofGrid level: 1
9: ProofGrid is starting event handling
9.0.Hp: caddy15.stanford.edu: "Rocky Linux 8.10 (Green Obsidian)" is an unsupported operating system.
9.0.N: caddy15.stanford.edu: "Rocky Linux 8.10 (Green Obsidian)" is an unsupported operating system.
9.0.Ht: caddy15.stanford.edu: "Rocky Linux 8.10 (Green Obsidian)" is an unsupported operating system.
9.0.N: Proofgrid shell started at 3433350@caddy15.stanford.edu(local) jg_3426522_caddy15.stanford.edu_10
9.0.Hp: Proofgrid shell started at 3433351@caddy15.stanford.edu(local) jg_3426522_caddy15.stanford.edu_10
9.0.Mpcustom4: caddy15.stanford.edu: "Rocky Linux 8.10 (Green Obsidian)" is an unsupported operating system.
9.0.N: clocks: 1, declared: 1, looping: 0, posedge: 1, negedge: 0, noedge: 0, bothedge: 0
9.0.Ht: Proofgrid shell started at 3433373@caddy15.stanford.edu(local) jg_3426522_caddy15.stanford.edu_10
9.0.N: Last scan. Per property time limit: 0s
9.0.N: Starting proof for property "CS_div_fsm_s3_10"	[0.00 s].
9.0.N: Trace Attempt  1	[0.01 s]
9.0.Hp: clocks: 1, declared: 1, looping: 0, posedge: 1, negedge: 0, noedge: 0, bothedge: 0
9.0.N: Trace Attempt  2	[0.01 s]
9.0.N: Trace Attempt  3	[0.01 s]
9.0.Ht: clocks: 1, declared: 1, looping: 0, posedge: 1, negedge: 0, noedge: 0, bothedge: 0
9.0.Mpcustom4: Proofgrid shell started at 3433392@caddy15.stanford.edu(local) jg_3426522_caddy15.stanford.edu_10
9.0.AM: caddy15.stanford.edu: "Rocky Linux 8.10 (Green Obsidian)" is an unsupported operating system.
9.0.Ht: Trace Attempt  1	[0.04 s]
9.0.Ht: Trace Attempt  2	[0.04 s]
9.0.Ht: Trace Attempt  3	[0.04 s]
9.0.Mpcustom4: clocks: 1, declared: 1, looping: 0, posedge: 1, negedge: 0, noedge: 0, bothedge: 0
9.0.Ht: Trace Attempt  4	[0.05 s]
9.0.B: caddy15.stanford.edu: "Rocky Linux 8.10 (Green Obsidian)" is an unsupported operating system.
9.0.N: Trace Attempt  3	[0.06 s]
9.0.Ht: Trace Attempt  5	[0.05 s]
9.0.N: Trace Attempt  4	[0.07 s]
9.0.N: Trace Attempt  5	[0.07 s]
9.0.Mpcustom4: Trace Attempt  1	[0.04 s]
9.0.Mpcustom4: Trace Attempt  2	[0.06 s]
9.0.AM: Proofgrid shell started at 3433412@caddy15.stanford.edu(local) jg_3426522_caddy15.stanford.edu_10
9.0.AM: clocks: 1, declared: 1, looping: 0, posedge: 1, negedge: 0, noedge: 0, bothedge: 0
9.0.N: Trace Attempt  5	[0.13 s]
9.0.AM: Last scan. Per property time limit: 0s
9.0.AM: Starting proof for property "CS_div_fsm_s3_10"	[0.00 s].
9.0.Oh: caddy15.stanford.edu: "Rocky Linux 8.10 (Green Obsidian)" is an unsupported operating system.
9.0.AM: Trace Attempt  1	[0.00 s]
9.0.AM: Trace Attempt  2	[0.01 s]
9.0.AM: Trace Attempt  3	[0.03 s]
9.0.AM: Trace Attempt  4	[0.06 s]
9.0.AM: Trace Attempt  5	[0.08 s]
9.0.B: Proofgrid shell started at 3433411@caddy15.stanford.edu(local) jg_3426522_caddy15.stanford.edu_10
9.0.B: clocks: 1, declared: 1, looping: 0, posedge: 1, negedge: 0, noedge: 0, bothedge: 0
9.0.B: Last scan. Per property time limit: 0s
9.0.B: Starting proof for property "CS_div_fsm_s3_10"	[0.00 s].
9.0.B: Trace Attempt  1	[0.01 s]
9.0.Oh: Proofgrid shell started at 3433406@caddy15.stanford.edu(local) jg_3426522_caddy15.stanford.edu_10
9.0.B: Trace Attempt  2	[0.04 s]
9.0.B: Trace Attempt  3	[0.07 s]
9.0.Oh: clocks: 1, declared: 1, looping: 0, posedge: 1, negedge: 0, noedge: 0, bothedge: 0
9.0.B: Trace Attempt  4	[0.10 s]
9.0.Oh: bwd trail(1): 1 0.105s
9.0.Oh: All properties either determined or skipped. [0.16 s]
9.0.B: Trace Attempt  5	[0.22 s]
9.0.Oh: Exited with Success (@ 0.62 s)
9.0.Oh: Completed, Restart ignored.
9.0.Mpcustom4: Trace Attempt  3	[0.60 s]
9.0.Mpcustom4: Trace Attempt  3	[0.65 s]
9.0.Mpcustom4: Trace Attempt  4	[0.67 s]
9.0.Mpcustom4: Trace Attempt  4	[0.73 s]
9.0.Mpcustom4: Trace Attempt  5	[0.75 s]
9.0.AM: Trace Attempt  1	[1.00 s]
9.0.AM: Trace Attempt  2	[1.03 s]
9.0.AM: Trace Attempt  3	[1.04 s]
9.0.AM: Trace Attempt  5	[1.05 s]
9.0.AM: Trace Attempt  1	[3.01 s]
9.0.AM: Trace Attempt  2	[3.04 s]
9.0.AM: Trace Attempt  3	[3.05 s]
9.0.AM: Trace Attempt  5	[3.06 s]
9.0.Ht: Trace Attempt 29	[4.06 s]
9.0.N: Trace Attempt 19	[4.25 s]
9.0.B: Trace Attempt 26	[4.23 s]
9.0.Mpcustom4: Trace Attempt 14	[5.29 s]
9.0.N: Trace Attempt  1	[6.96 s]
9.0.N: Trace Attempt  2	[6.99 s]
9.0.N: Trace Attempt  3	[7.00 s]
9.0.N: Trace Attempt  5	[7.01 s]
9.0.B: Trace Attempt 35	[8.57 s]
9.0.Mpcustom4: Trace Attempt 19	[9.84 s]
9.0.AM: Trace Attempt 28	[10.38 s]
9.0.B: Trace Attempt 39	[13.49 s]
9.0.Mpcustom4: Trace Attempt 25	[13.86 s]
9.0.N: Trace Attempt 36	[15.47 s]
9.0.Ht: Trace Attempt 34	[16.27 s]
9.0.Mpcustom4: Trace Attempt 27	[21.20 s]
9.0.N: Requesting engine job to stop
9.0.B: Requesting engine job to stop
9.0.AM: Requesting engine job to stop
9.0.Hp: Requesting engine job to terminate
9.0.Ht: Requesting engine job to terminate
9.0.Mpcustom4: Requesting engine job to terminate
INFO (IPF144): 9: Initiating shutdown of proof [21.82 s]
9.0.B: Trace Attempt 40	[15.80 s]
9.0.B: A trace with 40 cycles was found. [21.41 s]
INFO (IPF047): 9.0.B: The cover property "CS_div_fsm_s3_10" was covered in 40 cycles in 21.44 s.
9.0.B: Stopped processing property "CS_div_fsm_s3_10"	[21.47 s].
9.0.B: All properties determined. [21.43 s]
9.0.B: Exited with Success (@ 21.83 s)
9: ProofGrid usable level: 0
9.0.Hp: Interrupted (multi)
9.0.Hp: All properties determined. [21.81 s]
9.0.Ht: Interrupted (multi)
9.0.Ht: Trace Attempt 40	[16.71 s]
9.0.Ht: All properties determined. [21.80 s]
9.0.AM: Trace Attempt 40	[13.09 s]
9.0.AM: Stopped processing property "CS_div_fsm_s3_10"	[21.74 s].
9.0.AM: All properties determined. [21.74 s]
9.0.AM: Exited with Success (@ 21.91 s)
9.0.N: Trace Attempt 39	[18.27 s]
9.0.N: Stopped processing property "CS_div_fsm_s3_10"	[21.93 s].
9.0.N: All properties determined. [21.93 s]
9.0.N: Exited with Success (@ 21.97 s)
9.0.Hp: Exited with Success (@ 22.02 s)
9.0.Mpcustom4: All properties determined. [21.96 s]
9.0.Ht: Exited with Success (@ 22.26 s)
9.0.Mpcustom4: Exited with Success (@ 22.26 s)
9: --------------------------------------------------------------
ProofGrid Summary (utilization 99.03 %)
--------------------------------------------------------------
     engines started                               :     7
     engine jobs started                           :     7

    Average time in state (seconds)
    ------------------------------------------------------
    Engine  Pending     Running        Dead    Utilization
    ------------------------------------------------------
      N        0.11       21.81        0.00       99.52 %
     Hp        0.10       21.79        0.00       99.57 %
     Ht        0.09       21.79        0.00       99.60 %
    Mpcustom4        0.09       21.75        0.00       99.60 %
     Oh        0.44        0.15        0.00       25.84 %
      B        0.32       21.45        0.00       98.51 %
     AM        0.13       21.67        0.00       99.41 %
    all        0.18       18.63        0.00       99.03 %

    Total time in state (seconds)
    -----------------------------------------
            Pending     Running        Dead  
    -----------------------------------------
               1.27      130.42        0.00

    Data read    : 119.47 kiB
    Data written : 21.03 kiB

9: All pending notifications were processed.
INFO (IPF059): 9: Completed proof on task: "mytask"
cover -name CS_div_fsm_s3_11 {@(posedge clk_i) !div_fsm_s3 ##1 div_fsm_s3 [*11] ##1 !div_fsm_s3 }
INFO (IPF036): Starting proof on task: "mytask", 1 properties to prove with 0 already proven/unreachable
INFO (IPF031): Settings used for proof thread 10:
    orchestration                 = on (auto)
    time_limit                    = 600s
    per_property_time_limit       = 1s * 10 ^ scan
    engine_mode                   = auto
    proofgrid_per_engine_max_jobs = 1
    max engine jobs               = auto
    proofgrid_mode                = local
    proofgrid_restarts            = 10
10: Using multistage preprocessing
10: Starting reduce
10: Finished reduce in 0.042s
10.0.PRE: Performing Proof Simplification...
10.0.N: clocks: 1, declared: 1, looping: 0, posedge: 1, negedge: 0, noedge: 0, bothedge: 0
10.0.N: Proof Simplification Iteration 1	[0.00 s]
10.0.N: Proof Simplification Iteration 2	[0.04 s]
10.0.N: Proof Simplification Iteration 3	[0.06 s]
10.0.N: Proof Simplification Iteration 4	[0.07 s]
10.0.N: Proof Simplification Iteration 5	[0.09 s]
10.0.N: Proof Simplification Iteration 6	[0.11 s]
10.0.N: Proof Simplification Iteration 7	[0.13 s]
10.0.N: Proof Simplification Iteration 8	[0.15 s]
10.0.N: Proof Simplification Iteration 9	[0.17 s]
10.0.N: Proof Simplification Iteration 10	[0.18 s]
10.0.PRE: Proof Simplification completed in 0.23 s
10: About to start ProofGrid in its own thread with a limit of 10000 pending notifications and a limit of 10 traces.
10: =============================== ProofGrid start ===============================
10: ProofGrid usable level: 1
10: Initial ProofGrid level: 1
10: ProofGrid is starting event handling
10.0.N: caddy15.stanford.edu: "Rocky Linux 8.10 (Green Obsidian)" is an unsupported operating system.
10.0.Hp: caddy15.stanford.edu: "Rocky Linux 8.10 (Green Obsidian)" is an unsupported operating system.
10.0.Ht: caddy15.stanford.edu: "Rocky Linux 8.10 (Green Obsidian)" is an unsupported operating system.
10.0.Hp: Proofgrid shell started at 3433920@caddy15.stanford.edu(local) jg_3426522_caddy15.stanford.edu_11
10.0.Mpcustom4: caddy15.stanford.edu: "Rocky Linux 8.10 (Green Obsidian)" is an unsupported operating system.
10.0.Hp: clocks: 1, declared: 1, looping: 0, posedge: 1, negedge: 0, noedge: 0, bothedge: 0
10.0.N: Proofgrid shell started at 3433919@caddy15.stanford.edu(local) jg_3426522_caddy15.stanford.edu_11
10.0.N: clocks: 1, declared: 1, looping: 0, posedge: 1, negedge: 0, noedge: 0, bothedge: 0
10.0.Ht: Proofgrid shell started at 3433942@caddy15.stanford.edu(local) jg_3426522_caddy15.stanford.edu_11
10.0.N: Last scan. Per property time limit: 0s
10.0.N: Starting proof for property "CS_div_fsm_s3_11"	[0.00 s].
10.0.N: Trace Attempt  1	[0.01 s]
10.0.N: Trace Attempt  2	[0.01 s]
10.0.N: Trace Attempt  3	[0.01 s]
10.0.Ht: clocks: 1, declared: 1, looping: 0, posedge: 1, negedge: 0, noedge: 0, bothedge: 0
10.0.Mpcustom4: Proofgrid shell started at 3433961@caddy15.stanford.edu(local) jg_3426522_caddy15.stanford.edu_11
10.0.N: Trace Attempt  3	[0.04 s]
10.0.Mpcustom4: clocks: 1, declared: 1, looping: 0, posedge: 1, negedge: 0, noedge: 0, bothedge: 0
10.0.Ht: Trace Attempt  1	[0.04 s]
10.0.Ht: Trace Attempt  2	[0.04 s]
10.0.Ht: Trace Attempt  3	[0.04 s]
10.0.N: Trace Attempt  4	[0.06 s]
10.0.N: Trace Attempt  5	[0.06 s]
10.0.Ht: Trace Attempt  4	[0.05 s]
10.0.Ht: Trace Attempt  5	[0.06 s]
10.0.Mpcustom4: Trace Attempt  1	[0.04 s]
10.0.Mpcustom4: Trace Attempt  2	[0.06 s]
10.0.N: Trace Attempt  5	[0.12 s]
10.0.Oh: caddy15.stanford.edu: "Rocky Linux 8.10 (Green Obsidian)" is an unsupported operating system.
10.0.B: caddy15.stanford.edu: "Rocky Linux 8.10 (Green Obsidian)" is an unsupported operating system.
10.0.AM: caddy15.stanford.edu: "Rocky Linux 8.10 (Green Obsidian)" is an unsupported operating system.
10.0.Oh: Proofgrid shell started at 3433972@caddy15.stanford.edu(local) jg_3426522_caddy15.stanford.edu_11
10.0.AM: Proofgrid shell started at 3433980@caddy15.stanford.edu(local) jg_3426522_caddy15.stanford.edu_11
10.0.B: Proofgrid shell started at 3433978@caddy15.stanford.edu(local) jg_3426522_caddy15.stanford.edu_11
10.0.AM: clocks: 1, declared: 1, looping: 0, posedge: 1, negedge: 0, noedge: 0, bothedge: 0
10.0.AM: Last scan. Per property time limit: 0s
10.0.AM: Starting proof for property "CS_div_fsm_s3_11"	[0.00 s].
10.0.B: clocks: 1, declared: 1, looping: 0, posedge: 1, negedge: 0, noedge: 0, bothedge: 0
10.0.AM: Trace Attempt  1	[0.01 s]
10.0.AM: Trace Attempt  2	[0.01 s]
10.0.Oh: clocks: 1, declared: 1, looping: 0, posedge: 1, negedge: 0, noedge: 0, bothedge: 0
10.0.B: Last scan. Per property time limit: 0s
10.0.B: Starting proof for property "CS_div_fsm_s3_11"	[0.00 s].
10.0.B: Trace Attempt  1	[0.02 s]
10.0.B: Trace Attempt  2	[0.03 s]
10.0.AM: Trace Attempt  3	[0.07 s]
10.0.B: Trace Attempt  3	[0.05 s]
10.0.B: Trace Attempt  4	[0.07 s]
10.0.AM: Trace Attempt  4	[0.12 s]
10.0.Mpcustom4: Trace Attempt  3	[0.62 s]
10.0.B: Trace Attempt  5	[0.14 s]
10.0.AM: Trace Attempt  5	[0.17 s]
10.0.Mpcustom4: Trace Attempt  3	[0.66 s]
10.0.Mpcustom4: Trace Attempt  4	[0.69 s]
10.0.Oh: bwd trail(1): 1 0.112963s
10.0.Oh: All properties either determined or skipped. [0.24 s]
10.0.Oh: Exited with Success (@ 0.79 s)
10.0.Mpcustom4: Trace Attempt  4	[0.74 s]
10.0.Mpcustom4: Trace Attempt  5	[0.77 s]
10.0.AM: Trace Attempt  1	[1.18 s]
10.0.AM: Trace Attempt  2	[1.20 s]
10.0.AM: Trace Attempt  3	[1.21 s]
10.0.AM: Trace Attempt  5	[1.22 s]
10.0.Ht: Trace Attempt 29	[4.39 s]
10.0.Mpcustom4: Trace Attempt 15	[4.77 s]
10.0.N: Trace Attempt 20	[4.82 s]
10.0.B: Trace Attempt 28	[4.39 s]
10.0.N: Trace Attempt  1	[8.87 s]
10.0.N: Trace Attempt  2	[8.90 s]
10.0.N: Trace Attempt  3	[8.91 s]
10.0.N: Trace Attempt  5	[8.92 s]
10.0.Mpcustom4: Trace Attempt 21	[9.97 s]
10.0.B: Trace Attempt 35	[9.75 s]
10.0.AM: Trace Attempt  1	[9.81 s]
10.0.AM: Trace Attempt  2	[9.84 s]
10.0.AM: Trace Attempt  3	[9.85 s]
10.0.AM: Trace Attempt  5	[9.86 s]
10.0.N: Trace Attempt 37	[13.06 s]
10.0.Mpcustom4: Trace Attempt 24	[14.21 s]
10.0.B: Trace Attempt 39	[14.10 s]
10.0.AM: Trace Attempt 28	[17.62 s]
10.0.Mpcustom4: Trace Attempt 27	[18.78 s]
10.0.Ht: Trace Attempt 35	[20.42 s]
10.0.N: Requesting engine job to stop
10.0.B: Requesting engine job to stop
10.0.AM: Requesting engine job to stop
10.0.Hp: Requesting engine job to terminate
10.0.Ht: Requesting engine job to terminate
10.0.Mpcustom4: Requesting engine job to terminate
INFO (IPF144): 10: Initiating shutdown of proof [20.90 s]
10.0.B: Trace Attempt 40	[17.97 s]
10.0.B: A trace with 40 cycles was found. [20.33 s]
INFO (IPF047): 10.0.B: The cover property "CS_div_fsm_s3_11" was covered in 40 cycles in 20.35 s.
10.0.B: Stopped processing property "CS_div_fsm_s3_11"	[20.36 s].
10.0.Ht: Interrupted (multi)
10.0.Ht: Trace Attempt 40	[20.69 s]
10.0.Ht: All properties determined. [20.86 s]
10.0.Hp: Interrupted (multi)
10.0.Hp: All properties determined. [20.90 s]
10.0.B: All properties determined. [20.35 s]
10.0.N: Trace Attempt 38	[15.71 s]
10.0.N: Stopped processing property "CS_div_fsm_s3_11"	[20.91 s].
10.0.B: Exited with Success (@ 20.95 s)
10: ProofGrid usable level: 0
10.0.N: All properties determined. [20.92 s]
10.0.N: Exited with Success (@ 21.08 s)
10.0.AM: Trace Attempt 38	[19.45 s]
10.0.AM: Stopped processing property "CS_div_fsm_s3_11"	[20.57 s].
10.0.Hp: Exited with Success (@ 21.09 s)
10.0.Mpcustom4: Trace Attempt 29	[18.87 s]
10.0.Mpcustom4: All properties determined. [21.02 s]
10.0.AM: All properties determined. [20.57 s]
10.0.AM: Exited with Success (@ 21.11 s)
10.0.Mpcustom4: Exited with Success (@ 21.11 s)
10.0.Ht: Exited with Success (@ 21.15 s)
10: --------------------------------------------------------------
ProofGrid Summary (utilization 98.55 %)
--------------------------------------------------------------
     engines started                               :     7
     engine jobs started                           :     7

    Average time in state (seconds)
    ------------------------------------------------------
    Engine  Pending     Running        Dead    Utilization
    ------------------------------------------------------
      N        0.10       20.88        0.00       99.50 %
     Hp        0.07       20.90        0.00       99.68 %
     Ht        0.09       20.86        0.00       99.59 %
    Mpcustom4        0.09       20.83        0.00       99.58 %
     Oh        0.50        0.25        0.00       33.66 %
      B        0.50       20.38        0.00       97.61 %
     AM        0.49       20.39        0.00       97.64 %
    all        0.26       17.79        0.00       98.55 %

    Total time in state (seconds)
    -----------------------------------------
            Pending     Running        Dead  
    -----------------------------------------
               1.84      124.50        0.00

    Data read    : 120.89 kiB
    Data written : 13.21 kiB

10: All pending notifications were processed.
INFO (IPF059): 10: Completed proof on task: "mytask"
cover -name CS_div_fsm_s3_12 {@(posedge clk_i) !div_fsm_s3 ##1 div_fsm_s3 [*12] ##1 !div_fsm_s3 }
INFO (IPF036): Starting proof on task: "mytask", 1 properties to prove with 0 already proven/unreachable
INFO (IPF031): Settings used for proof thread 11:
    orchestration                 = on (auto)
    time_limit                    = 600s
    per_property_time_limit       = 1s * 10 ^ scan
    engine_mode                   = auto
    proofgrid_per_engine_max_jobs = 1
    max engine jobs               = auto
    proofgrid_mode                = local
    proofgrid_restarts            = 10
11: Using multistage preprocessing
11: Starting reduce
11: Finished reduce in 0.042s
11.0.PRE: Performing Proof Simplification...
11.0.N: clocks: 1, declared: 1, looping: 0, posedge: 1, negedge: 0, noedge: 0, bothedge: 0
11.0.N: Proof Simplification Iteration 1	[0.00 s]
11.0.N: Proof Simplification Iteration 2	[0.04 s]
11.0.N: Proof Simplification Iteration 3	[0.06 s]
11.0.N: Proof Simplification Iteration 4	[0.07 s]
11.0.N: Proof Simplification Iteration 5	[0.09 s]
11.0.N: Proof Simplification Iteration 6	[0.11 s]
11.0.N: Proof Simplification Iteration 7	[0.13 s]
11.0.N: Proof Simplification Iteration 8	[0.15 s]
11.0.N: Proof Simplification Iteration 9	[0.17 s]
11.0.N: Proof Simplification Iteration 10	[0.18 s]
11.0.PRE: Proof Simplification completed in 0.23 s
11: About to start ProofGrid in its own thread with a limit of 10000 pending notifications and a limit of 10 traces.
11: =============================== ProofGrid start ===============================
11: ProofGrid usable level: 1
11: Initial ProofGrid level: 1
11: ProofGrid is starting event handling
11.0.N: caddy15.stanford.edu: "Rocky Linux 8.10 (Green Obsidian)" is an unsupported operating system.
11.0.Hp: caddy15.stanford.edu: "Rocky Linux 8.10 (Green Obsidian)" is an unsupported operating system.
11.0.Mpcustom4: caddy15.stanford.edu: "Rocky Linux 8.10 (Green Obsidian)" is an unsupported operating system.
11.0.Ht: caddy15.stanford.edu: "Rocky Linux 8.10 (Green Obsidian)" is an unsupported operating system.
11.0.Oh: caddy15.stanford.edu: "Rocky Linux 8.10 (Green Obsidian)" is an unsupported operating system.
11.0.N: Proofgrid shell started at 3434372@caddy15.stanford.edu(local) jg_3426522_caddy15.stanford.edu_12
11.0.Hp: Proofgrid shell started at 3434373@caddy15.stanford.edu(local) jg_3426522_caddy15.stanford.edu_12
11.0.N: clocks: 1, declared: 1, looping: 0, posedge: 1, negedge: 0, noedge: 0, bothedge: 0
11.0.N: Last scan. Per property time limit: 0s
11.0.N: Starting proof for property "CS_div_fsm_s3_12"	[0.00 s].
11.0.N: Trace Attempt  1	[0.01 s]
11.0.Hp: clocks: 1, declared: 1, looping: 0, posedge: 1, negedge: 0, noedge: 0, bothedge: 0
11.0.N: Trace Attempt  2	[0.01 s]
11.0.N: Trace Attempt  3	[0.01 s]
11.0.Mpcustom4: Proofgrid shell started at 3434398@caddy15.stanford.edu(local) jg_3426522_caddy15.stanford.edu_12
11.0.N: Trace Attempt  3	[0.04 s]
11.0.Ht: Proofgrid shell started at 3434395@caddy15.stanford.edu(local) jg_3426522_caddy15.stanford.edu_12
11.0.Mpcustom4: clocks: 1, declared: 1, looping: 0, posedge: 1, negedge: 0, noedge: 0, bothedge: 0
11.0.N: Trace Attempt  4	[0.06 s]
11.0.N: Trace Attempt  5	[0.06 s]
11.0.Ht: clocks: 1, declared: 1, looping: 0, posedge: 1, negedge: 0, noedge: 0, bothedge: 0
11.0.Mpcustom4: Trace Attempt  1	[0.04 s]
11.0.Mpcustom4: Trace Attempt  2	[0.06 s]
11.0.Ht: Trace Attempt  1	[0.06 s]
11.0.Ht: Trace Attempt  2	[0.06 s]
11.0.N: Trace Attempt  5	[0.11 s]
11.0.Ht: Trace Attempt  3	[0.06 s]
11.0.Ht: Trace Attempt  4	[0.07 s]
11.0.Ht: Trace Attempt  5	[0.07 s]
11.0.Oh: Proofgrid shell started at 3434422@caddy15.stanford.edu(local) jg_3426522_caddy15.stanford.edu_12
11.0.Oh: clocks: 1, declared: 1, looping: 0, posedge: 1, negedge: 0, noedge: 0, bothedge: 0
11.0.AM: caddy15.stanford.edu: "Rocky Linux 8.10 (Green Obsidian)" is an unsupported operating system.
11.0.B: caddy15.stanford.edu: "Rocky Linux 8.10 (Green Obsidian)" is an unsupported operating system.
11.0.Oh: bwd trail(1): 1 0.112759s
11.0.Oh: All properties either determined or skipped. [0.26 s]
11.0.Oh: Exited with Success (@ 0.46 s)
11.0.AM: Proofgrid shell started at 3434446@caddy15.stanford.edu(local) jg_3426522_caddy15.stanford.edu_12
11.0.B: Proofgrid shell started at 3434430@caddy15.stanford.edu(local) jg_3426522_caddy15.stanford.edu_12
11.0.AM: clocks: 1, declared: 1, looping: 0, posedge: 1, negedge: 0, noedge: 0, bothedge: 0
11.0.AM: Last scan. Per property time limit: 0s
11.0.AM: Starting proof for property "CS_div_fsm_s3_12"	[0.00 s].
11.0.AM: Trace Attempt  1	[0.00 s]
11.0.AM: Trace Attempt  2	[0.01 s]
11.0.B: clocks: 1, declared: 1, looping: 0, posedge: 1, negedge: 0, noedge: 0, bothedge: 0
11.0.AM: Trace Attempt  3	[0.04 s]
11.0.B: Last scan. Per property time limit: 0s
11.0.B: Starting proof for property "CS_div_fsm_s3_12"	[0.00 s].
11.0.B: Trace Attempt  1	[0.02 s]
11.0.B: Trace Attempt  2	[0.03 s]
11.0.B: Trace Attempt  3	[0.05 s]
11.0.B: Trace Attempt  4	[0.07 s]
11.0.AM: Trace Attempt  4	[0.10 s]
11.0.Mpcustom4: Trace Attempt  3	[0.61 s]
11.0.AM: Trace Attempt  5	[0.15 s]
11.0.Mpcustom4: Trace Attempt  3	[0.65 s]
11.0.B: Trace Attempt  5	[0.15 s]
11.0.Mpcustom4: Trace Attempt  4	[0.68 s]
11.0.Mpcustom4: Trace Attempt  4	[0.73 s]
11.0.Mpcustom4: Trace Attempt  5	[0.76 s]
11.0.AM: Trace Attempt  1	[2.45 s]
11.0.AM: Trace Attempt  2	[2.48 s]
11.0.AM: Trace Attempt  3	[2.48 s]
11.0.AM: Trace Attempt  5	[2.50 s]
11.0.N: Trace Attempt 22	[4.11 s]
11.0.N: Trace Attempt  1	[4.44 s]
11.0.N: Trace Attempt  2	[4.48 s]
11.0.N: Trace Attempt  3	[4.48 s]
11.0.N: Trace Attempt  5	[4.50 s]
11.0.Ht: Trace Attempt 30	[4.58 s]
11.0.B: Trace Attempt 25	[4.16 s]
11.0.Mpcustom4: Trace Attempt 16	[7.62 s]
11.0.N: Trace Attempt 38	[8.79 s]
11.0.B: Trace Attempt 32	[9.29 s]
11.0.AM: Trace Attempt 34	[11.31 s]
11.0.B: Trace Attempt 37	[14.36 s]
11.0.Mpcustom4: Trace Attempt 16	[14.90 s]
11.0.Mpcustom4: Trace Attempt 16	[18.95 s]
11.0.Ht: Trace Attempt 35	[20.86 s]
11.0.N: Requesting engine job to stop
11.0.B: Requesting engine job to stop
11.0.AM: Requesting engine job to stop
11.0.Hp: Requesting engine job to terminate
11.0.Ht: Requesting engine job to terminate
11.0.Mpcustom4: Requesting engine job to terminate
INFO (IPF144): 11: Initiating shutdown of proof [22.69 s]
11.0.B: Trace Attempt 40	[18.35 s]
11.0.B: A trace with 40 cycles was found. [22.10 s]
INFO (IPF047): 11.0.B: The cover property "CS_div_fsm_s3_12" was covered in 40 cycles in 22.15 s.
11.0.B: Stopped processing property "CS_div_fsm_s3_12"	[22.17 s].
11.0.Hp: Interrupted (multi)
11.0.Hp: All properties determined. [22.68 s]
11.0.B: All properties determined. [22.15 s]
11.0.B: Exited with Success (@ 22.70 s)
11: ProofGrid usable level: 0
11.0.N: Stopped processing property "CS_div_fsm_s3_12"	[22.72 s].
11.0.N: All properties determined. [22.72 s]
11.0.N: Exited with Success (@ 22.75 s)
11.0.Mpcustom4: Trace Attempt 24	[21.85 s]
11.0.Mpcustom4: All properties determined. [22.79 s]
11.0.Mpcustom4: Exited with Success (@ 22.85 s)
11.0.AM: Trace Attempt 40	[13.76 s]
11.0.AM: Stopped processing property "CS_div_fsm_s3_12"	[22.38 s].
11.0.AM: All properties determined. [22.39 s]
11.0.AM: Exited with Success (@ 23.16 s)
11.0.Hp: Exited with Success (@ 23.16 s)
11.0.Ht: Interrupted (multi)
11.0.Ht: Trace Attempt 40	[21.20 s]
11.0.Ht: All properties determined. [24.27 s]
11.0.Ht: Exited with Success (@ 24.59 s)
11: --------------------------------------------------------------
ProofGrid Summary (utilization 98.82 %)
--------------------------------------------------------------
     engines started                               :     7
     engine jobs started                           :     7

    Average time in state (seconds)
    ------------------------------------------------------
    Engine  Pending     Running        Dead    Utilization
    ------------------------------------------------------
      N        0.11       22.69        0.00       99.50 %
     Hp        0.09       22.67        0.00       99.60 %
     Ht        0.12       22.62        0.00       99.45 %
    Mpcustom4        0.10       22.64        0.00       99.57 %
     Oh        0.19        0.26        0.00       58.51 %
      B        0.52       22.16        0.00       97.69 %
     AM        0.47       22.20        0.00       97.93 %
    all        0.23       19.32        0.00       98.82 %

    Total time in state (seconds)
    -----------------------------------------
            Pending     Running        Dead  
    -----------------------------------------
               1.61      135.25        0.00

    Data read    : 117.72 kiB
    Data written : 13.27 kiB

11: All pending notifications were processed.
INFO (IPF059): 11: Completed proof on task: "mytask"
cover -name CS_div_fsm_s3_13 {@(posedge clk_i) !div_fsm_s3 ##1 div_fsm_s3 [*13] ##1 !div_fsm_s3 }
INFO (IPF036): Starting proof on task: "mytask", 1 properties to prove with 0 already proven/unreachable
INFO (IPF031): Settings used for proof thread 12:
    orchestration                 = on (auto)
    time_limit                    = 600s
    per_property_time_limit       = 1s * 10 ^ scan
    engine_mode                   = auto
    proofgrid_per_engine_max_jobs = 1
    max engine jobs               = auto
    proofgrid_mode                = local
    proofgrid_restarts            = 10
12: Using multistage preprocessing
12: Starting reduce
12: Finished reduce in 0.041s
12.0.PRE: Performing Proof Simplification...
12.0.N: clocks: 1, declared: 1, looping: 0, posedge: 1, negedge: 0, noedge: 0, bothedge: 0
12.0.N: Proof Simplification Iteration 1	[0.00 s]
12.0.N: Proof Simplification Iteration 2	[0.04 s]
12.0.N: Proof Simplification Iteration 3	[0.05 s]
12.0.N: Proof Simplification Iteration 4	[0.07 s]
12.0.N: Proof Simplification Iteration 5	[0.09 s]
12.0.N: Proof Simplification Iteration 6	[0.11 s]
12.0.N: Proof Simplification Iteration 7	[0.13 s]
12.0.N: Proof Simplification Iteration 8	[0.14 s]
12.0.N: Proof Simplification Iteration 9	[0.16 s]
12.0.N: Proof Simplification Iteration 10	[0.18 s]
12.0.PRE: Proof Simplification completed in 0.23 s
12: About to start ProofGrid in its own thread with a limit of 10000 pending notifications and a limit of 10 traces.
12: =============================== ProofGrid start ===============================
12: ProofGrid usable level: 1
12: Initial ProofGrid level: 1
12: ProofGrid is starting event handling
12.0.N: caddy15.stanford.edu: "Rocky Linux 8.10 (Green Obsidian)" is an unsupported operating system.
12.0.Hp: caddy15.stanford.edu: "Rocky Linux 8.10 (Green Obsidian)" is an unsupported operating system.
12.0.Ht: caddy15.stanford.edu: "Rocky Linux 8.10 (Green Obsidian)" is an unsupported operating system.
12.0.Mpcustom4: caddy15.stanford.edu: "Rocky Linux 8.10 (Green Obsidian)" is an unsupported operating system.
12.0.N: Proofgrid shell started at 3434987@caddy15.stanford.edu(local) jg_3426522_caddy15.stanford.edu_13
12.0.Hp: Proofgrid shell started at 3434988@caddy15.stanford.edu(local) jg_3426522_caddy15.stanford.edu_13
12.0.Ht: Proofgrid shell started at 3435010@caddy15.stanford.edu(local) jg_3426522_caddy15.stanford.edu_13
12.0.N: clocks: 1, declared: 1, looping: 0, posedge: 1, negedge: 0, noedge: 0, bothedge: 0
12.0.Hp: clocks: 1, declared: 1, looping: 0, posedge: 1, negedge: 0, noedge: 0, bothedge: 0
12.0.N: Last scan. Per property time limit: 0s
12.0.N: Starting proof for property "CS_div_fsm_s3_13"	[0.00 s].
12.0.N: Trace Attempt  1	[0.01 s]
12.0.N: Trace Attempt  2	[0.01 s]
12.0.N: Trace Attempt  3	[0.01 s]
12.0.Ht: clocks: 1, declared: 1, looping: 0, posedge: 1, negedge: 0, noedge: 0, bothedge: 0
12.0.Mpcustom4: Proofgrid shell started at 3435029@caddy15.stanford.edu(local) jg_3426522_caddy15.stanford.edu_13
12.0.N: Trace Attempt  3	[0.04 s]
12.0.Mpcustom4: clocks: 1, declared: 1, looping: 0, posedge: 1, negedge: 0, noedge: 0, bothedge: 0
12.0.Oh: caddy15.stanford.edu: "Rocky Linux 8.10 (Green Obsidian)" is an unsupported operating system.
12.0.B: caddy15.stanford.edu: "Rocky Linux 8.10 (Green Obsidian)" is an unsupported operating system.
12.0.N: Trace Attempt  4	[0.06 s]
12.0.N: Trace Attempt  5	[0.06 s]
12.0.Ht: Trace Attempt  1	[0.07 s]
12.0.Ht: Trace Attempt  2	[0.07 s]
12.0.Ht: Trace Attempt  3	[0.07 s]
12.0.Ht: Trace Attempt  4	[0.07 s]
12.0.Ht: Trace Attempt  5	[0.08 s]
12.0.Mpcustom4: Trace Attempt  1	[0.06 s]
12.0.N: Trace Attempt  5	[0.12 s]
12.0.Mpcustom4: Trace Attempt  2	[0.10 s]
12.0.Oh: Proofgrid shell started at 3435044@caddy15.stanford.edu(local) jg_3426522_caddy15.stanford.edu_13
12.0.B: Proofgrid shell started at 3435046@caddy15.stanford.edu(local) jg_3426522_caddy15.stanford.edu_13
12.0.AM: caddy15.stanford.edu: "Rocky Linux 8.10 (Green Obsidian)" is an unsupported operating system.
12.0.Oh: clocks: 1, declared: 1, looping: 0, posedge: 1, negedge: 0, noedge: 0, bothedge: 0
12.0.B: clocks: 1, declared: 1, looping: 0, posedge: 1, negedge: 0, noedge: 0, bothedge: 0
12.0.B: Last scan. Per property time limit: 0s
12.0.B: Starting proof for property "CS_div_fsm_s3_13"	[0.00 s].
12.0.B: Trace Attempt  1	[0.01 s]
12.0.B: Trace Attempt  2	[0.02 s]
12.0.B: Trace Attempt  3	[0.03 s]
12.0.B: Trace Attempt  4	[0.04 s]
12.0.B: Trace Attempt  5	[0.08 s]
12.0.AM: Proofgrid shell started at 3435051@caddy15.stanford.edu(local) jg_3426522_caddy15.stanford.edu_13
12.0.AM: clocks: 1, declared: 1, looping: 0, posedge: 1, negedge: 0, noedge: 0, bothedge: 0
12.0.Oh: bwd trail(1): 1 0.115247s
12.0.AM: Last scan. Per property time limit: 0s
12.0.AM: Starting proof for property "CS_div_fsm_s3_13"	[0.00 s].
12.0.Oh: All properties either determined or skipped. [0.28 s]
12.0.AM: Trace Attempt  1	[0.01 s]
12.0.AM: Trace Attempt  2	[0.02 s]
12.0.Oh: Exited with Success (@ 0.47 s)
12.0.Oh: Completed, Restart ignored.
12.0.AM: Trace Attempt  3	[0.04 s]
12.0.AM: Trace Attempt  4	[0.07 s]
12.0.AM: Trace Attempt  5	[0.09 s]
12.0.Mpcustom4: Trace Attempt  3	[0.67 s]
12.0.Mpcustom4: Trace Attempt  3	[0.71 s]
12.0.Mpcustom4: Trace Attempt  4	[0.74 s]
12.0.Mpcustom4: Trace Attempt  4	[0.79 s]
12.0.Mpcustom4: Trace Attempt  5	[0.82 s]
12.0.AM: Trace Attempt  1	[1.89 s]
12.0.AM: Trace Attempt  2	[1.92 s]
12.0.AM: Trace Attempt  3	[1.92 s]
12.0.AM: Trace Attempt  5	[1.94 s]
12.0.Ht: Trace Attempt 30	[4.27 s]
12.0.N: Trace Attempt 22	[4.42 s]
12.0.B: Trace Attempt 32	[4.42 s]
12.0.Mpcustom4: Trace Attempt 17	[5.48 s]
12.0.N: Trace Attempt  1	[7.71 s]
12.0.N: Trace Attempt  2	[7.75 s]
12.0.N: Trace Attempt  3	[7.76 s]
12.0.N: Trace Attempt  5	[7.78 s]
12.0.B: Trace Attempt 39	[9.34 s]
12.0.Mpcustom4: Trace Attempt 17	[11.13 s]
12.0.AM: Trace Attempt 31	[11.00 s]
12.0.N: Trace Attempt 38	[11.87 s]
12.0.AM: Trace Attempt 39	[15.01 s]
12.0.Mpcustom4: Trace Attempt 25	[16.07 s]
12.0.N: Requesting engine job to stop
12.0.B: Requesting engine job to stop
12.0.AM: Requesting engine job to stop
12.0.Hp: Requesting engine job to terminate
12.0.Ht: Requesting engine job to terminate
12.0.Mpcustom4: Requesting engine job to terminate
INFO (IPF144): 12: Initiating shutdown of proof [16.85 s]
12.0.B: Trace Attempt 40	[11.30 s]
12.0.B: A trace with 40 cycles was found. [16.62 s]
INFO (IPF047): 12.0.B: The cover property "CS_div_fsm_s3_13" was covered in 40 cycles in 16.65 s.
12: ProofGrid usable level: 0
12.0.B: Stopped processing property "CS_div_fsm_s3_13"	[16.69 s].
12.0.B: All properties determined. [16.64 s]
12.0.B: Exited with Success (@ 16.86 s)
12.0.N: Trace Attempt 38	[15.49 s]
12.0.N: Stopped processing property "CS_div_fsm_s3_13"	[16.93 s].
12.0.N: All properties determined. [16.95 s]
12.0.N: Exited with Success (@ 16.99 s)
12.0.Mpcustom4: Trace Attempt 29	[16.34 s]
12.0.Mpcustom4: All properties determined. [16.98 s]
12.0.Mpcustom4: Exited with Success (@ 17.07 s)
12.0.AM: Trace Attempt 40	[15.22 s]
12.0.AM: Stopped processing property "CS_div_fsm_s3_13"	[16.62 s].
12.0.AM: All properties determined. [16.63 s]
12.0.Hp: Interrupted (multi)
12.0.Hp: All properties determined. [17.11 s]
12.0.AM: Exited with Success (@ 17.12 s)
12.0.Hp: Exited with Success (@ 17.22 s)
12.0.Ht: Interrupted (multi)
12.0.Ht: Trace Attempt 37	[7.05 s]
12.0.Ht: All properties determined. [17.35 s]
12.0.Ht: Exited with Success (@ 17.63 s)
12: --------------------------------------------------------------
ProofGrid Summary (utilization 98.91 %)
--------------------------------------------------------------
     engines started                               :     7
     engine jobs started                           :     7

    Average time in state (seconds)
    ------------------------------------------------------
    Engine  Pending     Running        Dead    Utilization
    ------------------------------------------------------
      N        0.11       16.84        0.00       99.37 %
     Hp        0.08       16.84        0.00       99.50 %
     Ht        0.07       16.81        0.00       99.57 %
    Mpcustom4        0.09       16.78        0.00       99.49 %
     Oh        0.18        0.28        0.00       61.62 %
      B        0.19       16.65        0.00       98.87 %
     AM        0.39       16.44        0.00       97.69 %
    all        0.16       14.38        0.00       98.91 %

    Total time in state (seconds)
    -----------------------------------------
            Pending     Running        Dead  
    -----------------------------------------
               1.10      100.65        0.00

    Data read    : 117.47 kiB
    Data written : 11.43 kiB

12: All pending notifications were processed.
INFO (IPF059): 12: Completed proof on task: "mytask"
cover -name CS_div_fsm_s3_14 {@(posedge clk_i) !div_fsm_s3 ##1 div_fsm_s3 [*14] ##1 !div_fsm_s3 }
INFO (IPF036): Starting proof on task: "mytask", 1 properties to prove with 0 already proven/unreachable
INFO (IPF031): Settings used for proof thread 13:
    orchestration                 = on (auto)
    time_limit                    = 600s
    per_property_time_limit       = 1s * 10 ^ scan
    engine_mode                   = auto
    proofgrid_per_engine_max_jobs = 1
    max engine jobs               = auto
    proofgrid_mode                = local
    proofgrid_restarts            = 10
13: Using multistage preprocessing
13: Starting reduce
13: Finished reduce in 0.041s
13.0.PRE: Performing Proof Simplification...
13.0.N: clocks: 1, declared: 1, looping: 0, posedge: 1, negedge: 0, noedge: 0, bothedge: 0
13.0.N: Proof Simplification Iteration 1	[0.00 s]
13.0.N: Proof Simplification Iteration 2	[0.04 s]
13.0.N: Proof Simplification Iteration 3	[0.06 s]
13.0.N: Proof Simplification Iteration 4	[0.07 s]
13.0.N: Proof Simplification Iteration 5	[0.09 s]
13.0.N: Proof Simplification Iteration 6	[0.11 s]
13.0.N: Proof Simplification Iteration 7	[0.13 s]
13.0.N: Proof Simplification Iteration 8	[0.15 s]
13.0.N: Proof Simplification Iteration 9	[0.16 s]
13.0.N: Proof Simplification Iteration 10	[0.18 s]
13.0.PRE: Proof Simplification completed in 0.23 s
13: About to start ProofGrid in its own thread with a limit of 10000 pending notifications and a limit of 10 traces.
13: =============================== ProofGrid start ===============================
13: ProofGrid usable level: 1
13: Initial ProofGrid level: 1
13: ProofGrid is starting event handling
13.0.N: caddy15.stanford.edu: "Rocky Linux 8.10 (Green Obsidian)" is an unsupported operating system.
13.0.Hp: caddy15.stanford.edu: "Rocky Linux 8.10 (Green Obsidian)" is an unsupported operating system.
13.0.Ht: caddy15.stanford.edu: "Rocky Linux 8.10 (Green Obsidian)" is an unsupported operating system.
13.0.N: Proofgrid shell started at 3435328@caddy15.stanford.edu(local) jg_3426522_caddy15.stanford.edu_14
13.0.Hp: Proofgrid shell started at 3435329@caddy15.stanford.edu(local) jg_3426522_caddy15.stanford.edu_14
13.0.Mpcustom4: caddy15.stanford.edu: "Rocky Linux 8.10 (Green Obsidian)" is an unsupported operating system.
13.0.Hp: clocks: 1, declared: 1, looping: 0, posedge: 1, negedge: 0, noedge: 0, bothedge: 0
13.0.N: clocks: 1, declared: 1, looping: 0, posedge: 1, negedge: 0, noedge: 0, bothedge: 0
13.0.Ht: Proofgrid shell started at 3435351@caddy15.stanford.edu(local) jg_3426522_caddy15.stanford.edu_14
13.0.N: Last scan. Per property time limit: 0s
13.0.N: Starting proof for property "CS_div_fsm_s3_14"	[0.00 s].
13.0.N: Trace Attempt  1	[0.01 s]
13.0.N: Trace Attempt  2	[0.01 s]
13.0.N: Trace Attempt  3	[0.01 s]
13.0.Ht: clocks: 1, declared: 1, looping: 0, posedge: 1, negedge: 0, noedge: 0, bothedge: 0
13.0.Ht: Trace Attempt  1	[0.04 s]
13.0.Ht: Trace Attempt  2	[0.04 s]
13.0.Ht: Trace Attempt  3	[0.04 s]
13.0.N: Trace Attempt  3	[0.04 s]
13.0.Ht: Trace Attempt  4	[0.04 s]
13.0.Ht: Trace Attempt  5	[0.05 s]
13.0.Mpcustom4: Proofgrid shell started at 3435370@caddy15.stanford.edu(local) jg_3426522_caddy15.stanford.edu_14
13.0.AM: caddy15.stanford.edu: "Rocky Linux 8.10 (Green Obsidian)" is an unsupported operating system.
13.0.N: Trace Attempt  4	[0.06 s]
13.0.N: Trace Attempt  5	[0.06 s]
13.0.Mpcustom4: clocks: 1, declared: 1, looping: 0, posedge: 1, negedge: 0, noedge: 0, bothedge: 0
13.0.AM: Proofgrid shell started at 3435387@caddy15.stanford.edu(local) jg_3426522_caddy15.stanford.edu_14
13.0.N: Trace Attempt  5	[0.13 s]
13.0.Oh: caddy15.stanford.edu: "Rocky Linux 8.10 (Green Obsidian)" is an unsupported operating system.
13.0.Mpcustom4: Trace Attempt  1	[0.07 s]
13.0.AM: clocks: 1, declared: 1, looping: 0, posedge: 1, negedge: 0, noedge: 0, bothedge: 0
13.0.AM: Last scan. Per property time limit: 0s
13.0.AM: Starting proof for property "CS_div_fsm_s3_14"	[0.00 s].
13.0.Mpcustom4: Trace Attempt  2	[0.11 s]
13.0.AM: Trace Attempt  1	[0.01 s]
13.0.AM: Trace Attempt  2	[0.01 s]
13.0.B: caddy15.stanford.edu: "Rocky Linux 8.10 (Green Obsidian)" is an unsupported operating system.
13.0.AM: Trace Attempt  3	[0.03 s]
13.0.AM: Trace Attempt  4	[0.07 s]
13.0.AM: Trace Attempt  5	[0.09 s]
13.0.Oh: Proofgrid shell started at 3435376@caddy15.stanford.edu(local) jg_3426522_caddy15.stanford.edu_14
13.0.Oh: clocks: 1, declared: 1, looping: 0, posedge: 1, negedge: 0, noedge: 0, bothedge: 0
13.0.B: Proofgrid shell started at 3435385@caddy15.stanford.edu(local) jg_3426522_caddy15.stanford.edu_14
13.0.B: clocks: 1, declared: 1, looping: 0, posedge: 1, negedge: 0, noedge: 0, bothedge: 0
13.0.B: Last scan. Per property time limit: 0s
13.0.B: Starting proof for property "CS_div_fsm_s3_14"	[0.00 s].
13.0.B: Trace Attempt  1	[0.01 s]
13.0.B: Trace Attempt  2	[0.02 s]
13.0.B: Trace Attempt  3	[0.04 s]
13.0.B: Trace Attempt  4	[0.07 s]
13.0.B: Trace Attempt  5	[0.14 s]
13.0.Oh: bwd trail(1): 1 0.113591s
13.0.Oh: All properties either determined or skipped. [0.26 s]
13.0.Oh: Exited with Success (@ 0.72 s)
13.0.Oh: Completed, Restart ignored.
13.0.Mpcustom4: Trace Attempt  3	[0.81 s]
13.0.Mpcustom4: Trace Attempt  3	[0.86 s]
13.0.Mpcustom4: Trace Attempt  4	[0.88 s]
13.0.Mpcustom4: Trace Attempt  4	[0.94 s]
13.0.Mpcustom4: Trace Attempt  5	[0.96 s]
13.0.AM: Trace Attempt  1	[1.59 s]
13.0.AM: Trace Attempt  2	[1.62 s]
13.0.AM: Trace Attempt  3	[1.62 s]
13.0.AM: Trace Attempt  5	[1.63 s]
13.0.Ht: Trace Attempt 33	[4.07 s]
13.0.N: Trace Attempt 23	[4.63 s]
13.0.B: Trace Attempt 32	[4.79 s]
13.0.Mpcustom4: Trace Attempt 18	[5.78 s]
13.0.N: Trace Attempt  1	[7.80 s]
13.0.N: Trace Attempt  2	[7.84 s]
13.0.N: Trace Attempt  3	[7.84 s]
13.0.N: Trace Attempt  5	[7.86 s]
13.0.B: Trace Attempt 37	[9.90 s]
13.0.Mpcustom4: Trace Attempt 24	[10.87 s]
13.0.N: Trace Attempt 33	[11.98 s]
13.0.AM: Trace Attempt 35	[12.01 s]
13.0.Mpcustom4: Trace Attempt 29	[16.19 s]
13.0.B: Trace Attempt 40	[16.22 s]
13.0.N: Trace Attempt 38	[17.50 s]
13.0.Ht: Trace Attempt 38	[19.59 s]
13.0.Mpcustom4: Trace Attempt 34	[22.71 s]
13.0.N: Requesting engine job to stop
13.0.B: Requesting engine job to stop
13.0.AM: Requesting engine job to stop
13.0.Hp: Requesting engine job to terminate
13.0.Ht: Requesting engine job to terminate
13.0.Mpcustom4: Requesting engine job to terminate
INFO (IPF144): 13: Initiating shutdown of proof [24.11 s]
13.0.B: A trace with 40 cycles was found. [23.56 s]
INFO (IPF047): 13.0.B: The cover property "CS_div_fsm_s3_14" was covered in 40 cycles in 23.59 s.
13.0.B: Stopped processing property "CS_div_fsm_s3_14"	[23.63 s].
13.0.B: All properties determined. [23.58 s]
13.0.B: Exited with Success (@ 24.12 s)
13: ProofGrid usable level: 0
13.0.Hp: Interrupted (multi)
13.0.Hp: All properties determined. [24.14 s]
13.0.Ht: Interrupted (multi)
13.0.Ht: Trace Attempt 40	[19.73 s]
13.0.Ht: All properties determined. [24.20 s]
13.0.N: Stopped processing property "CS_div_fsm_s3_14"	[24.21 s].
13.0.N: All properties determined. [24.22 s]
13.0.N: Exited with Success (@ 24.27 s)
13.0.Mpcustom4: All properties determined. [24.24 s]
13.0.Mpcustom4: Exited with Success (@ 24.36 s)
13.0.AM: Trace Attempt 40	[15.92 s]
13.0.AM: Stopped processing property "CS_div_fsm_s3_14"	[24.22 s].
13.0.Hp: Exited with Success (@ 24.43 s)
13.0.AM: All properties determined. [24.23 s]
13.0.Ht: Exited with Success (@ 24.50 s)
13.0.AM: Exited with Success (@ 24.50 s)
13: --------------------------------------------------------------
ProofGrid Summary (utilization 98.98 %)
--------------------------------------------------------------
     engines started                               :     7
     engine jobs started                           :     7

    Average time in state (seconds)
    ------------------------------------------------------
    Engine  Pending     Running        Dead    Utilization
    ------------------------------------------------------
      N        0.10       24.10        0.00       99.57 %
     Hp        0.09       24.09        0.00       99.61 %
     Ht        0.09       24.08        0.00       99.63 %
    Mpcustom4        0.12       24.01        0.00       99.49 %
     Oh        0.44        0.26        0.00       36.96 %
      B        0.47       23.59        0.00       98.05 %
     AM        0.15       23.94        0.00       99.36 %
    all        0.21       20.58        0.00       98.98 %

    Total time in state (seconds)
    -----------------------------------------
            Pending     Running        Dead  
    -----------------------------------------
               1.48      144.07        0.00

    Data read    : 122.73 kiB
    Data written : 13.56 kiB

13: All pending notifications were processed.
INFO (IPF059): 13: Completed proof on task: "mytask"
cover -name CS_div_fsm_s3_15 {@(posedge clk_i) !div_fsm_s3 ##1 div_fsm_s3 [*15] ##1 !div_fsm_s3 }
INFO (IPF036): Starting proof on task: "mytask", 1 properties to prove with 0 already proven/unreachable
INFO (IPF031): Settings used for proof thread 14:
    orchestration                 = on (auto)
    time_limit                    = 600s
    per_property_time_limit       = 1s * 10 ^ scan
    engine_mode                   = auto
    proofgrid_per_engine_max_jobs = 1
    max engine jobs               = auto
    proofgrid_mode                = local
    proofgrid_restarts            = 10
14: Using multistage preprocessing
14: Starting reduce
14: Finished reduce in 0.042s
14.0.PRE: Performing Proof Simplification...
14.0.N: clocks: 1, declared: 1, looping: 0, posedge: 1, negedge: 0, noedge: 0, bothedge: 0
14.0.N: Proof Simplification Iteration 1	[0.00 s]
14.0.N: Proof Simplification Iteration 2	[0.04 s]
14.0.N: Proof Simplification Iteration 3	[0.06 s]
14.0.N: Proof Simplification Iteration 4	[0.07 s]
14.0.N: Proof Simplification Iteration 5	[0.09 s]
14.0.N: Proof Simplification Iteration 6	[0.11 s]
14.0.N: Proof Simplification Iteration 7	[0.13 s]
14.0.N: Proof Simplification Iteration 8	[0.15 s]
14.0.N: Proof Simplification Iteration 9	[0.17 s]
14.0.N: Proof Simplification Iteration 10	[0.18 s]
14.0.PRE: Proof Simplification completed in 0.23 s
14: About to start ProofGrid in its own thread with a limit of 10000 pending notifications and a limit of 10 traces.
14: =============================== ProofGrid start ===============================
14: ProofGrid usable level: 1
14: Initial ProofGrid level: 1
14: ProofGrid is starting event handling
14.0.N: caddy15.stanford.edu: "Rocky Linux 8.10 (Green Obsidian)" is an unsupported operating system.
14.0.Hp: caddy15.stanford.edu: "Rocky Linux 8.10 (Green Obsidian)" is an unsupported operating system.
14.0.Ht: caddy15.stanford.edu: "Rocky Linux 8.10 (Green Obsidian)" is an unsupported operating system.
14.0.Mpcustom4: caddy15.stanford.edu: "Rocky Linux 8.10 (Green Obsidian)" is an unsupported operating system.
14.0.N: Proofgrid shell started at 3435785@caddy15.stanford.edu(local) jg_3426522_caddy15.stanford.edu_15
14.0.Hp: Proofgrid shell started at 3435786@caddy15.stanford.edu(local) jg_3426522_caddy15.stanford.edu_15
14.0.Hp: clocks: 1, declared: 1, looping: 0, posedge: 1, negedge: 0, noedge: 0, bothedge: 0
14.0.Ht: Proofgrid shell started at 3435809@caddy15.stanford.edu(local) jg_3426522_caddy15.stanford.edu_15
14.0.Oh: caddy15.stanford.edu: "Rocky Linux 8.10 (Green Obsidian)" is an unsupported operating system.
14.0.N: clocks: 1, declared: 1, looping: 0, posedge: 1, negedge: 0, noedge: 0, bothedge: 0
14.0.N: Last scan. Per property time limit: 0s
14.0.N: Starting proof for property "CS_div_fsm_s3_15"	[0.00 s].
14.0.Ht: clocks: 1, declared: 1, looping: 0, posedge: 1, negedge: 0, noedge: 0, bothedge: 0
14.0.N: Trace Attempt  1	[0.01 s]
14.0.N: Trace Attempt  2	[0.01 s]
14.0.N: Trace Attempt  3	[0.01 s]
14.0.Ht: Trace Attempt  1	[0.04 s]
14.0.Ht: Trace Attempt  2	[0.04 s]
14.0.Ht: Trace Attempt  3	[0.04 s]
14.0.Oh: Proofgrid shell started at 3435842@caddy15.stanford.edu(local) jg_3426522_caddy15.stanford.edu_15
14.0.Ht: Trace Attempt  4	[0.05 s]
14.0.Ht: Trace Attempt  5	[0.06 s]
14.0.B: caddy15.stanford.edu: "Rocky Linux 8.10 (Green Obsidian)" is an unsupported operating system.
14.0.AM: caddy15.stanford.edu: "Rocky Linux 8.10 (Green Obsidian)" is an unsupported operating system.
14.0.Oh: clocks: 1, declared: 1, looping: 0, posedge: 1, negedge: 0, noedge: 0, bothedge: 0
14.0.Mpcustom4: Proofgrid shell started at 3435827@caddy15.stanford.edu(local) jg_3426522_caddy15.stanford.edu_15
14.0.N: Trace Attempt  3	[0.08 s]
14.0.Mpcustom4: clocks: 1, declared: 1, looping: 0, posedge: 1, negedge: 0, noedge: 0, bothedge: 0
14.0.N: Trace Attempt  4	[0.13 s]
14.0.N: Trace Attempt  5	[0.13 s]
14.0.Mpcustom4: Trace Attempt  1	[0.07 s]
14.0.Mpcustom4: Trace Attempt  2	[0.10 s]
14.0.Oh: bwd trail(1): 1 0.112063s
14.0.Oh: All properties either determined or skipped. [0.13 s]
14.0.Oh: Exited with Success (@ 0.24 s)
14.0.Oh: Completed, Restart ignored.
14.0.B: Proofgrid shell started at 3435844@caddy15.stanford.edu(local) jg_3426522_caddy15.stanford.edu_15
14.0.N: Trace Attempt  5	[0.25 s]
14.0.B: clocks: 1, declared: 1, looping: 0, posedge: 1, negedge: 0, noedge: 0, bothedge: 0
14.0.B: Last scan. Per property time limit: 0s
14.0.B: Starting proof for property "CS_div_fsm_s3_15"	[0.00 s].
14.0.B: Trace Attempt  1	[0.01 s]
14.0.AM: Proofgrid shell started at 3435849@caddy15.stanford.edu(local) jg_3426522_caddy15.stanford.edu_15
14.0.B: Trace Attempt  2	[0.03 s]
14.0.B: Trace Attempt  3	[0.04 s]
14.0.B: Trace Attempt  4	[0.05 s]
14.0.AM: clocks: 1, declared: 1, looping: 0, posedge: 1, negedge: 0, noedge: 0, bothedge: 0
14.0.AM: Last scan. Per property time limit: 0s
14.0.AM: Starting proof for property "CS_div_fsm_s3_15"	[0.00 s].
14.0.AM: Trace Attempt  1	[0.00 s]
14.0.AM: Trace Attempt  2	[0.01 s]
14.0.B: Trace Attempt  5	[0.09 s]
14.0.AM: Trace Attempt  3	[0.06 s]
14.0.AM: Trace Attempt  4	[0.10 s]
14.0.AM: Trace Attempt  5	[0.12 s]
14.0.Mpcustom4: Trace Attempt  3	[0.69 s]
14.0.Mpcustom4: Trace Attempt  3	[0.74 s]
14.0.Mpcustom4: Trace Attempt  4	[0.76 s]
14.0.Mpcustom4: Trace Attempt  4	[0.82 s]
14.0.Mpcustom4: Trace Attempt  5	[0.84 s]
14.0.AM: Trace Attempt  1	[2.65 s]
14.0.AM: Trace Attempt  2	[2.68 s]
14.0.AM: Trace Attempt  3	[2.69 s]
14.0.AM: Trace Attempt  5	[2.70 s]
14.0.Ht: Trace Attempt 31	[4.78 s]
14.0.N: Trace Attempt 24	[4.88 s]
14.0.B: Trace Attempt 32	[4.66 s]
14.0.Mpcustom4: Trace Attempt 19	[5.36 s]
14.0.N: Trace Attempt  1	[6.71 s]
14.0.N: Trace Attempt  2	[6.78 s]
14.0.N: Trace Attempt  3	[6.80 s]
14.0.N: Trace Attempt  5	[6.83 s]
14.0.B: Trace Attempt 37	[8.91 s]
14.0.Ht: Trace Attempt 36	[9.25 s]
14.0.AM: Trace Attempt 29	[10.64 s]
14.0.N: Trace Attempt 31	[11.01 s]
14.0.Mpcustom4: Trace Attempt 20	[13.12 s]
14.0.B: Trace Attempt 39	[13.19 s]
14.0.Mpcustom4: Trace Attempt 23	[17.20 s]
14.0.N: Requesting engine job to stop
14.0.B: Requesting engine job to stop
14.0.AM: Requesting engine job to stop
14.0.Hp: Requesting engine job to terminate
14.0.Ht: Requesting engine job to terminate
14.0.Mpcustom4: Requesting engine job to terminate
INFO (IPF144): 14: Initiating shutdown of proof [21.99 s]
14.0.B: Trace Attempt 40	[17.19 s]
14.0.B: A trace with 40 cycles was found. [21.65 s]
INFO (IPF047): 14.0.B: The cover property "CS_div_fsm_s3_15" was covered in 40 cycles in 21.67 s.
14.0.B: Stopped processing property "CS_div_fsm_s3_15"	[21.71 s].
14.0.Hp: Interrupted (multi)
14.0.Hp: All properties determined. [21.98 s]
14.0.B: All properties determined. [21.68 s]
14.0.B: Exited with Success (@ 22.02 s)
14: ProofGrid usable level: 0
14.0.N: Trace Attempt 38	[13.71 s]
14.0.N: Stopped processing property "CS_div_fsm_s3_15"	[22.01 s].
14.0.N: All properties determined. [22.00 s]
14.0.N: Exited with Success (@ 22.06 s)
14.0.Hp: Exited with Success (@ 22.16 s)
14.0.Mpcustom4: Trace Attempt 28	[19.32 s]
14.0.Mpcustom4: All properties determined. [22.05 s]
14.0.AM: Trace Attempt 40	[14.36 s]
14.0.AM: Stopped processing property "CS_div_fsm_s3_15"	[21.82 s].
14.0.Mpcustom4: Exited with Success (@ 22.24 s)
14.0.AM: All properties determined. [21.84 s]
14.0.Ht: Interrupted (multi)
14.0.Ht: Trace Attempt 37	[9.34 s]
14.0.Ht: All properties determined. [22.45 s]
14.0.AM: Exited with Success (@ 22.49 s)
14.0.Ht: Exited with Success (@ 22.62 s)
14: --------------------------------------------------------------
ProofGrid Summary (utilization 99.12 %)
--------------------------------------------------------------
     engines started                               :     7
     engine jobs started                           :     7

    Average time in state (seconds)
    ------------------------------------------------------
    Engine  Pending     Running        Dead    Utilization
    ------------------------------------------------------
      N        0.11       21.97        0.00       99.51 %
     Hp        0.09       21.98        0.00       99.59 %
     Ht        0.09       21.95        0.00       99.61 %
    Mpcustom4        0.15       21.86        0.00       99.33 %
     Oh        0.10        0.13        0.00       56.76 %
      B        0.29       21.69        0.00       98.67 %
     AM        0.34       21.62        0.00       98.45 %
    all        0.17       18.74        0.00       99.12 %

    Total time in state (seconds)
    -----------------------------------------
            Pending     Running        Dead  
    -----------------------------------------
               1.17      131.19        0.00

    Data read    : 120.36 kiB
    Data written : 10.70 kiB

14: All pending notifications were processed.
INFO (IPF059): 14: Completed proof on task: "mytask"
cover -name CS_div_fsm_s3_16 {@(posedge clk_i) !div_fsm_s3 ##1 div_fsm_s3 [*16] ##1 !div_fsm_s3 }
INFO (IPF036): Starting proof on task: "mytask", 1 properties to prove with 0 already proven/unreachable
INFO (IPF031): Settings used for proof thread 15:
    orchestration                 = on (auto)
    time_limit                    = 600s
    per_property_time_limit       = 1s * 10 ^ scan
    engine_mode                   = auto
    proofgrid_per_engine_max_jobs = 1
    max engine jobs               = auto
    proofgrid_mode                = local
    proofgrid_restarts            = 10
15: Using multistage preprocessing
15: Starting reduce
15: Finished reduce in 0.042s
15.0.PRE: Performing Proof Simplification...
15.0.N: clocks: 1, declared: 1, looping: 0, posedge: 1, negedge: 0, noedge: 0, bothedge: 0
15.0.N: Proof Simplification Iteration 1	[0.00 s]
15.0.N: Proof Simplification Iteration 2	[0.04 s]
15.0.N: Proof Simplification Iteration 3	[0.06 s]
15.0.N: Proof Simplification Iteration 4	[0.07 s]
15.0.N: Proof Simplification Iteration 5	[0.09 s]
15.0.N: Proof Simplification Iteration 6	[0.11 s]
15.0.N: Proof Simplification Iteration 7	[0.13 s]
15.0.N: Proof Simplification Iteration 8	[0.15 s]
15.0.N: Proof Simplification Iteration 9	[0.16 s]
15.0.N: Proof Simplification Iteration 10	[0.18 s]
15.0.PRE: Proof Simplification completed in 0.23 s
15: About to start ProofGrid in its own thread with a limit of 10000 pending notifications and a limit of 10 traces.
15: =============================== ProofGrid start ===============================
15: ProofGrid usable level: 1
15: Initial ProofGrid level: 1
15: ProofGrid is starting event handling
15.0.Hp: caddy15.stanford.edu: "Rocky Linux 8.10 (Green Obsidian)" is an unsupported operating system.
15.0.N: caddy15.stanford.edu: "Rocky Linux 8.10 (Green Obsidian)" is an unsupported operating system.
15.0.Ht: caddy15.stanford.edu: "Rocky Linux 8.10 (Green Obsidian)" is an unsupported operating system.
15.0.Mpcustom4: caddy15.stanford.edu: "Rocky Linux 8.10 (Green Obsidian)" is an unsupported operating system.
15.0.N: Proofgrid shell started at 3436127@caddy15.stanford.edu(local) jg_3426522_caddy15.stanford.edu_16
15.0.Hp: Proofgrid shell started at 3436128@caddy15.stanford.edu(local) jg_3426522_caddy15.stanford.edu_16
15.0.N: clocks: 1, declared: 1, looping: 0, posedge: 1, negedge: 0, noedge: 0, bothedge: 0
15.0.Hp: clocks: 1, declared: 1, looping: 0, posedge: 1, negedge: 0, noedge: 0, bothedge: 0
15.0.Ht: Proofgrid shell started at 3436150@caddy15.stanford.edu(local) jg_3426522_caddy15.stanford.edu_16
15.0.N: Last scan. Per property time limit: 0s
15.0.N: Starting proof for property "CS_div_fsm_s3_16"	[0.00 s].
15.0.N: Trace Attempt  1	[0.01 s]
15.0.N: Trace Attempt  2	[0.01 s]
15.0.N: Trace Attempt  3	[0.01 s]
15.0.Ht: clocks: 1, declared: 1, looping: 0, posedge: 1, negedge: 0, noedge: 0, bothedge: 0
15.0.Mpcustom4: Proofgrid shell started at 3436169@caddy15.stanford.edu(local) jg_3426522_caddy15.stanford.edu_16
15.0.N: Trace Attempt  3	[0.04 s]
15.0.Ht: Trace Attempt  1	[0.04 s]
15.0.Ht: Trace Attempt  2	[0.04 s]
15.0.Ht: Trace Attempt  3	[0.04 s]
15.0.Mpcustom4: clocks: 1, declared: 1, looping: 0, posedge: 1, negedge: 0, noedge: 0, bothedge: 0
15.0.Ht: Trace Attempt  4	[0.05 s]
15.0.N: Trace Attempt  4	[0.06 s]
15.0.N: Trace Attempt  5	[0.06 s]
15.0.Ht: Trace Attempt  5	[0.06 s]
15.0.Mpcustom4: Trace Attempt  1	[0.04 s]
15.0.Mpcustom4: Trace Attempt  2	[0.06 s]
15.0.N: Trace Attempt  5	[0.12 s]
15.0.B: caddy15.stanford.edu: "Rocky Linux 8.10 (Green Obsidian)" is an unsupported operating system.
15.0.Oh: caddy15.stanford.edu: "Rocky Linux 8.10 (Green Obsidian)" is an unsupported operating system.
15.0.AM: caddy15.stanford.edu: "Rocky Linux 8.10 (Green Obsidian)" is an unsupported operating system.
15.0.B: Proofgrid shell started at 3436188@caddy15.stanford.edu(local) jg_3426522_caddy15.stanford.edu_16
15.0.B: clocks: 1, declared: 1, looping: 0, posedge: 1, negedge: 0, noedge: 0, bothedge: 0
15.0.B: Last scan. Per property time limit: 0s
15.0.B: Starting proof for property "CS_div_fsm_s3_16"	[0.00 s].
15.0.B: Trace Attempt  1	[0.02 s]
15.0.Oh: Proofgrid shell started at 3436184@caddy15.stanford.edu(local) jg_3426522_caddy15.stanford.edu_16
15.0.B: Trace Attempt  2	[0.03 s]
15.0.B: Trace Attempt  3	[0.05 s]
15.0.Oh: clocks: 1, declared: 1, looping: 0, posedge: 1, negedge: 0, noedge: 0, bothedge: 0
15.0.B: Trace Attempt  4	[0.08 s]
15.0.AM: Proofgrid shell started at 3436189@caddy15.stanford.edu(local) jg_3426522_caddy15.stanford.edu_16
15.0.AM: clocks: 1, declared: 1, looping: 0, posedge: 1, negedge: 0, noedge: 0, bothedge: 0
15.0.AM: Last scan. Per property time limit: 0s
15.0.AM: Starting proof for property "CS_div_fsm_s3_16"	[0.00 s].
15.0.AM: Trace Attempt  1	[0.01 s]
15.0.AM: Trace Attempt  2	[0.02 s]
15.0.B: Trace Attempt  5	[0.17 s]
15.0.AM: Trace Attempt  3	[0.05 s]
15.0.Mpcustom4: Trace Attempt  3	[0.63 s]
15.0.AM: Trace Attempt  4	[0.10 s]
15.0.AM: Trace Attempt  5	[0.15 s]
15.0.Mpcustom4: Trace Attempt  3	[0.68 s]
15.0.Oh: bwd trail(1): 1 0.116049s
15.0.Oh: All properties either determined or skipped. [0.26 s]
15.0.Mpcustom4: Trace Attempt  4	[0.70 s]
15.0.Oh: Exited with Success (@ 0.78 s)
15.0.Mpcustom4: Trace Attempt  4	[0.75 s]
15.0.Mpcustom4: Trace Attempt  5	[0.78 s]
15.0.AM: Trace Attempt  1	[3.45 s]
15.0.AM: Trace Attempt  2	[3.48 s]
15.0.AM: Trace Attempt  3	[3.48 s]
15.0.AM: Trace Attempt  5	[3.50 s]
15.0.Ht: Trace Attempt 31	[4.09 s]
15.0.B: Trace Attempt 31	[4.85 s]
15.0.N: Trace Attempt 24	[5.39 s]
15.0.Mpcustom4: Trace Attempt 20	[5.90 s]
15.0.B: Trace Attempt 36	[9.76 s]
15.0.AM: Trace Attempt 32	[11.76 s]
15.0.N: Trace Attempt 26	[12.59 s]
15.0.N: Trace Attempt  1	[13.07 s]
15.0.N: Trace Attempt  2	[13.11 s]
15.0.N: Trace Attempt  3	[13.12 s]
15.0.N: Trace Attempt  5	[13.13 s]
15.0.Mpcustom4: Trace Attempt 23	[13.32 s]
15.0.B: Trace Attempt 40	[15.78 s]
15.0.N: Trace Attempt 25	[17.29 s]
15.0.Mpcustom4: Trace Attempt 29	[18.44 s]
15.0.Ht: Trace Attempt 37	[19.72 s]
15.0.N: Requesting engine job to stop
15.0.B: Requesting engine job to stop
15.0.AM: Requesting engine job to stop
15.0.Hp: Requesting engine job to terminate
15.0.Ht: Requesting engine job to terminate
15.0.Mpcustom4: Requesting engine job to terminate
INFO (IPF144): 15: Initiating shutdown of proof [22.74 s]
15.0.B: A trace with 40 cycles was found. [22.27 s]
INFO (IPF047): 15.0.B: The cover property "CS_div_fsm_s3_16" was covered in 40 cycles in 22.30 s.
15.0.B: Stopped processing property "CS_div_fsm_s3_16"	[22.31 s].
15.0.B: All properties determined. [22.29 s]
15.0.B: Exited with Success (@ 22.76 s)
15: ProofGrid usable level: 0
15.0.N: Trace Attempt 38	[20.38 s]
15.0.N: Stopped processing property "CS_div_fsm_s3_16"	[22.75 s].
15.0.N: All properties determined. [22.77 s]
15.0.N: Exited with Success (@ 22.80 s)
15.0.AM: Trace Attempt 40	[14.19 s]
15.0.AM: Stopped processing property "CS_div_fsm_s3_16"	[22.38 s].
15.0.AM: All properties determined. [22.38 s]
15.0.AM: Exited with Success (@ 22.99 s)
15.0.Mpcustom4: Trace Attempt 36	[21.26 s]
15.0.Mpcustom4: All properties determined. [22.92 s]
15.0.Hp: Interrupted (multi)
15.0.Hp: All properties determined. [23.24 s]
15.0.Mpcustom4: Exited with Success (@ 23.25 s)
15.0.Ht: Interrupted (multi)
15.0.Ht: Trace Attempt 40	[19.91 s]
15.0.Ht: All properties determined. [23.59 s]
15.0.Hp: Exited with Success (@ 23.63 s)
15.0.Ht: Exited with Success (@ 23.89 s)
15: --------------------------------------------------------------
ProofGrid Summary (utilization 98.67 %)
--------------------------------------------------------------
     engines started                               :     7
     engine jobs started                           :     7

    Average time in state (seconds)
    ------------------------------------------------------
    Engine  Pending     Running        Dead    Utilization
    ------------------------------------------------------
      N        0.10       22.73        0.00       99.55 %
     Hp        0.08       22.73        0.00       99.63 %
     Ht        0.08       22.71        0.00       99.64 %
    Mpcustom4        0.10       22.67        0.00       99.55 %
     Oh        0.49        0.26        0.00       34.19 %
      B        0.42       22.29        0.00       98.15 %
     AM        0.54       22.17        0.00       97.60 %
    all        0.26       19.37        0.00       98.67 %

    Total time in state (seconds)
    -----------------------------------------
            Pending     Running        Dead  
    -----------------------------------------
               1.83      135.57        0.00

    Data read    : 120.99 kiB
    Data written : 11.90 kiB

15: All pending notifications were processed.
INFO (IPF059): 15: Completed proof on task: "mytask"
cover -name CS_div_fsm_s3_17 {@(posedge clk_i) !div_fsm_s3 ##1 div_fsm_s3 [*17] ##1 !div_fsm_s3 }
INFO (IPF036): Starting proof on task: "mytask", 1 properties to prove with 0 already proven/unreachable
INFO (IPF031): Settings used for proof thread 16:
    orchestration                 = on (auto)
    time_limit                    = 600s
    per_property_time_limit       = 1s * 10 ^ scan
    engine_mode                   = auto
    proofgrid_per_engine_max_jobs = 1
    max engine jobs               = auto
    proofgrid_mode                = local
    proofgrid_restarts            = 10
16: Using multistage preprocessing
16: Starting reduce
16: Finished reduce in 0.041s
16.0.PRE: Performing Proof Simplification...
16.0.N: clocks: 1, declared: 1, looping: 0, posedge: 1, negedge: 0, noedge: 0, bothedge: 0
16.0.N: Proof Simplification Iteration 1	[0.00 s]
16.0.N: Proof Simplification Iteration 2	[0.04 s]
16.0.N: Proof Simplification Iteration 3	[0.06 s]
16.0.N: Proof Simplification Iteration 4	[0.07 s]
16.0.N: Proof Simplification Iteration 5	[0.09 s]
16.0.N: Proof Simplification Iteration 6	[0.11 s]
16.0.N: Proof Simplification Iteration 7	[0.13 s]
16.0.N: Proof Simplification Iteration 8	[0.15 s]
16.0.N: Proof Simplification Iteration 9	[0.16 s]
16.0.N: Proof Simplification Iteration 10	[0.18 s]
16.0.PRE: Proof Simplification completed in 0.23 s
16: About to start ProofGrid in its own thread with a limit of 10000 pending notifications and a limit of 10 traces.
16: =============================== ProofGrid start ===============================
16: ProofGrid usable level: 1
16: Initial ProofGrid level: 1
16: ProofGrid is starting event handling
16.0.Hp: caddy15.stanford.edu: "Rocky Linux 8.10 (Green Obsidian)" is an unsupported operating system.
16.0.N: caddy15.stanford.edu: "Rocky Linux 8.10 (Green Obsidian)" is an unsupported operating system.
16.0.Ht: caddy15.stanford.edu: "Rocky Linux 8.10 (Green Obsidian)" is an unsupported operating system.
16.0.Mpcustom4: caddy15.stanford.edu: "Rocky Linux 8.10 (Green Obsidian)" is an unsupported operating system.
16.0.N: Proofgrid shell started at 3436355@caddy15.stanford.edu(local) jg_3426522_caddy15.stanford.edu_17
16.0.Hp: Proofgrid shell started at 3436356@caddy15.stanford.edu(local) jg_3426522_caddy15.stanford.edu_17
16.0.Hp: clocks: 1, declared: 1, looping: 0, posedge: 1, negedge: 0, noedge: 0, bothedge: 0
16.0.Oh: caddy15.stanford.edu: "Rocky Linux 8.10 (Green Obsidian)" is an unsupported operating system.
16.0.N: clocks: 1, declared: 1, looping: 0, posedge: 1, negedge: 0, noedge: 0, bothedge: 0
16.0.N: Last scan. Per property time limit: 0s
16.0.N: Starting proof for property "CS_div_fsm_s3_17"	[0.00 s].
16.0.B: caddy15.stanford.edu: "Rocky Linux 8.10 (Green Obsidian)" is an unsupported operating system.
16.0.N: Trace Attempt  1	[0.01 s]
16.0.N: Trace Attempt  2	[0.01 s]
16.0.N: Trace Attempt  3	[0.01 s]
16.0.Ht: Proofgrid shell started at 3436379@caddy15.stanford.edu(local) jg_3426522_caddy15.stanford.edu_17
16.0.Ht: clocks: 1, declared: 1, looping: 0, posedge: 1, negedge: 0, noedge: 0, bothedge: 0
16.0.Mpcustom4: Proofgrid shell started at 3436397@caddy15.stanford.edu(local) jg_3426522_caddy15.stanford.edu_17
16.0.AM: caddy15.stanford.edu: "Rocky Linux 8.10 (Green Obsidian)" is an unsupported operating system.
16.0.N: Trace Attempt  3	[0.04 s]
16.0.Mpcustom4: clocks: 1, declared: 1, looping: 0, posedge: 1, negedge: 0, noedge: 0, bothedge: 0
16.0.Oh: Proofgrid shell started at 3436412@caddy15.stanford.edu(local) jg_3426522_caddy15.stanford.edu_17
16.0.Ht: Trace Attempt  1	[0.04 s]
16.0.Ht: Trace Attempt  2	[0.04 s]
16.0.Ht: Trace Attempt  3	[0.04 s]
16.0.B: Proofgrid shell started at 3436417@caddy15.stanford.edu(local) jg_3426522_caddy15.stanford.edu_17
16.0.N: Trace Attempt  4	[0.06 s]
16.0.N: Trace Attempt  5	[0.06 s]
16.0.Ht: Trace Attempt  4	[0.04 s]
16.0.Oh: clocks: 1, declared: 1, looping: 0, posedge: 1, negedge: 0, noedge: 0, bothedge: 0
16.0.Ht: Trace Attempt  5	[0.05 s]
16.0.B: clocks: 1, declared: 1, looping: 0, posedge: 1, negedge: 0, noedge: 0, bothedge: 0
16.0.Mpcustom4: Trace Attempt  1	[0.04 s]
16.0.B: Last scan. Per property time limit: 0s
16.0.B: Starting proof for property "CS_div_fsm_s3_17"	[0.00 s].
16.0.AM: Proofgrid shell started at 3436423@caddy15.stanford.edu(local) jg_3426522_caddy15.stanford.edu_17
16.0.B: Trace Attempt  1	[0.01 s]
16.0.Mpcustom4: Trace Attempt  2	[0.06 s]
16.0.B: Trace Attempt  2	[0.02 s]
16.0.AM: clocks: 1, declared: 1, looping: 0, posedge: 1, negedge: 0, noedge: 0, bothedge: 0
16.0.B: Trace Attempt  3	[0.02 s]
16.0.AM: Last scan. Per property time limit: 0s
16.0.AM: Starting proof for property "CS_div_fsm_s3_17"	[0.00 s].
16.0.AM: Trace Attempt  1	[0.00 s]
16.0.AM: Trace Attempt  2	[0.01 s]
16.0.N: Trace Attempt  5	[0.11 s]
16.0.B: Trace Attempt  4	[0.04 s]
16.0.AM: Trace Attempt  3	[0.03 s]
16.0.B: Trace Attempt  5	[0.07 s]
16.0.AM: Trace Attempt  4	[0.06 s]
16.0.Oh: bwd trail(1): 1 0.109961s
16.0.AM: Trace Attempt  5	[0.08 s]
16.0.Oh: All properties either determined or skipped. [0.13 s]
16.0.Oh: Exited with Success (@ 0.21 s)
16.0.Mpcustom4: Trace Attempt  3	[0.58 s]
16.0.Mpcustom4: Trace Attempt  3	[0.63 s]
16.0.Mpcustom4: Trace Attempt  4	[0.65 s]
16.0.Mpcustom4: Trace Attempt  4	[0.70 s]
16.0.Mpcustom4: Trace Attempt  5	[0.73 s]
16.0.AM: Trace Attempt  1	[1.83 s]
16.0.AM: Trace Attempt  2	[1.86 s]
16.0.AM: Trace Attempt  3	[1.87 s]
16.0.AM: Trace Attempt  5	[1.88 s]
16.0.Ht: Trace Attempt 31	[4.09 s]
16.0.N: Trace Attempt 26	[4.51 s]
16.0.B: Trace Attempt 31	[4.44 s]
16.0.Mpcustom4: Trace Attempt 22	[4.90 s]
16.0.Mpcustom4: Trace Attempt 22	[9.27 s]
16.0.B: Trace Attempt 39	[9.66 s]
16.0.N: Trace Attempt 27	[11.05 s]
16.0.N: Trace Attempt  1	[11.53 s]
16.0.N: Trace Attempt  2	[11.56 s]
16.0.N: Trace Attempt  3	[11.57 s]
16.0.N: Trace Attempt  5	[11.59 s]
16.0.AM: Trace Attempt 36	[12.41 s]
16.0.Mpcustom4: Trace Attempt 28	[13.73 s]
16.0.N: Requesting engine job to stop
16.0.B: Requesting engine job to stop
16.0.AM: Requesting engine job to stop
16.0.Hp: Requesting engine job to terminate
16.0.Ht: Requesting engine job to terminate
16.0.Mpcustom4: Requesting engine job to terminate
INFO (IPF144): 16: Initiating shutdown of proof [15.46 s]
16.0.B: Trace Attempt 40	[11.73 s]
16.0.B: A trace with 40 cycles was found. [15.32 s]
INFO (IPF047): 16.0.B: The cover property "CS_div_fsm_s3_17" was covered in 40 cycles in 15.38 s.
16.0.B: Stopped processing property "CS_div_fsm_s3_17"	[15.42 s].
16.0.B: All properties determined. [15.37 s]
16.0.B: Exited with Success (@ 15.47 s)
16: ProofGrid usable level: 0
16.0.N: Trace Attempt 29	[15.03 s]
16.0.N: Stopped processing property "CS_div_fsm_s3_17"	[15.50 s].
16.0.N: All properties determined. [15.51 s]
16.0.AM: Trace Attempt 40	[14.66 s]
16.0.AM: Stopped processing property "CS_div_fsm_s3_17"	[15.46 s].
16.0.AM: All properties determined. [15.46 s]
16.0.N: Exited with Success (@ 15.59 s)
16.0.AM: Exited with Success (@ 15.59 s)
16.0.Mpcustom4: Trace Attempt 31	[15.32 s]
16.0.Mpcustom4: All properties determined. [15.63 s]
16.0.Mpcustom4: Exited with Success (@ 15.71 s)
16.0.Hp: Interrupted (multi)
16.0.Hp: All properties determined. [15.72 s]
16.0.Ht: Interrupted (multi)
16.0.Ht: Trace Attempt 37	[7.26 s]
16.0.Ht: All properties determined. [15.86 s]
16.0.Hp: Exited with Success (@ 15.93 s)
16.0.Ht: Exited with Success (@ 15.99 s)
16: --------------------------------------------------------------
ProofGrid Summary (utilization 99.35 %)
--------------------------------------------------------------
     engines started                               :     7
     engine jobs started                           :     7

    Average time in state (seconds)
    ------------------------------------------------------
    Engine  Pending     Running        Dead    Utilization
    ------------------------------------------------------
      N        0.10       15.45        0.00       99.34 %
     Hp        0.08       15.45        0.00       99.47 %
     Ht        0.09       15.42        0.00       99.45 %
    Mpcustom4        0.08       15.40        0.00       99.50 %
     Oh        0.08        0.13        0.00       61.85 %
      B        0.08       15.37        0.00       99.48 %
     AM        0.10       15.35        0.00       99.36 %
    all        0.09       13.22        0.00       99.35 %

    Total time in state (seconds)
    -----------------------------------------
            Pending     Running        Dead  
    -----------------------------------------
               0.60       92.57        0.00

    Data read    : 118.41 kiB
    Data written : 11.77 kiB

16: All pending notifications were processed.
INFO (IPF059): 16: Completed proof on task: "mytask"
cover -name CS_div_fsm_s3_18 {@(posedge clk_i) !div_fsm_s3 ##1 div_fsm_s3 [*18] ##1 !div_fsm_s3 }
INFO (IPF036): Starting proof on task: "mytask", 1 properties to prove with 0 already proven/unreachable
INFO (IPF031): Settings used for proof thread 17:
    orchestration                 = on (auto)
    time_limit                    = 600s
    per_property_time_limit       = 1s * 10 ^ scan
    engine_mode                   = auto
    proofgrid_per_engine_max_jobs = 1
    max engine jobs               = auto
    proofgrid_mode                = local
    proofgrid_restarts            = 10
17: Using multistage preprocessing
17: Starting reduce
17: Finished reduce in 0.042s
17.0.PRE: Performing Proof Simplification...
17.0.N: clocks: 1, declared: 1, looping: 0, posedge: 1, negedge: 0, noedge: 0, bothedge: 0
17.0.N: Proof Simplification Iteration 1	[0.00 s]
17.0.N: Proof Simplification Iteration 2	[0.04 s]
17.0.N: Proof Simplification Iteration 3	[0.06 s]
17.0.N: Proof Simplification Iteration 4	[0.07 s]
17.0.N: Proof Simplification Iteration 5	[0.09 s]
17.0.N: Proof Simplification Iteration 6	[0.11 s]
17.0.N: Proof Simplification Iteration 7	[0.13 s]
17.0.N: Proof Simplification Iteration 8	[0.15 s]
17.0.N: Proof Simplification Iteration 9	[0.17 s]
17.0.N: Proof Simplification Iteration 10	[0.19 s]
17.0.PRE: Proof Simplification completed in 0.23 s
17: About to start ProofGrid in its own thread with a limit of 10000 pending notifications and a limit of 10 traces.
17: =============================== ProofGrid start ===============================
17: ProofGrid usable level: 1
17: Initial ProofGrid level: 1
17: ProofGrid is starting event handling
17.0.Hp: caddy15.stanford.edu: "Rocky Linux 8.10 (Green Obsidian)" is an unsupported operating system.
17.0.N: caddy15.stanford.edu: "Rocky Linux 8.10 (Green Obsidian)" is an unsupported operating system.
17.0.Ht: caddy15.stanford.edu: "Rocky Linux 8.10 (Green Obsidian)" is an unsupported operating system.
17.0.Hp: Proofgrid shell started at 3436808@caddy15.stanford.edu(local) jg_3426522_caddy15.stanford.edu_18
17.0.N: Proofgrid shell started at 3436807@caddy15.stanford.edu(local) jg_3426522_caddy15.stanford.edu_18
17.0.Mpcustom4: caddy15.stanford.edu: "Rocky Linux 8.10 (Green Obsidian)" is an unsupported operating system.
17.0.Hp: clocks: 1, declared: 1, looping: 0, posedge: 1, negedge: 0, noedge: 0, bothedge: 0
17.0.Ht: Proofgrid shell started at 3436831@caddy15.stanford.edu(local) jg_3426522_caddy15.stanford.edu_18
17.0.N: clocks: 1, declared: 1, looping: 0, posedge: 1, negedge: 0, noedge: 0, bothedge: 0
17.0.Ht: clocks: 1, declared: 1, looping: 0, posedge: 1, negedge: 0, noedge: 0, bothedge: 0
17.0.B: caddy15.stanford.edu: "Rocky Linux 8.10 (Green Obsidian)" is an unsupported operating system.
17.0.N: Last scan. Per property time limit: 0s
17.0.N: Starting proof for property "CS_div_fsm_s3_18"	[0.00 s].
17.0.N: Trace Attempt  1	[0.01 s]
17.0.N: Trace Attempt  2	[0.01 s]
17.0.N: Trace Attempt  3	[0.01 s]
17.0.Ht: Trace Attempt  1	[0.04 s]
17.0.Ht: Trace Attempt  2	[0.04 s]
17.0.Ht: Trace Attempt  3	[0.04 s]
17.0.Mpcustom4: Proofgrid shell started at 3436849@caddy15.stanford.edu(local) jg_3426522_caddy15.stanford.edu_18
17.0.Ht: Trace Attempt  4	[0.05 s]
17.0.Ht: Trace Attempt  5	[0.06 s]
17.0.Mpcustom4: clocks: 1, declared: 1, looping: 0, posedge: 1, negedge: 0, noedge: 0, bothedge: 0
17.0.N: Trace Attempt  3	[0.04 s]
17.0.N: Trace Attempt  4	[0.06 s]
17.0.N: Trace Attempt  5	[0.06 s]
17.0.Mpcustom4: Trace Attempt  1	[0.04 s]
17.0.Mpcustom4: Trace Attempt  2	[0.06 s]
17.0.Oh: caddy15.stanford.edu: "Rocky Linux 8.10 (Green Obsidian)" is an unsupported operating system.
17.0.N: Trace Attempt  5	[0.13 s]
17.0.AM: caddy15.stanford.edu: "Rocky Linux 8.10 (Green Obsidian)" is an unsupported operating system.
17.0.B: Proofgrid shell started at 3436858@caddy15.stanford.edu(local) jg_3426522_caddy15.stanford.edu_18
17.0.B: clocks: 1, declared: 1, looping: 0, posedge: 1, negedge: 0, noedge: 0, bothedge: 0
17.0.B: Last scan. Per property time limit: 0s
17.0.B: Starting proof for property "CS_div_fsm_s3_18"	[0.00 s].
17.0.B: Trace Attempt  1	[0.02 s]
17.0.B: Trace Attempt  2	[0.05 s]
17.0.B: Trace Attempt  3	[0.06 s]
17.0.Oh: Proofgrid shell started at 3436856@caddy15.stanford.edu(local) jg_3426522_caddy15.stanford.edu_18
17.0.B: Trace Attempt  4	[0.11 s]
17.0.AM: Proofgrid shell started at 3436868@caddy15.stanford.edu(local) jg_3426522_caddy15.stanford.edu_18
17.0.Oh: clocks: 1, declared: 1, looping: 0, posedge: 1, negedge: 0, noedge: 0, bothedge: 0
17.0.AM: clocks: 1, declared: 1, looping: 0, posedge: 1, negedge: 0, noedge: 0, bothedge: 0
17.0.B: Trace Attempt  5	[0.18 s]
17.0.AM: Last scan. Per property time limit: 0s
17.0.AM: Starting proof for property "CS_div_fsm_s3_18"	[0.00 s].
17.0.AM: Trace Attempt  1	[0.00 s]
17.0.AM: Trace Attempt  2	[0.01 s]
17.0.AM: Trace Attempt  3	[0.03 s]
17.0.AM: Trace Attempt  4	[0.06 s]
17.0.AM: Trace Attempt  5	[0.08 s]
17.0.Mpcustom4: Trace Attempt  3	[0.62 s]
17.0.Oh: bwd trail(1): 1 0.112762s
17.0.Oh: All properties either determined or skipped. [0.19 s]
17.0.Oh: Exited with Success (@ 0.71 s)
17.0.Oh: Completed, Restart ignored.
17.0.Mpcustom4: Trace Attempt  3	[0.66 s]
17.0.Mpcustom4: Trace Attempt  4	[0.68 s]
17.0.Mpcustom4: Trace Attempt  4	[0.74 s]
17.0.Mpcustom4: Trace Attempt  5	[0.77 s]
17.0.AM: Trace Attempt  1	[2.00 s]
17.0.AM: Trace Attempt  2	[2.03 s]
17.0.AM: Trace Attempt  3	[2.04 s]
17.0.AM: Trace Attempt  5	[2.05 s]
17.0.Ht: Trace Attempt 32	[4.22 s]
17.0.N: Trace Attempt 26	[4.27 s]
17.0.B: Trace Attempt 29	[4.31 s]
17.0.Mpcustom4: Trace Attempt 22	[4.93 s]
17.0.Ht: Trace Attempt 39	[8.52 s]
17.0.Mpcustom4: Trace Attempt 25	[9.31 s]
17.0.B: Trace Attempt 33	[9.48 s]
17.0.AM: Trace Attempt 32	[10.17 s]
17.0.N: Trace Attempt 28	[11.76 s]
17.0.N: Trace Attempt  1	[12.19 s]
17.0.N: Trace Attempt  2	[12.23 s]
17.0.N: Trace Attempt  3	[12.24 s]
17.0.N: Trace Attempt  5	[12.25 s]
17.0.Mpcustom4: Trace Attempt 25	[13.42 s]
17.0.B: Trace Attempt 38	[14.39 s]
17.0.N: Trace Attempt 33	[16.81 s]
17.0.Mpcustom4: Trace Attempt 30	[18.55 s]
17.0.B: Trace Attempt 40	[18.93 s]
17.0.Mpcustom4: Trace Attempt 36	[25.23 s]
17.0.N: Requesting engine job to stop
17.0.B: Requesting engine job to stop
17.0.AM: Requesting engine job to stop
17.0.Hp: Requesting engine job to terminate
17.0.Ht: Requesting engine job to terminate
17.0.Mpcustom4: Requesting engine job to terminate
INFO (IPF144): 17: Initiating shutdown of proof [25.90 s]
17.0.B: A trace with 40 cycles was found. [25.51 s]
INFO (IPF047): 17.0.B: The cover property "CS_div_fsm_s3_18" was covered in 40 cycles in 25.52 s.
17.0.B: Stopped processing property "CS_div_fsm_s3_18"	[25.53 s].
17.0.B: All properties determined. [25.52 s]
17.0.B: Exited with Success (@ 25.91 s)
17: ProofGrid usable level: 0
17.0.Hp: Interrupted (multi)
17.0.Hp: All properties determined. [25.90 s]
17.0.Ht: Interrupted (multi)
17.0.Ht: All properties determined. [25.89 s]
17.0.Hp: Exited with Success (@ 26.09 s)
17.0.Ht: Exited with Success (@ 26.10 s)
17.0.N: Trace Attempt 37	[20.42 s]
17.0.N: Stopped processing property "CS_div_fsm_s3_18"	[26.06 s].
17.0.N: All properties determined. [26.08 s]
17.0.N: Exited with Success (@ 26.17 s)
17.0.Mpcustom4: Trace Attempt 38	[25.32 s]
17.0.Mpcustom4: All properties determined. [26.08 s]
17.0.AM: Trace Attempt 40	[13.11 s]
17.0.AM: Stopped processing property "CS_div_fsm_s3_18"	[25.62 s].
17.0.AM: All properties determined. [25.62 s]
17.0.AM: Exited with Success (@ 26.20 s)
17.0.Mpcustom4: Exited with Success (@ 26.20 s)
17: --------------------------------------------------------------
ProofGrid Summary (utilization 98.91 %)
--------------------------------------------------------------
     engines started                               :     7
     engine jobs started                           :     7

    Average time in state (seconds)
    ------------------------------------------------------
    Engine  Pending     Running        Dead    Utilization
    ------------------------------------------------------
      N        0.12       25.86        0.00       99.54 %
     Hp        0.08       25.88        0.00       99.68 %
     Ht        0.10       25.86        0.00       99.63 %
    Mpcustom4        0.11       25.81        0.00       99.56 %
     Oh        0.49        0.20        0.00       28.46 %
      B        0.31       25.55        0.00       98.81 %
     AM        0.49       25.37        0.00       98.10 %
    all        0.24       22.08        0.00       98.91 %

    Total time in state (seconds)
    -----------------------------------------
            Pending     Running        Dead  
    -----------------------------------------
               1.71      154.53        0.00

    Data read    : 124.61 kiB
    Data written : 11.90 kiB

17: All pending notifications were processed.
INFO (IPF059): 17: Completed proof on task: "mytask"
cover -name CS_div_fsm_s3_19 {@(posedge clk_i) !div_fsm_s3 ##1 div_fsm_s3 [*19] ##1 !div_fsm_s3 }
INFO (IPF036): Starting proof on task: "mytask", 1 properties to prove with 0 already proven/unreachable
INFO (IPF031): Settings used for proof thread 18:
    orchestration                 = on (auto)
    time_limit                    = 600s
    per_property_time_limit       = 1s * 10 ^ scan
    engine_mode                   = auto
    proofgrid_per_engine_max_jobs = 1
    max engine jobs               = auto
    proofgrid_mode                = local
    proofgrid_restarts            = 10
18: Using multistage preprocessing
18: Starting reduce
18: Finished reduce in 0.041s
18.0.PRE: Performing Proof Simplification...
18.0.N: clocks: 1, declared: 1, looping: 0, posedge: 1, negedge: 0, noedge: 0, bothedge: 0
18.0.N: Proof Simplification Iteration 1	[0.00 s]
18.0.N: Proof Simplification Iteration 2	[0.04 s]
18.0.N: Proof Simplification Iteration 3	[0.05 s]
18.0.N: Proof Simplification Iteration 4	[0.07 s]
18.0.N: Proof Simplification Iteration 5	[0.09 s]
18.0.N: Proof Simplification Iteration 6	[0.11 s]
18.0.N: Proof Simplification Iteration 7	[0.13 s]
18.0.N: Proof Simplification Iteration 8	[0.14 s]
18.0.N: Proof Simplification Iteration 9	[0.16 s]
18.0.N: Proof Simplification Iteration 10	[0.18 s]
18.0.PRE: Proof Simplification completed in 0.23 s
18: About to start ProofGrid in its own thread with a limit of 10000 pending notifications and a limit of 10 traces.
18: =============================== ProofGrid start ===============================
18: ProofGrid usable level: 1
18: Initial ProofGrid level: 1
18: ProofGrid is starting event handling
18.0.Hp: caddy15.stanford.edu: "Rocky Linux 8.10 (Green Obsidian)" is an unsupported operating system.
18.0.N: caddy15.stanford.edu: "Rocky Linux 8.10 (Green Obsidian)" is an unsupported operating system.
18.0.Ht: caddy15.stanford.edu: "Rocky Linux 8.10 (Green Obsidian)" is an unsupported operating system.
18.0.N: Proofgrid shell started at 3437377@caddy15.stanford.edu(local) jg_3426522_caddy15.stanford.edu_19
18.0.Hp: Proofgrid shell started at 3437378@caddy15.stanford.edu(local) jg_3426522_caddy15.stanford.edu_19
18.0.Hp: clocks: 1, declared: 1, looping: 0, posedge: 1, negedge: 0, noedge: 0, bothedge: 0
18.0.N: clocks: 1, declared: 1, looping: 0, posedge: 1, negedge: 0, noedge: 0, bothedge: 0
18.0.Mpcustom4: caddy15.stanford.edu: "Rocky Linux 8.10 (Green Obsidian)" is an unsupported operating system.
18.0.Ht: Proofgrid shell started at 3437401@caddy15.stanford.edu(local) jg_3426522_caddy15.stanford.edu_19
18.0.N: Last scan. Per property time limit: 0s
18.0.N: Starting proof for property "CS_div_fsm_s3_19"	[0.00 s].
18.0.Ht: clocks: 1, declared: 1, looping: 0, posedge: 1, negedge: 0, noedge: 0, bothedge: 0
18.0.N: Trace Attempt  1	[0.01 s]
18.0.N: Trace Attempt  2	[0.01 s]
18.0.N: Trace Attempt  3	[0.01 s]
18.0.Ht: Trace Attempt  1	[0.04 s]
18.0.Ht: Trace Attempt  2	[0.04 s]
18.0.Ht: Trace Attempt  3	[0.04 s]
18.0.N: Trace Attempt  3	[0.04 s]
18.0.Ht: Trace Attempt  4	[0.05 s]
18.0.N: Trace Attempt  4	[0.06 s]
18.0.Ht: Trace Attempt  5	[0.06 s]
18.0.Mpcustom4: Proofgrid shell started at 3437419@caddy15.stanford.edu(local) jg_3426522_caddy15.stanford.edu_19
18.0.N: Trace Attempt  5	[0.06 s]
18.0.Mpcustom4: clocks: 1, declared: 1, looping: 0, posedge: 1, negedge: 0, noedge: 0, bothedge: 0
18.0.Oh: caddy15.stanford.edu: "Rocky Linux 8.10 (Green Obsidian)" is an unsupported operating system.
18.0.Mpcustom4: Trace Attempt  1	[0.04 s]
18.0.N: Trace Attempt  5	[0.12 s]
18.0.Mpcustom4: Trace Attempt  2	[0.06 s]
18.0.B: caddy15.stanford.edu: "Rocky Linux 8.10 (Green Obsidian)" is an unsupported operating system.
18.0.AM: caddy15.stanford.edu: "Rocky Linux 8.10 (Green Obsidian)" is an unsupported operating system.
18.0.Oh: Proofgrid shell started at 3437425@caddy15.stanford.edu(local) jg_3426522_caddy15.stanford.edu_19
18.0.B: Proofgrid shell started at 3437428@caddy15.stanford.edu(local) jg_3426522_caddy15.stanford.edu_19
18.0.Oh: clocks: 1, declared: 1, looping: 0, posedge: 1, negedge: 0, noedge: 0, bothedge: 0
18.0.B: clocks: 1, declared: 1, looping: 0, posedge: 1, negedge: 0, noedge: 0, bothedge: 0
18.0.B: Last scan. Per property time limit: 0s
18.0.B: Starting proof for property "CS_div_fsm_s3_19"	[0.00 s].
18.0.B: Trace Attempt  1	[0.01 s]
18.0.B: Trace Attempt  2	[0.03 s]
18.0.AM: Proofgrid shell started at 3437429@caddy15.stanford.edu(local) jg_3426522_caddy15.stanford.edu_19
18.0.B: Trace Attempt  3	[0.04 s]
18.0.AM: clocks: 1, declared: 1, looping: 0, posedge: 1, negedge: 0, noedge: 0, bothedge: 0
18.0.B: Trace Attempt  4	[0.06 s]
18.0.AM: Last scan. Per property time limit: 0s
18.0.AM: Starting proof for property "CS_div_fsm_s3_19"	[0.00 s].
18.0.AM: Trace Attempt  1	[0.00 s]
18.0.AM: Trace Attempt  2	[0.01 s]
18.0.AM: Trace Attempt  3	[0.05 s]
18.0.B: Trace Attempt  5	[0.17 s]
18.0.AM: Trace Attempt  4	[0.12 s]
18.0.Oh: bwd trail(1): 1 0.116005s
18.0.Oh: All properties either determined or skipped. [0.25 s]
18.0.AM: Trace Attempt  5	[0.15 s]
18.0.Oh: Exited with Success (@ 0.70 s)
18.0.Oh: Completed, Restart ignored.
18.0.Mpcustom4: Trace Attempt  3	[0.66 s]
18.0.Mpcustom4: Trace Attempt  3	[0.71 s]
18.0.Mpcustom4: Trace Attempt  4	[0.73 s]
18.0.Mpcustom4: Trace Attempt  4	[0.79 s]
18.0.Mpcustom4: Trace Attempt  5	[0.81 s]
18.0.AM: Trace Attempt  1	[3.19 s]
18.0.AM: Trace Attempt  2	[3.22 s]
18.0.AM: Trace Attempt  3	[3.23 s]
18.0.AM: Trace Attempt  5	[3.24 s]
18.0.N: Trace Attempt 27	[4.68 s]
18.0.Mpcustom4: Trace Attempt 23	[5.14 s]
18.0.Ht: Trace Attempt 33	[5.71 s]
18.0.B: Trace Attempt 34	[5.62 s]
18.0.B: Trace Attempt 38	[9.68 s]
18.0.Mpcustom4: Trace Attempt 23	[10.34 s]
18.0.N: Trace Attempt 29	[10.49 s]
18.0.N: Trace Attempt  1	[10.80 s]
18.0.N: Trace Attempt  2	[10.84 s]
18.0.N: Trace Attempt  3	[10.85 s]
18.0.N: Trace Attempt  5	[10.87 s]
18.0.AM: Trace Attempt 31	[12.48 s]
18.0.Mpcustom4: Trace Attempt 30	[15.41 s]
18.0.B: Trace Attempt 40	[15.20 s]
18.0.N: Trace Attempt 35	[16.18 s]
18.0.AM: Trace Attempt 40	[16.59 s]
18.0.N: Requesting engine job to stop
18.0.B: Requesting engine job to stop
18.0.AM: Requesting engine job to stop
18.0.Hp: Requesting engine job to terminate
18.0.Ht: Requesting engine job to terminate
18.0.Mpcustom4: Requesting engine job to terminate
INFO (IPF144): 18: Initiating shutdown of proof [19.31 s]
18.0.B: A trace with 40 cycles was found. [18.83 s]
INFO (IPF047): 18.0.B: The cover property "CS_div_fsm_s3_19" was covered in 40 cycles in 18.85 s.
18.0.B: Stopped processing property "CS_div_fsm_s3_19"	[18.88 s].
18.0.B: All properties determined. [18.84 s]
18.0.B: Exited with Success (@ 19.32 s)
18: ProofGrid usable level: 0
18.0.Hp: Interrupted (multi)
18.0.Hp: All properties determined. [19.33 s]
18.0.AM: Stopped processing property "CS_div_fsm_s3_19"	[18.90 s].
18.0.N: Trace Attempt 36	[19.40 s]
18.0.N: Stopped processing property "CS_div_fsm_s3_19"	[19.41 s].
18.0.AM: All properties determined. [18.91 s]
18.0.N: All properties determined. [19.43 s]
18.0.AM: Exited with Success (@ 19.46 s)
18.0.N: Exited with Success (@ 19.47 s)
18.0.Hp: Exited with Success (@ 19.50 s)
18.0.Mpcustom4: Trace Attempt 33	[15.58 s]
18.0.Mpcustom4: All properties determined. [19.42 s]
18.0.Mpcustom4: Exited with Success (@ 20.04 s)
18.0.Ht: Interrupted (multi)
18.0.Ht: Trace Attempt 39	[7.62 s]
18.0.Ht: All properties determined. [20.46 s]
18.0.Ht: Exited with Success (@ 20.80 s)
18: --------------------------------------------------------------
ProofGrid Summary (utilization 98.53 %)
--------------------------------------------------------------
     engines started                               :     7
     engine jobs started                           :     7

    Average time in state (seconds)
    ------------------------------------------------------
    Engine  Pending     Running        Dead    Utilization
    ------------------------------------------------------
      N        0.10       19.30        0.00       99.49 %
     Hp        0.08       19.30        0.00       99.58 %
     Ht        0.08       19.28        0.00       99.59 %
    Mpcustom4        0.13       19.21        0.00       99.32 %
     Oh        0.42        0.25        0.00       37.61 %
      B        0.42       18.86        0.00       97.82 %
     AM        0.49       18.79        0.00       97.46 %
    all        0.25       16.43        0.00       98.53 %

    Total time in state (seconds)
    -----------------------------------------
            Pending     Running        Dead  
    -----------------------------------------
               1.72      114.99        0.00

    Data read    : 118.71 kiB
    Data written : 10.52 kiB

18: All pending notifications were processed.
INFO (IPF059): 18: Completed proof on task: "mytask"
cover -name CS_div_fsm_s3_20 {@(posedge clk_i) !div_fsm_s3 ##1 div_fsm_s3 [*20] ##1 !div_fsm_s3 }
INFO (IPF036): Starting proof on task: "mytask", 1 properties to prove with 0 already proven/unreachable
INFO (IPF031): Settings used for proof thread 19:
    orchestration                 = on (auto)
    time_limit                    = 600s
    per_property_time_limit       = 1s * 10 ^ scan
    engine_mode                   = auto
    proofgrid_per_engine_max_jobs = 1
    max engine jobs               = auto
    proofgrid_mode                = local
    proofgrid_restarts            = 10
19: Using multistage preprocessing
19: Starting reduce
19: Finished reduce in 0.043s
19.0.PRE: Performing Proof Simplification...
19.0.N: clocks: 1, declared: 1, looping: 0, posedge: 1, negedge: 0, noedge: 0, bothedge: 0
19.0.N: Proof Simplification Iteration 1	[0.00 s]
19.0.N: Proof Simplification Iteration 2	[0.04 s]
19.0.N: Proof Simplification Iteration 3	[0.06 s]
19.0.N: Proof Simplification Iteration 4	[0.07 s]
19.0.N: Proof Simplification Iteration 5	[0.09 s]
19.0.N: Proof Simplification Iteration 6	[0.11 s]
19.0.N: Proof Simplification Iteration 7	[0.13 s]
19.0.N: Proof Simplification Iteration 8	[0.15 s]
19.0.N: Proof Simplification Iteration 9	[0.17 s]
19.0.N: Proof Simplification Iteration 10	[0.19 s]
19.0.PRE: Proof Simplification completed in 0.23 s
19: About to start ProofGrid in its own thread with a limit of 10000 pending notifications and a limit of 10 traces.
19: =============================== ProofGrid start ===============================
19: ProofGrid usable level: 1
19: Initial ProofGrid level: 1
19: ProofGrid is starting event handling
19.0.Hp: caddy15.stanford.edu: "Rocky Linux 8.10 (Green Obsidian)" is an unsupported operating system.
19.0.N: caddy15.stanford.edu: "Rocky Linux 8.10 (Green Obsidian)" is an unsupported operating system.
19.0.Ht: caddy15.stanford.edu: "Rocky Linux 8.10 (Green Obsidian)" is an unsupported operating system.
19.0.Hp: Proofgrid shell started at 3437719@caddy15.stanford.edu(local) jg_3426522_caddy15.stanford.edu_20
19.0.N: Proofgrid shell started at 3437718@caddy15.stanford.edu(local) jg_3426522_caddy15.stanford.edu_20
19.0.Mpcustom4: caddy15.stanford.edu: "Rocky Linux 8.10 (Green Obsidian)" is an unsupported operating system.
19.0.N: clocks: 1, declared: 1, looping: 0, posedge: 1, negedge: 0, noedge: 0, bothedge: 0
19.0.Ht: Proofgrid shell started at 3437741@caddy15.stanford.edu(local) jg_3426522_caddy15.stanford.edu_20
19.0.N: Last scan. Per property time limit: 0s
19.0.N: Starting proof for property "CS_div_fsm_s3_20"	[0.00 s].
19.0.N: Trace Attempt  1	[0.01 s]
19.0.N: Trace Attempt  2	[0.01 s]
19.0.N: Trace Attempt  3	[0.01 s]
19.0.Hp: clocks: 1, declared: 1, looping: 0, posedge: 1, negedge: 0, noedge: 0, bothedge: 0
19.0.Ht: clocks: 1, declared: 1, looping: 0, posedge: 1, negedge: 0, noedge: 0, bothedge: 0
19.0.Mpcustom4: Proofgrid shell started at 3437760@caddy15.stanford.edu(local) jg_3426522_caddy15.stanford.edu_20
19.0.N: Trace Attempt  3	[0.04 s]
19.0.Ht: Trace Attempt  1	[0.04 s]
19.0.Ht: Trace Attempt  2	[0.04 s]
19.0.B: caddy15.stanford.edu: "Rocky Linux 8.10 (Green Obsidian)" is an unsupported operating system.
19.0.N: Trace Attempt  4	[0.06 s]
19.0.Ht: Trace Attempt  3	[0.04 s]
19.0.Ht: Trace Attempt  4	[0.04 s]
19.0.N: Trace Attempt  5	[0.06 s]
19.0.Ht: Trace Attempt  5	[0.05 s]
19.0.Mpcustom4: clocks: 1, declared: 1, looping: 0, posedge: 1, negedge: 0, noedge: 0, bothedge: 0
19.0.B: Proofgrid shell started at 3437776@caddy15.stanford.edu(local) jg_3426522_caddy15.stanford.edu_20
19.0.Mpcustom4: Trace Attempt  1	[0.06 s]
19.0.Oh: caddy15.stanford.edu: "Rocky Linux 8.10 (Green Obsidian)" is an unsupported operating system.
19.0.B: clocks: 1, declared: 1, looping: 0, posedge: 1, negedge: 0, noedge: 0, bothedge: 0
19.0.N: Trace Attempt  5	[0.12 s]
19.0.B: Last scan. Per property time limit: 0s
19.0.B: Starting proof for property "CS_div_fsm_s3_20"	[0.00 s].
19.0.B: Trace Attempt  1	[0.01 s]
19.0.B: Trace Attempt  2	[0.02 s]
19.0.Mpcustom4: Trace Attempt  2	[0.10 s]
19.0.B: Trace Attempt  3	[0.03 s]
19.0.B: Trace Attempt  4	[0.04 s]
19.0.AM: caddy15.stanford.edu: "Rocky Linux 8.10 (Green Obsidian)" is an unsupported operating system.
19.0.B: Trace Attempt  5	[0.08 s]
19.0.Oh: Proofgrid shell started at 3437773@caddy15.stanford.edu(local) jg_3426522_caddy15.stanford.edu_20
19.0.Oh: clocks: 1, declared: 1, looping: 0, posedge: 1, negedge: 0, noedge: 0, bothedge: 0
19.0.AM: Proofgrid shell started at 3437779@caddy15.stanford.edu(local) jg_3426522_caddy15.stanford.edu_20
19.0.AM: clocks: 1, declared: 1, looping: 0, posedge: 1, negedge: 0, noedge: 0, bothedge: 0
19.0.AM: Last scan. Per property time limit: 0s
19.0.AM: Starting proof for property "CS_div_fsm_s3_20"	[0.00 s].
19.0.AM: Trace Attempt  1	[0.00 s]
19.0.AM: Trace Attempt  2	[0.01 s]
19.0.AM: Trace Attempt  3	[0.05 s]
19.0.AM: Trace Attempt  4	[0.08 s]
19.0.AM: Trace Attempt  5	[0.10 s]
19.0.Oh: bwd trail(1): 1 0.115697s
19.0.Oh: All properties either determined or skipped. [0.26 s]
19.0.Oh: Exited with Success (@ 0.73 s)
19.0.Oh: Completed, Restart ignored.
19.0.Mpcustom4: Trace Attempt  3	[1.32 s]
19.0.Mpcustom4: Trace Attempt  3	[1.43 s]
19.0.Mpcustom4: Trace Attempt  4	[1.47 s]
19.0.Mpcustom4: Trace Attempt  4	[1.59 s]
19.0.Mpcustom4: Trace Attempt  5	[1.65 s]
19.0.N: Trace Attempt 28	[4.22 s]
19.0.B: Trace Attempt 32	[4.19 s]
19.0.Ht: Trace Attempt 32	[4.60 s]
19.0.Mpcustom4: Trace Attempt 25	[6.68 s]
19.0.AM: Trace Attempt  1	[7.68 s]
19.0.AM: Trace Attempt  2	[7.71 s]
19.0.AM: Trace Attempt  3	[7.71 s]
19.0.AM: Trace Attempt  5	[7.73 s]
19.0.N: Trace Attempt 29	[8.52 s]
19.0.B: Trace Attempt 36	[8.84 s]
19.0.Mpcustom4: Trace Attempt 25	[11.47 s]
19.0.B: Trace Attempt 39	[13.16 s]
19.0.N: Trace Attempt 30	[14.16 s]
19.0.Mpcustom4: Trace Attempt 27	[16.13 s]
19.0.N: Trace Attempt  1	[16.69 s]
19.0.N: Trace Attempt  2	[16.72 s]
19.0.N: Trace Attempt  3	[16.73 s]
19.0.N: Trace Attempt  5	[16.75 s]
19.0.AM: Trace Attempt 37	[17.92 s]
19.0.N: Requesting engine job to stop
19.0.B: Requesting engine job to stop
19.0.AM: Requesting engine job to stop
19.0.Hp: Requesting engine job to terminate
19.0.Ht: Requesting engine job to terminate
19.0.Mpcustom4: Requesting engine job to terminate
INFO (IPF144): 19: Initiating shutdown of proof [20.91 s]
19.0.B: Trace Attempt 40	[15.28 s]
19.0.B: A trace with 40 cycles was found. [20.73 s]
INFO (IPF047): 19.0.B: The cover property "CS_div_fsm_s3_20" was covered in 40 cycles in 20.76 s.
19.0.B: Stopped processing property "CS_div_fsm_s3_20"	[20.76 s].
19.0.B: All properties determined. [20.75 s]
19.0.Hp: Interrupted (multi)
19.0.Hp: All properties determined. [20.89 s]
19.0.B: Exited with Success (@ 20.92 s)
19: ProofGrid usable level: 0
19.0.N: Trace Attempt 32	[20.58 s]
19.0.N: Stopped processing property "CS_div_fsm_s3_20"	[20.91 s].
19.0.N: All properties determined. [20.92 s]
19.0.AM: Trace Attempt 40	[20.37 s]
19.0.AM: Stopped processing property "CS_div_fsm_s3_20"	[20.45 s].
19.0.N: Exited with Success (@ 21.01 s)
19.0.AM: All properties determined. [20.48 s]
19.0.AM: Exited with Success (@ 21.05 s)
19.0.Hp: Exited with Success (@ 21.07 s)
19.0.Mpcustom4: Trace Attempt 27	[19.43 s]
19.0.Mpcustom4: All properties determined. [20.99 s]
19.0.Mpcustom4: Exited with Success (@ 21.35 s)
19.0.Ht: Interrupted (multi)
19.0.Ht: Trace Attempt 38	[7.26 s]
19.0.Ht: All properties determined. [22.02 s]
19.0.Ht: Exited with Success (@ 22.19 s)
19: --------------------------------------------------------------
ProofGrid Summary (utilization 98.86 %)
--------------------------------------------------------------
     engines started                               :     7
     engine jobs started                           :     7

    Average time in state (seconds)
    ------------------------------------------------------
    Engine  Pending     Running        Dead    Utilization
    ------------------------------------------------------
      N        0.10       20.89        0.00       99.51 %
     Hp        0.08       20.88        0.00       99.62 %
     Ht        0.09       20.87        0.00       99.55 %
    Mpcustom4        0.10       20.82        0.00       99.50 %
     Oh        0.44        0.26        0.00       37.08 %
      B        0.13       20.76        0.00       99.36 %
     AM        0.48       20.39        0.00       97.70 %
    all        0.20       17.84        0.00       98.86 %

    Total time in state (seconds)
    -----------------------------------------
            Pending     Running        Dead  
    -----------------------------------------
               1.43      124.86        0.00

    Data read    : 122.92 kiB
    Data written : 11.69 kiB

19: All pending notifications were processed.
INFO (IPF059): 19: Completed proof on task: "mytask"
cover -name CS_div_fsm_s3_21 {@(posedge clk_i) !div_fsm_s3 ##1 div_fsm_s3 [*21] ##1 !div_fsm_s3 }
INFO (IPF036): Starting proof on task: "mytask", 1 properties to prove with 0 already proven/unreachable
INFO (IPF031): Settings used for proof thread 20:
    orchestration                 = on (auto)
    time_limit                    = 600s
    per_property_time_limit       = 1s * 10 ^ scan
    engine_mode                   = auto
    proofgrid_per_engine_max_jobs = 1
    max engine jobs               = auto
    proofgrid_mode                = local
    proofgrid_restarts            = 10
20: Using multistage preprocessing
20: Starting reduce
20: Finished reduce in 0.041s
20.0.PRE: Performing Proof Simplification...
20.0.N: clocks: 1, declared: 1, looping: 0, posedge: 1, negedge: 0, noedge: 0, bothedge: 0
20.0.N: Proof Simplification Iteration 1	[0.00 s]
20.0.N: Proof Simplification Iteration 2	[0.04 s]
20.0.N: Proof Simplification Iteration 3	[0.05 s]
20.0.N: Proof Simplification Iteration 4	[0.07 s]
20.0.N: Proof Simplification Iteration 5	[0.09 s]
20.0.N: Proof Simplification Iteration 6	[0.11 s]
20.0.N: Proof Simplification Iteration 7	[0.13 s]
20.0.N: Proof Simplification Iteration 8	[0.14 s]
20.0.N: Proof Simplification Iteration 9	[0.16 s]
20.0.N: Proof Simplification Iteration 10	[0.18 s]
20.0.PRE: Proof Simplification completed in 0.23 s
20: About to start ProofGrid in its own thread with a limit of 10000 pending notifications and a limit of 10 traces.
20: =============================== ProofGrid start ===============================
20: ProofGrid usable level: 1
20: Initial ProofGrid level: 1
20: ProofGrid is starting event handling
20.0.Hp: caddy15.stanford.edu: "Rocky Linux 8.10 (Green Obsidian)" is an unsupported operating system.
20.0.N: caddy15.stanford.edu: "Rocky Linux 8.10 (Green Obsidian)" is an unsupported operating system.
20.0.Ht: caddy15.stanford.edu: "Rocky Linux 8.10 (Green Obsidian)" is an unsupported operating system.
20.0.Mpcustom4: caddy15.stanford.edu: "Rocky Linux 8.10 (Green Obsidian)" is an unsupported operating system.
20.0.N: Proofgrid shell started at 3438173@caddy15.stanford.edu(local) jg_3426522_caddy15.stanford.edu_21
20.0.Hp: Proofgrid shell started at 3438174@caddy15.stanford.edu(local) jg_3426522_caddy15.stanford.edu_21
20.0.N: clocks: 1, declared: 1, looping: 0, posedge: 1, negedge: 0, noedge: 0, bothedge: 0
20.0.Hp: clocks: 1, declared: 1, looping: 0, posedge: 1, negedge: 0, noedge: 0, bothedge: 0
20.0.Ht: Proofgrid shell started at 3438196@caddy15.stanford.edu(local) jg_3426522_caddy15.stanford.edu_21
20.0.N: Last scan. Per property time limit: 0s
20.0.N: Starting proof for property "CS_div_fsm_s3_21"	[0.00 s].
20.0.N: Trace Attempt  1	[0.01 s]
20.0.N: Trace Attempt  2	[0.01 s]
20.0.N: Trace Attempt  3	[0.01 s]
20.0.Ht: clocks: 1, declared: 1, looping: 0, posedge: 1, negedge: 0, noedge: 0, bothedge: 0
20.0.Ht: Trace Attempt  1	[0.04 s]
20.0.Ht: Trace Attempt  2	[0.04 s]
20.0.Ht: Trace Attempt  3	[0.04 s]
20.0.Ht: Trace Attempt  4	[0.05 s]
20.0.Mpcustom4: Proofgrid shell started at 3438215@caddy15.stanford.edu(local) jg_3426522_caddy15.stanford.edu_21
20.0.N: Trace Attempt  3	[0.04 s]
20.0.N: Trace Attempt  4	[0.06 s]
20.0.N: Trace Attempt  5	[0.06 s]
20.0.Ht: Trace Attempt  5	[0.05 s]
20.0.Mpcustom4: clocks: 1, declared: 1, looping: 0, posedge: 1, negedge: 0, noedge: 0, bothedge: 0
20.0.Mpcustom4: Trace Attempt  1	[0.04 s]
20.0.Oh: caddy15.stanford.edu: "Rocky Linux 8.10 (Green Obsidian)" is an unsupported operating system.
20.0.Mpcustom4: Trace Attempt  2	[0.06 s]
20.0.N: Trace Attempt  5	[0.12 s]
20.0.B: caddy15.stanford.edu: "Rocky Linux 8.10 (Green Obsidian)" is an unsupported operating system.
20.0.AM: caddy15.stanford.edu: "Rocky Linux 8.10 (Green Obsidian)" is an unsupported operating system.
20.0.Oh: Proofgrid shell started at 3438230@caddy15.stanford.edu(local) jg_3426522_caddy15.stanford.edu_21
20.0.Oh: clocks: 1, declared: 1, looping: 0, posedge: 1, negedge: 0, noedge: 0, bothedge: 0
20.0.B: Proofgrid shell started at 3438233@caddy15.stanford.edu(local) jg_3426522_caddy15.stanford.edu_21
20.0.B: clocks: 1, declared: 1, looping: 0, posedge: 1, negedge: 0, noedge: 0, bothedge: 0
20.0.B: Last scan. Per property time limit: 0s
20.0.B: Starting proof for property "CS_div_fsm_s3_21"	[0.00 s].
20.0.B: Trace Attempt  1	[0.01 s]
20.0.AM: Proofgrid shell started at 3438236@caddy15.stanford.edu(local) jg_3426522_caddy15.stanford.edu_21
20.0.B: Trace Attempt  2	[0.02 s]
20.0.B: Trace Attempt  3	[0.03 s]
20.0.AM: clocks: 1, declared: 1, looping: 0, posedge: 1, negedge: 0, noedge: 0, bothedge: 0
20.0.B: Trace Attempt  4	[0.04 s]
20.0.AM: Last scan. Per property time limit: 0s
20.0.AM: Starting proof for property "CS_div_fsm_s3_21"	[0.00 s].
20.0.AM: Trace Attempt  1	[0.00 s]
20.0.AM: Trace Attempt  2	[0.01 s]
20.0.Oh: bwd trail(1): 1 0.105059s
20.0.Oh: All properties either determined or skipped. [0.17 s]
20.0.Oh: Exited with Success (@ 0.57 s)
20.0.Oh: Completed, Restart ignored.
20.0.B: Trace Attempt  5	[0.08 s]
20.0.AM: Trace Attempt  3	[0.04 s]
20.0.AM: Trace Attempt  4	[0.07 s]
20.0.AM: Trace Attempt  5	[0.09 s]
20.0.Mpcustom4: Trace Attempt  3	[0.62 s]
20.0.Mpcustom4: Trace Attempt  3	[0.67 s]
20.0.Mpcustom4: Trace Attempt  4	[0.69 s]
20.0.Mpcustom4: Trace Attempt  4	[0.75 s]
20.0.Mpcustom4: Trace Attempt  5	[0.77 s]
20.0.Ht: Trace Attempt 32	[4.46 s]
20.0.N: Trace Attempt 28	[4.96 s]
20.0.B: Trace Attempt 32	[4.50 s]
20.0.Mpcustom4: Trace Attempt 27	[5.53 s]
20.0.B: Trace Attempt 36	[9.29 s]
20.0.N: Trace Attempt 30	[9.97 s]
20.0.AM: Trace Attempt  1	[10.58 s]
20.0.AM: Trace Attempt  2	[10.61 s]
20.0.AM: Trace Attempt  3	[10.62 s]
20.0.AM: Trace Attempt  5	[10.63 s]
20.0.Mpcustom4: Trace Attempt 27	[13.59 s]
20.0.N: Trace Attempt 31	[15.99 s]
20.0.B: Trace Attempt 40	[17.45 s]
20.0.N: Trace Attempt 40	[20.46 s]
20.0.AM: Trace Attempt 33	[19.95 s]
20.0.Mpcustom4: Trace Attempt 31	[20.44 s]
20.0.Ht: Trace Attempt 39	[22.17 s]
20.0.N: Requesting engine job to stop
20.0.B: Requesting engine job to stop
20.0.AM: Requesting engine job to stop
20.0.Hp: Requesting engine job to terminate
20.0.Ht: Requesting engine job to terminate
20.0.Mpcustom4: Requesting engine job to terminate
INFO (IPF144): 20: Initiating shutdown of proof [22.99 s]
20.0.B: A trace with 40 cycles was found. [22.46 s]
INFO (IPF047): 20.0.B: The cover property "CS_div_fsm_s3_21" was covered in 40 cycles in 22.49 s.
20.0.B: Stopped processing property "CS_div_fsm_s3_21"	[22.49 s].
20.0.B: All properties determined. [22.48 s]
20.0.Ht: Interrupted (multi)
20.0.Ht: Trace Attempt 40	[22.27 s]
20.0.Ht: All properties determined. [23.00 s]
20.0.B: Exited with Success (@ 23.10 s)
20: ProofGrid usable level: 0
20.0.AM: Trace Attempt 40	[22.21 s]
20.0.AM: Stopped processing property "CS_div_fsm_s3_21"	[22.54 s].
20.0.AM: All properties determined. [22.55 s]
20.0.N: Stopped processing property "CS_div_fsm_s3_21"	[23.08 s].
20.0.AM: Exited with Success (@ 23.12 s)
20.0.N: All properties determined. [23.10 s]
20.0.N: Exited with Success (@ 23.19 s)
20.0.Mpcustom4: Trace Attempt 33	[20.54 s]
20.0.Mpcustom4: All properties determined. [23.11 s]
20.0.Mpcustom4: Exited with Success (@ 23.47 s)
20.0.Hp: Interrupted (multi)
20.0.Hp: All properties determined. [23.50 s]
20.0.Ht: Exited with Success (@ 23.51 s)
20.0.Hp: Exited with Success (@ 23.70 s)
20: --------------------------------------------------------------
ProofGrid Summary (utilization 98.74 %)
--------------------------------------------------------------
     engines started                               :     7
     engine jobs started                           :     7

    Average time in state (seconds)
    ------------------------------------------------------
    Engine  Pending     Running        Dead    Utilization
    ------------------------------------------------------
      N        0.10       22.98        0.00       99.55 %
     Hp        0.09       22.97        0.00       99.62 %
     Ht        0.08       22.96        0.00       99.65 %
    Mpcustom4        0.11       22.91        0.00       99.51 %
     Oh        0.39        0.17        0.00       30.12 %
      B        0.47       22.50        0.00       97.96 %
     AM        0.51       22.45        0.00       97.78 %
    all        0.25       19.56        0.00       98.74 %

    Total time in state (seconds)
    -----------------------------------------
            Pending     Running        Dead  
    -----------------------------------------
               1.75      136.94        0.00

    Data read    : 120.08 kiB
    Data written : 11.56 kiB

20: All pending notifications were processed.
INFO (IPF059): 20: Completed proof on task: "mytask"
cover -name CS_div_fsm_s3_22 {@(posedge clk_i) !div_fsm_s3 ##1 div_fsm_s3 [*22] ##1 !div_fsm_s3 }
INFO (IPF036): Starting proof on task: "mytask", 1 properties to prove with 0 already proven/unreachable
INFO (IPF031): Settings used for proof thread 21:
    orchestration                 = on (auto)
    time_limit                    = 600s
    per_property_time_limit       = 1s * 10 ^ scan
    engine_mode                   = auto
    proofgrid_per_engine_max_jobs = 1
    max engine jobs               = auto
    proofgrid_mode                = local
    proofgrid_restarts            = 10
21: Using multistage preprocessing
21: Starting reduce
21: Finished reduce in 0.041s
21.0.PRE: Performing Proof Simplification...
21.0.N: clocks: 1, declared: 1, looping: 0, posedge: 1, negedge: 0, noedge: 0, bothedge: 0
21.0.N: Proof Simplification Iteration 1	[0.00 s]
21.0.N: Proof Simplification Iteration 2	[0.04 s]
21.0.N: Proof Simplification Iteration 3	[0.05 s]
21.0.N: Proof Simplification Iteration 4	[0.07 s]
21.0.N: Proof Simplification Iteration 5	[0.09 s]
21.0.N: Proof Simplification Iteration 6	[0.11 s]
21.0.N: Proof Simplification Iteration 7	[0.13 s]
21.0.N: Proof Simplification Iteration 8	[0.14 s]
21.0.N: Proof Simplification Iteration 9	[0.16 s]
21.0.N: Proof Simplification Iteration 10	[0.18 s]
21.0.PRE: Proof Simplification completed in 0.23 s
21: About to start ProofGrid in its own thread with a limit of 10000 pending notifications and a limit of 10 traces.
21: =============================== ProofGrid start ===============================
21: ProofGrid usable level: 1
21: Initial ProofGrid level: 1
21: ProofGrid is starting event handling
21.0.Hp: caddy15.stanford.edu: "Rocky Linux 8.10 (Green Obsidian)" is an unsupported operating system.
21.0.N: caddy15.stanford.edu: "Rocky Linux 8.10 (Green Obsidian)" is an unsupported operating system.
21.0.Ht: caddy15.stanford.edu: "Rocky Linux 8.10 (Green Obsidian)" is an unsupported operating system.
21.0.Mpcustom4: caddy15.stanford.edu: "Rocky Linux 8.10 (Green Obsidian)" is an unsupported operating system.
21.0.N: Proofgrid shell started at 3438291@caddy15.stanford.edu(local) jg_3426522_caddy15.stanford.edu_22
21.0.Hp: Proofgrid shell started at 3438292@caddy15.stanford.edu(local) jg_3426522_caddy15.stanford.edu_22
21.0.Oh: caddy15.stanford.edu: "Rocky Linux 8.10 (Green Obsidian)" is an unsupported operating system.
21.0.Hp: clocks: 1, declared: 1, looping: 0, posedge: 1, negedge: 0, noedge: 0, bothedge: 0
21.0.N: clocks: 1, declared: 1, looping: 0, posedge: 1, negedge: 0, noedge: 0, bothedge: 0
21.0.Ht: Proofgrid shell started at 3438314@caddy15.stanford.edu(local) jg_3426522_caddy15.stanford.edu_22
21.0.N: Last scan. Per property time limit: 0s
21.0.N: Starting proof for property "CS_div_fsm_s3_22"	[0.00 s].
21.0.AM: caddy15.stanford.edu: "Rocky Linux 8.10 (Green Obsidian)" is an unsupported operating system.
21.0.B: caddy15.stanford.edu: "Rocky Linux 8.10 (Green Obsidian)" is an unsupported operating system.
21.0.N: Trace Attempt  1	[0.01 s]
21.0.Ht: clocks: 1, declared: 1, looping: 0, posedge: 1, negedge: 0, noedge: 0, bothedge: 0
21.0.N: Trace Attempt  2	[0.01 s]
21.0.N: Trace Attempt  3	[0.01 s]
21.0.Mpcustom4: Proofgrid shell started at 3438333@caddy15.stanford.edu(local) jg_3426522_caddy15.stanford.edu_22
21.0.Oh: Proofgrid shell started at 3438348@caddy15.stanford.edu(local) jg_3426522_caddy15.stanford.edu_22
21.0.Mpcustom4: clocks: 1, declared: 1, looping: 0, posedge: 1, negedge: 0, noedge: 0, bothedge: 0
21.0.Oh: clocks: 1, declared: 1, looping: 0, posedge: 1, negedge: 0, noedge: 0, bothedge: 0
21.0.Ht: Trace Attempt  1	[0.04 s]
21.0.N: Trace Attempt  3	[0.04 s]
21.0.Ht: Trace Attempt  2	[0.04 s]
21.0.AM: Proofgrid shell started at 3438360@caddy15.stanford.edu(local) jg_3426522_caddy15.stanford.edu_22
21.0.Ht: Trace Attempt  3	[0.04 s]
21.0.Ht: Trace Attempt  4	[0.04 s]
21.0.AM: clocks: 1, declared: 1, looping: 0, posedge: 1, negedge: 0, noedge: 0, bothedge: 0
21.0.Ht: Trace Attempt  5	[0.05 s]
21.0.N: Trace Attempt  4	[0.06 s]
21.0.N: Trace Attempt  5	[0.06 s]
21.0.Mpcustom4: Trace Attempt  1	[0.04 s]
21.0.AM: Last scan. Per property time limit: 0s
21.0.AM: Starting proof for property "CS_div_fsm_s3_22"	[0.00 s].
21.0.B: Proofgrid shell started at 3438358@caddy15.stanford.edu(local) jg_3426522_caddy15.stanford.edu_22
21.0.AM: Trace Attempt  1	[0.00 s]
21.0.AM: Trace Attempt  2	[0.01 s]
21.0.B: clocks: 1, declared: 1, looping: 0, posedge: 1, negedge: 0, noedge: 0, bothedge: 0
21.0.Mpcustom4: Trace Attempt  2	[0.06 s]
21.0.B: Last scan. Per property time limit: 0s
21.0.B: Starting proof for property "CS_div_fsm_s3_22"	[0.00 s].
21.0.AM: Trace Attempt  3	[0.03 s]
21.0.B: Trace Attempt  1	[0.01 s]
21.0.B: Trace Attempt  2	[0.02 s]
21.0.B: Trace Attempt  3	[0.03 s]
21.0.N: Trace Attempt  5	[0.12 s]
21.0.AM: Trace Attempt  4	[0.06 s]
21.0.B: Trace Attempt  4	[0.04 s]
21.0.AM: Trace Attempt  5	[0.08 s]
21.0.Oh: bwd trail(1): 1 0.112451s
21.0.Oh: All properties either determined or skipped. [0.13 s]
21.0.B: Trace Attempt  5	[0.08 s]
21.0.Oh: Exited with Success (@ 0.19 s)
21.0.Mpcustom4: Trace Attempt  3	[0.58 s]
21.0.Mpcustom4: Trace Attempt  3	[0.63 s]
21.0.Mpcustom4: Trace Attempt  4	[0.65 s]
21.0.Mpcustom4: Trace Attempt  4	[0.71 s]
21.0.Mpcustom4: Trace Attempt  5	[0.74 s]
21.0.N: Trace Attempt 29	[4.36 s]
21.0.Mpcustom4: Trace Attempt 24	[4.84 s]
21.0.Ht: Trace Attempt 35	[5.30 s]
21.0.B: Trace Attempt 32	[5.67 s]
21.0.AM: Trace Attempt  1	[8.64 s]
21.0.AM: Trace Attempt  2	[8.67 s]
21.0.AM: Trace Attempt  3	[8.68 s]
21.0.AM: Trace Attempt  5	[8.69 s]
21.0.Mpcustom4: Trace Attempt 26	[9.13 s]
21.0.B: Trace Attempt 37	[10.51 s]
21.0.N: Trace Attempt 32	[12.10 s]
21.0.Mpcustom4: Trace Attempt 27	[14.12 s]
21.0.B: Trace Attempt 40	[16.32 s]
21.0.AM: Trace Attempt 34	[17.93 s]
21.0.Mpcustom4: Trace Attempt 27	[18.66 s]
21.0.N: Requesting engine job to stop
21.0.B: Requesting engine job to stop
21.0.AM: Requesting engine job to stop
21.0.Hp: Requesting engine job to terminate
21.0.Ht: Requesting engine job to terminate
21.0.Mpcustom4: Requesting engine job to terminate
INFO (IPF144): 21: Initiating shutdown of proof [24.78 s]
21.0.B: A trace with 40 cycles was found. [24.66 s]
INFO (IPF047): 21.0.B: The cover property "CS_div_fsm_s3_22" was covered in 40 cycles in 24.69 s.
21.0.B: Stopped processing property "CS_div_fsm_s3_22"	[24.70 s].
21.0.B: All properties determined. [24.68 s]
21.0.Ht: Interrupted (multi)
21.0.Ht: Trace Attempt 39	[7.65 s]
21.0.Ht: All properties determined. [24.78 s]
21.0.B: Exited with Success (@ 24.81 s)
21: ProofGrid usable level: 0
21.0.AM: Trace Attempt 40	[20.43 s]
21.0.AM: Stopped processing property "CS_div_fsm_s3_22"	[24.81 s].
21.0.AM: All properties determined. [24.82 s]
21.0.N: Trace Attempt 40	[15.21 s]
21.0.N: Stopped processing property "CS_div_fsm_s3_22"	[24.92 s].
21.0.AM: Exited with Success (@ 24.94 s)
21.0.N: All properties determined. [24.92 s]
21.0.Ht: Exited with Success (@ 24.97 s)
21.0.N: Exited with Success (@ 24.97 s)
21.0.Mpcustom4: Trace Attempt 29	[21.64 s]
21.0.Mpcustom4: All properties determined. [24.93 s]
21.0.Hp: Interrupted (multi)
21.0.Hp: All properties determined. [25.04 s]
21.0.Mpcustom4: Exited with Success (@ 25.04 s)
21.0.Hp: Exited with Success (@ 25.22 s)
21: --------------------------------------------------------------
ProofGrid Summary (utilization 99.63 %)
--------------------------------------------------------------
     engines started                               :     7
     engine jobs started                           :     7

    Average time in state (seconds)
    ------------------------------------------------------
    Engine  Pending     Running        Dead    Utilization
    ------------------------------------------------------
      N        0.10       24.77        0.00       99.58 %
     Hp        0.08       24.77        0.00       99.67 %
     Ht        0.08       24.75        0.00       99.69 %
    Mpcustom4        0.08       24.73        0.00       99.69 %
     Oh        0.06        0.13        0.00       68.62 %
      B        0.08       24.69        0.00       99.66 %
     AM        0.06       24.71        0.00       99.75 %
    all        0.08       21.22        0.00       99.63 %

    Total time in state (seconds)
    -----------------------------------------
            Pending     Running        Dead  
    -----------------------------------------
               0.55      148.56        0.00

    Data read    : 119.02 kiB
    Data written : 14.13 kiB

21: All pending notifications were processed.
INFO (IPF059): 21: Completed proof on task: "mytask"
cover -name CS_div_fsm_s3_23 {@(posedge clk_i) !div_fsm_s3 ##1 div_fsm_s3 [*23] ##1 !div_fsm_s3 }
INFO (IPF036): Starting proof on task: "mytask", 1 properties to prove with 0 already proven/unreachable
INFO (IPF031): Settings used for proof thread 22:
    orchestration                 = on (auto)
    time_limit                    = 600s
    per_property_time_limit       = 1s * 10 ^ scan
    engine_mode                   = auto
    proofgrid_per_engine_max_jobs = 1
    max engine jobs               = auto
    proofgrid_mode                = local
    proofgrid_restarts            = 10
22: Using multistage preprocessing
22: Starting reduce
22: Finished reduce in 0.041s
22.0.PRE: Performing Proof Simplification...
22.0.N: clocks: 1, declared: 1, looping: 0, posedge: 1, negedge: 0, noedge: 0, bothedge: 0
22.0.N: Proof Simplification Iteration 1	[0.00 s]
22.0.N: Proof Simplification Iteration 2	[0.04 s]
22.0.N: Proof Simplification Iteration 3	[0.06 s]
22.0.N: Proof Simplification Iteration 4	[0.07 s]
22.0.N: Proof Simplification Iteration 5	[0.09 s]
22.0.N: Proof Simplification Iteration 6	[0.11 s]
22.0.N: Proof Simplification Iteration 7	[0.13 s]
22.0.N: Proof Simplification Iteration 8	[0.15 s]
22.0.N: Proof Simplification Iteration 9	[0.16 s]
22.0.N: Proof Simplification Iteration 10	[0.18 s]
22.0.PRE: Proof Simplification completed in 0.23 s
22: About to start ProofGrid in its own thread with a limit of 10000 pending notifications and a limit of 10 traces.
22: =============================== ProofGrid start ===============================
22: ProofGrid usable level: 1
22: Initial ProofGrid level: 1
22: ProofGrid is starting event handling
22.0.N: caddy15.stanford.edu: "Rocky Linux 8.10 (Green Obsidian)" is an unsupported operating system.
22.0.Hp: caddy15.stanford.edu: "Rocky Linux 8.10 (Green Obsidian)" is an unsupported operating system.
22.0.Ht: caddy15.stanford.edu: "Rocky Linux 8.10 (Green Obsidian)" is an unsupported operating system.
22.0.Mpcustom4: caddy15.stanford.edu: "Rocky Linux 8.10 (Green Obsidian)" is an unsupported operating system.
22.0.N: Proofgrid shell started at 3438518@caddy15.stanford.edu(local) jg_3426522_caddy15.stanford.edu_23
22.0.Hp: Proofgrid shell started at 3438519@caddy15.stanford.edu(local) jg_3426522_caddy15.stanford.edu_23
22.0.Oh: caddy15.stanford.edu: "Rocky Linux 8.10 (Green Obsidian)" is an unsupported operating system.
22.0.N: clocks: 1, declared: 1, looping: 0, posedge: 1, negedge: 0, noedge: 0, bothedge: 0
22.0.Hp: clocks: 1, declared: 1, looping: 0, posedge: 1, negedge: 0, noedge: 0, bothedge: 0
22.0.N: Last scan. Per property time limit: 0s
22.0.N: Starting proof for property "CS_div_fsm_s3_23"	[0.00 s].
22.0.Ht: Proofgrid shell started at 3438541@caddy15.stanford.edu(local) jg_3426522_caddy15.stanford.edu_23
22.0.B: caddy15.stanford.edu: "Rocky Linux 8.10 (Green Obsidian)" is an unsupported operating system.
22.0.AM: caddy15.stanford.edu: "Rocky Linux 8.10 (Green Obsidian)" is an unsupported operating system.
22.0.N: Trace Attempt  1	[0.01 s]
22.0.N: Trace Attempt  2	[0.01 s]
22.0.N: Trace Attempt  3	[0.01 s]
22.0.Ht: clocks: 1, declared: 1, looping: 0, posedge: 1, negedge: 0, noedge: 0, bothedge: 0
22.0.Mpcustom4: Proofgrid shell started at 3438560@caddy15.stanford.edu(local) jg_3426522_caddy15.stanford.edu_23
22.0.Mpcustom4: clocks: 1, declared: 1, looping: 0, posedge: 1, negedge: 0, noedge: 0, bothedge: 0
22.0.N: Trace Attempt  3	[0.04 s]
22.0.Ht: Trace Attempt  1	[0.04 s]
22.0.Ht: Trace Attempt  2	[0.04 s]
22.0.Oh: Proofgrid shell started at 3438575@caddy15.stanford.edu(local) jg_3426522_caddy15.stanford.edu_23
22.0.Ht: Trace Attempt  3	[0.04 s]
22.0.Ht: Trace Attempt  4	[0.04 s]
22.0.Oh: clocks: 1, declared: 1, looping: 0, posedge: 1, negedge: 0, noedge: 0, bothedge: 0
22.0.N: Trace Attempt  4	[0.06 s]
22.0.N: Trace Attempt  5	[0.06 s]
22.0.B: Proofgrid shell started at 3438584@caddy15.stanford.edu(local) jg_3426522_caddy15.stanford.edu_23
22.0.AM: Proofgrid shell started at 3438586@caddy15.stanford.edu(local) jg_3426522_caddy15.stanford.edu_23
22.0.Ht: Trace Attempt  5	[0.05 s]
22.0.Mpcustom4: Trace Attempt  1	[0.04 s]
22.0.AM: clocks: 1, declared: 1, looping: 0, posedge: 1, negedge: 0, noedge: 0, bothedge: 0
22.0.B: clocks: 1, declared: 1, looping: 0, posedge: 1, negedge: 0, noedge: 0, bothedge: 0
22.0.B: Last scan. Per property time limit: 0s
22.0.B: Starting proof for property "CS_div_fsm_s3_23"	[0.00 s].
22.0.AM: Last scan. Per property time limit: 0s
22.0.AM: Starting proof for property "CS_div_fsm_s3_23"	[0.00 s].
22.0.Mpcustom4: Trace Attempt  2	[0.06 s]
22.0.AM: Trace Attempt  1	[0.00 s]
22.0.AM: Trace Attempt  2	[0.01 s]
22.0.B: Trace Attempt  1	[0.01 s]
22.0.B: Trace Attempt  2	[0.02 s]
22.0.B: Trace Attempt  3	[0.03 s]
22.0.AM: Trace Attempt  3	[0.03 s]
22.0.N: Trace Attempt  5	[0.12 s]
22.0.B: Trace Attempt  4	[0.04 s]
22.0.AM: Trace Attempt  4	[0.06 s]
22.0.B: Trace Attempt  5	[0.08 s]
22.0.AM: Trace Attempt  5	[0.08 s]
22.0.Oh: bwd trail(1): 1 0.107339s
22.0.Oh: All properties either determined or skipped. [0.12 s]
22.0.Oh: Exited with Success (@ 0.20 s)
22.0.Mpcustom4: Trace Attempt  3	[0.60 s]
22.0.Mpcustom4: Trace Attempt  3	[0.65 s]
22.0.Mpcustom4: Trace Attempt  4	[0.68 s]
22.0.Mpcustom4: Trace Attempt  4	[0.73 s]
22.0.Mpcustom4: Trace Attempt  5	[0.76 s]
22.0.N: Trace Attempt 30	[4.45 s]
22.0.Ht: Trace Attempt 36	[4.53 s]
22.0.Mpcustom4: Trace Attempt 22	[4.78 s]
22.0.B: Trace Attempt 33	[5.49 s]
22.0.N: Trace Attempt 32	[8.46 s]
22.0.Mpcustom4: Trace Attempt 28	[9.59 s]
22.0.AM: Trace Attempt 33	[9.62 s]
22.0.AM: Trace Attempt  1	[9.97 s]
22.0.AM: Trace Attempt  2	[10.00 s]
22.0.AM: Trace Attempt  3	[10.01 s]
22.0.B: Trace Attempt 37	[10.01 s]
22.0.AM: Trace Attempt  5	[10.02 s]
22.0.AM: Trace Attempt 36	[14.80 s]
22.0.N: Trace Attempt 33	[14.91 s]
22.0.Mpcustom4: Trace Attempt 30	[14.99 s]
22.0.N: Trace Attempt  1	[16.74 s]
22.0.N: Trace Attempt  2	[16.78 s]
22.0.N: Trace Attempt  3	[16.78 s]
22.0.N: Trace Attempt  5	[16.80 s]
22.0.N: Trace Attempt 30	[21.07 s]
22.0.AM: Trace Attempt 37	[21.30 s]
22.0.N: Requesting engine job to stop
22.0.B: Requesting engine job to stop
22.0.AM: Requesting engine job to stop
22.0.Hp: Requesting engine job to terminate
22.0.Ht: Requesting engine job to terminate
22.0.Mpcustom4: Requesting engine job to terminate
INFO (IPF144): 22: Initiating shutdown of proof [21.98 s]
22.0.B: Trace Attempt 40	[13.58 s]
22.0.B: A trace with 40 cycles was found. [21.86 s]
INFO (IPF047): 22.0.B: The cover property "CS_div_fsm_s3_23" was covered in 40 cycles in 21.90 s.
22: ProofGrid usable level: 0
22.0.B: Stopped processing property "CS_div_fsm_s3_23"	[21.92 s].
22.0.Hp: Interrupted (multi)
22.0.Hp: All properties determined. [21.97 s]
22.0.B: All properties determined. [21.90 s]
22.0.B: Exited with Success (@ 22.01 s)
22.0.N: Stopped processing property "CS_div_fsm_s3_23"	[22.01 s].
22.0.N: All properties determined. [22.00 s]
22.0.Hp: Exited with Success (@ 22.11 s)
22.0.AM: Trace Attempt 39	[21.47 s]
22.0.AM: Stopped processing property "CS_div_fsm_s3_23"	[22.09 s].
22.0.N: Exited with Success (@ 22.20 s)
22.0.AM: All properties determined. [22.10 s]
22.0.AM: Exited with Success (@ 22.21 s)
22.0.Mpcustom4: Trace Attempt 31	[17.91 s]
22.0.Mpcustom4: All properties determined. [22.17 s]
22.0.Mpcustom4: Exited with Success (@ 22.74 s)
22.0.Ht: Interrupted (multi)
22.0.Ht: Trace Attempt 39	[5.92 s]
22.0.Ht: All properties determined. [22.79 s]
22.0.Ht: Exited with Success (@ 22.94 s)
22: --------------------------------------------------------------
ProofGrid Summary (utilization 99.56 %)
--------------------------------------------------------------
     engines started                               :     7
     engine jobs started                           :     7

    Average time in state (seconds)
    ------------------------------------------------------
    Engine  Pending     Running        Dead    Utilization
    ------------------------------------------------------
      N        0.10       21.97        0.00       99.55 %
     Hp        0.08       21.97        0.00       99.64 %
     Ht        0.08       21.95        0.00       99.64 %
    Mpcustom4        0.08       21.93        0.00       99.65 %
     Oh        0.08        0.13        0.00       61.02 %
      B        0.08       21.89        0.00       99.63 %
     AM        0.08       21.89        0.00       99.64 %
    all        0.08       18.82        0.00       99.56 %

    Total time in state (seconds)
    -----------------------------------------
            Pending     Running        Dead  
    -----------------------------------------
               0.58      131.75        0.00

    Data read    : 121.12 kiB
    Data written : 16.98 kiB

22: All pending notifications were processed.
INFO (IPF059): 22: Completed proof on task: "mytask"
cover -name CS_div_fsm_s3_24 {@(posedge clk_i) !div_fsm_s3 ##1 div_fsm_s3 [*24] ##1 !div_fsm_s3 }
INFO (IPF036): Starting proof on task: "mytask", 1 properties to prove with 0 already proven/unreachable
INFO (IPF031): Settings used for proof thread 23:
    orchestration                 = on (auto)
    time_limit                    = 600s
    per_property_time_limit       = 1s * 10 ^ scan
    engine_mode                   = auto
    proofgrid_per_engine_max_jobs = 1
    max engine jobs               = auto
    proofgrid_mode                = local
    proofgrid_restarts            = 10
23: Using multistage preprocessing
23: Starting reduce
23: Finished reduce in 0.042s
23.0.PRE: Performing Proof Simplification...
23.0.N: clocks: 1, declared: 1, looping: 0, posedge: 1, negedge: 0, noedge: 0, bothedge: 0
23.0.N: Proof Simplification Iteration 1	[0.00 s]
23.0.N: Proof Simplification Iteration 2	[0.04 s]
23.0.N: Proof Simplification Iteration 3	[0.06 s]
23.0.N: Proof Simplification Iteration 4	[0.07 s]
23.0.N: Proof Simplification Iteration 5	[0.09 s]
23.0.N: Proof Simplification Iteration 6	[0.11 s]
23.0.N: Proof Simplification Iteration 7	[0.13 s]
23.0.N: Proof Simplification Iteration 8	[0.14 s]
23.0.N: Proof Simplification Iteration 9	[0.16 s]
23.0.N: Proof Simplification Iteration 10	[0.18 s]
23.0.PRE: Proof Simplification completed in 0.23 s
23: About to start ProofGrid in its own thread with a limit of 10000 pending notifications and a limit of 10 traces.
23: =============================== ProofGrid start ===============================
23: ProofGrid usable level: 1
23: Initial ProofGrid level: 1
23: ProofGrid is starting event handling
23.0.Hp: caddy15.stanford.edu: "Rocky Linux 8.10 (Green Obsidian)" is an unsupported operating system.
23.0.N: caddy15.stanford.edu: "Rocky Linux 8.10 (Green Obsidian)" is an unsupported operating system.
23.0.Mpcustom4: caddy15.stanford.edu: "Rocky Linux 8.10 (Green Obsidian)" is an unsupported operating system.
23.0.Ht: caddy15.stanford.edu: "Rocky Linux 8.10 (Green Obsidian)" is an unsupported operating system.
23.0.N: Proofgrid shell started at 3438858@caddy15.stanford.edu(local) jg_3426522_caddy15.stanford.edu_24
23.0.Hp: Proofgrid shell started at 3438859@caddy15.stanford.edu(local) jg_3426522_caddy15.stanford.edu_24
23.0.Mpcustom4: Proofgrid shell started at 3438883@caddy15.stanford.edu(local) jg_3426522_caddy15.stanford.edu_24
23.0.Oh: caddy15.stanford.edu: "Rocky Linux 8.10 (Green Obsidian)" is an unsupported operating system.
23.0.N: clocks: 1, declared: 1, looping: 0, posedge: 1, negedge: 0, noedge: 0, bothedge: 0
23.0.Hp: clocks: 1, declared: 1, looping: 0, posedge: 1, negedge: 0, noedge: 0, bothedge: 0
23.0.Mpcustom4: clocks: 1, declared: 1, looping: 0, posedge: 1, negedge: 0, noedge: 0, bothedge: 0
23.0.N: Last scan. Per property time limit: 0s
23.0.N: Starting proof for property "CS_div_fsm_s3_24"	[0.00 s].
23.0.N: Trace Attempt  1	[0.01 s]
23.0.N: Trace Attempt  2	[0.01 s]
23.0.N: Trace Attempt  3	[0.01 s]
23.0.Ht: Proofgrid shell started at 3438881@caddy15.stanford.edu(local) jg_3426522_caddy15.stanford.edu_24
23.0.Ht: clocks: 1, declared: 1, looping: 0, posedge: 1, negedge: 0, noedge: 0, bothedge: 0
23.0.AM: caddy15.stanford.edu: "Rocky Linux 8.10 (Green Obsidian)" is an unsupported operating system.
23.0.Mpcustom4: Trace Attempt  1	[0.06 s]
23.0.Oh: Proofgrid shell started at 3438911@caddy15.stanford.edu(local) jg_3426522_caddy15.stanford.edu_24
23.0.N: Trace Attempt  3	[0.04 s]
23.0.B: caddy15.stanford.edu: "Rocky Linux 8.10 (Green Obsidian)" is an unsupported operating system.
23.0.Mpcustom4: Trace Attempt  2	[0.09 s]
23.0.N: Trace Attempt  4	[0.06 s]
23.0.N: Trace Attempt  5	[0.06 s]
23.0.Ht: Trace Attempt  1	[0.06 s]
23.0.Ht: Trace Attempt  2	[0.07 s]
23.0.Oh: clocks: 1, declared: 1, looping: 0, posedge: 1, negedge: 0, noedge: 0, bothedge: 0
23.0.Ht: Trace Attempt  3	[0.08 s]
23.0.Ht: Trace Attempt  4	[0.09 s]
23.0.N: Trace Attempt  5	[0.12 s]
23.0.Ht: Trace Attempt  5	[0.11 s]
23.0.Oh: bwd trail(1): 1 0.10792s
23.0.Oh: All properties either determined or skipped. [0.13 s]
23.0.Oh: Exited with Success (@ 0.25 s)
23.0.Oh: Completed, Restart ignored.
23.0.B: Proofgrid shell started at 3438919@caddy15.stanford.edu(local) jg_3426522_caddy15.stanford.edu_24
23.0.AM: Proofgrid shell started at 3438924@caddy15.stanford.edu(local) jg_3426522_caddy15.stanford.edu_24
23.0.B: clocks: 1, declared: 1, looping: 0, posedge: 1, negedge: 0, noedge: 0, bothedge: 0
23.0.B: Last scan. Per property time limit: 0s
23.0.B: Starting proof for property "CS_div_fsm_s3_24"	[0.00 s].
23.0.AM: clocks: 1, declared: 1, looping: 0, posedge: 1, negedge: 0, noedge: 0, bothedge: 0
23.0.AM: Last scan. Per property time limit: 0s
23.0.AM: Starting proof for property "CS_div_fsm_s3_24"	[0.00 s].
23.0.B: Trace Attempt  1	[0.01 s]
23.0.AM: Trace Attempt  1	[0.00 s]
23.0.AM: Trace Attempt  2	[0.01 s]
23.0.B: Trace Attempt  2	[0.02 s]
23.0.B: Trace Attempt  3	[0.03 s]
23.0.B: Trace Attempt  4	[0.04 s]
23.0.AM: Trace Attempt  3	[0.05 s]
23.0.B: Trace Attempt  5	[0.08 s]
23.0.AM: Trace Attempt  4	[0.12 s]
23.0.AM: Trace Attempt  5	[0.15 s]
23.0.Mpcustom4: Trace Attempt  3	[0.65 s]
23.0.Mpcustom4: Trace Attempt  3	[0.70 s]
23.0.Mpcustom4: Trace Attempt  4	[0.72 s]
23.0.Mpcustom4: Trace Attempt  4	[0.78 s]
23.0.Mpcustom4: Trace Attempt  5	[0.81 s]
23.0.N: Trace Attempt 30	[4.42 s]
23.0.B: Trace Attempt 34	[5.49 s]
23.0.Mpcustom4: Trace Attempt 30	[5.96 s]
23.0.Ht: Trace Attempt 34	[6.19 s]
23.0.N: Trace Attempt 33	[10.18 s]
23.0.B: Trace Attempt 39	[10.83 s]
23.0.AM: Trace Attempt  1	[11.71 s]
23.0.AM: Trace Attempt  2	[11.74 s]
23.0.AM: Trace Attempt  3	[11.74 s]
23.0.AM: Trace Attempt  5	[11.76 s]
23.0.Mpcustom4: Trace Attempt 31	[14.73 s]
23.0.N: Requesting engine job to stop
23.0.B: Requesting engine job to stop
23.0.AM: Requesting engine job to stop
23.0.Hp: Requesting engine job to terminate
23.0.Ht: Requesting engine job to terminate
23.0.Mpcustom4: Requesting engine job to terminate
INFO (IPF144): 23: Initiating shutdown of proof [15.52 s]
23.0.B: Trace Attempt 40	[12.33 s]
23.0.B: A trace with 40 cycles was found. [15.17 s]
INFO (IPF047): 23.0.B: The cover property "CS_div_fsm_s3_24" was covered in 40 cycles in 15.20 s.
23.0.B: Stopped processing property "CS_div_fsm_s3_24"	[15.23 s].
23.0.B: All properties determined. [15.21 s]
23.0.B: Exited with Success (@ 15.56 s)
23: ProofGrid usable level: 0
23.0.N: Stopped processing property "CS_div_fsm_s3_24"	[15.60 s].
23.0.N: All properties determined. [15.61 s]
23.0.N: Exited with Success (@ 15.68 s)
23.0.Mpcustom4: All properties determined. [15.68 s]
23.0.Mpcustom4: Exited with Success (@ 15.73 s)
23.0.Hp: Interrupted (multi)
23.0.Hp: All properties determined. [15.92 s]
23.0.AM: Trace Attempt 35	[14.17 s]
23.0.AM: Stopped processing property "CS_div_fsm_s3_24"	[15.63 s].
23.0.AM: All properties determined. [15.63 s]
23.0.Ht: Interrupted (multi)
23.0.Ht: Trace Attempt 39	[8.73 s]
23.0.Ht: All properties determined. [16.03 s]
23.0.AM: Exited with Success (@ 16.10 s)
23.0.Hp: Exited with Success (@ 16.31 s)
23.0.Ht: Exited with Success (@ 16.31 s)
23: --------------------------------------------------------------
ProofGrid Summary (utilization 98.75 %)
--------------------------------------------------------------
     engines started                               :     7
     engine jobs started                           :     7

    Average time in state (seconds)
    ------------------------------------------------------
    Engine  Pending     Running        Dead    Utilization
    ------------------------------------------------------
      N        0.11       15.49        0.00       99.29 %
     Hp        0.09       15.49        0.00       99.42 %
     Ht        0.13       15.46        0.00       99.17 %
    Mpcustom4        0.09       15.49        0.00       99.42 %
     Oh        0.14        0.13        0.00       47.79 %
      B        0.31       15.20        0.00       97.98 %
     AM        0.29       15.20        0.00       98.10 %
    all        0.17       13.21        0.00       98.75 %

    Total time in state (seconds)
    -----------------------------------------
            Pending     Running        Dead  
    -----------------------------------------
               1.17       92.46        0.00

    Data read    : 117.66 kiB
    Data written : 24.37 kiB

23: All pending notifications were processed.
INFO (IPF059): 23: Completed proof on task: "mytask"
cover -name CS_div_fsm_s3_25 {@(posedge clk_i) !div_fsm_s3 ##1 div_fsm_s3 [*25] ##1 !div_fsm_s3 }
INFO (IPF036): Starting proof on task: "mytask", 1 properties to prove with 0 already proven/unreachable
INFO (IPF031): Settings used for proof thread 24:
    orchestration                 = on (auto)
    time_limit                    = 600s
    per_property_time_limit       = 1s * 10 ^ scan
    engine_mode                   = auto
    proofgrid_per_engine_max_jobs = 1
    max engine jobs               = auto
    proofgrid_mode                = local
    proofgrid_restarts            = 10
24: Using multistage preprocessing
24: Starting reduce
24: Finished reduce in 0.042s
24.0.PRE: Performing Proof Simplification...
24.0.N: clocks: 1, declared: 1, looping: 0, posedge: 1, negedge: 0, noedge: 0, bothedge: 0
24.0.N: Proof Simplification Iteration 1	[0.00 s]
24.0.N: Proof Simplification Iteration 2	[0.04 s]
24.0.N: Proof Simplification Iteration 3	[0.05 s]
24.0.N: Proof Simplification Iteration 4	[0.07 s]
24.0.N: Proof Simplification Iteration 5	[0.09 s]
24.0.N: Proof Simplification Iteration 6	[0.11 s]
24.0.N: Proof Simplification Iteration 7	[0.13 s]
24.0.N: Proof Simplification Iteration 8	[0.15 s]
24.0.N: Proof Simplification Iteration 9	[0.16 s]
24.0.N: Proof Simplification Iteration 10	[0.18 s]
24.0.PRE: Proof Simplification completed in 0.23 s
24: About to start ProofGrid in its own thread with a limit of 10000 pending notifications and a limit of 10 traces.
24: =============================== ProofGrid start ===============================
24: ProofGrid usable level: 1
24: Initial ProofGrid level: 1
24: ProofGrid is starting event handling
24.0.Hp: caddy15.stanford.edu: "Rocky Linux 8.10 (Green Obsidian)" is an unsupported operating system.
24.0.N: caddy15.stanford.edu: "Rocky Linux 8.10 (Green Obsidian)" is an unsupported operating system.
24.0.Ht: caddy15.stanford.edu: "Rocky Linux 8.10 (Green Obsidian)" is an unsupported operating system.
24.0.Hp: Proofgrid shell started at 3439089@caddy15.stanford.edu(local) jg_3426522_caddy15.stanford.edu_25
24.0.N: Proofgrid shell started at 3439088@caddy15.stanford.edu(local) jg_3426522_caddy15.stanford.edu_25
24.0.Mpcustom4: caddy15.stanford.edu: "Rocky Linux 8.10 (Green Obsidian)" is an unsupported operating system.
24.0.Ht: Proofgrid shell started at 3439111@caddy15.stanford.edu(local) jg_3426522_caddy15.stanford.edu_25
24.0.Hp: clocks: 1, declared: 1, looping: 0, posedge: 1, negedge: 0, noedge: 0, bothedge: 0
24.0.N: clocks: 1, declared: 1, looping: 0, posedge: 1, negedge: 0, noedge: 0, bothedge: 0
24.0.N: Last scan. Per property time limit: 0s
24.0.N: Starting proof for property "CS_div_fsm_s3_25"	[0.00 s].
24.0.N: Trace Attempt  1	[0.01 s]
24.0.N: Trace Attempt  2	[0.01 s]
24.0.N: Trace Attempt  3	[0.01 s]
24.0.Ht: clocks: 1, declared: 1, looping: 0, posedge: 1, negedge: 0, noedge: 0, bothedge: 0
24.0.Ht: Trace Attempt  1	[0.04 s]
24.0.Ht: Trace Attempt  2	[0.04 s]
24.0.Ht: Trace Attempt  3	[0.04 s]
24.0.Mpcustom4: Proofgrid shell started at 3439130@caddy15.stanford.edu(local) jg_3426522_caddy15.stanford.edu_25
24.0.Ht: Trace Attempt  4	[0.04 s]
24.0.N: Trace Attempt  3	[0.04 s]
24.0.Ht: Trace Attempt  5	[0.05 s]
24.0.Mpcustom4: clocks: 1, declared: 1, looping: 0, posedge: 1, negedge: 0, noedge: 0, bothedge: 0
24.0.N: Trace Attempt  4	[0.06 s]
24.0.N: Trace Attempt  5	[0.06 s]
24.0.Mpcustom4: Trace Attempt  1	[0.04 s]
24.0.Mpcustom4: Trace Attempt  2	[0.06 s]
24.0.N: Trace Attempt  5	[0.12 s]
24.0.Oh: caddy15.stanford.edu: "Rocky Linux 8.10 (Green Obsidian)" is an unsupported operating system.
24.0.B: caddy15.stanford.edu: "Rocky Linux 8.10 (Green Obsidian)" is an unsupported operating system.
24.0.AM: caddy15.stanford.edu: "Rocky Linux 8.10 (Green Obsidian)" is an unsupported operating system.
24.0.Oh: Proofgrid shell started at 3439138@caddy15.stanford.edu(local) jg_3426522_caddy15.stanford.edu_25
24.0.Oh: clocks: 1, declared: 1, looping: 0, posedge: 1, negedge: 0, noedge: 0, bothedge: 0
24.0.AM: Proofgrid shell started at 3439150@caddy15.stanford.edu(local) jg_3426522_caddy15.stanford.edu_25
24.0.B: Proofgrid shell started at 3439146@caddy15.stanford.edu(local) jg_3426522_caddy15.stanford.edu_25
24.0.AM: clocks: 1, declared: 1, looping: 0, posedge: 1, negedge: 0, noedge: 0, bothedge: 0
24.0.B: clocks: 1, declared: 1, looping: 0, posedge: 1, negedge: 0, noedge: 0, bothedge: 0
24.0.AM: Last scan. Per property time limit: 0s
24.0.AM: Starting proof for property "CS_div_fsm_s3_25"	[0.00 s].
24.0.B: Last scan. Per property time limit: 0s
24.0.B: Starting proof for property "CS_div_fsm_s3_25"	[0.00 s].
24.0.AM: Trace Attempt  1	[0.00 s]
24.0.AM: Trace Attempt  2	[0.01 s]
24.0.B: Trace Attempt  1	[0.02 s]
24.0.B: Trace Attempt  2	[0.03 s]
24.0.AM: Trace Attempt  3	[0.04 s]
24.0.B: Trace Attempt  3	[0.05 s]
24.0.AM: Trace Attempt  4	[0.07 s]
24.0.B: Trace Attempt  4	[0.07 s]
24.0.AM: Trace Attempt  5	[0.09 s]
24.0.Mpcustom4: Trace Attempt  3	[0.59 s]
24.0.Mpcustom4: Trace Attempt  3	[0.64 s]
24.0.B: Trace Attempt  5	[0.15 s]
24.0.Mpcustom4: Trace Attempt  4	[0.66 s]
24.0.Oh: bwd trail(1): 1 0.114227s
24.0.Oh: All properties either determined or skipped. [0.26 s]
24.0.Oh: Exited with Success (@ 0.76 s)
24.0.Oh: Completed, Restart ignored.
24.0.Mpcustom4: Trace Attempt  4	[0.74 s]
24.0.Mpcustom4: Trace Attempt  5	[0.80 s]
24.0.N: Trace Attempt 30	[4.25 s]
24.0.B: Trace Attempt 36	[4.16 s]
24.0.Mpcustom4: Trace Attempt 29	[4.82 s]
24.0.Ht: Trace Attempt 37	[5.04 s]
24.0.Mpcustom4: Trace Attempt 29	[8.95 s]
24.0.N: Trace Attempt 34	[9.31 s]
24.0.Ht: Trace Attempt 40	[10.10 s]
24.0.B: Trace Attempt 40	[9.72 s]
24.0.AM: Trace Attempt 35	[11.86 s]
24.0.AM: Trace Attempt  1	[12.31 s]
24.0.AM: Trace Attempt  2	[12.34 s]
24.0.AM: Trace Attempt  3	[12.35 s]
24.0.AM: Trace Attempt  5	[12.36 s]
24.0.Mpcustom4: Trace Attempt 30	[13.35 s]
24.0.N: Trace Attempt 35	[13.58 s]
24.0.N: Trace Attempt  1	[14.21 s]
24.0.N: Trace Attempt  2	[14.24 s]
24.0.N: Trace Attempt  3	[14.25 s]
24.0.N: Trace Attempt  5	[14.26 s]
24.0.N: Requesting engine job to stop
24.0.B: Requesting engine job to stop
24.0.AM: Requesting engine job to stop
24.0.Hp: Requesting engine job to terminate
24.0.Ht: Requesting engine job to terminate
24.0.Mpcustom4: Requesting engine job to terminate
INFO (IPF144): 24: Initiating shutdown of proof [16.44 s]
24.0.B: A trace with 40 cycles was found. [15.83 s]
INFO (IPF047): 24.0.B: The cover property "CS_div_fsm_s3_25" was covered in 40 cycles in 15.87 s.
24.0.B: Stopped processing property "CS_div_fsm_s3_25"	[15.89 s].
24.0.B: All properties determined. [15.87 s]
24.0.B: Exited with Success (@ 16.46 s)
24: ProofGrid usable level: 0
24.0.N: Trace Attempt 27	[14.56 s]
24.0.N: Stopped processing property "CS_div_fsm_s3_25"	[16.43 s].
24.0.N: All properties determined. [16.44 s]
24.0.N: Exited with Success (@ 16.48 s)
24.0.Mpcustom4: Trace Attempt 30	[14.88 s]
24.0.Mpcustom4: All properties determined. [16.56 s]
24.0.Mpcustom4: Exited with Success (@ 16.67 s)
24.0.AM: Trace Attempt 37	[13.58 s]
24.0.AM: Stopped processing property "CS_div_fsm_s3_25"	[16.15 s].
24.0.AM: All properties determined. [16.16 s]
24.0.Hp: Interrupted (multi)
24.0.Hp: All properties determined. [16.82 s]
24.0.AM: Exited with Success (@ 16.84 s)
24.0.Ht: Interrupted (multi)
24.0.Ht: All properties determined. [17.06 s]
24.0.Hp: Exited with Success (@ 17.10 s)
24.0.Ht: Exited with Success (@ 17.41 s)
24: --------------------------------------------------------------
ProofGrid Summary (utilization 98.10 %)
--------------------------------------------------------------
     engines started                               :     7
     engine jobs started                           :     7

    Average time in state (seconds)
    ------------------------------------------------------
    Engine  Pending     Running        Dead    Utilization
    ------------------------------------------------------
      N        0.11       16.42        0.00       99.35 %
     Hp        0.08       16.42        0.00       99.50 %
     Ht        0.08       16.41        0.00       99.51 %
    Mpcustom4        0.11       16.36        0.00       99.31 %
     Oh        0.47        0.26        0.00       35.34 %
      B        0.52       15.88        0.00       96.81 %
     AM        0.51       15.89        0.00       96.90 %
    all        0.27       13.95        0.00       98.10 %

    Total time in state (seconds)
    -----------------------------------------
            Pending     Running        Dead  
    -----------------------------------------
               1.89       97.63        0.00

    Data read    : 118.63 kiB
    Data written : 12.72 kiB

24: All pending notifications were processed.
INFO (IPF059): 24: Completed proof on task: "mytask"
cover -name CS_div_fsm_s3_26 {@(posedge clk_i) !div_fsm_s3 ##1 div_fsm_s3 [*26] ##1 !div_fsm_s3 }
INFO (IPF036): Starting proof on task: "mytask", 1 properties to prove with 0 already proven/unreachable
INFO (IPF031): Settings used for proof thread 25:
    orchestration                 = on (auto)
    time_limit                    = 600s
    per_property_time_limit       = 1s * 10 ^ scan
    engine_mode                   = auto
    proofgrid_per_engine_max_jobs = 1
    max engine jobs               = auto
    proofgrid_mode                = local
    proofgrid_restarts            = 10
25: Using multistage preprocessing
25: Starting reduce
25: Finished reduce in 0.041s
25.0.PRE: Performing Proof Simplification...
25.0.N: clocks: 1, declared: 1, looping: 0, posedge: 1, negedge: 0, noedge: 0, bothedge: 0
25.0.N: Proof Simplification Iteration 1	[0.00 s]
25.0.N: Proof Simplification Iteration 2	[0.04 s]
25.0.N: Proof Simplification Iteration 3	[0.05 s]
25.0.N: Proof Simplification Iteration 4	[0.07 s]
25.0.N: Proof Simplification Iteration 5	[0.09 s]
25.0.N: Proof Simplification Iteration 6	[0.11 s]
25.0.N: Proof Simplification Iteration 7	[0.13 s]
25.0.N: Proof Simplification Iteration 8	[0.14 s]
25.0.N: Proof Simplification Iteration 9	[0.16 s]
25.0.N: Proof Simplification Iteration 10	[0.18 s]
25.0.PRE: Proof Simplification completed in 0.23 s
25: About to start ProofGrid in its own thread with a limit of 10000 pending notifications and a limit of 10 traces.
25: =============================== ProofGrid start ===============================
25: ProofGrid usable level: 1
25: Initial ProofGrid level: 1
25: ProofGrid is starting event handling
25.0.N: caddy15.stanford.edu: "Rocky Linux 8.10 (Green Obsidian)" is an unsupported operating system.
25.0.Hp: caddy15.stanford.edu: "Rocky Linux 8.10 (Green Obsidian)" is an unsupported operating system.
25.0.Ht: caddy15.stanford.edu: "Rocky Linux 8.10 (Green Obsidian)" is an unsupported operating system.
25.0.Mpcustom4: caddy15.stanford.edu: "Rocky Linux 8.10 (Green Obsidian)" is an unsupported operating system.
25.0.N: Proofgrid shell started at 3439358@caddy15.stanford.edu(local) jg_3426522_caddy15.stanford.edu_26
25.0.Hp: Proofgrid shell started at 3439359@caddy15.stanford.edu(local) jg_3426522_caddy15.stanford.edu_26
25.0.N: clocks: 1, declared: 1, looping: 0, posedge: 1, negedge: 0, noedge: 0, bothedge: 0
25.0.N: Last scan. Per property time limit: 0s
25.0.N: Starting proof for property "CS_div_fsm_s3_26"	[0.00 s].
25.0.Hp: clocks: 1, declared: 1, looping: 0, posedge: 1, negedge: 0, noedge: 0, bothedge: 0
25.0.Ht: Proofgrid shell started at 3439378@caddy15.stanford.edu(local) jg_3426522_caddy15.stanford.edu_26
25.0.N: Trace Attempt  1	[0.01 s]
25.0.N: Trace Attempt  2	[0.01 s]
25.0.N: Trace Attempt  3	[0.01 s]
25.0.Mpcustom4: Proofgrid shell started at 3439386@caddy15.stanford.edu(local) jg_3426522_caddy15.stanford.edu_26
25.0.Ht: clocks: 1, declared: 1, looping: 0, posedge: 1, negedge: 0, noedge: 0, bothedge: 0
25.0.Mpcustom4: clocks: 1, declared: 1, looping: 0, posedge: 1, negedge: 0, noedge: 0, bothedge: 0
25.0.N: Trace Attempt  3	[0.04 s]
25.0.Ht: Trace Attempt  1	[0.04 s]
25.0.Ht: Trace Attempt  2	[0.04 s]
25.0.Ht: Trace Attempt  3	[0.04 s]
25.0.Ht: Trace Attempt  4	[0.04 s]
25.0.N: Trace Attempt  4	[0.06 s]
25.0.N: Trace Attempt  5	[0.06 s]
25.0.Ht: Trace Attempt  5	[0.05 s]
25.0.Mpcustom4: Trace Attempt  1	[0.04 s]
25.0.Mpcustom4: Trace Attempt  2	[0.06 s]
25.0.Oh: caddy15.stanford.edu: "Rocky Linux 8.10 (Green Obsidian)" is an unsupported operating system.
25.0.N: Trace Attempt  5	[0.12 s]
25.0.B: caddy15.stanford.edu: "Rocky Linux 8.10 (Green Obsidian)" is an unsupported operating system.
25.0.AM: caddy15.stanford.edu: "Rocky Linux 8.10 (Green Obsidian)" is an unsupported operating system.
25.0.Oh: Proofgrid shell started at 3439404@caddy15.stanford.edu(local) jg_3426522_caddy15.stanford.edu_26
25.0.Oh: clocks: 1, declared: 1, looping: 0, posedge: 1, negedge: 0, noedge: 0, bothedge: 0
25.0.B: Proofgrid shell started at 3439416@caddy15.stanford.edu(local) jg_3426522_caddy15.stanford.edu_26
25.0.Oh: bwd trail(1): 1 0.116186s
25.0.Oh: All properties either determined or skipped. [0.14 s]
25.0.Oh: Exited with Success (@ 0.44 s)
25.0.Oh: Completed, Restart ignored.
25.0.B: clocks: 1, declared: 1, looping: 0, posedge: 1, negedge: 0, noedge: 0, bothedge: 0
25.0.AM: Proofgrid shell started at 3439421@caddy15.stanford.edu(local) jg_3426522_caddy15.stanford.edu_26
25.0.B: Last scan. Per property time limit: 0s
25.0.B: Starting proof for property "CS_div_fsm_s3_26"	[0.00 s].
25.0.B: Trace Attempt  1	[0.01 s]
25.0.B: Trace Attempt  2	[0.02 s]
25.0.AM: clocks: 1, declared: 1, looping: 0, posedge: 1, negedge: 0, noedge: 0, bothedge: 0
25.0.AM: Last scan. Per property time limit: 0s
25.0.AM: Starting proof for property "CS_div_fsm_s3_26"	[0.00 s].
25.0.AM: Trace Attempt  1	[0.00 s]
25.0.AM: Trace Attempt  2	[0.01 s]
25.0.B: Trace Attempt  3	[0.03 s]
25.0.B: Trace Attempt  4	[0.04 s]
25.0.AM: Trace Attempt  3	[0.03 s]
25.0.B: Trace Attempt  5	[0.08 s]
25.0.AM: Trace Attempt  4	[0.06 s]
25.0.AM: Trace Attempt  5	[0.08 s]
25.0.Mpcustom4: Trace Attempt  3	[0.63 s]
25.0.Mpcustom4: Trace Attempt  3	[0.68 s]
25.0.Mpcustom4: Trace Attempt  4	[0.70 s]
25.0.Mpcustom4: Trace Attempt  4	[0.76 s]
25.0.Mpcustom4: Trace Attempt  5	[0.79 s]
25.0.N: Trace Attempt 29	[4.12 s]
25.0.B: Trace Attempt 38	[4.42 s]
25.0.Mpcustom4: Trace Attempt 30	[5.17 s]
25.0.Ht: Trace Attempt 36	[5.73 s]
25.0.N: Trace Attempt 34	[8.74 s]
25.0.Mpcustom4: Trace Attempt 31	[9.56 s]
25.0.AM: Trace Attempt 35	[11.01 s]
25.0.B: Trace Attempt 40	[11.08 s]
25.0.AM: Trace Attempt  1	[11.32 s]
25.0.AM: Trace Attempt  2	[11.40 s]
25.0.AM: Trace Attempt  3	[11.40 s]
25.0.AM: Trace Attempt  5	[11.44 s]
25.0.N: Trace Attempt 36	[15.62 s]
25.0.Mpcustom4: Trace Attempt 32	[16.21 s]
25.0.N: Trace Attempt  1	[16.25 s]
25.0.N: Trace Attempt  2	[16.29 s]
25.0.N: Trace Attempt  3	[16.29 s]
25.0.N: Trace Attempt  5	[16.31 s]
25.0.N: Requesting engine job to stop
25.0.B: Requesting engine job to stop
25.0.AM: Requesting engine job to stop
25.0.Hp: Requesting engine job to terminate
25.0.Ht: Requesting engine job to terminate
25.0.Mpcustom4: Requesting engine job to terminate
INFO (IPF144): 25: Initiating shutdown of proof [18.24 s]
25.0.B: A trace with 40 cycles was found. [17.77 s]
INFO (IPF047): 25.0.B: The cover property "CS_div_fsm_s3_26" was covered in 40 cycles in 17.80 s.
25.0.B: Stopped processing property "CS_div_fsm_s3_26"	[17.81 s].
25.0.B: All properties determined. [17.79 s]
25.0.N: Trace Attempt 27	[16.61 s]
25.0.N: Stopped processing property "CS_div_fsm_s3_26"	[18.25 s].
25.0.B: Exited with Success (@ 18.28 s)
25: ProofGrid usable level: 0
25.0.N: All properties determined. [18.25 s]
25.0.N: Exited with Success (@ 18.44 s)
25.0.Mpcustom4: Trace Attempt 33	[16.23 s]
25.0.Mpcustom4: All properties determined. [18.39 s]
25.0.AM: Trace Attempt 36	[13.46 s]
25.0.AM: Stopped processing property "CS_div_fsm_s3_26"	[18.01 s].
25.0.Mpcustom4: Exited with Success (@ 18.49 s)
25.0.AM: All properties determined. [18.02 s]
25.0.Hp: Interrupted (multi)
25.0.Hp: All properties determined. [18.64 s]
25.0.AM: Exited with Success (@ 18.66 s)
25.0.Ht: Interrupted (multi)
25.0.Ht: Trace Attempt 40	[7.63 s]
25.0.Ht: All properties determined. [18.73 s]
25.0.Hp: Exited with Success (@ 18.88 s)
25.0.Ht: Exited with Success (@ 18.88 s)
25: --------------------------------------------------------------
ProofGrid Summary (utilization 98.52 %)
--------------------------------------------------------------
     engines started                               :     7
     engine jobs started                           :     7

    Average time in state (seconds)
    ------------------------------------------------------
    Engine  Pending     Running        Dead    Utilization
    ------------------------------------------------------
      N        0.11       18.23        0.00       99.40 %
     Hp        0.09       18.22        0.00       99.51 %
     Ht        0.10       18.20        0.00       99.47 %
    Mpcustom4        0.11       18.19        0.00       99.40 %
     Oh        0.33        0.14        0.00       29.24 %
      B        0.44       17.81        0.00       97.61 %
     AM        0.45       17.79        0.00       97.53 %
    all        0.23       15.51        0.00       98.52 %

    Total time in state (seconds)
    -----------------------------------------
            Pending     Running        Dead  
    -----------------------------------------
               1.63      108.59        0.00

    Data read    : 120.76 kiB
    Data written : 11.62 kiB

25: All pending notifications were processed.
INFO (IPF059): 25: Completed proof on task: "mytask"
cover -name CS_div_fsm_s3_27 {@(posedge clk_i) !div_fsm_s3 ##1 div_fsm_s3 [*27] ##1 !div_fsm_s3 }
INFO (IPF036): Starting proof on task: "mytask", 1 properties to prove with 0 already proven/unreachable
INFO (IPF031): Settings used for proof thread 26:
    orchestration                 = on (auto)
    time_limit                    = 600s
    per_property_time_limit       = 1s * 10 ^ scan
    engine_mode                   = auto
    proofgrid_per_engine_max_jobs = 1
    max engine jobs               = auto
    proofgrid_mode                = local
    proofgrid_restarts            = 10
26: Using multistage preprocessing
26: Starting reduce
26: Finished reduce in 0.041s
26.0.PRE: Performing Proof Simplification...
26.0.N: clocks: 1, declared: 1, looping: 0, posedge: 1, negedge: 0, noedge: 0, bothedge: 0
26.0.N: Proof Simplification Iteration 1	[0.00 s]
26.0.N: Proof Simplification Iteration 2	[0.04 s]
26.0.N: Proof Simplification Iteration 3	[0.05 s]
26.0.N: Proof Simplification Iteration 4	[0.07 s]
26.0.N: Proof Simplification Iteration 5	[0.09 s]
26.0.N: Proof Simplification Iteration 6	[0.11 s]
26.0.N: Proof Simplification Iteration 7	[0.13 s]
26.0.N: Proof Simplification Iteration 8	[0.14 s]
26.0.N: Proof Simplification Iteration 9	[0.16 s]
26.0.N: Proof Simplification Iteration 10	[0.18 s]
26.0.PRE: Proof Simplification completed in 0.23 s
26: About to start ProofGrid in its own thread with a limit of 10000 pending notifications and a limit of 10 traces.
26: =============================== ProofGrid start ===============================
26: ProofGrid usable level: 1
26: Initial ProofGrid level: 1
26: ProofGrid is starting event handling
26.0.Hp: caddy15.stanford.edu: "Rocky Linux 8.10 (Green Obsidian)" is an unsupported operating system.
26.0.N: caddy15.stanford.edu: "Rocky Linux 8.10 (Green Obsidian)" is an unsupported operating system.
26.0.Ht: caddy15.stanford.edu: "Rocky Linux 8.10 (Green Obsidian)" is an unsupported operating system.
26.0.Mpcustom4: caddy15.stanford.edu: "Rocky Linux 8.10 (Green Obsidian)" is an unsupported operating system.
26.0.N: Proofgrid shell started at 3439602@caddy15.stanford.edu(local) jg_3426522_caddy15.stanford.edu_27
26.0.Hp: Proofgrid shell started at 3439603@caddy15.stanford.edu(local) jg_3426522_caddy15.stanford.edu_27
26.0.Ht: Proofgrid shell started at 3439625@caddy15.stanford.edu(local) jg_3426522_caddy15.stanford.edu_27
26.0.N: clocks: 1, declared: 1, looping: 0, posedge: 1, negedge: 0, noedge: 0, bothedge: 0
26.0.Oh: caddy15.stanford.edu: "Rocky Linux 8.10 (Green Obsidian)" is an unsupported operating system.
26.0.Hp: clocks: 1, declared: 1, looping: 0, posedge: 1, negedge: 0, noedge: 0, bothedge: 0
26.0.N: Last scan. Per property time limit: 0s
26.0.N: Starting proof for property "CS_div_fsm_s3_27"	[0.00 s].
26.0.B: caddy15.stanford.edu: "Rocky Linux 8.10 (Green Obsidian)" is an unsupported operating system.
26.0.Ht: clocks: 1, declared: 1, looping: 0, posedge: 1, negedge: 0, noedge: 0, bothedge: 0
26.0.N: Trace Attempt  1	[0.01 s]
26.0.N: Trace Attempt  2	[0.01 s]
26.0.N: Trace Attempt  3	[0.01 s]
26.0.AM: caddy15.stanford.edu: "Rocky Linux 8.10 (Green Obsidian)" is an unsupported operating system.
26.0.Mpcustom4: Proofgrid shell started at 3439644@caddy15.stanford.edu(local) jg_3426522_caddy15.stanford.edu_27
26.0.Ht: Trace Attempt  1	[0.04 s]
26.0.Ht: Trace Attempt  2	[0.04 s]
26.0.N: Trace Attempt  3	[0.04 s]
26.0.Ht: Trace Attempt  3	[0.04 s]
26.0.Mpcustom4: clocks: 1, declared: 1, looping: 0, posedge: 1, negedge: 0, noedge: 0, bothedge: 0
26.0.Ht: Trace Attempt  4	[0.04 s]
26.0.Ht: Trace Attempt  5	[0.05 s]
26.0.Oh: Proofgrid shell started at 3439659@caddy15.stanford.edu(local) jg_3426522_caddy15.stanford.edu_27
26.0.N: Trace Attempt  4	[0.06 s]
26.0.N: Trace Attempt  5	[0.06 s]
26.0.B: Proofgrid shell started at 3439663@caddy15.stanford.edu(local) jg_3426522_caddy15.stanford.edu_27
26.0.Oh: clocks: 1, declared: 1, looping: 0, posedge: 1, negedge: 0, noedge: 0, bothedge: 0
26.0.B: clocks: 1, declared: 1, looping: 0, posedge: 1, negedge: 0, noedge: 0, bothedge: 0
26.0.AM: Proofgrid shell started at 3439666@caddy15.stanford.edu(local) jg_3426522_caddy15.stanford.edu_27
26.0.Mpcustom4: Trace Attempt  1	[0.04 s]
26.0.B: Last scan. Per property time limit: 0s
26.0.B: Starting proof for property "CS_div_fsm_s3_27"	[0.00 s].
26.0.AM: clocks: 1, declared: 1, looping: 0, posedge: 1, negedge: 0, noedge: 0, bothedge: 0
26.0.B: Trace Attempt  1	[0.01 s]
26.0.AM: Last scan. Per property time limit: 0s
26.0.AM: Starting proof for property "CS_div_fsm_s3_27"	[0.00 s].
26.0.AM: Trace Attempt  1	[0.01 s]
26.0.Mpcustom4: Trace Attempt  2	[0.06 s]
26.0.AM: Trace Attempt  2	[0.01 s]
26.0.B: Trace Attempt  2	[0.02 s]
26.0.B: Trace Attempt  3	[0.03 s]
26.0.N: Trace Attempt  5	[0.12 s]
26.0.AM: Trace Attempt  3	[0.03 s]
26.0.B: Trace Attempt  4	[0.05 s]
26.0.AM: Trace Attempt  4	[0.06 s]
26.0.AM: Trace Attempt  5	[0.08 s]
26.0.B: Trace Attempt  5	[0.10 s]
26.0.Oh: bwd trail(1): 1 0.110531s
26.0.Oh: All properties either determined or skipped. [0.13 s]
26.0.Oh: Exited with Success (@ 0.21 s)
26.0.Mpcustom4: Trace Attempt  3	[0.68 s]
26.0.Mpcustom4: Trace Attempt  3	[0.73 s]
26.0.Mpcustom4: Trace Attempt  4	[0.75 s]
26.0.Mpcustom4: Trace Attempt  4	[0.81 s]
26.0.Mpcustom4: Trace Attempt  5	[0.83 s]
26.0.N: Trace Attempt 26	[4.18 s]
26.0.B: Trace Attempt 37	[4.38 s]
26.0.Mpcustom4: Trace Attempt 30	[4.88 s]
26.0.N: Trace Attempt 36	[9.19 s]
26.0.Ht: Trace Attempt 37	[9.88 s]
26.0.Mpcustom4: Trace Attempt 30	[10.12 s]
26.0.N: Requesting engine job to stop
26.0.B: Requesting engine job to stop
26.0.AM: Requesting engine job to stop
26.0.Hp: Requesting engine job to terminate
26.0.Ht: Requesting engine job to terminate
26.0.Mpcustom4: Requesting engine job to terminate
INFO (IPF144): 26: Initiating shutdown of proof [11.14 s]
26.0.B: Trace Attempt 40	[6.62 s]
26.0.B: A trace with 40 cycles was found. [11.02 s]
INFO (IPF047): 26.0.B: The cover property "CS_div_fsm_s3_27" was covered in 40 cycles in 11.05 s.
26.0.B: Stopped processing property "CS_div_fsm_s3_27"	[11.06 s].
26.0.B: All properties determined. [11.04 s]
26.0.Ht: Interrupted (multi)
26.0.Ht: Trace Attempt 40	[10.07 s]
26.0.Ht: All properties determined. [11.18 s]
26.0.B: Exited with Success (@ 11.27 s)
26: ProofGrid usable level: 0
26.0.N: Trace Attempt 36	[11.12 s]
26.0.N: Stopped processing property "CS_div_fsm_s3_27"	[11.25 s].
26.0.N: All properties determined. [11.26 s]
26.0.N: Exited with Success (@ 11.30 s)
26.0.Mpcustom4: All properties determined. [11.24 s]
26.0.Mpcustom4: Exited with Success (@ 11.57 s)
26.0.Ht: Exited with Success (@ 11.63 s)
26.0.AM: Trace Attempt 36	[3.45 s]
26.0.AM: Stopped processing property "CS_div_fsm_s3_27"	[11.54 s].
26.0.AM: All properties determined. [11.55 s]
26.0.AM: Exited with Success (@ 11.67 s)
26.0.Hp: Interrupted (multi)
26.0.Hp: All properties determined. [12.29 s]
26.0.Hp: Exited with Success (@ 12.47 s)
26: --------------------------------------------------------------
ProofGrid Summary (utilization 99.16 %)
--------------------------------------------------------------
     engines started                               :     7
     engine jobs started                           :     7

    Average time in state (seconds)
    ------------------------------------------------------
    Engine  Pending     Running        Dead    Utilization
    ------------------------------------------------------
      N        0.10       11.13        0.00       99.14 %
     Hp        0.09       11.12        0.00       99.23 %
     Ht        0.06       11.12        0.00       99.45 %
    Mpcustom4        0.08       11.08        0.00       99.31 %
     Oh        0.08        0.13        0.00       62.02 %
      B        0.08       11.05        0.00       99.28 %
     AM        0.09       11.04        0.00       99.22 %
    all        0.08        9.52        0.00       99.16 %

    Total time in state (seconds)
    -----------------------------------------
            Pending     Running        Dead  
    -----------------------------------------
               0.57       66.67        0.00

    Data read    : 114.52 kiB
    Data written : 13.88 kiB

26: All pending notifications were processed.
INFO (IPF059): 26: Completed proof on task: "mytask"
cover -name CS_div_fsm_s3_28 {@(posedge clk_i) !div_fsm_s3 ##1 div_fsm_s3 [*28] ##1 !div_fsm_s3 }
INFO (IPF036): Starting proof on task: "mytask", 1 properties to prove with 0 already proven/unreachable
INFO (IPF031): Settings used for proof thread 27:
    orchestration                 = on (auto)
    time_limit                    = 600s
    per_property_time_limit       = 1s * 10 ^ scan
    engine_mode                   = auto
    proofgrid_per_engine_max_jobs = 1
    max engine jobs               = auto
    proofgrid_mode                = local
    proofgrid_restarts            = 10
27: Using multistage preprocessing
27: Starting reduce
27: Finished reduce in 0.042s
27.0.PRE: Performing Proof Simplification...
27.0.N: clocks: 1, declared: 1, looping: 0, posedge: 1, negedge: 0, noedge: 0, bothedge: 0
27.0.N: Proof Simplification Iteration 1	[0.00 s]
27.0.N: Proof Simplification Iteration 2	[0.04 s]
27.0.N: Proof Simplification Iteration 3	[0.06 s]
27.0.N: Proof Simplification Iteration 4	[0.07 s]
27.0.N: Proof Simplification Iteration 5	[0.09 s]
27.0.N: Proof Simplification Iteration 6	[0.11 s]
27.0.N: Proof Simplification Iteration 7	[0.13 s]
27.0.N: Proof Simplification Iteration 8	[0.15 s]
27.0.N: Proof Simplification Iteration 9	[0.16 s]
27.0.N: Proof Simplification Iteration 10	[0.18 s]
27.0.PRE: Proof Simplification completed in 0.23 s
27: About to start ProofGrid in its own thread with a limit of 10000 pending notifications and a limit of 10 traces.
27: =============================== ProofGrid start ===============================
27: ProofGrid usable level: 1
27: Initial ProofGrid level: 1
27: ProofGrid is starting event handling
27.0.Hp: caddy15.stanford.edu: "Rocky Linux 8.10 (Green Obsidian)" is an unsupported operating system.
27.0.N: caddy15.stanford.edu: "Rocky Linux 8.10 (Green Obsidian)" is an unsupported operating system.
27.0.Mpcustom4: caddy15.stanford.edu: "Rocky Linux 8.10 (Green Obsidian)" is an unsupported operating system.
27.0.Ht: caddy15.stanford.edu: "Rocky Linux 8.10 (Green Obsidian)" is an unsupported operating system.
27.0.Hp: Proofgrid shell started at 3439935@caddy15.stanford.edu(local) jg_3426522_caddy15.stanford.edu_28
27.0.N: Proofgrid shell started at 3439934@caddy15.stanford.edu(local) jg_3426522_caddy15.stanford.edu_28
27.0.Oh: caddy15.stanford.edu: "Rocky Linux 8.10 (Green Obsidian)" is an unsupported operating system.
27.0.Hp: clocks: 1, declared: 1, looping: 0, posedge: 1, negedge: 0, noedge: 0, bothedge: 0
27.0.N: clocks: 1, declared: 1, looping: 0, posedge: 1, negedge: 0, noedge: 0, bothedge: 0
27.0.N: Last scan. Per property time limit: 0s
27.0.N: Starting proof for property "CS_div_fsm_s3_28"	[0.00 s].
27.0.Ht: Proofgrid shell started at 3439957@caddy15.stanford.edu(local) jg_3426522_caddy15.stanford.edu_28
27.0.N: Trace Attempt  1	[0.01 s]
27.0.N: Trace Attempt  2	[0.01 s]
27.0.N: Trace Attempt  3	[0.01 s]
27.0.Mpcustom4: Proofgrid shell started at 3439960@caddy15.stanford.edu(local) jg_3426522_caddy15.stanford.edu_28
27.0.Mpcustom4: clocks: 1, declared: 1, looping: 0, posedge: 1, negedge: 0, noedge: 0, bothedge: 0
27.0.Ht: clocks: 1, declared: 1, looping: 0, posedge: 1, negedge: 0, noedge: 0, bothedge: 0
27.0.N: Trace Attempt  3	[0.05 s]
27.0.Ht: Trace Attempt  1	[0.04 s]
27.0.Ht: Trace Attempt  2	[0.04 s]
27.0.Ht: Trace Attempt  3	[0.04 s]
27.0.Ht: Trace Attempt  4	[0.04 s]
27.0.Mpcustom4: Trace Attempt  1	[0.04 s]
27.0.N: Trace Attempt  4	[0.07 s]
27.0.N: Trace Attempt  5	[0.07 s]
27.0.Ht: Trace Attempt  5	[0.05 s]
27.0.Mpcustom4: Trace Attempt  2	[0.06 s]
27.0.B: caddy15.stanford.edu: "Rocky Linux 8.10 (Green Obsidian)" is an unsupported operating system.
27.0.N: Trace Attempt  5	[0.13 s]
27.0.AM: caddy15.stanford.edu: "Rocky Linux 8.10 (Green Obsidian)" is an unsupported operating system.
27.0.Oh: Proofgrid shell started at 3439987@caddy15.stanford.edu(local) jg_3426522_caddy15.stanford.edu_28
27.0.Oh: clocks: 1, declared: 1, looping: 0, posedge: 1, negedge: 0, noedge: 0, bothedge: 0
27.0.B: Proofgrid shell started at 3439995@caddy15.stanford.edu(local) jg_3426522_caddy15.stanford.edu_28
27.0.B: clocks: 1, declared: 1, looping: 0, posedge: 1, negedge: 0, noedge: 0, bothedge: 0
27.0.B: Last scan. Per property time limit: 0s
27.0.B: Starting proof for property "CS_div_fsm_s3_28"	[0.00 s].
27.0.B: Trace Attempt  1	[0.02 s]
27.0.B: Trace Attempt  2	[0.03 s]
27.0.AM: Proofgrid shell started at 3439999@caddy15.stanford.edu(local) jg_3426522_caddy15.stanford.edu_28
27.0.B: Trace Attempt  3	[0.05 s]
27.0.AM: clocks: 1, declared: 1, looping: 0, posedge: 1, negedge: 0, noedge: 0, bothedge: 0
27.0.B: Trace Attempt  4	[0.08 s]
27.0.AM: Last scan. Per property time limit: 0s
27.0.AM: Starting proof for property "CS_div_fsm_s3_28"	[0.00 s].
27.0.AM: Trace Attempt  1	[0.00 s]
27.0.AM: Trace Attempt  2	[0.01 s]
27.0.Oh: bwd trail(1): 1 0.116967s
27.0.Oh: All properties either determined or skipped. [0.27 s]
27.0.Oh: Exited with Success (@ 0.54 s)
27.0.Oh: Completed, Restart ignored.
27.0.AM: Trace Attempt  3	[0.04 s]
27.0.B: Trace Attempt  5	[0.17 s]
27.0.AM: Trace Attempt  4	[0.10 s]
27.0.AM: Trace Attempt  5	[0.14 s]
27.0.Mpcustom4: Trace Attempt  3	[0.60 s]
27.0.Mpcustom4: Trace Attempt  3	[0.65 s]
27.0.Mpcustom4: Trace Attempt  4	[0.67 s]
27.0.Mpcustom4: Trace Attempt  4	[0.72 s]
27.0.Mpcustom4: Trace Attempt  5	[0.75 s]
27.0.N: Trace Attempt 28	[4.18 s]
27.0.Mpcustom4: Trace Attempt 28	[4.79 s]
27.0.Ht: Trace Attempt 39	[5.11 s]
27.0.B: Trace Attempt 38	[5.74 s]
27.0.N: Trace Attempt 36	[9.37 s]
27.0.Mpcustom4: Trace Attempt 33	[10.69 s]
27.0.Mpcustom4: Trace Attempt 35	[15.24 s]
27.0.N: Requesting engine job to stop
27.0.B: Requesting engine job to stop
27.0.AM: Requesting engine job to stop
27.0.Hp: Requesting engine job to terminate
27.0.Ht: Requesting engine job to terminate
27.0.Mpcustom4: Requesting engine job to terminate
INFO (IPF144): 27: Initiating shutdown of proof [16.27 s]
27.0.B: Trace Attempt 40	[7.44 s]
27.0.B: A trace with 40 cycles was found. [15.83 s]
INFO (IPF047): 27.0.B: The cover property "CS_div_fsm_s3_28" was covered in 40 cycles in 15.87 s.
27: ProofGrid usable level: 0
27.0.B: Stopped processing property "CS_div_fsm_s3_28"	[15.90 s].
27.0.B: All properties determined. [15.86 s]
27.0.B: Exited with Success (@ 16.28 s)
27.0.N: Trace Attempt 37	[12.25 s]
27.0.N: Stopped processing property "CS_div_fsm_s3_28"	[16.37 s].
27.0.AM: Trace Attempt 37	[3.87 s]
27.0.AM: Stopped processing property "CS_div_fsm_s3_28"	[15.91 s].
27.0.N: All properties determined. [16.37 s]
27.0.N: Exited with Success (@ 16.42 s)
27.0.AM: All properties determined. [15.92 s]
27.0.AM: Exited with Success (@ 16.43 s)
27.0.Mpcustom4: All properties determined. [16.42 s]
27.0.Hp: Interrupted (multi)
27.0.Hp: All properties determined. [16.71 s]
27.0.Mpcustom4: Exited with Success (@ 16.73 s)
27.0.Ht: Interrupted (multi)
27.0.Ht: Trace Attempt 40	[7.07 s]
27.0.Ht: All properties determined. [16.81 s]
27.0.Hp: Exited with Success (@ 16.98 s)
27.0.Ht: Exited with Success (@ 17.17 s)
27: --------------------------------------------------------------
ProofGrid Summary (utilization 98.46 %)
--------------------------------------------------------------
     engines started                               :     7
     engine jobs started                           :     7

    Average time in state (seconds)
    ------------------------------------------------------
    Engine  Pending     Running        Dead    Utilization
    ------------------------------------------------------
      N        0.11       16.25        0.00       99.32 %
     Hp        0.08       16.25        0.00       99.49 %
     Ht        0.11       16.20        0.00       99.30 %
    Mpcustom4        0.12       16.21        0.00       99.29 %
     Oh        0.27        0.27        0.00       49.88 %
      B        0.38       15.88        0.00       97.68 %
     AM        0.44       15.79        0.00       97.29 %
    all        0.22       13.84        0.00       98.46 %

    Total time in state (seconds)
    -----------------------------------------
            Pending     Running        Dead  
    -----------------------------------------
               1.51       96.85        0.00

    Data read    : 118.79 kiB
    Data written : 14.48 kiB

27: All pending notifications were processed.
INFO (IPF059): 27: Completed proof on task: "mytask"
cover -name CS_div_fsm_s3_29 {@(posedge clk_i) !div_fsm_s3 ##1 div_fsm_s3 [*29] ##1 !div_fsm_s3 }
INFO (IPF036): Starting proof on task: "mytask", 1 properties to prove with 0 already proven/unreachable
INFO (IPF031): Settings used for proof thread 28:
    orchestration                 = on (auto)
    time_limit                    = 600s
    per_property_time_limit       = 1s * 10 ^ scan
    engine_mode                   = auto
    proofgrid_per_engine_max_jobs = 1
    max engine jobs               = auto
    proofgrid_mode                = local
    proofgrid_restarts            = 10
28: Using multistage preprocessing
28: Starting reduce
28: Finished reduce in 0.042s
28.0.PRE: Performing Proof Simplification...
28.0.N: clocks: 1, declared: 1, looping: 0, posedge: 1, negedge: 0, noedge: 0, bothedge: 0
28.0.N: Proof Simplification Iteration 1	[0.00 s]
28.0.N: Proof Simplification Iteration 2	[0.04 s]
28.0.N: Proof Simplification Iteration 3	[0.05 s]
28.0.N: Proof Simplification Iteration 4	[0.07 s]
28.0.N: Proof Simplification Iteration 5	[0.09 s]
28.0.N: Proof Simplification Iteration 6	[0.11 s]
28.0.N: Proof Simplification Iteration 7	[0.13 s]
28.0.N: Proof Simplification Iteration 8	[0.15 s]
28.0.N: Proof Simplification Iteration 9	[0.16 s]
28.0.N: Proof Simplification Iteration 10	[0.18 s]
28.0.PRE: Proof Simplification completed in 0.23 s
28: About to start ProofGrid in its own thread with a limit of 10000 pending notifications and a limit of 10 traces.
28: =============================== ProofGrid start ===============================
28: ProofGrid usable level: 1
28: Initial ProofGrid level: 1
28: ProofGrid is starting event handling
28.0.N: caddy15.stanford.edu: "Rocky Linux 8.10 (Green Obsidian)" is an unsupported operating system.
28.0.Hp: caddy15.stanford.edu: "Rocky Linux 8.10 (Green Obsidian)" is an unsupported operating system.
28.0.Ht: caddy15.stanford.edu: "Rocky Linux 8.10 (Green Obsidian)" is an unsupported operating system.
28.0.N: Proofgrid shell started at 3440048@caddy15.stanford.edu(local) jg_3426522_caddy15.stanford.edu_29
28.0.Hp: Proofgrid shell started at 3440049@caddy15.stanford.edu(local) jg_3426522_caddy15.stanford.edu_29
28.0.Mpcustom4: caddy15.stanford.edu: "Rocky Linux 8.10 (Green Obsidian)" is an unsupported operating system.
28.0.N: clocks: 1, declared: 1, looping: 0, posedge: 1, negedge: 0, noedge: 0, bothedge: 0
28.0.N: Last scan. Per property time limit: 0s
28.0.N: Starting proof for property "CS_div_fsm_s3_29"	[0.00 s].
28.0.Hp: clocks: 1, declared: 1, looping: 0, posedge: 1, negedge: 0, noedge: 0, bothedge: 0
28.0.Ht: Proofgrid shell started at 3440071@caddy15.stanford.edu(local) jg_3426522_caddy15.stanford.edu_29
28.0.N: Trace Attempt  1	[0.01 s]
28.0.N: Trace Attempt  2	[0.01 s]
28.0.N: Trace Attempt  3	[0.01 s]
28.0.Oh: caddy15.stanford.edu: "Rocky Linux 8.10 (Green Obsidian)" is an unsupported operating system.
28.0.N: Trace Attempt  3	[0.04 s]
28.0.Ht: clocks: 1, declared: 1, looping: 0, posedge: 1, negedge: 0, noedge: 0, bothedge: 0
28.0.N: Trace Attempt  4	[0.06 s]
28.0.N: Trace Attempt  5	[0.06 s]
28.0.Ht: Trace Attempt  1	[0.05 s]
28.0.Ht: Trace Attempt  2	[0.05 s]
28.0.B: caddy15.stanford.edu: "Rocky Linux 8.10 (Green Obsidian)" is an unsupported operating system.
28.0.Ht: Trace Attempt  3	[0.05 s]
28.0.Ht: Trace Attempt  4	[0.06 s]
28.0.Ht: Trace Attempt  5	[0.06 s]
28.0.Mpcustom4: Proofgrid shell started at 3440090@caddy15.stanford.edu(local) jg_3426522_caddy15.stanford.edu_29
28.0.N: Trace Attempt  5	[0.12 s]
28.0.Mpcustom4: clocks: 1, declared: 1, looping: 0, posedge: 1, negedge: 0, noedge: 0, bothedge: 0
28.0.Mpcustom4: Trace Attempt  1	[0.05 s]
28.0.Mpcustom4: Trace Attempt  2	[0.07 s]
28.0.AM: caddy15.stanford.edu: "Rocky Linux 8.10 (Green Obsidian)" is an unsupported operating system.
28.0.Oh: Proofgrid shell started at 3440099@caddy15.stanford.edu(local) jg_3426522_caddy15.stanford.edu_29
28.0.Oh: clocks: 1, declared: 1, looping: 0, posedge: 1, negedge: 0, noedge: 0, bothedge: 0
28.0.B: Proofgrid shell started at 3440110@caddy15.stanford.edu(local) jg_3426522_caddy15.stanford.edu_29
28.0.B: clocks: 1, declared: 1, looping: 0, posedge: 1, negedge: 0, noedge: 0, bothedge: 0
28.0.B: Last scan. Per property time limit: 0s
28.0.B: Starting proof for property "CS_div_fsm_s3_29"	[0.00 s].
28.0.AM: Proofgrid shell started at 3440120@caddy15.stanford.edu(local) jg_3426522_caddy15.stanford.edu_29
28.0.B: Trace Attempt  1	[0.02 s]
28.0.B: Trace Attempt  2	[0.03 s]
28.0.AM: clocks: 1, declared: 1, looping: 0, posedge: 1, negedge: 0, noedge: 0, bothedge: 0
28.0.B: Trace Attempt  3	[0.04 s]
28.0.AM: Last scan. Per property time limit: 0s
28.0.AM: Starting proof for property "CS_div_fsm_s3_29"	[0.00 s].
28.0.AM: Trace Attempt  1	[0.00 s]
28.0.AM: Trace Attempt  2	[0.01 s]
28.0.B: Trace Attempt  4	[0.05 s]
28.0.AM: Trace Attempt  3	[0.03 s]
28.0.Oh: bwd trail(1): 1 0.110553s
28.0.Oh: All properties either determined or skipped. [0.16 s]
28.0.Oh: Exited with Success (@ 0.39 s)
28.0.B: Trace Attempt  5	[0.09 s]
28.0.AM: Trace Attempt  4	[0.06 s]
28.0.AM: Trace Attempt  5	[0.08 s]
28.0.Mpcustom4: Trace Attempt  3	[0.62 s]
28.0.Mpcustom4: Trace Attempt  3	[0.67 s]
28.0.Mpcustom4: Trace Attempt  4	[0.69 s]
28.0.Mpcustom4: Trace Attempt  4	[0.75 s]
28.0.Mpcustom4: Trace Attempt  5	[0.78 s]
28.0.N: Trace Attempt 29	[4.33 s]
28.0.B: Trace Attempt 39	[4.20 s]
28.0.AM: Trace Attempt 38	[4.47 s]
28.0.Mpcustom4: Trace Attempt 33	[4.87 s]
28.0.Ht: Trace Attempt 39	[7.45 s]
28.0.N: Trace Attempt 37	[8.58 s]
28.0.Mpcustom4: Trace Attempt 33	[9.45 s]
28.0.N: Requesting engine job to stop
28.0.B: Requesting engine job to stop
28.0.AM: Requesting engine job to stop
28.0.Hp: Requesting engine job to terminate
28.0.Ht: Requesting engine job to terminate
28.0.Mpcustom4: Requesting engine job to terminate
INFO (IPF144): 28: Initiating shutdown of proof [10.56 s]
28.0.Ht: Trace Attempt 40	[7.55 s]
28.0.Ht: A trace with 40 cycles was found. [10.46 s]
INFO (IPF047): 28.0.Ht: The cover property "CS_div_fsm_s3_29" was covered in 40 cycles in 10.51 s.
28.0.Ht: All properties determined. [10.50 s]
28.0.N: Trace Attempt 38	[10.25 s]
28.0.N: Stopped processing property "CS_div_fsm_s3_29"	[10.58 s].
28.0.N: All properties determined. [10.58 s]
28.0.N: Exited with Success (@ 10.61 s)
28: ProofGrid usable level: 0
28.0.B: Trace Attempt 40	[4.73 s]
28.0.B: Stopped processing property "CS_div_fsm_s3_29"	[10.41 s].
28.0.B: All properties determined. [10.42 s]
28.0.B: Exited with Success (@ 10.73 s)
28.0.Mpcustom4: All properties determined. [10.62 s]
28.0.Mpcustom4: Exited with Success (@ 10.77 s)
28.0.AM: Stopped processing property "CS_div_fsm_s3_29"	[10.79 s].
28.0.Ht: Exited with Success (@ 11.14 s)
28.0.AM: All properties determined. [10.80 s]
28.0.AM: Exited with Success (@ 11.66 s)
28.0.Hp: Interrupted (multi)
28.0.Hp: All properties determined. [12.12 s]
28.0.Hp: Exited with Success (@ 12.27 s)
28: --------------------------------------------------------------
ProofGrid Summary (utilization 98.08 %)
--------------------------------------------------------------
     engines started                               :     7
     engine jobs started                           :     7

    Average time in state (seconds)
    ------------------------------------------------------
    Engine  Pending     Running        Dead    Utilization
    ------------------------------------------------------
      N        0.10       10.56        0.00       99.03 %
     Hp        0.09       10.54        0.00       99.17 %
     Ht        0.11       10.51        0.00       99.01 %
    Mpcustom4        0.15       10.44        0.00       98.55 %
     Oh        0.22        0.16        0.00       41.68 %
      B        0.26       10.28        0.00       97.52 %
     AM        0.30       10.23        0.00       97.20 %
    all        0.18        8.96        0.00       98.08 %

    Total time in state (seconds)
    -----------------------------------------
            Pending     Running        Dead  
    -----------------------------------------
               1.23       62.71        0.00

    Data read    : 111.01 kiB
    Data written : 13.15 kiB

28: All pending notifications were processed.
INFO (IPF059): 28: Completed proof on task: "mytask"
cover -name CS_div_fsm_s3_30 {@(posedge clk_i) !div_fsm_s3 ##1 div_fsm_s3 [*30] ##1 !div_fsm_s3 }
INFO (IPF036): Starting proof on task: "mytask", 1 properties to prove with 0 already proven/unreachable
INFO (IPF031): Settings used for proof thread 29:
    orchestration                 = on (auto)
    time_limit                    = 600s
    per_property_time_limit       = 1s * 10 ^ scan
    engine_mode                   = auto
    proofgrid_per_engine_max_jobs = 1
    max engine jobs               = auto
    proofgrid_mode                = local
    proofgrid_restarts            = 10
29: Using multistage preprocessing
29: Starting reduce
29: Finished reduce in 0.042s
29.0.PRE: Performing Proof Simplification...
29.0.N: clocks: 1, declared: 1, looping: 0, posedge: 1, negedge: 0, noedge: 0, bothedge: 0
29.0.N: Proof Simplification Iteration 1	[0.00 s]
29.0.N: Proof Simplification Iteration 2	[0.04 s]
29.0.N: Proof Simplification Iteration 3	[0.06 s]
29.0.N: Proof Simplification Iteration 4	[0.07 s]
29.0.N: Proof Simplification Iteration 5	[0.09 s]
29.0.N: Proof Simplification Iteration 6	[0.11 s]
29.0.N: Proof Simplification Iteration 7	[0.13 s]
29.0.N: Proof Simplification Iteration 8	[0.15 s]
29.0.N: Proof Simplification Iteration 9	[0.17 s]
29.0.N: Proof Simplification Iteration 10	[0.18 s]
29.0.PRE: Proof Simplification completed in 0.23 s
29: About to start ProofGrid in its own thread with a limit of 10000 pending notifications and a limit of 10 traces.
29: =============================== ProofGrid start ===============================
29: ProofGrid usable level: 1
29: Initial ProofGrid level: 1
29: ProofGrid is starting event handling
29.0.Hp: caddy15.stanford.edu: "Rocky Linux 8.10 (Green Obsidian)" is an unsupported operating system.
29.0.N: caddy15.stanford.edu: "Rocky Linux 8.10 (Green Obsidian)" is an unsupported operating system.
29.0.Ht: caddy15.stanford.edu: "Rocky Linux 8.10 (Green Obsidian)" is an unsupported operating system.
29.0.Mpcustom4: caddy15.stanford.edu: "Rocky Linux 8.10 (Green Obsidian)" is an unsupported operating system.
29.0.Hp: Proofgrid shell started at 3440278@caddy15.stanford.edu(local) jg_3426522_caddy15.stanford.edu_30
29.0.N: Proofgrid shell started at 3440277@caddy15.stanford.edu(local) jg_3426522_caddy15.stanford.edu_30
29.0.Oh: caddy15.stanford.edu: "Rocky Linux 8.10 (Green Obsidian)" is an unsupported operating system.
29.0.N: clocks: 1, declared: 1, looping: 0, posedge: 1, negedge: 0, noedge: 0, bothedge: 0
29.0.Hp: clocks: 1, declared: 1, looping: 0, posedge: 1, negedge: 0, noedge: 0, bothedge: 0
29.0.Ht: Proofgrid shell started at 3440300@caddy15.stanford.edu(local) jg_3426522_caddy15.stanford.edu_30
29.0.N: Last scan. Per property time limit: 0s
29.0.N: Starting proof for property "CS_div_fsm_s3_30"	[0.00 s].
29.0.AM: caddy15.stanford.edu: "Rocky Linux 8.10 (Green Obsidian)" is an unsupported operating system.
29.0.B: caddy15.stanford.edu: "Rocky Linux 8.10 (Green Obsidian)" is an unsupported operating system.
29.0.N: Trace Attempt  1	[0.01 s]
29.0.Ht: clocks: 1, declared: 1, looping: 0, posedge: 1, negedge: 0, noedge: 0, bothedge: 0
29.0.N: Trace Attempt  2	[0.01 s]
29.0.N: Trace Attempt  3	[0.01 s]
29.0.Mpcustom4: Proofgrid shell started at 3440319@caddy15.stanford.edu(local) jg_3426522_caddy15.stanford.edu_30
29.0.Mpcustom4: clocks: 1, declared: 1, looping: 0, posedge: 1, negedge: 0, noedge: 0, bothedge: 0
29.0.Oh: Proofgrid shell started at 3440334@caddy15.stanford.edu(local) jg_3426522_caddy15.stanford.edu_30
29.0.N: Trace Attempt  3	[0.04 s]
29.0.Ht: Trace Attempt  1	[0.04 s]
29.0.Ht: Trace Attempt  2	[0.04 s]
29.0.AM: Proofgrid shell started at 3440350@caddy15.stanford.edu(local) jg_3426522_caddy15.stanford.edu_30
29.0.Ht: Trace Attempt  3	[0.04 s]
29.0.Ht: Trace Attempt  4	[0.04 s]
29.0.AM: clocks: 1, declared: 1, looping: 0, posedge: 1, negedge: 0, noedge: 0, bothedge: 0
29.0.Oh: clocks: 1, declared: 1, looping: 0, posedge: 1, negedge: 0, noedge: 0, bothedge: 0
29.0.Ht: Trace Attempt  5	[0.05 s]
29.0.N: Trace Attempt  4	[0.06 s]
29.0.N: Trace Attempt  5	[0.06 s]
29.0.AM: Last scan. Per property time limit: 0s
29.0.AM: Starting proof for property "CS_div_fsm_s3_30"	[0.00 s].
29.0.Mpcustom4: Trace Attempt  1	[0.04 s]
29.0.B: Proofgrid shell started at 3440346@caddy15.stanford.edu(local) jg_3426522_caddy15.stanford.edu_30
29.0.AM: Trace Attempt  1	[0.01 s]
29.0.AM: Trace Attempt  2	[0.01 s]
29.0.Mpcustom4: Trace Attempt  2	[0.06 s]
29.0.B: clocks: 1, declared: 1, looping: 0, posedge: 1, negedge: 0, noedge: 0, bothedge: 0
29.0.B: Last scan. Per property time limit: 0s
29.0.B: Starting proof for property "CS_div_fsm_s3_30"	[0.00 s].
29.0.AM: Trace Attempt  3	[0.03 s]
29.0.B: Trace Attempt  1	[0.01 s]
29.0.B: Trace Attempt  2	[0.02 s]
29.0.B: Trace Attempt  3	[0.03 s]
29.0.N: Trace Attempt  5	[0.12 s]
29.0.AM: Trace Attempt  4	[0.06 s]
29.0.B: Trace Attempt  4	[0.04 s]
29.0.AM: Trace Attempt  5	[0.08 s]
29.0.B: Trace Attempt  5	[0.08 s]
29.0.Oh: bwd trail(1): 1 0.114553s
29.0.Oh: All properties either determined or skipped. [0.13 s]
29.0.Oh: Exited with Success (@ 0.20 s)
29.0.Mpcustom4: Trace Attempt  3	[0.61 s]
29.0.Mpcustom4: Trace Attempt  3	[0.66 s]
29.0.Mpcustom4: Trace Attempt  4	[0.68 s]
29.0.Mpcustom4: Trace Attempt  4	[0.74 s]
29.0.Mpcustom4: Trace Attempt  5	[0.77 s]
29.0.Ht: Trace Attempt 40	[4.22 s]
29.0.N: Trace Attempt 29	[4.42 s]
29.0.Mpcustom4: Trace Attempt 34	[4.99 s]
29.0.B: Trace Attempt 40	[6.42 s]
29.0.Mpcustom4: Trace Attempt 34	[9.43 s]
29.0.N: Trace Attempt 38	[9.57 s]
29.0.N: Requesting engine job to stop
29.0.B: Requesting engine job to stop
29.0.AM: Requesting engine job to stop
29.0.Hp: Requesting engine job to terminate
29.0.Ht: Requesting engine job to terminate
29.0.Mpcustom4: Requesting engine job to terminate
INFO (IPF144): 29: Initiating shutdown of proof [12.32 s]
29.0.Ht: A trace with 40 cycles was found. [12.25 s]
INFO (IPF047): 29.0.Ht: The cover property "CS_div_fsm_s3_30" was covered in 40 cycles in 12.30 s.
29.0.Ht: All properties determined. [12.29 s]
29.0.N: Trace Attempt 39	[10.80 s]
29.0.N: Stopped processing property "CS_div_fsm_s3_30"	[12.38 s].
29.0.N: All properties determined. [12.37 s]
29.0.N: Exited with Success (@ 12.40 s)
29: ProofGrid usable level: 0
29.0.AM: Trace Attempt 39	[3.86 s]
29.0.AM: Stopped processing property "CS_div_fsm_s3_30"	[12.35 s].
29.0.AM: All properties determined. [12.35 s]
29.0.AM: Exited with Success (@ 12.44 s)
29.0.B: Stopped processing property "CS_div_fsm_s3_30"	[12.43 s].
29.0.B: All properties determined. [12.42 s]
29.0.B: Exited with Success (@ 12.54 s)
29.0.Mpcustom4: Trace Attempt 35	[9.46 s]
29.0.Mpcustom4: All properties determined. [12.51 s]
29.0.Ht: Exited with Success (@ 12.69 s)
29.0.Mpcustom4: Exited with Success (@ 12.69 s)
29.0.Hp: Interrupted (multi)
29.0.Hp: All properties determined. [12.78 s]
29.0.Hp: Exited with Success (@ 12.93 s)
29: --------------------------------------------------------------
ProofGrid Summary (utilization 99.23 %)
--------------------------------------------------------------
     engines started                               :     7
     engine jobs started                           :     7

    Average time in state (seconds)
    ------------------------------------------------------
    Engine  Pending     Running        Dead    Utilization
    ------------------------------------------------------
      N        0.11       12.32        0.00       99.15 %
     Hp        0.08       12.32        0.00       99.35 %
     Ht        0.08       12.30        0.00       99.38 %
    Mpcustom4        0.08       12.28        0.00       99.36 %
     Oh        0.08        0.13        0.00       61.75 %
      B        0.08       12.23        0.00       99.31 %
     AM        0.06       12.25        0.00       99.50 %
    all        0.08       10.55        0.00       99.23 %

    Total time in state (seconds)
    -----------------------------------------
            Pending     Running        Dead  
    -----------------------------------------
               0.57       73.82        0.00

    Data read    : 111.82 kiB
    Data written : 10.48 kiB

29: All pending notifications were processed.
INFO (IPF059): 29: Completed proof on task: "mytask"
cover -name CS_div_fsm_s3_31 {@(posedge clk_i) !div_fsm_s3 ##1 div_fsm_s3 [*31] ##1 !div_fsm_s3 }
INFO (IPF036): Starting proof on task: "mytask", 1 properties to prove with 0 already proven/unreachable
INFO (IPF031): Settings used for proof thread 30:
    orchestration                 = on (auto)
    time_limit                    = 600s
    per_property_time_limit       = 1s * 10 ^ scan
    engine_mode                   = auto
    proofgrid_per_engine_max_jobs = 1
    max engine jobs               = auto
    proofgrid_mode                = local
    proofgrid_restarts            = 10
30: Using multistage preprocessing
30: Starting reduce
30: Finished reduce in 0.042s
30.0.PRE: Performing Proof Simplification...
30.0.N: clocks: 1, declared: 1, looping: 0, posedge: 1, negedge: 0, noedge: 0, bothedge: 0
30.0.N: Proof Simplification Iteration 1	[0.00 s]
30.0.N: Proof Simplification Iteration 2	[0.04 s]
30.0.N: Proof Simplification Iteration 3	[0.05 s]
30.0.N: Proof Simplification Iteration 4	[0.07 s]
30.0.N: Proof Simplification Iteration 5	[0.09 s]
30.0.N: Proof Simplification Iteration 6	[0.11 s]
30.0.N: Proof Simplification Iteration 7	[0.13 s]
30.0.N: Proof Simplification Iteration 8	[0.14 s]
30.0.N: Proof Simplification Iteration 9	[0.16 s]
30.0.N: Proof Simplification Iteration 10	[0.18 s]
30.0.PRE: Proof Simplification completed in 0.23 s
30: About to start ProofGrid in its own thread with a limit of 10000 pending notifications and a limit of 10 traces.
30: =============================== ProofGrid start ===============================
30: ProofGrid usable level: 1
30: Initial ProofGrid level: 1
30: ProofGrid is starting event handling
30.0.N: caddy15.stanford.edu: "Rocky Linux 8.10 (Green Obsidian)" is an unsupported operating system.
30.0.Hp: caddy15.stanford.edu: "Rocky Linux 8.10 (Green Obsidian)" is an unsupported operating system.
30.0.Ht: caddy15.stanford.edu: "Rocky Linux 8.10 (Green Obsidian)" is an unsupported operating system.
30.0.N: Proofgrid shell started at 3440505@caddy15.stanford.edu(local) jg_3426522_caddy15.stanford.edu_31
30.0.Hp: Proofgrid shell started at 3440506@caddy15.stanford.edu(local) jg_3426522_caddy15.stanford.edu_31
30.0.Mpcustom4: caddy15.stanford.edu: "Rocky Linux 8.10 (Green Obsidian)" is an unsupported operating system.
30.0.Hp: clocks: 1, declared: 1, looping: 0, posedge: 1, negedge: 0, noedge: 0, bothedge: 0
30.0.N: clocks: 1, declared: 1, looping: 0, posedge: 1, negedge: 0, noedge: 0, bothedge: 0
30.0.B: caddy15.stanford.edu: "Rocky Linux 8.10 (Green Obsidian)" is an unsupported operating system.
30.0.N: Last scan. Per property time limit: 0s
30.0.N: Starting proof for property "CS_div_fsm_s3_31"	[0.00 s].
30.0.N: Trace Attempt  1	[0.01 s]
30.0.N: Trace Attempt  2	[0.01 s]
30.0.N: Trace Attempt  3	[0.01 s]
30.0.Ht: Proofgrid shell started at 3440528@caddy15.stanford.edu(local) jg_3426522_caddy15.stanford.edu_31
30.0.Ht: clocks: 1, declared: 1, looping: 0, posedge: 1, negedge: 0, noedge: 0, bothedge: 0
30.0.N: Trace Attempt  3	[0.04 s]
30.0.N: Trace Attempt  4	[0.06 s]
30.0.N: Trace Attempt  5	[0.06 s]
30.0.Ht: Trace Attempt  1	[0.04 s]
30.0.Ht: Trace Attempt  2	[0.04 s]
30.0.Ht: Trace Attempt  3	[0.04 s]
30.0.Ht: Trace Attempt  4	[0.05 s]
30.0.Ht: Trace Attempt  5	[0.06 s]
30.0.B: Proofgrid shell started at 3440566@caddy15.stanford.edu(local) jg_3426522_caddy15.stanford.edu_31
30.0.N: Trace Attempt  5	[0.12 s]
30.0.Mpcustom4: Proofgrid shell started at 3440547@caddy15.stanford.edu(local) jg_3426522_caddy15.stanford.edu_31
30.0.Oh: caddy15.stanford.edu: "Rocky Linux 8.10 (Green Obsidian)" is an unsupported operating system.
30.0.B: clocks: 1, declared: 1, looping: 0, posedge: 1, negedge: 0, noedge: 0, bothedge: 0
30.0.Mpcustom4: clocks: 1, declared: 1, looping: 0, posedge: 1, negedge: 0, noedge: 0, bothedge: 0
30.0.B: Last scan. Per property time limit: 0s
30.0.B: Starting proof for property "CS_div_fsm_s3_31"	[0.00 s].
30.0.B: Trace Attempt  1	[0.01 s]
30.0.Mpcustom4: Trace Attempt  1	[0.04 s]
30.0.B: Trace Attempt  2	[0.04 s]
30.0.Mpcustom4: Trace Attempt  2	[0.06 s]
30.0.B: Trace Attempt  3	[0.05 s]
30.0.B: Trace Attempt  4	[0.06 s]
30.0.AM: caddy15.stanford.edu: "Rocky Linux 8.10 (Green Obsidian)" is an unsupported operating system.
30.0.B: Trace Attempt  5	[0.16 s]
30.0.Oh: Proofgrid shell started at 3440556@caddy15.stanford.edu(local) jg_3426522_caddy15.stanford.edu_31
30.0.Oh: clocks: 1, declared: 1, looping: 0, posedge: 1, negedge: 0, noedge: 0, bothedge: 0
30.0.AM: Proofgrid shell started at 3440567@caddy15.stanford.edu(local) jg_3426522_caddy15.stanford.edu_31
30.0.AM: clocks: 1, declared: 1, looping: 0, posedge: 1, negedge: 0, noedge: 0, bothedge: 0
30.0.AM: Last scan. Per property time limit: 0s
30.0.AM: Starting proof for property "CS_div_fsm_s3_31"	[0.00 s].
30.0.AM: Trace Attempt  1	[0.00 s]
30.0.AM: Trace Attempt  2	[0.01 s]
30.0.AM: Trace Attempt  3	[0.05 s]
30.0.AM: Trace Attempt  4	[0.11 s]
30.0.AM: Trace Attempt  5	[0.16 s]
30.0.Mpcustom4: Trace Attempt  3	[0.62 s]
30.0.Oh: bwd trail(1): 1 0.118585s
30.0.Oh: All properties either determined or skipped. [0.37 s]
30.0.Oh: Exited with Success (@ 0.82 s)
30.0.Mpcustom4: Trace Attempt  3	[0.66 s]
30.0.Mpcustom4: Trace Attempt  4	[0.69 s]
30.0.Mpcustom4: Trace Attempt  4	[0.74 s]
30.0.Mpcustom4: Trace Attempt  5	[0.77 s]
30.0.Ht: Trace Attempt 40	[4.20 s]
30.0.N: Trace Attempt 29	[4.43 s]
30.0.B: Trace Attempt 40	[4.66 s]
30.0.AM: Trace Attempt 39	[4.48 s]
30.0.Mpcustom4: Trace Attempt 32	[4.95 s]
30.0.N: Trace Attempt 39	[9.36 s]
30.0.N: Requesting engine job to stop
30.0.B: Requesting engine job to stop
30.0.AM: Requesting engine job to stop
30.0.Hp: Requesting engine job to terminate
30.0.Ht: Requesting engine job to terminate
30.0.Mpcustom4: Requesting engine job to terminate
INFO (IPF144): 30: Initiating shutdown of proof [9.75 s]
30.0.Ht: A trace with 40 cycles was found. [9.64 s]
INFO (IPF047): 30.0.Ht: The cover property "CS_div_fsm_s3_31" was covered in 40 cycles in 9.69 s.
30.0.Ht: All properties determined. [9.68 s]
30.0.Hp: Interrupted (multi)
30.0.Hp: All properties determined. [9.75 s]
30.0.B: Stopped processing property "CS_div_fsm_s3_31"	[9.68 s].
30.0.B: All properties determined. [9.67 s]
30.0.B: Exited with Success (@ 9.86 s)
30: ProofGrid usable level: 0
30.0.Mpcustom4: Trace Attempt 35	[6.98 s]
30.0.Mpcustom4: All properties determined. [9.88 s]
30.0.N: Trace Attempt 40	[10.00 s]
30.0.N: Stopped processing property "CS_div_fsm_s3_31"	[10.02 s].
30.0.N: All properties determined. [10.03 s]
30.0.N: Exited with Success (@ 10.07 s)
30.0.Mpcustom4: Exited with Success (@ 10.07 s)
30.0.Hp: Exited with Success (@ 10.08 s)
30.0.AM: Trace Attempt 40	[5.01 s]
30.0.AM: Stopped processing property "CS_div_fsm_s3_31"	[9.61 s].
30.0.Ht: Exited with Success (@ 10.21 s)
30.0.AM: All properties determined. [9.62 s]
30.0.AM: Exited with Success (@ 10.22 s)
30: --------------------------------------------------------------
ProofGrid Summary (utilization 97.43 %)
--------------------------------------------------------------
     engines started                               :     7
     engine jobs started                           :     7

    Average time in state (seconds)
    ------------------------------------------------------
    Engine  Pending     Running        Dead    Utilization
    ------------------------------------------------------
      N        0.10        9.74        0.00       98.94 %
     Hp        0.09        9.74        0.00       99.06 %
     Ht        0.11        9.70        0.00       98.93 %
    Mpcustom4        0.19        9.59        0.00       98.08 %
     Oh        0.39        0.38        0.00       48.95 %
      B        0.12        9.60        0.00       98.74 %
     AM        0.53        9.18        0.00       94.59 %
    all        0.22        8.27        0.00       97.43 %

    Total time in state (seconds)
    -----------------------------------------
            Pending     Running        Dead  
    -----------------------------------------
               1.53       57.92        0.00

    Data read    : 201.54 kiB
    Data written : 11.25 kiB

30: All pending notifications were processed.
INFO (IPF059): 30: Completed proof on task: "mytask"
cover -name CS_div_fsm_s3_32 {@(posedge clk_i) !div_fsm_s3 ##1 div_fsm_s3 [*32] ##1 !div_fsm_s3 }
INFO (IPF036): Starting proof on task: "mytask", 1 properties to prove with 0 already proven/unreachable
INFO (IPF031): Settings used for proof thread 31:
    orchestration                 = on (auto)
    time_limit                    = 600s
    per_property_time_limit       = 1s * 10 ^ scan
    engine_mode                   = auto
    proofgrid_per_engine_max_jobs = 1
    max engine jobs               = auto
    proofgrid_mode                = local
    proofgrid_restarts            = 10
31: Using multistage preprocessing
31: Starting reduce
31: Finished reduce in 0.041s
31.0.PRE: Performing Proof Simplification...
31.0.N: clocks: 1, declared: 1, looping: 0, posedge: 1, negedge: 0, noedge: 0, bothedge: 0
31.0.N: Proof Simplification Iteration 1	[0.00 s]
31.0.N: Proof Simplification Iteration 2	[0.04 s]
31.0.N: Proof Simplification Iteration 3	[0.05 s]
31.0.N: Proof Simplification Iteration 4	[0.07 s]
31.0.N: Proof Simplification Iteration 5	[0.09 s]
31.0.N: Proof Simplification Iteration 6	[0.11 s]
31.0.N: Proof Simplification Iteration 7	[0.13 s]
31.0.N: Proof Simplification Iteration 8	[0.14 s]
31.0.N: Proof Simplification Iteration 9	[0.16 s]
31.0.N: Proof Simplification Iteration 10	[0.18 s]
31.0.PRE: Proof Simplification completed in 0.23 s
31: About to start ProofGrid in its own thread with a limit of 10000 pending notifications and a limit of 10 traces.
31: =============================== ProofGrid start ===============================
31: ProofGrid usable level: 1
31: Initial ProofGrid level: 1
31: ProofGrid is starting event handling
31.0.N: caddy15.stanford.edu: "Rocky Linux 8.10 (Green Obsidian)" is an unsupported operating system.
31.0.Hp: caddy15.stanford.edu: "Rocky Linux 8.10 (Green Obsidian)" is an unsupported operating system.
31.0.Ht: caddy15.stanford.edu: "Rocky Linux 8.10 (Green Obsidian)" is an unsupported operating system.
31.0.Mpcustom4: caddy15.stanford.edu: "Rocky Linux 8.10 (Green Obsidian)" is an unsupported operating system.
31.0.N: Proofgrid shell started at 3440732@caddy15.stanford.edu(local) jg_3426522_caddy15.stanford.edu_32
31.0.Hp: Proofgrid shell started at 3440733@caddy15.stanford.edu(local) jg_3426522_caddy15.stanford.edu_32
31.0.Ht: Proofgrid shell started at 3440755@caddy15.stanford.edu(local) jg_3426522_caddy15.stanford.edu_32
31.0.N: clocks: 1, declared: 1, looping: 0, posedge: 1, negedge: 0, noedge: 0, bothedge: 0
31.0.N: Last scan. Per property time limit: 0s
31.0.N: Starting proof for property "CS_div_fsm_s3_32"	[0.00 s].
31.0.N: Trace Attempt  1	[0.01 s]
31.0.N: Trace Attempt  2	[0.01 s]
31.0.N: Trace Attempt  3	[0.01 s]
31.0.Hp: clocks: 1, declared: 1, looping: 0, posedge: 1, negedge: 0, noedge: 0, bothedge: 0
31.0.Ht: clocks: 1, declared: 1, looping: 0, posedge: 1, negedge: 0, noedge: 0, bothedge: 0
31.0.Mpcustom4: Proofgrid shell started at 3440774@caddy15.stanford.edu(local) jg_3426522_caddy15.stanford.edu_32
31.0.N: Trace Attempt  3	[0.04 s]
31.0.Mpcustom4: clocks: 1, declared: 1, looping: 0, posedge: 1, negedge: 0, noedge: 0, bothedge: 0
31.0.Ht: Trace Attempt  1	[0.04 s]
31.0.Ht: Trace Attempt  2	[0.04 s]
31.0.Ht: Trace Attempt  3	[0.04 s]
31.0.N: Trace Attempt  4	[0.06 s]
31.0.N: Trace Attempt  5	[0.06 s]
31.0.Ht: Trace Attempt  4	[0.05 s]
31.0.Ht: Trace Attempt  5	[0.06 s]
31.0.Mpcustom4: Trace Attempt  1	[0.04 s]
31.0.Mpcustom4: Trace Attempt  2	[0.06 s]
31.0.N: Trace Attempt  5	[0.12 s]
31.0.Oh: caddy15.stanford.edu: "Rocky Linux 8.10 (Green Obsidian)" is an unsupported operating system.
31.0.B: caddy15.stanford.edu: "Rocky Linux 8.10 (Green Obsidian)" is an unsupported operating system.
31.0.AM: caddy15.stanford.edu: "Rocky Linux 8.10 (Green Obsidian)" is an unsupported operating system.
31.0.B: Proofgrid shell started at 3440793@caddy15.stanford.edu(local) jg_3426522_caddy15.stanford.edu_32
31.0.Oh: Proofgrid shell started at 3440789@caddy15.stanford.edu(local) jg_3426522_caddy15.stanford.edu_32
31.0.B: clocks: 1, declared: 1, looping: 0, posedge: 1, negedge: 0, noedge: 0, bothedge: 0
31.0.B: Last scan. Per property time limit: 0s
31.0.B: Starting proof for property "CS_div_fsm_s3_32"	[0.00 s].
31.0.B: Trace Attempt  1	[0.01 s]
31.0.AM: Proofgrid shell started at 3440794@caddy15.stanford.edu(local) jg_3426522_caddy15.stanford.edu_32
31.0.B: Trace Attempt  2	[0.03 s]
31.0.Oh: clocks: 1, declared: 1, looping: 0, posedge: 1, negedge: 0, noedge: 0, bothedge: 0
31.0.B: Trace Attempt  3	[0.05 s]
31.0.AM: clocks: 1, declared: 1, looping: 0, posedge: 1, negedge: 0, noedge: 0, bothedge: 0
31.0.AM: Last scan. Per property time limit: 0s
31.0.AM: Starting proof for property "CS_div_fsm_s3_32"	[0.00 s].
31.0.AM: Trace Attempt  1	[0.00 s]
31.0.AM: Trace Attempt  2	[0.01 s]
31.0.B: Trace Attempt  4	[0.08 s]
31.0.AM: Trace Attempt  3	[0.05 s]
31.0.B: Trace Attempt  5	[0.16 s]
31.0.AM: Trace Attempt  4	[0.09 s]
31.0.AM: Trace Attempt  5	[0.12 s]
31.0.Mpcustom4: Trace Attempt  3	[0.63 s]
31.0.Oh: bwd trail(1): 1 0.111024s
31.0.Oh: All properties either determined or skipped. [0.20 s]
31.0.Oh: Exited with Success (@ 0.69 s)
31.0.Oh: Completed, Restart ignored.
31.0.Mpcustom4: Trace Attempt  3	[0.67 s]
31.0.Mpcustom4: Trace Attempt  4	[0.70 s]
31.0.Mpcustom4: Trace Attempt  4	[0.75 s]
31.0.Mpcustom4: Trace Attempt  5	[0.78 s]
31.0.N: Trace Attempt 29	[4.26 s]
31.0.Mpcustom4: Trace Attempt 36	[5.20 s]
31.0.AM: Trace Attempt 40	[4.75 s]
31.0.B: Trace Attempt 41	[5.13 s]
31.0.N: Trace Attempt 40	[8.45 s]
31.0.Mpcustom4: Trace Attempt 36	[9.74 s]
31.0.N: Requesting engine job to stop
31.0.B: Requesting engine job to stop
31.0.AM: Requesting engine job to stop
31.0.Hp: Requesting engine job to terminate
31.0.Ht: Requesting engine job to terminate
31.0.Mpcustom4: Requesting engine job to terminate
INFO (IPF144): 31: Initiating shutdown of proof [10.16 s]
31.0.Ht: Trace Attempt 41	[3.25 s]
31.0.Ht: A trace with 41 cycles was found. [10.07 s]
INFO (IPF047): 31.0.Ht: The cover property "CS_div_fsm_s3_32" was covered in 41 cycles in 10.12 s.
31.0.Ht: All properties determined. [10.11 s]
31.0.Hp: Interrupted (multi)
31.0.Hp: All properties determined. [10.13 s]
31.0.N: Stopped processing property "CS_div_fsm_s3_32"	[10.18 s].
31.0.N: All properties determined. [10.18 s]
31.0.N: Exited with Success (@ 10.21 s)
31: ProofGrid usable level: 0
31.0.Mpcustom4: All properties determined. [10.32 s]
31.0.Mpcustom4: Exited with Success (@ 10.40 s)
31.0.B: Stopped processing property "CS_div_fsm_s3_32"	[9.96 s].
31.0.AM: Stopped processing property "CS_div_fsm_s3_32"	[9.92 s].
31.0.AM: All properties determined. [9.92 s]
31.0.B: All properties determined. [9.97 s]
31.0.B: Exited with Success (@ 10.46 s)
31.0.Hp: Exited with Success (@ 10.47 s)
31.0.AM: Exited with Success (@ 10.54 s)
31.0.Ht: Exited with Success (@ 10.54 s)
31: --------------------------------------------------------------
ProofGrid Summary (utilization 97.15 %)
--------------------------------------------------------------
     engines started                               :     7
     engine jobs started                           :     7

    Average time in state (seconds)
    ------------------------------------------------------
    Engine  Pending     Running        Dead    Utilization
    ------------------------------------------------------
      N        0.10       10.15        0.00       99.01 %
     Hp        0.09       10.13        0.00       99.14 %
     Ht        0.09       10.12        0.00       99.16 %
    Mpcustom4        0.10       10.10        0.00       99.06 %
     Oh        0.48        0.19        0.00       29.08 %
      B        0.44        9.71        0.00       95.67 %
     AM        0.48        9.64        0.00       95.30 %
    all        0.25        8.58        0.00       97.15 %

    Total time in state (seconds)
    -----------------------------------------
            Pending     Running        Dead  
    -----------------------------------------
               1.76       60.04        0.00

    Data read    : 113.47 kiB
    Data written : 14.53 kiB

31: All pending notifications were processed.
INFO (IPF059): 31: Completed proof on task: "mytask"
cover -name CS_div_fsm_s3_33 {@(posedge clk_i) !div_fsm_s3 ##1 div_fsm_s3 [*33] ##1 !div_fsm_s3 }
INFO (IPF036): Starting proof on task: "mytask", 1 properties to prove with 0 already proven/unreachable
INFO (IPF031): Settings used for proof thread 32:
    orchestration                 = on (auto)
    time_limit                    = 600s
    per_property_time_limit       = 1s * 10 ^ scan
    engine_mode                   = auto
    proofgrid_per_engine_max_jobs = 1
    max engine jobs               = auto
    proofgrid_mode                = local
    proofgrid_restarts            = 10
32: Using multistage preprocessing
32: Starting reduce
32: Finished reduce in 0.042s
32.0.PRE: Performing Proof Simplification...
32.0.N: clocks: 1, declared: 1, looping: 0, posedge: 1, negedge: 0, noedge: 0, bothedge: 0
32.0.N: Proof Simplification Iteration 1	[0.00 s]
32.0.N: Proof Simplification Iteration 2	[0.04 s]
32.0.N: Proof Simplification Iteration 3	[0.06 s]
32.0.N: Proof Simplification Iteration 4	[0.07 s]
32.0.N: Proof Simplification Iteration 5	[0.09 s]
32.0.N: Proof Simplification Iteration 6	[0.11 s]
32.0.N: Proof Simplification Iteration 7	[0.13 s]
32.0.N: Proof Simplification Iteration 8	[0.15 s]
32.0.N: Proof Simplification Iteration 9	[0.17 s]
32.0.N: Proof Simplification Iteration 10	[0.19 s]
32.0.PRE: Proof Simplification completed in 0.23 s
32: About to start ProofGrid in its own thread with a limit of 10000 pending notifications and a limit of 10 traces.
32: =============================== ProofGrid start ===============================
32: ProofGrid usable level: 1
32: Initial ProofGrid level: 1
32: ProofGrid is starting event handling
32.0.N: caddy15.stanford.edu: "Rocky Linux 8.10 (Green Obsidian)" is an unsupported operating system.
32.0.Hp: caddy15.stanford.edu: "Rocky Linux 8.10 (Green Obsidian)" is an unsupported operating system.
32.0.Ht: caddy15.stanford.edu: "Rocky Linux 8.10 (Green Obsidian)" is an unsupported operating system.
32.0.N: Proofgrid shell started at 3440846@caddy15.stanford.edu(local) jg_3426522_caddy15.stanford.edu_33
32.0.Hp: Proofgrid shell started at 3440847@caddy15.stanford.edu(local) jg_3426522_caddy15.stanford.edu_33
32.0.N: clocks: 1, declared: 1, looping: 0, posedge: 1, negedge: 0, noedge: 0, bothedge: 0
32.0.N: Last scan. Per property time limit: 0s
32.0.N: Starting proof for property "CS_div_fsm_s3_33"	[0.00 s].
32.0.Hp: clocks: 1, declared: 1, looping: 0, posedge: 1, negedge: 0, noedge: 0, bothedge: 0
32.0.Mpcustom4: caddy15.stanford.edu: "Rocky Linux 8.10 (Green Obsidian)" is an unsupported operating system.
32.0.N: Trace Attempt  1	[0.01 s]
32.0.N: Trace Attempt  2	[0.01 s]
32.0.N: Trace Attempt  3	[0.01 s]
32.0.Ht: Proofgrid shell started at 3440869@caddy15.stanford.edu(local) jg_3426522_caddy15.stanford.edu_33
32.0.Ht: clocks: 1, declared: 1, looping: 0, posedge: 1, negedge: 0, noedge: 0, bothedge: 0
32.0.N: Trace Attempt  3	[0.04 s]
32.0.Ht: Trace Attempt  1	[0.04 s]
32.0.Ht: Trace Attempt  2	[0.04 s]
32.0.N: Trace Attempt  4	[0.06 s]
32.0.N: Trace Attempt  5	[0.06 s]
32.0.Ht: Trace Attempt  3	[0.04 s]
32.0.Mpcustom4: Proofgrid shell started at 3440888@caddy15.stanford.edu(local) jg_3426522_caddy15.stanford.edu_33
32.0.Ht: Trace Attempt  4	[0.05 s]
32.0.AM: caddy15.stanford.edu: "Rocky Linux 8.10 (Green Obsidian)" is an unsupported operating system.
32.0.Ht: Trace Attempt  5	[0.06 s]
32.0.Oh: caddy15.stanford.edu: "Rocky Linux 8.10 (Green Obsidian)" is an unsupported operating system.
32.0.Mpcustom4: clocks: 1, declared: 1, looping: 0, posedge: 1, negedge: 0, noedge: 0, bothedge: 0
32.0.Mpcustom4: Trace Attempt  1	[0.05 s]
32.0.Mpcustom4: Trace Attempt  2	[0.07 s]
32.0.B: caddy15.stanford.edu: "Rocky Linux 8.10 (Green Obsidian)" is an unsupported operating system.
32.0.AM: Proofgrid shell started at 3440904@caddy15.stanford.edu(local) jg_3426522_caddy15.stanford.edu_33
32.0.AM: clocks: 1, declared: 1, looping: 0, posedge: 1, negedge: 0, noedge: 0, bothedge: 0
32.0.AM: Last scan. Per property time limit: 0s
32.0.AM: Starting proof for property "CS_div_fsm_s3_33"	[0.00 s].
32.0.N: Trace Attempt  5	[0.19 s]
32.0.AM: Trace Attempt  1	[0.00 s]
32.0.AM: Trace Attempt  2	[0.01 s]
32.0.B: Proofgrid shell started at 3440901@caddy15.stanford.edu(local) jg_3426522_caddy15.stanford.edu_33
32.0.AM: Trace Attempt  3	[0.04 s]
32.0.B: clocks: 1, declared: 1, looping: 0, posedge: 1, negedge: 0, noedge: 0, bothedge: 0
32.0.B: Last scan. Per property time limit: 0s
32.0.B: Starting proof for property "CS_div_fsm_s3_33"	[0.00 s].
32.0.B: Trace Attempt  1	[0.01 s]
32.0.AM: Trace Attempt  4	[0.07 s]
32.0.AM: Trace Attempt  5	[0.09 s]
32.0.B: Trace Attempt  2	[0.04 s]
32.0.Oh: Proofgrid shell started at 3440899@caddy15.stanford.edu(local) jg_3426522_caddy15.stanford.edu_33
32.0.B: Trace Attempt  3	[0.07 s]
32.0.Oh: clocks: 1, declared: 1, looping: 0, posedge: 1, negedge: 0, noedge: 0, bothedge: 0
32.0.B: Trace Attempt  4	[0.10 s]
32.0.B: Trace Attempt  5	[0.23 s]
32.0.Oh: bwd trail(1): 1 0.118267s
32.0.Oh: All properties either determined or skipped. [0.20 s]
32.0.Oh: Exited with Success (@ 0.58 s)
32.0.Oh: Completed, Restart ignored.
32.0.Mpcustom4: Trace Attempt  3	[0.64 s]
32.0.Mpcustom4: Trace Attempt  3	[0.68 s]
32.0.Mpcustom4: Trace Attempt  4	[0.71 s]
32.0.Mpcustom4: Trace Attempt  4	[0.76 s]
32.0.Mpcustom4: Trace Attempt  5	[0.79 s]
32.0.N: Trace Attempt 27	[4.44 s]
32.0.AM: Trace Attempt 42	[4.51 s]
32.0.B: Trace Attempt 42	[4.50 s]
32.0.Mpcustom4: Trace Attempt 36	[5.18 s]
32.0.N: Trace Attempt 40	[9.30 s]
32.0.Mpcustom4: Trace Attempt 37	[10.11 s]
32.0.N: Requesting engine job to stop
32.0.B: Requesting engine job to stop
32.0.AM: Requesting engine job to stop
32.0.Hp: Requesting engine job to terminate
32.0.Ht: Requesting engine job to terminate
32.0.Mpcustom4: Requesting engine job to terminate
INFO (IPF144): 32: Initiating shutdown of proof [11.84 s]
32.0.Ht: Trace Attempt 42	[3.89 s]
32.0.Ht: A trace with 42 cycles was found. [11.73 s]
INFO (IPF047): 32.0.Ht: The cover property "CS_div_fsm_s3_33" was covered in 42 cycles in 11.79 s.
32: ProofGrid usable level: 0
32.0.Ht: All properties determined. [11.77 s]
32.0.N: Trace Attempt 41	[11.34 s]
32.0.N: Stopped processing property "CS_div_fsm_s3_33"	[11.95 s].
32.0.N: All properties determined. [11.95 s]
32.0.N: Exited with Success (@ 11.99 s)
32.0.B: Stopped processing property "CS_div_fsm_s3_33"	[11.71 s].
32.0.B: All properties determined. [11.72 s]
32.0.B: Exited with Success (@ 12.02 s)
32.0.Mpcustom4: Trace Attempt 37	[11.39 s]
32.0.Mpcustom4: All properties determined. [11.94 s]
32.0.Mpcustom4: Exited with Success (@ 12.07 s)
32.0.AM: Stopped processing property "CS_div_fsm_s3_33"	[12.01 s].
32.0.AM: All properties determined. [12.01 s]
32.0.AM: Exited with Success (@ 12.26 s)
32.0.Ht: Exited with Success (@ 12.51 s)
32.0.Hp: Interrupted (multi)
32.0.Hp: All properties determined. [12.80 s]
32.0.Hp: Exited with Success (@ 12.99 s)
32: --------------------------------------------------------------
ProofGrid Summary (utilization 98.44 %)
--------------------------------------------------------------
     engines started                               :     7
     engine jobs started                           :     7

    Average time in state (seconds)
    ------------------------------------------------------
    Engine  Pending     Running        Dead    Utilization
    ------------------------------------------------------
      N        0.09       11.83        0.00       99.28 %
     Hp        0.08       11.81        0.00       99.31 %
     Ht        0.09       11.78        0.00       99.27 %
    Mpcustom4        0.12       11.73        0.00       98.99 %
     Oh        0.35        0.20        0.00       36.42 %
      B        0.24       11.58        0.00       97.96 %
     AM        0.16       11.65        0.00       98.66 %
    all        0.16       10.08        0.00       98.44 %

    Total time in state (seconds)
    -----------------------------------------
            Pending     Running        Dead  
    -----------------------------------------
               1.12       70.58        0.00

    Data read    : 117.11 kiB
    Data written : 12.57 kiB

32: All pending notifications were processed.
INFO (IPF059): 32: Completed proof on task: "mytask"
cover -name CS_div_fsm_s3_34 {@(posedge clk_i) !div_fsm_s3 ##1 div_fsm_s3 [*34] ##1 !div_fsm_s3 }
INFO (IPF036): Starting proof on task: "mytask", 1 properties to prove with 0 already proven/unreachable
INFO (IPF031): Settings used for proof thread 33:
    orchestration                 = on (auto)
    time_limit                    = 600s
    per_property_time_limit       = 1s * 10 ^ scan
    engine_mode                   = auto
    proofgrid_per_engine_max_jobs = 1
    max engine jobs               = auto
    proofgrid_mode                = local
    proofgrid_restarts            = 10
33: Using multistage preprocessing
33: Starting reduce
33: Finished reduce in 0.043s
33.0.PRE: Performing Proof Simplification...
33.0.N: clocks: 1, declared: 1, looping: 0, posedge: 1, negedge: 0, noedge: 0, bothedge: 0
33.0.N: Proof Simplification Iteration 1	[0.00 s]
33.0.N: Proof Simplification Iteration 2	[0.04 s]
33.0.N: Proof Simplification Iteration 3	[0.06 s]
33.0.N: Proof Simplification Iteration 4	[0.07 s]
33.0.N: Proof Simplification Iteration 5	[0.09 s]
33.0.N: Proof Simplification Iteration 6	[0.11 s]
33.0.N: Proof Simplification Iteration 7	[0.13 s]
33.0.N: Proof Simplification Iteration 8	[0.15 s]
33.0.N: Proof Simplification Iteration 9	[0.17 s]
33.0.N: Proof Simplification Iteration 10	[0.18 s]
33.0.PRE: Proof Simplification completed in 0.23 s
33: About to start ProofGrid in its own thread with a limit of 10000 pending notifications and a limit of 10 traces.
33: =============================== ProofGrid start ===============================
33: ProofGrid usable level: 1
33: Initial ProofGrid level: 1
33: ProofGrid is starting event handling
33.0.Hp: caddy15.stanford.edu: "Rocky Linux 8.10 (Green Obsidian)" is an unsupported operating system.
33.0.N: caddy15.stanford.edu: "Rocky Linux 8.10 (Green Obsidian)" is an unsupported operating system.
33.0.Mpcustom4: caddy15.stanford.edu: "Rocky Linux 8.10 (Green Obsidian)" is an unsupported operating system.
33.0.Ht: caddy15.stanford.edu: "Rocky Linux 8.10 (Green Obsidian)" is an unsupported operating system.
33.0.Hp: Proofgrid shell started at 3441073@caddy15.stanford.edu(local) jg_3426522_caddy15.stanford.edu_34
33.0.N: Proofgrid shell started at 3441072@caddy15.stanford.edu(local) jg_3426522_caddy15.stanford.edu_34
33.0.Hp: clocks: 1, declared: 1, looping: 0, posedge: 1, negedge: 0, noedge: 0, bothedge: 0
33.0.N: clocks: 1, declared: 1, looping: 0, posedge: 1, negedge: 0, noedge: 0, bothedge: 0
33.0.N: Last scan. Per property time limit: 0s
33.0.N: Starting proof for property "CS_div_fsm_s3_34"	[0.00 s].
33.0.Ht: Proofgrid shell started at 3441095@caddy15.stanford.edu(local) jg_3426522_caddy15.stanford.edu_34
33.0.B: caddy15.stanford.edu: "Rocky Linux 8.10 (Green Obsidian)" is an unsupported operating system.
33.0.Oh: caddy15.stanford.edu: "Rocky Linux 8.10 (Green Obsidian)" is an unsupported operating system.
33.0.AM: caddy15.stanford.edu: "Rocky Linux 8.10 (Green Obsidian)" is an unsupported operating system.
33.0.N: Trace Attempt  1	[0.02 s]
33.0.N: Trace Attempt  2	[0.02 s]
33.0.N: Trace Attempt  3	[0.02 s]
33.0.Ht: clocks: 1, declared: 1, looping: 0, posedge: 1, negedge: 0, noedge: 0, bothedge: 0
33.0.Mpcustom4: Proofgrid shell started at 3441097@caddy15.stanford.edu(local) jg_3426522_caddy15.stanford.edu_34
33.0.N: Trace Attempt  3	[0.06 s]
33.0.Ht: Trace Attempt  1	[0.05 s]
33.0.Ht: Trace Attempt  2	[0.05 s]
33.0.Ht: Trace Attempt  3	[0.05 s]
33.0.Mpcustom4: clocks: 1, declared: 1, looping: 0, posedge: 1, negedge: 0, noedge: 0, bothedge: 0
33.0.N: Trace Attempt  4	[0.07 s]
33.0.N: Trace Attempt  5	[0.07 s]
33.0.Ht: Trace Attempt  4	[0.06 s]
33.0.Ht: Trace Attempt  5	[0.07 s]
33.0.Mpcustom4: Trace Attempt  1	[0.05 s]
33.0.B: Proofgrid shell started at 3441136@caddy15.stanford.edu(local) jg_3426522_caddy15.stanford.edu_34
33.0.Mpcustom4: Trace Attempt  2	[0.07 s]
33.0.B: clocks: 1, declared: 1, looping: 0, posedge: 1, negedge: 0, noedge: 0, bothedge: 0
33.0.AM: Proofgrid shell started at 3441139@caddy15.stanford.edu(local) jg_3426522_caddy15.stanford.edu_34
33.0.N: Trace Attempt  5	[0.14 s]
33.0.B: Last scan. Per property time limit: 0s
33.0.B: Starting proof for property "CS_div_fsm_s3_34"	[0.00 s].
33.0.B: Trace Attempt  1	[0.01 s]
33.0.B: Trace Attempt  2	[0.03 s]
33.0.AM: clocks: 1, declared: 1, looping: 0, posedge: 1, negedge: 0, noedge: 0, bothedge: 0
33.0.Oh: Proofgrid shell started at 3441125@caddy15.stanford.edu(local) jg_3426522_caddy15.stanford.edu_34
33.0.B: Trace Attempt  3	[0.04 s]
33.0.AM: Last scan. Per property time limit: 0s
33.0.AM: Starting proof for property "CS_div_fsm_s3_34"	[0.00 s].
33.0.AM: Trace Attempt  1	[0.00 s]
33.0.AM: Trace Attempt  2	[0.01 s]
33.0.B: Trace Attempt  4	[0.06 s]
33.0.Oh: clocks: 1, declared: 1, looping: 0, posedge: 1, negedge: 0, noedge: 0, bothedge: 0
33.0.AM: Trace Attempt  3	[0.05 s]
33.0.B: Trace Attempt  5	[0.10 s]
33.0.AM: Trace Attempt  4	[0.11 s]
33.0.AM: Trace Attempt  5	[0.16 s]
33.0.Oh: bwd trail(1): 1 0.116423s
33.0.Oh: All properties either determined or skipped. [0.27 s]
33.0.Oh: Exited with Success (@ 0.51 s)
33.0.Oh: Completed, Restart ignored.
33.0.Mpcustom4: Trace Attempt  3	[0.61 s]
33.0.Mpcustom4: Trace Attempt  3	[0.66 s]
33.0.Mpcustom4: Trace Attempt  4	[0.68 s]
33.0.Mpcustom4: Trace Attempt  4	[0.74 s]
33.0.Mpcustom4: Trace Attempt  5	[0.76 s]
33.0.AM: Trace Attempt 41	[4.16 s]
33.0.N: Trace Attempt 25	[4.76 s]
33.0.Mpcustom4: Trace Attempt 29	[4.76 s]
33.0.N: Trace Attempt 35	[8.95 s]
33.0.Mpcustom4: Trace Attempt 37	[9.06 s]
33.0.N: Requesting engine job to stop
33.0.B: Requesting engine job to stop
33.0.AM: Requesting engine job to stop
33.0.Hp: Requesting engine job to terminate
33.0.Ht: Requesting engine job to terminate
33.0.Mpcustom4: Requesting engine job to terminate
INFO (IPF144): 33: Initiating shutdown of proof [10.81 s]
33.0.Ht: Trace Attempt 43	[3.49 s]
33.0.Ht: A trace with 43 cycles was found. [10.73 s]
INFO (IPF047): 33.0.Ht: The cover property "CS_div_fsm_s3_34" was covered in 43 cycles in 10.76 s.
33.0.Ht: All properties determined. [10.77 s]
33.0.N: Trace Attempt 41	[10.77 s]
33.0.N: Stopped processing property "CS_div_fsm_s3_34"	[10.83 s].
33.0.N: All properties determined. [10.80 s]
33.0.Mpcustom4: Trace Attempt 37	[10.01 s]
33.0.Mpcustom4: All properties determined. [10.93 s]
33.0.B: Trace Attempt 43	[3.43 s]
33.0.B: Stopped processing property "CS_div_fsm_s3_34"	[10.84 s].
33.0.B: All properties determined. [10.83 s]
33.0.N: Exited with Success (@ 11.01 s)
33: ProofGrid usable level: 0
33.0.B: Exited with Success (@ 11.01 s)
33.0.Mpcustom4: Exited with Success (@ 11.04 s)
33.0.AM: Trace Attempt 42	[5.77 s]
33.0.AM: Stopped processing property "CS_div_fsm_s3_34"	[10.97 s].
33.0.AM: All properties determined. [10.98 s]
33.0.AM: Exited with Success (@ 11.23 s)
33.0.Ht: Exited with Success (@ 11.48 s)
33.0.Hp: Interrupted (multi)
33.0.Hp: All properties determined. [11.81 s]
33.0.Hp: Exited with Success (@ 11.98 s)
33: --------------------------------------------------------------
ProofGrid Summary (utilization 98.53 %)
--------------------------------------------------------------
     engines started                               :     7
     engine jobs started                           :     7

    Average time in state (seconds)
    ------------------------------------------------------
    Engine  Pending     Running        Dead    Utilization
    ------------------------------------------------------
      N        0.11       10.80        0.00       98.98 %
     Hp        0.09       10.81        0.00       99.22 %
     Ht        0.10       10.76        0.00       99.11 %
    Mpcustom4        0.13       10.73        0.00       98.78 %
     Oh        0.24        0.28        0.00       53.98 %
      B        0.14       10.68        0.00       98.73 %
     AM        0.16       10.63        0.00       98.48 %
    all        0.14        9.24        0.00       98.53 %

    Total time in state (seconds)
    -----------------------------------------
            Pending     Running        Dead  
    -----------------------------------------
               0.97       64.69        0.00

    Data read    : 118.08 kiB
    Data written : 11.74 kiB

33: All pending notifications were processed.
INFO (IPF059): 33: Completed proof on task: "mytask"
cover -name CS_div_fsm_s3_35 {@(posedge clk_i) !div_fsm_s3 ##1 div_fsm_s3 [*35] ##1 !div_fsm_s3 }
INFO (IPF036): Starting proof on task: "mytask", 1 properties to prove with 0 already proven/unreachable
INFO (IPF031): Settings used for proof thread 34:
    orchestration                 = on (auto)
    time_limit                    = 600s
    per_property_time_limit       = 1s * 10 ^ scan
    engine_mode                   = auto
    proofgrid_per_engine_max_jobs = 1
    max engine jobs               = auto
    proofgrid_mode                = local
    proofgrid_restarts            = 10
34: Using multistage preprocessing
34: Starting reduce
34: Finished reduce in 0.043s
34.0.PRE: Performing Proof Simplification...
34.0.N: clocks: 1, declared: 1, looping: 0, posedge: 1, negedge: 0, noedge: 0, bothedge: 0
34.0.N: Proof Simplification Iteration 1	[0.00 s]
34.0.N: Proof Simplification Iteration 2	[0.04 s]
34.0.N: Proof Simplification Iteration 3	[0.06 s]
34.0.N: Proof Simplification Iteration 4	[0.07 s]
34.0.N: Proof Simplification Iteration 5	[0.09 s]
34.0.N: Proof Simplification Iteration 6	[0.11 s]
34.0.N: Proof Simplification Iteration 7	[0.13 s]
34.0.N: Proof Simplification Iteration 8	[0.15 s]
34.0.N: Proof Simplification Iteration 9	[0.17 s]
34.0.N: Proof Simplification Iteration 10	[0.18 s]
34.0.PRE: Proof Simplification completed in 0.23 s
34: About to start ProofGrid in its own thread with a limit of 10000 pending notifications and a limit of 10 traces.
34: =============================== ProofGrid start ===============================
34: ProofGrid usable level: 1
34: Initial ProofGrid level: 1
34: ProofGrid is starting event handling
34.0.Hp: caddy15.stanford.edu: "Rocky Linux 8.10 (Green Obsidian)" is an unsupported operating system.
34.0.N: caddy15.stanford.edu: "Rocky Linux 8.10 (Green Obsidian)" is an unsupported operating system.
34.0.Ht: caddy15.stanford.edu: "Rocky Linux 8.10 (Green Obsidian)" is an unsupported operating system.
34.0.Mpcustom4: caddy15.stanford.edu: "Rocky Linux 8.10 (Green Obsidian)" is an unsupported operating system.
34.0.N: Proofgrid shell started at 3441299@caddy15.stanford.edu(local) jg_3426522_caddy15.stanford.edu_35
34.0.Hp: Proofgrid shell started at 3441300@caddy15.stanford.edu(local) jg_3426522_caddy15.stanford.edu_35
34.0.Hp: clocks: 1, declared: 1, looping: 0, posedge: 1, negedge: 0, noedge: 0, bothedge: 0
34.0.Ht: Proofgrid shell started at 3441323@caddy15.stanford.edu(local) jg_3426522_caddy15.stanford.edu_35
34.0.Ht: clocks: 1, declared: 1, looping: 0, posedge: 1, negedge: 0, noedge: 0, bothedge: 0
34.0.Oh: caddy15.stanford.edu: "Rocky Linux 8.10 (Green Obsidian)" is an unsupported operating system.
34.0.Mpcustom4: Proofgrid shell started at 3441341@caddy15.stanford.edu(local) jg_3426522_caddy15.stanford.edu_35
34.0.Ht: Trace Attempt  1	[0.04 s]
34.0.Ht: Trace Attempt  2	[0.04 s]
34.0.Ht: Trace Attempt  3	[0.04 s]
34.0.Mpcustom4: clocks: 1, declared: 1, looping: 0, posedge: 1, negedge: 0, noedge: 0, bothedge: 0
34.0.Ht: Trace Attempt  4	[0.05 s]
34.0.B: caddy15.stanford.edu: "Rocky Linux 8.10 (Green Obsidian)" is an unsupported operating system.
34.0.Oh: Proofgrid shell started at 3441356@caddy15.stanford.edu(local) jg_3426522_caddy15.stanford.edu_35
34.0.AM: caddy15.stanford.edu: "Rocky Linux 8.10 (Green Obsidian)" is an unsupported operating system.
34.0.Ht: Trace Attempt  5	[0.08 s]
34.0.Mpcustom4: Trace Attempt  1	[0.04 s]
34.0.Oh: clocks: 1, declared: 1, looping: 0, posedge: 1, negedge: 0, noedge: 0, bothedge: 0
34.0.Mpcustom4: Trace Attempt  2	[0.06 s]
34.0.B: Proofgrid shell started at 3441360@caddy15.stanford.edu(local) jg_3426522_caddy15.stanford.edu_35
34.0.B: clocks: 1, declared: 1, looping: 0, posedge: 1, negedge: 0, noedge: 0, bothedge: 0
34.0.B: Last scan. Per property time limit: 0s
34.0.B: Starting proof for property "CS_div_fsm_s3_35"	[0.00 s].
34.0.B: Trace Attempt  1	[0.01 s]
34.0.B: Trace Attempt  2	[0.03 s]
34.0.B: Trace Attempt  3	[0.04 s]
34.0.B: Trace Attempt  4	[0.07 s]
34.0.N: clocks: 1, declared: 1, looping: 0, posedge: 1, negedge: 0, noedge: 0, bothedge: 0
34.0.Oh: bwd trail(1): 1 0.113408s
34.0.N: Last scan. Per property time limit: 0s
34.0.N: Starting proof for property "CS_div_fsm_s3_35"	[0.00 s].
34.0.Oh: All properties either determined or skipped. [0.16 s]
34.0.Oh: Exited with Success (@ 0.28 s)
34.0.Oh: Completed, Restart ignored.
34.0.N: Trace Attempt  1	[0.01 s]
34.0.N: Trace Attempt  2	[0.01 s]
34.0.N: Trace Attempt  3	[0.01 s]
34.0.N: Trace Attempt  3	[0.04 s]
34.0.N: Trace Attempt  4	[0.06 s]
34.0.N: Trace Attempt  5	[0.06 s]
34.0.B: Trace Attempt  5	[0.15 s]
34.0.AM: Proofgrid shell started at 3441363@caddy15.stanford.edu(local) jg_3426522_caddy15.stanford.edu_35
34.0.AM: clocks: 1, declared: 1, looping: 0, posedge: 1, negedge: 0, noedge: 0, bothedge: 0
34.0.AM: Last scan. Per property time limit: 0s
34.0.AM: Starting proof for property "CS_div_fsm_s3_35"	[0.00 s].
34.0.AM: Trace Attempt  1	[0.00 s]
34.0.AM: Trace Attempt  2	[0.01 s]
34.0.N: Trace Attempt  5	[0.12 s]
34.0.AM: Trace Attempt  3	[0.05 s]
34.0.AM: Trace Attempt  4	[0.11 s]
34.0.AM: Trace Attempt  5	[0.15 s]
34.0.Mpcustom4: Trace Attempt  3	[0.63 s]
34.0.Mpcustom4: Trace Attempt  3	[0.68 s]
34.0.Mpcustom4: Trace Attempt  4	[0.70 s]
34.0.Mpcustom4: Trace Attempt  4	[0.76 s]
34.0.Mpcustom4: Trace Attempt  5	[0.78 s]
34.0.B: Trace Attempt 43	[4.18 s]
34.0.Ht: Trace Attempt 44	[4.35 s]
34.0.N: Trace Attempt 29	[4.36 s]
34.0.AM: Trace Attempt 43	[4.40 s]
34.0.Mpcustom4: Trace Attempt 39	[5.53 s]
34.0.N: Trace Attempt 42	[8.83 s]
34.0.N: Requesting engine job to stop
34.0.B: Requesting engine job to stop
34.0.AM: Requesting engine job to stop
34.0.Hp: Requesting engine job to terminate
34.0.Ht: Requesting engine job to terminate
34.0.Mpcustom4: Requesting engine job to terminate
INFO (IPF144): 34: Initiating shutdown of proof [10.61 s]
34.0.Ht: A trace with 44 cycles was found. [10.53 s]
INFO (IPF047): 34.0.Ht: The cover property "CS_div_fsm_s3_35" was covered in 44 cycles in 10.59 s.
34: ProofGrid usable level: 0
34.0.Ht: All properties determined. [10.57 s]
34.0.N: Trace Attempt 43	[9.35 s]
34.0.N: Stopped processing property "CS_div_fsm_s3_35"	[10.40 s].
34.0.N: All properties determined. [10.41 s]
34.0.Hp: Interrupted (multi)
34.0.Hp: All properties determined. [10.68 s]
34.0.N: Exited with Success (@ 10.71 s)
34.0.B: Trace Attempt 44	[4.41 s]
34.0.B: Stopped processing property "CS_div_fsm_s3_35"	[10.58 s].
34.0.B: All properties determined. [10.60 s]
34.0.B: Exited with Success (@ 10.79 s)
34.0.Mpcustom4: Trace Attempt 39	[8.07 s]
34.0.Mpcustom4: All properties determined. [10.79 s]
34.0.Mpcustom4: Exited with Success (@ 10.89 s)
34.0.Ht: Exited with Success (@ 11.04 s)
34.0.AM: Trace Attempt 44	[4.91 s]
34.0.AM: Stopped processing property "CS_div_fsm_s3_35"	[10.74 s].
34.0.Hp: Exited with Success (@ 11.14 s)
34.0.AM: All properties determined. [10.75 s]
34.0.AM: Exited with Success (@ 11.15 s)
34: --------------------------------------------------------------
ProofGrid Summary (utilization 98.52 %)
--------------------------------------------------------------
     engines started                               :     7
     engine jobs started                           :     7

    Average time in state (seconds)
    ------------------------------------------------------
    Engine  Pending     Running        Dead    Utilization
    ------------------------------------------------------
      N        0.10       10.36        0.00       99.00 %
     Hp        0.08       10.60        0.00       99.23 %
     Ht        0.08       10.58        0.00       99.23 %
    Mpcustom4        0.10       10.54        0.00       99.06 %
     Oh        0.10        0.17        0.00       63.50 %
      B        0.15       10.45        0.00       98.62 %
     AM        0.33       10.25        0.00       96.87 %
    all        0.14        8.99        0.00       98.52 %

    Total time in state (seconds)
    -----------------------------------------
            Pending     Running        Dead  
    -----------------------------------------
               0.95       62.96        0.00

    Data read    : 118.88 kiB
    Data written : 10.57 kiB

34: All pending notifications were processed.
INFO (IPF059): 34: Completed proof on task: "mytask"
cover -name CS_div_fsm_s3_36 {@(posedge clk_i) !div_fsm_s3 ##1 div_fsm_s3 [*36] ##1 !div_fsm_s3 }
INFO (IPF036): Starting proof on task: "mytask", 1 properties to prove with 0 already proven/unreachable
INFO (IPF031): Settings used for proof thread 35:
    orchestration                 = on (auto)
    time_limit                    = 600s
    per_property_time_limit       = 1s * 10 ^ scan
    engine_mode                   = auto
    proofgrid_per_engine_max_jobs = 1
    max engine jobs               = auto
    proofgrid_mode                = local
    proofgrid_restarts            = 10
35: Using multistage preprocessing
35: Starting reduce
35: Finished reduce in 0.041s
35.0.PRE: Performing Proof Simplification...
35.0.N: clocks: 1, declared: 1, looping: 0, posedge: 1, negedge: 0, noedge: 0, bothedge: 0
35.0.N: Proof Simplification Iteration 1	[0.00 s]
35.0.N: Proof Simplification Iteration 2	[0.04 s]
35.0.N: Proof Simplification Iteration 3	[0.06 s]
35.0.N: Proof Simplification Iteration 4	[0.07 s]
35.0.N: Proof Simplification Iteration 5	[0.09 s]
35.0.N: Proof Simplification Iteration 6	[0.11 s]
35.0.N: Proof Simplification Iteration 7	[0.13 s]
35.0.N: Proof Simplification Iteration 8	[0.15 s]
35.0.N: Proof Simplification Iteration 9	[0.16 s]
35.0.N: Proof Simplification Iteration 10	[0.18 s]
35.0.PRE: Proof Simplification completed in 0.23 s
35: About to start ProofGrid in its own thread with a limit of 10000 pending notifications and a limit of 10 traces.
35: =============================== ProofGrid start ===============================
35: ProofGrid usable level: 1
35: Initial ProofGrid level: 1
35: ProofGrid is starting event handling
35.0.N: caddy15.stanford.edu: "Rocky Linux 8.10 (Green Obsidian)" is an unsupported operating system.
35.0.Hp: caddy15.stanford.edu: "Rocky Linux 8.10 (Green Obsidian)" is an unsupported operating system.
35.0.Ht: caddy15.stanford.edu: "Rocky Linux 8.10 (Green Obsidian)" is an unsupported operating system.
35.0.Mpcustom4: caddy15.stanford.edu: "Rocky Linux 8.10 (Green Obsidian)" is an unsupported operating system.
35.0.N: Proofgrid shell started at 3441527@caddy15.stanford.edu(local) jg_3426522_caddy15.stanford.edu_36
35.0.Hp: Proofgrid shell started at 3441528@caddy15.stanford.edu(local) jg_3426522_caddy15.stanford.edu_36
35.0.Hp: clocks: 1, declared: 1, looping: 0, posedge: 1, negedge: 0, noedge: 0, bothedge: 0
35.0.N: clocks: 1, declared: 1, looping: 0, posedge: 1, negedge: 0, noedge: 0, bothedge: 0
35.0.Mpcustom4: Proofgrid shell started at 3441554@caddy15.stanford.edu(local) jg_3426522_caddy15.stanford.edu_36
35.0.N: Last scan. Per property time limit: 0s
35.0.N: Starting proof for property "CS_div_fsm_s3_36"	[0.00 s].
35.0.Ht: Proofgrid shell started at 3441550@caddy15.stanford.edu(local) jg_3426522_caddy15.stanford.edu_36
35.0.N: Trace Attempt  1	[0.01 s]
35.0.N: Trace Attempt  2	[0.01 s]
35.0.N: Trace Attempt  3	[0.01 s]
35.0.Mpcustom4: clocks: 1, declared: 1, looping: 0, posedge: 1, negedge: 0, noedge: 0, bothedge: 0
35.0.Ht: clocks: 1, declared: 1, looping: 0, posedge: 1, negedge: 0, noedge: 0, bothedge: 0
35.0.N: Trace Attempt  3	[0.04 s]
35.0.Ht: Trace Attempt  1	[0.04 s]
35.0.Ht: Trace Attempt  2	[0.04 s]
35.0.Ht: Trace Attempt  3	[0.04 s]
35.0.Mpcustom4: Trace Attempt  1	[0.04 s]
35.0.Ht: Trace Attempt  4	[0.05 s]
35.0.Mpcustom4: Trace Attempt  2	[0.06 s]
35.0.N: Trace Attempt  4	[0.06 s]
35.0.N: Trace Attempt  5	[0.06 s]
35.0.Ht: Trace Attempt  5	[0.06 s]
35.0.N: Trace Attempt  5	[0.13 s]
35.0.Oh: caddy15.stanford.edu: "Rocky Linux 8.10 (Green Obsidian)" is an unsupported operating system.
35.0.B: caddy15.stanford.edu: "Rocky Linux 8.10 (Green Obsidian)" is an unsupported operating system.
35.0.AM: caddy15.stanford.edu: "Rocky Linux 8.10 (Green Obsidian)" is an unsupported operating system.
35.0.B: Proofgrid shell started at 3441588@caddy15.stanford.edu(local) jg_3426522_caddy15.stanford.edu_36
35.0.B: clocks: 1, declared: 1, looping: 0, posedge: 1, negedge: 0, noedge: 0, bothedge: 0
35.0.Oh: Proofgrid shell started at 3441577@caddy15.stanford.edu(local) jg_3426522_caddy15.stanford.edu_36
35.0.B: Last scan. Per property time limit: 0s
35.0.B: Starting proof for property "CS_div_fsm_s3_36"	[0.00 s].
35.0.B: Trace Attempt  1	[0.03 s]
35.0.B: Trace Attempt  2	[0.03 s]
35.0.Oh: clocks: 1, declared: 1, looping: 0, posedge: 1, negedge: 0, noedge: 0, bothedge: 0
35.0.B: Trace Attempt  3	[0.05 s]
35.0.B: Trace Attempt  4	[0.08 s]
35.0.AM: Proofgrid shell started at 3441590@caddy15.stanford.edu(local) jg_3426522_caddy15.stanford.edu_36
35.0.B: Trace Attempt  5	[0.16 s]
35.0.AM: clocks: 1, declared: 1, looping: 0, posedge: 1, negedge: 0, noedge: 0, bothedge: 0
35.0.AM: Last scan. Per property time limit: 0s
35.0.AM: Starting proof for property "CS_div_fsm_s3_36"	[0.00 s].
35.0.AM: Trace Attempt  1	[0.00 s]
35.0.AM: Trace Attempt  2	[0.01 s]
35.0.Mpcustom4: Trace Attempt  3	[0.61 s]
35.0.AM: Trace Attempt  3	[0.04 s]
35.0.Oh: bwd trail(1): 1 0.112225s
35.0.Oh: All properties either determined or skipped. [0.19 s]
35.0.Oh: Exited with Success (@ 0.67 s)
35.0.Oh: Completed, Restart ignored.
35.0.AM: Trace Attempt  4	[0.07 s]
35.0.Mpcustom4: Trace Attempt  3	[0.66 s]
35.0.AM: Trace Attempt  5	[0.09 s]
35.0.Mpcustom4: Trace Attempt  4	[0.68 s]
35.0.Mpcustom4: Trace Attempt  4	[0.73 s]
35.0.Mpcustom4: Trace Attempt  5	[0.76 s]
35.0.N: Trace Attempt 28	[4.18 s]
35.0.B: Trace Attempt 45	[4.22 s]
35.0.Mpcustom4: Trace Attempt 31	[4.80 s]
35.0.AM: Trace Attempt 44	[5.07 s]
35.0.N: Trace Attempt 40	[8.34 s]
35.0.N: Requesting engine job to stop
35.0.B: Requesting engine job to stop
35.0.AM: Requesting engine job to stop
35.0.Hp: Requesting engine job to terminate
35.0.Ht: Requesting engine job to terminate
35.0.Mpcustom4: Requesting engine job to terminate
INFO (IPF144): 35: Initiating shutdown of proof [9.52 s]
35.0.Ht: Trace Attempt 45	[3.47 s]
35.0.Ht: A trace with 45 cycles was found. [9.42 s]
INFO (IPF047): 35.0.Ht: The cover property "CS_div_fsm_s3_36" was covered in 45 cycles in 9.47 s.
35.0.Ht: All properties determined. [9.46 s]
35.0.N: Trace Attempt 43	[9.36 s]
35.0.N: Stopped processing property "CS_div_fsm_s3_36"	[9.53 s].
35.0.N: All properties determined. [9.50 s]
35.0.N: Exited with Success (@ 9.53 s)
35: ProofGrid usable level: 0
35.0.Hp: Interrupted (multi)
35.0.Hp: All properties determined. [9.53 s]
35.0.B: Stopped processing property "CS_div_fsm_s3_36"	[9.23 s].
35.0.B: All properties determined. [9.24 s]
35.0.B: Exited with Success (@ 9.71 s)
35.0.Mpcustom4: Trace Attempt 40	[8.54 s]
35.0.Mpcustom4: All properties determined. [9.73 s]
35.0.Mpcustom4: Exited with Success (@ 9.79 s)
35.0.Hp: Exited with Success (@ 9.94 s)
35.0.Ht: Exited with Success (@ 10.19 s)
35.0.AM: Trace Attempt 45	[6.26 s]
35.0.AM: Stopped processing property "CS_div_fsm_s3_36"	[10.74 s].
35.0.AM: All properties determined. [10.76 s]
35.0.AM: Exited with Success (@ 11.39 s)
35: --------------------------------------------------------------
ProofGrid Summary (utilization 96.82 %)
--------------------------------------------------------------
     engines started                               :     7
     engine jobs started                           :     7

    Average time in state (seconds)
    ------------------------------------------------------
    Engine  Pending     Running        Dead    Utilization
    ------------------------------------------------------
      N        0.10        9.51        0.00       98.95 %
     Hp        0.08        9.51        0.00       99.13 %
     Ht        0.09        9.48        0.00       99.01 %
    Mpcustom4        0.09        9.48        0.00       99.09 %
     Oh        0.50        0.19        0.00       28.03 %
      B        0.41        9.09        0.00       95.64 %
     AM        0.56        8.92        0.00       94.05 %
    all        0.26        8.03        0.00       96.82 %

    Total time in state (seconds)
    -----------------------------------------
            Pending     Running        Dead  
    -----------------------------------------
               1.84       56.18        0.00

    Data read    : 121.47 kiB
    Data written : 11.28 kiB

35: All pending notifications were processed.
INFO (IPF059): 35: Completed proof on task: "mytask"
cover -name CS_div_fsm_s3_37 {@(posedge clk_i) !div_fsm_s3 ##1 div_fsm_s3 [*37] ##1 !div_fsm_s3 }
INFO (IPF036): Starting proof on task: "mytask", 1 properties to prove with 0 already proven/unreachable
INFO (IPF031): Settings used for proof thread 36:
    orchestration                 = on (auto)
    time_limit                    = 600s
    per_property_time_limit       = 1s * 10 ^ scan
    engine_mode                   = auto
    proofgrid_per_engine_max_jobs = 1
    max engine jobs               = auto
    proofgrid_mode                = local
    proofgrid_restarts            = 10
36: Using multistage preprocessing
36: Starting reduce
36: Finished reduce in 0.042s
36.0.PRE: Performing Proof Simplification...
36.0.N: clocks: 1, declared: 1, looping: 0, posedge: 1, negedge: 0, noedge: 0, bothedge: 0
36.0.N: Proof Simplification Iteration 1	[0.00 s]
36.0.N: Proof Simplification Iteration 2	[0.04 s]
36.0.N: Proof Simplification Iteration 3	[0.06 s]
36.0.N: Proof Simplification Iteration 4	[0.07 s]
36.0.N: Proof Simplification Iteration 5	[0.09 s]
36.0.N: Proof Simplification Iteration 6	[0.11 s]
36.0.N: Proof Simplification Iteration 7	[0.13 s]
36.0.N: Proof Simplification Iteration 8	[0.15 s]
36.0.N: Proof Simplification Iteration 9	[0.17 s]
36.0.N: Proof Simplification Iteration 10	[0.18 s]
36.0.PRE: Proof Simplification completed in 0.23 s
36: About to start ProofGrid in its own thread with a limit of 10000 pending notifications and a limit of 10 traces.
36: =============================== ProofGrid start ===============================
36: ProofGrid usable level: 1
36: Initial ProofGrid level: 1
36: ProofGrid is starting event handling
36.0.Hp: caddy15.stanford.edu: "Rocky Linux 8.10 (Green Obsidian)" is an unsupported operating system.
36.0.N: caddy15.stanford.edu: "Rocky Linux 8.10 (Green Obsidian)" is an unsupported operating system.
36.0.Ht: caddy15.stanford.edu: "Rocky Linux 8.10 (Green Obsidian)" is an unsupported operating system.
36.0.N: Proofgrid shell started at 3441644@caddy15.stanford.edu(local) jg_3426522_caddy15.stanford.edu_37
36.0.Hp: Proofgrid shell started at 3441645@caddy15.stanford.edu(local) jg_3426522_caddy15.stanford.edu_37
36.0.Hp: clocks: 1, declared: 1, looping: 0, posedge: 1, negedge: 0, noedge: 0, bothedge: 0
36.0.Ht: Proofgrid shell started at 3441667@caddy15.stanford.edu(local) jg_3426522_caddy15.stanford.edu_37
36.0.N: clocks: 1, declared: 1, looping: 0, posedge: 1, negedge: 0, noedge: 0, bothedge: 0
36.0.Mpcustom4: caddy15.stanford.edu: "Rocky Linux 8.10 (Green Obsidian)" is an unsupported operating system.
36.0.N: Last scan. Per property time limit: 0s
36.0.N: Starting proof for property "CS_div_fsm_s3_37"	[0.00 s].
36.0.N: Trace Attempt  1	[0.01 s]
36.0.N: Trace Attempt  2	[0.01 s]
36.0.N: Trace Attempt  3	[0.01 s]
36.0.Ht: clocks: 1, declared: 1, looping: 0, posedge: 1, negedge: 0, noedge: 0, bothedge: 0
36.0.B: caddy15.stanford.edu: "Rocky Linux 8.10 (Green Obsidian)" is an unsupported operating system.
36.0.Oh: caddy15.stanford.edu: "Rocky Linux 8.10 (Green Obsidian)" is an unsupported operating system.
36.0.AM: caddy15.stanford.edu: "Rocky Linux 8.10 (Green Obsidian)" is an unsupported operating system.
36.0.Ht: Trace Attempt  1	[0.04 s]
36.0.Ht: Trace Attempt  2	[0.04 s]
36.0.N: Trace Attempt  3	[0.04 s]
36.0.Ht: Trace Attempt  3	[0.05 s]
36.0.Ht: Trace Attempt  4	[0.05 s]
36.0.N: Trace Attempt  4	[0.06 s]
36.0.N: Trace Attempt  5	[0.06 s]
36.0.Ht: Trace Attempt  5	[0.06 s]
36.0.N: Trace Attempt  5	[0.12 s]
36.0.Oh: Proofgrid shell started at 3441694@caddy15.stanford.edu(local) jg_3426522_caddy15.stanford.edu_37
36.0.B: Proofgrid shell started at 3441698@caddy15.stanford.edu(local) jg_3426522_caddy15.stanford.edu_37
36.0.Mpcustom4: Proofgrid shell started at 3441686@caddy15.stanford.edu(local) jg_3426522_caddy15.stanford.edu_37
36.0.Oh: clocks: 1, declared: 1, looping: 0, posedge: 1, negedge: 0, noedge: 0, bothedge: 0
36.0.Mpcustom4: clocks: 1, declared: 1, looping: 0, posedge: 1, negedge: 0, noedge: 0, bothedge: 0
36.0.AM: Proofgrid shell started at 3441700@caddy15.stanford.edu(local) jg_3426522_caddy15.stanford.edu_37
36.0.B: clocks: 1, declared: 1, looping: 0, posedge: 1, negedge: 0, noedge: 0, bothedge: 0
36.0.AM: clocks: 1, declared: 1, looping: 0, posedge: 1, negedge: 0, noedge: 0, bothedge: 0
36.0.B: Last scan. Per property time limit: 0s
36.0.B: Starting proof for property "CS_div_fsm_s3_37"	[0.00 s].
36.0.Mpcustom4: Trace Attempt  1	[0.07 s]
36.0.B: Trace Attempt  1	[0.01 s]
36.0.AM: Last scan. Per property time limit: 0s
36.0.AM: Starting proof for property "CS_div_fsm_s3_37"	[0.00 s].
36.0.AM: Trace Attempt  1	[0.00 s]
36.0.AM: Trace Attempt  2	[0.01 s]
36.0.B: Trace Attempt  2	[0.03 s]
36.0.Mpcustom4: Trace Attempt  2	[0.11 s]
36.0.B: Trace Attempt  3	[0.05 s]
36.0.AM: Trace Attempt  3	[0.05 s]
36.0.B: Trace Attempt  4	[0.07 s]
36.0.Oh: bwd trail(1): 1 0.110939s
36.0.Oh: All properties either determined or skipped. [0.20 s]
36.0.Oh: Exited with Success (@ 0.40 s)
36.0.Oh: Completed, Restart ignored.
36.0.AM: Trace Attempt  4	[0.11 s]
36.0.B: Trace Attempt  5	[0.16 s]
36.0.AM: Trace Attempt  5	[0.16 s]
36.0.Mpcustom4: Trace Attempt  3	[0.71 s]
36.0.Mpcustom4: Trace Attempt  3	[0.76 s]
36.0.Mpcustom4: Trace Attempt  4	[0.78 s]
36.0.Mpcustom4: Trace Attempt  4	[0.84 s]
36.0.Mpcustom4: Trace Attempt  5	[0.86 s]
36.0.N: Trace Attempt 29	[4.22 s]
36.0.B: Trace Attempt 45	[4.17 s]
36.0.Mpcustom4: Trace Attempt 36	[4.89 s]
36.0.AM: Trace Attempt 45	[7.45 s]
36.0.N: Trace Attempt 42	[8.70 s]
36.0.Mpcustom4: Trace Attempt 41	[9.35 s]
36.0.N: Requesting engine job to stop
36.0.B: Requesting engine job to stop
36.0.AM: Requesting engine job to stop
36.0.Hp: Requesting engine job to terminate
36.0.Ht: Requesting engine job to terminate
36.0.Mpcustom4: Requesting engine job to terminate
INFO (IPF144): 36: Initiating shutdown of proof [12.99 s]
36.0.Ht: Trace Attempt 46	[3.80 s]
36.0.Ht: A trace with 46 cycles was found. [12.90 s]
INFO (IPF047): 36.0.Ht: The cover property "CS_div_fsm_s3_37" was covered in 46 cycles in 12.96 s.
36.0.Ht: All properties determined. [12.95 s]
36.0.N: Trace Attempt 45	[12.66 s]
36.0.N: Stopped processing property "CS_div_fsm_s3_37"	[13.08 s].
36.0.N: All properties determined. [13.10 s]
36.0.N: Exited with Success (@ 13.14 s)
36: ProofGrid usable level: 0
36.0.B: Trace Attempt 46	[7.05 s]
36.0.B: Stopped processing property "CS_div_fsm_s3_37"	[12.94 s].
36.0.B: All properties determined. [12.95 s]
36.0.B: Exited with Success (@ 13.24 s)
36.0.Mpcustom4: Trace Attempt 43	[12.76 s]
36.0.Mpcustom4: All properties determined. [13.02 s]
36.0.Mpcustom4: Exited with Success (@ 13.26 s)
36.0.AM: Stopped processing property "CS_div_fsm_s3_37"	[13.05 s].
36.0.AM: All properties determined. [13.06 s]
36.0.Ht: Exited with Success (@ 13.48 s)
36.0.AM: Exited with Success (@ 13.48 s)
36.0.Hp: Sending SIGKILL
36.0.Hp: Terminated by signal SIGKILL (@ 15.25 s)
36: --------------------------------------------------------------
ProofGrid Summary (utilization 98.62 %)
--------------------------------------------------------------
     engines started                               :     7
     engine jobs started                           :     7

    Average time in state (seconds)
    ------------------------------------------------------
    Engine  Pending     Running        Dead    Utilization
    ------------------------------------------------------
      N        0.11       12.97        0.00       99.18 %
     Hp        0.09       12.99        0.00       99.34 %
     Ht        0.08       12.97        0.00       99.38 %
    Mpcustom4        0.23       12.79        0.00       98.26 %
     Oh        0.18        0.21        0.00       53.57 %
      B        0.18       12.77        0.00       98.64 %
     AM        0.22       12.74        0.00       98.28 %
    all        0.15       11.06        0.00       98.62 %

    Total time in state (seconds)
    -----------------------------------------
            Pending     Running        Dead  
    -----------------------------------------
               1.08       77.44        0.00

    Data read    : 127.43 kiB
    Data written : 11.00 kiB

36: All pending notifications were processed.
INFO (IPF059): 36: Completed proof on task: "mytask"
cover -name CS_div_fsm_s3_38 {@(posedge clk_i) !div_fsm_s3 ##1 div_fsm_s3 [*38] ##1 !div_fsm_s3 }
INFO (IPF036): Starting proof on task: "mytask", 1 properties to prove with 0 already proven/unreachable
INFO (IPF031): Settings used for proof thread 37:
    orchestration                 = on (auto)
    time_limit                    = 600s
    per_property_time_limit       = 1s * 10 ^ scan
    engine_mode                   = auto
    proofgrid_per_engine_max_jobs = 1
    max engine jobs               = auto
    proofgrid_mode                = local
    proofgrid_restarts            = 10
37: Using multistage preprocessing
37: Starting reduce
37: Finished reduce in 0.042s
37.0.PRE: Performing Proof Simplification...
37.0.N: clocks: 1, declared: 1, looping: 0, posedge: 1, negedge: 0, noedge: 0, bothedge: 0
37.0.N: Proof Simplification Iteration 1	[0.00 s]
37.0.N: Proof Simplification Iteration 2	[0.04 s]
37.0.N: Proof Simplification Iteration 3	[0.06 s]
37.0.N: Proof Simplification Iteration 4	[0.07 s]
37.0.N: Proof Simplification Iteration 5	[0.09 s]
37.0.N: Proof Simplification Iteration 6	[0.11 s]
37.0.N: Proof Simplification Iteration 7	[0.13 s]
37.0.N: Proof Simplification Iteration 8	[0.15 s]
37.0.N: Proof Simplification Iteration 9	[0.16 s]
37.0.N: Proof Simplification Iteration 10	[0.18 s]
37.0.PRE: Proof Simplification completed in 0.23 s
37: About to start ProofGrid in its own thread with a limit of 10000 pending notifications and a limit of 10 traces.
37: =============================== ProofGrid start ===============================
37: ProofGrid usable level: 1
37: Initial ProofGrid level: 1
37: ProofGrid is starting event handling
37.0.N: caddy15.stanford.edu: "Rocky Linux 8.10 (Green Obsidian)" is an unsupported operating system.
37.0.Hp: caddy15.stanford.edu: "Rocky Linux 8.10 (Green Obsidian)" is an unsupported operating system.
37.0.Ht: caddy15.stanford.edu: "Rocky Linux 8.10 (Green Obsidian)" is an unsupported operating system.
37.0.Mpcustom4: caddy15.stanford.edu: "Rocky Linux 8.10 (Green Obsidian)" is an unsupported operating system.
37.0.Oh: caddy15.stanford.edu: "Rocky Linux 8.10 (Green Obsidian)" is an unsupported operating system.
37.0.N: Proofgrid shell started at 3441871@caddy15.stanford.edu(local) jg_3426522_caddy15.stanford.edu_38
37.0.Hp: Proofgrid shell started at 3441872@caddy15.stanford.edu(local) jg_3426522_caddy15.stanford.edu_38
37.0.N: clocks: 1, declared: 1, looping: 0, posedge: 1, negedge: 0, noedge: 0, bothedge: 0
37.0.Hp: clocks: 1, declared: 1, looping: 0, posedge: 1, negedge: 0, noedge: 0, bothedge: 0
37.0.N: Last scan. Per property time limit: 0s
37.0.N: Starting proof for property "CS_div_fsm_s3_38"	[0.00 s].
37.0.Ht: Proofgrid shell started at 3441894@caddy15.stanford.edu(local) jg_3426522_caddy15.stanford.edu_38
37.0.Mpcustom4: Proofgrid shell started at 3441897@caddy15.stanford.edu(local) jg_3426522_caddy15.stanford.edu_38
37.0.N: Trace Attempt  1	[0.01 s]
37.0.N: Trace Attempt  2	[0.01 s]
37.0.N: Trace Attempt  3	[0.01 s]
37.0.AM: caddy15.stanford.edu: "Rocky Linux 8.10 (Green Obsidian)" is an unsupported operating system.
37.0.Ht: clocks: 1, declared: 1, looping: 0, posedge: 1, negedge: 0, noedge: 0, bothedge: 0
37.0.Mpcustom4: clocks: 1, declared: 1, looping: 0, posedge: 1, negedge: 0, noedge: 0, bothedge: 0
37.0.B: caddy15.stanford.edu: "Rocky Linux 8.10 (Green Obsidian)" is an unsupported operating system.
37.0.Oh: Proofgrid shell started at 3441924@caddy15.stanford.edu(local) jg_3426522_caddy15.stanford.edu_38
37.0.Oh: clocks: 1, declared: 1, looping: 0, posedge: 1, negedge: 0, noedge: 0, bothedge: 0
37.0.N: Trace Attempt  3	[0.04 s]
37.0.Ht: Trace Attempt  1	[0.04 s]
37.0.Ht: Trace Attempt  2	[0.04 s]
37.0.Ht: Trace Attempt  3	[0.04 s]
37.0.Mpcustom4: Trace Attempt  1	[0.04 s]
37.0.N: Trace Attempt  4	[0.06 s]
37.0.N: Trace Attempt  5	[0.06 s]
37.0.Ht: Trace Attempt  4	[0.04 s]
37.0.Ht: Trace Attempt  5	[0.05 s]
37.0.Mpcustom4: Trace Attempt  2	[0.06 s]
37.0.AM: Proofgrid shell started at 3441947@caddy15.stanford.edu(local) jg_3426522_caddy15.stanford.edu_38
37.0.B: Proofgrid shell started at 3441943@caddy15.stanford.edu(local) jg_3426522_caddy15.stanford.edu_38
37.0.AM: clocks: 1, declared: 1, looping: 0, posedge: 1, negedge: 0, noedge: 0, bothedge: 0
37.0.AM: Last scan. Per property time limit: 0s
37.0.AM: Starting proof for property "CS_div_fsm_s3_38"	[0.00 s].
37.0.AM: Trace Attempt  1	[0.00 s]
37.0.AM: Trace Attempt  2	[0.01 s]
37.0.B: clocks: 1, declared: 1, looping: 0, posedge: 1, negedge: 0, noedge: 0, bothedge: 0
37.0.B: Last scan. Per property time limit: 0s
37.0.B: Starting proof for property "CS_div_fsm_s3_38"	[0.00 s].
37.0.AM: Trace Attempt  3	[0.03 s]
37.0.N: Trace Attempt  5	[0.12 s]
37.0.B: Trace Attempt  1	[0.01 s]
37.0.B: Trace Attempt  2	[0.02 s]
37.0.B: Trace Attempt  3	[0.03 s]
37.0.B: Trace Attempt  4	[0.04 s]
37.0.AM: Trace Attempt  4	[0.06 s]
37.0.Oh: bwd trail(1): 1 0.111742s
37.0.Oh: All properties either determined or skipped. [0.13 s]
37.0.Oh: Exited with Success (@ 0.18 s)
37.0.Oh: Completed, Restart ignored.
37.0.AM: Trace Attempt  5	[0.08 s]
37.0.B: Trace Attempt  5	[0.08 s]
37.0.Mpcustom4: Trace Attempt  3	[0.62 s]
37.0.Mpcustom4: Trace Attempt  3	[0.66 s]
37.0.Mpcustom4: Trace Attempt  4	[0.69 s]
37.0.Mpcustom4: Trace Attempt  4	[0.74 s]
37.0.Mpcustom4: Trace Attempt  5	[0.77 s]
37.0.N: Trace Attempt 29	[4.47 s]
37.0.B: Trace Attempt 47	[4.63 s]
37.0.Ht: Trace Attempt 47	[4.75 s]
37.0.Mpcustom4: Trace Attempt 39	[4.78 s]
37.0.AM: Trace Attempt 46	[5.65 s]
37.0.N: Trace Attempt 39	[8.67 s]
37.0.Mpcustom4: Trace Attempt 42	[9.71 s]
37.0.N: Requesting engine job to stop
37.0.B: Requesting engine job to stop
37.0.AM: Requesting engine job to stop
37.0.Hp: Requesting engine job to terminate
37.0.Ht: Requesting engine job to terminate
37.0.Mpcustom4: Requesting engine job to terminate
INFO (IPF144): 37: Initiating shutdown of proof [12.21 s]
37.0.Ht: A trace with 47 cycles was found. [12.12 s]
INFO (IPF047): 37.0.Ht: The cover property "CS_div_fsm_s3_38" was covered in 47 cycles in 12.19 s.
37.0.Ht: All properties determined. [12.17 s]
37.0.B: Stopped processing property "CS_div_fsm_s3_38"	[12.28 s].
37.0.B: All properties determined. [12.29 s]
37.0.B: Exited with Success (@ 12.42 s)
37: ProofGrid usable level: 0
37.0.Mpcustom4: Trace Attempt 43	[11.07 s]
37.0.Mpcustom4: All properties determined. [12.42 s]
37.0.Mpcustom4: Exited with Success (@ 12.49 s)
37.0.N: Trace Attempt 46	[12.53 s]
37.0.N: Stopped processing property "CS_div_fsm_s3_38"	[12.56 s].
37.0.N: All properties determined. [12.56 s]
37.0.N: Exited with Success (@ 12.59 s)
37.0.AM: Stopped processing property "CS_div_fsm_s3_38"	[12.49 s].
37.0.AM: All properties determined. [12.50 s]
37.0.AM: Exited with Success (@ 12.67 s)
37.0.Ht: Exited with Success (@ 12.92 s)
37.0.Hp: Interrupted (multi)
37.0.Hp: All properties determined. [13.51 s]
37.0.Hp: Exited with Success (@ 13.75 s)
37: --------------------------------------------------------------
ProofGrid Summary (utilization 99.12 %)
--------------------------------------------------------------
     engines started                               :     7
     engine jobs started                           :     7

    Average time in state (seconds)
    ------------------------------------------------------
    Engine  Pending     Running        Dead    Utilization
    ------------------------------------------------------
      N        0.11       12.21        0.00       99.13 %
     Hp        0.08       12.21        0.00       99.31 %
     Ht        0.08       12.18        0.00       99.32 %
    Mpcustom4        0.08       12.18        0.00       99.33 %
     Oh        0.08        0.13        0.00       63.18 %
      B        0.12       12.10        0.00       99.02 %
     AM        0.10       12.11        0.00       99.21 %
    all        0.09       10.45        0.00       99.12 %

    Total time in state (seconds)
    -----------------------------------------
            Pending     Running        Dead  
    -----------------------------------------
               0.65       73.12        0.00

    Data read    : 130.98 kiB
    Data written : 12.52 kiB

37: All pending notifications were processed.
INFO (IPF059): 37: Completed proof on task: "mytask"
cover -name CS_div_fsm_s3_39 {@(posedge clk_i) !div_fsm_s3 ##1 div_fsm_s3 [*39] ##1 !div_fsm_s3 }
INFO (IPF036): Starting proof on task: "mytask", 1 properties to prove with 0 already proven/unreachable
INFO (IPF031): Settings used for proof thread 38:
    orchestration                 = on (auto)
    time_limit                    = 600s
    per_property_time_limit       = 1s * 10 ^ scan
    engine_mode                   = auto
    proofgrid_per_engine_max_jobs = 1
    max engine jobs               = auto
    proofgrid_mode                = local
    proofgrid_restarts            = 10
38: Using multistage preprocessing
38: Starting reduce
38: Finished reduce in 0.043s
38.0.PRE: Performing Proof Simplification...
38.0.N: clocks: 1, declared: 1, looping: 0, posedge: 1, negedge: 0, noedge: 0, bothedge: 0
38.0.N: Proof Simplification Iteration 1	[0.00 s]
38.0.N: Proof Simplification Iteration 2	[0.04 s]
38.0.N: Proof Simplification Iteration 3	[0.06 s]
38.0.N: Proof Simplification Iteration 4	[0.07 s]
38.0.N: Proof Simplification Iteration 5	[0.09 s]
38.0.N: Proof Simplification Iteration 6	[0.11 s]
38.0.N: Proof Simplification Iteration 7	[0.13 s]
38.0.N: Proof Simplification Iteration 8	[0.15 s]
38.0.N: Proof Simplification Iteration 9	[0.17 s]
38.0.N: Proof Simplification Iteration 10	[0.19 s]
38.0.PRE: Proof Simplification completed in 0.23 s
38: About to start ProofGrid in its own thread with a limit of 10000 pending notifications and a limit of 10 traces.
38: =============================== ProofGrid start ===============================
38: ProofGrid usable level: 1
38: Initial ProofGrid level: 1
38: ProofGrid is starting event handling
38.0.N: caddy15.stanford.edu: "Rocky Linux 8.10 (Green Obsidian)" is an unsupported operating system.
38.0.Hp: caddy15.stanford.edu: "Rocky Linux 8.10 (Green Obsidian)" is an unsupported operating system.
38.0.Ht: caddy15.stanford.edu: "Rocky Linux 8.10 (Green Obsidian)" is an unsupported operating system.
38.0.Mpcustom4: caddy15.stanford.edu: "Rocky Linux 8.10 (Green Obsidian)" is an unsupported operating system.
38.0.N: Proofgrid shell started at 3442098@caddy15.stanford.edu(local) jg_3426522_caddy15.stanford.edu_39
38.0.Hp: Proofgrid shell started at 3442099@caddy15.stanford.edu(local) jg_3426522_caddy15.stanford.edu_39
38.0.Oh: caddy15.stanford.edu: "Rocky Linux 8.10 (Green Obsidian)" is an unsupported operating system.
38.0.N: clocks: 1, declared: 1, looping: 0, posedge: 1, negedge: 0, noedge: 0, bothedge: 0
38.0.N: Last scan. Per property time limit: 0s
38.0.N: Starting proof for property "CS_div_fsm_s3_39"	[0.00 s].
38.0.N: Trace Attempt  1	[0.01 s]
38.0.Hp: clocks: 1, declared: 1, looping: 0, posedge: 1, negedge: 0, noedge: 0, bothedge: 0
38.0.N: Trace Attempt  2	[0.01 s]
38.0.N: Trace Attempt  3	[0.01 s]
38.0.Ht: Proofgrid shell started at 3442119@caddy15.stanford.edu(local) jg_3426522_caddy15.stanford.edu_39
38.0.N: Trace Attempt  3	[0.04 s]
38.0.Mpcustom4: Proofgrid shell started at 3442124@caddy15.stanford.edu(local) jg_3426522_caddy15.stanford.edu_39
38.0.N: Trace Attempt  4	[0.06 s]
38.0.N: Trace Attempt  5	[0.06 s]
38.0.AM: caddy15.stanford.edu: "Rocky Linux 8.10 (Green Obsidian)" is an unsupported operating system.
38.0.Mpcustom4: clocks: 1, declared: 1, looping: 0, posedge: 1, negedge: 0, noedge: 0, bothedge: 0
38.0.B: caddy15.stanford.edu: "Rocky Linux 8.10 (Green Obsidian)" is an unsupported operating system.
38.0.Ht: clocks: 1, declared: 1, looping: 0, posedge: 1, negedge: 0, noedge: 0, bothedge: 0
38.0.Oh: Proofgrid shell started at 3442144@caddy15.stanford.edu(local) jg_3426522_caddy15.stanford.edu_39
38.0.Ht: Trace Attempt  1	[0.05 s]
38.0.Ht: Trace Attempt  2	[0.05 s]
38.0.Ht: Trace Attempt  3	[0.05 s]
38.0.Ht: Trace Attempt  4	[0.05 s]
38.0.Mpcustom4: Trace Attempt  1	[0.07 s]
38.0.Oh: clocks: 1, declared: 1, looping: 0, posedge: 1, negedge: 0, noedge: 0, bothedge: 0
38.0.Ht: Trace Attempt  5	[0.06 s]
38.0.B: Proofgrid shell started at 3442160@caddy15.stanford.edu(local) jg_3426522_caddy15.stanford.edu_39
38.0.B: clocks: 1, declared: 1, looping: 0, posedge: 1, negedge: 0, noedge: 0, bothedge: 0
38.0.B: Last scan. Per property time limit: 0s
38.0.B: Starting proof for property "CS_div_fsm_s3_39"	[0.00 s].
38.0.B: Trace Attempt  1	[0.01 s]
38.0.Mpcustom4: Trace Attempt  2	[0.11 s]
38.0.B: Trace Attempt  2	[0.02 s]
38.0.B: Trace Attempt  3	[0.03 s]
38.0.B: Trace Attempt  4	[0.04 s]
38.0.N: Trace Attempt  5	[0.19 s]
38.0.B: Trace Attempt  5	[0.07 s]
38.0.AM: Proofgrid shell started at 3442170@caddy15.stanford.edu(local) jg_3426522_caddy15.stanford.edu_39
38.0.AM: clocks: 1, declared: 1, looping: 0, posedge: 1, negedge: 0, noedge: 0, bothedge: 0
38.0.Oh: bwd trail(1): 1 0.115839s
38.0.Oh: All properties either determined or skipped. [0.20 s]
38.0.Oh: Exited with Success (@ 0.33 s)
38.0.Oh: Completed, Restart ignored.
38.0.AM: Last scan. Per property time limit: 0s
38.0.AM: Starting proof for property "CS_div_fsm_s3_39"	[0.00 s].
38.0.AM: Trace Attempt  1	[0.00 s]
38.0.AM: Trace Attempt  2	[0.01 s]
38.0.AM: Trace Attempt  3	[0.04 s]
38.0.AM: Trace Attempt  4	[0.07 s]
38.0.AM: Trace Attempt  5	[0.10 s]
38.0.Mpcustom4: Trace Attempt  3	[0.77 s]
38.0.Mpcustom4: Trace Attempt  3	[0.82 s]
38.0.Mpcustom4: Trace Attempt  4	[0.84 s]
38.0.Mpcustom4: Trace Attempt  4	[0.90 s]
38.0.Mpcustom4: Trace Attempt  5	[0.93 s]
38.0.Ht: Trace Attempt 48	[4.13 s]
38.0.N: Trace Attempt 29	[4.45 s]
38.0.Mpcustom4: Trace Attempt 32	[4.96 s]
38.0.B: Trace Attempt 48	[5.17 s]
38.0.AM: Trace Attempt 47	[5.38 s]
38.0.N: Trace Attempt 41	[8.93 s]
38.0.N: Requesting engine job to stop
38.0.B: Requesting engine job to stop
38.0.AM: Requesting engine job to stop
38.0.Hp: Requesting engine job to terminate
38.0.Ht: Requesting engine job to terminate
38.0.Mpcustom4: Requesting engine job to terminate
INFO (IPF144): 38: Initiating shutdown of proof [10.17 s]
38.0.Ht: A trace with 48 cycles was found. [10.02 s]
INFO (IPF047): 38.0.Ht: The cover property "CS_div_fsm_s3_39" was covered in 48 cycles in 10.09 s.
38.0.Ht: All properties determined. [10.07 s]
38.0.Hp: Interrupted (multi)
38.0.Hp: All properties determined. [10.15 s]
38.0.N: Trace Attempt 46	[10.14 s]
38.0.N: Stopped processing property "CS_div_fsm_s3_39"	[10.20 s].
38.0.N: All properties determined. [10.16 s]
38.0.N: Exited with Success (@ 10.20 s)
38: ProofGrid usable level: 0
38.0.B: Stopped processing property "CS_div_fsm_s3_39"	[10.18 s].
38.0.B: All properties determined. [10.18 s]
38.0.B: Exited with Success (@ 10.36 s)
38.0.Mpcustom4: Trace Attempt 43	[8.07 s]
38.0.Mpcustom4: All properties determined. [10.31 s]
38.0.Mpcustom4: Exited with Success (@ 10.42 s)
38.0.AM: Stopped processing property "CS_div_fsm_s3_39"	[10.21 s].
38.0.Hp: Exited with Success (@ 10.55 s)
38.0.AM: All properties determined. [10.21 s]
38.0.Ht: Exited with Success (@ 10.62 s)
38.0.AM: Exited with Success (@ 10.62 s)
38: --------------------------------------------------------------
ProofGrid Summary (utilization 98.34 %)
--------------------------------------------------------------
     engines started                               :     7
     engine jobs started                           :     7

    Average time in state (seconds)
    ------------------------------------------------------
    Engine  Pending     Running        Dead    Utilization
    ------------------------------------------------------
      N        0.11       10.16        0.00       98.97 %
     Hp        0.09       10.14        0.00       99.12 %
     Ht        0.11       10.08        0.00       98.97 %
    Mpcustom4        0.12       10.09        0.00       98.78 %
     Oh        0.14        0.20        0.00       57.91 %
      B        0.17       10.01        0.00       98.29 %
     AM        0.28        9.86        0.00       97.25 %
    all        0.15        8.65        0.00       98.34 %

    Total time in state (seconds)
    -----------------------------------------
            Pending     Running        Dead  
    -----------------------------------------
               1.02       60.53        0.00

    Data read    : 127.85 kiB
    Data written : 10.75 kiB

38: All pending notifications were processed.
INFO (IPF059): 38: Completed proof on task: "mytask"
cover -name CS_div_fsm_s3_40 {@(posedge clk_i) !div_fsm_s3 ##1 div_fsm_s3 [*40] ##1 !div_fsm_s3 }
INFO (IPF036): Starting proof on task: "mytask", 1 properties to prove with 0 already proven/unreachable
INFO (IPF031): Settings used for proof thread 39:
    orchestration                 = on (auto)
    time_limit                    = 600s
    per_property_time_limit       = 1s * 10 ^ scan
    engine_mode                   = auto
    proofgrid_per_engine_max_jobs = 1
    max engine jobs               = auto
    proofgrid_mode                = local
    proofgrid_restarts            = 10
39: Using multistage preprocessing
39: Starting reduce
39: Finished reduce in 0.043s
39.0.PRE: Performing Proof Simplification...
39.0.N: clocks: 1, declared: 1, looping: 0, posedge: 1, negedge: 0, noedge: 0, bothedge: 0
39.0.N: Proof Simplification Iteration 1	[0.00 s]
39.0.N: Proof Simplification Iteration 2	[0.04 s]
39.0.N: Proof Simplification Iteration 3	[0.06 s]
39.0.N: Proof Simplification Iteration 4	[0.07 s]
39.0.N: Proof Simplification Iteration 5	[0.09 s]
39.0.N: Proof Simplification Iteration 6	[0.11 s]
39.0.N: Proof Simplification Iteration 7	[0.13 s]
39.0.N: Proof Simplification Iteration 8	[0.15 s]
39.0.N: Proof Simplification Iteration 9	[0.17 s]
39.0.N: Proof Simplification Iteration 10	[0.18 s]
39.0.PRE: Proof Simplification completed in 0.23 s
39: About to start ProofGrid in its own thread with a limit of 10000 pending notifications and a limit of 10 traces.
39: =============================== ProofGrid start ===============================
39: ProofGrid usable level: 1
39: Initial ProofGrid level: 1
39: ProofGrid is starting event handling
39.0.Hp: caddy15.stanford.edu: "Rocky Linux 8.10 (Green Obsidian)" is an unsupported operating system.
39.0.N: caddy15.stanford.edu: "Rocky Linux 8.10 (Green Obsidian)" is an unsupported operating system.
39.0.Ht: caddy15.stanford.edu: "Rocky Linux 8.10 (Green Obsidian)" is an unsupported operating system.
39.0.Hp: Proofgrid shell started at 3442213@caddy15.stanford.edu(local) jg_3426522_caddy15.stanford.edu_40
39.0.N: Proofgrid shell started at 3442212@caddy15.stanford.edu(local) jg_3426522_caddy15.stanford.edu_40
39.0.Hp: clocks: 1, declared: 1, looping: 0, posedge: 1, negedge: 0, noedge: 0, bothedge: 0
39.0.N: clocks: 1, declared: 1, looping: 0, posedge: 1, negedge: 0, noedge: 0, bothedge: 0
39.0.N: Last scan. Per property time limit: 0s
39.0.N: Starting proof for property "CS_div_fsm_s3_40"	[0.00 s].
39.0.Oh: caddy15.stanford.edu: "Rocky Linux 8.10 (Green Obsidian)" is an unsupported operating system.
39.0.N: Trace Attempt  1	[0.01 s]
39.0.N: Trace Attempt  2	[0.01 s]
39.0.N: Trace Attempt  3	[0.01 s]
39.0.Mpcustom4: caddy15.stanford.edu: "Rocky Linux 8.10 (Green Obsidian)" is an unsupported operating system.
39.0.Ht: Proofgrid shell started at 3442235@caddy15.stanford.edu(local) jg_3426522_caddy15.stanford.edu_40
39.0.Ht: clocks: 1, declared: 1, looping: 0, posedge: 1, negedge: 0, noedge: 0, bothedge: 0
39.0.N: Trace Attempt  3	[0.04 s]
39.0.Ht: Trace Attempt  1	[0.04 s]
39.0.N: Trace Attempt  4	[0.06 s]
39.0.N: Trace Attempt  5	[0.06 s]
39.0.Ht: Trace Attempt  2	[0.04 s]
39.0.Ht: Trace Attempt  3	[0.04 s]
39.0.Ht: Trace Attempt  4	[0.05 s]
39.0.Oh: Proofgrid shell started at 3442261@caddy15.stanford.edu(local) jg_3426522_caddy15.stanford.edu_40
39.0.Ht: Trace Attempt  5	[0.06 s]
39.0.Oh: clocks: 1, declared: 1, looping: 0, posedge: 1, negedge: 0, noedge: 0, bothedge: 0
39.0.N: Trace Attempt  5	[0.12 s]
39.0.Mpcustom4: Proofgrid shell started at 3442254@caddy15.stanford.edu(local) jg_3426522_caddy15.stanford.edu_40
39.0.B: caddy15.stanford.edu: "Rocky Linux 8.10 (Green Obsidian)" is an unsupported operating system.
39.0.Mpcustom4: clocks: 1, declared: 1, looping: 0, posedge: 1, negedge: 0, noedge: 0, bothedge: 0
39.0.Mpcustom4: Trace Attempt  1	[0.06 s]
39.0.AM: caddy15.stanford.edu: "Rocky Linux 8.10 (Green Obsidian)" is an unsupported operating system.
39.0.Mpcustom4: Trace Attempt  2	[0.07 s]
39.0.Oh: bwd trail(1): 1 0.109936s
39.0.Oh: All properties either determined or skipped. [0.15 s]
39.0.Oh: Exited with Success (@ 0.27 s)
39.0.Oh: Completed, Restart ignored.
39.0.B: Proofgrid shell started at 3442266@caddy15.stanford.edu(local) jg_3426522_caddy15.stanford.edu_40
39.0.B: clocks: 1, declared: 1, looping: 0, posedge: 1, negedge: 0, noedge: 0, bothedge: 0
39.0.B: Last scan. Per property time limit: 0s
39.0.B: Starting proof for property "CS_div_fsm_s3_40"	[0.00 s].
39.0.B: Trace Attempt  1	[0.01 s]
39.0.B: Trace Attempt  2	[0.02 s]
39.0.B: Trace Attempt  3	[0.03 s]
39.0.B: Trace Attempt  4	[0.04 s]
39.0.B: Trace Attempt  5	[0.08 s]
39.0.AM: Proofgrid shell started at 3442269@caddy15.stanford.edu(local) jg_3426522_caddy15.stanford.edu_40
39.0.AM: clocks: 1, declared: 1, looping: 0, posedge: 1, negedge: 0, noedge: 0, bothedge: 0
39.0.AM: Last scan. Per property time limit: 0s
39.0.AM: Starting proof for property "CS_div_fsm_s3_40"	[0.00 s].
39.0.AM: Trace Attempt  1	[0.02 s]
39.0.AM: Trace Attempt  2	[0.02 s]
39.0.AM: Trace Attempt  3	[0.07 s]
39.0.AM: Trace Attempt  4	[0.12 s]
39.0.AM: Trace Attempt  5	[0.16 s]
39.0.Mpcustom4: Trace Attempt  3	[0.66 s]
39.0.Mpcustom4: Trace Attempt  3	[0.71 s]
39.0.Mpcustom4: Trace Attempt  4	[0.73 s]
39.0.Mpcustom4: Trace Attempt  4	[0.79 s]
39.0.Mpcustom4: Trace Attempt  5	[0.81 s]
39.0.N: Trace Attempt 29	[4.45 s]
39.0.Ht: Trace Attempt 49	[4.51 s]
39.0.AM: Trace Attempt 43	[4.25 s]
39.0.Mpcustom4: Trace Attempt 39	[4.88 s]
39.0.B: Trace Attempt 49	[5.32 s]
39.0.N: Trace Attempt 41	[8.92 s]
39.0.N: Requesting engine job to stop
39.0.B: Requesting engine job to stop
39.0.AM: Requesting engine job to stop
39.0.Hp: Requesting engine job to terminate
39.0.Ht: Requesting engine job to terminate
39.0.Mpcustom4: Requesting engine job to terminate
INFO (IPF144): 39: Initiating shutdown of proof [8.98 s]
39.0.Ht: A trace with 49 cycles was found. [8.87 s]
INFO (IPF047): 39.0.Ht: The cover property "CS_div_fsm_s3_40" was covered in 49 cycles in 8.93 s.
39.0.Ht: All properties determined. [8.91 s]
39.0.Hp: Interrupted (multi)
39.0.Hp: All properties determined. [8.99 s]
39: ProofGrid usable level: 0
39.0.B: Stopped processing property "CS_div_fsm_s3_40"	[8.88 s].
39.0.B: All properties determined. [8.88 s]
39.0.B: Exited with Success (@ 9.20 s)
39.0.N: Trace Attempt 42	[9.17 s]
39.0.N: Stopped processing property "CS_div_fsm_s3_40"	[9.18 s].
39.0.N: All properties determined. [9.18 s]
39.0.N: Exited with Success (@ 9.21 s)
39.0.Mpcustom4: Trace Attempt 44	[7.93 s]
39.0.Mpcustom4: All properties determined. [9.12 s]
39.0.Mpcustom4: Exited with Success (@ 9.33 s)
39.0.Hp: Exited with Success (@ 9.35 s)
39.0.Ht: Exited with Success (@ 9.44 s)
39.0.AM: Trace Attempt 48	[6.59 s]
39.0.AM: Stopped processing property "CS_div_fsm_s3_40"	[9.31 s].
39.0.AM: All properties determined. [9.32 s]
39.0.AM: Exited with Success (@ 9.87 s)
39: --------------------------------------------------------------
ProofGrid Summary (utilization 97.51 %)
--------------------------------------------------------------
     engines started                               :     7
     engine jobs started                           :     7

    Average time in state (seconds)
    ------------------------------------------------------
    Engine  Pending     Running        Dead    Utilization
    ------------------------------------------------------
      N        0.11        8.97        0.00       98.79 %
     Hp        0.08        8.97        0.00       99.11 %
     Ht        0.11        8.93        0.00       98.79 %
    Mpcustom4        0.18        8.81        0.00       97.99 %
     Oh        0.11        0.15        0.00       58.78 %
      B        0.28        8.68        0.00       96.86 %
     AM        0.48        8.46        0.00       94.63 %
    all        0.19        7.57        0.00       97.51 %

    Total time in state (seconds)
    -----------------------------------------
            Pending     Running        Dead  
    -----------------------------------------
               1.35       52.97        0.00

    Data read    : 130.40 kiB
    Data written : 10.34 kiB

39: All pending notifications were processed.
INFO (IPF059): 39: Completed proof on task: "mytask"
cover -name CS_div_fsm_s3_41 {@(posedge clk_i) !div_fsm_s3 ##1 div_fsm_s3 [*41] ##1 !div_fsm_s3 }
INFO (IPF036): Starting proof on task: "mytask", 1 properties to prove with 0 already proven/unreachable
INFO (IPF031): Settings used for proof thread 40:
    orchestration                 = on (auto)
    time_limit                    = 600s
    per_property_time_limit       = 1s * 10 ^ scan
    engine_mode                   = auto
    proofgrid_per_engine_max_jobs = 1
    max engine jobs               = auto
    proofgrid_mode                = local
    proofgrid_restarts            = 10
40: Using multistage preprocessing
40: Starting reduce
40: Finished reduce in 0.042s
40.0.PRE: Performing Proof Simplification...
40.0.N: clocks: 1, declared: 1, looping: 0, posedge: 1, negedge: 0, noedge: 0, bothedge: 0
40.0.N: Proof Simplification Iteration 1	[0.00 s]
40.0.N: Proof Simplification Iteration 2	[0.04 s]
40.0.N: Proof Simplification Iteration 3	[0.06 s]
40.0.N: Proof Simplification Iteration 4	[0.08 s]
40.0.N: Proof Simplification Iteration 5	[0.10 s]
40.0.N: Proof Simplification Iteration 6	[0.11 s]
40.0.N: Proof Simplification Iteration 7	[0.13 s]
40.0.N: Proof Simplification Iteration 8	[0.15 s]
40.0.N: Proof Simplification Iteration 9	[0.17 s]
40.0.N: Proof Simplification Iteration 10	[0.19 s]
40.0.PRE: Proof Simplification completed in 0.23 s
40: About to start ProofGrid in its own thread with a limit of 10000 pending notifications and a limit of 10 traces.
40: =============================== ProofGrid start ===============================
40: ProofGrid usable level: 1
40: Initial ProofGrid level: 1
40: ProofGrid is starting event handling
40.0.N: caddy15.stanford.edu: "Rocky Linux 8.10 (Green Obsidian)" is an unsupported operating system.
40.0.Hp: caddy15.stanford.edu: "Rocky Linux 8.10 (Green Obsidian)" is an unsupported operating system.
40.0.Mpcustom4: caddy15.stanford.edu: "Rocky Linux 8.10 (Green Obsidian)" is an unsupported operating system.
40.0.Ht: caddy15.stanford.edu: "Rocky Linux 8.10 (Green Obsidian)" is an unsupported operating system.
40.0.Oh: caddy15.stanford.edu: "Rocky Linux 8.10 (Green Obsidian)" is an unsupported operating system.
40.0.N: Proofgrid shell started at 3442439@caddy15.stanford.edu(local) jg_3426522_caddy15.stanford.edu_41
40.0.Hp: Proofgrid shell started at 3442440@caddy15.stanford.edu(local) jg_3426522_caddy15.stanford.edu_41
40.0.Hp: clocks: 1, declared: 1, looping: 0, posedge: 1, negedge: 0, noedge: 0, bothedge: 0
40.0.N: clocks: 1, declared: 1, looping: 0, posedge: 1, negedge: 0, noedge: 0, bothedge: 0
40.0.Ht: Proofgrid shell started at 3442462@caddy15.stanford.edu(local) jg_3426522_caddy15.stanford.edu_41
40.0.N: Last scan. Per property time limit: 0s
40.0.N: Starting proof for property "CS_div_fsm_s3_41"	[0.00 s].
40.0.N: Trace Attempt  1	[0.01 s]
40.0.N: Trace Attempt  2	[0.01 s]
40.0.N: Trace Attempt  3	[0.01 s]
40.0.Oh: Proofgrid shell started at 3442492@caddy15.stanford.edu(local) jg_3426522_caddy15.stanford.edu_41
40.0.Ht: clocks: 1, declared: 1, looping: 0, posedge: 1, negedge: 0, noedge: 0, bothedge: 0
40.0.Oh: clocks: 1, declared: 1, looping: 0, posedge: 1, negedge: 0, noedge: 0, bothedge: 0
40.0.N: Trace Attempt  3	[0.04 s]
40.0.N: Trace Attempt  4	[0.06 s]
40.0.N: Trace Attempt  5	[0.06 s]
40.0.Ht: Trace Attempt  1	[0.07 s]
40.0.Ht: Trace Attempt  2	[0.07 s]
40.0.Ht: Trace Attempt  3	[0.07 s]
40.0.Mpcustom4: Proofgrid shell started at 3442466@caddy15.stanford.edu(local) jg_3426522_caddy15.stanford.edu_41
40.0.Ht: Trace Attempt  4	[0.08 s]
40.0.Ht: Trace Attempt  5	[0.09 s]
40.0.N: Trace Attempt  5	[0.12 s]
40.0.B: caddy15.stanford.edu: "Rocky Linux 8.10 (Green Obsidian)" is an unsupported operating system.
40.0.Mpcustom4: clocks: 1, declared: 1, looping: 0, posedge: 1, negedge: 0, noedge: 0, bothedge: 0
40.0.Oh: bwd trail(1): 1 0.111689s
40.0.Oh: All properties either determined or skipped. [0.13 s]
40.0.Oh: Exited with Success (@ 0.19 s)
40.0.Oh: Completed, Restart ignored.
40.0.Mpcustom4: Trace Attempt  1	[0.05 s]
40.0.Mpcustom4: Trace Attempt  2	[0.07 s]
40.0.AM: caddy15.stanford.edu: "Rocky Linux 8.10 (Green Obsidian)" is an unsupported operating system.
40.0.B: Proofgrid shell started at 3442511@caddy15.stanford.edu(local) jg_3426522_caddy15.stanford.edu_41
40.0.B: clocks: 1, declared: 1, looping: 0, posedge: 1, negedge: 0, noedge: 0, bothedge: 0
40.0.B: Last scan. Per property time limit: 0s
40.0.B: Starting proof for property "CS_div_fsm_s3_41"	[0.00 s].
40.0.B: Trace Attempt  1	[0.01 s]
40.0.B: Trace Attempt  2	[0.03 s]
40.0.AM: Proofgrid shell started at 3442515@caddy15.stanford.edu(local) jg_3426522_caddy15.stanford.edu_41
40.0.B: Trace Attempt  3	[0.05 s]
40.0.AM: clocks: 1, declared: 1, looping: 0, posedge: 1, negedge: 0, noedge: 0, bothedge: 0
40.0.B: Trace Attempt  4	[0.07 s]
40.0.AM: Last scan. Per property time limit: 0s
40.0.AM: Starting proof for property "CS_div_fsm_s3_41"	[0.00 s].
40.0.AM: Trace Attempt  1	[0.00 s]
40.0.AM: Trace Attempt  2	[0.01 s]
40.0.AM: Trace Attempt  3	[0.06 s]
40.0.B: Trace Attempt  5	[0.15 s]
40.0.AM: Trace Attempt  4	[0.09 s]
40.0.AM: Trace Attempt  5	[0.11 s]
40.0.Mpcustom4: Trace Attempt  3	[0.64 s]
40.0.Mpcustom4: Trace Attempt  3	[0.69 s]
40.0.Mpcustom4: Trace Attempt  4	[0.71 s]
40.0.Mpcustom4: Trace Attempt  4	[0.77 s]
40.0.Mpcustom4: Trace Attempt  5	[0.80 s]
40.0.N: Trace Attempt 30	[4.27 s]
40.0.B: Trace Attempt 50	[4.25 s]
40.0.Mpcustom4: Trace Attempt 39	[4.85 s]
40.0.Ht: Trace Attempt 50	[5.59 s]
40.0.AM: Trace Attempt 49	[5.51 s]
40.0.N: Trace Attempt 41	[8.41 s]
40.0.Mpcustom4: Trace Attempt 44	[8.89 s]
40.0.N: Requesting engine job to stop
40.0.B: Requesting engine job to stop
40.0.AM: Requesting engine job to stop
40.0.Hp: Requesting engine job to terminate
40.0.Ht: Requesting engine job to terminate
40.0.Mpcustom4: Requesting engine job to terminate
INFO (IPF144): 40: Initiating shutdown of proof [12.19 s]
40.0.Ht: A trace with 50 cycles was found. [12.08 s]
INFO (IPF047): 40.0.Ht: The cover property "CS_div_fsm_s3_41" was covered in 50 cycles in 12.13 s.
40.0.Ht: All properties determined. [12.13 s]
40.0.N: Trace Attempt 49	[11.99 s]
40.0.N: Stopped processing property "CS_div_fsm_s3_41"	[12.22 s].
40.0.N: All properties determined. [12.20 s]
40.0.N: Exited with Success (@ 12.24 s)
40: ProofGrid usable level: 0
40.0.B: Stopped processing property "CS_div_fsm_s3_41"	[11.90 s].
40.0.B: All properties determined. [11.91 s]
40.0.B: Exited with Success (@ 12.40 s)
40.0.Mpcustom4: Trace Attempt 47	[11.18 s]
40.0.Mpcustom4: All properties determined. [12.31 s]
40.0.Mpcustom4: Exited with Success (@ 12.49 s)
40.0.AM: Stopped processing property "CS_div_fsm_s3_41"	[12.10 s].
40.0.AM: All properties determined. [12.10 s]
40.0.AM: Exited with Success (@ 12.68 s)
40.0.Ht: Exited with Success (@ 12.95 s)
40.0.Hp: Sending SIGKILL
40.0.Hp: Terminated by signal SIGKILL (@ 14.23 s)
40: --------------------------------------------------------------
ProofGrid Summary (utilization 97.95 %)
--------------------------------------------------------------
     engines started                               :     7
     engine jobs started                           :     7

    Average time in state (seconds)
    ------------------------------------------------------
    Engine  Pending     Running        Dead    Utilization
    ------------------------------------------------------
      N        0.11       12.18        0.00       99.13 %
     Hp        0.09       12.18        0.00       99.28 %
     Ht        0.09       12.14        0.00       99.30 %
    Mpcustom4        0.19       12.04        0.00       98.48 %
     Oh        0.09        0.13        0.00       59.94 %
      B        0.44       11.74        0.00       96.40 %
     AM        0.52       11.65        0.00       95.76 %
    all        0.22       10.30        0.00       97.95 %

    Total time in state (seconds)
    -----------------------------------------
            Pending     Running        Dead  
    -----------------------------------------
               1.51       72.07        0.00

    Data read    : 136.84 kiB
    Data written : 11.46 kiB

40: All pending notifications were processed.
INFO (IPF059): 40: Completed proof on task: "mytask"
cover -name CS_div_fsm_s3_42 {@(posedge clk_i) !div_fsm_s3 ##1 div_fsm_s3 [*42] ##1 !div_fsm_s3 }
INFO (IPF036): Starting proof on task: "mytask", 1 properties to prove with 0 already proven/unreachable
INFO (IPF031): Settings used for proof thread 41:
    orchestration                 = on (auto)
    time_limit                    = 600s
    per_property_time_limit       = 1s * 10 ^ scan
    engine_mode                   = auto
    proofgrid_per_engine_max_jobs = 1
    max engine jobs               = auto
    proofgrid_mode                = local
    proofgrid_restarts            = 10
41: Using multistage preprocessing
41: Starting reduce
41: Finished reduce in 0.041s
41.0.PRE: Performing Proof Simplification...
41.0.N: clocks: 1, declared: 1, looping: 0, posedge: 1, negedge: 0, noedge: 0, bothedge: 0
41.0.N: Proof Simplification Iteration 1	[0.00 s]
41.0.N: Proof Simplification Iteration 2	[0.04 s]
41.0.N: Proof Simplification Iteration 3	[0.06 s]
41.0.N: Proof Simplification Iteration 4	[0.07 s]
41.0.N: Proof Simplification Iteration 5	[0.09 s]
41.0.N: Proof Simplification Iteration 6	[0.11 s]
41.0.N: Proof Simplification Iteration 7	[0.13 s]
41.0.N: Proof Simplification Iteration 8	[0.15 s]
41.0.N: Proof Simplification Iteration 9	[0.16 s]
41.0.N: Proof Simplification Iteration 10	[0.18 s]
41.0.PRE: Proof Simplification completed in 0.23 s
41: About to start ProofGrid in its own thread with a limit of 10000 pending notifications and a limit of 10 traces.
41: =============================== ProofGrid start ===============================
41: ProofGrid usable level: 1
41: Initial ProofGrid level: 1
41: ProofGrid is starting event handling
41.0.N: caddy15.stanford.edu: "Rocky Linux 8.10 (Green Obsidian)" is an unsupported operating system.
41.0.Hp: caddy15.stanford.edu: "Rocky Linux 8.10 (Green Obsidian)" is an unsupported operating system.
41.0.Ht: caddy15.stanford.edu: "Rocky Linux 8.10 (Green Obsidian)" is an unsupported operating system.
41.0.Mpcustom4: caddy15.stanford.edu: "Rocky Linux 8.10 (Green Obsidian)" is an unsupported operating system.
41.0.N: Proofgrid shell started at 3443105@caddy15.stanford.edu(local) jg_3426522_caddy15.stanford.edu_42
41.0.Hp: Proofgrid shell started at 3443106@caddy15.stanford.edu(local) jg_3426522_caddy15.stanford.edu_42
41.0.N: clocks: 1, declared: 1, looping: 0, posedge: 1, negedge: 0, noedge: 0, bothedge: 0
41.0.Hp: clocks: 1, declared: 1, looping: 0, posedge: 1, negedge: 0, noedge: 0, bothedge: 0
41.0.Mpcustom4: Proofgrid shell started at 3443131@caddy15.stanford.edu(local) jg_3426522_caddy15.stanford.edu_42
41.0.N: Last scan. Per property time limit: 0s
41.0.N: Starting proof for property "CS_div_fsm_s3_42"	[0.00 s].
41.0.N: Trace Attempt  1	[0.01 s]
41.0.Ht: Proofgrid shell started at 3443128@caddy15.stanford.edu(local) jg_3426522_caddy15.stanford.edu_42
41.0.Mpcustom4: clocks: 1, declared: 1, looping: 0, posedge: 1, negedge: 0, noedge: 0, bothedge: 0
41.0.N: Trace Attempt  2	[0.01 s]
41.0.N: Trace Attempt  3	[0.01 s]
41.0.Ht: clocks: 1, declared: 1, looping: 0, posedge: 1, negedge: 0, noedge: 0, bothedge: 0
41.0.N: Trace Attempt  3	[0.04 s]
41.0.Mpcustom4: Trace Attempt  1	[0.04 s]
41.0.N: Trace Attempt  4	[0.06 s]
41.0.N: Trace Attempt  5	[0.06 s]
41.0.Ht: Trace Attempt  1	[0.04 s]
41.0.Ht: Trace Attempt  2	[0.04 s]
41.0.Ht: Trace Attempt  3	[0.04 s]
41.0.Mpcustom4: Trace Attempt  2	[0.06 s]
41.0.Ht: Trace Attempt  4	[0.05 s]
41.0.Ht: Trace Attempt  5	[0.06 s]
41.0.N: Trace Attempt  5	[0.12 s]
41.0.Oh: caddy15.stanford.edu: "Rocky Linux 8.10 (Green Obsidian)" is an unsupported operating system.
41.0.B: caddy15.stanford.edu: "Rocky Linux 8.10 (Green Obsidian)" is an unsupported operating system.
41.0.AM: caddy15.stanford.edu: "Rocky Linux 8.10 (Green Obsidian)" is an unsupported operating system.
41.0.Oh: Proofgrid shell started at 3443158@caddy15.stanford.edu(local) jg_3426522_caddy15.stanford.edu_42
41.0.Oh: clocks: 1, declared: 1, looping: 0, posedge: 1, negedge: 0, noedge: 0, bothedge: 0
41.0.B: Proofgrid shell started at 3443166@caddy15.stanford.edu(local) jg_3426522_caddy15.stanford.edu_42
41.0.AM: Proofgrid shell started at 3443168@caddy15.stanford.edu(local) jg_3426522_caddy15.stanford.edu_42
41.0.B: clocks: 1, declared: 1, looping: 0, posedge: 1, negedge: 0, noedge: 0, bothedge: 0
41.0.AM: clocks: 1, declared: 1, looping: 0, posedge: 1, negedge: 0, noedge: 0, bothedge: 0
41.0.B: Last scan. Per property time limit: 0s
41.0.B: Starting proof for property "CS_div_fsm_s3_42"	[0.00 s].
41.0.B: Trace Attempt  1	[0.01 s]
41.0.AM: Last scan. Per property time limit: 0s
41.0.AM: Starting proof for property "CS_div_fsm_s3_42"	[0.00 s].
41.0.B: Trace Attempt  2	[0.02 s]
41.0.AM: Trace Attempt  1	[0.00 s]
41.0.AM: Trace Attempt  2	[0.01 s]
41.0.B: Trace Attempt  3	[0.03 s]
41.0.B: Trace Attempt  4	[0.04 s]
41.0.AM: Trace Attempt  3	[0.03 s]
41.0.AM: Trace Attempt  4	[0.06 s]
41.0.Oh: bwd trail(1): 1 0.114272s
41.0.B: Trace Attempt  5	[0.08 s]
41.0.Oh: All properties either determined or skipped. [0.13 s]
41.0.Oh: Exited with Success (@ 0.53 s)
41.0.AM: Trace Attempt  5	[0.08 s]
41.0.Mpcustom4: Trace Attempt  3	[0.62 s]
41.0.Mpcustom4: Trace Attempt  3	[0.67 s]
41.0.Mpcustom4: Trace Attempt  4	[0.69 s]
41.0.Mpcustom4: Trace Attempt  4	[0.75 s]
41.0.Mpcustom4: Trace Attempt  5	[0.77 s]
41.0.N: Trace Attempt 29	[4.21 s]
41.0.B: Trace Attempt 50	[4.08 s]
41.0.AM: Trace Attempt 45	[4.15 s]
41.0.Mpcustom4: Trace Attempt 38	[4.83 s]
41.0.N: Trace Attempt 41	[8.81 s]
41.0.N: Requesting engine job to stop
41.0.B: Requesting engine job to stop
41.0.AM: Requesting engine job to stop
41.0.Hp: Requesting engine job to terminate
41.0.Ht: Requesting engine job to terminate
41.0.Mpcustom4: Requesting engine job to terminate
INFO (IPF144): 41: Initiating shutdown of proof [9.34 s]
41.0.Ht: Trace Attempt 51	[3.91 s]
41.0.Ht: A trace with 51 cycles was found. [9.22 s]
INFO (IPF047): 41.0.Ht: The cover property "CS_div_fsm_s3_42" was covered in 51 cycles in 9.30 s.
41.0.Ht: All properties determined. [9.28 s]
41.0.Hp: Interrupted (multi)
41.0.Hp: All properties determined. [9.33 s]
41.0.N: Trace Attempt 43	[9.15 s]
41.0.N: Stopped processing property "CS_div_fsm_s3_42"	[9.35 s].
41.0.N: All properties determined. [9.33 s]
41.0.N: Exited with Success (@ 9.38 s)
41: ProofGrid usable level: 0
41.0.B: Trace Attempt 51	[4.48 s]
41.0.B: Stopped processing property "CS_div_fsm_s3_42"	[9.11 s].
41.0.B: All properties determined. [9.11 s]
41.0.B: Exited with Success (@ 9.57 s)
41.0.Mpcustom4: Trace Attempt 46	[8.39 s]
41.0.Mpcustom4: All properties determined. [9.67 s]
41.0.Hp: Exited with Success (@ 9.72 s)
41.0.Mpcustom4: Exited with Success (@ 9.73 s)
41.0.Ht: Exited with Success (@ 9.83 s)
41.0.AM: Trace Attempt 50	[6.63 s]
41.0.AM: Stopped processing property "CS_div_fsm_s3_42"	[9.84 s].
41.0.AM: All properties determined. [9.84 s]
41.0.AM: Exited with Success (@ 10.31 s)
41: --------------------------------------------------------------
ProofGrid Summary (utilization 97.05 %)
--------------------------------------------------------------
     engines started                               :     7
     engine jobs started                           :     7

    Average time in state (seconds)
    ------------------------------------------------------
    Engine  Pending     Running        Dead    Utilization
    ------------------------------------------------------
      N        0.11        9.32        0.00       98.81 %
     Hp        0.10        9.32        0.00       98.97 %
     Ht        0.11        9.29        0.00       98.87 %
    Mpcustom4        0.09        9.30        0.00       99.07 %
     Oh        0.41        0.13        0.00       24.05 %
      B        0.43        8.90        0.00       95.38 %
     AM        0.43        8.89        0.00       95.39 %
    all        0.24        7.88        0.00       97.05 %

    Total time in state (seconds)
    -----------------------------------------
            Pending     Running        Dead  
    -----------------------------------------
               1.68       55.16        0.00

    Data read    : 136.67 kiB
    Data written : 11.13 kiB

41: All pending notifications were processed.
INFO (IPF059): 41: Completed proof on task: "mytask"
cover -name CS_div_fsm_s3_43 {@(posedge clk_i) !div_fsm_s3 ##1 div_fsm_s3 [*43] ##1 !div_fsm_s3 }
INFO (IPF036): Starting proof on task: "mytask", 1 properties to prove with 0 already proven/unreachable
INFO (IPF031): Settings used for proof thread 42:
    orchestration                 = on (auto)
    time_limit                    = 600s
    per_property_time_limit       = 1s * 10 ^ scan
    engine_mode                   = auto
    proofgrid_per_engine_max_jobs = 1
    max engine jobs               = auto
    proofgrid_mode                = local
    proofgrid_restarts            = 10
42: Using multistage preprocessing
42: Starting reduce
42: Finished reduce in 0.042s
42.0.PRE: Performing Proof Simplification...
42.0.N: clocks: 1, declared: 1, looping: 0, posedge: 1, negedge: 0, noedge: 0, bothedge: 0
42.0.N: Proof Simplification Iteration 1	[0.00 s]
42.0.N: Proof Simplification Iteration 2	[0.04 s]
42.0.N: Proof Simplification Iteration 3	[0.06 s]
42.0.N: Proof Simplification Iteration 4	[0.07 s]
42.0.N: Proof Simplification Iteration 5	[0.09 s]
42.0.N: Proof Simplification Iteration 6	[0.11 s]
42.0.N: Proof Simplification Iteration 7	[0.13 s]
42.0.N: Proof Simplification Iteration 8	[0.15 s]
42.0.N: Proof Simplification Iteration 9	[0.16 s]
42.0.N: Proof Simplification Iteration 10	[0.18 s]
42.0.PRE: Proof Simplification completed in 0.23 s
42: About to start ProofGrid in its own thread with a limit of 10000 pending notifications and a limit of 10 traces.
42: =============================== ProofGrid start ===============================
42: ProofGrid usable level: 1
42: Initial ProofGrid level: 1
42: ProofGrid is starting event handling
42.0.N: caddy15.stanford.edu: "Rocky Linux 8.10 (Green Obsidian)" is an unsupported operating system.
42.0.Hp: caddy15.stanford.edu: "Rocky Linux 8.10 (Green Obsidian)" is an unsupported operating system.
42.0.Ht: caddy15.stanford.edu: "Rocky Linux 8.10 (Green Obsidian)" is an unsupported operating system.
42.0.Mpcustom4: caddy15.stanford.edu: "Rocky Linux 8.10 (Green Obsidian)" is an unsupported operating system.
42.0.Hp: Proofgrid shell started at 3443786@caddy15.stanford.edu(local) jg_3426522_caddy15.stanford.edu_43
42.0.N: Proofgrid shell started at 3443785@caddy15.stanford.edu(local) jg_3426522_caddy15.stanford.edu_43
42.0.Hp: clocks: 1, declared: 1, looping: 0, posedge: 1, negedge: 0, noedge: 0, bothedge: 0
42.0.N: clocks: 1, declared: 1, looping: 0, posedge: 1, negedge: 0, noedge: 0, bothedge: 0
42.0.N: Last scan. Per property time limit: 0s
42.0.N: Starting proof for property "CS_div_fsm_s3_43"	[0.00 s].
42.0.N: Trace Attempt  1	[0.01 s]
42.0.Ht: Proofgrid shell started at 3443807@caddy15.stanford.edu(local) jg_3426522_caddy15.stanford.edu_43
42.0.Mpcustom4: Proofgrid shell started at 3443812@caddy15.stanford.edu(local) jg_3426522_caddy15.stanford.edu_43
42.0.N: Trace Attempt  2	[0.01 s]
42.0.N: Trace Attempt  3	[0.01 s]
42.0.Mpcustom4: clocks: 1, declared: 1, looping: 0, posedge: 1, negedge: 0, noedge: 0, bothedge: 0
42.0.Ht: clocks: 1, declared: 1, looping: 0, posedge: 1, negedge: 0, noedge: 0, bothedge: 0
42.0.N: Trace Attempt  3	[0.04 s]
42.0.Ht: Trace Attempt  1	[0.04 s]
42.0.Ht: Trace Attempt  2	[0.04 s]
42.0.Ht: Trace Attempt  3	[0.04 s]
42.0.Mpcustom4: Trace Attempt  1	[0.04 s]
42.0.N: Trace Attempt  4	[0.06 s]
42.0.N: Trace Attempt  5	[0.06 s]
42.0.Ht: Trace Attempt  4	[0.05 s]
42.0.Mpcustom4: Trace Attempt  2	[0.06 s]
42.0.Ht: Trace Attempt  5	[0.06 s]
42.0.N: Trace Attempt  5	[0.12 s]
42.0.Oh: caddy15.stanford.edu: "Rocky Linux 8.10 (Green Obsidian)" is an unsupported operating system.
42.0.B: caddy15.stanford.edu: "Rocky Linux 8.10 (Green Obsidian)" is an unsupported operating system.
42.0.AM: caddy15.stanford.edu: "Rocky Linux 8.10 (Green Obsidian)" is an unsupported operating system.
42.0.Oh: Proofgrid shell started at 3443838@caddy15.stanford.edu(local) jg_3426522_caddy15.stanford.edu_43
42.0.Oh: clocks: 1, declared: 1, looping: 0, posedge: 1, negedge: 0, noedge: 0, bothedge: 0
42.0.Oh: bwd trail(1): 1 0.111209s
42.0.Oh: All properties either determined or skipped. [0.14 s]
42.0.Oh: Exited with Success (@ 0.51 s)
42.0.Oh: Completed, Restart ignored.
42.0.B: Proofgrid shell started at 3443843@caddy15.stanford.edu(local) jg_3426522_caddy15.stanford.edu_43
42.0.AM: Proofgrid shell started at 3443849@caddy15.stanford.edu(local) jg_3426522_caddy15.stanford.edu_43
42.0.B: clocks: 1, declared: 1, looping: 0, posedge: 1, negedge: 0, noedge: 0, bothedge: 0
42.0.B: Last scan. Per property time limit: 0s
42.0.B: Starting proof for property "CS_div_fsm_s3_43"	[0.00 s].
42.0.B: Trace Attempt  1	[0.02 s]
42.0.AM: clocks: 1, declared: 1, looping: 0, posedge: 1, negedge: 0, noedge: 0, bothedge: 0
42.0.AM: Last scan. Per property time limit: 0s
42.0.AM: Starting proof for property "CS_div_fsm_s3_43"	[0.00 s].
42.0.AM: Trace Attempt  1	[0.00 s]
42.0.B: Trace Attempt  2	[0.04 s]
42.0.AM: Trace Attempt  2	[0.01 s]
42.0.B: Trace Attempt  3	[0.05 s]
42.0.B: Trace Attempt  4	[0.07 s]
42.0.AM: Trace Attempt  3	[0.04 s]
42.0.Mpcustom4: Trace Attempt  3	[0.63 s]
42.0.AM: Trace Attempt  4	[0.09 s]
42.0.Mpcustom4: Trace Attempt  3	[0.68 s]
42.0.B: Trace Attempt  5	[0.17 s]
42.0.AM: Trace Attempt  5	[0.14 s]
42.0.Mpcustom4: Trace Attempt  4	[0.70 s]
42.0.Mpcustom4: Trace Attempt  4	[0.76 s]
42.0.Mpcustom4: Trace Attempt  5	[0.79 s]
42.0.N: Trace Attempt 29	[4.30 s]
42.0.Ht: Trace Attempt 52	[4.46 s]
42.0.B: Trace Attempt 48	[4.22 s]
42.0.Mpcustom4: Trace Attempt 36	[4.85 s]
42.0.AM: Trace Attempt 51	[7.06 s]
42.0.N: Trace Attempt 41	[8.60 s]
42.0.Mpcustom4: Trace Attempt 46	[8.88 s]
42.0.N: Requesting engine job to stop
42.0.B: Requesting engine job to stop
42.0.AM: Requesting engine job to stop
42.0.Hp: Requesting engine job to terminate
42.0.Ht: Requesting engine job to terminate
42.0.Mpcustom4: Requesting engine job to terminate
INFO (IPF144): 42: Initiating shutdown of proof [9.40 s]
42.0.Ht: A trace with 52 cycles was found. [9.30 s]
INFO (IPF047): 42.0.Ht: The cover property "CS_div_fsm_s3_43" was covered in 52 cycles in 9.35 s.
42.0.Ht: All properties determined. [9.35 s]
42.0.Hp: Interrupted (multi)
42.0.Hp: All properties determined. [9.39 s]
42.0.N: Trace Attempt 43	[8.82 s]
42.0.N: Stopped processing property "CS_div_fsm_s3_43"	[9.46 s].
42.0.N: All properties determined. [9.47 s]
42.0.N: Exited with Success (@ 9.51 s)
42: ProofGrid usable level: 0
42.0.B: Trace Attempt 52	[4.87 s]
42.0.B: Stopped processing property "CS_div_fsm_s3_43"	[9.04 s].
42.0.B: All properties determined. [9.04 s]
42.0.B: Exited with Success (@ 9.61 s)
42.0.Mpcustom4: All properties determined. [9.60 s]
42.0.Mpcustom4: Exited with Success (@ 9.68 s)
42.0.Hp: Exited with Success (@ 9.70 s)
42.0.AM: Stopped processing property "CS_div_fsm_s3_43"	[9.43 s].
42.0.Ht: Exited with Success (@ 10.04 s)
42.0.AM: All properties determined. [9.44 s]
42.0.AM: Exited with Success (@ 10.06 s)
42: --------------------------------------------------------------
ProofGrid Summary (utilization 96.70 %)
--------------------------------------------------------------
     engines started                               :     7
     engine jobs started                           :     7

    Average time in state (seconds)
    ------------------------------------------------------
    Engine  Pending     Running        Dead    Utilization
    ------------------------------------------------------
      N        0.11        9.39        0.00       98.81 %
     Hp        0.08        9.39        0.00       99.13 %
     Ht        0.10        9.35        0.00       98.93 %
    Mpcustom4        0.10        9.35        0.00       98.96 %
     Oh        0.39        0.14        0.00       26.38 %
      B        0.55        8.85        0.00       94.13 %
     AM        0.55        8.82        0.00       94.13 %
    all        0.27        7.90        0.00       96.70 %

    Total time in state (seconds)
    -----------------------------------------
            Pending     Running        Dead  
    -----------------------------------------
               1.89       55.29        0.00

    Data read    : 138.41 kiB
    Data written : 12.17 kiB

42: All pending notifications were processed.
INFO (IPF059): 42: Completed proof on task: "mytask"
cover -name CS_div_fsm_s3_44 {@(posedge clk_i) !div_fsm_s3 ##1 div_fsm_s3 [*44] ##1 !div_fsm_s3 }
INFO (IPF036): Starting proof on task: "mytask", 1 properties to prove with 0 already proven/unreachable
INFO (IPF031): Settings used for proof thread 43:
    orchestration                 = on (auto)
    time_limit                    = 600s
    per_property_time_limit       = 1s * 10 ^ scan
    engine_mode                   = auto
    proofgrid_per_engine_max_jobs = 1
    max engine jobs               = auto
    proofgrid_mode                = local
    proofgrid_restarts            = 10
43: Using multistage preprocessing
43: Starting reduce
43: Finished reduce in 0.042s
43.0.PRE: Performing Proof Simplification...
43.0.N: clocks: 1, declared: 1, looping: 0, posedge: 1, negedge: 0, noedge: 0, bothedge: 0
43.0.N: Proof Simplification Iteration 1	[0.00 s]
43.0.N: Proof Simplification Iteration 2	[0.04 s]
43.0.N: Proof Simplification Iteration 3	[0.06 s]
43.0.N: Proof Simplification Iteration 4	[0.07 s]
43.0.N: Proof Simplification Iteration 5	[0.09 s]
43.0.N: Proof Simplification Iteration 6	[0.11 s]
43.0.N: Proof Simplification Iteration 7	[0.13 s]
43.0.N: Proof Simplification Iteration 8	[0.15 s]
43.0.N: Proof Simplification Iteration 9	[0.17 s]
43.0.N: Proof Simplification Iteration 10	[0.18 s]
43.0.PRE: Proof Simplification completed in 0.23 s
43: About to start ProofGrid in its own thread with a limit of 10000 pending notifications and a limit of 10 traces.
43: =============================== ProofGrid start ===============================
43: ProofGrid usable level: 1
43: Initial ProofGrid level: 1
43: ProofGrid is starting event handling
43.0.N: caddy15.stanford.edu: "Rocky Linux 8.10 (Green Obsidian)" is an unsupported operating system.
43.0.Hp: caddy15.stanford.edu: "Rocky Linux 8.10 (Green Obsidian)" is an unsupported operating system.
43.0.Ht: caddy15.stanford.edu: "Rocky Linux 8.10 (Green Obsidian)" is an unsupported operating system.
43.0.Mpcustom4: caddy15.stanford.edu: "Rocky Linux 8.10 (Green Obsidian)" is an unsupported operating system.
43.0.N: Proofgrid shell started at 3444350@caddy15.stanford.edu(local) jg_3426522_caddy15.stanford.edu_44
43.0.Hp: Proofgrid shell started at 3444351@caddy15.stanford.edu(local) jg_3426522_caddy15.stanford.edu_44
43.0.N: clocks: 1, declared: 1, looping: 0, posedge: 1, negedge: 0, noedge: 0, bothedge: 0
43.0.N: Last scan. Per property time limit: 0s
43.0.N: Starting proof for property "CS_div_fsm_s3_44"	[0.00 s].
43.0.N: Trace Attempt  1	[0.01 s]
43.0.N: Trace Attempt  2	[0.01 s]
43.0.N: Trace Attempt  3	[0.01 s]
43.0.Hp: clocks: 1, declared: 1, looping: 0, posedge: 1, negedge: 0, noedge: 0, bothedge: 0
43.0.Ht: Proofgrid shell started at 3444373@caddy15.stanford.edu(local) jg_3426522_caddy15.stanford.edu_44
43.0.Ht: clocks: 1, declared: 1, looping: 0, posedge: 1, negedge: 0, noedge: 0, bothedge: 0
43.0.N: Trace Attempt  3	[0.04 s]
43.0.Mpcustom4: Proofgrid shell started at 3444392@caddy15.stanford.edu(local) jg_3426522_caddy15.stanford.edu_44
43.0.N: Trace Attempt  4	[0.06 s]
43.0.N: Trace Attempt  5	[0.06 s]
43.0.Ht: Trace Attempt  1	[0.04 s]
43.0.Ht: Trace Attempt  2	[0.04 s]
43.0.Ht: Trace Attempt  3	[0.04 s]
43.0.Mpcustom4: clocks: 1, declared: 1, looping: 0, posedge: 1, negedge: 0, noedge: 0, bothedge: 0
43.0.Ht: Trace Attempt  4	[0.05 s]
43.0.Ht: Trace Attempt  5	[0.06 s]
43.0.Mpcustom4: Trace Attempt  1	[0.04 s]
43.0.Mpcustom4: Trace Attempt  2	[0.06 s]
43.0.Oh: caddy15.stanford.edu: "Rocky Linux 8.10 (Green Obsidian)" is an unsupported operating system.
43.0.N: Trace Attempt  5	[0.12 s]
43.0.B: caddy15.stanford.edu: "Rocky Linux 8.10 (Green Obsidian)" is an unsupported operating system.
43.0.AM: caddy15.stanford.edu: "Rocky Linux 8.10 (Green Obsidian)" is an unsupported operating system.
43.0.Oh: Proofgrid shell started at 3444407@caddy15.stanford.edu(local) jg_3426522_caddy15.stanford.edu_44
43.0.Oh: clocks: 1, declared: 1, looping: 0, posedge: 1, negedge: 0, noedge: 0, bothedge: 0
43.0.B: Proofgrid shell started at 3444409@caddy15.stanford.edu(local) jg_3426522_caddy15.stanford.edu_44
43.0.AM: Proofgrid shell started at 3444411@caddy15.stanford.edu(local) jg_3426522_caddy15.stanford.edu_44
43.0.B: clocks: 1, declared: 1, looping: 0, posedge: 1, negedge: 0, noedge: 0, bothedge: 0
43.0.B: Last scan. Per property time limit: 0s
43.0.B: Starting proof for property "CS_div_fsm_s3_44"	[0.00 s].
43.0.AM: clocks: 1, declared: 1, looping: 0, posedge: 1, negedge: 0, noedge: 0, bothedge: 0
43.0.B: Trace Attempt  1	[0.01 s]
43.0.AM: Last scan. Per property time limit: 0s
43.0.AM: Starting proof for property "CS_div_fsm_s3_44"	[0.00 s].
43.0.AM: Trace Attempt  1	[0.00 s]
43.0.AM: Trace Attempt  2	[0.01 s]
43.0.B: Trace Attempt  2	[0.04 s]
43.0.AM: Trace Attempt  3	[0.05 s]
43.0.B: Trace Attempt  3	[0.07 s]
43.0.B: Trace Attempt  4	[0.10 s]
43.0.AM: Trace Attempt  4	[0.10 s]
43.0.Mpcustom4: Trace Attempt  3	[0.64 s]
43.0.AM: Trace Attempt  5	[0.15 s]
43.0.Mpcustom4: Trace Attempt  3	[0.69 s]
43.0.Mpcustom4: Trace Attempt  4	[0.71 s]
43.0.Oh: bwd trail(1): 1 0.118487s
43.0.Oh: All properties either determined or skipped. [0.35 s]
43.0.B: Trace Attempt  5	[0.23 s]
43.0.Oh: Exited with Success (@ 0.80 s)
43.0.Oh: Completed, Restart ignored.
43.0.Mpcustom4: Trace Attempt  4	[0.77 s]
43.0.Mpcustom4: Trace Attempt  5	[0.79 s]
43.0.N: Trace Attempt 29	[4.45 s]
43.0.Ht: Trace Attempt 53	[4.75 s]
43.0.B: Trace Attempt 47	[4.25 s]
43.0.AM: Trace Attempt 50	[4.28 s]
43.0.Mpcustom4: Trace Attempt 38	[4.81 s]
43.0.N: Trace Attempt 39	[8.55 s]
43.0.Mpcustom4: Trace Attempt 47	[9.50 s]
43.0.N: Trace Attempt 47	[12.66 s]
43.0.Mpcustom4: Trace Attempt 48	[14.85 s]
43.0.N: Requesting engine job to stop
43.0.B: Requesting engine job to stop
43.0.AM: Requesting engine job to stop
43.0.Hp: Requesting engine job to terminate
43.0.Ht: Requesting engine job to terminate
43.0.Mpcustom4: Requesting engine job to terminate
INFO (IPF144): 43: Initiating shutdown of proof [18.26 s]
43.0.B: Trace Attempt 53	[5.09 s]
43.0.B: A trace with 53 cycles was found. [17.68 s]
INFO (IPF047): 43.0.B: The cover property "CS_div_fsm_s3_44" was covered in 53 cycles in 17.72 s.
43.0.B: Stopped processing property "CS_div_fsm_s3_44"	[17.72 s].
43.0.B: All properties determined. [17.70 s]
43.0.N: Trace Attempt 52	[15.58 s]
43.0.N: Stopped processing property "CS_div_fsm_s3_44"	[18.37 s].
43.0.B: Exited with Success (@ 18.39 s)
43: ProofGrid usable level: 0
43.0.N: All properties determined. [18.37 s]
43.0.N: Exited with Success (@ 18.52 s)
43.0.Mpcustom4: All properties determined. [18.44 s]
43.0.AM: Trace Attempt 52	[7.47 s]
43.0.AM: Stopped processing property "CS_div_fsm_s3_44"	[18.19 s].
43.0.Mpcustom4: Exited with Success (@ 18.77 s)
43.0.AM: All properties determined. [18.20 s]
43.0.AM: Exited with Success (@ 18.79 s)
43.0.Ht: Interrupted (multi)
43.0.Ht: All properties determined. [19.04 s]
43.0.Ht: Exited with Success (@ 19.51 s)
43.0.Hp: Interrupted (multi)
43.0.Hp: All properties determined. [19.86 s]
43.0.Hp: Exited with Success (@ 20.08 s)
43: --------------------------------------------------------------
ProofGrid Summary (utilization 98.36 %)
--------------------------------------------------------------
     engines started                               :     7
     engine jobs started                           :     7

    Average time in state (seconds)
    ------------------------------------------------------
    Engine  Pending     Running        Dead    Utilization
    ------------------------------------------------------
      N        0.10       18.26        0.00       99.43 %
     Hp        0.08       18.24        0.00       99.55 %
     Ht        0.10       18.22        0.00       99.47 %
    Mpcustom4        0.09       18.19        0.00       99.48 %
     Oh        0.42        0.35        0.00       45.57 %
      B        0.49       17.73        0.00       97.30 %
     AM        0.53       17.72        0.00       97.12 %
    all        0.26       15.53        0.00       98.36 %

    Total time in state (seconds)
    -----------------------------------------
            Pending     Running        Dead  
    -----------------------------------------
               1.81      108.70        0.00

    Data read    : 155.56 kiB
    Data written : 13.58 kiB

43: All pending notifications were processed.
INFO (IPF059): 43: Completed proof on task: "mytask"
cover -name CS_div_fsm_s3_45 {@(posedge clk_i) !div_fsm_s3 ##1 div_fsm_s3 [*45] ##1 !div_fsm_s3 }
INFO (IPF036): Starting proof on task: "mytask", 1 properties to prove with 0 already proven/unreachable
INFO (IPF031): Settings used for proof thread 44:
    orchestration                 = on (auto)
    time_limit                    = 600s
    per_property_time_limit       = 1s * 10 ^ scan
    engine_mode                   = auto
    proofgrid_per_engine_max_jobs = 1
    max engine jobs               = auto
    proofgrid_mode                = local
    proofgrid_restarts            = 10
44: Using multistage preprocessing
44: Starting reduce
44: Finished reduce in 0.042s
44.0.PRE: Performing Proof Simplification...
44.0.N: clocks: 1, declared: 1, looping: 0, posedge: 1, negedge: 0, noedge: 0, bothedge: 0
44.0.N: Proof Simplification Iteration 1	[0.00 s]
44.0.N: Proof Simplification Iteration 2	[0.04 s]
44.0.N: Proof Simplification Iteration 3	[0.06 s]
44.0.N: Proof Simplification Iteration 4	[0.07 s]
44.0.N: Proof Simplification Iteration 5	[0.09 s]
44.0.N: Proof Simplification Iteration 6	[0.11 s]
44.0.N: Proof Simplification Iteration 7	[0.13 s]
44.0.N: Proof Simplification Iteration 8	[0.15 s]
44.0.N: Proof Simplification Iteration 9	[0.17 s]
44.0.N: Proof Simplification Iteration 10	[0.18 s]
44.0.PRE: Proof Simplification completed in 0.23 s
44: About to start ProofGrid in its own thread with a limit of 10000 pending notifications and a limit of 10 traces.
44: =============================== ProofGrid start ===============================
44: ProofGrid usable level: 1
44: Initial ProofGrid level: 1
44: ProofGrid is starting event handling
44.0.Hp: caddy15.stanford.edu: "Rocky Linux 8.10 (Green Obsidian)" is an unsupported operating system.
44.0.N: caddy15.stanford.edu: "Rocky Linux 8.10 (Green Obsidian)" is an unsupported operating system.
44.0.Ht: caddy15.stanford.edu: "Rocky Linux 8.10 (Green Obsidian)" is an unsupported operating system.
44.0.Mpcustom4: caddy15.stanford.edu: "Rocky Linux 8.10 (Green Obsidian)" is an unsupported operating system.
44.0.N: Proofgrid shell started at 3445030@caddy15.stanford.edu(local) jg_3426522_caddy15.stanford.edu_45
44.0.Hp: Proofgrid shell started at 3445031@caddy15.stanford.edu(local) jg_3426522_caddy15.stanford.edu_45
44.0.N: clocks: 1, declared: 1, looping: 0, posedge: 1, negedge: 0, noedge: 0, bothedge: 0
44.0.Hp: clocks: 1, declared: 1, looping: 0, posedge: 1, negedge: 0, noedge: 0, bothedge: 0
44.0.Ht: Proofgrid shell started at 3445054@caddy15.stanford.edu(local) jg_3426522_caddy15.stanford.edu_45
44.0.N: Last scan. Per property time limit: 0s
44.0.N: Starting proof for property "CS_div_fsm_s3_45"	[0.00 s].
44.0.N: Trace Attempt  1	[0.01 s]
44.0.Ht: clocks: 1, declared: 1, looping: 0, posedge: 1, negedge: 0, noedge: 0, bothedge: 0
44.0.N: Trace Attempt  2	[0.01 s]
44.0.N: Trace Attempt  3	[0.01 s]
44.0.Mpcustom4: Proofgrid shell started at 3445072@caddy15.stanford.edu(local) jg_3426522_caddy15.stanford.edu_45
44.0.Ht: Trace Attempt  1	[0.04 s]
44.0.Ht: Trace Attempt  2	[0.04 s]
44.0.Ht: Trace Attempt  3	[0.04 s]
44.0.Oh: caddy15.stanford.edu: "Rocky Linux 8.10 (Green Obsidian)" is an unsupported operating system.
44.0.N: Trace Attempt  3	[0.04 s]
44.0.N: Trace Attempt  4	[0.06 s]
44.0.N: Trace Attempt  5	[0.06 s]
44.0.Ht: Trace Attempt  4	[0.05 s]
44.0.Ht: Trace Attempt  5	[0.06 s]
44.0.Mpcustom4: clocks: 1, declared: 1, looping: 0, posedge: 1, negedge: 0, noedge: 0, bothedge: 0
44.0.Oh: Proofgrid shell started at 3445087@caddy15.stanford.edu(local) jg_3426522_caddy15.stanford.edu_45
44.0.N: Trace Attempt  5	[0.12 s]
44.0.Mpcustom4: Trace Attempt  1	[0.07 s]
44.0.Oh: clocks: 1, declared: 1, looping: 0, posedge: 1, negedge: 0, noedge: 0, bothedge: 0
44.0.Mpcustom4: Trace Attempt  2	[0.09 s]
44.0.B: caddy15.stanford.edu: "Rocky Linux 8.10 (Green Obsidian)" is an unsupported operating system.
44.0.AM: caddy15.stanford.edu: "Rocky Linux 8.10 (Green Obsidian)" is an unsupported operating system.
44.0.Oh: bwd trail(1): 1 0.111275s
44.0.Oh: All properties either determined or skipped. [0.14 s]
44.0.Oh: Exited with Success (@ 0.30 s)
44.0.AM: Proofgrid shell started at 3445092@caddy15.stanford.edu(local) jg_3426522_caddy15.stanford.edu_45
44.0.AM: clocks: 1, declared: 1, looping: 0, posedge: 1, negedge: 0, noedge: 0, bothedge: 0
44.0.AM: Last scan. Per property time limit: 0s
44.0.AM: Starting proof for property "CS_div_fsm_s3_45"	[0.00 s].
44.0.AM: Trace Attempt  1	[0.00 s]
44.0.AM: Trace Attempt  2	[0.01 s]
44.0.B: Proofgrid shell started at 3445089@caddy15.stanford.edu(local) jg_3426522_caddy15.stanford.edu_45
44.0.AM: Trace Attempt  3	[0.04 s]
44.0.B: clocks: 1, declared: 1, looping: 0, posedge: 1, negedge: 0, noedge: 0, bothedge: 0
44.0.B: Last scan. Per property time limit: 0s
44.0.B: Starting proof for property "CS_div_fsm_s3_45"	[0.00 s].
44.0.B: Trace Attempt  1	[0.01 s]
44.0.B: Trace Attempt  2	[0.02 s]
44.0.AM: Trace Attempt  4	[0.09 s]
44.0.B: Trace Attempt  3	[0.04 s]
44.0.B: Trace Attempt  4	[0.05 s]
44.0.AM: Trace Attempt  5	[0.14 s]
44.0.B: Trace Attempt  5	[0.09 s]
44.0.Mpcustom4: Trace Attempt  3	[0.65 s]
44.0.Mpcustom4: Trace Attempt  3	[0.70 s]
44.0.Mpcustom4: Trace Attempt  4	[0.72 s]
44.0.Mpcustom4: Trace Attempt  4	[0.83 s]
44.0.Mpcustom4: Trace Attempt  5	[0.85 s]
44.0.N: Trace Attempt 29	[4.36 s]
44.0.B: Trace Attempt 52	[4.14 s]
44.0.AM: Trace Attempt 48	[4.22 s]
44.0.Ht: Trace Attempt 54	[5.07 s]
44.0.Mpcustom4: Trace Attempt 32	[5.06 s]
44.0.N: Trace Attempt 41	[8.96 s]
44.0.Mpcustom4: Trace Attempt 48	[9.10 s]
44.0.N: Requesting engine job to stop
44.0.B: Requesting engine job to stop
44.0.AM: Requesting engine job to stop
44.0.Hp: Requesting engine job to terminate
44.0.Ht: Requesting engine job to terminate
44.0.Mpcustom4: Requesting engine job to terminate
INFO (IPF144): 44: Initiating shutdown of proof [12.87 s]
44.0.Ht: A trace with 54 cycles was found. [12.76 s]
INFO (IPF047): 44.0.Ht: The cover property "CS_div_fsm_s3_45" was covered in 54 cycles in 12.83 s.
44.0.Ht: All properties determined. [12.83 s]
44.0.Hp: Interrupted (multi)
44.0.Hp: All properties determined. [12.87 s]
44.0.N: Trace Attempt 50	[12.29 s]
44.0.N: Stopped processing property "CS_div_fsm_s3_45"	[12.92 s].
44.0.N: All properties determined. [12.94 s]
44.0.B: Trace Attempt 54	[4.92 s]
44.0.B: Stopped processing property "CS_div_fsm_s3_45"	[12.52 s].
44.0.N: Exited with Success (@ 13.07 s)
44: ProofGrid usable level: 0
44.0.B: All properties determined. [12.53 s]
44.0.B: Exited with Success (@ 13.12 s)
44.0.Mpcustom4: Trace Attempt 49	[12.67 s]
44.0.Mpcustom4: All properties determined. [13.03 s]
44.0.AM: Trace Attempt 53	[8.08 s]
44.0.AM: Stopped processing property "CS_div_fsm_s3_45"	[12.73 s].
44.0.Mpcustom4: Exited with Success (@ 13.23 s)
44.0.Hp: Exited with Success (@ 13.23 s)
44.0.AM: All properties determined. [12.75 s]
44.0.Ht: Exited with Success (@ 13.34 s)
44.0.AM: Exited with Success (@ 13.34 s)
44: --------------------------------------------------------------
ProofGrid Summary (utilization 98.07 %)
--------------------------------------------------------------
     engines started                               :     7
     engine jobs started                           :     7

    Average time in state (seconds)
    ------------------------------------------------------
    Engine  Pending     Running        Dead    Utilization
    ------------------------------------------------------
      N        0.11       12.85        0.00       99.16 %
     Hp        0.09       12.85        0.00       99.32 %
     Ht        0.09       12.83        0.00       99.31 %
    Mpcustom4        0.11       12.78        0.00       99.16 %
     Oh        0.16        0.14        0.00       46.97 %
      B        0.51       12.34        0.00       96.03 %
     AM        0.44       12.41        0.00       96.57 %
    all        0.21       10.89        0.00       98.07 %

    Total time in state (seconds)
    -----------------------------------------
            Pending     Running        Dead  
    -----------------------------------------
               1.50       76.20        0.00

    Data read    : 146.64 kiB
    Data written : 10.71 kiB

44: All pending notifications were processed.
INFO (IPF059): 44: Completed proof on task: "mytask"
cover -name CS_div_fsm_s3_46 {@(posedge clk_i) !div_fsm_s3 ##1 div_fsm_s3 [*46] ##1 !div_fsm_s3 }
INFO (IPF036): Starting proof on task: "mytask", 1 properties to prove with 0 already proven/unreachable
INFO (IPF031): Settings used for proof thread 45:
    orchestration                 = on (auto)
    time_limit                    = 600s
    per_property_time_limit       = 1s * 10 ^ scan
    engine_mode                   = auto
    proofgrid_per_engine_max_jobs = 1
    max engine jobs               = auto
    proofgrid_mode                = local
    proofgrid_restarts            = 10
45: Using multistage preprocessing
45: Starting reduce
45: Finished reduce in 0.041s
45.0.PRE: Performing Proof Simplification...
45.0.N: clocks: 1, declared: 1, looping: 0, posedge: 1, negedge: 0, noedge: 0, bothedge: 0
45.0.N: Proof Simplification Iteration 1	[0.00 s]
45.0.N: Proof Simplification Iteration 2	[0.04 s]
45.0.N: Proof Simplification Iteration 3	[0.05 s]
45.0.N: Proof Simplification Iteration 4	[0.07 s]
45.0.N: Proof Simplification Iteration 5	[0.09 s]
45.0.N: Proof Simplification Iteration 6	[0.11 s]
45.0.N: Proof Simplification Iteration 7	[0.13 s]
45.0.N: Proof Simplification Iteration 8	[0.14 s]
45.0.N: Proof Simplification Iteration 9	[0.16 s]
45.0.N: Proof Simplification Iteration 10	[0.18 s]
45.0.PRE: Proof Simplification completed in 0.23 s
45: About to start ProofGrid in its own thread with a limit of 10000 pending notifications and a limit of 10 traces.
45: =============================== ProofGrid start ===============================
45: ProofGrid usable level: 1
45: Initial ProofGrid level: 1
45: ProofGrid is starting event handling
45.0.Hp: caddy15.stanford.edu: "Rocky Linux 8.10 (Green Obsidian)" is an unsupported operating system.
45.0.N: caddy15.stanford.edu: "Rocky Linux 8.10 (Green Obsidian)" is an unsupported operating system.
45.0.Ht: caddy15.stanford.edu: "Rocky Linux 8.10 (Green Obsidian)" is an unsupported operating system.
45.0.Mpcustom4: caddy15.stanford.edu: "Rocky Linux 8.10 (Green Obsidian)" is an unsupported operating system.
45.0.B: caddy15.stanford.edu: "Rocky Linux 8.10 (Green Obsidian)" is an unsupported operating system.
45.0.Oh: caddy15.stanford.edu: "Rocky Linux 8.10 (Green Obsidian)" is an unsupported operating system.
45.0.N: Proofgrid shell started at 3445379@caddy15.stanford.edu(local) jg_3426522_caddy15.stanford.edu_46
45.0.N: clocks: 1, declared: 1, looping: 0, posedge: 1, negedge: 0, noedge: 0, bothedge: 0
45.0.Hp: Proofgrid shell started at 3445381@caddy15.stanford.edu(local) jg_3426522_caddy15.stanford.edu_46
45.0.AM: caddy15.stanford.edu: "Rocky Linux 8.10 (Green Obsidian)" is an unsupported operating system.
45.0.Hp: clocks: 1, declared: 1, looping: 0, posedge: 1, negedge: 0, noedge: 0, bothedge: 0
45.0.N: Last scan. Per property time limit: 0s
45.0.N: Starting proof for property "CS_div_fsm_s3_46"	[0.00 s].
45.0.N: Trace Attempt  1	[0.01 s]
45.0.Ht: Proofgrid shell started at 3445426@caddy15.stanford.edu(local) jg_3426522_caddy15.stanford.edu_46
45.0.N: Trace Attempt  2	[0.01 s]
45.0.N: Trace Attempt  3	[0.01 s]
45.0.Mpcustom4: Proofgrid shell started at 3445431@caddy15.stanford.edu(local) jg_3426522_caddy15.stanford.edu_46
45.0.Oh: Proofgrid shell started at 3445474@caddy15.stanford.edu(local) jg_3426522_caddy15.stanford.edu_46
45.0.Ht: clocks: 1, declared: 1, looping: 0, posedge: 1, negedge: 0, noedge: 0, bothedge: 0
45.0.Mpcustom4: clocks: 1, declared: 1, looping: 0, posedge: 1, negedge: 0, noedge: 0, bothedge: 0
45.0.Oh: clocks: 1, declared: 1, looping: 0, posedge: 1, negedge: 0, noedge: 0, bothedge: 0
45.0.B: Proofgrid shell started at 3445479@caddy15.stanford.edu(local) jg_3426522_caddy15.stanford.edu_46
45.0.B: clocks: 1, declared: 1, looping: 0, posedge: 1, negedge: 0, noedge: 0, bothedge: 0
45.0.N: Trace Attempt  3	[0.05 s]
45.0.Ht: Trace Attempt  1	[0.04 s]
45.0.Ht: Trace Attempt  2	[0.04 s]
45.0.Ht: Trace Attempt  3	[0.04 s]
45.0.B: Last scan. Per property time limit: 0s
45.0.B: Starting proof for property "CS_div_fsm_s3_46"	[0.00 s].
45.0.Mpcustom4: Trace Attempt  1	[0.04 s]
45.0.B: Trace Attempt  1	[0.01 s]
45.0.AM: Proofgrid shell started at 3445525@caddy15.stanford.edu(local) jg_3426522_caddy15.stanford.edu_46
45.0.Ht: Trace Attempt  4	[0.04 s]
45.0.N: Trace Attempt  4	[0.07 s]
45.0.B: Trace Attempt  2	[0.02 s]
45.0.N: Trace Attempt  5	[0.07 s]
45.0.Ht: Trace Attempt  5	[0.05 s]
45.0.AM: clocks: 1, declared: 1, looping: 0, posedge: 1, negedge: 0, noedge: 0, bothedge: 0
45.0.Mpcustom4: Trace Attempt  2	[0.06 s]
45.0.B: Trace Attempt  3	[0.03 s]
45.0.AM: Last scan. Per property time limit: 0s
45.0.AM: Starting proof for property "CS_div_fsm_s3_46"	[0.00 s].
45.0.B: Trace Attempt  4	[0.04 s]
45.0.AM: Trace Attempt  1	[0.00 s]
45.0.AM: Trace Attempt  2	[0.01 s]
45.0.AM: Trace Attempt  3	[0.03 s]
45.0.N: Trace Attempt  5	[0.12 s]
45.0.B: Trace Attempt  5	[0.07 s]
45.0.AM: Trace Attempt  4	[0.06 s]
45.0.Oh: bwd trail(1): 1 0.111416s
45.0.Oh: All properties either determined or skipped. [0.13 s]
45.0.Oh: Exited with Success (@ 0.17 s)
45.0.AM: Trace Attempt  5	[0.08 s]
45.0.Mpcustom4: Trace Attempt  3	[0.61 s]
45.0.Mpcustom4: Trace Attempt  3	[0.65 s]
45.0.Mpcustom4: Trace Attempt  4	[0.68 s]
45.0.Mpcustom4: Trace Attempt  4	[0.74 s]
45.0.Mpcustom4: Trace Attempt  5	[0.77 s]
45.0.N: Trace Attempt 26	[4.17 s]
45.0.B: Trace Attempt 34	[4.15 s]
45.0.AM: Trace Attempt 49	[4.19 s]
45.0.Mpcustom4: Trace Attempt 34	[4.84 s]
45.0.N: Trace Attempt 38	[8.24 s]
45.0.Mpcustom4: Trace Attempt 48	[8.86 s]
45.0.N: Trace Attempt 47	[12.66 s]
45.0.Mpcustom4: Trace Attempt 50	[13.98 s]
45.0.N: Requesting engine job to stop
45.0.B: Requesting engine job to stop
45.0.AM: Requesting engine job to stop
45.0.Hp: Requesting engine job to terminate
45.0.Ht: Requesting engine job to terminate
45.0.Mpcustom4: Requesting engine job to terminate
INFO (IPF144): 45: Initiating shutdown of proof [14.10 s]
45.0.Ht: Trace Attempt 55	[3.91 s]
45.0.Ht: A trace with 55 cycles was found. [13.99 s]
INFO (IPF047): 45.0.Ht: The cover property "CS_div_fsm_s3_46" was covered in 55 cycles in 14.09 s.
45.0.Ht: All properties determined. [14.05 s]
45.0.Mpcustom4: All properties determined. [14.33 s]
45.0.N: Trace Attempt 49	[12.93 s]
45.0.N: Stopped processing property "CS_div_fsm_s3_46"	[14.38 s].
45.0.Mpcustom4: Exited with Success (@ 14.40 s)
45: ProofGrid usable level: 0
45.0.N: All properties determined. [14.38 s]
45.0.N: Exited with Success (@ 14.41 s)
45.0.B: Trace Attempt 55	[6.83 s]
45.0.B: Stopped processing property "CS_div_fsm_s3_46"	[14.40 s].
45.0.B: All properties determined. [14.40 s]
45.0.B: Exited with Success (@ 14.48 s)
45.0.AM: Trace Attempt 54	[7.71 s]
45.0.AM: Stopped processing property "CS_div_fsm_s3_46"	[14.48 s].
45.0.AM: All properties determined. [14.48 s]
45.0.AM: Exited with Success (@ 14.91 s)
45.0.Ht: Exited with Success (@ 15.16 s)
45.0.Hp: Interrupted (multi)
45.0.Hp: All properties determined. [15.42 s]
45.0.Hp: Exited with Success (@ 15.65 s)
45: --------------------------------------------------------------
ProofGrid Summary (utilization 99.34 %)
--------------------------------------------------------------
     engines started                               :     7
     engine jobs started                           :     7

    Average time in state (seconds)
    ------------------------------------------------------
    Engine  Pending     Running        Dead    Utilization
    ------------------------------------------------------
      N        0.10       14.09        0.00       99.32 %
     Hp        0.08       14.08        0.00       99.40 %
     Ht        0.08       14.06        0.00       99.46 %
    Mpcustom4        0.08       14.06        0.00       99.45 %
     Oh        0.06        0.13        0.00       68.13 %
      B        0.08       14.04        0.00       99.45 %
     AM        0.09       14.01        0.00       99.39 %
    all        0.08       12.07        0.00       99.34 %

    Total time in state (seconds)
    -----------------------------------------
            Pending     Running        Dead  
    -----------------------------------------
               0.56       84.49        0.00

    Data read    : 150.62 kiB
    Data written : 10.54 kiB

45: All pending notifications were processed.
INFO (IPF059): 45: Completed proof on task: "mytask"
cover -name CS_div_fsm_s3_47 {@(posedge clk_i) !div_fsm_s3 ##1 div_fsm_s3 [*47] ##1 !div_fsm_s3 }
INFO (IPF036): Starting proof on task: "mytask", 1 properties to prove with 0 already proven/unreachable
INFO (IPF031): Settings used for proof thread 46:
    orchestration                 = on (auto)
    time_limit                    = 600s
    per_property_time_limit       = 1s * 10 ^ scan
    engine_mode                   = auto
    proofgrid_per_engine_max_jobs = 1
    max engine jobs               = auto
    proofgrid_mode                = local
    proofgrid_restarts            = 10
46: Using multistage preprocessing
46: Starting reduce
46: Finished reduce in 0.042s
46.0.PRE: Performing Proof Simplification...
46.0.N: clocks: 1, declared: 1, looping: 0, posedge: 1, negedge: 0, noedge: 0, bothedge: 0
46.0.N: Proof Simplification Iteration 1	[0.00 s]
46.0.N: Proof Simplification Iteration 2	[0.04 s]
46.0.N: Proof Simplification Iteration 3	[0.06 s]
46.0.N: Proof Simplification Iteration 4	[0.07 s]
46.0.N: Proof Simplification Iteration 5	[0.09 s]
46.0.N: Proof Simplification Iteration 6	[0.11 s]
46.0.N: Proof Simplification Iteration 7	[0.13 s]
46.0.N: Proof Simplification Iteration 8	[0.15 s]
46.0.N: Proof Simplification Iteration 9	[0.17 s]
46.0.N: Proof Simplification Iteration 10	[0.18 s]
46.0.PRE: Proof Simplification completed in 0.23 s
46: About to start ProofGrid in its own thread with a limit of 10000 pending notifications and a limit of 10 traces.
46: =============================== ProofGrid start ===============================
46: ProofGrid usable level: 1
46: Initial ProofGrid level: 1
46: ProofGrid is starting event handling
46.0.Hp: caddy15.stanford.edu: "Rocky Linux 8.10 (Green Obsidian)" is an unsupported operating system.
46.0.N: caddy15.stanford.edu: "Rocky Linux 8.10 (Green Obsidian)" is an unsupported operating system.
46.0.Ht: caddy15.stanford.edu: "Rocky Linux 8.10 (Green Obsidian)" is an unsupported operating system.
46.0.N: Proofgrid shell started at 3445939@caddy15.stanford.edu(local) jg_3426522_caddy15.stanford.edu_47
46.0.Hp: Proofgrid shell started at 3445940@caddy15.stanford.edu(local) jg_3426522_caddy15.stanford.edu_47
46.0.N: clocks: 1, declared: 1, looping: 0, posedge: 1, negedge: 0, noedge: 0, bothedge: 0
46.0.Mpcustom4: caddy15.stanford.edu: "Rocky Linux 8.10 (Green Obsidian)" is an unsupported operating system.
46.0.Hp: clocks: 1, declared: 1, looping: 0, posedge: 1, negedge: 0, noedge: 0, bothedge: 0
46.0.N: Last scan. Per property time limit: 0s
46.0.N: Starting proof for property "CS_div_fsm_s3_47"	[0.00 s].
46.0.N: Trace Attempt  1	[0.01 s]
46.0.N: Trace Attempt  2	[0.01 s]
46.0.N: Trace Attempt  3	[0.01 s]
46.0.Ht: Proofgrid shell started at 3445963@caddy15.stanford.edu(local) jg_3426522_caddy15.stanford.edu_47
46.0.Ht: clocks: 1, declared: 1, looping: 0, posedge: 1, negedge: 0, noedge: 0, bothedge: 0
46.0.N: Trace Attempt  3	[0.04 s]
46.0.Mpcustom4: Proofgrid shell started at 3445981@caddy15.stanford.edu(local) jg_3426522_caddy15.stanford.edu_47
46.0.N: Trace Attempt  4	[0.06 s]
46.0.N: Trace Attempt  5	[0.06 s]
46.0.Ht: Trace Attempt  1	[0.04 s]
46.0.Ht: Trace Attempt  2	[0.04 s]
46.0.Oh: caddy15.stanford.edu: "Rocky Linux 8.10 (Green Obsidian)" is an unsupported operating system.
46.0.Ht: Trace Attempt  3	[0.05 s]
46.0.Ht: Trace Attempt  4	[0.05 s]
46.0.Ht: Trace Attempt  5	[0.06 s]
46.0.Mpcustom4: clocks: 1, declared: 1, looping: 0, posedge: 1, negedge: 0, noedge: 0, bothedge: 0
46.0.N: Trace Attempt  5	[0.12 s]
46.0.Oh: Proofgrid shell started at 3445990@caddy15.stanford.edu(local) jg_3426522_caddy15.stanford.edu_47
46.0.Mpcustom4: Trace Attempt  1	[0.06 s]
46.0.Oh: clocks: 1, declared: 1, looping: 0, posedge: 1, negedge: 0, noedge: 0, bothedge: 0
46.0.B: caddy15.stanford.edu: "Rocky Linux 8.10 (Green Obsidian)" is an unsupported operating system.
46.0.AM: caddy15.stanford.edu: "Rocky Linux 8.10 (Green Obsidian)" is an unsupported operating system.
46.0.Mpcustom4: Trace Attempt  2	[0.11 s]
46.0.Oh: bwd trail(1): 1 0.113293s
46.0.Oh: All properties either determined or skipped. [0.13 s]
46.0.Oh: Exited with Success (@ 0.30 s)
46.0.Oh: Completed, Restart ignored.
46.0.B: Proofgrid shell started at 3445996@caddy15.stanford.edu(local) jg_3426522_caddy15.stanford.edu_47
46.0.B: clocks: 1, declared: 1, looping: 0, posedge: 1, negedge: 0, noedge: 0, bothedge: 0
46.0.B: Last scan. Per property time limit: 0s
46.0.B: Starting proof for property "CS_div_fsm_s3_47"	[0.00 s].
46.0.B: Trace Attempt  1	[0.01 s]
46.0.B: Trace Attempt  2	[0.01 s]
46.0.B: Trace Attempt  3	[0.02 s]
46.0.B: Trace Attempt  4	[0.04 s]
46.0.B: Trace Attempt  5	[0.07 s]
46.0.AM: Proofgrid shell started at 3446003@caddy15.stanford.edu(local) jg_3426522_caddy15.stanford.edu_47
46.0.AM: clocks: 1, declared: 1, looping: 0, posedge: 1, negedge: 0, noedge: 0, bothedge: 0
46.0.AM: Last scan. Per property time limit: 0s
46.0.AM: Starting proof for property "CS_div_fsm_s3_47"	[0.00 s].
46.0.AM: Trace Attempt  1	[0.01 s]
46.0.AM: Trace Attempt  2	[0.02 s]
46.0.AM: Trace Attempt  3	[0.07 s]
46.0.AM: Trace Attempt  4	[0.12 s]
46.0.AM: Trace Attempt  5	[0.14 s]
46.0.Mpcustom4: Trace Attempt  3	[1.33 s]
46.0.Mpcustom4: Trace Attempt  3	[1.45 s]
46.0.Mpcustom4: Trace Attempt  4	[1.50 s]
46.0.Mpcustom4: Trace Attempt  4	[1.61 s]
46.0.Mpcustom4: Trace Attempt  5	[1.67 s]
46.0.N: Trace Attempt 29	[4.32 s]
46.0.B: Trace Attempt 51	[4.20 s]
46.0.AM: Trace Attempt 49	[4.22 s]
46.0.Ht: Trace Attempt 56	[5.63 s]
46.0.Mpcustom4: Trace Attempt 35	[5.68 s]
46.0.N: Trace Attempt 39	[8.57 s]
46.0.B: Trace Attempt 56	[8.72 s]
46.0.AM: Trace Attempt 55	[8.65 s]
46.0.Mpcustom4: Trace Attempt 48	[9.78 s]
46.0.N: Requesting engine job to stop
46.0.B: Requesting engine job to stop
46.0.AM: Requesting engine job to stop
46.0.Hp: Requesting engine job to terminate
46.0.Ht: Requesting engine job to terminate
46.0.Mpcustom4: Requesting engine job to terminate
INFO (IPF144): 46: Initiating shutdown of proof [11.85 s]
46.0.Ht: A trace with 56 cycles was found. [11.74 s]
INFO (IPF047): 46.0.Ht: The cover property "CS_div_fsm_s3_47" was covered in 56 cycles in 11.78 s.
46.0.Ht: All properties determined. [11.80 s]
46.0.Hp: Interrupted (multi)
46.0.Hp: All properties determined. [11.85 s]
46.0.N: Trace Attempt 45	[11.41 s]
46.0.N: Stopped processing property "CS_div_fsm_s3_47"	[11.89 s].
46.0.N: All properties determined. [11.90 s]
46.0.N: Exited with Success (@ 11.93 s)
46: ProofGrid usable level: 0
46.0.B: Stopped processing property "CS_div_fsm_s3_47"	[11.67 s].
46.0.B: All properties determined. [11.68 s]
46.0.B: Exited with Success (@ 12.06 s)
46.0.Mpcustom4: Trace Attempt 51	[11.77 s]
46.0.Mpcustom4: All properties determined. [12.02 s]
46.0.Mpcustom4: Exited with Success (@ 12.16 s)
46.0.Hp: Exited with Success (@ 12.18 s)
46.0.AM: Stopped processing property "CS_div_fsm_s3_47"	[11.83 s].
46.0.AM: All properties determined. [11.84 s]
46.0.Ht: Exited with Success (@ 12.38 s)
46.0.AM: Exited with Success (@ 12.38 s)
46: --------------------------------------------------------------
ProofGrid Summary (utilization 98.12 %)
--------------------------------------------------------------
     engines started                               :     7
     engine jobs started                           :     7

    Average time in state (seconds)
    ------------------------------------------------------
    Engine  Pending     Running        Dead    Utilization
    ------------------------------------------------------
      N        0.11       11.84        0.00       99.11 %
     Hp        0.09       11.84        0.00       99.28 %
     Ht        0.10       11.81        0.00       99.14 %
    Mpcustom4        0.11       11.75        0.00       99.04 %
     Oh        0.16        0.13        0.00       46.25 %
      B        0.35       11.49        0.00       97.05 %
     AM        0.43       11.36        0.00       96.34 %
    all        0.19       10.03        0.00       98.12 %

    Total time in state (seconds)
    -----------------------------------------
            Pending     Running        Dead  
    -----------------------------------------
               1.34       70.21        0.00

    Data read    : 149.18 kiB
    Data written : 10.67 kiB

46: All pending notifications were processed.
INFO (IPF059): 46: Completed proof on task: "mytask"
cover -name CS_div_fsm_s3_48 {@(posedge clk_i) !div_fsm_s3 ##1 div_fsm_s3 [*48] ##1 !div_fsm_s3 }
INFO (IPF036): Starting proof on task: "mytask", 1 properties to prove with 0 already proven/unreachable
INFO (IPF031): Settings used for proof thread 47:
    orchestration                 = on (auto)
    time_limit                    = 600s
    per_property_time_limit       = 1s * 10 ^ scan
    engine_mode                   = auto
    proofgrid_per_engine_max_jobs = 1
    max engine jobs               = auto
    proofgrid_mode                = local
    proofgrid_restarts            = 10
47: Using multistage preprocessing
47: Starting reduce
47: Finished reduce in 0.042s
47.0.PRE: Performing Proof Simplification...
47.0.N: clocks: 1, declared: 1, looping: 0, posedge: 1, negedge: 0, noedge: 0, bothedge: 0
47.0.N: Proof Simplification Iteration 1	[0.00 s]
47.0.N: Proof Simplification Iteration 2	[0.04 s]
47.0.N: Proof Simplification Iteration 3	[0.06 s]
47.0.N: Proof Simplification Iteration 4	[0.07 s]
47.0.N: Proof Simplification Iteration 5	[0.09 s]
47.0.N: Proof Simplification Iteration 6	[0.11 s]
47.0.N: Proof Simplification Iteration 7	[0.13 s]
47.0.N: Proof Simplification Iteration 8	[0.15 s]
47.0.N: Proof Simplification Iteration 9	[0.16 s]
47.0.N: Proof Simplification Iteration 10	[0.18 s]
47.0.PRE: Proof Simplification completed in 0.23 s
47: About to start ProofGrid in its own thread with a limit of 10000 pending notifications and a limit of 10 traces.
47: =============================== ProofGrid start ===============================
47: ProofGrid usable level: 1
47: Initial ProofGrid level: 1
47: ProofGrid is starting event handling
47.0.Hp: caddy15.stanford.edu: "Rocky Linux 8.10 (Green Obsidian)" is an unsupported operating system.
47.0.N: caddy15.stanford.edu: "Rocky Linux 8.10 (Green Obsidian)" is an unsupported operating system.
47.0.Ht: caddy15.stanford.edu: "Rocky Linux 8.10 (Green Obsidian)" is an unsupported operating system.
47.0.Hp: Proofgrid shell started at 3446324@caddy15.stanford.edu(local) jg_3426522_caddy15.stanford.edu_48
47.0.N: Proofgrid shell started at 3446323@caddy15.stanford.edu(local) jg_3426522_caddy15.stanford.edu_48
47.0.Hp: clocks: 1, declared: 1, looping: 0, posedge: 1, negedge: 0, noedge: 0, bothedge: 0
47.0.Mpcustom4: caddy15.stanford.edu: "Rocky Linux 8.10 (Green Obsidian)" is an unsupported operating system.
47.0.N: clocks: 1, declared: 1, looping: 0, posedge: 1, negedge: 0, noedge: 0, bothedge: 0
47.0.Ht: Proofgrid shell started at 3446346@caddy15.stanford.edu(local) jg_3426522_caddy15.stanford.edu_48
47.0.N: Last scan. Per property time limit: 0s
47.0.N: Starting proof for property "CS_div_fsm_s3_48"	[0.00 s].
47.0.N: Trace Attempt  1	[0.01 s]
47.0.Ht: clocks: 1, declared: 1, looping: 0, posedge: 1, negedge: 0, noedge: 0, bothedge: 0
47.0.N: Trace Attempt  2	[0.01 s]
47.0.N: Trace Attempt  3	[0.01 s]
47.0.Ht: Trace Attempt  1	[0.04 s]
47.0.Ht: Trace Attempt  2	[0.04 s]
47.0.Ht: Trace Attempt  3	[0.04 s]
47.0.N: Trace Attempt  3	[0.04 s]
47.0.Ht: Trace Attempt  4	[0.05 s]
47.0.Mpcustom4: Proofgrid shell started at 3446365@caddy15.stanford.edu(local) jg_3426522_caddy15.stanford.edu_48
47.0.Ht: Trace Attempt  5	[0.06 s]
47.0.B: caddy15.stanford.edu: "Rocky Linux 8.10 (Green Obsidian)" is an unsupported operating system.
47.0.N: Trace Attempt  4	[0.07 s]
47.0.N: Trace Attempt  5	[0.07 s]
47.0.Mpcustom4: clocks: 1, declared: 1, looping: 0, posedge: 1, negedge: 0, noedge: 0, bothedge: 0
47.0.AM: caddy15.stanford.edu: "Rocky Linux 8.10 (Green Obsidian)" is an unsupported operating system.
47.0.Mpcustom4: Trace Attempt  1	[0.05 s]
47.0.N: Trace Attempt  5	[0.12 s]
47.0.Mpcustom4: Trace Attempt  2	[0.07 s]
47.0.Oh: caddy15.stanford.edu: "Rocky Linux 8.10 (Green Obsidian)" is an unsupported operating system.
47.0.B: Proofgrid shell started at 3446379@caddy15.stanford.edu(local) jg_3426522_caddy15.stanford.edu_48
47.0.AM: Proofgrid shell started at 3446380@caddy15.stanford.edu(local) jg_3426522_caddy15.stanford.edu_48
47.0.B: clocks: 1, declared: 1, looping: 0, posedge: 1, negedge: 0, noedge: 0, bothedge: 0
47.0.B: Last scan. Per property time limit: 0s
47.0.B: Starting proof for property "CS_div_fsm_s3_48"	[0.00 s].
47.0.B: Trace Attempt  1	[0.02 s]
47.0.AM: clocks: 1, declared: 1, looping: 0, posedge: 1, negedge: 0, noedge: 0, bothedge: 0
47.0.B: Trace Attempt  2	[0.03 s]
47.0.AM: Last scan. Per property time limit: 0s
47.0.AM: Starting proof for property "CS_div_fsm_s3_48"	[0.00 s].
47.0.B: Trace Attempt  3	[0.05 s]
47.0.AM: Trace Attempt  1	[0.00 s]
47.0.AM: Trace Attempt  2	[0.01 s]
47.0.B: Trace Attempt  4	[0.07 s]
47.0.AM: Trace Attempt  3	[0.04 s]
47.0.Oh: Proofgrid shell started at 3446377@caddy15.stanford.edu(local) jg_3426522_caddy15.stanford.edu_48
47.0.Oh: clocks: 1, declared: 1, looping: 0, posedge: 1, negedge: 0, noedge: 0, bothedge: 0
47.0.B: Trace Attempt  5	[0.14 s]
47.0.AM: Trace Attempt  4	[0.11 s]
47.0.AM: Trace Attempt  5	[0.16 s]
47.0.Mpcustom4: Trace Attempt  3	[0.67 s]
47.0.Oh: bwd trail(1): 1 0.116231s
47.0.Oh: All properties either determined or skipped. [0.33 s]
47.0.Oh: Exited with Success (@ 0.80 s)
47.0.Oh: Completed, Restart ignored.
47.0.Mpcustom4: Trace Attempt  3	[0.77 s]
47.0.Mpcustom4: Trace Attempt  4	[0.81 s]
47.0.Mpcustom4: Trace Attempt  4	[0.93 s]
47.0.Mpcustom4: Trace Attempt  5	[0.98 s]
47.0.N: Trace Attempt 29	[4.42 s]
47.0.B: Trace Attempt 48	[4.17 s]
47.0.AM: Trace Attempt 50	[4.21 s]
47.0.Mpcustom4: Trace Attempt 31	[5.03 s]
47.0.Ht: Trace Attempt 57	[6.76 s]
47.0.N: Trace Attempt 41	[8.84 s]
47.0.AM: Trace Attempt 57	[8.93 s]
47.0.Mpcustom4: Trace Attempt 48	[9.39 s]
47.0.N: Requesting engine job to stop
47.0.B: Requesting engine job to stop
47.0.AM: Requesting engine job to stop
47.0.Hp: Requesting engine job to terminate
47.0.Ht: Requesting engine job to terminate
47.0.Mpcustom4: Requesting engine job to terminate
INFO (IPF144): 47: Initiating shutdown of proof [12.98 s]
47.0.Ht: A trace with 57 cycles was found. [12.88 s]
INFO (IPF047): 47.0.Ht: The cover property "CS_div_fsm_s3_48" was covered in 57 cycles in 12.95 s.
47.0.Ht: All properties determined. [12.94 s]
47.0.N: Trace Attempt 49	[12.03 s]
47.0.N: Stopped processing property "CS_div_fsm_s3_48"	[13.06 s].
47.0.N: All properties determined. [13.07 s]
47.0.N: Exited with Success (@ 13.11 s)
47: ProofGrid usable level: 0
47.0.B: Trace Attempt 57	[7.38 s]
47.0.B: Stopped processing property "CS_div_fsm_s3_48"	[12.88 s].
47.0.B: All properties determined. [12.89 s]
47.0.B: Exited with Success (@ 13.23 s)
47.0.Mpcustom4: Trace Attempt 51	[11.38 s]
47.0.Mpcustom4: All properties determined. [13.23 s]
47.0.Mpcustom4: Exited with Success (@ 13.35 s)
47.0.AM: Stopped processing property "CS_div_fsm_s3_48"	[13.13 s].
47.0.AM: All properties determined. [13.13 s]
47.0.AM: Exited with Success (@ 13.53 s)
47.0.Ht: Exited with Success (@ 13.78 s)
47.0.Hp: Interrupted (multi)
47.0.Hp: All properties determined. [14.33 s]
47.0.Hp: Exited with Success (@ 14.56 s)
47: --------------------------------------------------------------
ProofGrid Summary (utilization 98.19 %)
--------------------------------------------------------------
     engines started                               :     7
     engine jobs started                           :     7

    Average time in state (seconds)
    ------------------------------------------------------
    Engine  Pending     Running        Dead    Utilization
    ------------------------------------------------------
      N        0.11       12.97        0.00       99.17 %
     Hp        0.08       12.97        0.00       99.35 %
     Ht        0.08       12.95        0.00       99.38 %
    Mpcustom4        0.12       12.89        0.00       99.10 %
     Oh        0.43        0.33        0.00       43.42 %
      B        0.28       12.66        0.00       97.82 %
     AM        0.32       12.62        0.00       97.54 %
    all        0.20       11.06        0.00       98.19 %

    Total time in state (seconds)
    -----------------------------------------
            Pending     Running        Dead  
    -----------------------------------------
               1.43       77.40        0.00

    Data read    : 152.54 kiB
    Data written : 12.89 kiB

47: All pending notifications were processed.
INFO (IPF059): 47: Completed proof on task: "mytask"
cover -name CS_div_fsm_s3_49 {@(posedge clk_i) !div_fsm_s3 ##1 div_fsm_s3 [*49] ##1 !div_fsm_s3 }
INFO (IPF036): Starting proof on task: "mytask", 1 properties to prove with 0 already proven/unreachable
INFO (IPF031): Settings used for proof thread 48:
    orchestration                 = on (auto)
    time_limit                    = 600s
    per_property_time_limit       = 1s * 10 ^ scan
    engine_mode                   = auto
    proofgrid_per_engine_max_jobs = 1
    max engine jobs               = auto
    proofgrid_mode                = local
    proofgrid_restarts            = 10
48: Using multistage preprocessing
48: Starting reduce
48: Finished reduce in 0.042s
48.0.PRE: Performing Proof Simplification...
48.0.N: clocks: 1, declared: 1, looping: 0, posedge: 1, negedge: 0, noedge: 0, bothedge: 0
48.0.N: Proof Simplification Iteration 1	[0.00 s]
48.0.N: Proof Simplification Iteration 2	[0.04 s]
48.0.N: Proof Simplification Iteration 3	[0.06 s]
48.0.N: Proof Simplification Iteration 4	[0.07 s]
48.0.N: Proof Simplification Iteration 5	[0.09 s]
48.0.N: Proof Simplification Iteration 6	[0.11 s]
48.0.N: Proof Simplification Iteration 7	[0.13 s]
48.0.N: Proof Simplification Iteration 8	[0.15 s]
48.0.N: Proof Simplification Iteration 9	[0.17 s]
48.0.N: Proof Simplification Iteration 10	[0.19 s]
48.0.PRE: Proof Simplification completed in 0.23 s
48: About to start ProofGrid in its own thread with a limit of 10000 pending notifications and a limit of 10 traces.
48: =============================== ProofGrid start ===============================
48: ProofGrid usable level: 1
48: Initial ProofGrid level: 1
48: ProofGrid is starting event handling
48.0.Hp: caddy15.stanford.edu: "Rocky Linux 8.10 (Green Obsidian)" is an unsupported operating system.
48.0.N: caddy15.stanford.edu: "Rocky Linux 8.10 (Green Obsidian)" is an unsupported operating system.
48.0.Ht: caddy15.stanford.edu: "Rocky Linux 8.10 (Green Obsidian)" is an unsupported operating system.
48.0.Mpcustom4: caddy15.stanford.edu: "Rocky Linux 8.10 (Green Obsidian)" is an unsupported operating system.
48.0.N: Proofgrid shell started at 3446784@caddy15.stanford.edu(local) jg_3426522_caddy15.stanford.edu_49
48.0.Hp: Proofgrid shell started at 3446785@caddy15.stanford.edu(local) jg_3426522_caddy15.stanford.edu_49
48.0.N: clocks: 1, declared: 1, looping: 0, posedge: 1, negedge: 0, noedge: 0, bothedge: 0
48.0.N: Last scan. Per property time limit: 0s
48.0.N: Starting proof for property "CS_div_fsm_s3_49"	[0.00 s].
48.0.N: Trace Attempt  1	[0.01 s]
48.0.Hp: clocks: 1, declared: 1, looping: 0, posedge: 1, negedge: 0, noedge: 0, bothedge: 0
48.0.Ht: Proofgrid shell started at 3446808@caddy15.stanford.edu(local) jg_3426522_caddy15.stanford.edu_49
48.0.N: Trace Attempt  2	[0.01 s]
48.0.N: Trace Attempt  3	[0.01 s]
48.0.Ht: clocks: 1, declared: 1, looping: 0, posedge: 1, negedge: 0, noedge: 0, bothedge: 0
48.0.B: caddy15.stanford.edu: "Rocky Linux 8.10 (Green Obsidian)" is an unsupported operating system.
48.0.Mpcustom4: Proofgrid shell started at 3446826@caddy15.stanford.edu(local) jg_3426522_caddy15.stanford.edu_49
48.0.N: Trace Attempt  3	[0.04 s]
48.0.Ht: Trace Attempt  1	[0.05 s]
48.0.N: Trace Attempt  4	[0.07 s]
48.0.N: Trace Attempt  5	[0.07 s]
48.0.Ht: Trace Attempt  2	[0.05 s]
48.0.Ht: Trace Attempt  3	[0.05 s]
48.0.Ht: Trace Attempt  4	[0.06 s]
48.0.Mpcustom4: clocks: 1, declared: 1, looping: 0, posedge: 1, negedge: 0, noedge: 0, bothedge: 0
48.0.B: Proofgrid shell started at 3446845@caddy15.stanford.edu(local) jg_3426522_caddy15.stanford.edu_49
48.0.Ht: Trace Attempt  5	[0.07 s]
48.0.B: clocks: 1, declared: 1, looping: 0, posedge: 1, negedge: 0, noedge: 0, bothedge: 0
48.0.B: Last scan. Per property time limit: 0s
48.0.B: Starting proof for property "CS_div_fsm_s3_49"	[0.00 s].
48.0.B: Trace Attempt  1	[0.01 s]
48.0.N: Trace Attempt  5	[0.13 s]
48.0.B: Trace Attempt  2	[0.02 s]
48.0.Mpcustom4: Trace Attempt  1	[0.07 s]
48.0.B: Trace Attempt  3	[0.03 s]
48.0.B: Trace Attempt  4	[0.04 s]
48.0.Oh: caddy15.stanford.edu: "Rocky Linux 8.10 (Green Obsidian)" is an unsupported operating system.
48.0.Mpcustom4: Trace Attempt  2	[0.11 s]
48.0.AM: caddy15.stanford.edu: "Rocky Linux 8.10 (Green Obsidian)" is an unsupported operating system.
48.0.B: Trace Attempt  5	[0.08 s]
48.0.Oh: Proofgrid shell started at 3446842@caddy15.stanford.edu(local) jg_3426522_caddy15.stanford.edu_49
48.0.AM: Proofgrid shell started at 3446846@caddy15.stanford.edu(local) jg_3426522_caddy15.stanford.edu_49
48.0.Oh: clocks: 1, declared: 1, looping: 0, posedge: 1, negedge: 0, noedge: 0, bothedge: 0
48.0.AM: clocks: 1, declared: 1, looping: 0, posedge: 1, negedge: 0, noedge: 0, bothedge: 0
48.0.AM: Last scan. Per property time limit: 0s
48.0.AM: Starting proof for property "CS_div_fsm_s3_49"	[0.00 s].
48.0.AM: Trace Attempt  1	[0.00 s]
48.0.AM: Trace Attempt  2	[0.01 s]
48.0.AM: Trace Attempt  3	[0.04 s]
48.0.AM: Trace Attempt  4	[0.07 s]
48.0.AM: Trace Attempt  5	[0.09 s]
48.0.Oh: bwd trail(1): 1 0.116329s
48.0.Oh: All properties either determined or skipped. [0.25 s]
48.0.Oh: Exited with Success (@ 0.77 s)
48.0.Oh: Completed, Restart ignored.
48.0.Mpcustom4: Trace Attempt  3	[1.35 s]
48.0.Mpcustom4: Trace Attempt  3	[1.47 s]
48.0.Mpcustom4: Trace Attempt  4	[1.50 s]
48.0.Mpcustom4: Trace Attempt  4	[1.63 s]
48.0.Mpcustom4: Trace Attempt  5	[1.68 s]
48.0.B: Trace Attempt 53	[4.16 s]
48.0.N: Trace Attempt 29	[4.41 s]
48.0.AM: Trace Attempt 50	[4.10 s]
48.0.Mpcustom4: Trace Attempt 30	[5.72 s]
48.0.Ht: Trace Attempt 58	[5.88 s]
48.0.N: Trace Attempt 41	[8.94 s]
48.0.AM: Trace Attempt 57	[8.78 s]
48.0.Mpcustom4: Trace Attempt 48	[10.17 s]
48.0.N: Trace Attempt 50	[13.18 s]
48.0.N: Requesting engine job to stop
48.0.B: Requesting engine job to stop
48.0.AM: Requesting engine job to stop
48.0.Hp: Requesting engine job to terminate
48.0.Ht: Requesting engine job to terminate
48.0.Mpcustom4: Requesting engine job to terminate
INFO (IPF144): 48: Initiating shutdown of proof [14.80 s]
48.0.Ht: A trace with 58 cycles was found. [14.69 s]
INFO (IPF047): 48.0.Ht: The cover property "CS_div_fsm_s3_49" was covered in 58 cycles in 14.78 s.
48.0.Ht: All properties determined. [14.75 s]
48.0.Hp: Interrupted (multi)
48.0.Hp: All properties determined. [14.81 s]
48.0.N: Trace Attempt 54	[14.32 s]
48.0.N: Stopped processing property "CS_div_fsm_s3_49"	[14.86 s].
48.0.N: All properties determined. [14.87 s]
48.0.N: Exited with Success (@ 14.89 s)
48: ProofGrid usable level: 0
48.0.B: Trace Attempt 58	[4.98 s]
48.0.B: Stopped processing property "CS_div_fsm_s3_49"	[14.92 s].
48.0.B: All properties determined. [14.92 s]
48.0.B: Exited with Success (@ 15.06 s)
48.0.Mpcustom4: Trace Attempt 53	[13.54 s]
48.0.Mpcustom4: All properties determined. [15.00 s]
48.0.Mpcustom4: Exited with Success (@ 15.12 s)
48.0.Hp: Exited with Success (@ 15.21 s)
48.0.AM: Stopped processing property "CS_div_fsm_s3_49"	[14.73 s].
48.0.AM: All properties determined. [14.74 s]
48.0.Ht: Exited with Success (@ 15.38 s)
48.0.AM: Exited with Success (@ 15.38 s)
48: --------------------------------------------------------------
ProofGrid Summary (utilization 98.33 %)
--------------------------------------------------------------
     engines started                               :     7
     engine jobs started                           :     7

    Average time in state (seconds)
    ------------------------------------------------------
    Engine  Pending     Running        Dead    Utilization
    ------------------------------------------------------
      N        0.12       14.80        0.00       99.18 %
     Hp        0.10       14.79        0.00       99.33 %
     Ht        0.10       14.76        0.00       99.33 %
    Mpcustom4        0.10       14.71        0.00       99.35 %
     Oh        0.50        0.26        0.00       34.20 %
      B        0.10       14.68        0.00       99.30 %
     AM        0.47       14.28        0.00       96.79 %
    all        0.21       12.61        0.00       98.33 %

    Total time in state (seconds)
    -----------------------------------------
            Pending     Running        Dead  
    -----------------------------------------
               1.50       88.27        0.00

    Data read    : 156.60 kiB
    Data written : 12.42 kiB

48: All pending notifications were processed.
INFO (IPF059): 48: Completed proof on task: "mytask"
cover -name CS_div_fsm_s3_50 {@(posedge clk_i) !div_fsm_s3 ##1 div_fsm_s3 [*50] ##1 !div_fsm_s3 }
INFO (IPF036): Starting proof on task: "mytask", 1 properties to prove with 0 already proven/unreachable
INFO (IPF031): Settings used for proof thread 49:
    orchestration                 = on (auto)
    time_limit                    = 600s
    per_property_time_limit       = 1s * 10 ^ scan
    engine_mode                   = auto
    proofgrid_per_engine_max_jobs = 1
    max engine jobs               = auto
    proofgrid_mode                = local
    proofgrid_restarts            = 10
49: Using multistage preprocessing
49: Starting reduce
49: Finished reduce in 0.042s
49.0.PRE: Performing Proof Simplification...
49.0.N: clocks: 1, declared: 1, looping: 0, posedge: 1, negedge: 0, noedge: 0, bothedge: 0
49.0.N: Proof Simplification Iteration 1	[0.00 s]
49.0.N: Proof Simplification Iteration 2	[0.04 s]
49.0.N: Proof Simplification Iteration 3	[0.06 s]
49.0.N: Proof Simplification Iteration 4	[0.07 s]
49.0.N: Proof Simplification Iteration 5	[0.09 s]
49.0.N: Proof Simplification Iteration 6	[0.11 s]
49.0.N: Proof Simplification Iteration 7	[0.13 s]
49.0.N: Proof Simplification Iteration 8	[0.15 s]
49.0.N: Proof Simplification Iteration 9	[0.17 s]
49.0.N: Proof Simplification Iteration 10	[0.18 s]
49.0.PRE: Proof Simplification completed in 0.23 s
49: About to start ProofGrid in its own thread with a limit of 10000 pending notifications and a limit of 10 traces.
49: =============================== ProofGrid start ===============================
49: ProofGrid usable level: 1
49: Initial ProofGrid level: 1
49: ProofGrid is starting event handling
49.0.N: caddy15.stanford.edu: "Rocky Linux 8.10 (Green Obsidian)" is an unsupported operating system.
49.0.Hp: caddy15.stanford.edu: "Rocky Linux 8.10 (Green Obsidian)" is an unsupported operating system.
49.0.Ht: caddy15.stanford.edu: "Rocky Linux 8.10 (Green Obsidian)" is an unsupported operating system.
49.0.N: Proofgrid shell started at 3447125@caddy15.stanford.edu(local) jg_3426522_caddy15.stanford.edu_50
49.0.Hp: Proofgrid shell started at 3447126@caddy15.stanford.edu(local) jg_3426522_caddy15.stanford.edu_50
49.0.N: clocks: 1, declared: 1, looping: 0, posedge: 1, negedge: 0, noedge: 0, bothedge: 0
49.0.Ht: Proofgrid shell started at 3447149@caddy15.stanford.edu(local) jg_3426522_caddy15.stanford.edu_50
49.0.N: Last scan. Per property time limit: 0s
49.0.N: Starting proof for property "CS_div_fsm_s3_50"	[0.00 s].
49.0.Hp: clocks: 1, declared: 1, looping: 0, posedge: 1, negedge: 0, noedge: 0, bothedge: 0
49.0.N: Trace Attempt  1	[0.01 s]
49.0.N: Trace Attempt  2	[0.01 s]
49.0.N: Trace Attempt  3	[0.01 s]
49.0.Ht: clocks: 1, declared: 1, looping: 0, posedge: 1, negedge: 0, noedge: 0, bothedge: 0
49.0.Mpcustom4: caddy15.stanford.edu: "Rocky Linux 8.10 (Green Obsidian)" is an unsupported operating system.
49.0.N: Trace Attempt  3	[0.04 s]
49.0.Ht: Trace Attempt  1	[0.04 s]
49.0.Ht: Trace Attempt  2	[0.04 s]
49.0.AM: caddy15.stanford.edu: "Rocky Linux 8.10 (Green Obsidian)" is an unsupported operating system.
49.0.Ht: Trace Attempt  3	[0.04 s]
49.0.Ht: Trace Attempt  4	[0.05 s]
49.0.N: Trace Attempt  4	[0.06 s]
49.0.N: Trace Attempt  5	[0.06 s]
49.0.Ht: Trace Attempt  5	[0.06 s]
49.0.B: caddy15.stanford.edu: "Rocky Linux 8.10 (Green Obsidian)" is an unsupported operating system.
49.0.Mpcustom4: Proofgrid shell started at 3447167@caddy15.stanford.edu(local) jg_3426522_caddy15.stanford.edu_50
49.0.N: Trace Attempt  5	[0.12 s]
49.0.Mpcustom4: clocks: 1, declared: 1, looping: 0, posedge: 1, negedge: 0, noedge: 0, bothedge: 0
49.0.Oh: caddy15.stanford.edu: "Rocky Linux 8.10 (Green Obsidian)" is an unsupported operating system.
49.0.AM: Proofgrid shell started at 3447177@caddy15.stanford.edu(local) jg_3426522_caddy15.stanford.edu_50
49.0.Mpcustom4: Trace Attempt  1	[0.06 s]
49.0.AM: clocks: 1, declared: 1, looping: 0, posedge: 1, negedge: 0, noedge: 0, bothedge: 0
49.0.AM: Last scan. Per property time limit: 0s
49.0.AM: Starting proof for property "CS_div_fsm_s3_50"	[0.00 s].
49.0.AM: Trace Attempt  1	[0.00 s]
49.0.AM: Trace Attempt  2	[0.01 s]
49.0.AM: Trace Attempt  3	[0.03 s]
49.0.Mpcustom4: Trace Attempt  2	[0.11 s]
49.0.AM: Trace Attempt  4	[0.05 s]
49.0.AM: Trace Attempt  5	[0.08 s]
49.0.B: Proofgrid shell started at 3447175@caddy15.stanford.edu(local) jg_3426522_caddy15.stanford.edu_50
49.0.B: clocks: 1, declared: 1, looping: 0, posedge: 1, negedge: 0, noedge: 0, bothedge: 0
49.0.B: Last scan. Per property time limit: 0s
49.0.B: Starting proof for property "CS_div_fsm_s3_50"	[0.00 s].
49.0.Oh: Proofgrid shell started at 3447173@caddy15.stanford.edu(local) jg_3426522_caddy15.stanford.edu_50
49.0.B: Trace Attempt  1	[0.02 s]
49.0.B: Trace Attempt  2	[0.04 s]
49.0.B: Trace Attempt  3	[0.05 s]
49.0.Oh: clocks: 1, declared: 1, looping: 0, posedge: 1, negedge: 0, noedge: 0, bothedge: 0
49.0.B: Trace Attempt  4	[0.07 s]
49.0.B: Trace Attempt  5	[0.15 s]
49.0.Oh: bwd trail(1): 1 0.109477s
49.0.Oh: All properties either determined or skipped. [0.14 s]
49.0.Oh: Exited with Success (@ 0.64 s)
49.0.Oh: Completed, Restart ignored.
49.0.Mpcustom4: Trace Attempt  3	[1.24 s]
49.0.Mpcustom4: Trace Attempt  3	[1.28 s]
49.0.Mpcustom4: Trace Attempt  4	[1.31 s]
49.0.Mpcustom4: Trace Attempt  4	[1.36 s]
49.0.Mpcustom4: Trace Attempt  5	[1.39 s]
49.0.N: Trace Attempt 26	[4.17 s]
49.0.AM: Trace Attempt 52	[4.15 s]
49.0.B: Trace Attempt 39	[4.16 s]
49.0.Mpcustom4: Trace Attempt 35	[5.40 s]
49.0.Ht: Trace Attempt 59	[5.95 s]
49.0.N: Trace Attempt 37	[8.44 s]
49.0.AM: Trace Attempt 58	[8.50 s]
49.0.Mpcustom4: Trace Attempt 48	[9.42 s]
49.0.N: Trace Attempt 46	[12.62 s]
49.0.Mpcustom4: Trace Attempt 53	[13.55 s]
49.0.N: Requesting engine job to stop
49.0.B: Requesting engine job to stop
49.0.AM: Requesting engine job to stop
49.0.Hp: Requesting engine job to terminate
49.0.Ht: Requesting engine job to terminate
49.0.Mpcustom4: Requesting engine job to terminate
INFO (IPF144): 49: Initiating shutdown of proof [14.81 s]
49.0.Ht: A trace with 59 cycles was found. [14.71 s]
INFO (IPF047): 49.0.Ht: The cover property "CS_div_fsm_s3_50" was covered in 59 cycles in 14.78 s.
49.0.Ht: All properties determined. [14.78 s]
49.0.N: Trace Attempt 51	[14.66 s]
49.0.N: Stopped processing property "CS_div_fsm_s3_50"	[14.81 s].
49.0.N: All properties determined. [14.82 s]
49.0.B: Trace Attempt 59	[6.35 s]
49.0.B: Stopped processing property "CS_div_fsm_s3_50"	[14.58 s].
49.0.N: Exited with Success (@ 15.03 s)
49: ProofGrid usable level: 0
49.0.B: All properties determined. [14.59 s]
49.0.B: Exited with Success (@ 15.04 s)
49.0.Mpcustom4: Trace Attempt 55	[13.64 s]
49.0.Mpcustom4: All properties determined. [14.94 s]
49.0.AM: Stopped processing property "CS_div_fsm_s3_50"	[15.05 s].
49.0.Mpcustom4: Exited with Success (@ 15.28 s)
49.0.AM: All properties determined. [15.06 s]
49.0.AM: Exited with Success (@ 15.62 s)
49.0.Ht: Exited with Success (@ 15.62 s)
49.0.Hp: Interrupted (multi)
49.0.Hp: All properties determined. [16.54 s]
49.0.Hp: Exited with Success (@ 16.79 s)
49: --------------------------------------------------------------
ProofGrid Summary (utilization 98.35 %)
--------------------------------------------------------------
     engines started                               :     7
     engine jobs started                           :     7

    Average time in state (seconds)
    ------------------------------------------------------
    Engine  Pending     Running        Dead    Utilization
    ------------------------------------------------------
      N        0.10       14.81        0.00       99.31 %
     Hp        0.09       14.80        0.00       99.41 %
     Ht        0.08       14.78        0.00       99.47 %
    Mpcustom4        0.17       14.66        0.00       98.82 %
     Oh        0.47        0.15        0.00       23.49 %
      B        0.38       14.39        0.00       97.43 %
     AM        0.19       14.61        0.00       98.74 %
    all        0.21       12.60        0.00       98.35 %

    Total time in state (seconds)
    -----------------------------------------
            Pending     Running        Dead  
    -----------------------------------------
               1.48       88.18        0.00

    Data read    : 159.98 kiB
    Data written : 12.19 kiB

49: All pending notifications were processed.
INFO (IPF059): 49: Completed proof on task: "mytask"
cover -name CS_div_fsm_s3_51 {@(posedge clk_i) !div_fsm_s3 ##1 div_fsm_s3 [*51] ##1 !div_fsm_s3 }
INFO (IPF036): Starting proof on task: "mytask", 1 properties to prove with 0 already proven/unreachable
INFO (IPF031): Settings used for proof thread 50:
    orchestration                 = on (auto)
    time_limit                    = 600s
    per_property_time_limit       = 1s * 10 ^ scan
    engine_mode                   = auto
    proofgrid_per_engine_max_jobs = 1
    max engine jobs               = auto
    proofgrid_mode                = local
    proofgrid_restarts            = 10
50: Using multistage preprocessing
50: Starting reduce
50: Finished reduce in 0.043s
50.0.PRE: Performing Proof Simplification...
50.0.N: clocks: 1, declared: 1, looping: 0, posedge: 1, negedge: 0, noedge: 0, bothedge: 0
50.0.N: Proof Simplification Iteration 1	[0.00 s]
50.0.N: Proof Simplification Iteration 2	[0.04 s]
50.0.N: Proof Simplification Iteration 3	[0.06 s]
50.0.N: Proof Simplification Iteration 4	[0.07 s]
50.0.N: Proof Simplification Iteration 5	[0.09 s]
50.0.N: Proof Simplification Iteration 6	[0.11 s]
50.0.N: Proof Simplification Iteration 7	[0.13 s]
50.0.N: Proof Simplification Iteration 8	[0.15 s]
50.0.N: Proof Simplification Iteration 9	[0.17 s]
50.0.N: Proof Simplification Iteration 10	[0.18 s]
50.0.PRE: Proof Simplification completed in 0.23 s
50: About to start ProofGrid in its own thread with a limit of 10000 pending notifications and a limit of 10 traces.
50: =============================== ProofGrid start ===============================
50: ProofGrid usable level: 1
50: Initial ProofGrid level: 1
50: ProofGrid is starting event handling
50.0.Hp: caddy15.stanford.edu: "Rocky Linux 8.10 (Green Obsidian)" is an unsupported operating system.
50.0.N: caddy15.stanford.edu: "Rocky Linux 8.10 (Green Obsidian)" is an unsupported operating system.
50.0.Ht: caddy15.stanford.edu: "Rocky Linux 8.10 (Green Obsidian)" is an unsupported operating system.
50.0.Mpcustom4: caddy15.stanford.edu: "Rocky Linux 8.10 (Green Obsidian)" is an unsupported operating system.
50.0.Hp: Proofgrid shell started at 3447468@caddy15.stanford.edu(local) jg_3426522_caddy15.stanford.edu_51
50.0.N: Proofgrid shell started at 3447467@caddy15.stanford.edu(local) jg_3426522_caddy15.stanford.edu_51
50.0.Hp: clocks: 1, declared: 1, looping: 0, posedge: 1, negedge: 0, noedge: 0, bothedge: 0
50.0.Oh: caddy15.stanford.edu: "Rocky Linux 8.10 (Green Obsidian)" is an unsupported operating system.
50.0.Ht: Proofgrid shell started at 3447490@caddy15.stanford.edu(local) jg_3426522_caddy15.stanford.edu_51
50.0.Mpcustom4: Proofgrid shell started at 3447494@caddy15.stanford.edu(local) jg_3426522_caddy15.stanford.edu_51
50.0.N: clocks: 1, declared: 1, looping: 0, posedge: 1, negedge: 0, noedge: 0, bothedge: 0
50.0.N: Last scan. Per property time limit: 0s
50.0.N: Starting proof for property "CS_div_fsm_s3_51"	[0.00 s].
50.0.N: Trace Attempt  1	[0.01 s]
50.0.N: Trace Attempt  2	[0.01 s]
50.0.N: Trace Attempt  3	[0.01 s]
50.0.Mpcustom4: clocks: 1, declared: 1, looping: 0, posedge: 1, negedge: 0, noedge: 0, bothedge: 0
50.0.Ht: clocks: 1, declared: 1, looping: 0, posedge: 1, negedge: 0, noedge: 0, bothedge: 0
50.0.Mpcustom4: Trace Attempt  1	[0.04 s]
50.0.Oh: Proofgrid shell started at 3447519@caddy15.stanford.edu(local) jg_3426522_caddy15.stanford.edu_51
50.0.Mpcustom4: Trace Attempt  2	[0.06 s]
50.0.Oh: clocks: 1, declared: 1, looping: 0, posedge: 1, negedge: 0, noedge: 0, bothedge: 0
50.0.Ht: Trace Attempt  1	[0.07 s]
50.0.Ht: Trace Attempt  2	[0.07 s]
50.0.Ht: Trace Attempt  3	[0.07 s]
50.0.Ht: Trace Attempt  4	[0.07 s]
50.0.Ht: Trace Attempt  5	[0.08 s]
50.0.N: Trace Attempt  3	[0.10 s]
50.0.B: caddy15.stanford.edu: "Rocky Linux 8.10 (Green Obsidian)" is an unsupported operating system.
50.0.N: Trace Attempt  4	[0.12 s]
50.0.N: Trace Attempt  5	[0.12 s]
50.0.AM: caddy15.stanford.edu: "Rocky Linux 8.10 (Green Obsidian)" is an unsupported operating system.
50.0.N: Trace Attempt  5	[0.18 s]
50.0.Oh: bwd trail(1): 1 0.110389s
50.0.Oh: All properties either determined or skipped. [0.13 s]
50.0.Oh: Exited with Success (@ 0.23 s)
50.0.Oh: Completed, Restart ignored.
50.0.B: Proofgrid shell started at 3447533@caddy15.stanford.edu(local) jg_3426522_caddy15.stanford.edu_51
50.0.B: clocks: 1, declared: 1, looping: 0, posedge: 1, negedge: 0, noedge: 0, bothedge: 0
50.0.B: Last scan. Per property time limit: 0s
50.0.B: Starting proof for property "CS_div_fsm_s3_51"	[0.00 s].
50.0.AM: Proofgrid shell started at 3447536@caddy15.stanford.edu(local) jg_3426522_caddy15.stanford.edu_51
50.0.B: Trace Attempt  1	[0.02 s]
50.0.AM: clocks: 1, declared: 1, looping: 0, posedge: 1, negedge: 0, noedge: 0, bothedge: 0
50.0.B: Trace Attempt  2	[0.04 s]
50.0.AM: Last scan. Per property time limit: 0s
50.0.AM: Starting proof for property "CS_div_fsm_s3_51"	[0.00 s].
50.0.AM: Trace Attempt  1	[0.00 s]
50.0.AM: Trace Attempt  2	[0.01 s]
50.0.B: Trace Attempt  3	[0.05 s]
50.0.B: Trace Attempt  4	[0.08 s]
50.0.AM: Trace Attempt  3	[0.05 s]
50.0.B: Trace Attempt  5	[0.16 s]
50.0.AM: Trace Attempt  4	[0.11 s]
50.0.AM: Trace Attempt  5	[0.16 s]
50.0.Mpcustom4: Trace Attempt  3	[0.64 s]
50.0.Mpcustom4: Trace Attempt  3	[0.69 s]
50.0.Mpcustom4: Trace Attempt  4	[0.74 s]
50.0.Mpcustom4: Trace Attempt  4	[0.85 s]
50.0.Mpcustom4: Trace Attempt  5	[0.88 s]
50.0.N: Trace Attempt 29	[4.31 s]
50.0.B: Trace Attempt 49	[4.18 s]
50.0.AM: Trace Attempt 42	[4.21 s]
50.0.Mpcustom4: Trace Attempt 31	[4.90 s]
50.0.Ht: Trace Attempt 60	[5.54 s]
50.0.N: Trace Attempt 41	[8.85 s]
50.0.Mpcustom4: Trace Attempt 48	[9.29 s]
50.0.N: Requesting engine job to stop
50.0.B: Requesting engine job to stop
50.0.AM: Requesting engine job to stop
50.0.Hp: Requesting engine job to terminate
50.0.Ht: Requesting engine job to terminate
50.0.Mpcustom4: Requesting engine job to terminate
INFO (IPF144): 50: Initiating shutdown of proof [10.14 s]
50.0.Ht: A trace with 60 cycles was found. [10.03 s]
INFO (IPF047): 50.0.Ht: The cover property "CS_div_fsm_s3_51" was covered in 60 cycles in 10.09 s.
50.0.Ht: All properties determined. [10.09 s]
50.0.N: Trace Attempt 45	[9.98 s]
50.0.N: Stopped processing property "CS_div_fsm_s3_51"	[10.11 s].
50.0.N: All properties determined. [10.11 s]
50.0.Hp: Interrupted (multi)
50.0.Hp: All properties determined. [10.15 s]
50.0.AM: Trace Attempt 58	[6.57 s]
50.0.AM: Stopped processing property "CS_div_fsm_s3_51"	[9.82 s].
50.0.N: Exited with Success (@ 10.30 s)
50: ProofGrid usable level: 0
50.0.AM: All properties determined. [9.84 s]
50.0.B: Trace Attempt 60	[5.43 s]
50.0.B: Stopped processing property "CS_div_fsm_s3_51"	[9.92 s].
50.0.AM: Exited with Success (@ 10.35 s)
50.0.B: All properties determined. [9.93 s]
50.0.B: Exited with Success (@ 10.40 s)
50.0.Mpcustom4: Trace Attempt 52	[9.50 s]
50.0.Mpcustom4: All properties determined. [10.36 s]
50.0.Mpcustom4: Exited with Success (@ 10.68 s)
50.0.Ht: Exited with Success (@ 10.72 s)
50.0.Hp: Exited with Success (@ 10.76 s)
50: --------------------------------------------------------------
ProofGrid Summary (utilization 97.82 %)
--------------------------------------------------------------
     engines started                               :     7
     engine jobs started                           :     7

    Average time in state (seconds)
    ------------------------------------------------------
    Engine  Pending     Running        Dead    Utilization
    ------------------------------------------------------
      N        0.10       10.11        0.00       99.01 %
     Hp        0.08       10.13        0.00       99.20 %
     Ht        0.10       10.09        0.00       99.01 %
    Mpcustom4        0.10       10.10        0.00       99.03 %
     Oh        0.13        0.14        0.00       51.25 %
      B        0.41        9.73        0.00       96.00 %
     AM        0.42        9.69        0.00       95.84 %
    all        0.19        8.57        0.00       97.82 %

    Total time in state (seconds)
    -----------------------------------------
            Pending     Running        Dead  
    -----------------------------------------
               1.34       59.99        0.00

    Data read    : 155.05 kiB
    Data written : 9.80 kiB

50: All pending notifications were processed.
INFO (IPF059): 50: Completed proof on task: "mytask"
cover -name CS_div_fsm_s3_52 {@(posedge clk_i) !div_fsm_s3 ##1 div_fsm_s3 [*52] ##1 !div_fsm_s3 }
INFO (IPF036): Starting proof on task: "mytask", 1 properties to prove with 0 already proven/unreachable
INFO (IPF031): Settings used for proof thread 51:
    orchestration                 = on (auto)
    time_limit                    = 600s
    per_property_time_limit       = 1s * 10 ^ scan
    engine_mode                   = auto
    proofgrid_per_engine_max_jobs = 1
    max engine jobs               = auto
    proofgrid_mode                = local
    proofgrid_restarts            = 10
51: Using multistage preprocessing
51: Starting reduce
51: Finished reduce in 0.043s
51.0.PRE: Performing Proof Simplification...
51.0.N: clocks: 1, declared: 1, looping: 0, posedge: 1, negedge: 0, noedge: 0, bothedge: 0
51.0.N: Proof Simplification Iteration 1	[0.00 s]
51.0.N: Proof Simplification Iteration 2	[0.04 s]
51.0.N: Proof Simplification Iteration 3	[0.06 s]
51.0.N: Proof Simplification Iteration 4	[0.08 s]
51.0.N: Proof Simplification Iteration 5	[0.09 s]
51.0.N: Proof Simplification Iteration 6	[0.11 s]
51.0.N: Proof Simplification Iteration 7	[0.13 s]
51.0.N: Proof Simplification Iteration 8	[0.15 s]
51.0.N: Proof Simplification Iteration 9	[0.17 s]
51.0.N: Proof Simplification Iteration 10	[0.19 s]
51.0.PRE: Proof Simplification completed in 0.23 s
51: About to start ProofGrid in its own thread with a limit of 10000 pending notifications and a limit of 10 traces.
51: =============================== ProofGrid start ===============================
51: ProofGrid usable level: 1
51: Initial ProofGrid level: 1
51: ProofGrid is starting event handling
51.0.N: caddy15.stanford.edu: "Rocky Linux 8.10 (Green Obsidian)" is an unsupported operating system.
51.0.Hp: caddy15.stanford.edu: "Rocky Linux 8.10 (Green Obsidian)" is an unsupported operating system.
51.0.Ht: caddy15.stanford.edu: "Rocky Linux 8.10 (Green Obsidian)" is an unsupported operating system.
51.0.Mpcustom4: caddy15.stanford.edu: "Rocky Linux 8.10 (Green Obsidian)" is an unsupported operating system.
51.0.Hp: Proofgrid shell started at 3447808@caddy15.stanford.edu(local) jg_3426522_caddy15.stanford.edu_52
51.0.N: Proofgrid shell started at 3447807@caddy15.stanford.edu(local) jg_3426522_caddy15.stanford.edu_52
51.0.Ht: Proofgrid shell started at 3447830@caddy15.stanford.edu(local) jg_3426522_caddy15.stanford.edu_52
51.0.N: clocks: 1, declared: 1, looping: 0, posedge: 1, negedge: 0, noedge: 0, bothedge: 0
51.0.Oh: caddy15.stanford.edu: "Rocky Linux 8.10 (Green Obsidian)" is an unsupported operating system.
51.0.N: Last scan. Per property time limit: 0s
51.0.N: Starting proof for property "CS_div_fsm_s3_52"	[0.00 s].
51.0.N: Trace Attempt  1	[0.01 s]
51.0.N: Trace Attempt  2	[0.01 s]
51.0.N: Trace Attempt  3	[0.01 s]
51.0.Hp: clocks: 1, declared: 1, looping: 0, posedge: 1, negedge: 0, noedge: 0, bothedge: 0
51.0.Ht: clocks: 1, declared: 1, looping: 0, posedge: 1, negedge: 0, noedge: 0, bothedge: 0
51.0.Ht: Trace Attempt  1	[0.04 s]
51.0.Ht: Trace Attempt  2	[0.04 s]
51.0.Mpcustom4: Proofgrid shell started at 3447849@caddy15.stanford.edu(local) jg_3426522_caddy15.stanford.edu_52
51.0.N: Trace Attempt  3	[0.04 s]
51.0.Ht: Trace Attempt  3	[0.04 s]
51.0.Ht: Trace Attempt  4	[0.05 s]
51.0.N: Trace Attempt  4	[0.06 s]
51.0.N: Trace Attempt  5	[0.06 s]
51.0.Ht: Trace Attempt  5	[0.06 s]
51.0.Mpcustom4: clocks: 1, declared: 1, looping: 0, posedge: 1, negedge: 0, noedge: 0, bothedge: 0
51.0.B: caddy15.stanford.edu: "Rocky Linux 8.10 (Green Obsidian)" is an unsupported operating system.
51.0.Mpcustom4: Trace Attempt  1	[0.04 s]
51.0.Mpcustom4: Trace Attempt  2	[0.06 s]
51.0.N: Trace Attempt  5	[0.12 s]
51.0.Oh: Proofgrid shell started at 3447864@caddy15.stanford.edu(local) jg_3426522_caddy15.stanford.edu_52
51.0.AM: caddy15.stanford.edu: "Rocky Linux 8.10 (Green Obsidian)" is an unsupported operating system.
51.0.Oh: clocks: 1, declared: 1, looping: 0, posedge: 1, negedge: 0, noedge: 0, bothedge: 0
51.0.B: Proofgrid shell started at 3447865@caddy15.stanford.edu(local) jg_3426522_caddy15.stanford.edu_52
51.0.B: clocks: 1, declared: 1, looping: 0, posedge: 1, negedge: 0, noedge: 0, bothedge: 0
51.0.B: Last scan. Per property time limit: 0s
51.0.B: Starting proof for property "CS_div_fsm_s3_52"	[0.00 s].
51.0.B: Trace Attempt  1	[0.01 s]
51.0.B: Trace Attempt  2	[0.02 s]
51.0.B: Trace Attempt  3	[0.04 s]
51.0.Oh: bwd trail(1): 1 0.1208s
51.0.Oh: All properties either determined or skipped. [0.27 s]
51.0.B: Trace Attempt  4	[0.06 s]
51.0.AM: Proofgrid shell started at 3447871@caddy15.stanford.edu(local) jg_3426522_caddy15.stanford.edu_52
51.0.Oh: Exited with Success (@ 0.52 s)
51.0.Oh: Completed, Restart ignored.
51.0.AM: clocks: 1, declared: 1, looping: 0, posedge: 1, negedge: 0, noedge: 0, bothedge: 0
51.0.AM: Last scan. Per property time limit: 0s
51.0.AM: Starting proof for property "CS_div_fsm_s3_52"	[0.00 s].
51.0.AM: Trace Attempt  1	[0.00 s]
51.0.AM: Trace Attempt  2	[0.01 s]
51.0.B: Trace Attempt  5	[0.13 s]
51.0.AM: Trace Attempt  3	[0.06 s]
51.0.AM: Trace Attempt  4	[0.09 s]
51.0.AM: Trace Attempt  5	[0.11 s]
51.0.Mpcustom4: Trace Attempt  3	[0.63 s]
51.0.Mpcustom4: Trace Attempt  3	[0.68 s]
51.0.Mpcustom4: Trace Attempt  4	[0.71 s]
51.0.Mpcustom4: Trace Attempt  4	[0.76 s]
51.0.Mpcustom4: Trace Attempt  5	[0.79 s]
51.0.N: Trace Attempt 29	[4.33 s]
51.0.B: Trace Attempt 50	[4.14 s]
51.0.AM: Trace Attempt 52	[4.19 s]
51.0.Mpcustom4: Trace Attempt 38	[4.79 s]
51.0.Ht: Trace Attempt 61	[5.28 s]
51.0.AM: Trace Attempt 60	[8.21 s]
51.0.N: Trace Attempt 39	[8.76 s]
51.0.Mpcustom4: Trace Attempt 50	[8.81 s]
51.0.B: Trace Attempt 61	[11.29 s]
51.0.N: Trace Attempt 47	[13.31 s]
51.0.Mpcustom4: Trace Attempt 56	[14.29 s]
51.0.N: Requesting engine job to stop
51.0.B: Requesting engine job to stop
51.0.AM: Requesting engine job to stop
51.0.Hp: Requesting engine job to terminate
51.0.Ht: Requesting engine job to terminate
51.0.Mpcustom4: Requesting engine job to terminate
INFO (IPF144): 51: Initiating shutdown of proof [14.56 s]
51.0.Ht: A trace with 61 cycles was found. [14.39 s]
INFO (IPF047): 51.0.Ht: The cover property "CS_div_fsm_s3_52" was covered in 61 cycles in 14.54 s.
51.0.Ht: All properties determined. [14.52 s]
51.0.Hp: Interrupted (multi)
51.0.Hp: All properties determined. [14.54 s]
51.0.N: Trace Attempt 50	[14.62 s]
51.0.N: Stopped processing property "CS_div_fsm_s3_52"	[14.63 s].
51.0.N: All properties determined. [14.63 s]
51.0.N: Exited with Success (@ 14.66 s)
51: ProofGrid usable level: 0
51.0.Mpcustom4: All properties determined. [14.78 s]
51.0.Mpcustom4: Exited with Success (@ 14.90 s)
51.0.B: Stopped processing property "CS_div_fsm_s3_52"	[14.45 s].
51.0.B: All properties determined. [14.46 s]
51.0.B: Exited with Success (@ 14.93 s)
51.0.AM: Stopped processing property "CS_div_fsm_s3_52"	[14.51 s].
51.0.Hp: Exited with Success (@ 15.08 s)
51.0.AM: All properties determined. [14.52 s]
51.0.AM: Exited with Success (@ 15.18 s)
51.0.Ht: Exited with Success (@ 15.18 s)
51: --------------------------------------------------------------
ProofGrid Summary (utilization 98.28 %)
--------------------------------------------------------------
     engines started                               :     7
     engine jobs started                           :     7

    Average time in state (seconds)
    ------------------------------------------------------
    Engine  Pending     Running        Dead    Utilization
    ------------------------------------------------------
      N        0.11       14.55        0.00       99.28 %
     Hp        0.08       14.54        0.00       99.44 %
     Ht        0.08       14.54        0.00       99.47 %
    Mpcustom4        0.12       14.48        0.00       99.20 %
     Oh        0.23        0.27        0.00       54.23 %
      B        0.40       14.14        0.00       97.26 %
     AM        0.51       14.02        0.00       96.51 %
    all        0.22       12.36        0.00       98.28 %

    Total time in state (seconds)
    -----------------------------------------
            Pending     Running        Dead  
    -----------------------------------------
               1.51       86.53        0.00

    Data read    : 164.29 kiB
    Data written : 11.99 kiB

51: All pending notifications were processed.
INFO (IPF059): 51: Completed proof on task: "mytask"
cover -name CS_div_fsm_s3_53 {@(posedge clk_i) !div_fsm_s3 ##1 div_fsm_s3 [*53] ##1 !div_fsm_s3 }
INFO (IPF036): Starting proof on task: "mytask", 1 properties to prove with 0 already proven/unreachable
INFO (IPF031): Settings used for proof thread 52:
    orchestration                 = on (auto)
    time_limit                    = 600s
    per_property_time_limit       = 1s * 10 ^ scan
    engine_mode                   = auto
    proofgrid_per_engine_max_jobs = 1
    max engine jobs               = auto
    proofgrid_mode                = local
    proofgrid_restarts            = 10
52: Using multistage preprocessing
52: Starting reduce
52: Finished reduce in 0.043s
52.0.PRE: Performing Proof Simplification...
52.0.N: clocks: 1, declared: 1, looping: 0, posedge: 1, negedge: 0, noedge: 0, bothedge: 0
52.0.N: Proof Simplification Iteration 1	[0.00 s]
52.0.N: Proof Simplification Iteration 2	[0.04 s]
52.0.N: Proof Simplification Iteration 3	[0.06 s]
52.0.N: Proof Simplification Iteration 4	[0.07 s]
52.0.N: Proof Simplification Iteration 5	[0.09 s]
52.0.N: Proof Simplification Iteration 6	[0.11 s]
52.0.N: Proof Simplification Iteration 7	[0.13 s]
52.0.N: Proof Simplification Iteration 8	[0.15 s]
52.0.N: Proof Simplification Iteration 9	[0.17 s]
52.0.N: Proof Simplification Iteration 10	[0.18 s]
52.0.PRE: Proof Simplification completed in 0.23 s
52: About to start ProofGrid in its own thread with a limit of 10000 pending notifications and a limit of 10 traces.
52: =============================== ProofGrid start ===============================
52: ProofGrid usable level: 1
52: Initial ProofGrid level: 1
52: ProofGrid is starting event handling
52.0.N: caddy15.stanford.edu: "Rocky Linux 8.10 (Green Obsidian)" is an unsupported operating system.
52.0.Hp: caddy15.stanford.edu: "Rocky Linux 8.10 (Green Obsidian)" is an unsupported operating system.
52.0.Ht: caddy15.stanford.edu: "Rocky Linux 8.10 (Green Obsidian)" is an unsupported operating system.
52.0.N: Proofgrid shell started at 3448149@caddy15.stanford.edu(local) jg_3426522_caddy15.stanford.edu_53
52.0.Hp: Proofgrid shell started at 3448150@caddy15.stanford.edu(local) jg_3426522_caddy15.stanford.edu_53
52.0.N: clocks: 1, declared: 1, looping: 0, posedge: 1, negedge: 0, noedge: 0, bothedge: 0
52.0.Mpcustom4: caddy15.stanford.edu: "Rocky Linux 8.10 (Green Obsidian)" is an unsupported operating system.
52.0.N: Last scan. Per property time limit: 0s
52.0.N: Starting proof for property "CS_div_fsm_s3_53"	[0.00 s].
52.0.Hp: clocks: 1, declared: 1, looping: 0, posedge: 1, negedge: 0, noedge: 0, bothedge: 0
52.0.N: Trace Attempt  1	[0.01 s]
52.0.N: Trace Attempt  2	[0.01 s]
52.0.N: Trace Attempt  3	[0.01 s]
52.0.Ht: Proofgrid shell started at 3448172@caddy15.stanford.edu(local) jg_3426522_caddy15.stanford.edu_53
52.0.Ht: clocks: 1, declared: 1, looping: 0, posedge: 1, negedge: 0, noedge: 0, bothedge: 0
52.0.N: Trace Attempt  3	[0.04 s]
52.0.Mpcustom4: Proofgrid shell started at 3448191@caddy15.stanford.edu(local) jg_3426522_caddy15.stanford.edu_53
52.0.N: Trace Attempt  4	[0.06 s]
52.0.N: Trace Attempt  5	[0.06 s]
52.0.Ht: Trace Attempt  1	[0.04 s]
52.0.Ht: Trace Attempt  2	[0.04 s]
52.0.Ht: Trace Attempt  3	[0.04 s]
52.0.Mpcustom4: clocks: 1, declared: 1, looping: 0, posedge: 1, negedge: 0, noedge: 0, bothedge: 0
52.0.Ht: Trace Attempt  4	[0.04 s]
52.0.Ht: Trace Attempt  5	[0.05 s]
52.0.Mpcustom4: Trace Attempt  1	[0.04 s]
52.0.Mpcustom4: Trace Attempt  2	[0.06 s]
52.0.N: Trace Attempt  5	[0.13 s]
52.0.B: caddy15.stanford.edu: "Rocky Linux 8.10 (Green Obsidian)" is an unsupported operating system.
52.0.Oh: caddy15.stanford.edu: "Rocky Linux 8.10 (Green Obsidian)" is an unsupported operating system.
52.0.AM: caddy15.stanford.edu: "Rocky Linux 8.10 (Green Obsidian)" is an unsupported operating system.
52.0.Oh: Proofgrid shell started at 3448202@caddy15.stanford.edu(local) jg_3426522_caddy15.stanford.edu_53
52.0.B: Proofgrid shell started at 3448204@caddy15.stanford.edu(local) jg_3426522_caddy15.stanford.edu_53
52.0.B: clocks: 1, declared: 1, looping: 0, posedge: 1, negedge: 0, noedge: 0, bothedge: 0
52.0.Oh: clocks: 1, declared: 1, looping: 0, posedge: 1, negedge: 0, noedge: 0, bothedge: 0
52.0.B: Last scan. Per property time limit: 0s
52.0.B: Starting proof for property "CS_div_fsm_s3_53"	[0.00 s].
52.0.B: Trace Attempt  1	[0.01 s]
52.0.B: Trace Attempt  2	[0.03 s]
52.0.B: Trace Attempt  3	[0.05 s]
52.0.AM: Proofgrid shell started at 3448209@caddy15.stanford.edu(local) jg_3426522_caddy15.stanford.edu_53
52.0.B: Trace Attempt  4	[0.07 s]
52.0.AM: clocks: 1, declared: 1, looping: 0, posedge: 1, negedge: 0, noedge: 0, bothedge: 0
52.0.AM: Last scan. Per property time limit: 0s
52.0.AM: Starting proof for property "CS_div_fsm_s3_53"	[0.00 s].
52.0.AM: Trace Attempt  1	[0.00 s]
52.0.AM: Trace Attempt  2	[0.01 s]
52.0.B: Trace Attempt  5	[0.15 s]
52.0.AM: Trace Attempt  3	[0.06 s]
52.0.AM: Trace Attempt  4	[0.10 s]
52.0.Oh: bwd trail(1): 1 0.115799s
52.0.Oh: All properties either determined or skipped. [0.26 s]
52.0.Mpcustom4: Trace Attempt  3	[0.65 s]
52.0.Oh: Exited with Success (@ 0.76 s)
52.0.AM: Trace Attempt  5	[0.16 s]
52.0.Mpcustom4: Trace Attempt  3	[0.69 s]
52.0.Mpcustom4: Trace Attempt  4	[0.72 s]
52.0.Mpcustom4: Trace Attempt  4	[0.78 s]
52.0.Mpcustom4: Trace Attempt  5	[0.80 s]
52.0.N: Trace Attempt 29	[4.43 s]
52.0.B: Trace Attempt 46	[4.21 s]
52.0.AM: Trace Attempt 51	[4.21 s]
52.0.Mpcustom4: Trace Attempt 35	[4.83 s]
52.0.Ht: Trace Attempt 62	[5.70 s]
52.0.N: Trace Attempt 40	[8.49 s]
52.0.AM: Trace Attempt 61	[8.69 s]
52.0.Mpcustom4: Trace Attempt 48	[9.34 s]
52.0.N: Trace Attempt 49	[13.00 s]
52.0.Mpcustom4: Trace Attempt 56	[14.41 s]
52.0.N: Requesting engine job to stop
52.0.B: Requesting engine job to stop
52.0.AM: Requesting engine job to stop
52.0.Hp: Requesting engine job to terminate
52.0.Ht: Requesting engine job to terminate
52.0.Mpcustom4: Requesting engine job to terminate
INFO (IPF144): 52: Initiating shutdown of proof [14.67 s]
52.0.Ht: A trace with 62 cycles was found. [14.54 s]
INFO (IPF047): 52.0.Ht: The cover property "CS_div_fsm_s3_53" was covered in 62 cycles in 14.62 s.
52.0.Ht: All properties determined. [14.60 s]
52.0.N: Trace Attempt 53	[14.39 s]
52.0.N: Stopped processing property "CS_div_fsm_s3_53"	[14.71 s].
52.0.N: All properties determined. [14.72 s]
52.0.N: Exited with Success (@ 14.75 s)
52: ProofGrid usable level: 0
52.0.B: Trace Attempt 62	[5.84 s]
52.0.B: Stopped processing property "CS_div_fsm_s3_53"	[14.42 s].
52.0.B: All properties determined. [14.43 s]
52.0.B: Exited with Success (@ 14.92 s)
52.0.Mpcustom4: All properties determined. [14.87 s]
52.0.Mpcustom4: Exited with Success (@ 15.00 s)
52.0.AM: Stopped processing property "CS_div_fsm_s3_53"	[14.54 s].
52.0.AM: All properties determined. [14.54 s]
52.0.Ht: Exited with Success (@ 15.34 s)
52.0.AM: Exited with Success (@ 15.59 s)
52.0.Hp: Sending SIGKILL
52.0.Hp: Terminated by signal SIGKILL (@ 16.87 s)
52: --------------------------------------------------------------
ProofGrid Summary (utilization 98.00 %)
--------------------------------------------------------------
     engines started                               :     7
     engine jobs started                           :     7

    Average time in state (seconds)
    ------------------------------------------------------
    Engine  Pending     Running        Dead    Utilization
    ------------------------------------------------------
      N        0.10       14.66        0.00       99.34 %
     Hp        0.09       14.65        0.00       99.38 %
     Ht        0.09       14.62        0.00       99.38 %
    Mpcustom4        0.11       14.58        0.00       99.27 %
     Oh        0.44        0.27        0.00       37.73 %
      B        0.43       14.21        0.00       97.07 %
     AM        0.52       14.10        0.00       96.45 %
    all        0.25       12.44        0.00       98.00 %

    Total time in state (seconds)
    -----------------------------------------
            Pending     Running        Dead  
    -----------------------------------------
               1.77       87.08        0.00

    Data read    : 166.49 kiB
    Data written : 14.05 kiB

52: All pending notifications were processed.
INFO (IPF059): 52: Completed proof on task: "mytask"
cover -name CS_div_fsm_s3_54 {@(posedge clk_i) !div_fsm_s3 ##1 div_fsm_s3 [*54] ##1 !div_fsm_s3 }
INFO (IPF036): Starting proof on task: "mytask", 1 properties to prove with 0 already proven/unreachable
INFO (IPF031): Settings used for proof thread 53:
    orchestration                 = on (auto)
    time_limit                    = 600s
    per_property_time_limit       = 1s * 10 ^ scan
    engine_mode                   = auto
    proofgrid_per_engine_max_jobs = 1
    max engine jobs               = auto
    proofgrid_mode                = local
    proofgrid_restarts            = 10
53: Using multistage preprocessing
53: Starting reduce
53: Finished reduce in 0.042s
53.0.PRE: Performing Proof Simplification...
53.0.N: clocks: 1, declared: 1, looping: 0, posedge: 1, negedge: 0, noedge: 0, bothedge: 0
53.0.N: Proof Simplification Iteration 1	[0.00 s]
53.0.N: Proof Simplification Iteration 2	[0.04 s]
53.0.N: Proof Simplification Iteration 3	[0.06 s]
53.0.N: Proof Simplification Iteration 4	[0.07 s]
53.0.N: Proof Simplification Iteration 5	[0.09 s]
53.0.N: Proof Simplification Iteration 6	[0.11 s]
53.0.N: Proof Simplification Iteration 7	[0.13 s]
53.0.N: Proof Simplification Iteration 8	[0.15 s]
53.0.N: Proof Simplification Iteration 9	[0.16 s]
53.0.N: Proof Simplification Iteration 10	[0.18 s]
53.0.PRE: Proof Simplification completed in 0.23 s
53: About to start ProofGrid in its own thread with a limit of 10000 pending notifications and a limit of 10 traces.
53: =============================== ProofGrid start ===============================
53: ProofGrid usable level: 1
53: Initial ProofGrid level: 1
53: ProofGrid is starting event handling
53.0.Hp: caddy15.stanford.edu: "Rocky Linux 8.10 (Green Obsidian)" is an unsupported operating system.
53.0.N: caddy15.stanford.edu: "Rocky Linux 8.10 (Green Obsidian)" is an unsupported operating system.
53.0.N: Proofgrid shell started at 3448489@caddy15.stanford.edu(local) jg_3426522_caddy15.stanford.edu_54
53.0.Hp: Proofgrid shell started at 3448490@caddy15.stanford.edu(local) jg_3426522_caddy15.stanford.edu_54
53.0.Hp: clocks: 1, declared: 1, looping: 0, posedge: 1, negedge: 0, noedge: 0, bothedge: 0
53.0.N: clocks: 1, declared: 1, looping: 0, posedge: 1, negedge: 0, noedge: 0, bothedge: 0
53.0.N: Last scan. Per property time limit: 0s
53.0.N: Starting proof for property "CS_div_fsm_s3_54"	[0.00 s].
53.0.N: Trace Attempt  1	[0.01 s]
53.0.N: Trace Attempt  2	[0.01 s]
53.0.N: Trace Attempt  3	[0.01 s]
53.0.N: Trace Attempt  3	[0.04 s]
53.0.N: Trace Attempt  4	[0.06 s]
53.0.N: Trace Attempt  5	[0.06 s]
53.0.Oh: caddy15.stanford.edu: "Rocky Linux 8.10 (Green Obsidian)" is an unsupported operating system.
53.0.AM: caddy15.stanford.edu: "Rocky Linux 8.10 (Green Obsidian)" is an unsupported operating system.
53.0.B: caddy15.stanford.edu: "Rocky Linux 8.10 (Green Obsidian)" is an unsupported operating system.
53.0.Ht: caddy15.stanford.edu: "Rocky Linux 8.10 (Green Obsidian)" is an unsupported operating system.
53.0.N: Trace Attempt  5	[0.12 s]
53.0.Mpcustom4: caddy15.stanford.edu: "Rocky Linux 8.10 (Green Obsidian)" is an unsupported operating system.
53.0.Oh: Proofgrid shell started at 3448521@caddy15.stanford.edu(local) jg_3426522_caddy15.stanford.edu_54
53.0.Oh: clocks: 1, declared: 1, looping: 0, posedge: 1, negedge: 0, noedge: 0, bothedge: 0
53.0.AM: Proofgrid shell started at 3448523@caddy15.stanford.edu(local) jg_3426522_caddy15.stanford.edu_54
53.0.B: Proofgrid shell started at 3448522@caddy15.stanford.edu(local) jg_3426522_caddy15.stanford.edu_54
53.0.Mpcustom4: Proofgrid shell started at 3448520@caddy15.stanford.edu(local) jg_3426522_caddy15.stanford.edu_54
53.0.Ht: Proofgrid shell started at 3448513@caddy15.stanford.edu(local) jg_3426522_caddy15.stanford.edu_54
53.0.AM: clocks: 1, declared: 1, looping: 0, posedge: 1, negedge: 0, noedge: 0, bothedge: 0
53.0.B: clocks: 1, declared: 1, looping: 0, posedge: 1, negedge: 0, noedge: 0, bothedge: 0
53.0.Ht: clocks: 1, declared: 1, looping: 0, posedge: 1, negedge: 0, noedge: 0, bothedge: 0
53.0.Mpcustom4: clocks: 1, declared: 1, looping: 0, posedge: 1, negedge: 0, noedge: 0, bothedge: 0
53.0.AM: Last scan. Per property time limit: 0s
53.0.AM: Starting proof for property "CS_div_fsm_s3_54"	[0.00 s].
53.0.AM: Trace Attempt  1	[0.00 s]
53.0.B: Last scan. Per property time limit: 0s
53.0.B: Starting proof for property "CS_div_fsm_s3_54"	[0.00 s].
53.0.AM: Trace Attempt  2	[0.01 s]
53.0.B: Trace Attempt  1	[0.01 s]
53.0.B: Trace Attempt  2	[0.02 s]
53.0.B: Trace Attempt  3	[0.03 s]
53.0.B: Trace Attempt  4	[0.04 s]
53.0.AM: Trace Attempt  3	[0.05 s]
53.0.Mpcustom4: Trace Attempt  1	[0.07 s]
53.0.Ht: Trace Attempt  1	[0.07 s]
53.0.Ht: Trace Attempt  2	[0.07 s]
53.0.Mpcustom4: Trace Attempt  2	[0.09 s]
53.0.Ht: Trace Attempt  3	[0.09 s]
53.0.Ht: Trace Attempt  4	[0.10 s]
53.0.Oh: bwd trail(1): 1 0.110662s
53.0.Oh: All properties either determined or skipped. [0.18 s]
53.0.Oh: Exited with Success (@ 0.37 s)
53.0.Oh: Completed, Restart ignored.
53.0.Ht: Trace Attempt  5	[0.10 s]
53.0.B: Trace Attempt  5	[0.08 s]
53.0.AM: Trace Attempt  4	[0.11 s]
53.0.AM: Trace Attempt  5	[0.16 s]
53.0.Mpcustom4: Trace Attempt  3	[0.83 s]
53.0.Mpcustom4: Trace Attempt  3	[0.88 s]
53.0.Mpcustom4: Trace Attempt  4	[0.90 s]
53.0.Mpcustom4: Trace Attempt  4	[0.96 s]
53.0.Mpcustom4: Trace Attempt  5	[0.98 s]
53.0.N: Trace Attempt 29	[4.32 s]
53.0.B: Trace Attempt 51	[4.09 s]
53.0.AM: Trace Attempt 47	[4.17 s]
53.0.Mpcustom4: Trace Attempt 38	[4.99 s]
53.0.Ht: Trace Attempt 63	[6.61 s]
53.0.N: Trace Attempt 38	[8.47 s]
53.0.AM: Trace Attempt 62	[9.30 s]
53.0.Mpcustom4: Trace Attempt 52	[9.70 s]
53.0.N: Trace Attempt 47	[12.80 s]
53.0.N: Requesting engine job to stop
53.0.B: Requesting engine job to stop
53.0.AM: Requesting engine job to stop
53.0.Hp: Requesting engine job to terminate
53.0.Ht: Requesting engine job to terminate
53.0.Mpcustom4: Requesting engine job to terminate
INFO (IPF144): 53: Initiating shutdown of proof [15.08 s]
53.0.Ht: A trace with 63 cycles was found. [14.74 s]
INFO (IPF047): 53.0.Ht: The cover property "CS_div_fsm_s3_54" was covered in 63 cycles in 14.81 s.
53.0.Ht: All properties determined. [14.80 s]
53.0.N: Trace Attempt 52	[15.26 s]
53.0.N: Stopped processing property "CS_div_fsm_s3_54"	[15.22 s].
53.0.N: All properties determined. [15.27 s]
53.0.N: Exited with Success (@ 15.30 s)
53: ProofGrid usable level: 0
53.0.B: Trace Attempt 63	[5.69 s]
53.0.B: Stopped processing property "CS_div_fsm_s3_54"	[15.07 s].
53.0.B: All properties determined. [15.07 s]
53.0.B: Exited with Success (@ 15.37 s)
53.0.Mpcustom4: Trace Attempt 58	[13.58 s]
53.0.Mpcustom4: All properties determined. [15.28 s]
53.0.AM: Stopped processing property "CS_div_fsm_s3_54"	[15.28 s].
53.0.AM: All properties determined. [15.28 s]
53.0.AM: Exited with Success (@ 15.59 s)
53.0.Mpcustom4: Exited with Success (@ 15.59 s)
53.0.Ht: Exited with Success (@ 15.74 s)
53.0.Hp: Interrupted (multi)
53.0.Hp: All properties determined. [17.00 s]
53.0.Hp: Sending SIGKILL
53.0.Hp: Terminated by signal SIGKILL (@ 17.29 s)
53: --------------------------------------------------------------
ProofGrid Summary (utilization 97.53 %)
--------------------------------------------------------------
     engines started                               :     7
     engine jobs started                           :     7

    Average time in state (seconds)
    ------------------------------------------------------
    Engine  Pending     Running        Dead    Utilization
    ------------------------------------------------------
      N        0.78       15.07        0.00       95.09 %
     Hp        0.30       15.07        0.00       98.07 %
     Ht        0.32       14.81        0.00       97.88 %
    Mpcustom4        0.26       14.81        0.00       98.30 %
     Oh        0.17        0.19        0.00       52.79 %
      B        0.23       14.81        0.00       98.45 %
     AM        0.21       14.82        0.00       98.60 %
    all        0.32       12.80        0.00       97.53 %

    Total time in state (seconds)
    -----------------------------------------
            Pending     Running        Dead  
    -----------------------------------------
               2.26       89.58        0.00

    Data read    : 167.82 kiB
    Data written : 11.25 kiB

53: All pending notifications were processed.
INFO (IPF059): 53: Completed proof on task: "mytask"
cover -name CS_div_fsm_s3_55 {@(posedge clk_i) !div_fsm_s3 ##1 div_fsm_s3 [*55] ##1 !div_fsm_s3 }
INFO (IPF036): Starting proof on task: "mytask", 1 properties to prove with 0 already proven/unreachable
INFO (IPF031): Settings used for proof thread 54:
    orchestration                 = on (auto)
    time_limit                    = 600s
    per_property_time_limit       = 1s * 10 ^ scan
    engine_mode                   = auto
    proofgrid_per_engine_max_jobs = 1
    max engine jobs               = auto
    proofgrid_mode                = local
    proofgrid_restarts            = 10
54: Using multistage preprocessing
54: Starting reduce
54: Finished reduce in 0.044s
54.0.PRE: Performing Proof Simplification...
54.0.N: clocks: 1, declared: 1, looping: 0, posedge: 1, negedge: 0, noedge: 0, bothedge: 0
54.0.N: Proof Simplification Iteration 1	[0.00 s]
54.0.N: Proof Simplification Iteration 2	[0.04 s]
54.0.N: Proof Simplification Iteration 3	[0.06 s]
54.0.N: Proof Simplification Iteration 4	[0.07 s]
54.0.N: Proof Simplification Iteration 5	[0.09 s]
54.0.N: Proof Simplification Iteration 6	[0.11 s]
54.0.N: Proof Simplification Iteration 7	[0.13 s]
54.0.N: Proof Simplification Iteration 8	[0.15 s]
54.0.N: Proof Simplification Iteration 9	[0.17 s]
54.0.N: Proof Simplification Iteration 10	[0.18 s]
54.0.PRE: Proof Simplification completed in 0.23 s
54: About to start ProofGrid in its own thread with a limit of 10000 pending notifications and a limit of 10 traces.
54: =============================== ProofGrid start ===============================
54: ProofGrid usable level: 1
54: Initial ProofGrid level: 1
54: ProofGrid is starting event handling
54.0.Hp: caddy15.stanford.edu: "Rocky Linux 8.10 (Green Obsidian)" is an unsupported operating system.
54.0.N: caddy15.stanford.edu: "Rocky Linux 8.10 (Green Obsidian)" is an unsupported operating system.
54.0.Ht: caddy15.stanford.edu: "Rocky Linux 8.10 (Green Obsidian)" is an unsupported operating system.
54.0.Mpcustom4: caddy15.stanford.edu: "Rocky Linux 8.10 (Green Obsidian)" is an unsupported operating system.
54.0.N: Proofgrid shell started at 3448944@caddy15.stanford.edu(local) jg_3426522_caddy15.stanford.edu_55
54.0.Hp: Proofgrid shell started at 3448945@caddy15.stanford.edu(local) jg_3426522_caddy15.stanford.edu_55
54.0.Hp: clocks: 1, declared: 1, looping: 0, posedge: 1, negedge: 0, noedge: 0, bothedge: 0
54.0.Ht: Proofgrid shell started at 3448968@caddy15.stanford.edu(local) jg_3426522_caddy15.stanford.edu_55
54.0.N: clocks: 1, declared: 1, looping: 0, posedge: 1, negedge: 0, noedge: 0, bothedge: 0
54.0.N: Last scan. Per property time limit: 0s
54.0.N: Starting proof for property "CS_div_fsm_s3_55"	[0.00 s].
54.0.N: Trace Attempt  1	[0.00 s]
54.0.N: Trace Attempt  2	[0.01 s]
54.0.N: Trace Attempt  3	[0.01 s]
54.0.Ht: clocks: 1, declared: 1, looping: 0, posedge: 1, negedge: 0, noedge: 0, bothedge: 0
54.0.Oh: caddy15.stanford.edu: "Rocky Linux 8.10 (Green Obsidian)" is an unsupported operating system.
54.0.Mpcustom4: Proofgrid shell started at 3448986@caddy15.stanford.edu(local) jg_3426522_caddy15.stanford.edu_55
54.0.B: caddy15.stanford.edu: "Rocky Linux 8.10 (Green Obsidian)" is an unsupported operating system.
54.0.AM: caddy15.stanford.edu: "Rocky Linux 8.10 (Green Obsidian)" is an unsupported operating system.
54.0.Ht: Trace Attempt  1	[0.05 s]
54.0.Ht: Trace Attempt  2	[0.05 s]
54.0.Ht: Trace Attempt  3	[0.05 s]
54.0.Mpcustom4: clocks: 1, declared: 1, looping: 0, posedge: 1, negedge: 0, noedge: 0, bothedge: 0
54.0.N: Trace Attempt  3	[0.07 s]
54.0.Ht: Trace Attempt  4	[0.06 s]
54.0.Ht: Trace Attempt  5	[0.07 s]
54.0.Mpcustom4: Trace Attempt  1	[0.05 s]
54.0.N: Trace Attempt  4	[0.09 s]
54.0.N: Trace Attempt  5	[0.09 s]
54.0.Mpcustom4: Trace Attempt  2	[0.07 s]
54.0.N: Trace Attempt  5	[0.15 s]
54.0.Oh: Proofgrid shell started at 3449001@caddy15.stanford.edu(local) jg_3426522_caddy15.stanford.edu_55
54.0.B: Proofgrid shell started at 3449009@caddy15.stanford.edu(local) jg_3426522_caddy15.stanford.edu_55
54.0.Oh: clocks: 1, declared: 1, looping: 0, posedge: 1, negedge: 0, noedge: 0, bothedge: 0
54.0.AM: Proofgrid shell started at 3449011@caddy15.stanford.edu(local) jg_3426522_caddy15.stanford.edu_55
54.0.B: clocks: 1, declared: 1, looping: 0, posedge: 1, negedge: 0, noedge: 0, bothedge: 0
54.0.B: Last scan. Per property time limit: 0s
54.0.B: Starting proof for property "CS_div_fsm_s3_55"	[0.00 s].
54.0.B: Trace Attempt  1	[0.01 s]
54.0.B: Trace Attempt  2	[0.03 s]
54.0.AM: clocks: 1, declared: 1, looping: 0, posedge: 1, negedge: 0, noedge: 0, bothedge: 0
54.0.AM: Last scan. Per property time limit: 0s
54.0.AM: Starting proof for property "CS_div_fsm_s3_55"	[0.00 s].
54.0.AM: Trace Attempt  1	[0.00 s]
54.0.AM: Trace Attempt  2	[0.01 s]
54.0.B: Trace Attempt  3	[0.05 s]
54.0.B: Trace Attempt  4	[0.07 s]
54.0.AM: Trace Attempt  3	[0.04 s]
54.0.AM: Trace Attempt  4	[0.10 s]
54.0.Oh: bwd trail(1): 1 0.118707s
54.0.Oh: All properties either determined or skipped. [0.19 s]
54.0.Oh: Exited with Success (@ 0.43 s)
54.0.Oh: Completed, Restart ignored.
54.0.B: Trace Attempt  5	[0.15 s]
54.0.AM: Trace Attempt  5	[0.15 s]
54.0.Mpcustom4: Trace Attempt  3	[0.65 s]
54.0.Mpcustom4: Trace Attempt  3	[0.70 s]
54.0.Mpcustom4: Trace Attempt  4	[0.72 s]
54.0.Mpcustom4: Trace Attempt  4	[0.78 s]
54.0.Mpcustom4: Trace Attempt  5	[0.80 s]
54.0.N: Trace Attempt 29	[4.46 s]
54.0.B: Trace Attempt 45	[4.23 s]
54.0.AM: Trace Attempt 50	[4.25 s]
54.0.Mpcustom4: Trace Attempt 39	[4.87 s]
54.0.Ht: Trace Attempt 64	[5.42 s]
54.0.N: Trace Attempt 40	[8.66 s]
54.0.Mpcustom4: Trace Attempt 52	[9.48 s]
54.0.AM: Trace Attempt 63	[9.77 s]
54.0.N: Requesting engine job to stop
54.0.B: Requesting engine job to stop
54.0.AM: Requesting engine job to stop
54.0.Hp: Requesting engine job to terminate
54.0.Ht: Requesting engine job to terminate
54.0.Mpcustom4: Requesting engine job to terminate
INFO (IPF144): 54: Initiating shutdown of proof [11.17 s]
54.0.Ht: A trace with 64 cycles was found. [11.06 s]
INFO (IPF047): 54.0.Ht: The cover property "CS_div_fsm_s3_55" was covered in 64 cycles in 11.14 s.
54.0.Ht: All properties determined. [11.12 s]
54.0.N: Trace Attempt 45	[10.55 s]
54.0.N: Stopped processing property "CS_div_fsm_s3_55"	[11.24 s].
54.0.N: All properties determined. [11.25 s]
54.0.N: Exited with Success (@ 11.29 s)
54: ProofGrid usable level: 0
54.0.B: Trace Attempt 64	[6.28 s]
54.0.B: Stopped processing property "CS_div_fsm_s3_55"	[11.11 s].
54.0.B: All properties determined. [11.13 s]
54.0.B: Exited with Success (@ 11.49 s)
54.0.Mpcustom4: Trace Attempt 56	[10.72 s]
54.0.Mpcustom4: All properties determined. [11.42 s]
54.0.Mpcustom4: Exited with Success (@ 11.79 s)
54.0.Ht: Exited with Success (@ 12.04 s)
54.0.AM: Stopped processing property "CS_div_fsm_s3_55"	[12.03 s].
54.0.AM: All properties determined. [12.05 s]
54.0.AM: Exited with Success (@ 12.39 s)
54.0.Hp: Interrupted (multi)
54.0.Hp: All properties determined. [12.57 s]
54.0.Hp: Exited with Success (@ 12.89 s)
54: --------------------------------------------------------------
ProofGrid Summary (utilization 98.39 %)
--------------------------------------------------------------
     engines started                               :     7
     engine jobs started                           :     7

    Average time in state (seconds)
    ------------------------------------------------------
    Engine  Pending     Running        Dead    Utilization
    ------------------------------------------------------
      N        0.10       11.16        0.00       99.09 %
     Hp        0.08       11.16        0.00       99.28 %
     Ht        0.09       11.14        0.00       99.17 %
    Mpcustom4        0.10       11.10        0.00       99.08 %
     Oh        0.23        0.20        0.00       45.79 %
      B        0.23       10.91        0.00       97.94 %
     AM        0.25       10.88        0.00       97.78 %
    all        0.16        9.51        0.00       98.39 %

    Total time in state (seconds)
    -----------------------------------------
            Pending     Running        Dead  
    -----------------------------------------
               1.09       66.54        0.00

    Data read    : 166.83 kiB
    Data written : 11.41 kiB

54: All pending notifications were processed.
INFO (IPF059): 54: Completed proof on task: "mytask"
cover -name CS_div_fsm_s3_56 {@(posedge clk_i) !div_fsm_s3 ##1 div_fsm_s3 [*56] ##1 !div_fsm_s3 }
INFO (IPF036): Starting proof on task: "mytask", 1 properties to prove with 0 already proven/unreachable
INFO (IPF031): Settings used for proof thread 55:
    orchestration                 = on (auto)
    time_limit                    = 600s
    per_property_time_limit       = 1s * 10 ^ scan
    engine_mode                   = auto
    proofgrid_per_engine_max_jobs = 1
    max engine jobs               = auto
    proofgrid_mode                = local
    proofgrid_restarts            = 10
55: Using multistage preprocessing
55: Starting reduce
55: Finished reduce in 0.045s
55.0.PRE: Performing Proof Simplification...
55.0.N: clocks: 1, declared: 1, looping: 0, posedge: 1, negedge: 0, noedge: 0, bothedge: 0
55.0.N: Proof Simplification Iteration 1	[0.00 s]
55.0.N: Proof Simplification Iteration 2	[0.04 s]
55.0.N: Proof Simplification Iteration 3	[0.06 s]
55.0.N: Proof Simplification Iteration 4	[0.07 s]
55.0.N: Proof Simplification Iteration 5	[0.09 s]
55.0.N: Proof Simplification Iteration 6	[0.11 s]
55.0.N: Proof Simplification Iteration 7	[0.13 s]
55.0.N: Proof Simplification Iteration 8	[0.15 s]
55.0.N: Proof Simplification Iteration 9	[0.17 s]
55.0.N: Proof Simplification Iteration 10	[0.18 s]
55.0.PRE: Proof Simplification completed in 0.23 s
55: About to start ProofGrid in its own thread with a limit of 10000 pending notifications and a limit of 10 traces.
55: =============================== ProofGrid start ===============================
55: ProofGrid usable level: 1
55: Initial ProofGrid level: 1
55: ProofGrid is starting event handling
55.0.Hp: caddy15.stanford.edu: "Rocky Linux 8.10 (Green Obsidian)" is an unsupported operating system.
55.0.N: caddy15.stanford.edu: "Rocky Linux 8.10 (Green Obsidian)" is an unsupported operating system.
55.0.Hp: Proofgrid shell started at 3449284@caddy15.stanford.edu(local) jg_3426522_caddy15.stanford.edu_56
55.0.N: Proofgrid shell started at 3449283@caddy15.stanford.edu(local) jg_3426522_caddy15.stanford.edu_56
55.0.N: clocks: 1, declared: 1, looping: 0, posedge: 1, negedge: 0, noedge: 0, bothedge: 0
55.0.Hp: clocks: 1, declared: 1, looping: 0, posedge: 1, negedge: 0, noedge: 0, bothedge: 0
55.0.N: Last scan. Per property time limit: 0s
55.0.N: Starting proof for property "CS_div_fsm_s3_56"	[0.00 s].
55.0.N: Trace Attempt  1	[0.01 s]
55.0.N: Trace Attempt  2	[0.01 s]
55.0.N: Trace Attempt  3	[0.01 s]
55.0.N: Trace Attempt  3	[0.04 s]
55.0.N: Trace Attempt  4	[0.05 s]
55.0.N: Trace Attempt  5	[0.06 s]
55.0.Mpcustom4: caddy15.stanford.edu: "Rocky Linux 8.10 (Green Obsidian)" is an unsupported operating system.
55.0.Ht: caddy15.stanford.edu: "Rocky Linux 8.10 (Green Obsidian)" is an unsupported operating system.
55.0.B: caddy15.stanford.edu: "Rocky Linux 8.10 (Green Obsidian)" is an unsupported operating system.
55.0.N: Trace Attempt  5	[0.12 s]
55.0.Mpcustom4: Proofgrid shell started at 3449315@caddy15.stanford.edu(local) jg_3426522_caddy15.stanford.edu_56
55.0.B: Proofgrid shell started at 3449317@caddy15.stanford.edu(local) jg_3426522_caddy15.stanford.edu_56
55.0.Ht: Proofgrid shell started at 3449307@caddy15.stanford.edu(local) jg_3426522_caddy15.stanford.edu_56
55.0.Mpcustom4: clocks: 1, declared: 1, looping: 0, posedge: 1, negedge: 0, noedge: 0, bothedge: 0
55.0.Oh: caddy15.stanford.edu: "Rocky Linux 8.10 (Green Obsidian)" is an unsupported operating system.
55.0.B: clocks: 1, declared: 1, looping: 0, posedge: 1, negedge: 0, noedge: 0, bothedge: 0
55.0.Ht: clocks: 1, declared: 1, looping: 0, posedge: 1, negedge: 0, noedge: 0, bothedge: 0
55.0.B: Last scan. Per property time limit: 0s
55.0.B: Starting proof for property "CS_div_fsm_s3_56"	[0.00 s].
55.0.B: Trace Attempt  1	[0.01 s]
55.0.AM: caddy15.stanford.edu: "Rocky Linux 8.10 (Green Obsidian)" is an unsupported operating system.
55.0.B: Trace Attempt  2	[0.02 s]
55.0.Ht: Trace Attempt  1	[0.04 s]
55.0.Ht: Trace Attempt  2	[0.04 s]
55.0.Ht: Trace Attempt  3	[0.04 s]
55.0.B: Trace Attempt  3	[0.03 s]
55.0.Ht: Trace Attempt  4	[0.05 s]
55.0.Mpcustom4: Trace Attempt  1	[0.07 s]
55.0.B: Trace Attempt  4	[0.04 s]
55.0.Ht: Trace Attempt  5	[0.05 s]
55.0.Mpcustom4: Trace Attempt  2	[0.10 s]
55.0.B: Trace Attempt  5	[0.07 s]
55.0.Oh: Proofgrid shell started at 3449316@caddy15.stanford.edu(local) jg_3426522_caddy15.stanford.edu_56
55.0.Oh: clocks: 1, declared: 1, looping: 0, posedge: 1, negedge: 0, noedge: 0, bothedge: 0
55.0.AM: Proofgrid shell started at 3449318@caddy15.stanford.edu(local) jg_3426522_caddy15.stanford.edu_56
55.0.AM: clocks: 1, declared: 1, looping: 0, posedge: 1, negedge: 0, noedge: 0, bothedge: 0
55.0.AM: Last scan. Per property time limit: 0s
55.0.AM: Starting proof for property "CS_div_fsm_s3_56"	[0.00 s].
55.0.AM: Trace Attempt  1	[0.00 s]
55.0.AM: Trace Attempt  2	[0.01 s]
55.0.AM: Trace Attempt  3	[0.05 s]
55.0.AM: Trace Attempt  4	[0.11 s]
55.0.AM: Trace Attempt  5	[0.16 s]
55.0.Oh: bwd trail(1): 1 0.1162s
55.0.Oh: All properties either determined or skipped. [0.26 s]
55.0.Oh: Exited with Success (@ 0.74 s)
55.0.Mpcustom4: Trace Attempt  3	[0.87 s]
55.0.Mpcustom4: Trace Attempt  3	[0.92 s]
55.0.Mpcustom4: Trace Attempt  4	[0.94 s]
55.0.Mpcustom4: Trace Attempt  4	[1.00 s]
55.0.Mpcustom4: Trace Attempt  5	[1.02 s]
55.0.B: Trace Attempt 47	[4.12 s]
55.0.N: Trace Attempt 29	[4.44 s]
55.0.AM: Trace Attempt 50	[4.30 s]
55.0.Mpcustom4: Trace Attempt 37	[5.09 s]
55.0.Ht: Trace Attempt 65	[6.57 s]
55.0.N: Trace Attempt 41	[8.82 s]
55.0.AM: Trace Attempt 64	[9.13 s]
55.0.Mpcustom4: Trace Attempt 52	[9.78 s]
55.0.N: Trace Attempt 50	[12.96 s]
55.0.N: Requesting engine job to stop
55.0.B: Requesting engine job to stop
55.0.AM: Requesting engine job to stop
55.0.Hp: Requesting engine job to terminate
55.0.Ht: Requesting engine job to terminate
55.0.Mpcustom4: Requesting engine job to terminate
INFO (IPF144): 55: Initiating shutdown of proof [14.66 s]
55.0.Ht: A trace with 65 cycles was found. [14.38 s]
INFO (IPF047): 55.0.Ht: The cover property "CS_div_fsm_s3_56" was covered in 65 cycles in 14.45 s.
55.0.Ht: All properties determined. [14.45 s]
55.0.Hp: Interrupted (multi)
55.0.Hp: All properties determined. [14.67 s]
55.0.N: Trace Attempt 53	[14.04 s]
55.0.N: Stopped processing property "CS_div_fsm_s3_56"	[14.70 s].
55.0.N: All properties determined. [14.75 s]
55.0.N: Exited with Success (@ 14.79 s)
55: ProofGrid usable level: 0
55.0.B: Trace Attempt 65	[6.70 s]
55.0.B: Stopped processing property "CS_div_fsm_s3_56"	[14.80 s].
55.0.B: All properties determined. [14.81 s]
55.0.B: Exited with Success (@ 15.07 s)
55.0.Mpcustom4: Trace Attempt 59	[13.21 s]
55.0.Mpcustom4: All properties determined. [14.89 s]
55.0.Mpcustom4: Exited with Success (@ 15.11 s)
55.0.Hp: Exited with Success (@ 15.22 s)
55.0.AM: Stopped processing property "CS_div_fsm_s3_56"	[14.72 s].
55.0.AM: All properties determined. [14.72 s]
55.0.AM: Exited with Success (@ 15.29 s)
55.0.Ht: Exited with Success (@ 15.29 s)
55: --------------------------------------------------------------
ProofGrid Summary (utilization 97.06 %)
--------------------------------------------------------------
     engines started                               :     7
     engine jobs started                           :     7

    Average time in state (seconds)
    ------------------------------------------------------
    Engine  Pending     Running        Dead    Utilization
    ------------------------------------------------------
      N        0.80       14.65        0.00       94.85 %
     Hp        0.33       14.65        0.00       97.80 %
     Ht        0.25       14.46        0.00       98.28 %
    Mpcustom4        0.17       14.48        0.00       98.87 %
     Oh        0.44        0.25        0.00       36.54 %
      B        0.19       14.46        0.00       98.71 %
     AM        0.47       14.14        0.00       96.76 %
    all        0.38       12.44        0.00       97.06 %

    Total time in state (seconds)
    -----------------------------------------
            Pending     Running        Dead  
    -----------------------------------------
               2.64       87.10        0.00

    Data read    : 171.30 kiB
    Data written : 12.31 kiB

55: All pending notifications were processed.
INFO (IPF059): 55: Completed proof on task: "mytask"
cover -name CS_div_fsm_s3_57 {@(posedge clk_i) !div_fsm_s3 ##1 div_fsm_s3 [*57] ##1 !div_fsm_s3 }
INFO (IPF036): Starting proof on task: "mytask", 1 properties to prove with 0 already proven/unreachable
INFO (IPF031): Settings used for proof thread 56:
    orchestration                 = on (auto)
    time_limit                    = 600s
    per_property_time_limit       = 1s * 10 ^ scan
    engine_mode                   = auto
    proofgrid_per_engine_max_jobs = 1
    max engine jobs               = auto
    proofgrid_mode                = local
    proofgrid_restarts            = 10
56: Using multistage preprocessing
56: Starting reduce
56: Finished reduce in 0.043s
56.0.PRE: Performing Proof Simplification...
56.0.N: clocks: 1, declared: 1, looping: 0, posedge: 1, negedge: 0, noedge: 0, bothedge: 0
56.0.N: Proof Simplification Iteration 1	[0.00 s]
56.0.N: Proof Simplification Iteration 2	[0.04 s]
56.0.N: Proof Simplification Iteration 3	[0.06 s]
56.0.N: Proof Simplification Iteration 4	[0.07 s]
56.0.N: Proof Simplification Iteration 5	[0.09 s]
56.0.N: Proof Simplification Iteration 6	[0.11 s]
56.0.N: Proof Simplification Iteration 7	[0.13 s]
56.0.N: Proof Simplification Iteration 8	[0.15 s]
56.0.N: Proof Simplification Iteration 9	[0.17 s]
56.0.N: Proof Simplification Iteration 10	[0.18 s]
56.0.PRE: Proof Simplification completed in 0.23 s
56: About to start ProofGrid in its own thread with a limit of 10000 pending notifications and a limit of 10 traces.
56: =============================== ProofGrid start ===============================
56: ProofGrid usable level: 1
56: Initial ProofGrid level: 1
56: ProofGrid is starting event handling
56.0.Hp: caddy15.stanford.edu: "Rocky Linux 8.10 (Green Obsidian)" is an unsupported operating system.
56.0.N: caddy15.stanford.edu: "Rocky Linux 8.10 (Green Obsidian)" is an unsupported operating system.
56.0.Ht: caddy15.stanford.edu: "Rocky Linux 8.10 (Green Obsidian)" is an unsupported operating system.
56.0.Mpcustom4: caddy15.stanford.edu: "Rocky Linux 8.10 (Green Obsidian)" is an unsupported operating system.
56.0.Hp: Proofgrid shell started at 3449514@caddy15.stanford.edu(local) jg_3426522_caddy15.stanford.edu_57
56.0.N: Proofgrid shell started at 3449513@caddy15.stanford.edu(local) jg_3426522_caddy15.stanford.edu_57
56.0.Oh: caddy15.stanford.edu: "Rocky Linux 8.10 (Green Obsidian)" is an unsupported operating system.
56.0.Hp: clocks: 1, declared: 1, looping: 0, posedge: 1, negedge: 0, noedge: 0, bothedge: 0
56.0.N: clocks: 1, declared: 1, looping: 0, posedge: 1, negedge: 0, noedge: 0, bothedge: 0
56.0.N: Last scan. Per property time limit: 0s
56.0.N: Starting proof for property "CS_div_fsm_s3_57"	[0.00 s].
56.0.Ht: Proofgrid shell started at 3449536@caddy15.stanford.edu(local) jg_3426522_caddy15.stanford.edu_57
56.0.N: Trace Attempt  1	[0.01 s]
56.0.Mpcustom4: Proofgrid shell started at 3449539@caddy15.stanford.edu(local) jg_3426522_caddy15.stanford.edu_57
56.0.N: Trace Attempt  2	[0.01 s]
56.0.N: Trace Attempt  3	[0.01 s]
56.0.Ht: clocks: 1, declared: 1, looping: 0, posedge: 1, negedge: 0, noedge: 0, bothedge: 0
56.0.Mpcustom4: clocks: 1, declared: 1, looping: 0, posedge: 1, negedge: 0, noedge: 0, bothedge: 0
56.0.Ht: Trace Attempt  1	[0.04 s]
56.0.Ht: Trace Attempt  2	[0.04 s]
56.0.N: Trace Attempt  3	[0.04 s]
56.0.Ht: Trace Attempt  3	[0.04 s]
56.0.Mpcustom4: Trace Attempt  1	[0.04 s]
56.0.Ht: Trace Attempt  4	[0.05 s]
56.0.N: Trace Attempt  4	[0.06 s]
56.0.N: Trace Attempt  5	[0.06 s]
56.0.Ht: Trace Attempt  5	[0.06 s]
56.0.Mpcustom4: Trace Attempt  2	[0.07 s]
56.0.Oh: Proofgrid shell started at 3449567@caddy15.stanford.edu(local) jg_3426522_caddy15.stanford.edu_57
56.0.N: Trace Attempt  5	[0.12 s]
56.0.Oh: clocks: 1, declared: 1, looping: 0, posedge: 1, negedge: 0, noedge: 0, bothedge: 0
56.0.B: caddy15.stanford.edu: "Rocky Linux 8.10 (Green Obsidian)" is an unsupported operating system.
56.0.AM: caddy15.stanford.edu: "Rocky Linux 8.10 (Green Obsidian)" is an unsupported operating system.
56.0.B: Proofgrid shell started at 3449579@caddy15.stanford.edu(local) jg_3426522_caddy15.stanford.edu_57
56.0.Oh: bwd trail(1): 1 0.121153s
56.0.B: clocks: 1, declared: 1, looping: 0, posedge: 1, negedge: 0, noedge: 0, bothedge: 0
56.0.B: Last scan. Per property time limit: 0s
56.0.B: Starting proof for property "CS_div_fsm_s3_57"	[0.00 s].
56.0.Oh: All properties either determined or skipped. [0.32 s]
56.0.B: Trace Attempt  1	[0.02 s]
56.0.Oh: Exited with Success (@ 0.50 s)
56.0.B: Trace Attempt  2	[0.03 s]
56.0.B: Trace Attempt  3	[0.04 s]
56.0.AM: Proofgrid shell started at 3449583@caddy15.stanford.edu(local) jg_3426522_caddy15.stanford.edu_57
56.0.B: Trace Attempt  4	[0.06 s]
56.0.AM: clocks: 1, declared: 1, looping: 0, posedge: 1, negedge: 0, noedge: 0, bothedge: 0
56.0.AM: Last scan. Per property time limit: 0s
56.0.AM: Starting proof for property "CS_div_fsm_s3_57"	[0.00 s].
56.0.AM: Trace Attempt  1	[0.00 s]
56.0.AM: Trace Attempt  2	[0.02 s]
56.0.B: Trace Attempt  5	[0.14 s]
56.0.AM: Trace Attempt  3	[0.06 s]
56.0.AM: Trace Attempt  4	[0.12 s]
56.0.Mpcustom4: Trace Attempt  3	[0.66 s]
56.0.AM: Trace Attempt  5	[0.15 s]
56.0.Mpcustom4: Trace Attempt  3	[0.70 s]
56.0.Mpcustom4: Trace Attempt  4	[0.73 s]
56.0.Mpcustom4: Trace Attempt  4	[0.79 s]
56.0.Mpcustom4: Trace Attempt  5	[0.81 s]
56.0.N: Trace Attempt 29	[4.32 s]
56.0.B: Trace Attempt 45	[4.21 s]
56.0.AM: Trace Attempt 50	[4.18 s]
56.0.Mpcustom4: Trace Attempt 34	[4.85 s]
56.0.Ht: Trace Attempt 66	[7.88 s]
56.0.N: Trace Attempt 41	[8.76 s]
56.0.Mpcustom4: Trace Attempt 48	[9.29 s]
56.0.N: Trace Attempt 50	[12.98 s]
56.0.Mpcustom4: Trace Attempt 56	[13.58 s]
56.0.N: Requesting engine job to stop
56.0.B: Requesting engine job to stop
56.0.AM: Requesting engine job to stop
56.0.Hp: Requesting engine job to terminate
56.0.Ht: Requesting engine job to terminate
56.0.Mpcustom4: Requesting engine job to terminate
INFO (IPF144): 56: Initiating shutdown of proof [14.69 s]
56.0.Ht: A trace with 66 cycles was found. [14.56 s]
INFO (IPF047): 56.0.Ht: The cover property "CS_div_fsm_s3_57" was covered in 66 cycles in 14.64 s.
56: ProofGrid usable level: 0
56.0.Ht: All properties determined. [14.62 s]
56.0.Hp: Interrupted (multi)
56.0.Hp: All properties determined. [14.67 s]
56.0.N: Trace Attempt 53	[14.09 s]
56.0.N: Stopped processing property "CS_div_fsm_s3_57"	[14.74 s].
56.0.N: All properties determined. [14.74 s]
56.0.N: Exited with Success (@ 14.79 s)
56.0.B: Trace Attempt 66	[7.09 s]
56.0.B: Stopped processing property "CS_div_fsm_s3_57"	[14.48 s].
56.0.B: All properties determined. [14.49 s]
56.0.B: Exited with Success (@ 15.00 s)
56.0.Mpcustom4: Trace Attempt 61	[13.88 s]
56.0.Mpcustom4: All properties determined. [14.94 s]
56.0.Hp: Exited with Success (@ 15.19 s)
56.0.Mpcustom4: Exited with Success (@ 15.19 s)
56.0.AM: Trace Attempt 64	[6.96 s]
56.0.AM: Stopped processing property "CS_div_fsm_s3_57"	[14.74 s].
56.0.AM: All properties determined. [14.75 s]
56.0.AM: Exited with Success (@ 15.38 s)
56.0.Ht: Exited with Success (@ 15.38 s)
56: --------------------------------------------------------------
ProofGrid Summary (utilization 98.24 %)
--------------------------------------------------------------
     engines started                               :     7
     engine jobs started                           :     7

    Average time in state (seconds)
    ------------------------------------------------------
    Engine  Pending     Running        Dead    Utilization
    ------------------------------------------------------
      N        0.12       14.66        0.00       99.19 %
     Hp        0.08       14.66        0.00       99.44 %
     Ht        0.10       14.64        0.00       99.31 %
    Mpcustom4        0.11       14.63        0.00       99.25 %
     Oh        0.19        0.32        0.00       62.19 %
      B        0.43       14.23        0.00       97.05 %
     AM        0.52       14.14        0.00       96.47 %
    all        0.22       12.47        0.00       98.24 %

    Total time in state (seconds)
    -----------------------------------------
            Pending     Running        Dead  
    -----------------------------------------
               1.56       87.28        0.00

    Data read    : 174.05 kiB
    Data written : 11.60 kiB

56: All pending notifications were processed.
INFO (IPF059): 56: Completed proof on task: "mytask"
cover -name CS_div_fsm_s3_58 {@(posedge clk_i) !div_fsm_s3 ##1 div_fsm_s3 [*58] ##1 !div_fsm_s3 }
INFO (IPF036): Starting proof on task: "mytask", 1 properties to prove with 0 already proven/unreachable
INFO (IPF031): Settings used for proof thread 57:
    orchestration                 = on (auto)
    time_limit                    = 600s
    per_property_time_limit       = 1s * 10 ^ scan
    engine_mode                   = auto
    proofgrid_per_engine_max_jobs = 1
    max engine jobs               = auto
    proofgrid_mode                = local
    proofgrid_restarts            = 10
57: Using multistage preprocessing
57: Starting reduce
57: Finished reduce in 0.043s
57.0.PRE: Performing Proof Simplification...
57.0.N: clocks: 1, declared: 1, looping: 0, posedge: 1, negedge: 0, noedge: 0, bothedge: 0
57.0.N: Proof Simplification Iteration 1	[0.00 s]
57.0.N: Proof Simplification Iteration 2	[0.04 s]
57.0.N: Proof Simplification Iteration 3	[0.06 s]
57.0.N: Proof Simplification Iteration 4	[0.07 s]
57.0.N: Proof Simplification Iteration 5	[0.09 s]
57.0.N: Proof Simplification Iteration 6	[0.11 s]
57.0.N: Proof Simplification Iteration 7	[0.13 s]
57.0.N: Proof Simplification Iteration 8	[0.15 s]
57.0.N: Proof Simplification Iteration 9	[0.17 s]
57.0.N: Proof Simplification Iteration 10	[0.19 s]
57.0.PRE: Proof Simplification completed in 0.23 s
57: About to start ProofGrid in its own thread with a limit of 10000 pending notifications and a limit of 10 traces.
57: =============================== ProofGrid start ===============================
57: ProofGrid usable level: 1
57: Initial ProofGrid level: 1
57: ProofGrid is starting event handling
57.0.N: caddy15.stanford.edu: "Rocky Linux 8.10 (Green Obsidian)" is an unsupported operating system.
57.0.Hp: caddy15.stanford.edu: "Rocky Linux 8.10 (Green Obsidian)" is an unsupported operating system.
57.0.Ht: caddy15.stanford.edu: "Rocky Linux 8.10 (Green Obsidian)" is an unsupported operating system.
57.0.Hp: Proofgrid shell started at 3449750@caddy15.stanford.edu(local) jg_3426522_caddy15.stanford.edu_58
57.0.N: Proofgrid shell started at 3449749@caddy15.stanford.edu(local) jg_3426522_caddy15.stanford.edu_58
57.0.Hp: clocks: 1, declared: 1, looping: 0, posedge: 1, negedge: 0, noedge: 0, bothedge: 0
57.0.Mpcustom4: caddy15.stanford.edu: "Rocky Linux 8.10 (Green Obsidian)" is an unsupported operating system.
57.0.N: clocks: 1, declared: 1, looping: 0, posedge: 1, negedge: 0, noedge: 0, bothedge: 0
57.0.N: Last scan. Per property time limit: 0s
57.0.N: Starting proof for property "CS_div_fsm_s3_58"	[0.00 s].
57.0.N: Trace Attempt  1	[0.01 s]
57.0.N: Trace Attempt  2	[0.01 s]
57.0.N: Trace Attempt  3	[0.01 s]
57.0.B: caddy15.stanford.edu: "Rocky Linux 8.10 (Green Obsidian)" is an unsupported operating system.
57.0.Ht: Proofgrid shell started at 3449773@caddy15.stanford.edu(local) jg_3426522_caddy15.stanford.edu_58
57.0.AM: caddy15.stanford.edu: "Rocky Linux 8.10 (Green Obsidian)" is an unsupported operating system.
57.0.Ht: clocks: 1, declared: 1, looping: 0, posedge: 1, negedge: 0, noedge: 0, bothedge: 0
57.0.N: Trace Attempt  3	[0.04 s]
57.0.Oh: caddy15.stanford.edu: "Rocky Linux 8.10 (Green Obsidian)" is an unsupported operating system.
57.0.Mpcustom4: Proofgrid shell started at 3449806@caddy15.stanford.edu(local) jg_3426522_caddy15.stanford.edu_58
57.0.Mpcustom4: clocks: 1, declared: 1, looping: 0, posedge: 1, negedge: 0, noedge: 0, bothedge: 0
57.0.N: Trace Attempt  4	[0.06 s]
57.0.N: Trace Attempt  5	[0.06 s]
57.0.Ht: Trace Attempt  1	[0.04 s]
57.0.Ht: Trace Attempt  2	[0.04 s]
57.0.Ht: Trace Attempt  3	[0.04 s]
57.0.Ht: Trace Attempt  4	[0.05 s]
57.0.B: Proofgrid shell started at 3449838@caddy15.stanford.edu(local) jg_3426522_caddy15.stanford.edu_58
57.0.Ht: Trace Attempt  5	[0.06 s]
57.0.AM: Proofgrid shell started at 3449842@caddy15.stanford.edu(local) jg_3426522_caddy15.stanford.edu_58
57.0.Mpcustom4: Trace Attempt  1	[0.04 s]
57.0.B: clocks: 1, declared: 1, looping: 0, posedge: 1, negedge: 0, noedge: 0, bothedge: 0
57.0.AM: clocks: 1, declared: 1, looping: 0, posedge: 1, negedge: 0, noedge: 0, bothedge: 0
57.0.B: Last scan. Per property time limit: 0s
57.0.B: Starting proof for property "CS_div_fsm_s3_58"	[0.00 s].
57.0.Mpcustom4: Trace Attempt  2	[0.06 s]
57.0.B: Trace Attempt  1	[0.01 s]
57.0.AM: Last scan. Per property time limit: 0s
57.0.AM: Starting proof for property "CS_div_fsm_s3_58"	[0.00 s].
57.0.N: Trace Attempt  5	[0.12 s]
57.0.B: Trace Attempt  2	[0.02 s]
57.0.AM: Trace Attempt  1	[0.00 s]
57.0.AM: Trace Attempt  2	[0.01 s]
57.0.B: Trace Attempt  3	[0.03 s]
57.0.Oh: Proofgrid shell started at 3449830@caddy15.stanford.edu(local) jg_3426522_caddy15.stanford.edu_58
57.0.B: Trace Attempt  4	[0.04 s]
57.0.AM: Trace Attempt  3	[0.03 s]
57.0.Oh: clocks: 1, declared: 1, looping: 0, posedge: 1, negedge: 0, noedge: 0, bothedge: 0
57.0.B: Trace Attempt  5	[0.08 s]
57.0.AM: Trace Attempt  4	[0.07 s]
57.0.AM: Trace Attempt  5	[0.10 s]
57.0.Oh: bwd trail(1): 1 0.109042s
57.0.Oh: All properties either determined or skipped. [0.14 s]
57.0.Oh: Exited with Success (@ 0.32 s)
57.0.Oh: Completed, Restart ignored.
57.0.Mpcustom4: Trace Attempt  3	[0.65 s]
57.0.Mpcustom4: Trace Attempt  3	[0.70 s]
57.0.Mpcustom4: Trace Attempt  4	[0.72 s]
57.0.Mpcustom4: Trace Attempt  4	[0.78 s]
57.0.Mpcustom4: Trace Attempt  5	[0.81 s]
57.0.B: Trace Attempt 52	[4.10 s]
57.0.N: Trace Attempt 29	[4.35 s]
57.0.AM: Trace Attempt 51	[4.31 s]
57.0.Mpcustom4: Trace Attempt 39	[4.86 s]
57.0.Ht: Trace Attempt 67	[5.57 s]
57.0.N: Trace Attempt 39	[8.51 s]
57.0.Mpcustom4: Trace Attempt 52	[9.50 s]
57.0.N: Trace Attempt 47	[12.71 s]
57.0.N: Requesting engine job to stop
57.0.B: Requesting engine job to stop
57.0.AM: Requesting engine job to stop
57.0.Hp: Requesting engine job to terminate
57.0.Ht: Requesting engine job to terminate
57.0.Mpcustom4: Requesting engine job to terminate
INFO (IPF144): 57: Initiating shutdown of proof [14.33 s]
57.0.Ht: A trace with 67 cycles was found. [14.13 s]
INFO (IPF047): 57.0.Ht: The cover property "CS_div_fsm_s3_58" was covered in 67 cycles in 14.29 s.
57.0.Ht: All properties determined. [14.27 s]
57.0.Hp: Interrupted (multi)
57.0.Hp: All properties determined. [14.39 s]
57.0.N: Trace Attempt 50	[14.44 s]
57.0.N: Stopped processing property "CS_div_fsm_s3_58"	[14.47 s].
57.0.N: All properties determined. [14.46 s]
57.0.N: Exited with Success (@ 14.50 s)
57: ProofGrid usable level: 0
57.0.B: Trace Attempt 67	[6.20 s]
57.0.B: Stopped processing property "CS_div_fsm_s3_58"	[14.44 s].
57.0.B: All properties determined. [14.45 s]
57.0.B: Exited with Success (@ 14.59 s)
57.0.Mpcustom4: Trace Attempt 62	[13.12 s]
57.0.Mpcustom4: All properties determined. [14.72 s]
57.0.Mpcustom4: Exited with Success (@ 14.84 s)
57.0.AM: Trace Attempt 65	[7.43 s]
57.0.AM: Stopped processing property "CS_div_fsm_s3_58"	[14.81 s].
57.0.Hp: Exited with Success (@ 14.96 s)
57.0.AM: All properties determined. [14.82 s]
57.0.AM: Exited with Success (@ 15.00 s)
57.0.Ht: Exited with Success (@ 15.00 s)
57: --------------------------------------------------------------
ProofGrid Summary (utilization 99.15 %)
--------------------------------------------------------------
     engines started                               :     7
     engine jobs started                           :     7

    Average time in state (seconds)
    ------------------------------------------------------
    Engine  Pending     Running        Dead    Utilization
    ------------------------------------------------------
      N        0.11       14.32        0.00       99.25 %
     Hp        0.08       14.33        0.00       99.47 %
     Ht        0.10       14.28        0.00       99.34 %
    Mpcustom4        0.09       14.25        0.00       99.40 %
     Oh        0.16        0.14        0.00       46.74 %
      B        0.10       14.22        0.00       99.29 %
     AM        0.10       14.22        0.00       99.28 %
    all        0.11       12.25        0.00       99.15 %

    Total time in state (seconds)
    -----------------------------------------
            Pending     Running        Dead  
    -----------------------------------------
               0.74       85.76        0.00

    Data read    : 177.24 kiB
    Data written : 11.56 kiB

57: All pending notifications were processed.
INFO (IPF059): 57: Completed proof on task: "mytask"
cover -name CS_div_fsm_s3_59 {@(posedge clk_i) !div_fsm_s3 ##1 div_fsm_s3 [*59] ##1 !div_fsm_s3 }
INFO (IPF036): Starting proof on task: "mytask", 1 properties to prove with 0 already proven/unreachable
INFO (IPF031): Settings used for proof thread 58:
    orchestration                 = on (auto)
    time_limit                    = 600s
    per_property_time_limit       = 1s * 10 ^ scan
    engine_mode                   = auto
    proofgrid_per_engine_max_jobs = 1
    max engine jobs               = auto
    proofgrid_mode                = local
    proofgrid_restarts            = 10
58: Using multistage preprocessing
58: Starting reduce
58: Finished reduce in 0.044s
58.0.PRE: Performing Proof Simplification...
58.0.N: clocks: 1, declared: 1, looping: 0, posedge: 1, negedge: 0, noedge: 0, bothedge: 0
58.0.N: Proof Simplification Iteration 1	[0.00 s]
58.0.N: Proof Simplification Iteration 2	[0.04 s]
58.0.N: Proof Simplification Iteration 3	[0.06 s]
58.0.N: Proof Simplification Iteration 4	[0.07 s]
58.0.N: Proof Simplification Iteration 5	[0.09 s]
58.0.N: Proof Simplification Iteration 6	[0.11 s]
58.0.N: Proof Simplification Iteration 7	[0.13 s]
58.0.N: Proof Simplification Iteration 8	[0.15 s]
58.0.N: Proof Simplification Iteration 9	[0.17 s]
58.0.N: Proof Simplification Iteration 10	[0.18 s]
58.0.PRE: Proof Simplification completed in 0.23 s
58: About to start ProofGrid in its own thread with a limit of 10000 pending notifications and a limit of 10 traces.
58: =============================== ProofGrid start ===============================
58: ProofGrid usable level: 1
58: Initial ProofGrid level: 1
58: ProofGrid is starting event handling
58.0.Hp: caddy15.stanford.edu: "Rocky Linux 8.10 (Green Obsidian)" is an unsupported operating system.
58.0.N: caddy15.stanford.edu: "Rocky Linux 8.10 (Green Obsidian)" is an unsupported operating system.
58.0.Mpcustom4: caddy15.stanford.edu: "Rocky Linux 8.10 (Green Obsidian)" is an unsupported operating system.
58.0.Ht: caddy15.stanford.edu: "Rocky Linux 8.10 (Green Obsidian)" is an unsupported operating system.
58.0.N: Proofgrid shell started at 3450194@caddy15.stanford.edu(local) jg_3426522_caddy15.stanford.edu_59
58.0.Hp: Proofgrid shell started at 3450195@caddy15.stanford.edu(local) jg_3426522_caddy15.stanford.edu_59
58.0.N: clocks: 1, declared: 1, looping: 0, posedge: 1, negedge: 0, noedge: 0, bothedge: 0
58.0.Hp: clocks: 1, declared: 1, looping: 0, posedge: 1, negedge: 0, noedge: 0, bothedge: 0
58.0.N: Last scan. Per property time limit: 0s
58.0.N: Starting proof for property "CS_div_fsm_s3_59"	[0.00 s].
58.0.Mpcustom4: Proofgrid shell started at 3450220@caddy15.stanford.edu(local) jg_3426522_caddy15.stanford.edu_59
58.0.N: Trace Attempt  1	[0.01 s]
58.0.N: Trace Attempt  2	[0.01 s]
58.0.N: Trace Attempt  3	[0.01 s]
58.0.Oh: caddy15.stanford.edu: "Rocky Linux 8.10 (Green Obsidian)" is an unsupported operating system.
58.0.Mpcustom4: clocks: 1, declared: 1, looping: 0, posedge: 1, negedge: 0, noedge: 0, bothedge: 0
58.0.N: Trace Attempt  3	[0.04 s]
58.0.Ht: Proofgrid shell started at 3450217@caddy15.stanford.edu(local) jg_3426522_caddy15.stanford.edu_59
58.0.Mpcustom4: Trace Attempt  1	[0.04 s]
58.0.N: Trace Attempt  4	[0.06 s]
58.0.N: Trace Attempt  5	[0.06 s]
58.0.Oh: Proofgrid shell started at 3450245@caddy15.stanford.edu(local) jg_3426522_caddy15.stanford.edu_59
58.0.Mpcustom4: Trace Attempt  2	[0.06 s]
58.0.B: caddy15.stanford.edu: "Rocky Linux 8.10 (Green Obsidian)" is an unsupported operating system.
58.0.Ht: clocks: 1, declared: 1, looping: 0, posedge: 1, negedge: 0, noedge: 0, bothedge: 0
58.0.Oh: clocks: 1, declared: 1, looping: 0, posedge: 1, negedge: 0, noedge: 0, bothedge: 0
58.0.N: Trace Attempt  5	[0.12 s]
58.0.Ht: Trace Attempt  1	[0.08 s]
58.0.Ht: Trace Attempt  2	[0.08 s]
58.0.Ht: Trace Attempt  3	[0.08 s]
58.0.Ht: Trace Attempt  4	[0.10 s]
58.0.AM: caddy15.stanford.edu: "Rocky Linux 8.10 (Green Obsidian)" is an unsupported operating system.
58.0.Ht: Trace Attempt  5	[0.11 s]
58.0.B: Proofgrid shell started at 3450252@caddy15.stanford.edu(local) jg_3426522_caddy15.stanford.edu_59
58.0.B: clocks: 1, declared: 1, looping: 0, posedge: 1, negedge: 0, noedge: 0, bothedge: 0
58.0.B: Last scan. Per property time limit: 0s
58.0.B: Starting proof for property "CS_div_fsm_s3_59"	[0.00 s].
58.0.B: Trace Attempt  1	[0.02 s]
58.0.B: Trace Attempt  2	[0.05 s]
58.0.B: Trace Attempt  3	[0.08 s]
58.0.Oh: bwd trail(1): 1 0.120874s
58.0.Oh: All properties either determined or skipped. [0.32 s]
58.0.Oh: Exited with Success (@ 0.44 s)
58.0.Oh: Completed, Restart ignored.
58.0.B: Trace Attempt  4	[0.11 s]
58.0.AM: Proofgrid shell started at 3450255@caddy15.stanford.edu(local) jg_3426522_caddy15.stanford.edu_59
58.0.AM: clocks: 1, declared: 1, looping: 0, posedge: 1, negedge: 0, noedge: 0, bothedge: 0
58.0.B: Trace Attempt  5	[0.19 s]
58.0.AM: Last scan. Per property time limit: 0s
58.0.AM: Starting proof for property "CS_div_fsm_s3_59"	[0.00 s].
58.0.AM: Trace Attempt  1	[0.00 s]
58.0.AM: Trace Attempt  2	[0.01 s]
58.0.AM: Trace Attempt  3	[0.06 s]
58.0.AM: Trace Attempt  4	[0.11 s]
58.0.AM: Trace Attempt  5	[0.15 s]
58.0.Mpcustom4: Trace Attempt  3	[0.65 s]
58.0.Mpcustom4: Trace Attempt  3	[0.70 s]
58.0.Mpcustom4: Trace Attempt  4	[0.72 s]
58.0.Mpcustom4: Trace Attempt  4	[0.78 s]
58.0.Mpcustom4: Trace Attempt  5	[0.80 s]
58.0.Ht: Trace Attempt 65	[4.37 s]
58.0.B: Trace Attempt 52	[4.21 s]
58.0.AM: Trace Attempt 43	[4.17 s]
58.0.N: Trace Attempt 29	[4.75 s]
58.0.Mpcustom4: Trace Attempt 39	[4.83 s]
58.0.AM: Trace Attempt 63	[8.28 s]
58.0.Mpcustom4: Trace Attempt 48	[9.04 s]
58.0.N: Trace Attempt 41	[9.16 s]
58.0.N: Trace Attempt 50	[13.35 s]
58.0.Mpcustom4: Trace Attempt 63	[14.09 s]
58.0.N: Requesting engine job to stop
58.0.B: Requesting engine job to stop
58.0.AM: Requesting engine job to stop
58.0.Hp: Requesting engine job to terminate
58.0.Ht: Requesting engine job to terminate
58.0.Mpcustom4: Requesting engine job to terminate
INFO (IPF144): 58: Initiating shutdown of proof [16.01 s]
58.0.Ht: Trace Attempt 68	[7.80 s]
58.0.Ht: A trace with 68 cycles was found. [15.82 s]
INFO (IPF047): 58.0.Ht: The cover property "CS_div_fsm_s3_59" was covered in 68 cycles in 15.92 s.
58.0.Ht: All properties determined. [15.91 s]
58.0.Hp: Interrupted (multi)
58.0.Hp: All properties determined. [16.04 s]
58.0.N: Trace Attempt 55	[15.53 s]
58.0.N: Stopped processing property "CS_div_fsm_s3_59"	[16.07 s].
58.0.N: All properties determined. [16.07 s]
58.0.N: Exited with Success (@ 16.10 s)
58: ProofGrid usable level: 0
58.0.Mpcustom4: Trace Attempt 63	[15.19 s]
58.0.Mpcustom4: All properties determined. [16.32 s]
58.0.B: Trace Attempt 68	[6.99 s]
58.0.B: Stopped processing property "CS_div_fsm_s3_59"	[16.07 s].
58.0.Mpcustom4: Exited with Success (@ 16.39 s)
58.0.B: All properties determined. [16.07 s]
58.0.B: Exited with Success (@ 16.40 s)
58.0.Hp: Exited with Success (@ 16.65 s)
58.0.Ht: Exited with Success (@ 16.90 s)
58.0.AM: Trace Attempt 66	[8.84 s]
58.0.AM: Stopped processing property "CS_div_fsm_s3_59"	[16.48 s].
58.0.AM: All properties determined. [16.49 s]
58.0.AM: Exited with Success (@ 17.02 s)
58: --------------------------------------------------------------
ProofGrid Summary (utilization 98.68 %)
--------------------------------------------------------------
     engines started                               :     7
     engine jobs started                           :     7

    Average time in state (seconds)
    ------------------------------------------------------
    Engine  Pending     Running        Dead    Utilization
    ------------------------------------------------------
      N        0.10       16.01        0.00       99.40 %
     Hp        0.09       16.01        0.00       99.46 %
     Ht        0.12       15.93        0.00       99.23 %
    Mpcustom4        0.09       15.98        0.00       99.45 %
     Oh        0.12        0.32        0.00       72.61 %
      B        0.29       15.71        0.00       98.19 %
     AM        0.47       15.53        0.00       97.08 %
    all        0.18       13.64        0.00       98.68 %

    Total time in state (seconds)
    -----------------------------------------
            Pending     Running        Dead  
    -----------------------------------------
               1.27       95.49        0.00

    Data read    : 180.78 kiB
    Data written : 12.86 kiB

58: All pending notifications were processed.
INFO (IPF059): 58: Completed proof on task: "mytask"
cover -name CS_div_fsm_s3_60 {@(posedge clk_i) !div_fsm_s3 ##1 div_fsm_s3 [*60] ##1 !div_fsm_s3 }
INFO (IPF036): Starting proof on task: "mytask", 1 properties to prove with 0 already proven/unreachable
INFO (IPF031): Settings used for proof thread 59:
    orchestration                 = on (auto)
    time_limit                    = 600s
    per_property_time_limit       = 1s * 10 ^ scan
    engine_mode                   = auto
    proofgrid_per_engine_max_jobs = 1
    max engine jobs               = auto
    proofgrid_mode                = local
    proofgrid_restarts            = 10
59: Using multistage preprocessing
59: Starting reduce
59: Finished reduce in 0.043s
59.0.PRE: Performing Proof Simplification...
59.0.N: clocks: 1, declared: 1, looping: 0, posedge: 1, negedge: 0, noedge: 0, bothedge: 0
59.0.N: Proof Simplification Iteration 1	[0.00 s]
59.0.N: Proof Simplification Iteration 2	[0.04 s]
59.0.N: Proof Simplification Iteration 3	[0.06 s]
59.0.N: Proof Simplification Iteration 4	[0.07 s]
59.0.N: Proof Simplification Iteration 5	[0.09 s]
59.0.N: Proof Simplification Iteration 6	[0.11 s]
59.0.N: Proof Simplification Iteration 7	[0.13 s]
59.0.N: Proof Simplification Iteration 8	[0.15 s]
59.0.N: Proof Simplification Iteration 9	[0.17 s]
59.0.N: Proof Simplification Iteration 10	[0.18 s]
59.0.PRE: Proof Simplification completed in 0.23 s
59: About to start ProofGrid in its own thread with a limit of 10000 pending notifications and a limit of 10 traces.
59: =============================== ProofGrid start ===============================
59: ProofGrid usable level: 1
59: Initial ProofGrid level: 1
59: ProofGrid is starting event handling
59.0.N: caddy15.stanford.edu: "Rocky Linux 8.10 (Green Obsidian)" is an unsupported operating system.
59.0.Hp: caddy15.stanford.edu: "Rocky Linux 8.10 (Green Obsidian)" is an unsupported operating system.
59.0.Ht: caddy15.stanford.edu: "Rocky Linux 8.10 (Green Obsidian)" is an unsupported operating system.
59.0.Mpcustom4: caddy15.stanford.edu: "Rocky Linux 8.10 (Green Obsidian)" is an unsupported operating system.
59.0.Hp: Proofgrid shell started at 3450421@caddy15.stanford.edu(local) jg_3426522_caddy15.stanford.edu_60
59.0.N: Proofgrid shell started at 3450420@caddy15.stanford.edu(local) jg_3426522_caddy15.stanford.edu_60
59.0.Hp: clocks: 1, declared: 1, looping: 0, posedge: 1, negedge: 0, noedge: 0, bothedge: 0
59.0.N: clocks: 1, declared: 1, looping: 0, posedge: 1, negedge: 0, noedge: 0, bothedge: 0
59.0.Ht: Proofgrid shell started at 3450444@caddy15.stanford.edu(local) jg_3426522_caddy15.stanford.edu_60
59.0.N: Last scan. Per property time limit: 0s
59.0.N: Starting proof for property "CS_div_fsm_s3_60"	[0.00 s].
59.0.N: Trace Attempt  1	[0.01 s]
59.0.N: Trace Attempt  2	[0.01 s]
59.0.N: Trace Attempt  3	[0.01 s]
59.0.Oh: caddy15.stanford.edu: "Rocky Linux 8.10 (Green Obsidian)" is an unsupported operating system.
59.0.Ht: clocks: 1, declared: 1, looping: 0, posedge: 1, negedge: 0, noedge: 0, bothedge: 0
59.0.B: caddy15.stanford.edu: "Rocky Linux 8.10 (Green Obsidian)" is an unsupported operating system.
59.0.Mpcustom4: Proofgrid shell started at 3450462@caddy15.stanford.edu(local) jg_3426522_caddy15.stanford.edu_60
59.0.N: Trace Attempt  3	[0.04 s]
59.0.N: Trace Attempt  4	[0.06 s]
59.0.N: Trace Attempt  5	[0.06 s]
59.0.Ht: Trace Attempt  1	[0.05 s]
59.0.Ht: Trace Attempt  2	[0.05 s]
59.0.Ht: Trace Attempt  3	[0.05 s]
59.0.Mpcustom4: clocks: 1, declared: 1, looping: 0, posedge: 1, negedge: 0, noedge: 0, bothedge: 0
59.0.Ht: Trace Attempt  4	[0.06 s]
59.0.Ht: Trace Attempt  5	[0.07 s]
59.0.Mpcustom4: Trace Attempt  1	[0.05 s]
59.0.B: Proofgrid shell started at 3450479@caddy15.stanford.edu(local) jg_3426522_caddy15.stanford.edu_60
59.0.B: clocks: 1, declared: 1, looping: 0, posedge: 1, negedge: 0, noedge: 0, bothedge: 0
59.0.Mpcustom4: Trace Attempt  2	[0.07 s]
59.0.B: Last scan. Per property time limit: 0s
59.0.B: Starting proof for property "CS_div_fsm_s3_60"	[0.00 s].
59.0.B: Trace Attempt  1	[0.01 s]
59.0.B: Trace Attempt  2	[0.02 s]
59.0.B: Trace Attempt  3	[0.03 s]
59.0.B: Trace Attempt  4	[0.05 s]
59.0.AM: caddy15.stanford.edu: "Rocky Linux 8.10 (Green Obsidian)" is an unsupported operating system.
59.0.N: Trace Attempt  5	[0.21 s]
59.0.B: Trace Attempt  5	[0.09 s]
59.0.Oh: Proofgrid shell started at 3450477@caddy15.stanford.edu(local) jg_3426522_caddy15.stanford.edu_60
59.0.Oh: clocks: 1, declared: 1, looping: 0, posedge: 1, negedge: 0, noedge: 0, bothedge: 0
59.0.AM: Proofgrid shell started at 3450488@caddy15.stanford.edu(local) jg_3426522_caddy15.stanford.edu_60
59.0.AM: clocks: 1, declared: 1, looping: 0, posedge: 1, negedge: 0, noedge: 0, bothedge: 0
59.0.AM: Last scan. Per property time limit: 0s
59.0.AM: Starting proof for property "CS_div_fsm_s3_60"	[0.00 s].
59.0.AM: Trace Attempt  1	[0.00 s]
59.0.AM: Trace Attempt  2	[0.01 s]
59.0.Oh: bwd trail(1): 1 0.117144s
59.0.Oh: All properties either determined or skipped. [0.26 s]
59.0.Oh: Exited with Success (@ 0.57 s)
59.0.Oh: Completed, Restart ignored.
59.0.AM: Trace Attempt  3	[0.05 s]
59.0.AM: Trace Attempt  4	[0.11 s]
59.0.AM: Trace Attempt  5	[0.16 s]
59.0.Mpcustom4: Trace Attempt  3	[0.65 s]
59.0.Mpcustom4: Trace Attempt  3	[0.70 s]
59.0.Mpcustom4: Trace Attempt  4	[0.72 s]
59.0.Mpcustom4: Trace Attempt  4	[0.78 s]
59.0.Mpcustom4: Trace Attempt  5	[0.81 s]
59.0.B: Trace Attempt 52	[4.10 s]
59.0.N: Trace Attempt 28	[4.33 s]
59.0.AM: Trace Attempt 50	[4.27 s]
59.0.Mpcustom4: Trace Attempt 34	[4.87 s]
59.0.Ht: Trace Attempt 69	[5.25 s]
59.0.N: Trace Attempt 39	[8.34 s]
59.0.Mpcustom4: Trace Attempt 50	[8.88 s]
59.0.N: Trace Attempt 47	[12.44 s]
59.0.N: Requesting engine job to stop
59.0.B: Requesting engine job to stop
59.0.AM: Requesting engine job to stop
59.0.Hp: Requesting engine job to terminate
59.0.Ht: Requesting engine job to terminate
59.0.Mpcustom4: Requesting engine job to terminate
INFO (IPF144): 59: Initiating shutdown of proof [12.80 s]
59.0.Ht: A trace with 69 cycles was found. [12.68 s]
INFO (IPF047): 59.0.Ht: The cover property "CS_div_fsm_s3_60" was covered in 69 cycles in 12.74 s.
59.0.Ht: All properties determined. [12.75 s]
59.0.N: Trace Attempt 49	[12.70 s]
59.0.N: Stopped processing property "CS_div_fsm_s3_60"	[12.78 s].
59.0.N: All properties determined. [12.78 s]
59.0.N: Exited with Success (@ 12.81 s)
59: ProofGrid usable level: 0
59.0.B: Trace Attempt 69	[7.21 s]
59.0.B: Stopped processing property "CS_div_fsm_s3_60"	[12.92 s].
59.0.B: All properties determined. [12.94 s]
59.0.B: Exited with Success (@ 13.10 s)
59.0.Mpcustom4: Trace Attempt 63	[12.58 s]
59.0.Mpcustom4: All properties determined. [13.04 s]
59.0.Mpcustom4: Exited with Success (@ 13.16 s)
59.0.Hp: Interrupted (multi)
59.0.Hp: All properties determined. [13.48 s]
59.0.Ht: Exited with Success (@ 13.69 s)
59.0.AM: Trace Attempt 67	[7.41 s]
59.0.AM: Stopped processing property "CS_div_fsm_s3_60"	[13.16 s].
59.0.AM: All properties determined. [13.17 s]
59.0.AM: Exited with Success (@ 13.80 s)
59.0.Hp: Exited with Success (@ 13.80 s)
59: --------------------------------------------------------------
ProofGrid Summary (utilization 98.33 %)
--------------------------------------------------------------
     engines started                               :     7
     engine jobs started                           :     7

    Average time in state (seconds)
    ------------------------------------------------------
    Engine  Pending     Running        Dead    Utilization
    ------------------------------------------------------
      N        0.11       12.79        0.00       99.16 %
     Hp        0.08       12.79        0.00       99.35 %
     Ht        0.10       12.75        0.00       99.25 %
    Mpcustom4        0.11       12.72        0.00       99.17 %
     Oh        0.30        0.25        0.00       46.07 %
      B        0.13       12.66        0.00       98.96 %
     AM        0.47       12.30        0.00       96.32 %
    all        0.18       10.89        0.00       98.33 %

    Total time in state (seconds)
    -----------------------------------------
            Pending     Running        Dead  
    -----------------------------------------
               1.29       76.26        0.00

    Data read    : 179.57 kiB
    Data written : 12.08 kiB

59: All pending notifications were processed.
INFO (IPF059): 59: Completed proof on task: "mytask"
cover -name CS_div_fsm_s3_61 {@(posedge clk_i) !div_fsm_s3 ##1 div_fsm_s3 [*61] ##1 !div_fsm_s3 }
INFO (IPF036): Starting proof on task: "mytask", 1 properties to prove with 0 already proven/unreachable
INFO (IPF031): Settings used for proof thread 60:
    orchestration                 = on (auto)
    time_limit                    = 600s
    per_property_time_limit       = 1s * 10 ^ scan
    engine_mode                   = auto
    proofgrid_per_engine_max_jobs = 1
    max engine jobs               = auto
    proofgrid_mode                = local
    proofgrid_restarts            = 10
60: Using multistage preprocessing
60: Starting reduce
60: Finished reduce in 0.043s
60.0.PRE: Performing Proof Simplification...
60.0.N: clocks: 1, declared: 1, looping: 0, posedge: 1, negedge: 0, noedge: 0, bothedge: 0
60.0.N: Proof Simplification Iteration 1	[0.00 s]
60.0.N: Proof Simplification Iteration 2	[0.04 s]
60.0.N: Proof Simplification Iteration 3	[0.06 s]
60.0.N: Proof Simplification Iteration 4	[0.07 s]
60.0.N: Proof Simplification Iteration 5	[0.09 s]
60.0.N: Proof Simplification Iteration 6	[0.11 s]
60.0.N: Proof Simplification Iteration 7	[0.13 s]
60.0.N: Proof Simplification Iteration 8	[0.15 s]
60.0.N: Proof Simplification Iteration 9	[0.17 s]
60.0.N: Proof Simplification Iteration 10	[0.18 s]
60.0.PRE: Proof Simplification completed in 0.23 s
60: About to start ProofGrid in its own thread with a limit of 10000 pending notifications and a limit of 10 traces.
60: =============================== ProofGrid start ===============================
60: ProofGrid usable level: 1
60: Initial ProofGrid level: 1
60: ProofGrid is starting event handling
60.0.Hp: caddy15.stanford.edu: "Rocky Linux 8.10 (Green Obsidian)" is an unsupported operating system.
60.0.N: caddy15.stanford.edu: "Rocky Linux 8.10 (Green Obsidian)" is an unsupported operating system.
60.0.Mpcustom4: caddy15.stanford.edu: "Rocky Linux 8.10 (Green Obsidian)" is an unsupported operating system.
60.0.Ht: caddy15.stanford.edu: "Rocky Linux 8.10 (Green Obsidian)" is an unsupported operating system.
60.0.N: Proofgrid shell started at 3450763@caddy15.stanford.edu(local) jg_3426522_caddy15.stanford.edu_61
60.0.Hp: Proofgrid shell started at 3450764@caddy15.stanford.edu(local) jg_3426522_caddy15.stanford.edu_61
60.0.Hp: clocks: 1, declared: 1, looping: 0, posedge: 1, negedge: 0, noedge: 0, bothedge: 0
60.0.N: clocks: 1, declared: 1, looping: 0, posedge: 1, negedge: 0, noedge: 0, bothedge: 0
60.0.N: Last scan. Per property time limit: 0s
60.0.N: Starting proof for property "CS_div_fsm_s3_61"	[0.00 s].
60.0.N: Trace Attempt  1	[0.00 s]
60.0.N: Trace Attempt  2	[0.01 s]
60.0.N: Trace Attempt  3	[0.01 s]
60.0.Ht: Proofgrid shell started at 3450786@caddy15.stanford.edu(local) jg_3426522_caddy15.stanford.edu_61
60.0.Mpcustom4: Proofgrid shell started at 3450789@caddy15.stanford.edu(local) jg_3426522_caddy15.stanford.edu_61
60.0.N: Trace Attempt  3	[0.04 s]
60.0.Ht: clocks: 1, declared: 1, looping: 0, posedge: 1, negedge: 0, noedge: 0, bothedge: 0
60.0.Mpcustom4: clocks: 1, declared: 1, looping: 0, posedge: 1, negedge: 0, noedge: 0, bothedge: 0
60.0.B: caddy15.stanford.edu: "Rocky Linux 8.10 (Green Obsidian)" is an unsupported operating system.
60.0.N: Trace Attempt  4	[0.06 s]
60.0.N: Trace Attempt  5	[0.06 s]
60.0.Oh: caddy15.stanford.edu: "Rocky Linux 8.10 (Green Obsidian)" is an unsupported operating system.
60.0.B: Proofgrid shell started at 3450824@caddy15.stanford.edu(local) jg_3426522_caddy15.stanford.edu_61
60.0.Ht: Trace Attempt  1	[0.07 s]
60.0.Ht: Trace Attempt  2	[0.07 s]
60.0.Ht: Trace Attempt  3	[0.08 s]
60.0.AM: caddy15.stanford.edu: "Rocky Linux 8.10 (Green Obsidian)" is an unsupported operating system.
60.0.N: Trace Attempt  5	[0.12 s]
60.0.B: clocks: 1, declared: 1, looping: 0, posedge: 1, negedge: 0, noedge: 0, bothedge: 0
60.0.Ht: Trace Attempt  4	[0.09 s]
60.0.Mpcustom4: Trace Attempt  1	[0.08 s]
60.0.B: Last scan. Per property time limit: 0s
60.0.B: Starting proof for property "CS_div_fsm_s3_61"	[0.00 s].
60.0.Ht: Trace Attempt  5	[0.10 s]
60.0.B: Trace Attempt  1	[0.01 s]
60.0.B: Trace Attempt  2	[0.02 s]
60.0.B: Trace Attempt  3	[0.03 s]
60.0.Mpcustom4: Trace Attempt  2	[0.13 s]
60.0.B: Trace Attempt  4	[0.04 s]
60.0.B: Trace Attempt  5	[0.08 s]
60.0.Oh: Proofgrid shell started at 3450816@caddy15.stanford.edu(local) jg_3426522_caddy15.stanford.edu_61
60.0.AM: Proofgrid shell started at 3450825@caddy15.stanford.edu(local) jg_3426522_caddy15.stanford.edu_61
60.0.Oh: clocks: 1, declared: 1, looping: 0, posedge: 1, negedge: 0, noedge: 0, bothedge: 0
60.0.AM: clocks: 1, declared: 1, looping: 0, posedge: 1, negedge: 0, noedge: 0, bothedge: 0
60.0.AM: Last scan. Per property time limit: 0s
60.0.AM: Starting proof for property "CS_div_fsm_s3_61"	[0.00 s].
60.0.AM: Trace Attempt  1	[0.00 s]
60.0.AM: Trace Attempt  2	[0.01 s]
60.0.AM: Trace Attempt  3	[0.05 s]
60.0.AM: Trace Attempt  4	[0.10 s]
60.0.AM: Trace Attempt  5	[0.15 s]
60.0.Oh: bwd trail(1): 1 0.11601s
60.0.Oh: All properties either determined or skipped. [0.26 s]
60.0.Oh: Exited with Success (@ 0.69 s)
60.0.Oh: Completed, Restart ignored.
60.0.Mpcustom4: Trace Attempt  3	[1.06 s]
60.0.Mpcustom4: Trace Attempt  3	[1.15 s]
60.0.Mpcustom4: Trace Attempt  4	[1.17 s]
60.0.Mpcustom4: Trace Attempt  4	[1.24 s]
60.0.Mpcustom4: Trace Attempt  5	[1.26 s]
60.0.N: Trace Attempt 29	[4.21 s]
60.0.B: Trace Attempt 50	[4.10 s]
60.0.AM: Trace Attempt 52	[4.27 s]
60.0.Mpcustom4: Trace Attempt 39	[5.30 s]
60.0.Ht: Trace Attempt 70	[6.77 s]
60.0.N: Trace Attempt 39	[8.34 s]
60.0.Mpcustom4: Trace Attempt 52	[9.93 s]
60.0.N: Trace Attempt 48	[12.38 s]
60.0.Mpcustom4: Trace Attempt 64	[14.87 s]
60.0.N: Requesting engine job to stop
60.0.B: Requesting engine job to stop
60.0.AM: Requesting engine job to stop
60.0.Hp: Requesting engine job to terminate
60.0.Ht: Requesting engine job to terminate
60.0.Mpcustom4: Requesting engine job to terminate
INFO (IPF144): 60: Initiating shutdown of proof [15.13 s]
60.0.Ht: A trace with 70 cycles was found. [14.98 s]
INFO (IPF047): 60.0.Ht: The cover property "CS_div_fsm_s3_61" was covered in 70 cycles in 15.06 s.
60.0.Ht: All properties determined. [15.05 s]
60.0.Hp: Interrupted (multi)
60.0.Hp: All properties determined. [15.18 s]
60.0.N: Trace Attempt 53	[14.57 s]
60.0.N: Stopped processing property "CS_div_fsm_s3_61"	[15.19 s].
60.0.N: All properties determined. [15.18 s]
60.0.N: Exited with Success (@ 15.22 s)
60: ProofGrid usable level: 0
60.0.B: Trace Attempt 70	[6.51 s]
60.0.B: Stopped processing property "CS_div_fsm_s3_61"	[15.25 s].
60.0.B: All properties determined. [15.26 s]
60.0.B: Exited with Success (@ 15.42 s)
60.0.Mpcustom4: All properties determined. [15.39 s]
60.0.Mpcustom4: Exited with Success (@ 15.49 s)
60.0.AM: Trace Attempt 68	[7.21 s]
60.0.AM: Stopped processing property "CS_div_fsm_s3_61"	[15.46 s].
60.0.Hp: Exited with Success (@ 15.92 s)
60.0.Ht: Exited with Success (@ 15.92 s)
60.0.AM: All properties determined. [15.47 s]
60.0.AM: Exited with Success (@ 15.94 s)
60: --------------------------------------------------------------
ProofGrid Summary (utilization 98.53 %)
--------------------------------------------------------------
     engines started                               :     7
     engine jobs started                           :     7

    Average time in state (seconds)
    ------------------------------------------------------
    Engine  Pending     Running        Dead    Utilization
    ------------------------------------------------------
      N        0.10       15.11        0.00       99.34 %
     Hp        0.08       15.11        0.00       99.48 %
     Ht        0.11       15.07        0.00       99.29 %
    Mpcustom4        0.11       15.07        0.00       99.28 %
     Oh        0.41        0.25        0.00       38.28 %
      B        0.14       14.99        0.00       99.07 %
     AM        0.40       14.70        0.00       97.36 %
    all        0.19       12.90        0.00       98.53 %

    Total time in state (seconds)
    -----------------------------------------
            Pending     Running        Dead  
    -----------------------------------------
               1.35       90.30        0.00

    Data read    : 184.97 kiB
    Data written : 12.90 kiB

60: All pending notifications were processed.
INFO (IPF059): 60: Completed proof on task: "mytask"
cover -name CS_div_fsm_s3_62 {@(posedge clk_i) !div_fsm_s3 ##1 div_fsm_s3 [*62] ##1 !div_fsm_s3 }
INFO (IPF036): Starting proof on task: "mytask", 1 properties to prove with 0 already proven/unreachable
INFO (IPF031): Settings used for proof thread 61:
    orchestration                 = on (auto)
    time_limit                    = 600s
    per_property_time_limit       = 1s * 10 ^ scan
    engine_mode                   = auto
    proofgrid_per_engine_max_jobs = 1
    max engine jobs               = auto
    proofgrid_mode                = local
    proofgrid_restarts            = 10
61: Using multistage preprocessing
61: Starting reduce
61: Finished reduce in 0.043s
61.0.PRE: Performing Proof Simplification...
61.0.N: clocks: 1, declared: 1, looping: 0, posedge: 1, negedge: 0, noedge: 0, bothedge: 0
61.0.N: Proof Simplification Iteration 1	[0.00 s]
61.0.N: Proof Simplification Iteration 2	[0.04 s]
61.0.N: Proof Simplification Iteration 3	[0.06 s]
61.0.N: Proof Simplification Iteration 4	[0.07 s]
61.0.N: Proof Simplification Iteration 5	[0.09 s]
61.0.N: Proof Simplification Iteration 6	[0.11 s]
61.0.N: Proof Simplification Iteration 7	[0.13 s]
61.0.N: Proof Simplification Iteration 8	[0.15 s]
61.0.N: Proof Simplification Iteration 9	[0.17 s]
61.0.N: Proof Simplification Iteration 10	[0.18 s]
61.0.PRE: Proof Simplification completed in 0.23 s
61: About to start ProofGrid in its own thread with a limit of 10000 pending notifications and a limit of 10 traces.
61: =============================== ProofGrid start ===============================
61: ProofGrid usable level: 1
61: Initial ProofGrid level: 1
61: ProofGrid is starting event handling
61.0.Hp: caddy15.stanford.edu: "Rocky Linux 8.10 (Green Obsidian)" is an unsupported operating system.
61.0.N: caddy15.stanford.edu: "Rocky Linux 8.10 (Green Obsidian)" is an unsupported operating system.
61.0.N: Proofgrid shell started at 3451104@caddy15.stanford.edu(local) jg_3426522_caddy15.stanford.edu_62
61.0.Hp: Proofgrid shell started at 3451105@caddy15.stanford.edu(local) jg_3426522_caddy15.stanford.edu_62
61.0.Hp: clocks: 1, declared: 1, looping: 0, posedge: 1, negedge: 0, noedge: 0, bothedge: 0
61.0.N: clocks: 1, declared: 1, looping: 0, posedge: 1, negedge: 0, noedge: 0, bothedge: 0
61.0.N: Last scan. Per property time limit: 0s
61.0.N: Starting proof for property "CS_div_fsm_s3_62"	[0.00 s].
61.0.N: Trace Attempt  1	[0.01 s]
61.0.N: Trace Attempt  2	[0.01 s]
61.0.N: Trace Attempt  3	[0.01 s]
61.0.N: Trace Attempt  3	[0.04 s]
61.0.Mpcustom4: caddy15.stanford.edu: "Rocky Linux 8.10 (Green Obsidian)" is an unsupported operating system.
61.0.B: caddy15.stanford.edu: "Rocky Linux 8.10 (Green Obsidian)" is an unsupported operating system.
61.0.N: Trace Attempt  4	[0.06 s]
61.0.N: Trace Attempt  5	[0.06 s]
61.0.Oh: caddy15.stanford.edu: "Rocky Linux 8.10 (Green Obsidian)" is an unsupported operating system.
61.0.AM: caddy15.stanford.edu: "Rocky Linux 8.10 (Green Obsidian)" is an unsupported operating system.
61.0.Ht: caddy15.stanford.edu: "Rocky Linux 8.10 (Green Obsidian)" is an unsupported operating system.
61.0.Mpcustom4: Proofgrid shell started at 3451136@caddy15.stanford.edu(local) jg_3426522_caddy15.stanford.edu_62
61.0.N: Trace Attempt  5	[0.12 s]
61.0.Mpcustom4: clocks: 1, declared: 1, looping: 0, posedge: 1, negedge: 0, noedge: 0, bothedge: 0
61.0.Ht: Proofgrid shell started at 3451129@caddy15.stanford.edu(local) jg_3426522_caddy15.stanford.edu_62
61.0.AM: Proofgrid shell started at 3451139@caddy15.stanford.edu(local) jg_3426522_caddy15.stanford.edu_62
61.0.Ht: clocks: 1, declared: 1, looping: 0, posedge: 1, negedge: 0, noedge: 0, bothedge: 0
61.0.Mpcustom4: Trace Attempt  1	[0.07 s]
61.0.B: Proofgrid shell started at 3451138@caddy15.stanford.edu(local) jg_3426522_caddy15.stanford.edu_62
61.0.Mpcustom4: Trace Attempt  2	[0.09 s]
61.0.B: clocks: 1, declared: 1, looping: 0, posedge: 1, negedge: 0, noedge: 0, bothedge: 0
61.0.Oh: Proofgrid shell started at 3451137@caddy15.stanford.edu(local) jg_3426522_caddy15.stanford.edu_62
61.0.B: Last scan. Per property time limit: 0s
61.0.B: Starting proof for property "CS_div_fsm_s3_62"	[0.00 s].
61.0.AM: clocks: 1, declared: 1, looping: 0, posedge: 1, negedge: 0, noedge: 0, bothedge: 0
61.0.AM: Last scan. Per property time limit: 0s
61.0.AM: Starting proof for property "CS_div_fsm_s3_62"	[0.00 s].
61.0.AM: Trace Attempt  1	[0.00 s]
61.0.AM: Trace Attempt  2	[0.01 s]
61.0.B: Trace Attempt  1	[0.03 s]
61.0.B: Trace Attempt  2	[0.04 s]
61.0.Ht: Trace Attempt  1	[0.08 s]
61.0.Ht: Trace Attempt  2	[0.08 s]
61.0.Oh: clocks: 1, declared: 1, looping: 0, posedge: 1, negedge: 0, noedge: 0, bothedge: 0
61.0.Ht: Trace Attempt  3	[0.08 s]
61.0.Ht: Trace Attempt  4	[0.09 s]
61.0.Ht: Trace Attempt  5	[0.10 s]
61.0.B: Trace Attempt  3	[0.06 s]
61.0.AM: Trace Attempt  3	[0.06 s]
61.0.B: Trace Attempt  4	[0.09 s]
61.0.AM: Trace Attempt  4	[0.09 s]
61.0.B: Trace Attempt  5	[0.12 s]
61.0.AM: Trace Attempt  5	[0.11 s]
61.0.Oh: bwd trail(1): 1 0.119969s
61.0.Oh: All properties either determined or skipped. [0.22 s]
61.0.Oh: Exited with Success (@ 0.51 s)
61.0.Oh: Completed, Restart ignored.
61.0.Mpcustom4: Trace Attempt  3	[0.65 s]
61.0.Mpcustom4: Trace Attempt  3	[0.69 s]
61.0.Mpcustom4: Trace Attempt  4	[0.72 s]
61.0.Mpcustom4: Trace Attempt  4	[0.77 s]
61.0.Mpcustom4: Trace Attempt  5	[0.80 s]
61.0.N: Trace Attempt 27	[4.18 s]
61.0.B: Trace Attempt 48	[4.14 s]
61.0.AM: Trace Attempt 52	[4.23 s]
61.0.Mpcustom4: Trace Attempt 28	[4.83 s]
61.0.Ht: Trace Attempt 71	[7.72 s]
61.0.N: Trace Attempt 37	[8.34 s]
61.0.Mpcustom4: Trace Attempt 47	[9.47 s]
61.0.N: Trace Attempt 45	[12.84 s]
61.0.Mpcustom4: Trace Attempt 56	[14.04 s]
61.0.N: Requesting engine job to stop
61.0.B: Requesting engine job to stop
61.0.AM: Requesting engine job to stop
61.0.Hp: Requesting engine job to terminate
61.0.Ht: Requesting engine job to terminate
61.0.Mpcustom4: Requesting engine job to terminate
INFO (IPF144): 61: Initiating shutdown of proof [15.51 s]
61.0.Ht: A trace with 71 cycles was found. [15.21 s]
INFO (IPF047): 61.0.Ht: The cover property "CS_div_fsm_s3_62" was covered in 71 cycles in 15.28 s.
61.0.Ht: All properties determined. [15.28 s]
61.0.Hp: Interrupted (multi)
61.0.Hp: All properties determined. [15.49 s]
61.0.N: Trace Attempt 51	[15.22 s]
61.0.N: Stopped processing property "CS_div_fsm_s3_62"	[15.50 s].
61.0.N: All properties determined. [15.52 s]
61.0.N: Exited with Success (@ 15.56 s)
61: ProofGrid usable level: 0
61.0.B: Trace Attempt 71	[7.33 s]
61.0.B: Stopped processing property "CS_div_fsm_s3_62"	[15.51 s].
61.0.B: All properties determined. [15.53 s]
61.0.B: Exited with Success (@ 15.79 s)
61.0.Mpcustom4: Trace Attempt 64	[14.55 s]
61.0.Mpcustom4: All properties determined. [15.68 s]
61.0.Mpcustom4: Exited with Success (@ 15.88 s)
61.0.AM: Trace Attempt 69	[8.04 s]
61.0.AM: Stopped processing property "CS_div_fsm_s3_62"	[16.16 s].
61.0.Hp: Exited with Success (@ 16.45 s)
61.0.Ht: Exited with Success (@ 16.45 s)
61.0.AM: All properties determined. [16.18 s]
61.0.AM: Exited with Success (@ 16.47 s)
61: --------------------------------------------------------------
ProofGrid Summary (utilization 98.03 %)
--------------------------------------------------------------
     engines started                               :     7
     engine jobs started                           :     7

    Average time in state (seconds)
    ------------------------------------------------------
    Engine  Pending     Running        Dead    Utilization
    ------------------------------------------------------
      N        0.48       15.49        0.00       97.00 %
     Hp        0.29       15.49        0.00       98.17 %
     Ht        0.27       15.29        0.00       98.29 %
    Mpcustom4        0.15       15.34        0.00       99.03 %
     Oh        0.25        0.22        0.00       46.87 %
      B        0.21       15.27        0.00       98.62 %
     AM        0.20       15.26        0.00       98.69 %
    all        0.26       13.19        0.00       98.03 %

    Total time in state (seconds)
    -----------------------------------------
            Pending     Running        Dead  
    -----------------------------------------
               1.85       92.36        0.00

    Data read    : 183.43 kiB
    Data written : 11.04 kiB

61: All pending notifications were processed.
INFO (IPF059): 61: Completed proof on task: "mytask"
cover -name CS_div_fsm_s3_63 {@(posedge clk_i) !div_fsm_s3 ##1 div_fsm_s3 [*63] ##1 !div_fsm_s3 }
INFO (IPF036): Starting proof on task: "mytask", 1 properties to prove with 0 already proven/unreachable
INFO (IPF031): Settings used for proof thread 62:
    orchestration                 = on (auto)
    time_limit                    = 600s
    per_property_time_limit       = 1s * 10 ^ scan
    engine_mode                   = auto
    proofgrid_per_engine_max_jobs = 1
    max engine jobs               = auto
    proofgrid_mode                = local
    proofgrid_restarts            = 10
62: Using multistage preprocessing
62: Starting reduce
62: Finished reduce in 0.043s
62.0.PRE: Performing Proof Simplification...
62.0.N: clocks: 1, declared: 1, looping: 0, posedge: 1, negedge: 0, noedge: 0, bothedge: 0
62.0.N: Proof Simplification Iteration 1	[0.00 s]
62.0.N: Proof Simplification Iteration 2	[0.04 s]
62.0.N: Proof Simplification Iteration 3	[0.06 s]
62.0.N: Proof Simplification Iteration 4	[0.07 s]
62.0.N: Proof Simplification Iteration 5	[0.09 s]
62.0.N: Proof Simplification Iteration 6	[0.11 s]
62.0.N: Proof Simplification Iteration 7	[0.13 s]
62.0.N: Proof Simplification Iteration 8	[0.15 s]
62.0.N: Proof Simplification Iteration 9	[0.17 s]
62.0.N: Proof Simplification Iteration 10	[0.18 s]
62.0.PRE: Proof Simplification completed in 0.23 s
62: About to start ProofGrid in its own thread with a limit of 10000 pending notifications and a limit of 10 traces.
62: =============================== ProofGrid start ===============================
62: ProofGrid usable level: 1
62: Initial ProofGrid level: 1
62: ProofGrid is starting event handling
62.0.Hp: caddy15.stanford.edu: "Rocky Linux 8.10 (Green Obsidian)" is an unsupported operating system.
62.0.N: caddy15.stanford.edu: "Rocky Linux 8.10 (Green Obsidian)" is an unsupported operating system.
62.0.Ht: caddy15.stanford.edu: "Rocky Linux 8.10 (Green Obsidian)" is an unsupported operating system.
62.0.Hp: Proofgrid shell started at 3451445@caddy15.stanford.edu(local) jg_3426522_caddy15.stanford.edu_63
62.0.N: Proofgrid shell started at 3451444@caddy15.stanford.edu(local) jg_3426522_caddy15.stanford.edu_63
62.0.Mpcustom4: caddy15.stanford.edu: "Rocky Linux 8.10 (Green Obsidian)" is an unsupported operating system.
62.0.Hp: clocks: 1, declared: 1, looping: 0, posedge: 1, negedge: 0, noedge: 0, bothedge: 0
62.0.N: clocks: 1, declared: 1, looping: 0, posedge: 1, negedge: 0, noedge: 0, bothedge: 0
62.0.Ht: Proofgrid shell started at 3451467@caddy15.stanford.edu(local) jg_3426522_caddy15.stanford.edu_63
62.0.N: Last scan. Per property time limit: 0s
62.0.N: Starting proof for property "CS_div_fsm_s3_63"	[0.00 s].
62.0.N: Trace Attempt  1	[0.01 s]
62.0.N: Trace Attempt  2	[0.01 s]
62.0.N: Trace Attempt  3	[0.01 s]
62.0.Ht: clocks: 1, declared: 1, looping: 0, posedge: 1, negedge: 0, noedge: 0, bothedge: 0
62.0.AM: caddy15.stanford.edu: "Rocky Linux 8.10 (Green Obsidian)" is an unsupported operating system.
62.0.Oh: caddy15.stanford.edu: "Rocky Linux 8.10 (Green Obsidian)" is an unsupported operating system.
62.0.Mpcustom4: Proofgrid shell started at 3451486@caddy15.stanford.edu(local) jg_3426522_caddy15.stanford.edu_63
62.0.N: Trace Attempt  3	[0.07 s]
62.0.Ht: Trace Attempt  1	[0.05 s]
62.0.Mpcustom4: clocks: 1, declared: 1, looping: 0, posedge: 1, negedge: 0, noedge: 0, bothedge: 0
62.0.Ht: Trace Attempt  2	[0.05 s]
62.0.Ht: Trace Attempt  3	[0.06 s]
62.0.Ht: Trace Attempt  4	[0.06 s]
62.0.N: Trace Attempt  4	[0.09 s]
62.0.N: Trace Attempt  5	[0.09 s]
62.0.Ht: Trace Attempt  5	[0.07 s]
62.0.AM: Proofgrid shell started at 3451504@caddy15.stanford.edu(local) jg_3426522_caddy15.stanford.edu_63
62.0.Mpcustom4: Trace Attempt  1	[0.04 s]
62.0.B: caddy15.stanford.edu: "Rocky Linux 8.10 (Green Obsidian)" is an unsupported operating system.
62.0.Mpcustom4: Trace Attempt  2	[0.07 s]
62.0.AM: clocks: 1, declared: 1, looping: 0, posedge: 1, negedge: 0, noedge: 0, bothedge: 0
62.0.AM: Last scan. Per property time limit: 0s
62.0.AM: Starting proof for property "CS_div_fsm_s3_63"	[0.00 s].
62.0.AM: Trace Attempt  1	[0.02 s]
62.0.AM: Trace Attempt  2	[0.02 s]
62.0.N: Trace Attempt  5	[0.14 s]
62.0.AM: Trace Attempt  3	[0.05 s]
62.0.Oh: Proofgrid shell started at 3451500@caddy15.stanford.edu(local) jg_3426522_caddy15.stanford.edu_63
62.0.AM: Trace Attempt  4	[0.08 s]
62.0.Oh: clocks: 1, declared: 1, looping: 0, posedge: 1, negedge: 0, noedge: 0, bothedge: 0
62.0.AM: Trace Attempt  5	[0.10 s]
62.0.B: Proofgrid shell started at 3451502@caddy15.stanford.edu(local) jg_3426522_caddy15.stanford.edu_63
62.0.B: clocks: 1, declared: 1, looping: 0, posedge: 1, negedge: 0, noedge: 0, bothedge: 0
62.0.B: Last scan. Per property time limit: 0s
62.0.B: Starting proof for property "CS_div_fsm_s3_63"	[0.00 s].
62.0.B: Trace Attempt  1	[0.01 s]
62.0.B: Trace Attempt  2	[0.01 s]
62.0.B: Trace Attempt  3	[0.02 s]
62.0.B: Trace Attempt  4	[0.04 s]
62.0.Oh: bwd trail(1): 1 0.114904s
62.0.Oh: All properties either determined or skipped. [0.27 s]
62.0.Oh: Exited with Success (@ 0.51 s)
62.0.Oh: Completed, Restart ignored.
62.0.B: Trace Attempt  5	[0.07 s]
62.0.Mpcustom4: Trace Attempt  3	[0.61 s]
62.0.Mpcustom4: Trace Attempt  3	[0.66 s]
62.0.Mpcustom4: Trace Attempt  4	[0.68 s]
62.0.Mpcustom4: Trace Attempt  4	[0.74 s]
62.0.Mpcustom4: Trace Attempt  5	[0.77 s]
62.0.Ht: Trace Attempt 71	[4.08 s]
62.0.N: Trace Attempt 28	[4.17 s]
62.0.AM: Trace Attempt 50	[4.19 s]
62.0.B: Trace Attempt 52	[4.14 s]
62.0.Mpcustom4: Trace Attempt 38	[4.80 s]
62.0.N: Trace Attempt 37	[8.38 s]
62.0.Mpcustom4: Trace Attempt 50	[8.81 s]
62.0.N: Trace Attempt 46	[12.39 s]
62.0.Mpcustom4: Trace Attempt 64	[13.57 s]
62.0.N: Trace Attempt 54	[16.64 s]
62.0.N: Requesting engine job to stop
62.0.B: Requesting engine job to stop
62.0.AM: Requesting engine job to stop
62.0.Hp: Requesting engine job to terminate
62.0.Ht: Requesting engine job to terminate
62.0.Mpcustom4: Requesting engine job to terminate
INFO (IPF144): 62: Initiating shutdown of proof [17.29 s]
62.0.Ht: Trace Attempt 72	[7.71 s]
62.0.Ht: A trace with 72 cycles was found. [17.18 s]
INFO (IPF047): 62.0.Ht: The cover property "CS_div_fsm_s3_63" was covered in 72 cycles in 17.25 s.
62.0.Ht: All properties determined. [17.25 s]
62.0.N: Trace Attempt 55	[16.64 s]
62: ProofGrid usable level: 0
62.0.N: Stopped processing property "CS_div_fsm_s3_63"	[17.37 s].
62.0.N: All properties determined. [17.38 s]
62.0.B: Trace Attempt 72	[7.16 s]
62.0.B: Stopped processing property "CS_div_fsm_s3_63"	[17.11 s].
62.0.N: Exited with Success (@ 17.58 s)
62.0.B: All properties determined. [17.14 s]
62.0.B: Exited with Success (@ 17.63 s)
62.0.Mpcustom4: Trace Attempt 67	[16.10 s]
62.0.Mpcustom4: All properties determined. [17.54 s]
62.0.Mpcustom4: Exited with Success (@ 17.91 s)
62.0.AM: Trace Attempt 70	[7.87 s]
62.0.AM: Stopped processing property "CS_div_fsm_s3_63"	[17.81 s].
62.0.AM: All properties determined. [17.82 s]
62.0.Ht: Exited with Success (@ 18.02 s)
62.0.AM: Exited with Success (@ 18.27 s)
62.0.Hp: Sending SIGKILL
62.0.Hp: Terminated by signal SIGKILL (@ 19.55 s)
62: --------------------------------------------------------------
ProofGrid Summary (utilization 98.94 %)
--------------------------------------------------------------
     engines started                               :     7
     engine jobs started                           :     7

    Average time in state (seconds)
    ------------------------------------------------------
    Engine  Pending     Running        Dead    Utilization
    ------------------------------------------------------
      N        0.10       17.28        0.00       99.40 %
     Hp        0.08       17.28        0.00       99.53 %
     Ht        0.09       17.25        0.00       99.49 %
    Mpcustom4        0.11       17.20        0.00       99.34 %
     Oh        0.22        0.26        0.00       54.20 %
      B        0.38       16.87        0.00       97.80 %
     AM        0.12       17.16        0.00       99.30 %
    all        0.16       14.76        0.00       98.94 %

    Total time in state (seconds)
    -----------------------------------------
            Pending     Running        Dead  
    -----------------------------------------
               1.11      103.31        0.00

    Data read    : 191.69 kiB
    Data written : 13.42 kiB

62: All pending notifications were processed.
INFO (IPF059): 62: Completed proof on task: "mytask"
cover -name CS_div_fsm_s3_64 {@(posedge clk_i) !div_fsm_s3 ##1 div_fsm_s3 [*64] ##1 !div_fsm_s3 }
INFO (IPF036): Starting proof on task: "mytask", 1 properties to prove with 0 already proven/unreachable
INFO (IPF031): Settings used for proof thread 63:
    orchestration                 = on (auto)
    time_limit                    = 600s
    per_property_time_limit       = 1s * 10 ^ scan
    engine_mode                   = auto
    proofgrid_per_engine_max_jobs = 1
    max engine jobs               = auto
    proofgrid_mode                = local
    proofgrid_restarts            = 10
63: Using multistage preprocessing
63: Starting reduce
63: Finished reduce in 0.043s
63.0.PRE: Performing Proof Simplification...
63.0.N: clocks: 1, declared: 1, looping: 0, posedge: 1, negedge: 0, noedge: 0, bothedge: 0
63.0.N: Proof Simplification Iteration 1	[0.00 s]
63.0.N: Proof Simplification Iteration 2	[0.04 s]
63.0.N: Proof Simplification Iteration 3	[0.06 s]
63.0.N: Proof Simplification Iteration 4	[0.07 s]
63.0.N: Proof Simplification Iteration 5	[0.09 s]
63.0.N: Proof Simplification Iteration 6	[0.11 s]
63.0.N: Proof Simplification Iteration 7	[0.13 s]
63.0.N: Proof Simplification Iteration 8	[0.15 s]
63.0.N: Proof Simplification Iteration 9	[0.16 s]
63.0.N: Proof Simplification Iteration 10	[0.18 s]
63.0.PRE: Proof Simplification completed in 0.23 s
63: About to start ProofGrid in its own thread with a limit of 10000 pending notifications and a limit of 10 traces.
63: =============================== ProofGrid start ===============================
63: ProofGrid usable level: 1
63: Initial ProofGrid level: 1
63: ProofGrid is starting event handling
63.0.N: caddy15.stanford.edu: "Rocky Linux 8.10 (Green Obsidian)" is an unsupported operating system.
63.0.Hp: caddy15.stanford.edu: "Rocky Linux 8.10 (Green Obsidian)" is an unsupported operating system.
63.0.Ht: caddy15.stanford.edu: "Rocky Linux 8.10 (Green Obsidian)" is an unsupported operating system.
63.0.N: Proofgrid shell started at 3451671@caddy15.stanford.edu(local) jg_3426522_caddy15.stanford.edu_64
63.0.Hp: Proofgrid shell started at 3451672@caddy15.stanford.edu(local) jg_3426522_caddy15.stanford.edu_64
63.0.Mpcustom4: caddy15.stanford.edu: "Rocky Linux 8.10 (Green Obsidian)" is an unsupported operating system.
63.0.N: clocks: 1, declared: 1, looping: 0, posedge: 1, negedge: 0, noedge: 0, bothedge: 0
63.0.Hp: clocks: 1, declared: 1, looping: 0, posedge: 1, negedge: 0, noedge: 0, bothedge: 0
63.0.Ht: Proofgrid shell started at 3451694@caddy15.stanford.edu(local) jg_3426522_caddy15.stanford.edu_64
63.0.Oh: caddy15.stanford.edu: "Rocky Linux 8.10 (Green Obsidian)" is an unsupported operating system.
63.0.N: Last scan. Per property time limit: 0s
63.0.N: Starting proof for property "CS_div_fsm_s3_64"	[0.00 s].
63.0.N: Trace Attempt  1	[0.01 s]
63.0.Ht: clocks: 1, declared: 1, looping: 0, posedge: 1, negedge: 0, noedge: 0, bothedge: 0
63.0.N: Trace Attempt  2	[0.01 s]
63.0.N: Trace Attempt  3	[0.01 s]
63.0.Ht: Trace Attempt  1	[0.04 s]
63.0.Ht: Trace Attempt  2	[0.04 s]
63.0.Ht: Trace Attempt  3	[0.04 s]
63.0.Oh: Proofgrid shell started at 3451721@caddy15.stanford.edu(local) jg_3426522_caddy15.stanford.edu_64
63.0.N: Trace Attempt  3	[0.05 s]
63.0.Ht: Trace Attempt  4	[0.05 s]
63.0.Ht: Trace Attempt  5	[0.06 s]
63.0.N: Trace Attempt  4	[0.08 s]
63.0.N: Trace Attempt  5	[0.08 s]
63.0.Oh: clocks: 1, declared: 1, looping: 0, posedge: 1, negedge: 0, noedge: 0, bothedge: 0
63.0.Mpcustom4: Proofgrid shell started at 3451713@caddy15.stanford.edu(local) jg_3426522_caddy15.stanford.edu_64
63.0.Mpcustom4: clocks: 1, declared: 1, looping: 0, posedge: 1, negedge: 0, noedge: 0, bothedge: 0
63.0.N: Trace Attempt  5	[0.17 s]
63.0.B: caddy15.stanford.edu: "Rocky Linux 8.10 (Green Obsidian)" is an unsupported operating system.
63.0.AM: caddy15.stanford.edu: "Rocky Linux 8.10 (Green Obsidian)" is an unsupported operating system.
63.0.Oh: bwd trail(1): 1 0.121225s
63.0.Oh: All properties either determined or skipped. [0.14 s]
63.0.Mpcustom4: Trace Attempt  1	[0.08 s]
63.0.Oh: Exited with Success (@ 0.25 s)
63.0.Oh: Completed, Restart ignored.
63.0.Mpcustom4: Trace Attempt  2	[0.10 s]
63.0.AM: Proofgrid shell started at 3451743@caddy15.stanford.edu(local) jg_3426522_caddy15.stanford.edu_64
63.0.B: Proofgrid shell started at 3451728@caddy15.stanford.edu(local) jg_3426522_caddy15.stanford.edu_64
63.0.AM: clocks: 1, declared: 1, looping: 0, posedge: 1, negedge: 0, noedge: 0, bothedge: 0
63.0.AM: Last scan. Per property time limit: 0s
63.0.AM: Starting proof for property "CS_div_fsm_s3_64"	[0.00 s].
63.0.AM: Trace Attempt  1	[0.00 s]
63.0.AM: Trace Attempt  2	[0.01 s]
63.0.B: clocks: 1, declared: 1, looping: 0, posedge: 1, negedge: 0, noedge: 0, bothedge: 0
63.0.B: Last scan. Per property time limit: 0s
63.0.B: Starting proof for property "CS_div_fsm_s3_64"	[0.00 s].
63.0.AM: Trace Attempt  3	[0.05 s]
63.0.B: Trace Attempt  1	[0.01 s]
63.0.B: Trace Attempt  2	[0.02 s]
63.0.B: Trace Attempt  3	[0.04 s]
63.0.B: Trace Attempt  4	[0.07 s]
63.0.AM: Trace Attempt  4	[0.11 s]
63.0.AM: Trace Attempt  5	[0.16 s]
63.0.B: Trace Attempt  5	[0.13 s]
63.0.Mpcustom4: Trace Attempt  3	[0.69 s]
63.0.Mpcustom4: Trace Attempt  3	[0.73 s]
63.0.Mpcustom4: Trace Attempt  4	[0.76 s]
63.0.Mpcustom4: Trace Attempt  4	[0.81 s]
63.0.Mpcustom4: Trace Attempt  5	[0.84 s]
63.0.Ht: Trace Attempt 71	[4.09 s]
63.0.N: Trace Attempt 29	[4.52 s]
63.0.AM: Trace Attempt 47	[4.17 s]
63.0.B: Trace Attempt 50	[4.20 s]
63.0.Mpcustom4: Trace Attempt 36	[4.84 s]
63.0.N: Trace Attempt 40	[8.82 s]
63.0.AM: Trace Attempt 70	[8.59 s]
63.0.B: Trace Attempt 73	[8.65 s]
63.0.Mpcustom4: Trace Attempt 52	[9.66 s]
63.0.N: Trace Attempt 47	[13.20 s]
63.0.Mpcustom4: Trace Attempt 64	[14.37 s]
63.0.N: Requesting engine job to stop
63.0.B: Requesting engine job to stop
63.0.AM: Requesting engine job to stop
63.0.Hp: Requesting engine job to terminate
63.0.Ht: Requesting engine job to terminate
63.0.Mpcustom4: Requesting engine job to terminate
INFO (IPF144): 63: Initiating shutdown of proof [15.30 s]
63.0.Ht: Trace Attempt 73	[6.86 s]
63.0.Ht: A trace with 73 cycles was found. [15.18 s]
INFO (IPF047): 63.0.Ht: The cover property "CS_div_fsm_s3_64" was covered in 73 cycles in 15.28 s.
63: ProofGrid usable level: 0
63.0.Ht: All properties determined. [15.25 s]
63.0.Hp: Interrupted (multi)
63.0.Hp: All properties determined. [15.31 s]
63.0.N: Trace Attempt 51	[14.53 s]
63.0.N: Stopped processing property "CS_div_fsm_s3_64"	[15.37 s].
63.0.N: All properties determined. [15.39 s]
63.0.N: Exited with Success (@ 15.43 s)
63.0.B: Stopped processing property "CS_div_fsm_s3_64"	[15.05 s].
63.0.B: All properties determined. [15.07 s]
63.0.B: Exited with Success (@ 15.60 s)
63.0.Mpcustom4: Trace Attempt 68	[14.58 s]
63.0.Mpcustom4: All properties determined. [15.47 s]
63.0.Mpcustom4: Exited with Success (@ 15.93 s)
63.0.Ht: Exited with Success (@ 16.01 s)
63.0.Hp: Exited with Success (@ 16.26 s)
63.0.AM: Trace Attempt 71	[8.62 s]
63.0.AM: Stopped processing property "CS_div_fsm_s3_64"	[16.57 s].
63.0.AM: All properties determined. [16.59 s]
63.0.AM: Exited with Success (@ 17.09 s)
63: --------------------------------------------------------------
ProofGrid Summary (utilization 98.44 %)
--------------------------------------------------------------
     engines started                               :     7
     engine jobs started                           :     7

    Average time in state (seconds)
    ------------------------------------------------------
    Engine  Pending     Running        Dead    Utilization
    ------------------------------------------------------
      N        0.12       15.29        0.00       99.25 %
     Hp        0.08       15.29        0.00       99.47 %
     Ht        0.09       15.27        0.00       99.40 %
    Mpcustom4        0.18       15.13        0.00       98.83 %
     Oh        0.09        0.15        0.00       61.46 %
      B        0.46       14.79        0.00       96.95 %
     AM        0.42       14.84        0.00       97.27 %
    all        0.21       12.96        0.00       98.44 %

    Total time in state (seconds)
    -----------------------------------------
            Pending     Running        Dead  
    -----------------------------------------
               1.44       90.75        0.00

    Data read    : 191.48 kiB
    Data written : 11.21 kiB

63: All pending notifications were processed.
INFO (IPF059): 63: Completed proof on task: "mytask"
cover -name CS_div_fsm_s3_65 {@(posedge clk_i) !div_fsm_s3 ##1 div_fsm_s3 [*65] ##1 !div_fsm_s3 }
INFO (IPF036): Starting proof on task: "mytask", 1 properties to prove with 0 already proven/unreachable
INFO (IPF031): Settings used for proof thread 64:
    orchestration                 = on (auto)
    time_limit                    = 600s
    per_property_time_limit       = 1s * 10 ^ scan
    engine_mode                   = auto
    proofgrid_per_engine_max_jobs = 1
    max engine jobs               = auto
    proofgrid_mode                = local
    proofgrid_restarts            = 10
64: Using multistage preprocessing
64: Starting reduce
64: Finished reduce in 0.044s
64.0.PRE: Performing Proof Simplification...
64.0.N: clocks: 1, declared: 1, looping: 0, posedge: 1, negedge: 0, noedge: 0, bothedge: 0
64.0.N: Proof Simplification Iteration 1	[0.00 s]
64.0.N: Proof Simplification Iteration 2	[0.04 s]
64.0.N: Proof Simplification Iteration 3	[0.06 s]
64.0.N: Proof Simplification Iteration 4	[0.07 s]
64.0.N: Proof Simplification Iteration 5	[0.09 s]
64.0.N: Proof Simplification Iteration 6	[0.11 s]
64.0.N: Proof Simplification Iteration 7	[0.13 s]
64.0.N: Proof Simplification Iteration 8	[0.15 s]
64.0.N: Proof Simplification Iteration 9	[0.17 s]
64.0.N: Proof Simplification Iteration 10	[0.19 s]
64.0.PRE: Proof Simplification completed in 0.23 s
64: About to start ProofGrid in its own thread with a limit of 10000 pending notifications and a limit of 10 traces.
64: =============================== ProofGrid start ===============================
64: ProofGrid usable level: 1
64: Initial ProofGrid level: 1
64: ProofGrid is starting event handling
64.0.N: caddy15.stanford.edu: "Rocky Linux 8.10 (Green Obsidian)" is an unsupported operating system.
64.0.Hp: caddy15.stanford.edu: "Rocky Linux 8.10 (Green Obsidian)" is an unsupported operating system.
64.0.Ht: caddy15.stanford.edu: "Rocky Linux 8.10 (Green Obsidian)" is an unsupported operating system.
64.0.Hp: Proofgrid shell started at 3451900@caddy15.stanford.edu(local) jg_3426522_caddy15.stanford.edu_65
64.0.N: Proofgrid shell started at 3451899@caddy15.stanford.edu(local) jg_3426522_caddy15.stanford.edu_65
64.0.Hp: clocks: 1, declared: 1, looping: 0, posedge: 1, negedge: 0, noedge: 0, bothedge: 0
64.0.N: clocks: 1, declared: 1, looping: 0, posedge: 1, negedge: 0, noedge: 0, bothedge: 0
64.0.N: Last scan. Per property time limit: 0s
64.0.N: Starting proof for property "CS_div_fsm_s3_65"	[0.00 s].
64.0.N: Trace Attempt  1	[0.00 s]
64.0.N: Trace Attempt  2	[0.01 s]
64.0.N: Trace Attempt  3	[0.01 s]
64.0.Ht: Proofgrid shell started at 3451922@caddy15.stanford.edu(local) jg_3426522_caddy15.stanford.edu_65
64.0.Ht: clocks: 1, declared: 1, looping: 0, posedge: 1, negedge: 0, noedge: 0, bothedge: 0
64.0.Mpcustom4: caddy15.stanford.edu: "Rocky Linux 8.10 (Green Obsidian)" is an unsupported operating system.
64.0.N: Trace Attempt  3	[0.04 s]
64.0.AM: caddy15.stanford.edu: "Rocky Linux 8.10 (Green Obsidian)" is an unsupported operating system.
64.0.B: caddy15.stanford.edu: "Rocky Linux 8.10 (Green Obsidian)" is an unsupported operating system.
64.0.N: Trace Attempt  4	[0.06 s]
64.0.N: Trace Attempt  5	[0.06 s]
64.0.Ht: Trace Attempt  1	[0.04 s]
64.0.Ht: Trace Attempt  2	[0.04 s]
64.0.Ht: Trace Attempt  3	[0.04 s]
64.0.Oh: caddy15.stanford.edu: "Rocky Linux 8.10 (Green Obsidian)" is an unsupported operating system.
64.0.Ht: Trace Attempt  4	[0.05 s]
64.0.Ht: Trace Attempt  5	[0.06 s]
64.0.N: Trace Attempt  5	[0.12 s]
64.0.Oh: Proofgrid shell started at 3451945@caddy15.stanford.edu(local) jg_3426522_caddy15.stanford.edu_65
64.0.Oh: clocks: 1, declared: 1, looping: 0, posedge: 1, negedge: 0, noedge: 0, bothedge: 0
64.0.B: Proofgrid shell started at 3451946@caddy15.stanford.edu(local) jg_3426522_caddy15.stanford.edu_65
64.0.B: clocks: 1, declared: 1, looping: 0, posedge: 1, negedge: 0, noedge: 0, bothedge: 0
64.0.Mpcustom4: Proofgrid shell started at 3451941@caddy15.stanford.edu(local) jg_3426522_caddy15.stanford.edu_65
64.0.B: Last scan. Per property time limit: 0s
64.0.B: Starting proof for property "CS_div_fsm_s3_65"	[0.00 s].
64.0.AM: Proofgrid shell started at 3451950@caddy15.stanford.edu(local) jg_3426522_caddy15.stanford.edu_65
64.0.B: Trace Attempt  1	[0.01 s]
64.0.B: Trace Attempt  2	[0.02 s]
64.0.B: Trace Attempt  3	[0.03 s]
64.0.Mpcustom4: clocks: 1, declared: 1, looping: 0, posedge: 1, negedge: 0, noedge: 0, bothedge: 0
64.0.B: Trace Attempt  4	[0.04 s]
64.0.AM: clocks: 1, declared: 1, looping: 0, posedge: 1, negedge: 0, noedge: 0, bothedge: 0
64.0.AM: Last scan. Per property time limit: 0s
64.0.AM: Starting proof for property "CS_div_fsm_s3_65"	[0.00 s].
64.0.B: Trace Attempt  5	[0.08 s]
64.0.AM: Trace Attempt  1	[0.00 s]
64.0.AM: Trace Attempt  2	[0.01 s]
64.0.AM: Trace Attempt  3	[0.05 s]
64.0.Mpcustom4: Trace Attempt  1	[0.12 s]
64.0.AM: Trace Attempt  4	[0.10 s]
64.0.Mpcustom4: Trace Attempt  2	[0.16 s]
64.0.Oh: bwd trail(1): 1 0.120342s
64.0.Oh: All properties either determined or skipped. [0.28 s]
64.0.Oh: Exited with Success (@ 0.46 s)
64.0.Oh: Completed, Restart ignored.
64.0.AM: Trace Attempt  5	[0.15 s]
64.0.Mpcustom4: Trace Attempt  3	[0.73 s]
64.0.Mpcustom4: Trace Attempt  3	[0.77 s]
64.0.Mpcustom4: Trace Attempt  4	[0.80 s]
64.0.Mpcustom4: Trace Attempt  4	[0.85 s]
64.0.Mpcustom4: Trace Attempt  5	[0.88 s]
64.0.B: Trace Attempt 51	[4.10 s]
64.0.AM: Trace Attempt 51	[4.23 s]
64.0.N: Trace Attempt 29	[4.56 s]
64.0.Mpcustom4: Trace Attempt 34	[4.90 s]
64.0.Ht: Trace Attempt 74	[6.98 s]
64.0.N: Trace Attempt 39	[8.58 s]
64.0.AM: Trace Attempt 69	[8.46 s]
64.0.Mpcustom4: Trace Attempt 48	[8.96 s]
64.0.B: Trace Attempt 74	[9.62 s]
64.0.Mpcustom4: Trace Attempt 64	[13.01 s]
64.0.N: Trace Attempt 47	[13.30 s]
64.0.N: Requesting engine job to stop
64.0.B: Requesting engine job to stop
64.0.AM: Requesting engine job to stop
64.0.Hp: Requesting engine job to terminate
64.0.Ht: Requesting engine job to terminate
64.0.Mpcustom4: Requesting engine job to terminate
INFO (IPF144): 64: Initiating shutdown of proof [13.37 s]
64.0.Ht: A trace with 74 cycles was found. [13.23 s]
INFO (IPF047): 64.0.Ht: The cover property "CS_div_fsm_s3_65" was covered in 74 cycles in 13.32 s.
64.0.Ht: All properties determined. [13.30 s]
64.0.Hp: Interrupted (multi)
64.0.Hp: All properties determined. [13.41 s]
64.0.N: Trace Attempt 48	[13.57 s]
64.0.N: Stopped processing property "CS_div_fsm_s3_65"	[13.57 s].
64.0.N: All properties determined. [13.58 s]
64.0.B: Stopped processing property "CS_div_fsm_s3_65"	[13.40 s].
64.0.N: Exited with Success (@ 13.65 s)
64: ProofGrid usable level: 0
64.0.B: All properties determined. [13.41 s]
64.0.B: Exited with Success (@ 13.69 s)
64.0.Mpcustom4: All properties determined. [13.42 s]
64.0.Mpcustom4: Exited with Success (@ 13.73 s)
64.0.Hp: Exited with Success (@ 13.93 s)
64.0.AM: Trace Attempt 72	[9.20 s]
64.0.AM: Stopped processing property "CS_div_fsm_s3_65"	[14.23 s].
64.0.Ht: Exited with Success (@ 14.54 s)
64.0.AM: All properties determined. [14.23 s]
64.0.AM: Exited with Success (@ 14.57 s)
64: --------------------------------------------------------------
ProofGrid Summary (utilization 98.50 %)
--------------------------------------------------------------
     engines started                               :     7
     engine jobs started                           :     7

    Average time in state (seconds)
    ------------------------------------------------------
    Engine  Pending     Running        Dead    Utilization
    ------------------------------------------------------
      N        0.11       13.35        0.00       99.15 %
     Hp        0.08       13.35        0.00       99.39 %
     Ht        0.11       13.31        0.00       99.19 %
    Mpcustom4        0.27       13.09        0.00       97.99 %
     Oh        0.17        0.29        0.00       62.46 %
      B        0.21       13.13        0.00       98.39 %
     AM        0.25       13.09        0.00       98.13 %
    all        0.17       11.37        0.00       98.50 %

    Total time in state (seconds)
    -----------------------------------------
            Pending     Running        Dead  
    -----------------------------------------
               1.21       79.61        0.00

    Data read    : 189.11 kiB
    Data written : 11.75 kiB

64: All pending notifications were processed.
INFO (IPF059): 64: Completed proof on task: "mytask"
cover -name CS_div_fsm_s3_66 {@(posedge clk_i) !div_fsm_s3 ##1 div_fsm_s3 [*66] ##1 !div_fsm_s3 }
INFO (IPF036): Starting proof on task: "mytask", 1 properties to prove with 0 already proven/unreachable
INFO (IPF031): Settings used for proof thread 65:
    orchestration                 = on (auto)
    time_limit                    = 600s
    per_property_time_limit       = 1s * 10 ^ scan
    engine_mode                   = auto
    proofgrid_per_engine_max_jobs = 1
    max engine jobs               = auto
    proofgrid_mode                = local
    proofgrid_restarts            = 10
65: Using multistage preprocessing
65: Starting reduce
65: Finished reduce in 0.044s
65.0.PRE: Performing Proof Simplification...
65.0.N: clocks: 1, declared: 1, looping: 0, posedge: 1, negedge: 0, noedge: 0, bothedge: 0
65.0.N: Proof Simplification Iteration 1	[0.00 s]
65.0.N: Proof Simplification Iteration 2	[0.04 s]
65.0.N: Proof Simplification Iteration 3	[0.06 s]
65.0.N: Proof Simplification Iteration 4	[0.07 s]
65.0.N: Proof Simplification Iteration 5	[0.09 s]
65.0.N: Proof Simplification Iteration 6	[0.11 s]
65.0.N: Proof Simplification Iteration 7	[0.13 s]
65.0.N: Proof Simplification Iteration 8	[0.15 s]
65.0.N: Proof Simplification Iteration 9	[0.17 s]
65.0.N: Proof Simplification Iteration 10	[0.19 s]
65.0.PRE: Proof Simplification completed in 0.23 s
65: About to start ProofGrid in its own thread with a limit of 10000 pending notifications and a limit of 10 traces.
65: =============================== ProofGrid start ===============================
65: ProofGrid usable level: 1
65: Initial ProofGrid level: 1
65: ProofGrid is starting event handling
65.0.N: caddy15.stanford.edu: "Rocky Linux 8.10 (Green Obsidian)" is an unsupported operating system.
65.0.Hp: caddy15.stanford.edu: "Rocky Linux 8.10 (Green Obsidian)" is an unsupported operating system.
65.0.Ht: caddy15.stanford.edu: "Rocky Linux 8.10 (Green Obsidian)" is an unsupported operating system.
65.0.Mpcustom4: caddy15.stanford.edu: "Rocky Linux 8.10 (Green Obsidian)" is an unsupported operating system.
65.0.N: Proofgrid shell started at 3452282@caddy15.stanford.edu(local) jg_3426522_caddy15.stanford.edu_66
65.0.Hp: Proofgrid shell started at 3452283@caddy15.stanford.edu(local) jg_3426522_caddy15.stanford.edu_66
65.0.N: clocks: 1, declared: 1, looping: 0, posedge: 1, negedge: 0, noedge: 0, bothedge: 0
65.0.Hp: clocks: 1, declared: 1, looping: 0, posedge: 1, negedge: 0, noedge: 0, bothedge: 0
65.0.Ht: Proofgrid shell started at 3452305@caddy15.stanford.edu(local) jg_3426522_caddy15.stanford.edu_66
65.0.N: Last scan. Per property time limit: 0s
65.0.N: Starting proof for property "CS_div_fsm_s3_66"	[0.00 s].
65.0.N: Trace Attempt  1	[0.01 s]
65.0.N: Trace Attempt  2	[0.01 s]
65.0.N: Trace Attempt  3	[0.01 s]
65.0.Ht: clocks: 1, declared: 1, looping: 0, posedge: 1, negedge: 0, noedge: 0, bothedge: 0
65.0.N: Trace Attempt  3	[0.04 s]
65.0.Ht: Trace Attempt  1	[0.04 s]
65.0.Ht: Trace Attempt  2	[0.04 s]
65.0.Ht: Trace Attempt  3	[0.04 s]
65.0.Mpcustom4: Proofgrid shell started at 3452324@caddy15.stanford.edu(local) jg_3426522_caddy15.stanford.edu_66
65.0.Oh: caddy15.stanford.edu: "Rocky Linux 8.10 (Green Obsidian)" is an unsupported operating system.
65.0.Ht: Trace Attempt  4	[0.05 s]
65.0.N: Trace Attempt  4	[0.06 s]
65.0.N: Trace Attempt  5	[0.06 s]
65.0.Ht: Trace Attempt  5	[0.06 s]
65.0.Mpcustom4: clocks: 1, declared: 1, looping: 0, posedge: 1, negedge: 0, noedge: 0, bothedge: 0
65.0.B: caddy15.stanford.edu: "Rocky Linux 8.10 (Green Obsidian)" is an unsupported operating system.
65.0.Oh: Proofgrid shell started at 3452339@caddy15.stanford.edu(local) jg_3426522_caddy15.stanford.edu_66
65.0.AM: caddy15.stanford.edu: "Rocky Linux 8.10 (Green Obsidian)" is an unsupported operating system.
65.0.N: Trace Attempt  5	[0.12 s]
65.0.Mpcustom4: Trace Attempt  1	[0.08 s]
65.0.Oh: clocks: 1, declared: 1, looping: 0, posedge: 1, negedge: 0, noedge: 0, bothedge: 0
65.0.Mpcustom4: Trace Attempt  2	[0.11 s]
65.0.Oh: bwd trail(1): 1 0.109733s
65.0.Oh: All properties either determined or skipped. [0.13 s]
65.0.Oh: Exited with Success (@ 0.30 s)
65.0.B: Proofgrid shell started at 3452347@caddy15.stanford.edu(local) jg_3426522_caddy15.stanford.edu_66
65.0.AM: Proofgrid shell started at 3452349@caddy15.stanford.edu(local) jg_3426522_caddy15.stanford.edu_66
65.0.B: clocks: 1, declared: 1, looping: 0, posedge: 1, negedge: 0, noedge: 0, bothedge: 0
65.0.B: Last scan. Per property time limit: 0s
65.0.B: Starting proof for property "CS_div_fsm_s3_66"	[0.00 s].
65.0.AM: clocks: 1, declared: 1, looping: 0, posedge: 1, negedge: 0, noedge: 0, bothedge: 0
65.0.AM: Last scan. Per property time limit: 0s
65.0.AM: Starting proof for property "CS_div_fsm_s3_66"	[0.00 s].
65.0.AM: Trace Attempt  1	[0.00 s]
65.0.AM: Trace Attempt  2	[0.01 s]
65.0.B: Trace Attempt  1	[0.02 s]
65.0.B: Trace Attempt  2	[0.03 s]
65.0.AM: Trace Attempt  3	[0.05 s]
65.0.B: Trace Attempt  3	[0.05 s]
65.0.B: Trace Attempt  4	[0.07 s]
65.0.AM: Trace Attempt  4	[0.12 s]
65.0.B: Trace Attempt  5	[0.15 s]
65.0.AM: Trace Attempt  5	[0.16 s]
65.0.Mpcustom4: Trace Attempt  3	[0.72 s]
65.0.Mpcustom4: Trace Attempt  3	[0.77 s]
65.0.Mpcustom4: Trace Attempt  4	[0.79 s]
65.0.Mpcustom4: Trace Attempt  4	[0.85 s]
65.0.Mpcustom4: Trace Attempt  5	[0.87 s]
65.0.N: Trace Attempt 29	[4.34 s]
65.0.AM: Trace Attempt 40	[4.26 s]
65.0.B: Trace Attempt 45	[4.35 s]
65.0.Mpcustom4: Trace Attempt 33	[4.92 s]
65.0.Ht: Trace Attempt 75	[5.64 s]
65.0.N: Trace Attempt 39	[8.59 s]
65.0.B: Trace Attempt 72	[8.35 s]
65.0.AM: Trace Attempt 56	[8.35 s]
65.0.Mpcustom4: Trace Attempt 48	[9.13 s]
65.0.N: Requesting engine job to stop
65.0.B: Requesting engine job to stop
65.0.AM: Requesting engine job to stop
65.0.Hp: Requesting engine job to terminate
65.0.Ht: Requesting engine job to terminate
65.0.Mpcustom4: Requesting engine job to terminate
INFO (IPF144): 65: Initiating shutdown of proof [12.13 s]
65.0.Ht: A trace with 75 cycles was found. [11.99 s]
INFO (IPF047): 65.0.Ht: The cover property "CS_div_fsm_s3_66" was covered in 75 cycles in 12.10 s.
65.0.Ht: All properties determined. [12.08 s]
65.0.Hp: Interrupted (multi)
65.0.Hp: All properties determined. [12.11 s]
65.0.N: Trace Attempt 47	[11.52 s]
65: ProofGrid usable level: 0
65.0.N: Stopped processing property "CS_div_fsm_s3_66"	[12.30 s].
65.0.N: All properties determined. [12.32 s]
65.0.N: Exited with Success (@ 12.35 s)
65.0.B: Trace Attempt 75	[10.28 s]
65.0.B: Stopped processing property "CS_div_fsm_s3_66"	[12.03 s].
65.0.B: All properties determined. [12.03 s]
65.0.B: Exited with Success (@ 12.41 s)
65.0.Mpcustom4: Trace Attempt 56	[11.42 s]
65.0.Mpcustom4: All properties determined. [12.33 s]
65.0.Mpcustom4: Exited with Success (@ 12.45 s)
65.0.AM: Trace Attempt 73	[11.78 s]
65.0.AM: Stopped processing property "CS_div_fsm_s3_66"	[12.11 s].
65.0.AM: All properties determined. [12.11 s]
65.0.AM: Exited with Success (@ 12.80 s)
65.0.Hp: Exited with Success (@ 12.80 s)
65.0.Ht: Exited with Success (@ 12.81 s)
65: --------------------------------------------------------------
ProofGrid Summary (utilization 98.33 %)
--------------------------------------------------------------
     engines started                               :     7
     engine jobs started                           :     7

    Average time in state (seconds)
    ------------------------------------------------------
    Engine  Pending     Running        Dead    Utilization
    ------------------------------------------------------
      N        0.11       12.12        0.00       99.14 %
     Hp        0.09       12.11        0.00       99.27 %
     Ht        0.08       12.09        0.00       99.32 %
    Mpcustom4        0.12       12.05        0.00       99.03 %
     Oh        0.17        0.13        0.00       43.57 %
      B        0.33       11.78        0.00       97.29 %
     AM        0.33       11.78        0.00       97.26 %
    all        0.17       10.29        0.00       98.33 %

    Total time in state (seconds)
    -----------------------------------------
            Pending     Running        Dead  
    -----------------------------------------
               1.22       72.06        0.00

    Data read    : 189.15 kiB
    Data written : 11.26 kiB

65: All pending notifications were processed.
INFO (IPF059): 65: Completed proof on task: "mytask"
cover -name CS_div_fsm_s3_67 {@(posedge clk_i) !div_fsm_s3 ##1 div_fsm_s3 [*67] ##1 !div_fsm_s3 }
INFO (IPF036): Starting proof on task: "mytask", 1 properties to prove with 0 already proven/unreachable
INFO (IPF031): Settings used for proof thread 66:
    orchestration                 = on (auto)
    time_limit                    = 600s
    per_property_time_limit       = 1s * 10 ^ scan
    engine_mode                   = auto
    proofgrid_per_engine_max_jobs = 1
    max engine jobs               = auto
    proofgrid_mode                = local
    proofgrid_restarts            = 10
66: Using multistage preprocessing
66: Starting reduce
66: Finished reduce in 0.043s
66.0.PRE: Performing Proof Simplification...
66.0.N: clocks: 1, declared: 1, looping: 0, posedge: 1, negedge: 0, noedge: 0, bothedge: 0
66.0.N: Proof Simplification Iteration 1	[0.00 s]
66.0.N: Proof Simplification Iteration 2	[0.04 s]
66.0.N: Proof Simplification Iteration 3	[0.06 s]
66.0.N: Proof Simplification Iteration 4	[0.07 s]
66.0.N: Proof Simplification Iteration 5	[0.09 s]
66.0.N: Proof Simplification Iteration 6	[0.11 s]
66.0.N: Proof Simplification Iteration 7	[0.13 s]
66.0.N: Proof Simplification Iteration 8	[0.15 s]
66.0.N: Proof Simplification Iteration 9	[0.17 s]
66.0.N: Proof Simplification Iteration 10	[0.18 s]
66.0.PRE: Proof Simplification completed in 0.23 s
66: About to start ProofGrid in its own thread with a limit of 10000 pending notifications and a limit of 10 traces.
66: =============================== ProofGrid start ===============================
66: ProofGrid usable level: 1
66: Initial ProofGrid level: 1
66: ProofGrid is starting event handling
66.0.Hp: caddy15.stanford.edu: "Rocky Linux 8.10 (Green Obsidian)" is an unsupported operating system.
66.0.N: caddy15.stanford.edu: "Rocky Linux 8.10 (Green Obsidian)" is an unsupported operating system.
66.0.Ht: caddy15.stanford.edu: "Rocky Linux 8.10 (Green Obsidian)" is an unsupported operating system.
66.0.Mpcustom4: caddy15.stanford.edu: "Rocky Linux 8.10 (Green Obsidian)" is an unsupported operating system.
66.0.Hp: Proofgrid shell started at 3452519@caddy15.stanford.edu(local) jg_3426522_caddy15.stanford.edu_67
66.0.N: Proofgrid shell started at 3452518@caddy15.stanford.edu(local) jg_3426522_caddy15.stanford.edu_67
66.0.Hp: clocks: 1, declared: 1, looping: 0, posedge: 1, negedge: 0, noedge: 0, bothedge: 0
66.0.Ht: Proofgrid shell started at 3452541@caddy15.stanford.edu(local) jg_3426522_caddy15.stanford.edu_67
66.0.B: caddy15.stanford.edu: "Rocky Linux 8.10 (Green Obsidian)" is an unsupported operating system.
66.0.N: clocks: 1, declared: 1, looping: 0, posedge: 1, negedge: 0, noedge: 0, bothedge: 0
66.0.N: Last scan. Per property time limit: 0s
66.0.N: Starting proof for property "CS_div_fsm_s3_67"	[0.00 s].
66.0.N: Trace Attempt  1	[0.01 s]
66.0.N: Trace Attempt  2	[0.01 s]
66.0.N: Trace Attempt  3	[0.01 s]
66.0.Mpcustom4: Proofgrid shell started at 3452560@caddy15.stanford.edu(local) jg_3426522_caddy15.stanford.edu_67
66.0.Ht: clocks: 1, declared: 1, looping: 0, posedge: 1, negedge: 0, noedge: 0, bothedge: 0
66.0.Mpcustom4: clocks: 1, declared: 1, looping: 0, posedge: 1, negedge: 0, noedge: 0, bothedge: 0
66.0.N: Trace Attempt  3	[0.04 s]
66.0.N: Trace Attempt  4	[0.06 s]
66.0.N: Trace Attempt  5	[0.06 s]
66.0.Ht: Trace Attempt  1	[0.05 s]
66.0.Ht: Trace Attempt  2	[0.05 s]
66.0.Ht: Trace Attempt  3	[0.05 s]
66.0.Ht: Trace Attempt  4	[0.06 s]
66.0.Mpcustom4: Trace Attempt  1	[0.04 s]
66.0.Ht: Trace Attempt  5	[0.07 s]
66.0.Mpcustom4: Trace Attempt  2	[0.06 s]
66.0.Oh: caddy15.stanford.edu: "Rocky Linux 8.10 (Green Obsidian)" is an unsupported operating system.
66.0.B: Proofgrid shell started at 3452578@caddy15.stanford.edu(local) jg_3426522_caddy15.stanford.edu_67
66.0.N: Trace Attempt  5	[0.12 s]
66.0.B: clocks: 1, declared: 1, looping: 0, posedge: 1, negedge: 0, noedge: 0, bothedge: 0
66.0.B: Last scan. Per property time limit: 0s
66.0.B: Starting proof for property "CS_div_fsm_s3_67"	[0.00 s].
66.0.B: Trace Attempt  1	[0.02 s]
66.0.B: Trace Attempt  2	[0.04 s]
66.0.B: Trace Attempt  3	[0.06 s]
66.0.B: Trace Attempt  4	[0.09 s]
66.0.AM: caddy15.stanford.edu: "Rocky Linux 8.10 (Green Obsidian)" is an unsupported operating system.
66.0.B: Trace Attempt  5	[0.16 s]
66.0.Oh: Proofgrid shell started at 3452575@caddy15.stanford.edu(local) jg_3426522_caddy15.stanford.edu_67
66.0.Oh: clocks: 1, declared: 1, looping: 0, posedge: 1, negedge: 0, noedge: 0, bothedge: 0
66.0.AM: Proofgrid shell started at 3452581@caddy15.stanford.edu(local) jg_3426522_caddy15.stanford.edu_67
66.0.AM: clocks: 1, declared: 1, looping: 0, posedge: 1, negedge: 0, noedge: 0, bothedge: 0
66.0.AM: Last scan. Per property time limit: 0s
66.0.AM: Starting proof for property "CS_div_fsm_s3_67"	[0.00 s].
66.0.AM: Trace Attempt  1	[0.00 s]
66.0.AM: Trace Attempt  2	[0.01 s]
66.0.AM: Trace Attempt  3	[0.05 s]
66.0.Mpcustom4: Trace Attempt  3	[0.60 s]
66.0.Oh: bwd trail(1): 1 0.117663s
66.0.Oh: All properties either determined or skipped. [0.27 s]
66.0.AM: Trace Attempt  4	[0.10 s]
66.0.Oh: Exited with Success (@ 0.70 s)
66.0.Mpcustom4: Trace Attempt  3	[0.65 s]
66.0.Mpcustom4: Trace Attempt  4	[0.67 s]
66.0.AM: Trace Attempt  5	[0.15 s]
66.0.Mpcustom4: Trace Attempt  4	[0.72 s]
66.0.Mpcustom4: Trace Attempt  5	[0.75 s]
66.0.B: Trace Attempt 49	[4.22 s]
66.0.N: Trace Attempt 27	[4.50 s]
66.0.AM: Trace Attempt 47	[4.22 s]
66.0.Mpcustom4: Trace Attempt 33	[4.79 s]
66.0.Ht: Trace Attempt 76	[5.48 s]
66.0.AM: Trace Attempt 67	[8.30 s]
66.0.N: Trace Attempt 37	[8.85 s]
66.0.Mpcustom4: Trace Attempt 48	[8.93 s]
66.0.N: Requesting engine job to stop
66.0.B: Requesting engine job to stop
66.0.AM: Requesting engine job to stop
66.0.Hp: Requesting engine job to terminate
66.0.Ht: Requesting engine job to terminate
66.0.Mpcustom4: Requesting engine job to terminate
INFO (IPF144): 66: Initiating shutdown of proof [11.65 s]
66.0.Ht: A trace with 76 cycles was found. [11.51 s]
INFO (IPF047): 66.0.Ht: The cover property "CS_div_fsm_s3_67" was covered in 76 cycles in 11.58 s.
66.0.Ht: All properties determined. [11.59 s]
66.0.Hp: Interrupted (multi)
66.0.Hp: All properties determined. [11.64 s]
66.0.N: Trace Attempt 45	[11.61 s]
66.0.N: Stopped processing property "CS_div_fsm_s3_67"	[11.67 s].
66.0.N: All properties determined. [11.62 s]
66.0.N: Exited with Success (@ 11.66 s)
66: ProofGrid usable level: 0
66.0.B: Trace Attempt 76	[7.15 s]
66.0.B: Stopped processing property "CS_div_fsm_s3_67"	[11.77 s].
66.0.B: All properties determined. [11.79 s]
66.0.Mpcustom4: Trace Attempt 56	[11.54 s]
66.0.Mpcustom4: All properties determined. [11.89 s]
66.0.B: Exited with Success (@ 11.96 s)
66.0.Mpcustom4: Exited with Success (@ 12.00 s)
66.0.AM: Trace Attempt 74	[10.39 s]
66.0.AM: Stopped processing property "CS_div_fsm_s3_67"	[11.53 s].
66.0.Hp: Exited with Success (@ 12.12 s)
66.0.AM: All properties determined. [11.54 s]
66.0.AM: Exited with Success (@ 12.39 s)
66.0.Ht: Exited with Success (@ 12.45 s)
66: --------------------------------------------------------------
ProofGrid Summary (utilization 97.96 %)
--------------------------------------------------------------
     engines started                               :     7
     engine jobs started                           :     7

    Average time in state (seconds)
    ------------------------------------------------------
    Engine  Pending     Running        Dead    Utilization
    ------------------------------------------------------
      N        0.10       11.63        0.00       99.11 %
     Hp        0.08       11.63        0.00       99.31 %
     Ht        0.09       11.59        0.00       99.22 %
    Mpcustom4        0.10       11.58        0.00       99.11 %
     Oh        0.40        0.27        0.00       40.88 %
      B        0.13       11.50        0.00       98.85 %
     AM        0.53       11.09        0.00       95.42 %
    all        0.21        9.90        0.00       97.96 %

    Total time in state (seconds)
    -----------------------------------------
            Pending     Running        Dead  
    -----------------------------------------
               1.44       69.30        0.00

    Data read    : 191.09 kiB
    Data written : 12.54 kiB

66: All pending notifications were processed.
INFO (IPF059): 66: Completed proof on task: "mytask"
cover -name CS_div_fsm_s3_68 {@(posedge clk_i) !div_fsm_s3 ##1 div_fsm_s3 [*68] ##1 !div_fsm_s3 }
INFO (IPF036): Starting proof on task: "mytask", 1 properties to prove with 0 already proven/unreachable
INFO (IPF031): Settings used for proof thread 67:
    orchestration                 = on (auto)
    time_limit                    = 600s
    per_property_time_limit       = 1s * 10 ^ scan
    engine_mode                   = auto
    proofgrid_per_engine_max_jobs = 1
    max engine jobs               = auto
    proofgrid_mode                = local
    proofgrid_restarts            = 10
67: Using multistage preprocessing
67: Starting reduce
67: Finished reduce in 0.044s
67.0.PRE: Performing Proof Simplification...
67.0.N: clocks: 1, declared: 1, looping: 0, posedge: 1, negedge: 0, noedge: 0, bothedge: 0
67.0.N: Proof Simplification Iteration 1	[0.00 s]
67.0.N: Proof Simplification Iteration 2	[0.04 s]
67.0.N: Proof Simplification Iteration 3	[0.06 s]
67.0.N: Proof Simplification Iteration 4	[0.07 s]
67.0.N: Proof Simplification Iteration 5	[0.09 s]
67.0.N: Proof Simplification Iteration 6	[0.11 s]
67.0.N: Proof Simplification Iteration 7	[0.13 s]
67.0.N: Proof Simplification Iteration 8	[0.15 s]
67.0.N: Proof Simplification Iteration 9	[0.17 s]
67.0.N: Proof Simplification Iteration 10	[0.18 s]
67.0.PRE: Proof Simplification completed in 0.23 s
67: About to start ProofGrid in its own thread with a limit of 10000 pending notifications and a limit of 10 traces.
67: =============================== ProofGrid start ===============================
67: ProofGrid usable level: 1
67: Initial ProofGrid level: 1
67: ProofGrid is starting event handling
67.0.Hp: caddy15.stanford.edu: "Rocky Linux 8.10 (Green Obsidian)" is an unsupported operating system.
67.0.N: caddy15.stanford.edu: "Rocky Linux 8.10 (Green Obsidian)" is an unsupported operating system.
67.0.Ht: caddy15.stanford.edu: "Rocky Linux 8.10 (Green Obsidian)" is an unsupported operating system.
67.0.N: Proofgrid shell started at 3452746@caddy15.stanford.edu(local) jg_3426522_caddy15.stanford.edu_68
67.0.Hp: Proofgrid shell started at 3452747@caddy15.stanford.edu(local) jg_3426522_caddy15.stanford.edu_68
67.0.Mpcustom4: caddy15.stanford.edu: "Rocky Linux 8.10 (Green Obsidian)" is an unsupported operating system.
67.0.N: clocks: 1, declared: 1, looping: 0, posedge: 1, negedge: 0, noedge: 0, bothedge: 0
67.0.Ht: Proofgrid shell started at 3452770@caddy15.stanford.edu(local) jg_3426522_caddy15.stanford.edu_68
67.0.N: Last scan. Per property time limit: 0s
67.0.N: Starting proof for property "CS_div_fsm_s3_68"	[0.00 s].
67.0.Hp: clocks: 1, declared: 1, looping: 0, posedge: 1, negedge: 0, noedge: 0, bothedge: 0
67.0.N: Trace Attempt  1	[0.01 s]
67.0.N: Trace Attempt  2	[0.01 s]
67.0.N: Trace Attempt  3	[0.01 s]
67.0.Ht: clocks: 1, declared: 1, looping: 0, posedge: 1, negedge: 0, noedge: 0, bothedge: 0
67.0.Oh: caddy15.stanford.edu: "Rocky Linux 8.10 (Green Obsidian)" is an unsupported operating system.
67.0.N: Trace Attempt  3	[0.04 s]
67.0.Ht: Trace Attempt  1	[0.05 s]
67.0.Ht: Trace Attempt  2	[0.05 s]
67.0.Ht: Trace Attempt  3	[0.06 s]
67.0.Mpcustom4: Proofgrid shell started at 3452788@caddy15.stanford.edu(local) jg_3426522_caddy15.stanford.edu_68
67.0.N: Trace Attempt  4	[0.06 s]
67.0.N: Trace Attempt  5	[0.06 s]
67.0.Ht: Trace Attempt  4	[0.06 s]
67.0.Mpcustom4: clocks: 1, declared: 1, looping: 0, posedge: 1, negedge: 0, noedge: 0, bothedge: 0
67.0.Ht: Trace Attempt  5	[0.07 s]
67.0.Oh: Proofgrid shell started at 3452798@caddy15.stanford.edu(local) jg_3426522_caddy15.stanford.edu_68
67.0.B: caddy15.stanford.edu: "Rocky Linux 8.10 (Green Obsidian)" is an unsupported operating system.
67.0.Oh: clocks: 1, declared: 1, looping: 0, posedge: 1, negedge: 0, noedge: 0, bothedge: 0
67.0.Mpcustom4: Trace Attempt  1	[0.06 s]
67.0.N: Trace Attempt  5	[0.13 s]
67.0.Mpcustom4: Trace Attempt  2	[0.08 s]
67.0.AM: caddy15.stanford.edu: "Rocky Linux 8.10 (Green Obsidian)" is an unsupported operating system.
67.0.Oh: bwd trail(1): 1 0.119476s
67.0.Oh: All properties either determined or skipped. [0.23 s]
67.0.Oh: Exited with Success (@ 0.36 s)
67.0.Oh: Completed, Restart ignored.
67.0.B: Proofgrid shell started at 3452803@caddy15.stanford.edu(local) jg_3426522_caddy15.stanford.edu_68
67.0.AM: Proofgrid shell started at 3452808@caddy15.stanford.edu(local) jg_3426522_caddy15.stanford.edu_68
67.0.B: clocks: 1, declared: 1, looping: 0, posedge: 1, negedge: 0, noedge: 0, bothedge: 0
67.0.B: Last scan. Per property time limit: 0s
67.0.B: Starting proof for property "CS_div_fsm_s3_68"	[0.00 s].
67.0.B: Trace Attempt  1	[0.02 s]
67.0.B: Trace Attempt  2	[0.03 s]
67.0.AM: clocks: 1, declared: 1, looping: 0, posedge: 1, negedge: 0, noedge: 0, bothedge: 0
67.0.AM: Last scan. Per property time limit: 0s
67.0.AM: Starting proof for property "CS_div_fsm_s3_68"	[0.00 s].
67.0.AM: Trace Attempt  1	[0.00 s]
67.0.AM: Trace Attempt  2	[0.01 s]
67.0.B: Trace Attempt  3	[0.05 s]
67.0.B: Trace Attempt  4	[0.07 s]
67.0.AM: Trace Attempt  3	[0.05 s]
67.0.AM: Trace Attempt  4	[0.10 s]
67.0.B: Trace Attempt  5	[0.15 s]
67.0.AM: Trace Attempt  5	[0.13 s]
67.0.Mpcustom4: Trace Attempt  3	[0.64 s]
67.0.Mpcustom4: Trace Attempt  3	[0.69 s]
67.0.Mpcustom4: Trace Attempt  4	[0.71 s]
67.0.Mpcustom4: Trace Attempt  4	[0.77 s]
67.0.Mpcustom4: Trace Attempt  5	[0.79 s]
67.0.Ht: Trace Attempt 76	[4.08 s]
67.0.N: Trace Attempt 29	[4.45 s]
67.0.B: Trace Attempt 50	[4.23 s]
67.0.AM: Trace Attempt 52	[4.22 s]
67.0.Mpcustom4: Trace Attempt 39	[4.82 s]
67.0.N: Trace Attempt 40	[8.79 s]
67.0.AM: Trace Attempt 71	[8.40 s]
67.0.Mpcustom4: Trace Attempt 52	[9.50 s]
67.0.B: Trace Attempt 77	[12.01 s]
67.0.N: Requesting engine job to stop
67.0.B: Requesting engine job to stop
67.0.AM: Requesting engine job to stop
67.0.Hp: Requesting engine job to terminate
67.0.Ht: Requesting engine job to terminate
67.0.Mpcustom4: Requesting engine job to terminate
INFO (IPF144): 67: Initiating shutdown of proof [13.09 s]
67.0.Ht: Trace Attempt 77	[6.75 s]
67.0.Ht: A trace with 77 cycles was found. [12.96 s]
INFO (IPF047): 67.0.Ht: The cover property "CS_div_fsm_s3_68" was covered in 77 cycles in 13.08 s.
67.0.Ht: All properties determined. [13.04 s]
67.0.Hp: Interrupted (multi)
67.0.Hp: All properties determined. [13.09 s]
67.0.N: Trace Attempt 45	[12.37 s]
67.0.N: Stopped processing property "CS_div_fsm_s3_68"	[13.16 s].
67.0.N: All properties determined. [13.16 s]
67.0.N: Exited with Success (@ 13.19 s)
67: ProofGrid usable level: 0
67.0.B: Stopped processing property "CS_div_fsm_s3_68"	[12.91 s].
67.0.B: All properties determined. [12.92 s]
67.0.B: Exited with Success (@ 13.39 s)
67.0.Mpcustom4: Trace Attempt 64	[12.43 s]
67.0.Mpcustom4: All properties determined. [13.39 s]
67.0.Mpcustom4: Exited with Success (@ 13.52 s)
67.0.Hp: Exited with Success (@ 13.81 s)
67.0.Ht: Exited with Success (@ 14.06 s)
67.0.AM: Trace Attempt 75	[9.27 s]
67.0.AM: Stopped processing property "CS_div_fsm_s3_68"	[14.54 s].
67.0.AM: All properties determined. [14.55 s]
67.0.AM: Exited with Success (@ 15.07 s)
67: --------------------------------------------------------------
ProofGrid Summary (utilization 98.29 %)
--------------------------------------------------------------
     engines started                               :     7
     engine jobs started                           :     7

    Average time in state (seconds)
    ------------------------------------------------------
    Engine  Pending     Running        Dead    Utilization
    ------------------------------------------------------
      N        0.10       13.07        0.00       99.22 %
     Hp        0.09       13.07        0.00       99.34 %
     Ht        0.08       13.06        0.00       99.37 %
    Mpcustom4        0.12       13.01        0.00       99.05 %
     Oh        0.11        0.24        0.00       67.89 %
      B        0.41       12.64        0.00       96.89 %
     AM        0.44       12.61        0.00       96.64 %
    all        0.19       11.10        0.00       98.29 %

    Total time in state (seconds)
    -----------------------------------------
            Pending     Running        Dead  
    -----------------------------------------
               1.36       77.71        0.00

    Data read    : 195.39 kiB
    Data written : 11.16 kiB

67: All pending notifications were processed.
INFO (IPF059): 67: Completed proof on task: "mytask"
cover -name CS_div_fsm_s3_69 {@(posedge clk_i) !div_fsm_s3 ##1 div_fsm_s3 [*69] ##1 !div_fsm_s3 }
INFO (IPF036): Starting proof on task: "mytask", 1 properties to prove with 0 already proven/unreachable
INFO (IPF031): Settings used for proof thread 68:
    orchestration                 = on (auto)
    time_limit                    = 600s
    per_property_time_limit       = 1s * 10 ^ scan
    engine_mode                   = auto
    proofgrid_per_engine_max_jobs = 1
    max engine jobs               = auto
    proofgrid_mode                = local
    proofgrid_restarts            = 10
68: Using multistage preprocessing
68: Starting reduce
68: Finished reduce in 0.043s
68.0.PRE: Performing Proof Simplification...
68.0.N: clocks: 1, declared: 1, looping: 0, posedge: 1, negedge: 0, noedge: 0, bothedge: 0
68.0.N: Proof Simplification Iteration 1	[0.00 s]
68.0.N: Proof Simplification Iteration 2	[0.04 s]
68.0.N: Proof Simplification Iteration 3	[0.06 s]
68.0.N: Proof Simplification Iteration 4	[0.07 s]
68.0.N: Proof Simplification Iteration 5	[0.09 s]
68.0.N: Proof Simplification Iteration 6	[0.11 s]
68.0.N: Proof Simplification Iteration 7	[0.13 s]
68.0.N: Proof Simplification Iteration 8	[0.15 s]
68.0.N: Proof Simplification Iteration 9	[0.17 s]
68.0.N: Proof Simplification Iteration 10	[0.18 s]
68.0.PRE: Proof Simplification completed in 0.23 s
68: About to start ProofGrid in its own thread with a limit of 10000 pending notifications and a limit of 10 traces.
68: =============================== ProofGrid start ===============================
68: ProofGrid usable level: 1
68: Initial ProofGrid level: 1
68: ProofGrid is starting event handling
68.0.N: caddy15.stanford.edu: "Rocky Linux 8.10 (Green Obsidian)" is an unsupported operating system.
68.0.Hp: caddy15.stanford.edu: "Rocky Linux 8.10 (Green Obsidian)" is an unsupported operating system.
68.0.Ht: caddy15.stanford.edu: "Rocky Linux 8.10 (Green Obsidian)" is an unsupported operating system.
68.0.Mpcustom4: caddy15.stanford.edu: "Rocky Linux 8.10 (Green Obsidian)" is an unsupported operating system.
68.0.N: Proofgrid shell started at 3452974@caddy15.stanford.edu(local) jg_3426522_caddy15.stanford.edu_69
68.0.Hp: Proofgrid shell started at 3452975@caddy15.stanford.edu(local) jg_3426522_caddy15.stanford.edu_69
68.0.N: clocks: 1, declared: 1, looping: 0, posedge: 1, negedge: 0, noedge: 0, bothedge: 0
68.0.Hp: clocks: 1, declared: 1, looping: 0, posedge: 1, negedge: 0, noedge: 0, bothedge: 0
68.0.Ht: Proofgrid shell started at 3452997@caddy15.stanford.edu(local) jg_3426522_caddy15.stanford.edu_69
68.0.N: Last scan. Per property time limit: 0s
68.0.N: Starting proof for property "CS_div_fsm_s3_69"	[0.00 s].
68.0.N: Trace Attempt  1	[0.00 s]
68.0.Ht: clocks: 1, declared: 1, looping: 0, posedge: 1, negedge: 0, noedge: 0, bothedge: 0
68.0.Mpcustom4: Proofgrid shell started at 3453016@caddy15.stanford.edu(local) jg_3426522_caddy15.stanford.edu_69
68.0.N: Trace Attempt  2	[0.01 s]
68.0.N: Trace Attempt  3	[0.01 s]
68.0.Mpcustom4: clocks: 1, declared: 1, looping: 0, posedge: 1, negedge: 0, noedge: 0, bothedge: 0
68.0.N: Trace Attempt  3	[0.04 s]
68.0.Ht: Trace Attempt  1	[0.04 s]
68.0.Ht: Trace Attempt  2	[0.04 s]
68.0.Ht: Trace Attempt  3	[0.04 s]
68.0.Ht: Trace Attempt  4	[0.05 s]
68.0.N: Trace Attempt  4	[0.06 s]
68.0.Ht: Trace Attempt  5	[0.06 s]
68.0.Mpcustom4: Trace Attempt  1	[0.04 s]
68.0.N: Trace Attempt  5	[0.06 s]
68.0.Mpcustom4: Trace Attempt  2	[0.06 s]
68.0.N: Trace Attempt  5	[0.12 s]
68.0.Oh: caddy15.stanford.edu: "Rocky Linux 8.10 (Green Obsidian)" is an unsupported operating system.
68.0.B: caddy15.stanford.edu: "Rocky Linux 8.10 (Green Obsidian)" is an unsupported operating system.
68.0.AM: caddy15.stanford.edu: "Rocky Linux 8.10 (Green Obsidian)" is an unsupported operating system.
68.0.Oh: Proofgrid shell started at 3453031@caddy15.stanford.edu(local) jg_3426522_caddy15.stanford.edu_69
68.0.B: Proofgrid shell started at 3453032@caddy15.stanford.edu(local) jg_3426522_caddy15.stanford.edu_69
68.0.Oh: clocks: 1, declared: 1, looping: 0, posedge: 1, negedge: 0, noedge: 0, bothedge: 0
68.0.AM: Proofgrid shell started at 3453037@caddy15.stanford.edu(local) jg_3426522_caddy15.stanford.edu_69
68.0.B: clocks: 1, declared: 1, looping: 0, posedge: 1, negedge: 0, noedge: 0, bothedge: 0
68.0.B: Last scan. Per property time limit: 0s
68.0.B: Starting proof for property "CS_div_fsm_s3_69"	[0.00 s].
68.0.AM: clocks: 1, declared: 1, looping: 0, posedge: 1, negedge: 0, noedge: 0, bothedge: 0
68.0.B: Trace Attempt  1	[0.01 s]
68.0.AM: Last scan. Per property time limit: 0s
68.0.AM: Starting proof for property "CS_div_fsm_s3_69"	[0.00 s].
68.0.AM: Trace Attempt  1	[0.00 s]
68.0.AM: Trace Attempt  2	[0.01 s]
68.0.B: Trace Attempt  2	[0.03 s]
68.0.B: Trace Attempt  3	[0.05 s]
68.0.AM: Trace Attempt  3	[0.04 s]
68.0.B: Trace Attempt  4	[0.08 s]
68.0.AM: Trace Attempt  4	[0.09 s]
68.0.Oh: bwd trail(1): 1 0.111233s
68.0.Oh: All properties either determined or skipped. [0.17 s]
68.0.Mpcustom4: Trace Attempt  3	[0.62 s]
68.0.Oh: Exited with Success (@ 0.67 s)
68.0.B: Trace Attempt  5	[0.15 s]
68.0.AM: Trace Attempt  5	[0.14 s]
68.0.Mpcustom4: Trace Attempt  3	[0.67 s]
68.0.Mpcustom4: Trace Attempt  4	[0.69 s]
68.0.Mpcustom4: Trace Attempt  4	[0.75 s]
68.0.Mpcustom4: Trace Attempt  5	[0.78 s]
68.0.N: Trace Attempt 29	[4.35 s]
68.0.AM: Trace Attempt 46	[4.16 s]
68.0.B: Trace Attempt 51	[4.23 s]
68.0.Mpcustom4: Trace Attempt 37	[4.78 s]
68.0.Ht: Trace Attempt 78	[6.82 s]
68.0.N: Trace Attempt 41	[8.84 s]
68.0.AM: Trace Attempt 69	[8.35 s]
68.0.Mpcustom4: Trace Attempt 50	[8.88 s]
68.0.B: Trace Attempt 78	[8.70 s]
68.0.Mpcustom4: Trace Attempt 56	[13.21 s]
68.0.N: Trace Attempt 49	[13.51 s]
68.0.N: Requesting engine job to stop
68.0.B: Requesting engine job to stop
68.0.AM: Requesting engine job to stop
68.0.Hp: Requesting engine job to terminate
68.0.Ht: Requesting engine job to terminate
68.0.Mpcustom4: Requesting engine job to terminate
INFO (IPF144): 68: Initiating shutdown of proof [15.00 s]
68.0.Ht: A trace with 78 cycles was found. [14.88 s]
INFO (IPF047): 68.0.Ht: The cover property "CS_div_fsm_s3_69" was covered in 78 cycles in 14.98 s.
68.0.Ht: All properties determined. [14.95 s]
68.0.N: Trace Attempt 53	[14.94 s]
68.0.N: Stopped processing property "CS_div_fsm_s3_69"	[15.01 s].
68.0.N: All properties determined. [14.98 s]
68.0.N: Exited with Success (@ 15.02 s)
68: ProofGrid usable level: 0
68.0.Hp: Interrupted (multi)
68.0.Hp: All properties determined. [15.02 s]
68.0.B: Stopped processing property "CS_div_fsm_s3_69"	[14.79 s].
68.0.B: All properties determined. [14.79 s]
68.0.B: Exited with Success (@ 15.36 s)
68.0.AM: Trace Attempt 76	[10.38 s]
68.0.AM: Stopped processing property "CS_div_fsm_s3_69"	[14.80 s].
68.0.AM: All properties determined. [14.79 s]
68.0.AM: Exited with Success (@ 15.38 s)
68.0.Mpcustom4: Trace Attempt 64	[13.71 s]
68.0.Mpcustom4: All properties determined. [15.48 s]
68.0.Mpcustom4: Exited with Success (@ 15.75 s)
68.0.Ht: Exited with Success (@ 15.81 s)
68.0.Hp: Exited with Success (@ 15.81 s)
68: --------------------------------------------------------------
ProofGrid Summary (utilization 97.96 %)
--------------------------------------------------------------
     engines started                               :     7
     engine jobs started                           :     7

    Average time in state (seconds)
    ------------------------------------------------------
    Engine  Pending     Running        Dead    Utilization
    ------------------------------------------------------
      N        0.10       14.99        0.00       99.32 %
     Hp        0.09       14.98        0.00       99.38 %
     Ht        0.08       14.97        0.00       99.44 %
    Mpcustom4        0.08       14.95        0.00       99.48 %
     Oh        0.48        0.18        0.00       27.12 %
      B        0.51       14.47        0.00       96.61 %
     AM        0.51       14.47        0.00       96.61 %
    all        0.26       12.71        0.00       97.96 %

    Total time in state (seconds)
    -----------------------------------------
            Pending     Running        Dead  
    -----------------------------------------
               1.85       89.00        0.00

    Data read    : 198.53 kiB
    Data written : 12.17 kiB

68: All pending notifications were processed.
INFO (IPF059): 68: Completed proof on task: "mytask"
cover -name CS_div_fsm_s3_70 {@(posedge clk_i) !div_fsm_s3 ##1 div_fsm_s3 [*70] ##1 !div_fsm_s3 }
INFO (IPF036): Starting proof on task: "mytask", 1 properties to prove with 0 already proven/unreachable
INFO (IPF031): Settings used for proof thread 69:
    orchestration                 = on (auto)
    time_limit                    = 600s
    per_property_time_limit       = 1s * 10 ^ scan
    engine_mode                   = auto
    proofgrid_per_engine_max_jobs = 1
    max engine jobs               = auto
    proofgrid_mode                = local
    proofgrid_restarts            = 10
69: Using multistage preprocessing
69: Starting reduce
69: Finished reduce in 0.044s
69.0.PRE: Performing Proof Simplification...
69.0.N: clocks: 1, declared: 1, looping: 0, posedge: 1, negedge: 0, noedge: 0, bothedge: 0
69.0.N: Proof Simplification Iteration 1	[0.00 s]
69.0.N: Proof Simplification Iteration 2	[0.04 s]
69.0.N: Proof Simplification Iteration 3	[0.06 s]
69.0.N: Proof Simplification Iteration 4	[0.07 s]
69.0.N: Proof Simplification Iteration 5	[0.09 s]
69.0.N: Proof Simplification Iteration 6	[0.11 s]
69.0.N: Proof Simplification Iteration 7	[0.13 s]
69.0.N: Proof Simplification Iteration 8	[0.15 s]
69.0.N: Proof Simplification Iteration 9	[0.17 s]
69.0.N: Proof Simplification Iteration 10	[0.18 s]
69.0.PRE: Proof Simplification completed in 0.23 s
69: About to start ProofGrid in its own thread with a limit of 10000 pending notifications and a limit of 10 traces.
69: =============================== ProofGrid start ===============================
69: ProofGrid usable level: 1
69: Initial ProofGrid level: 1
69: ProofGrid is starting event handling
69.0.N: caddy15.stanford.edu: "Rocky Linux 8.10 (Green Obsidian)" is an unsupported operating system.
69.0.Hp: caddy15.stanford.edu: "Rocky Linux 8.10 (Green Obsidian)" is an unsupported operating system.
69.0.Ht: caddy15.stanford.edu: "Rocky Linux 8.10 (Green Obsidian)" is an unsupported operating system.
69.0.Mpcustom4: caddy15.stanford.edu: "Rocky Linux 8.10 (Green Obsidian)" is an unsupported operating system.
69.0.N: Proofgrid shell started at 3453202@caddy15.stanford.edu(local) jg_3426522_caddy15.stanford.edu_70
69.0.Hp: Proofgrid shell started at 3453203@caddy15.stanford.edu(local) jg_3426522_caddy15.stanford.edu_70
69.0.Oh: caddy15.stanford.edu: "Rocky Linux 8.10 (Green Obsidian)" is an unsupported operating system.
69.0.N: clocks: 1, declared: 1, looping: 0, posedge: 1, negedge: 0, noedge: 0, bothedge: 0
69.0.Hp: clocks: 1, declared: 1, looping: 0, posedge: 1, negedge: 0, noedge: 0, bothedge: 0
69.0.N: Last scan. Per property time limit: 0s
69.0.N: Starting proof for property "CS_div_fsm_s3_70"	[0.00 s].
69.0.Ht: Proofgrid shell started at 3453225@caddy15.stanford.edu(local) jg_3426522_caddy15.stanford.edu_70
69.0.B: caddy15.stanford.edu: "Rocky Linux 8.10 (Green Obsidian)" is an unsupported operating system.
69.0.AM: caddy15.stanford.edu: "Rocky Linux 8.10 (Green Obsidian)" is an unsupported operating system.
69.0.N: Trace Attempt  1	[0.01 s]
69.0.N: Trace Attempt  2	[0.01 s]
69.0.N: Trace Attempt  3	[0.01 s]
69.0.Ht: clocks: 1, declared: 1, looping: 0, posedge: 1, negedge: 0, noedge: 0, bothedge: 0
69.0.Mpcustom4: Proofgrid shell started at 3453245@caddy15.stanford.edu(local) jg_3426522_caddy15.stanford.edu_70
69.0.Mpcustom4: clocks: 1, declared: 1, looping: 0, posedge: 1, negedge: 0, noedge: 0, bothedge: 0
69.0.Oh: Proofgrid shell started at 3453261@caddy15.stanford.edu(local) jg_3426522_caddy15.stanford.edu_70
69.0.N: Trace Attempt  3	[0.04 s]
69.0.Ht: Trace Attempt  1	[0.04 s]
69.0.Ht: Trace Attempt  2	[0.04 s]
69.0.Ht: Trace Attempt  3	[0.04 s]
69.0.Oh: clocks: 1, declared: 1, looping: 0, posedge: 1, negedge: 0, noedge: 0, bothedge: 0
69.0.Ht: Trace Attempt  4	[0.04 s]
69.0.N: Trace Attempt  4	[0.06 s]
69.0.N: Trace Attempt  5	[0.06 s]
69.0.B: Proofgrid shell started at 3453275@caddy15.stanford.edu(local) jg_3426522_caddy15.stanford.edu_70
69.0.AM: Proofgrid shell started at 3453278@caddy15.stanford.edu(local) jg_3426522_caddy15.stanford.edu_70
69.0.Ht: Trace Attempt  5	[0.05 s]
69.0.Mpcustom4: Trace Attempt  1	[0.04 s]
69.0.AM: clocks: 1, declared: 1, looping: 0, posedge: 1, negedge: 0, noedge: 0, bothedge: 0
69.0.B: clocks: 1, declared: 1, looping: 0, posedge: 1, negedge: 0, noedge: 0, bothedge: 0
69.0.AM: Last scan. Per property time limit: 0s
69.0.AM: Starting proof for property "CS_div_fsm_s3_70"	[0.00 s].
69.0.B: Last scan. Per property time limit: 0s
69.0.B: Starting proof for property "CS_div_fsm_s3_70"	[0.00 s].
69.0.AM: Trace Attempt  1	[0.00 s]
69.0.Mpcustom4: Trace Attempt  2	[0.06 s]
69.0.AM: Trace Attempt  2	[0.01 s]
69.0.B: Trace Attempt  1	[0.01 s]
69.0.B: Trace Attempt  2	[0.01 s]
69.0.B: Trace Attempt  3	[0.02 s]
69.0.AM: Trace Attempt  3	[0.03 s]
69.0.B: Trace Attempt  4	[0.04 s]
69.0.N: Trace Attempt  5	[0.12 s]
69.0.AM: Trace Attempt  4	[0.06 s]
69.0.B: Trace Attempt  5	[0.07 s]
69.0.AM: Trace Attempt  5	[0.08 s]
69.0.Oh: bwd trail(1): 1 0.10871s
69.0.Oh: All properties either determined or skipped. [0.13 s]
69.0.Oh: Exited with Success (@ 0.20 s)
69.0.Mpcustom4: Trace Attempt  3	[0.60 s]
69.0.Mpcustom4: Trace Attempt  3	[0.65 s]
69.0.Mpcustom4: Trace Attempt  4	[0.67 s]
69.0.Mpcustom4: Trace Attempt  4	[0.72 s]
69.0.Mpcustom4: Trace Attempt  5	[0.75 s]
69.0.AM: Trace Attempt 47	[4.10 s]
69.0.B: Trace Attempt 52	[4.12 s]
69.0.N: Trace Attempt 27	[4.52 s]
69.0.Mpcustom4: Trace Attempt 39	[4.81 s]
69.0.Ht: Trace Attempt 79	[6.68 s]
69.0.AM: Trace Attempt 69	[8.22 s]
69.0.N: Trace Attempt 39	[8.96 s]
69.0.B: Trace Attempt 79	[9.04 s]
69.0.Mpcustom4: Trace Attempt 52	[9.39 s]
69.0.N: Trace Attempt 48	[13.28 s]
69.0.Mpcustom4: Trace Attempt 64	[14.42 s]
69.0.N: Trace Attempt 55	[17.69 s]
69.0.Mpcustom4: Trace Attempt 73	[18.85 s]
69.0.N: Trace Attempt 62	[21.87 s]
69.0.N: Trace Attempt 67	[25.97 s]
69.0.Mpcustom4: Trace Attempt 74	[29.40 s]
69.0.N: Trace Attempt 73	[30.96 s]
69.0.Mpcustom4: Trace Attempt 75	[33.43 s]
69.0.AM: Trace Attempt 78	[35.06 s]
69.0.N: Trace Attempt 77	[35.37 s]
69.0.Mpcustom4: Trace Attempt 77	[39.35 s]
69.0.N: Trace Attempt 78	[41.94 s]
69.0.Mpcustom4: Trace Attempt 77	[43.98 s]
69.0.N: Trace Attempt 79	[49.52 s]
69.0.Mpcustom4: Trace Attempt 77	[50.36 s]
69.0.Mpcustom4: Trace Attempt 78	[55.42 s]
69.0.Mpcustom4: Trace Attempt 78	[60.55 s]
69.0.Mpcustom4: Trace Attempt 79	[66.83 s]
69.0.N: Requesting engine job to stop
69.0.B: Requesting engine job to stop
69.0.AM: Requesting engine job to stop
69.0.Hp: Requesting engine job to terminate
69.0.Ht: Requesting engine job to terminate
69.0.Mpcustom4: Requesting engine job to terminate
INFO (IPF144): 69: Initiating shutdown of proof [70.04 s]
69.0.B: A trace with 79 cycles was found. [69.92 s]
INFO (IPF047): 69.0.B: The cover property "CS_div_fsm_s3_70" was covered in 79 cycles in 69.97 s.
69.0.B: Stopped processing property "CS_div_fsm_s3_70"	[69.97 s].
69.0.B: All properties determined. [69.95 s]
69.0.Hp: Interrupted (multi)
69.0.Hp: All properties determined. [70.04 s]
69.0.Ht: Interrupted (multi)
69.0.Ht: All properties determined. [70.03 s]
69.0.B: Exited with Success (@ 70.06 s)
69: ProofGrid usable level: 0
69.0.N: Stopped processing property "CS_div_fsm_s3_70"	[70.30 s].
69.0.N: All properties determined. [70.30 s]
69.0.Hp: Exited with Success (@ 70.39 s)
69.0.N: Exited with Success (@ 70.39 s)
69.0.Ht: Exited with Success (@ 70.45 s)
69.0.Mpcustom4: All properties determined. [70.48 s]
69.0.AM: Trace Attempt 79	[37.55 s]
69.0.AM: Stopped processing property "CS_div_fsm_s3_70"	[70.88 s].
69.0.Mpcustom4: Exited with Success (@ 70.98 s)
69.0.AM: All properties determined. [70.88 s]
69.0.AM: Exited with Success (@ 71.00 s)
69: --------------------------------------------------------------
ProofGrid Summary (utilization 99.86 %)
--------------------------------------------------------------
     engines started                               :     7
     engine jobs started                           :     7

    Average time in state (seconds)
    ------------------------------------------------------
    Engine  Pending     Running        Dead    Utilization
    ------------------------------------------------------
      N        0.11       70.03        0.00       99.85 %
     Hp        0.08       70.03        0.00       99.88 %
     Ht        0.08       70.01        0.00       99.89 %
    Mpcustom4        0.08       69.99        0.00       99.89 %
     Oh        0.07        0.13        0.00       62.72 %
      B        0.08       69.95        0.00       99.89 %
     AM        0.08       69.95        0.00       99.89 %
    all        0.08       60.02        0.00       99.86 %

    Total time in state (seconds)
    -----------------------------------------
            Pending     Running        Dead  
    -----------------------------------------
               0.58      420.11        0.00

    Data read    : 258.86 kiB
    Data written : 29.28 kiB

69: All pending notifications were processed.
INFO (IPF059): 69: Completed proof on task: "mytask"
=========EXIT CUSTOMTCL=========
[mytask] % INFO (IPL005): Received request to exit from the console.
INFO (IPL014): Waiting for the Tcl-thread to exit.
INFO: Waiting for proof threads to stop...
INFO: Proof threads stopped.
INFO (IPL018): The peak resident set memory use for this session was 3.389 GB.
INFO (IPL015): The Tcl-thread exited with status 0.
INFO (IPL016): Exiting the analysis session with status 0.
./RUN_JG.sh -j ./synthlc/i_DIV_out/xEnumCycleCnt -s ./synthlc/i_DIV_out/xEnumCycleCnt/out/div_fsm_s3.sv -t ./synthlc/i_DIV_out/xEnumCycleCnt/out/div_fsm_s3.tcl -g 0
