[RUN_JG] ./synthlc/i_DIV_out/xEnumCycleCnt/div_fsm_s13_update_file_.sh
SYMBOLIC? 0
[RUN_JG] SVA is ./synthlc/i_DIV_out/xEnumCycleCnt/out/div_fsm_s13.sv
[RUN_JG] HDLF is ./synthlc/i_DIV_out/xEnumCycleCnt/div_fsm_s13_hdls.f
[RUN_JG] ADD DEFINE
====================
====================
[RUN_JG] TCLF is ./synthlc/i_DIV_out/xEnumCycleCnt/div_fsm_s13_.tcl
CHECK ASSUMPTION!

[RUN_JG] CMDTASK: task -create mytask -copy_assumes   -regexp
[RUN_JG] no gui
[RUN_JG] jg -no_gui -fpv ./synthlc/i_DIV_out/xEnumCycleCnt/div_fsm_s13_.tcl -proj ./synthlc/i_DIV_out/xEnumCycleCnt/div_fsm_s13_jgsession_26-02-25-23_54_07
Jasper Apps 2023.12p001 64 bits 2024.01.23 16:09:24 UTC

Any disclosure about the Cadence Design Systems software or its use
model to any third party violates the written Non-Disclosure Agreement
between Cadence Design Systems, Inc. and the customer.

THIS SOFTWARE CONTAINS CONFIDENTIAL INFORMATION AND TRADE SECRETS OF
CADENCE DESIGN SYSTEMS, INC. USE, DISCLOSURE, OR REPRODUCTION IS
PROHIBITED WITHOUT THE PRIOR EXPRESS WRITTEN PERMISSION OF CADENCE
DESIGN SYSTEMS, INC.

Copyright (C) 2000-2023 Cadence Design Systems, Inc. All Rights
Reserved.  Unpublished -- rights reserved under the copyright laws of
the United States.

This product includes software developed by others and redistributed
according to license agreement. See doc/third_party_readme.txt for
further details.

RESTRICTED RIGHTS LEGEND

Use, duplication, or disclosure by the Government is subject to
restrictions as set forth in subparagraph (c) (1) (ii) of the Rights in
Technical Data and Computer Software clause at DFARS 252.227-7013 or
subparagraphs (c) (1) and (2) of Commercial Computer Software -- Restricted
Rights at 48 CFR 52.227-19, as applicable.


                          Cadence Design Systems, Inc.
                          2655 Seely Avenue
                          San Jose, CA 95134
                          Phone: 408.943.1234

For technical assistance visit http://support.cadence.com.

Jasper Apps Analysis Session - /home/users/ngpark/SynthLC/fv/synthlc/i_DIV_out/xEnumCycleCnt/div_fsm_s13_jgsession_26-02-25-23_54_07/sessionLogs/session_0

INFO: successfully checked out licenses "jasper_interactive" and "jasper_fao".
INFO: reading configuration file "/home/users/ngpark/.config/cadence/jasper.conf".
% # Run JG with a TCl file: jg jg_test.tcl
% set assert_report_incompletes 1
1
% set RTL_DIR /home/users/ngpark/ibex
/home/users/ngpark/ibex
% set SRCDIR /home/users/ngpark/ibex/rtl
/home/users/ngpark/ibex/rtl
% 
% ############
% set FPV 1
1
% set REACH 0
0
% set CUSTOMTCL 1
1
% ############
% exec ./synthlc/i_DIV_out/xEnumCycleCnt/div_fsm_s13_update_file_.sh
% # Analyze RTL files
% analyze -sv09 -f ./synthlc/i_DIV_out/xEnumCycleCnt/div_fsm_s13_hdls.f -y $SRCDIR +incdir+$SRCDIR
INFO (INL011): Processing "-f" file "/home/users/ngpark/SynthLC/fv/synthlc/i_DIV_out/xEnumCycleCnt/div_fsm_s13_hdls.f".
[-- (VERI-1482)] Analyzing Verilog file '/cad/cadence/jasper_2023.12p001/lib/verilog/packages/std/std.sv' into library 'std'
[-- (VERI-1482)] Analyzing Verilog file '/home/users/ngpark/ibex/rtl/ibex_pkg.sv'
[WARN (VERI-2418)] /home/users/ngpark/ibex/rtl/ibex_pkg.sv(381): parameter 'ADDR_W' declared inside package 'ibex_pkg' shall be treated as localparam
[WARN (VERI-2418)] /home/users/ngpark/ibex/rtl/ibex_pkg.sv(382): parameter 'BUS_SIZE' declared inside package 'ibex_pkg' shall be treated as localparam
[WARN (VERI-2418)] /home/users/ngpark/ibex/rtl/ibex_pkg.sv(383): parameter 'BUS_BYTES' declared inside package 'ibex_pkg' shall be treated as localparam
[WARN (VERI-2418)] /home/users/ngpark/ibex/rtl/ibex_pkg.sv(384): parameter 'BUS_W' declared inside package 'ibex_pkg' shall be treated as localparam
[WARN (VERI-2418)] /home/users/ngpark/ibex/rtl/ibex_pkg.sv(385): parameter 'IC_SIZE_BYTES' declared inside package 'ibex_pkg' shall be treated as localparam
[WARN (VERI-2418)] /home/users/ngpark/ibex/rtl/ibex_pkg.sv(386): parameter 'IC_NUM_WAYS' declared inside package 'ibex_pkg' shall be treated as localparam
[WARN (VERI-2418)] /home/users/ngpark/ibex/rtl/ibex_pkg.sv(387): parameter 'IC_LINE_SIZE' declared inside package 'ibex_pkg' shall be treated as localparam
[WARN (VERI-2418)] /home/users/ngpark/ibex/rtl/ibex_pkg.sv(388): parameter 'IC_LINE_BYTES' declared inside package 'ibex_pkg' shall be treated as localparam
[WARN (VERI-2418)] /home/users/ngpark/ibex/rtl/ibex_pkg.sv(389): parameter 'IC_LINE_W' declared inside package 'ibex_pkg' shall be treated as localparam
[WARN (VERI-2418)] /home/users/ngpark/ibex/rtl/ibex_pkg.sv(390): parameter 'IC_NUM_LINES' declared inside package 'ibex_pkg' shall be treated as localparam
[WARN (VERI-2418)] /home/users/ngpark/ibex/rtl/ibex_pkg.sv(391): parameter 'IC_LINE_BEATS' declared inside package 'ibex_pkg' shall be treated as localparam
[WARN (VERI-2418)] /home/users/ngpark/ibex/rtl/ibex_pkg.sv(392): parameter 'IC_LINE_BEATS_W' declared inside package 'ibex_pkg' shall be treated as localparam
[WARN (VERI-2418)] /home/users/ngpark/ibex/rtl/ibex_pkg.sv(393): parameter 'IC_INDEX_W' declared inside package 'ibex_pkg' shall be treated as localparam
[WARN (VERI-2418)] /home/users/ngpark/ibex/rtl/ibex_pkg.sv(394): parameter 'IC_INDEX_HI' declared inside package 'ibex_pkg' shall be treated as localparam
[WARN (VERI-2418)] /home/users/ngpark/ibex/rtl/ibex_pkg.sv(395): parameter 'IC_TAG_SIZE' declared inside package 'ibex_pkg' shall be treated as localparam
[WARN (VERI-2418)] /home/users/ngpark/ibex/rtl/ibex_pkg.sv(396): parameter 'IC_OUTPUT_BEATS' declared inside package 'ibex_pkg' shall be treated as localparam
[WARN (VERI-2418)] /home/users/ngpark/ibex/rtl/ibex_pkg.sv(398): parameter 'SCRAMBLE_KEY_W' declared inside package 'ibex_pkg' shall be treated as localparam
[WARN (VERI-2418)] /home/users/ngpark/ibex/rtl/ibex_pkg.sv(399): parameter 'SCRAMBLE_NONCE_W' declared inside package 'ibex_pkg' shall be treated as localparam
[WARN (VERI-2418)] /home/users/ngpark/ibex/rtl/ibex_pkg.sv(402): parameter 'PMP_MAX_REGIONS' declared inside package 'ibex_pkg' shall be treated as localparam
[WARN (VERI-2418)] /home/users/ngpark/ibex/rtl/ibex_pkg.sv(403): parameter 'PMP_CFG_W' declared inside package 'ibex_pkg' shall be treated as localparam
[WARN (VERI-2418)] /home/users/ngpark/ibex/rtl/ibex_pkg.sv(406): parameter 'PMP_ADDR_MSB' declared inside package 'ibex_pkg' shall be treated as localparam
[WARN (VERI-2418)] /home/users/ngpark/ibex/rtl/ibex_pkg.sv(409): parameter 'PMP_ADDR_LSB' declared inside package 'ibex_pkg' shall be treated as localparam
[WARN (VERI-2418)] /home/users/ngpark/ibex/rtl/ibex_pkg.sv(412): parameter 'PMP_I' declared inside package 'ibex_pkg' shall be treated as localparam
[WARN (VERI-2418)] /home/users/ngpark/ibex/rtl/ibex_pkg.sv(413): parameter 'PMP_I2' declared inside package 'ibex_pkg' shall be treated as localparam
[WARN (VERI-2418)] /home/users/ngpark/ibex/rtl/ibex_pkg.sv(414): parameter 'PMP_D' declared inside package 'ibex_pkg' shall be treated as localparam
[WARN (VERI-2418)] /home/users/ngpark/ibex/rtl/ibex_pkg.sv(614): parameter 'CSR_OFF_PMP_CFG' declared inside package 'ibex_pkg' shall be treated as localparam
[WARN (VERI-2418)] /home/users/ngpark/ibex/rtl/ibex_pkg.sv(615): parameter 'CSR_OFF_PMP_ADDR' declared inside package 'ibex_pkg' shall be treated as localparam
[WARN (VERI-2418)] /home/users/ngpark/ibex/rtl/ibex_pkg.sv(618): parameter 'CSR_MSTATUS_MIE_BIT' declared inside package 'ibex_pkg' shall be treated as localparam
[WARN (VERI-2418)] /home/users/ngpark/ibex/rtl/ibex_pkg.sv(619): parameter 'CSR_MSTATUS_MPIE_BIT' declared inside package 'ibex_pkg' shall be treated as localparam
[WARN (VERI-2418)] /home/users/ngpark/ibex/rtl/ibex_pkg.sv(620): parameter 'CSR_MSTATUS_MPP_BIT_LOW' declared inside package 'ibex_pkg' shall be treated as localparam
[WARN (VERI-2418)] /home/users/ngpark/ibex/rtl/ibex_pkg.sv(621): parameter 'CSR_MSTATUS_MPP_BIT_HIGH' declared inside package 'ibex_pkg' shall be treated as localparam
[WARN (VERI-2418)] /home/users/ngpark/ibex/rtl/ibex_pkg.sv(622): parameter 'CSR_MSTATUS_MPRV_BIT' declared inside package 'ibex_pkg' shall be treated as localparam
[WARN (VERI-2418)] /home/users/ngpark/ibex/rtl/ibex_pkg.sv(623): parameter 'CSR_MSTATUS_TW_BIT' declared inside package 'ibex_pkg' shall be treated as localparam
[WARN (VERI-2418)] /home/users/ngpark/ibex/rtl/ibex_pkg.sv(626): parameter 'CSR_MISA_MXL' declared inside package 'ibex_pkg' shall be treated as localparam
[WARN (VERI-2418)] /home/users/ngpark/ibex/rtl/ibex_pkg.sv(629): parameter 'CSR_MSIX_BIT' declared inside package 'ibex_pkg' shall be treated as localparam
[WARN (VERI-2418)] /home/users/ngpark/ibex/rtl/ibex_pkg.sv(630): parameter 'CSR_MTIX_BIT' declared inside package 'ibex_pkg' shall be treated as localparam
[WARN (VERI-2418)] /home/users/ngpark/ibex/rtl/ibex_pkg.sv(631): parameter 'CSR_MEIX_BIT' declared inside package 'ibex_pkg' shall be treated as localparam
[WARN (VERI-2418)] /home/users/ngpark/ibex/rtl/ibex_pkg.sv(632): parameter 'CSR_MFIX_BIT_LOW' declared inside package 'ibex_pkg' shall be treated as localparam
[WARN (VERI-2418)] /home/users/ngpark/ibex/rtl/ibex_pkg.sv(633): parameter 'CSR_MFIX_BIT_HIGH' declared inside package 'ibex_pkg' shall be treated as localparam
[WARN (VERI-2418)] /home/users/ngpark/ibex/rtl/ibex_pkg.sv(636): parameter 'CSR_MSECCFG_MML_BIT' declared inside package 'ibex_pkg' shall be treated as localparam
[WARN (VERI-2418)] /home/users/ngpark/ibex/rtl/ibex_pkg.sv(637): parameter 'CSR_MSECCFG_MMWP_BIT' declared inside package 'ibex_pkg' shall be treated as localparam
[WARN (VERI-2418)] /home/users/ngpark/ibex/rtl/ibex_pkg.sv(638): parameter 'CSR_MSECCFG_RLB_BIT' declared inside package 'ibex_pkg' shall be treated as localparam
[WARN (VERI-2418)] /home/users/ngpark/ibex/rtl/ibex_pkg.sv(653): parameter 'LfsrWidth' declared inside package 'ibex_pkg' shall be treated as localparam
[WARN (VERI-2418)] /home/users/ngpark/ibex/rtl/ibex_pkg.sv(656): parameter 'RndCnstLfsrSeedDefault' declared inside package 'ibex_pkg' shall be treated as localparam
[WARN (VERI-2418)] /home/users/ngpark/ibex/rtl/ibex_pkg.sv(657): parameter 'RndCnstLfsrPermDefault' declared inside package 'ibex_pkg' shall be treated as localparam
[WARN (VERI-2418)] /home/users/ngpark/ibex/rtl/ibex_pkg.sv(660): parameter 'RndCnstIbexKeyDefault' declared inside package 'ibex_pkg' shall be treated as localparam
[WARN (VERI-2418)] /home/users/ngpark/ibex/rtl/ibex_pkg.sv(662): parameter 'RndCnstIbexNonceDefault' declared inside package 'ibex_pkg' shall be treated as localparam
[WARN (VERI-2418)] /home/users/ngpark/ibex/rtl/ibex_pkg.sv(667): parameter 'IbexMuBiWidth' declared inside package 'ibex_pkg' shall be treated as localparam
[WARN (VERI-2418)] /home/users/ngpark/ibex/rtl/ibex_pkg.sv(674): parameter 'IbexMuBiOn' declared inside package 'ibex_pkg' shall be treated as localparam
[WARN (VERI-2418)] /home/users/ngpark/ibex/rtl/ibex_pkg.sv(675): parameter 'IbexMuBiOff' declared inside package 'ibex_pkg' shall be treated as localparam
[WARN (VERI-2418)] /home/users/ngpark/ibex/rtl/ibex_pkg.sv(684): parameter 'PmpCfgRst' declared inside package 'ibex_pkg' shall be treated as localparam
[WARN (VERI-2418)] /home/users/ngpark/ibex/rtl/ibex_pkg.sv(706): parameter 'PmpAddrRst' declared inside package 'ibex_pkg' shall be treated as localparam
[WARN (VERI-2418)] /home/users/ngpark/ibex/rtl/ibex_pkg.sv(725): parameter 'PmpMseccfgRst' declared inside package 'ibex_pkg' shall be treated as localparam
[-- (VERI-1482)] Analyzing Verilog file '/home/users/ngpark/ibex/rtl/ibex_tracer_pkg.sv'
[WARN (VERI-2418)] /home/users/ngpark/ibex/rtl/ibex_tracer_pkg.sv(9): parameter 'OPCODE_C0' declared inside package 'ibex_tracer_pkg' shall be treated as localparam
[WARN (VERI-2418)] /home/users/ngpark/ibex/rtl/ibex_tracer_pkg.sv(10): parameter 'OPCODE_C1' declared inside package 'ibex_tracer_pkg' shall be treated as localparam
[WARN (VERI-2418)] /home/users/ngpark/ibex/rtl/ibex_tracer_pkg.sv(11): parameter 'OPCODE_C2' declared inside package 'ibex_tracer_pkg' shall be treated as localparam
[WARN (VERI-2418)] /home/users/ngpark/ibex/rtl/ibex_tracer_pkg.sv(14): parameter 'INSN_LUI' declared inside package 'ibex_tracer_pkg' shall be treated as localparam
[WARN (VERI-2418)] /home/users/ngpark/ibex/rtl/ibex_tracer_pkg.sv(15): parameter 'INSN_AUIPC' declared inside package 'ibex_tracer_pkg' shall be treated as localparam
[WARN (VERI-2418)] /home/users/ngpark/ibex/rtl/ibex_tracer_pkg.sv(16): parameter 'INSN_JAL' declared inside package 'ibex_tracer_pkg' shall be treated as localparam
[WARN (VERI-2418)] /home/users/ngpark/ibex/rtl/ibex_tracer_pkg.sv(17): parameter 'INSN_JALR' declared inside package 'ibex_tracer_pkg' shall be treated as localparam
[WARN (VERI-2418)] /home/users/ngpark/ibex/rtl/ibex_tracer_pkg.sv(20): parameter 'INSN_BEQ' declared inside package 'ibex_tracer_pkg' shall be treated as localparam
[WARN (VERI-2418)] /home/users/ngpark/ibex/rtl/ibex_tracer_pkg.sv(21): parameter 'INSN_BNE' declared inside package 'ibex_tracer_pkg' shall be treated as localparam
[WARN (VERI-2418)] /home/users/ngpark/ibex/rtl/ibex_tracer_pkg.sv(22): parameter 'INSN_BLT' declared inside package 'ibex_tracer_pkg' shall be treated as localparam
[WARN (VERI-2418)] /home/users/ngpark/ibex/rtl/ibex_tracer_pkg.sv(23): parameter 'INSN_BGE' declared inside package 'ibex_tracer_pkg' shall be treated as localparam
[WARN (VERI-2418)] /home/users/ngpark/ibex/rtl/ibex_tracer_pkg.sv(24): parameter 'INSN_BLTU' declared inside package 'ibex_tracer_pkg' shall be treated as localparam
[WARN (VERI-2418)] /home/users/ngpark/ibex/rtl/ibex_tracer_pkg.sv(25): parameter 'INSN_BGEU' declared inside package 'ibex_tracer_pkg' shall be treated as localparam
[WARN (VERI-2418)] /home/users/ngpark/ibex/rtl/ibex_tracer_pkg.sv(28): parameter 'INSN_ADDI' declared inside package 'ibex_tracer_pkg' shall be treated as localparam
[WARN (VERI-2418)] /home/users/ngpark/ibex/rtl/ibex_tracer_pkg.sv(29): parameter 'INSN_SLTI' declared inside package 'ibex_tracer_pkg' shall be treated as localparam
[WARN (VERI-2418)] /home/users/ngpark/ibex/rtl/ibex_tracer_pkg.sv(30): parameter 'INSN_SLTIU' declared inside package 'ibex_tracer_pkg' shall be treated as localparam
[WARN (VERI-2418)] /home/users/ngpark/ibex/rtl/ibex_tracer_pkg.sv(31): parameter 'INSN_XORI' declared inside package 'ibex_tracer_pkg' shall be treated as localparam
[WARN (VERI-2418)] /home/users/ngpark/ibex/rtl/ibex_tracer_pkg.sv(32): parameter 'INSN_ORI' declared inside package 'ibex_tracer_pkg' shall be treated as localparam
[WARN (VERI-2418)] /home/users/ngpark/ibex/rtl/ibex_tracer_pkg.sv(33): parameter 'INSN_ANDI' declared inside package 'ibex_tracer_pkg' shall be treated as localparam
[WARN (VERI-2418)] /home/users/ngpark/ibex/rtl/ibex_tracer_pkg.sv(34): parameter 'INSN_SLLI' declared inside package 'ibex_tracer_pkg' shall be treated as localparam
[WARN (VERI-2418)] /home/users/ngpark/ibex/rtl/ibex_tracer_pkg.sv(35): parameter 'INSN_SRLI' declared inside package 'ibex_tracer_pkg' shall be treated as localparam
[WARN (VERI-2418)] /home/users/ngpark/ibex/rtl/ibex_tracer_pkg.sv(36): parameter 'INSN_SRAI' declared inside package 'ibex_tracer_pkg' shall be treated as localparam
[WARN (VERI-2418)] /home/users/ngpark/ibex/rtl/ibex_tracer_pkg.sv(39): parameter 'INSN_ADD' declared inside package 'ibex_tracer_pkg' shall be treated as localparam
[WARN (VERI-2418)] /home/users/ngpark/ibex/rtl/ibex_tracer_pkg.sv(40): parameter 'INSN_SUB' declared inside package 'ibex_tracer_pkg' shall be treated as localparam
[WARN (VERI-2418)] /home/users/ngpark/ibex/rtl/ibex_tracer_pkg.sv(41): parameter 'INSN_SLL' declared inside package 'ibex_tracer_pkg' shall be treated as localparam
[WARN (VERI-2418)] /home/users/ngpark/ibex/rtl/ibex_tracer_pkg.sv(42): parameter 'INSN_SLT' declared inside package 'ibex_tracer_pkg' shall be treated as localparam
[WARN (VERI-2418)] /home/users/ngpark/ibex/rtl/ibex_tracer_pkg.sv(43): parameter 'INSN_SLTU' declared inside package 'ibex_tracer_pkg' shall be treated as localparam
[WARN (VERI-2418)] /home/users/ngpark/ibex/rtl/ibex_tracer_pkg.sv(44): parameter 'INSN_XOR' declared inside package 'ibex_tracer_pkg' shall be treated as localparam
[WARN (VERI-2418)] /home/users/ngpark/ibex/rtl/ibex_tracer_pkg.sv(45): parameter 'INSN_SRL' declared inside package 'ibex_tracer_pkg' shall be treated as localparam
[WARN (VERI-2418)] /home/users/ngpark/ibex/rtl/ibex_tracer_pkg.sv(46): parameter 'INSN_SRA' declared inside package 'ibex_tracer_pkg' shall be treated as localparam
[WARN (VERI-2418)] /home/users/ngpark/ibex/rtl/ibex_tracer_pkg.sv(47): parameter 'INSN_OR' declared inside package 'ibex_tracer_pkg' shall be treated as localparam
[WARN (VERI-2418)] /home/users/ngpark/ibex/rtl/ibex_tracer_pkg.sv(48): parameter 'INSN_AND' declared inside package 'ibex_tracer_pkg' shall be treated as localparam
[WARN (VERI-2418)] /home/users/ngpark/ibex/rtl/ibex_tracer_pkg.sv(51): parameter 'INSN_CSRRW' declared inside package 'ibex_tracer_pkg' shall be treated as localparam
[WARN (VERI-2418)] /home/users/ngpark/ibex/rtl/ibex_tracer_pkg.sv(52): parameter 'INSN_CSRRS' declared inside package 'ibex_tracer_pkg' shall be treated as localparam
[WARN (VERI-2418)] /home/users/ngpark/ibex/rtl/ibex_tracer_pkg.sv(53): parameter 'INSN_CSRRC' declared inside package 'ibex_tracer_pkg' shall be treated as localparam
[WARN (VERI-2418)] /home/users/ngpark/ibex/rtl/ibex_tracer_pkg.sv(54): parameter 'INSN_CSRRWI' declared inside package 'ibex_tracer_pkg' shall be treated as localparam
[WARN (VERI-2418)] /home/users/ngpark/ibex/rtl/ibex_tracer_pkg.sv(55): parameter 'INSN_CSRRSI' declared inside package 'ibex_tracer_pkg' shall be treated as localparam
[WARN (VERI-2418)] /home/users/ngpark/ibex/rtl/ibex_tracer_pkg.sv(56): parameter 'INSN_CSRRCI' declared inside package 'ibex_tracer_pkg' shall be treated as localparam
[WARN (VERI-2418)] /home/users/ngpark/ibex/rtl/ibex_tracer_pkg.sv(57): parameter 'INSN_ECALL' declared inside package 'ibex_tracer_pkg' shall be treated as localparam
[WARN (VERI-2418)] /home/users/ngpark/ibex/rtl/ibex_tracer_pkg.sv(58): parameter 'INSN_EBREAK' declared inside package 'ibex_tracer_pkg' shall be treated as localparam
[WARN (VERI-2418)] /home/users/ngpark/ibex/rtl/ibex_tracer_pkg.sv(59): parameter 'INSN_MRET' declared inside package 'ibex_tracer_pkg' shall be treated as localparam
[WARN (VERI-2418)] /home/users/ngpark/ibex/rtl/ibex_tracer_pkg.sv(60): parameter 'INSN_DRET' declared inside package 'ibex_tracer_pkg' shall be treated as localparam
[WARN (VERI-2418)] /home/users/ngpark/ibex/rtl/ibex_tracer_pkg.sv(61): parameter 'INSN_WFI' declared inside package 'ibex_tracer_pkg' shall be treated as localparam
[WARN (VERI-2418)] /home/users/ngpark/ibex/rtl/ibex_tracer_pkg.sv(64): parameter 'INSN_DIV' declared inside package 'ibex_tracer_pkg' shall be treated as localparam
[WARN (VERI-2418)] /home/users/ngpark/ibex/rtl/ibex_tracer_pkg.sv(65): parameter 'INSN_DIVU' declared inside package 'ibex_tracer_pkg' shall be treated as localparam
[WARN (VERI-2418)] /home/users/ngpark/ibex/rtl/ibex_tracer_pkg.sv(66): parameter 'INSN_REM' declared inside package 'ibex_tracer_pkg' shall be treated as localparam
[WARN (VERI-2418)] /home/users/ngpark/ibex/rtl/ibex_tracer_pkg.sv(67): parameter 'INSN_REMU' declared inside package 'ibex_tracer_pkg' shall be treated as localparam
[WARN (VERI-2418)] /home/users/ngpark/ibex/rtl/ibex_tracer_pkg.sv(68): parameter 'INSN_PMUL' declared inside package 'ibex_tracer_pkg' shall be treated as localparam
[WARN (VERI-2418)] /home/users/ngpark/ibex/rtl/ibex_tracer_pkg.sv(69): parameter 'INSN_PMUH' declared inside package 'ibex_tracer_pkg' shall be treated as localparam
[WARN (VERI-2418)] /home/users/ngpark/ibex/rtl/ibex_tracer_pkg.sv(70): parameter 'INSN_PMULHSU' declared inside package 'ibex_tracer_pkg' shall be treated as localparam
[WARN (VERI-2418)] /home/users/ngpark/ibex/rtl/ibex_tracer_pkg.sv(71): parameter 'INSN_PMULHU' declared inside package 'ibex_tracer_pkg' shall be treated as localparam
[WARN (VERI-2418)] /home/users/ngpark/ibex/rtl/ibex_tracer_pkg.sv(75): parameter 'INSN_SH1ADD' declared inside package 'ibex_tracer_pkg' shall be treated as localparam
[WARN (VERI-2418)] /home/users/ngpark/ibex/rtl/ibex_tracer_pkg.sv(76): parameter 'INSN_SH2ADD' declared inside package 'ibex_tracer_pkg' shall be treated as localparam
[WARN (VERI-2418)] /home/users/ngpark/ibex/rtl/ibex_tracer_pkg.sv(77): parameter 'INSN_SH3ADD' declared inside package 'ibex_tracer_pkg' shall be treated as localparam
[WARN (VERI-2418)] /home/users/ngpark/ibex/rtl/ibex_tracer_pkg.sv(83): parameter 'INSN_RORI' declared inside package 'ibex_tracer_pkg' shall be treated as localparam
[WARN (VERI-2418)] /home/users/ngpark/ibex/rtl/ibex_tracer_pkg.sv(84): parameter 'INSN_CLZ' declared inside package 'ibex_tracer_pkg' shall be treated as localparam
[WARN (VERI-2418)] /home/users/ngpark/ibex/rtl/ibex_tracer_pkg.sv(85): parameter 'INSN_CTZ' declared inside package 'ibex_tracer_pkg' shall be treated as localparam
[WARN (VERI-2418)] /home/users/ngpark/ibex/rtl/ibex_tracer_pkg.sv(86): parameter 'INSN_CPOP' declared inside package 'ibex_tracer_pkg' shall be treated as localparam
[WARN (VERI-2418)] /home/users/ngpark/ibex/rtl/ibex_tracer_pkg.sv(87): parameter 'INSN_SEXTB' declared inside package 'ibex_tracer_pkg' shall be treated as localparam
[WARN (VERI-2418)] /home/users/ngpark/ibex/rtl/ibex_tracer_pkg.sv(88): parameter 'INSN_SEXTH' declared inside package 'ibex_tracer_pkg' shall be treated as localparam
[WARN (VERI-2418)] /home/users/ngpark/ibex/rtl/ibex_tracer_pkg.sv(100): parameter 'INSN_ROL' declared inside package 'ibex_tracer_pkg' shall be treated as localparam
[WARN (VERI-2418)] /home/users/ngpark/ibex/rtl/ibex_tracer_pkg.sv(101): parameter 'INSN_ROR' declared inside package 'ibex_tracer_pkg' shall be treated as localparam
[WARN (VERI-2418)] /home/users/ngpark/ibex/rtl/ibex_tracer_pkg.sv(102): parameter 'INSN_MIN' declared inside package 'ibex_tracer_pkg' shall be treated as localparam
[WARN (VERI-2418)] /home/users/ngpark/ibex/rtl/ibex_tracer_pkg.sv(103): parameter 'INSN_MAX' declared inside package 'ibex_tracer_pkg' shall be treated as localparam
[WARN (VERI-2418)] /home/users/ngpark/ibex/rtl/ibex_tracer_pkg.sv(104): parameter 'INSN_MINU' declared inside package 'ibex_tracer_pkg' shall be treated as localparam
[WARN (VERI-2418)] /home/users/ngpark/ibex/rtl/ibex_tracer_pkg.sv(105): parameter 'INSN_MAXU' declared inside package 'ibex_tracer_pkg' shall be treated as localparam
[WARN (VERI-2418)] /home/users/ngpark/ibex/rtl/ibex_tracer_pkg.sv(106): parameter 'INSN_XNOR' declared inside package 'ibex_tracer_pkg' shall be treated as localparam
[WARN (VERI-2418)] /home/users/ngpark/ibex/rtl/ibex_tracer_pkg.sv(107): parameter 'INSN_ORN' declared inside package 'ibex_tracer_pkg' shall be treated as localparam
[WARN (VERI-2418)] /home/users/ngpark/ibex/rtl/ibex_tracer_pkg.sv(108): parameter 'INSN_ANDN' declared inside package 'ibex_tracer_pkg' shall be treated as localparam
[WARN (VERI-2418)] /home/users/ngpark/ibex/rtl/ibex_tracer_pkg.sv(109): parameter 'INSN_PACK' declared inside package 'ibex_tracer_pkg' shall be treated as localparam
[WARN (VERI-2418)] /home/users/ngpark/ibex/rtl/ibex_tracer_pkg.sv(110): parameter 'INSN_PACKU' declared inside package 'ibex_tracer_pkg' shall be treated as localparam
[WARN (VERI-2418)] /home/users/ngpark/ibex/rtl/ibex_tracer_pkg.sv(111): parameter 'INSN_PACKH' declared inside package 'ibex_tracer_pkg' shall be treated as localparam
[WARN (VERI-2418)] /home/users/ngpark/ibex/rtl/ibex_tracer_pkg.sv(114): parameter 'INSN_BCLRI' declared inside package 'ibex_tracer_pkg' shall be treated as localparam
[WARN (VERI-2418)] /home/users/ngpark/ibex/rtl/ibex_tracer_pkg.sv(115): parameter 'INSN_BSETI' declared inside package 'ibex_tracer_pkg' shall be treated as localparam
[WARN (VERI-2418)] /home/users/ngpark/ibex/rtl/ibex_tracer_pkg.sv(116): parameter 'INSN_BINVI' declared inside package 'ibex_tracer_pkg' shall be treated as localparam
[WARN (VERI-2418)] /home/users/ngpark/ibex/rtl/ibex_tracer_pkg.sv(119): parameter 'INSN_BEXTI' declared inside package 'ibex_tracer_pkg' shall be treated as localparam
[WARN (VERI-2418)] /home/users/ngpark/ibex/rtl/ibex_tracer_pkg.sv(121): parameter 'INSN_BCLR' declared inside package 'ibex_tracer_pkg' shall be treated as localparam
[WARN (VERI-2418)] /home/users/ngpark/ibex/rtl/ibex_tracer_pkg.sv(122): parameter 'INSN_BSET' declared inside package 'ibex_tracer_pkg' shall be treated as localparam
[WARN (VERI-2418)] /home/users/ngpark/ibex/rtl/ibex_tracer_pkg.sv(123): parameter 'INSN_BINV' declared inside package 'ibex_tracer_pkg' shall be treated as localparam
[WARN (VERI-2418)] /home/users/ngpark/ibex/rtl/ibex_tracer_pkg.sv(124): parameter 'INSN_BEXT' declared inside package 'ibex_tracer_pkg' shall be treated as localparam
[WARN (VERI-2418)] /home/users/ngpark/ibex/rtl/ibex_tracer_pkg.sv(130): parameter 'INSN_GREVI' declared inside package 'ibex_tracer_pkg' shall be treated as localparam
[WARN (VERI-2418)] /home/users/ngpark/ibex/rtl/ibex_tracer_pkg.sv(132): parameter 'INSN_REV_P' declared inside package 'ibex_tracer_pkg' shall be treated as localparam
[WARN (VERI-2418)] /home/users/ngpark/ibex/rtl/ibex_tracer_pkg.sv(134): parameter 'INSN_REV2_N' declared inside package 'ibex_tracer_pkg' shall be treated as localparam
[WARN (VERI-2418)] /home/users/ngpark/ibex/rtl/ibex_tracer_pkg.sv(136): parameter 'INSN_REV_N' declared inside package 'ibex_tracer_pkg' shall be treated as localparam
[WARN (VERI-2418)] /home/users/ngpark/ibex/rtl/ibex_tracer_pkg.sv(138): parameter 'INSN_REV4_B' declared inside package 'ibex_tracer_pkg' shall be treated as localparam
[WARN (VERI-2418)] /home/users/ngpark/ibex/rtl/ibex_tracer_pkg.sv(140): parameter 'INSN_REV2_B' declared inside package 'ibex_tracer_pkg' shall be treated as localparam
[WARN (VERI-2418)] /home/users/ngpark/ibex/rtl/ibex_tracer_pkg.sv(142): parameter 'INSN_REV_B' declared inside package 'ibex_tracer_pkg' shall be treated as localparam
[WARN (VERI-2418)] /home/users/ngpark/ibex/rtl/ibex_tracer_pkg.sv(144): parameter 'INSN_REV8_H' declared inside package 'ibex_tracer_pkg' shall be treated as localparam
[WARN (VERI-2418)] /home/users/ngpark/ibex/rtl/ibex_tracer_pkg.sv(146): parameter 'INSN_REV4_H' declared inside package 'ibex_tracer_pkg' shall be treated as localparam
[WARN (VERI-2418)] /home/users/ngpark/ibex/rtl/ibex_tracer_pkg.sv(148): parameter 'INSN_REV2_H' declared inside package 'ibex_tracer_pkg' shall be treated as localparam
[WARN (VERI-2418)] /home/users/ngpark/ibex/rtl/ibex_tracer_pkg.sv(150): parameter 'INSN_REV_H' declared inside package 'ibex_tracer_pkg' shall be treated as localparam
[WARN (VERI-2418)] /home/users/ngpark/ibex/rtl/ibex_tracer_pkg.sv(152): parameter 'INSN_REV16' declared inside package 'ibex_tracer_pkg' shall be treated as localparam
[WARN (VERI-2418)] /home/users/ngpark/ibex/rtl/ibex_tracer_pkg.sv(154): parameter 'INSN_REV8' declared inside package 'ibex_tracer_pkg' shall be treated as localparam
[WARN (VERI-2418)] /home/users/ngpark/ibex/rtl/ibex_tracer_pkg.sv(156): parameter 'INSN_REV4' declared inside package 'ibex_tracer_pkg' shall be treated as localparam
[WARN (VERI-2418)] /home/users/ngpark/ibex/rtl/ibex_tracer_pkg.sv(158): parameter 'INSN_REV2' declared inside package 'ibex_tracer_pkg' shall be treated as localparam
[WARN (VERI-2418)] /home/users/ngpark/ibex/rtl/ibex_tracer_pkg.sv(160): parameter 'INSN_REV' declared inside package 'ibex_tracer_pkg' shall be treated as localparam
[WARN (VERI-2418)] /home/users/ngpark/ibex/rtl/ibex_tracer_pkg.sv(165): parameter 'INSN_GORCI' declared inside package 'ibex_tracer_pkg' shall be treated as localparam
[WARN (VERI-2418)] /home/users/ngpark/ibex/rtl/ibex_tracer_pkg.sv(167): parameter 'INSN_ORC_P' declared inside package 'ibex_tracer_pkg' shall be treated as localparam
[WARN (VERI-2418)] /home/users/ngpark/ibex/rtl/ibex_tracer_pkg.sv(169): parameter 'INSN_ORC2_N' declared inside package 'ibex_tracer_pkg' shall be treated as localparam
[WARN (VERI-2418)] /home/users/ngpark/ibex/rtl/ibex_tracer_pkg.sv(171): parameter 'INSN_ORC_N' declared inside package 'ibex_tracer_pkg' shall be treated as localparam
[WARN (VERI-2418)] /home/users/ngpark/ibex/rtl/ibex_tracer_pkg.sv(173): parameter 'INSN_ORC4_B' declared inside package 'ibex_tracer_pkg' shall be treated as localparam
[WARN (VERI-2418)] /home/users/ngpark/ibex/rtl/ibex_tracer_pkg.sv(175): parameter 'INSN_ORC2_B' declared inside package 'ibex_tracer_pkg' shall be treated as localparam
[WARN (VERI-2418)] /home/users/ngpark/ibex/rtl/ibex_tracer_pkg.sv(177): parameter 'INSN_ORC_B' declared inside package 'ibex_tracer_pkg' shall be treated as localparam
[WARN (VERI-2418)] /home/users/ngpark/ibex/rtl/ibex_tracer_pkg.sv(179): parameter 'INSN_ORC8_H' declared inside package 'ibex_tracer_pkg' shall be treated as localparam
[WARN (VERI-2418)] /home/users/ngpark/ibex/rtl/ibex_tracer_pkg.sv(181): parameter 'INSN_ORC4_H' declared inside package 'ibex_tracer_pkg' shall be treated as localparam
[WARN (VERI-2418)] /home/users/ngpark/ibex/rtl/ibex_tracer_pkg.sv(183): parameter 'INSN_ORC2_H' declared inside package 'ibex_tracer_pkg' shall be treated as localparam
[WARN (VERI-2418)] /home/users/ngpark/ibex/rtl/ibex_tracer_pkg.sv(185): parameter 'INSN_ORC_H' declared inside package 'ibex_tracer_pkg' shall be treated as localparam
[WARN (VERI-2418)] /home/users/ngpark/ibex/rtl/ibex_tracer_pkg.sv(187): parameter 'INSN_ORC16' declared inside package 'ibex_tracer_pkg' shall be treated as localparam
[WARN (VERI-2418)] /home/users/ngpark/ibex/rtl/ibex_tracer_pkg.sv(189): parameter 'INSN_ORC8' declared inside package 'ibex_tracer_pkg' shall be treated as localparam
[WARN (VERI-2418)] /home/users/ngpark/ibex/rtl/ibex_tracer_pkg.sv(191): parameter 'INSN_ORC4' declared inside package 'ibex_tracer_pkg' shall be treated as localparam
[WARN (VERI-2418)] /home/users/ngpark/ibex/rtl/ibex_tracer_pkg.sv(193): parameter 'INSN_ORC2' declared inside package 'ibex_tracer_pkg' shall be treated as localparam
[WARN (VERI-2418)] /home/users/ngpark/ibex/rtl/ibex_tracer_pkg.sv(195): parameter 'INSN_ORC' declared inside package 'ibex_tracer_pkg' shall be treated as localparam
[WARN (VERI-2418)] /home/users/ngpark/ibex/rtl/ibex_tracer_pkg.sv(198): parameter 'INSN_SHFLI' declared inside package 'ibex_tracer_pkg' shall be treated as localparam
[WARN (VERI-2418)] /home/users/ngpark/ibex/rtl/ibex_tracer_pkg.sv(200): parameter 'INSN_ZIP_N' declared inside package 'ibex_tracer_pkg' shall be treated as localparam
[WARN (VERI-2418)] /home/users/ngpark/ibex/rtl/ibex_tracer_pkg.sv(202): parameter 'INSN_ZIP2_B' declared inside package 'ibex_tracer_pkg' shall be treated as localparam
[WARN (VERI-2418)] /home/users/ngpark/ibex/rtl/ibex_tracer_pkg.sv(204): parameter 'INSN_ZIP_B' declared inside package 'ibex_tracer_pkg' shall be treated as localparam
[WARN (VERI-2418)] /home/users/ngpark/ibex/rtl/ibex_tracer_pkg.sv(206): parameter 'INSN_ZIP4_H' declared inside package 'ibex_tracer_pkg' shall be treated as localparam
[WARN (VERI-2418)] /home/users/ngpark/ibex/rtl/ibex_tracer_pkg.sv(208): parameter 'INSN_ZIP2_H' declared inside package 'ibex_tracer_pkg' shall be treated as localparam
[WARN (VERI-2418)] /home/users/ngpark/ibex/rtl/ibex_tracer_pkg.sv(210): parameter 'INSN_ZIP_H' declared inside package 'ibex_tracer_pkg' shall be treated as localparam
[WARN (VERI-2418)] /home/users/ngpark/ibex/rtl/ibex_tracer_pkg.sv(212): parameter 'INSN_ZIP8' declared inside package 'ibex_tracer_pkg' shall be treated as localparam
[WARN (VERI-2418)] /home/users/ngpark/ibex/rtl/ibex_tracer_pkg.sv(214): parameter 'INSN_ZIP4' declared inside package 'ibex_tracer_pkg' shall be treated as localparam
[WARN (VERI-2418)] /home/users/ngpark/ibex/rtl/ibex_tracer_pkg.sv(216): parameter 'INSN_ZIP2' declared inside package 'ibex_tracer_pkg' shall be treated as localparam
[WARN (VERI-2418)] /home/users/ngpark/ibex/rtl/ibex_tracer_pkg.sv(218): parameter 'INSN_ZIP' declared inside package 'ibex_tracer_pkg' shall be treated as localparam
[WARN (VERI-2418)] /home/users/ngpark/ibex/rtl/ibex_tracer_pkg.sv(221): parameter 'INSN_UNSHFLI' declared inside package 'ibex_tracer_pkg' shall be treated as localparam
[WARN (VERI-2418)] /home/users/ngpark/ibex/rtl/ibex_tracer_pkg.sv(223): parameter 'INSN_UNZIP_N' declared inside package 'ibex_tracer_pkg' shall be treated as localparam
[WARN (VERI-2418)] /home/users/ngpark/ibex/rtl/ibex_tracer_pkg.sv(225): parameter 'INSN_UNZIP2_B' declared inside package 'ibex_tracer_pkg' shall be treated as localparam
[WARN (VERI-2418)] /home/users/ngpark/ibex/rtl/ibex_tracer_pkg.sv(227): parameter 'INSN_UNZIP_B' declared inside package 'ibex_tracer_pkg' shall be treated as localparam
[WARN (VERI-2418)] /home/users/ngpark/ibex/rtl/ibex_tracer_pkg.sv(229): parameter 'INSN_UNZIP4_H' declared inside package 'ibex_tracer_pkg' shall be treated as localparam
[WARN (VERI-2418)] /home/users/ngpark/ibex/rtl/ibex_tracer_pkg.sv(231): parameter 'INSN_UNZIP2_H' declared inside package 'ibex_tracer_pkg' shall be treated as localparam
[WARN (VERI-2418)] /home/users/ngpark/ibex/rtl/ibex_tracer_pkg.sv(233): parameter 'INSN_UNZIP_H' declared inside package 'ibex_tracer_pkg' shall be treated as localparam
[WARN (VERI-2418)] /home/users/ngpark/ibex/rtl/ibex_tracer_pkg.sv(235): parameter 'INSN_UNZIP8' declared inside package 'ibex_tracer_pkg' shall be treated as localparam
[WARN (VERI-2418)] /home/users/ngpark/ibex/rtl/ibex_tracer_pkg.sv(237): parameter 'INSN_UNZIP4' declared inside package 'ibex_tracer_pkg' shall be treated as localparam
[WARN (VERI-2418)] /home/users/ngpark/ibex/rtl/ibex_tracer_pkg.sv(239): parameter 'INSN_UNZIP2' declared inside package 'ibex_tracer_pkg' shall be treated as localparam
[WARN (VERI-2418)] /home/users/ngpark/ibex/rtl/ibex_tracer_pkg.sv(241): parameter 'INSN_UNZIP' declared inside package 'ibex_tracer_pkg' shall be treated as localparam
[WARN (VERI-2418)] /home/users/ngpark/ibex/rtl/ibex_tracer_pkg.sv(244): parameter 'INSN_GREV' declared inside package 'ibex_tracer_pkg' shall be treated as localparam
[WARN (VERI-2418)] /home/users/ngpark/ibex/rtl/ibex_tracer_pkg.sv(245): parameter 'INSN_GORC' declared inside package 'ibex_tracer_pkg' shall be treated as localparam
[WARN (VERI-2418)] /home/users/ngpark/ibex/rtl/ibex_tracer_pkg.sv(246): parameter 'INSN_SHFL' declared inside package 'ibex_tracer_pkg' shall be treated as localparam
[WARN (VERI-2418)] /home/users/ngpark/ibex/rtl/ibex_tracer_pkg.sv(247): parameter 'INSN_UNSHFL' declared inside package 'ibex_tracer_pkg' shall be treated as localparam
[WARN (VERI-2418)] /home/users/ngpark/ibex/rtl/ibex_tracer_pkg.sv(249): parameter 'INSN_XPERM_N' declared inside package 'ibex_tracer_pkg' shall be treated as localparam
[WARN (VERI-2418)] /home/users/ngpark/ibex/rtl/ibex_tracer_pkg.sv(250): parameter 'INSN_XPERM_B' declared inside package 'ibex_tracer_pkg' shall be treated as localparam
[WARN (VERI-2418)] /home/users/ngpark/ibex/rtl/ibex_tracer_pkg.sv(251): parameter 'INSN_XPERM_H' declared inside package 'ibex_tracer_pkg' shall be treated as localparam
[WARN (VERI-2418)] /home/users/ngpark/ibex/rtl/ibex_tracer_pkg.sv(253): parameter 'INSN_SLO' declared inside package 'ibex_tracer_pkg' shall be treated as localparam
[WARN (VERI-2418)] /home/users/ngpark/ibex/rtl/ibex_tracer_pkg.sv(254): parameter 'INSN_SRO' declared inside package 'ibex_tracer_pkg' shall be treated as localparam
[WARN (VERI-2418)] /home/users/ngpark/ibex/rtl/ibex_tracer_pkg.sv(255): parameter 'INSN_SLOI' declared inside package 'ibex_tracer_pkg' shall be treated as localparam
[WARN (VERI-2418)] /home/users/ngpark/ibex/rtl/ibex_tracer_pkg.sv(259): parameter 'INSN_SROI' declared inside package 'ibex_tracer_pkg' shall be treated as localparam
[WARN (VERI-2418)] /home/users/ngpark/ibex/rtl/ibex_tracer_pkg.sv(262): parameter 'INSN_BDECOMPRESS' declared inside package 'ibex_tracer_pkg' shall be treated as localparam
[WARN (VERI-2418)] /home/users/ngpark/ibex/rtl/ibex_tracer_pkg.sv(263): parameter 'INSN_BCOMPRESS' declared inside package 'ibex_tracer_pkg' shall be treated as localparam
[WARN (VERI-2418)] /home/users/ngpark/ibex/rtl/ibex_tracer_pkg.sv(266): parameter 'INSN_FSRI' declared inside package 'ibex_tracer_pkg' shall be treated as localparam
[WARN (VERI-2418)] /home/users/ngpark/ibex/rtl/ibex_tracer_pkg.sv(268): parameter 'INSN_CMIX' declared inside package 'ibex_tracer_pkg' shall be treated as localparam
[WARN (VERI-2418)] /home/users/ngpark/ibex/rtl/ibex_tracer_pkg.sv(269): parameter 'INSN_CMOV' declared inside package 'ibex_tracer_pkg' shall be treated as localparam
[WARN (VERI-2418)] /home/users/ngpark/ibex/rtl/ibex_tracer_pkg.sv(270): parameter 'INSN_FSL' declared inside package 'ibex_tracer_pkg' shall be treated as localparam
[WARN (VERI-2418)] /home/users/ngpark/ibex/rtl/ibex_tracer_pkg.sv(271): parameter 'INSN_FSR' declared inside package 'ibex_tracer_pkg' shall be treated as localparam
[WARN (VERI-2418)] /home/users/ngpark/ibex/rtl/ibex_tracer_pkg.sv(274): parameter 'INSN_BFP' declared inside package 'ibex_tracer_pkg' shall be treated as localparam
[WARN (VERI-2418)] /home/users/ngpark/ibex/rtl/ibex_tracer_pkg.sv(277): parameter 'INSN_CLMUL' declared inside package 'ibex_tracer_pkg' shall be treated as localparam
[WARN (VERI-2418)] /home/users/ngpark/ibex/rtl/ibex_tracer_pkg.sv(278): parameter 'INSN_CLMULR' declared inside package 'ibex_tracer_pkg' shall be treated as localparam
[WARN (VERI-2418)] /home/users/ngpark/ibex/rtl/ibex_tracer_pkg.sv(279): parameter 'INSN_CLMULH' declared inside package 'ibex_tracer_pkg' shall be treated as localparam
[WARN (VERI-2418)] /home/users/ngpark/ibex/rtl/ibex_tracer_pkg.sv(282): parameter 'INSN_CRC32_B' declared inside package 'ibex_tracer_pkg' shall be treated as localparam
[WARN (VERI-2418)] /home/users/ngpark/ibex/rtl/ibex_tracer_pkg.sv(284): parameter 'INSN_CRC32_H' declared inside package 'ibex_tracer_pkg' shall be treated as localparam
[WARN (VERI-2418)] /home/users/ngpark/ibex/rtl/ibex_tracer_pkg.sv(286): parameter 'INSN_CRC32_W' declared inside package 'ibex_tracer_pkg' shall be treated as localparam
[WARN (VERI-2418)] /home/users/ngpark/ibex/rtl/ibex_tracer_pkg.sv(288): parameter 'INSN_CRC32C_B' declared inside package 'ibex_tracer_pkg' shall be treated as localparam
[WARN (VERI-2418)] /home/users/ngpark/ibex/rtl/ibex_tracer_pkg.sv(290): parameter 'INSN_CRC32C_H' declared inside package 'ibex_tracer_pkg' shall be treated as localparam
[WARN (VERI-2418)] /home/users/ngpark/ibex/rtl/ibex_tracer_pkg.sv(292): parameter 'INSN_CRC32C_W' declared inside package 'ibex_tracer_pkg' shall be treated as localparam
[WARN (VERI-2418)] /home/users/ngpark/ibex/rtl/ibex_tracer_pkg.sv(296): parameter 'INSN_LOAD' declared inside package 'ibex_tracer_pkg' shall be treated as localparam
[WARN (VERI-2418)] /home/users/ngpark/ibex/rtl/ibex_tracer_pkg.sv(297): parameter 'INSN_STORE' declared inside package 'ibex_tracer_pkg' shall be treated as localparam
[WARN (VERI-2418)] /home/users/ngpark/ibex/rtl/ibex_tracer_pkg.sv(300): parameter 'INSN_FENCE' declared inside package 'ibex_tracer_pkg' shall be treated as localparam
[WARN (VERI-2418)] /home/users/ngpark/ibex/rtl/ibex_tracer_pkg.sv(301): parameter 'INSN_FENCEI' declared inside package 'ibex_tracer_pkg' shall be treated as localparam
[WARN (VERI-2418)] /home/users/ngpark/ibex/rtl/ibex_tracer_pkg.sv(305): parameter 'INSN_CADDI4SPN' declared inside package 'ibex_tracer_pkg' shall be treated as localparam
[WARN (VERI-2418)] /home/users/ngpark/ibex/rtl/ibex_tracer_pkg.sv(306): parameter 'INSN_CLW' declared inside package 'ibex_tracer_pkg' shall be treated as localparam
[WARN (VERI-2418)] /home/users/ngpark/ibex/rtl/ibex_tracer_pkg.sv(307): parameter 'INSN_CSW' declared inside package 'ibex_tracer_pkg' shall be treated as localparam
[WARN (VERI-2418)] /home/users/ngpark/ibex/rtl/ibex_tracer_pkg.sv(309): parameter 'INSN_CLBU' declared inside package 'ibex_tracer_pkg' shall be treated as localparam
[WARN (VERI-2418)] /home/users/ngpark/ibex/rtl/ibex_tracer_pkg.sv(310): parameter 'INSN_CLHU' declared inside package 'ibex_tracer_pkg' shall be treated as localparam
[WARN (VERI-2418)] /home/users/ngpark/ibex/rtl/ibex_tracer_pkg.sv(311): parameter 'INSN_CLH' declared inside package 'ibex_tracer_pkg' shall be treated as localparam
[WARN (VERI-2418)] /home/users/ngpark/ibex/rtl/ibex_tracer_pkg.sv(312): parameter 'INSN_CSB' declared inside package 'ibex_tracer_pkg' shall be treated as localparam
[WARN (VERI-2418)] /home/users/ngpark/ibex/rtl/ibex_tracer_pkg.sv(313): parameter 'INSN_CSH' declared inside package 'ibex_tracer_pkg' shall be treated as localparam
[WARN (VERI-2418)] /home/users/ngpark/ibex/rtl/ibex_tracer_pkg.sv(316): parameter 'INSN_CADDI' declared inside package 'ibex_tracer_pkg' shall be treated as localparam
[WARN (VERI-2418)] /home/users/ngpark/ibex/rtl/ibex_tracer_pkg.sv(317): parameter 'INSN_CJAL' declared inside package 'ibex_tracer_pkg' shall be treated as localparam
[WARN (VERI-2418)] /home/users/ngpark/ibex/rtl/ibex_tracer_pkg.sv(318): parameter 'INSN_CJ' declared inside package 'ibex_tracer_pkg' shall be treated as localparam
[WARN (VERI-2418)] /home/users/ngpark/ibex/rtl/ibex_tracer_pkg.sv(319): parameter 'INSN_CLI' declared inside package 'ibex_tracer_pkg' shall be treated as localparam
[WARN (VERI-2418)] /home/users/ngpark/ibex/rtl/ibex_tracer_pkg.sv(320): parameter 'INSN_CLUI' declared inside package 'ibex_tracer_pkg' shall be treated as localparam
[WARN (VERI-2418)] /home/users/ngpark/ibex/rtl/ibex_tracer_pkg.sv(321): parameter 'INSN_CBEQZ' declared inside package 'ibex_tracer_pkg' shall be treated as localparam
[WARN (VERI-2418)] /home/users/ngpark/ibex/rtl/ibex_tracer_pkg.sv(322): parameter 'INSN_CBNEZ' declared inside package 'ibex_tracer_pkg' shall be treated as localparam
[WARN (VERI-2418)] /home/users/ngpark/ibex/rtl/ibex_tracer_pkg.sv(323): parameter 'INSN_CSRLI' declared inside package 'ibex_tracer_pkg' shall be treated as localparam
[WARN (VERI-2418)] /home/users/ngpark/ibex/rtl/ibex_tracer_pkg.sv(324): parameter 'INSN_CSRAI' declared inside package 'ibex_tracer_pkg' shall be treated as localparam
[WARN (VERI-2418)] /home/users/ngpark/ibex/rtl/ibex_tracer_pkg.sv(325): parameter 'INSN_CANDI' declared inside package 'ibex_tracer_pkg' shall be treated as localparam
[WARN (VERI-2418)] /home/users/ngpark/ibex/rtl/ibex_tracer_pkg.sv(326): parameter 'INSN_CSUB' declared inside package 'ibex_tracer_pkg' shall be treated as localparam
[WARN (VERI-2418)] /home/users/ngpark/ibex/rtl/ibex_tracer_pkg.sv(327): parameter 'INSN_CXOR' declared inside package 'ibex_tracer_pkg' shall be treated as localparam
[WARN (VERI-2418)] /home/users/ngpark/ibex/rtl/ibex_tracer_pkg.sv(328): parameter 'INSN_COR' declared inside package 'ibex_tracer_pkg' shall be treated as localparam
[WARN (VERI-2418)] /home/users/ngpark/ibex/rtl/ibex_tracer_pkg.sv(329): parameter 'INSN_CAND' declared inside package 'ibex_tracer_pkg' shall be treated as localparam
[WARN (VERI-2418)] /home/users/ngpark/ibex/rtl/ibex_tracer_pkg.sv(331): parameter 'INSN_CZEXTB' declared inside package 'ibex_tracer_pkg' shall be treated as localparam
[WARN (VERI-2418)] /home/users/ngpark/ibex/rtl/ibex_tracer_pkg.sv(332): parameter 'INSN_CSEXTB' declared inside package 'ibex_tracer_pkg' shall be treated as localparam
[WARN (VERI-2418)] /home/users/ngpark/ibex/rtl/ibex_tracer_pkg.sv(333): parameter 'INSN_CZEXTH' declared inside package 'ibex_tracer_pkg' shall be treated as localparam
[WARN (VERI-2418)] /home/users/ngpark/ibex/rtl/ibex_tracer_pkg.sv(334): parameter 'INSN_CSEXTH' declared inside package 'ibex_tracer_pkg' shall be treated as localparam
[WARN (VERI-2418)] /home/users/ngpark/ibex/rtl/ibex_tracer_pkg.sv(335): parameter 'INSN_CNOT' declared inside package 'ibex_tracer_pkg' shall be treated as localparam
[WARN (VERI-2418)] /home/users/ngpark/ibex/rtl/ibex_tracer_pkg.sv(336): parameter 'INSN_CMUL' declared inside package 'ibex_tracer_pkg' shall be treated as localparam
[WARN (VERI-2418)] /home/users/ngpark/ibex/rtl/ibex_tracer_pkg.sv(339): parameter 'INSN_CSLLI' declared inside package 'ibex_tracer_pkg' shall be treated as localparam
[WARN (VERI-2418)] /home/users/ngpark/ibex/rtl/ibex_tracer_pkg.sv(340): parameter 'INSN_CLWSP' declared inside package 'ibex_tracer_pkg' shall be treated as localparam
[WARN (VERI-2418)] /home/users/ngpark/ibex/rtl/ibex_tracer_pkg.sv(341): parameter 'INSN_SWSP' declared inside package 'ibex_tracer_pkg' shall be treated as localparam
[WARN (VERI-2418)] /home/users/ngpark/ibex/rtl/ibex_tracer_pkg.sv(342): parameter 'INSN_CMV' declared inside package 'ibex_tracer_pkg' shall be treated as localparam
[WARN (VERI-2418)] /home/users/ngpark/ibex/rtl/ibex_tracer_pkg.sv(343): parameter 'INSN_CADD' declared inside package 'ibex_tracer_pkg' shall be treated as localparam
[WARN (VERI-2418)] /home/users/ngpark/ibex/rtl/ibex_tracer_pkg.sv(344): parameter 'INSN_CEBREAK' declared inside package 'ibex_tracer_pkg' shall be treated as localparam
[WARN (VERI-2418)] /home/users/ngpark/ibex/rtl/ibex_tracer_pkg.sv(345): parameter 'INSN_CJR' declared inside package 'ibex_tracer_pkg' shall be treated as localparam
[WARN (VERI-2418)] /home/users/ngpark/ibex/rtl/ibex_tracer_pkg.sv(346): parameter 'INSN_CJALR' declared inside package 'ibex_tracer_pkg' shall be treated as localparam
[WARN (VERI-2418)] /home/users/ngpark/ibex/rtl/ibex_tracer_pkg.sv(348): parameter 'INSN_CMPUSH' declared inside package 'ibex_tracer_pkg' shall be treated as localparam
[WARN (VERI-2418)] /home/users/ngpark/ibex/rtl/ibex_tracer_pkg.sv(349): parameter 'INSN_CMPOP' declared inside package 'ibex_tracer_pkg' shall be treated as localparam
[WARN (VERI-2418)] /home/users/ngpark/ibex/rtl/ibex_tracer_pkg.sv(350): parameter 'INSN_CMPOPRETZ' declared inside package 'ibex_tracer_pkg' shall be treated as localparam
[WARN (VERI-2418)] /home/users/ngpark/ibex/rtl/ibex_tracer_pkg.sv(351): parameter 'INSN_CMPOPRET' declared inside package 'ibex_tracer_pkg' shall be treated as localparam
[WARN (VERI-2418)] /home/users/ngpark/ibex/rtl/ibex_tracer_pkg.sv(352): parameter 'INSN_CMMVSA01' declared inside package 'ibex_tracer_pkg' shall be treated as localparam
[WARN (VERI-2418)] /home/users/ngpark/ibex/rtl/ibex_tracer_pkg.sv(353): parameter 'INSN_CMMVA01S' declared inside package 'ibex_tracer_pkg' shall be treated as localparam
[-- (VERI-1482)] Analyzing Verilog file '/home/users/ngpark/ibex/rtl/ibex_alu.sv'
[-- (VERI-1482)] Analyzing Verilog file '/home/users/ngpark/ibex/rtl/ibex_compressed_decoder.sv'
[INFO (VERI-1328)] /home/users/ngpark/ibex/rtl/ibex_compressed_decoder.sv(14): analyzing included file '/home/users/ngpark/ibex/vendor/lowrisc_ip/ip/prim/rtl/prim_assert.sv'
[INFO (VERI-1328)] /home/users/ngpark/ibex/vendor/lowrisc_ip/ip/prim/rtl/prim_assert.sv(110): analyzing included file '/home/users/ngpark/ibex/vendor/lowrisc_ip/ip/prim/rtl/prim_assert_standard_macros.svh'
[INFO (VERI-1328)] /home/users/ngpark/ibex/vendor/lowrisc_ip/ip/prim/rtl/prim_assert.sv(187): analyzing included file '/home/users/ngpark/ibex/vendor/lowrisc_ip/ip/prim/rtl/prim_assert_sec_cm.svh'
[INFO (VERI-1328)] /home/users/ngpark/ibex/vendor/lowrisc_ip/ip/prim/rtl/prim_assert.sv(188): analyzing included file '/home/users/ngpark/ibex/vendor/lowrisc_ip/ip/prim/rtl/prim_flop_macros.sv'
[-- (VERI-1482)] Analyzing Verilog file '/home/users/ngpark/ibex/rtl/ibex_controller.sv'
[INFO (VERI-1328)] /home/users/ngpark/ibex/rtl/ibex_controller.sv(10): analyzing included file '/home/users/ngpark/ibex/vendor/lowrisc_ip/ip/prim/rtl/prim_assert.sv'
[INFO (VERI-1328)] /home/users/ngpark/ibex/rtl/ibex_controller.sv(11): analyzing included file '/home/users/ngpark/ibex/vendor/lowrisc_ip/dv/sv/dv_utils/dv_fcov_macros.svh'
[-- (VERI-1482)] Analyzing Verilog file '/home/users/ngpark/ibex/rtl/ibex_counter.sv'
[-- (VERI-1482)] Analyzing Verilog file '/home/users/ngpark/ibex/rtl/ibex_cs_registers.sv'
[INFO (VERI-1328)] /home/users/ngpark/ibex/rtl/ibex_cs_registers.sv(10): analyzing included file '/home/users/ngpark/ibex/vendor/lowrisc_ip/ip/prim/rtl/prim_assert.sv'
[-- (VERI-1482)] Analyzing Verilog file '/home/users/ngpark/ibex/rtl/ibex_csr.sv'
[INFO (VERI-1328)] /home/users/ngpark/ibex/rtl/ibex_csr.sv(9): analyzing included file '/home/users/ngpark/ibex/vendor/lowrisc_ip/ip/prim/rtl/prim_assert.sv'
[-- (VERI-1482)] Analyzing Verilog file '/home/users/ngpark/ibex/rtl/ibex_decoder.sv'
[INFO (VERI-1328)] /home/users/ngpark/ibex/rtl/ibex_decoder.sv(14): analyzing included file '/home/users/ngpark/ibex/vendor/lowrisc_ip/ip/prim/rtl/prim_assert.sv'
[-- (VERI-1482)] Analyzing Verilog file '/home/users/ngpark/ibex/rtl/ibex_ex_block.sv'
[-- (VERI-1482)] Analyzing Verilog file '/home/users/ngpark/ibex/rtl/ibex_id_stage.sv'
[INFO (VERI-1328)] /home/users/ngpark/ibex/rtl/ibex_id_stage.sv(17): analyzing included file '/home/users/ngpark/ibex/vendor/lowrisc_ip/ip/prim/rtl/prim_assert.sv'
[INFO (VERI-1328)] /home/users/ngpark/ibex/rtl/ibex_id_stage.sv(18): analyzing included file '/home/users/ngpark/ibex/vendor/lowrisc_ip/dv/sv/dv_utils/dv_fcov_macros.svh'
[-- (VERI-1482)] Analyzing Verilog file '/home/users/ngpark/ibex/rtl/ibex_if_stage.sv'
[INFO (VERI-1328)] /home/users/ngpark/ibex/rtl/ibex_if_stage.sv(13): analyzing included file '/home/users/ngpark/ibex/vendor/lowrisc_ip/ip/prim/rtl/prim_assert.sv'
[INFO (VERI-1328)] /home/users/ngpark/ibex/rtl/ibex_if_stage.sv(14): analyzing included file '/home/users/ngpark/ibex/vendor/lowrisc_ip/dv/sv/dv_utils/dv_fcov_macros.svh'
[-- (VERI-1482)] Analyzing Verilog file '/home/users/ngpark/ibex/rtl/ibex_load_store_unit.sv'
[INFO (VERI-1328)] /home/users/ngpark/ibex/rtl/ibex_load_store_unit.sv(14): analyzing included file '/home/users/ngpark/ibex/vendor/lowrisc_ip/ip/prim/rtl/prim_assert.sv'
[INFO (VERI-1328)] /home/users/ngpark/ibex/rtl/ibex_load_store_unit.sv(15): analyzing included file '/home/users/ngpark/ibex/vendor/lowrisc_ip/dv/sv/dv_utils/dv_fcov_macros.svh'
[-- (VERI-1482)] Analyzing Verilog file '/home/users/ngpark/ibex/rtl/ibex_multdiv_fast.sv'
[INFO (VERI-1328)] /home/users/ngpark/ibex/rtl/ibex_multdiv_fast.sv(15): analyzing included file '/home/users/ngpark/ibex/vendor/lowrisc_ip/ip/prim/rtl/prim_assert.sv'
[-- (VERI-1482)] Analyzing Verilog file '/home/users/ngpark/ibex/rtl/ibex_multdiv_slow.sv'
[INFO (VERI-1328)] /home/users/ngpark/ibex/rtl/ibex_multdiv_slow.sv(12): analyzing included file '/home/users/ngpark/ibex/vendor/lowrisc_ip/ip/prim/rtl/prim_assert.sv'
[-- (VERI-1482)] Analyzing Verilog file './synthlc/i_DIV_out/xEnumCycleCnt/div_fsm_s13_top.sv'
[INFO (VERI-1328)] ./synthlc/i_DIV_out/xEnumCycleCnt/div_fsm_s13_top.sv(10): analyzing included file '/home/users/ngpark/ibex/vendor/lowrisc_ip/ip/prim/rtl/prim_assert.sv'
[WARN (VERI-1763)] ./synthlc/i_DIV_out/xEnumCycleCnt/div_fsm_s13_top.sv(584): SVA directive is not sensitive to any clock. The directive will be sampled on the posedge of the fastest clock.
[WARN (VERI-1763)] ./synthlc/i_DIV_out/xEnumCycleCnt/div_fsm_s13_top.sv(585): SVA directive is not sensitive to any clock. The directive will be sampled on the posedge of the fastest clock.
[WARN (VERI-1763)] ./synthlc/i_DIV_out/xEnumCycleCnt/div_fsm_s13_top.sv(586): SVA directive is not sensitive to any clock. The directive will be sampled on the posedge of the fastest clock.
[WARN (VERI-1763)] ./synthlc/i_DIV_out/xEnumCycleCnt/div_fsm_s13_top.sv(587): SVA directive is not sensitive to any clock. The directive will be sampled on the posedge of the fastest clock.
[-- (VERI-1482)] Analyzing Verilog file '/home/users/ngpark/ibex/rtl/ibex_prefetch_buffer.sv'
[-- (VERI-1482)] Analyzing Verilog file '/home/users/ngpark/ibex/rtl/ibex_fetch_fifo.sv'
[INFO (VERI-1328)] /home/users/ngpark/ibex/rtl/ibex_fetch_fifo.sv(13): analyzing included file '/home/users/ngpark/ibex/vendor/lowrisc_ip/ip/prim/rtl/prim_assert.sv'
[-- (VERI-1482)] Analyzing Verilog file '/home/users/ngpark/ibex/rtl/ibex_register_file_ff.sv'
[-- (VERI-1482)] Analyzing Verilog file '/home/users/ngpark/ibex/rtl/ibex_pmp.sv'
[INFO (VERI-1328)] /home/users/ngpark/ibex/rtl/ibex_pmp.sv(5): analyzing included file '/home/users/ngpark/ibex/vendor/lowrisc_ip/dv/sv/dv_utils/dv_fcov_macros.svh'
[-- (VERI-1482)] Analyzing Verilog file '/home/users/ngpark/ibex/rtl/ibex_wb_stage.sv'
[INFO (VERI-1328)] /home/users/ngpark/ibex/rtl/ibex_wb_stage.sv(14): analyzing included file '/home/users/ngpark/ibex/vendor/lowrisc_ip/ip/prim/rtl/prim_assert.sv'
[INFO (VERI-1328)] /home/users/ngpark/ibex/rtl/ibex_wb_stage.sv(15): analyzing included file '/home/users/ngpark/ibex/vendor/lowrisc_ip/dv/sv/dv_utils/dv_fcov_macros.svh'
[-- (VERI-1482)] Analyzing Verilog file '/home/users/ngpark/ibex/rtl/ibex_dummy_instr.sv'
[-- (VERI-1482)] Analyzing Verilog file '/home/users/ngpark/ibex/rtl/ibex_branch_predict.sv'
[INFO (VERI-1328)] /home/users/ngpark/ibex/rtl/ibex_branch_predict.sv(18): analyzing included file '/home/users/ngpark/ibex/vendor/lowrisc_ip/ip/prim/rtl/prim_assert.sv'
[-- (VERI-1482)] Analyzing Verilog file '/home/users/ngpark/ibex/rtl/ibex_core.sv'
[INFO (VERI-1328)] /home/users/ngpark/ibex/rtl/ibex_core.sv(10): analyzing included file '/home/users/ngpark/ibex/vendor/lowrisc_ip/ip/prim/rtl/prim_assert.sv'
[INFO (VERI-1328)] /home/users/ngpark/ibex/rtl/ibex_core.sv(11): analyzing included file '/home/users/ngpark/ibex/vendor/lowrisc_ip/dv/sv/dv_utils/dv_fcov_macros.svh'
[-- (VERI-1482)] Analyzing Verilog file '/home/users/ngpark/ibex/vendor/lowrisc_ip/ip/prim/rtl/prim_assert.sv'
% 
% if {$REACH == 1} {
    puts "test bboxing mfpt" 
    #elaborate -bbox_m  {miss_prediction_fix_table} -bbox_m {reorderbuf}
    #elaborate
    source reach_collect.tcl
}
% if {$FPV == 1} {
    puts "fpv" 
    # Elaborates
    #elaborate -bbox_m {wt_cache_subsystem} -bbox_m {ibex_if_stage}
    #puts "multiplier no-bbox"
    elaborate -top ibex_fv -bbox_m {ibex_if_stage} -bbox_m {prim_lfsr}
    #elaborate -bbox_m {ibex_if_stage}
    #stopat -env {issue_stage_i.i_scoreboard.mem_n[0].sbe.is_compressed}  
    #elaborate


    # Initialization
    # Clock specification
    clock clk_i
    # -both_edges: ridecore 
    reset !rst_ni
    set_proofgrid_per_engine_max_jobs 10
    set_proofgrid_max_jobs 30


    #SOURCE_TCL
    # assume -enable {.*ASSUME_W_R} -regexp
    # assume -disable {.*ASSUME_R_W} -regexp

    task -create mytask -copy_assumes   -regexp
    task -set mytask

    if { $CUSTOMTCL == 1 } {
        puts "=========CUSTOMTCL========="

        source ./synthlc/i_DIV_out/xEnumCycleCnt/out/div_fsm_s13.tcl
        
        puts "=========EXIT CUSTOMTCL========="
        exit
        
    } 
    
    puts "=============================================================="
    puts "CHECK ASSUMPTION...."
    puts "=============================================================="
    set CA 0
    set CA 1
    #
    set_prove_time_limit 15m
    #SETPROVETIME
    set_prove_per_property_time_limit 5m 

    set ls [get_property_list -task mytask -include {type {assert cover} }]
    if { [llength $ls] > 10 } { 
        set_prove_time_limit 25m 
        puts "PROVEN TIME 25min" }  

    if { $CA == 1 } { 
        #set_prove_time_limit 10m
        set CONFLICT [check_assumptions -task mytask -conflict]
        puts "=============================================================="
        puts "CHECK ASSUMPTION CONFLICT result? $CONFLICT"
        puts "=============================================================="
    }  else {
        puts "AUTOPROVE:" 
        #set_prove_time_limit 1h
        #set_prove_per_property_time_limit 1h
        puts "=================================================="
        puts " PROVE TIME LIMIT"
        puts [get_prove_time_limit]     
        #puts [get_prove_per_property_time_limit]
        puts "=================================================="
        set_engine_mode {K C Tri I N AD AM Hp B}

        prove -task mytask
        #prove -all
    }
    
    puts "END"
    report -task mytask -csv -results -file "./synthlc/i_DIV_out/xEnumCycleCnt/div_fsm_s13.csv" -force
    exit
}
fpv
INFO (ISW003): Top module name is "ibex_fv".
[INFO (HIER-8002)] ./synthlc/i_DIV_out/xEnumCycleCnt/div_fsm_s13_top.sv(589): Disabling old hierarchical reference handler
[INFO (VERI-1018)] /home/users/ngpark/ibex/rtl/ibex_register_file_ff.sv(13): compiling module 'ibex_register_file_ff:(DataWidth=32'b0100000,WordZeroVal=32'b0)'
[INFO (VERI-1018)] /home/users/ngpark/ibex/rtl/ibex_if_stage.sv(16): compiling module 'ibex_if_stage:(RV32ZC=RV32ZcaZcbZcmp,BusSizeECC=32'b0100000,TagSizeECC=32'b010110,LineSizeECC=32'b01000000,RndCnstLfsrSeed=32'b10101100010100110011101111110100,RndCnstLfsrPerm=160'b01111000110101111011001011101001000110011111111101000110110001001011101001010110000001010100101100000001001111101001000011100001111000101010001101101011101101,MemDataWidth=32'b0100000)'
[INFO (VERI-1018)] /home/users/ngpark/ibex/rtl/ibex_decoder.sv(16): compiling module 'ibex_decoder:(RV32E=1'b0,RV32M=RV32MFast,RV32B=RV32BNone,BranchTargetALU=1'b0)'
[WARN (VERI-1796)] /home/users/ngpark/ibex/rtl/ibex_decoder.sv(1211): system function call isunknown with non-constant argument is not supported for synthesis
[INFO (VERI-1018)] /home/users/ngpark/ibex/rtl/ibex_controller.sv(13): compiling module 'ibex_controller:(WritebackStage=1'b1)'
[INFO (VERI-1018)] /home/users/ngpark/ibex/rtl/ibex_id_stage.sv(20): compiling module 'ibex_id_stage:(RV32E=1'b0,RV32M=RV32MFast,RV32B=RV32BNone,BranchTargetALU=1'b0,WritebackStage=1'b1,BranchPredictor=1'b0)'
[WARN (VERI-1796)] /home/users/ngpark/ibex/rtl/ibex_id_stage.sv(1106): system function call isunknown with non-constant argument is not supported for synthesis
[WARN (VERI-1796)] /home/users/ngpark/ibex/rtl/ibex_id_stage.sv(1112): system function call isunknown with non-constant argument is not supported for synthesis
[WARN (VERI-1796)] /home/users/ngpark/ibex/rtl/ibex_id_stage.sv(1116): system function call isunknown with non-constant argument is not supported for synthesis
[WARN (VERI-1796)] /home/users/ngpark/ibex/rtl/ibex_id_stage.sv(1125): system function call isunknown with non-constant argument is not supported for synthesis
[WARN (VERI-1796)] /home/users/ngpark/ibex/rtl/ibex_id_stage.sv(1128): system function call isunknown with non-constant argument is not supported for synthesis
[WARN (VERI-1796)] /home/users/ngpark/ibex/rtl/ibex_id_stage.sv(1132): system function call isunknown with non-constant argument is not supported for synthesis
[WARN (VERI-1796)] /home/users/ngpark/ibex/rtl/ibex_id_stage.sv(1136): system function call isunknown with non-constant argument is not supported for synthesis
[INFO (VERI-1018)] /home/users/ngpark/ibex/rtl/ibex_alu.sv(9): compiling module 'ibex_alu:(RV32B=RV32BNone)'
[WARN (VERI-1209)] /home/users/ngpark/ibex/rtl/ibex_alu.sv(280): expression size 32 truncated to fit in target size 6
[INFO (VERI-1018)] /home/users/ngpark/ibex/rtl/ibex_multdiv_fast.sv(17): compiling module 'ibex_multdiv_fast:(RV32M=RV32MFast)'
[WARN (VERI-1796)] /home/users/ngpark/ibex/rtl/ibex_multdiv_fast.sv(117): system function call isunknown with non-constant argument is not supported for synthesis
[WARN (VERI-1796)] /home/users/ngpark/ibex/rtl/ibex_multdiv_fast.sv(118): system function call isunknown with non-constant argument is not supported for synthesis
[WARN (VERI-1796)] /home/users/ngpark/ibex/rtl/ibex_multdiv_fast.sv(119): system function call isunknown with non-constant argument is not supported for synthesis
[WARN (VERI-1796)] /home/users/ngpark/ibex/rtl/ibex_multdiv_fast.sv(378): system function call isunknown with non-constant argument is not supported for synthesis
[INFO (VERI-1018)] /home/users/ngpark/ibex/rtl/ibex_ex_block.sv(11): compiling module 'ibex_ex_block:(RV32M=RV32MFast,RV32B=RV32BNone,BranchTargetALU=1'b0)'
[INFO (VERI-1018)] /home/users/ngpark/ibex/rtl/ibex_load_store_unit.sv(17): compiling module 'ibex_load_store_unit:(MemDataWidth=32'b0100000)'
[WARN (VERI-1796)] /home/users/ngpark/ibex/rtl/ibex_load_store_unit.sv(610): system function call isunknown with non-constant argument is not supported for synthesis
[WARN (VERI-1796)] /home/users/ngpark/ibex/rtl/ibex_load_store_unit.sv(611): system function call isunknown with non-constant argument is not supported for synthesis
[WARN (VERI-1796)] /home/users/ngpark/ibex/rtl/ibex_load_store_unit.sv(612): system function call isunknown with non-constant argument is not supported for synthesis
[WARN (VERI-1796)] /home/users/ngpark/ibex/rtl/ibex_load_store_unit.sv(613): system function call isunknown with non-constant argument is not supported for synthesis
[WARN (VERI-1796)] /home/users/ngpark/ibex/rtl/ibex_load_store_unit.sv(619): system function call isunknown with non-constant argument is not supported for synthesis
[INFO (VERI-1018)] /home/users/ngpark/ibex/rtl/ibex_wb_stage.sv(17): compiling module 'ibex_wb_stage:(WritebackStage=1'b1)'
[INFO (VERI-1018)] /home/users/ngpark/ibex/rtl/ibex_csr.sv(11): compiling module 'ibex_csr:(Width=32'b0110,ResetValue=6'b010000)'
[WARN (VERI-1796)] /home/users/ngpark/ibex/rtl/ibex_csr.sv(55): system function call isunknown with non-constant argument is not supported for synthesis
[INFO (VERI-1018)] /home/users/ngpark/ibex/rtl/ibex_csr.sv(11): compiling module 'ibex_csr:(ResetValue=32'b0)'
[INFO (VERI-1018)] /home/users/ngpark/ibex/rtl/ibex_csr.sv(11): compiling module 'ibex_csr:(Width=32'b010010,ResetValue=18'b0)'
[INFO (VERI-1018)] /home/users/ngpark/ibex/rtl/ibex_csr.sv(11): compiling module 'ibex_csr:(Width=32'b0111,ResetValue=7'b0)'
[INFO (VERI-1018)] /home/users/ngpark/ibex/rtl/ibex_csr.sv(11): compiling module 'ibex_csr:(ResetValue=32'b01)'
[INFO (VERI-1018)] /home/users/ngpark/ibex/rtl/ibex_csr.sv(11): compiling module 'ibex_csr:(Width=32'b0100000,ResetValue=32'b01000000000000000000000000000011)'
[INFO (VERI-1018)] /home/users/ngpark/ibex/rtl/ibex_csr.sv(11): compiling module 'ibex_csr:(Width=32'b011,ResetValue=3'b100)'
[INFO (VERI-1018)] /home/users/ngpark/ibex/rtl/ibex_counter.sv(5): compiling module 'ibex_counter:(CounterWidth=64)'
[INFO (VERI-1018)] /home/users/ngpark/ibex/rtl/ibex_counter.sv(5): compiling module 'ibex_counter:(CounterWidth=64,ProvideValUpd=1'b1)'
[INFO (VERI-1018)] /home/users/ngpark/ibex/rtl/ibex_csr.sv(11): compiling module 'ibex_csr:(Width=32'b01000,ResetValue=8'b0)'
[INFO (VERI-1018)] /home/users/ngpark/ibex/rtl/ibex_cs_registers.sv(12): compiling module 'ibex_cs_registers:(DbgTriggerEn=1'b0,DbgHwBreakNum=32'b01,MHPMCounterNum=32'b0,MHPMCounterWidth=32'b0101000,PMPEnable=1'b0,PMPGranularity=32'b0,PMPNumRegions=32'b0100,PMPRstCfg='{'{1'b0,PMP_MODE_OFF,1'b0,1'b0,1'b0},'{1'b0,PMP_MODE_OFF,1'b0,1'b0,1'b0},'{1'b0,PMP_MODE_OFF,1'b0,1'b0,1'b0},'{1'b0,PMP_MODE_OFF,1'b0,1'b0,1'b0},'{1'b0,PMP_MODE_OFF,1'b0,1'b0,1'b0},'{1'b0,PMP_MODE_OFF,1'b0,1'b0,1'b0},'{1'b0,PMP_MODE_OFF,1'b0,1'b0,1'b0},'{1'b0,PMP_MODE_OFF,1'b0,1'b0,1'b0},'{1'b0,PMP_MODE_OFF,1'b0,1'b0,1'b0},'{1'b0,PMP_MODE_OFF,1'b0,1'b0,1'b0},'{1'b0,PMP_MODE_OFF,1'b0,1'b0,1'b0},'{1'b0,PMP_MODE_OFF,1'b0,1'b0,1'b0},'{1'b0,PMP_MODE_OFF,1'b0,1'b0,1'b0},'{1'b0,PMP_MODE_OFF,1'b0,1'b0,1'b0},'{1'b0,PMP_MODE_OFF,1'b0,1'b0,1'b0},'{1'b0,PMP_MODE_OFF,1'b0,1'b0,1'b0}},PMPRstAddr='{34'b0,34'b0,34'b0,34'b0,34'b0,34'b0,34'b0,34'b0,34'b0,34'b0,34'b0,34'b0,34'b0,34'b0,34'b0,34'b0},PMPRstMsecCfg='{1'b0,1'b0,1'b0},RV32E=1'b0,RV32M=RV32MFast,RV32B=RV32BNone)'
[INFO (VERI-1018)] /home/users/ngpark/ibex/rtl/ibex_core.sv(16): compiling module 'ibex_core:(RV32M=RV32MFast,RV32B=RV32BNone)'
[WARN (VERI-1060)] /home/users/ngpark/ibex/rtl/ibex_core.sv(531): 'initial' construct is ignored
[WARN (VERI-1060)] /home/users/ngpark/ibex/rtl/ibex_core.sv(532): 'initial' construct is ignored
[WARN (VERI-1060)] /home/users/ngpark/ibex/rtl/ibex_core.sv(1945): 'initial' construct is ignored
[WARN (VERI-1796)] /home/users/ngpark/ibex/rtl/ibex_core.sv(1172): system function call isunknown with non-constant argument is not supported for synthesis
[INFO (VERI-1018)] ./synthlc/i_DIV_out/xEnumCycleCnt/div_fsm_s13_top.sv(12): compiling module 'ibex_fv'
[WARN (VERI-1060)] ./synthlc/i_DIV_out/xEnumCycleCnt/div_fsm_s13_top.sv(378): 'initial' construct is ignored
[WARN (VDB-1002)] ./synthlc/i_DIV_out/xEnumCycleCnt/div_fsm_s13_top.sv(81): net 'data_rdata_i[31]' does not have a driver
[WARN (VDB-1002)] ./synthlc/i_DIV_out/xEnumCycleCnt/div_fsm_s13_top.sv(331): net 'pc0[31]' does not have a driver
[WARN (VDB-1002)] ./synthlc/i_DIV_out/xEnumCycleCnt/div_fsm_s13_top.sv(335): net 'i0[31]' does not have a driver
WARNING (WNL008): Module "ibex_if_stage" is blackboxed due to analyze/elaborate bbox_m or compilation configuration. All instances will be blackboxed.
INFO (INL208): Elaboration synthesis summary:
  Number of synthesized netlists          24 (1 packages)
  Single run mode                         On
  Pipeline                                On (22 pipelined netlists)
  Late hierarchical reference connection  On
  Number of analyzed Verilog modules      24 (16 synthesized)
  Number of analyzed VHDL entities        0 (0 synthesized)
WARNING (VDB-1002): /home/users/ngpark/ibex/rtl/ibex_if_stage.sv(87): net 'pc_id_o' does not have a driver
WARNING (WNL018): /home/users/ngpark/ibex/rtl/ibex_multdiv_fast.sv(278): multiplication operator mult_17s_17s (size 34) automatically black boxed.
    Use the "elaborate -bbox_mul" command to prevent automatic black-boxing.
INFO (INL003): Clearing all state information (assumes, stopats, and so forth).
INFO (IPM031): Clearing proof results of all properties.
INFO (IRS006): Current reset condition is "rst_ni".
WARNING (WPM025): Property "ibex_fv.EVENTUAL_ISSUE:precondition1", a related cover of "ibex_fv.EVENTUAL_ISSUE", was not copied to the new task.
WARNING (WPM025): Property "ibex_fv.ISSUE_ONCE:precondition1", a related cover of "ibex_fv.ISSUE_ONCE", was not copied to the new task.
WARNING (WPM025): Property "ibex_fv.pc0_i0_assoc:precondition1", a related cover of "ibex_fv.pc0_i0_assoc", was not copied to the new task.
=========CUSTOMTCL=========
cover -name CS_div_fsm_s13_1 {@(posedge clk_i) !div_fsm_s13 ##1 div_fsm_s13 [*1] ##1 !div_fsm_s13 }
Ncustom1: Custom engine code is hT3Ng7hPPfiYQOTDZ3qhYOwGAM51eA+J/FjkM5shLioAsqhgLR4Ft+O1BuKG6ilQ83B9tLXSl+CwjiTMAQA
Bcustom2: Custom engine code is hT3Nm7hPr1Vp3Di1Ra2USNIGL4JypRnLKLAdF6JAyuavO2JfGCiY9OZJhcAcOUnLx5xwNdhILGrAWX9s+z2WDkKwNR7tAfClBEjRFVQeq6DU54boFgEA
AMcustom3: Custom engine code is hT3Ng7hP/feYQOTDZ3qhYOwGAM51eA+J/FjkM5shLioAsqhgLR4Ft+O1BuKG6ilQ83B9tLXSmmqwm7g9AQA
Mpcustom4: Custom engine code is hT3NZbhP9fmY2AbBQnsjfOxn6c+6e6yL+/e8fZFmaQrnlgEA
INFO (IPF036): Starting proof on task: "mytask", 1 properties to prove with 0 already proven/unreachable
INFO (IRS029): Starting reset analysis: phase 1 of 4.
INFO (IRS030): Running reset analysis: phase 2 of 4.
INFO (IRS031): Running reset analysis: phase 3 of 4.
INFO (IRS020): Starting the reset analysis simulation with a limit of 100 iterations (phase 4 of 4).
INFO (IRS024): Reset iterations 0 to 4 analyzed.
INFO (IRS018): Reset analysis simulation executed for 3 iterations. Assigned values for 1832 of 1906 design flops, 0 of 0 design latches, 157 of 222 internal elements.
INFO (IRS039): Reset analysis complete.
INFO (IPF031): Settings used for proof thread 0:
    orchestration                 = on (auto)
    time_limit                    = 600s
    per_property_time_limit       = 1s * 10 ^ scan
    engine_mode                   = auto
    proofgrid_per_engine_max_jobs = 1
    max engine jobs               = auto
    proofgrid_mode                = local
    proofgrid_restarts            = 10
AMcustom5: Custom engine code is hT3N1rhP11/52HrFRS21ROp2LOjVTgPvT8L8BGXHgLhaIuqtT4nARFjUqrBL+7pLmaTOzBepZW/Jm8SSrHDybSQtoNiO3y43wk+dEoWlsZizu97Fih6O6lPVG/LpWP5SsUPwlGagLNa1FKEFvwVXyX7//8prySbvSxIHXr5er+z4RAEA
0: Using multistage preprocessing
Ncustom6: Custom engine code is hT3OXrhPByJp3TrFSTLhUmMH4KVtJgmTCnNDF46yMXOKY48m4LS5nE7yBzFjA7kDuwO/GhGUpEPiky3p3wmPn3dJZHxFMsafSoObRzSC+tn7sEY0WbTdZ/FV4hL3MYH/b1CIUvXSWR4wqEoVLsmMOD4xIPT4lI1LO6ZCO7PnnWQuLwetnvKlrXx6wCW/A+x+enqslg1YPobi4wEF/EvbzOvcTYdJvl2s4H2yZg2b2ofAVN5WvhWk1HoBAA
0: Starting reduce
ADcustom7: Custom engine code is hT3Nv7hPv1752HrFRa2kROx2f/ECJeZB2AZsLdlO8VwmIuqtT4nIDFXclhg+O+o+DMmQCekbheGk0kK28laA9gaOFDXsQp29J3X615HY1IPHJWd6FUFvCHjO+p1k652b5JJvZlShNpGlGSXAiQe/mEAj6tEBAA
Tricustom8: Custom engine code is hT3Nu7hPt1752DvFRa0kNDiyIV97VyejwM9C/jCLJjdPvusZONHY42VYUy0Q1ZotnhcVtNc56tJ5wbxv6V2+XpdsaSlHck5vfnbYjdwj1OECy9U+7oSQ0SZE3g5ayD+Phuh4odCJTjeKa2k4elM9ldQfkAEA
Gcustom9: Custom engine code is hT3NibhPDfeYQADBZnYcglOvK9Pfd7EOeniIqP8jNsyIqInncipMGcUXqAadachREE9F2PwhBUZUNw5kHnd4JdXkamORRgEA
C2custom10: Custom engine code is hT3NirhPjfWYQADBZnYcglOvK9Pfd7EOeniIqP8jNsyIqInncgkrYMMXCYbdK0dUjZIF9d4cJ0rHoBDjwVLBKuG86XYVV00BAA
AGcustom11: Custom engine code is hT3NirhP/fmYQADBZnYcglOvK9Pfd7EOeniIqP8jNsyIqInnckcwYMMXCYbdK0dUjZIF9d4cJ0rHoBDjwVLBKuHEZnZByh0BAA
Bcustom12: Custom engine code is hT3NjrhPDfiYQADBZnYcglOvK9PfWxFtenjIyBqfrgr7if/jL/yPOuK1BAflEcW0DxNH2eDIoezN2gxlQFg81RZtiWXh7aiTAidvAQA
Ncustom13: Custom engine code is hT3NR7hPByFp3TrFSTLhUmMH4KWtJglTyV/c51BHEeZWamnJv767nE6PCak26bd3gf3XGN3rIRheufhDieCJQVISo+gNYUKhiUedBKGtsP/a18svAnlMJZudHxDFwK5ufsyoxsIyiAeSY2oi3tEuoDHr5gw42DFKAG3PqO3CEsl8Azzdt3pl5nGA1Ifv2H02eYsFzWb/nfp8PMb3F0krE/EgBcm8TD9Div8BAA
Tricustom14: Custom engine code is hT3Nu7hP3fiYQADBZnYcglNHp9bfd7EOeniIqP/ji8sGLQu8yhsFO+wxJ+O+R0bU8g/IewXFomyos+viQnWc2xYNYmMqpo3i40O7DaZR7qfp4YqNx26KRvQ/qx0BAA
0: Finished reduce in 0.043s
0.0.PRE: Performing Proof Simplification...
0.0.N: clocks: 1, declared: 1, looping: 0, posedge: 1, negedge: 0, noedge: 0, bothedge: 0
0.0.N: Proof Simplification Iteration 1	[0.00 s]
0.0.N: Proof Simplification Iteration 2	[0.04 s]
0.0.N: Proof Simplification Iteration 3	[0.06 s]
0.0.N: Proof Simplification Iteration 4	[0.08 s]
0.0.N: Proof Simplification Iteration 5	[0.10 s]
0.0.N: Proof Simplification Iteration 6	[0.11 s]
0.0.N: Proof Simplification Iteration 7	[0.13 s]
0.0.N: Proof Simplification Iteration 8	[0.15 s]
0.0.N: Proof Simplification Iteration 9	[0.17 s]
0.0.N: Proof Simplification Iteration 10	[0.19 s]
0.0.PRE: Proof Simplification completed in 0.23 s
0: About to start ProofGrid in its own thread with a limit of 10000 pending notifications and a limit of 10 traces.
0: =============================== ProofGrid start ===============================
0: ProofGrid usable level: 1
0: Initial ProofGrid level: 1
0: ProofGrid is starting event handling
0.0.Hp: caddy15.stanford.edu: "Rocky Linux 8.10 (Green Obsidian)" is an unsupported operating system.
0.0.N: caddy15.stanford.edu: "Rocky Linux 8.10 (Green Obsidian)" is an unsupported operating system.
0.0.Ht: caddy15.stanford.edu: "Rocky Linux 8.10 (Green Obsidian)" is an unsupported operating system.
0.0.N: Proofgrid shell started at 3514488@caddy15.stanford.edu(local) jg_3514426_caddy15.stanford.edu_1
0.0.Hp: Proofgrid shell started at 3514489@caddy15.stanford.edu(local) jg_3514426_caddy15.stanford.edu_1
0.0.Mpcustom4: caddy15.stanford.edu: "Rocky Linux 8.10 (Green Obsidian)" is an unsupported operating system.
0.0.N: clocks: 1, declared: 1, looping: 0, posedge: 1, negedge: 0, noedge: 0, bothedge: 0
0.0.Ht: Proofgrid shell started at 3514512@caddy15.stanford.edu(local) jg_3514426_caddy15.stanford.edu_1
0.0.B: caddy15.stanford.edu: "Rocky Linux 8.10 (Green Obsidian)" is an unsupported operating system.
0.0.Hp: clocks: 1, declared: 1, looping: 0, posedge: 1, negedge: 0, noedge: 0, bothedge: 0
0.0.AM: caddy15.stanford.edu: "Rocky Linux 8.10 (Green Obsidian)" is an unsupported operating system.
0.0.Ht: clocks: 1, declared: 1, looping: 0, posedge: 1, negedge: 0, noedge: 0, bothedge: 0
0.0.Mpcustom4: Proofgrid shell started at 3514530@caddy15.stanford.edu(local) jg_3514426_caddy15.stanford.edu_1
0.0.N: Last scan. Per property time limit: 0s
0.0.N: Starting proof for property "CS_div_fsm_s13_1"	[0.00 s].
0.0.N: Trace Attempt  1	[0.01 s]
0.0.N: Trace Attempt  2	[0.02 s]
0.0.N: Trace Attempt  3	[0.02 s]
0.0.Ht: Trace Attempt  1	[0.05 s]
0.0.Ht: Trace Attempt  2	[0.05 s]
0.0.Mpcustom4: clocks: 1, declared: 1, looping: 0, posedge: 1, negedge: 0, noedge: 0, bothedge: 0
0.0.Oh: caddy15.stanford.edu: "Rocky Linux 8.10 (Green Obsidian)" is an unsupported operating system.
0.0.Ht: Trace Attempt  3	[0.05 s]
0.0.Ht: Trace Attempt  4	[0.06 s]
0.0.AM: Proofgrid shell started at 3514554@caddy15.stanford.edu(local) jg_3514426_caddy15.stanford.edu_1
0.0.Ht: Trace Attempt  5	[0.07 s]
0.0.Mpcustom4: Trace Attempt  1	[0.04 s]
0.0.AM: clocks: 1, declared: 1, looping: 0, posedge: 1, negedge: 0, noedge: 0, bothedge: 0
0.0.N: Trace Attempt  3	[0.06 s]
0.0.Mpcustom4: Trace Attempt  2	[0.06 s]
0.0.AM: Last scan. Per property time limit: 0s
0.0.AM: Starting proof for property "CS_div_fsm_s13_1"	[0.00 s].
0.0.AM: Trace Attempt  1	[0.00 s]
0.0.AM: Trace Attempt  2	[0.01 s]
0.0.N: Trace Attempt  4	[0.08 s]
0.0.N: Trace Attempt  5	[0.08 s]
0.0.AM: Trace Attempt  3	[0.05 s]
0.0.B: Proofgrid shell started at 3514549@caddy15.stanford.edu(local) jg_3514426_caddy15.stanford.edu_1
0.0.B: clocks: 1, declared: 1, looping: 0, posedge: 1, negedge: 0, noedge: 0, bothedge: 0
0.0.AM: Trace Attempt  4	[0.10 s]
0.0.B: Last scan. Per property time limit: 0s
0.0.B: Starting proof for property "CS_div_fsm_s13_1"	[0.00 s].
0.0.B: Trace Attempt  1	[0.01 s]
0.0.B: Trace Attempt  2	[0.04 s]
0.0.B: Trace Attempt  3	[0.05 s]
0.0.AM: Trace Attempt  5	[0.16 s]
0.0.B: Trace Attempt  4	[0.08 s]
0.0.Oh: Proofgrid shell started at 3514544@caddy15.stanford.edu(local) jg_3514426_caddy15.stanford.edu_1
0.0.B: Trace Attempt  5	[0.15 s]
0.0.Oh: clocks: 1, declared: 1, looping: 0, posedge: 1, negedge: 0, noedge: 0, bothedge: 0
0.0.Oh: bwd trail(1): 1 0.113941s
0.0.Oh: All properties either determined or skipped. [0.25 s]
0.0.Oh: Exited with Success (@ 0.68 s)
0.0.Mpcustom4: Trace Attempt  3	[0.62 s]
0.0.Mpcustom4: Trace Attempt  3	[0.67 s]
0.0.Mpcustom4: Trace Attempt  4	[0.69 s]
0.0.N: Trace Attempt  1	[0.74 s]
0.0.N: Trace Attempt  2	[0.74 s]
0.0.N: Trace Attempt  3	[0.74 s]
0.0.N: Trace Attempt  5	[0.75 s]
0.0.Mpcustom4: Trace Attempt  4	[0.78 s]
0.0.Mpcustom4: Trace Attempt  5	[0.81 s]
0.0.Mpcustom4: Trace Attempt  5	[0.89 s]
0.0.AM: Trace Attempt  1	[1.06 s]
0.0.AM: Trace Attempt  2	[1.09 s]
0.0.AM: Trace Attempt  3	[1.09 s]
0.0.AM: Trace Attempt  5	[1.11 s]
0.0.N: Trace Attempt  1	[2.28 s]
0.0.N: Trace Attempt  2	[2.31 s]
0.0.N: Trace Attempt  3	[2.31 s]
0.0.N: Trace Attempt  5	[2.32 s]
0.0.AM: Trace Attempt  1	[2.49 s]
0.0.AM: Trace Attempt  2	[2.52 s]
0.0.AM: Trace Attempt  3	[2.52 s]
0.0.AM: Trace Attempt  5	[2.54 s]
0.0.AM: Trace Attempt  1	[3.94 s]
0.0.AM: Trace Attempt  2	[3.97 s]
0.0.AM: Trace Attempt  3	[3.98 s]
0.0.AM: Trace Attempt  5	[3.99 s]
0.0.Ht: Trace Attempt 36	[4.25 s]
0.0.B: Trace Attempt 39	[4.33 s]
0.0.Mpcustom4: Trace Attempt 15	[4.94 s]
0.0.Mpcustom4: Trace Attempt 23	[9.51 s]
0.0.N: Requesting engine job to stop
0.0.B: Requesting engine job to stop
0.0.AM: Requesting engine job to stop
0.0.Hp: Requesting engine job to terminate
0.0.Ht: Requesting engine job to terminate
0.0.Mpcustom4: Requesting engine job to terminate
INFO (IPF144): 0: Initiating shutdown of proof [9.74 s]
0.0.B: Trace Attempt 41	[4.55 s]
0.0.B: A trace with 41 cycles was found. [9.49 s]
INFO (IPF047): 0.0.B: The cover property "CS_div_fsm_s13_1" was covered in 41 cycles in 9.70 s.
0.0.B: Stopped processing property "CS_div_fsm_s13_1"	[9.70 s].
0.0.B: All properties determined. [9.53 s]
0.0.B: Exited with Success (@ 9.77 s)
0: ProofGrid usable level: 0
0.0.N: Trace Attempt 40	[4.66 s]
0.0.N: Stopped processing property "CS_div_fsm_s13_1"	[9.90 s].
0.0.N: All properties determined. [9.72 s]
0.0.N: Exited with Success (@ 9.79 s)
0.0.Mpcustom4: Trace Attempt 25	[9.63 s]
0.0.Mpcustom4: All properties determined. [9.84 s]
0.0.Mpcustom4: Exited with Success (@ 9.93 s)
0.0.AM: Trace Attempt 30	[5.77 s]
0.0.AM: Stopped processing property "CS_div_fsm_s13_1"	[9.81 s].
0.0.AM: All properties determined. [9.80 s]
0.0.AM: Exited with Success (@ 9.95 s)
0.0.Hp: Interrupted (multi)
0.0.Hp: All properties determined. [10.17 s]
0.0.Ht: Interrupted (multi)
0.0.Ht: All properties determined. [10.66 s]
0.0.Hp: Exited with Success (@ 10.69 s)
0.0.Ht: Exited with Success (@ 10.85 s)
0: --------------------------------------------------------------
ProofGrid Summary (utilization 98.29 %)
--------------------------------------------------------------
     engines started                               :     7
     engine jobs started                           :     7

    Average time in state (seconds)
    ------------------------------------------------------
    Engine  Pending     Running        Dead    Utilization
    ------------------------------------------------------
      N        0.11        9.73        0.00       98.90 %
     Hp        0.09        9.73        0.00       99.06 %
     Ht        0.08        9.71        0.00       99.16 %
    Mpcustom4        0.09        9.67        0.00       99.03 %
     Oh        0.37        0.25        0.00       40.69 %
      B        0.19        9.53        0.00       98.07 %
     AM        0.08        9.63        0.00       99.15 %
    all        0.14        8.32        0.00       98.29 %

    Total time in state (seconds)
    -----------------------------------------
            Pending     Running        Dead  
    -----------------------------------------
               1.01       58.26        0.00

    Data read    : 118.02 kiB
    Data written : 14.00 kiB

0: All pending notifications were processed.
INFO (IPF059): 0: Completed proof on task: "mytask"
cover -name CS_div_fsm_s13_2 {@(posedge clk_i) !div_fsm_s13 ##1 div_fsm_s13 [*2] ##1 !div_fsm_s13 }
INFO (IPF036): Starting proof on task: "mytask", 1 properties to prove with 0 already proven/unreachable
INFO (IPF031): Settings used for proof thread 1:
    orchestration                 = on (auto)
    time_limit                    = 600s
    per_property_time_limit       = 1s * 10 ^ scan
    engine_mode                   = auto
    proofgrid_per_engine_max_jobs = 1
    max engine jobs               = auto
    proofgrid_mode                = local
    proofgrid_restarts            = 10
1: Using multistage preprocessing
1: Starting reduce
1: Finished reduce in 0.04s
1.0.PRE: Performing Proof Simplification...
1.0.N: clocks: 1, declared: 1, looping: 0, posedge: 1, negedge: 0, noedge: 0, bothedge: 0
1.0.N: Proof Simplification Iteration 1	[0.00 s]
1.0.N: Proof Simplification Iteration 2	[0.04 s]
1.0.N: Proof Simplification Iteration 3	[0.06 s]
1.0.N: Proof Simplification Iteration 4	[0.07 s]
1.0.N: Proof Simplification Iteration 5	[0.09 s]
1.0.N: Proof Simplification Iteration 6	[0.11 s]
1.0.N: Proof Simplification Iteration 7	[0.13 s]
1.0.N: Proof Simplification Iteration 8	[0.15 s]
1.0.N: Proof Simplification Iteration 9	[0.17 s]
1.0.N: Proof Simplification Iteration 10	[0.18 s]
1.0.PRE: Proof Simplification completed in 0.23 s
1: About to start ProofGrid in its own thread with a limit of 10000 pending notifications and a limit of 10 traces.
1: =============================== ProofGrid start ===============================
1: ProofGrid usable level: 1
1: Initial ProofGrid level: 1
1: ProofGrid is starting event handling
1.0.N: caddy15.stanford.edu: "Rocky Linux 8.10 (Green Obsidian)" is an unsupported operating system.
1.0.Hp: caddy15.stanford.edu: "Rocky Linux 8.10 (Green Obsidian)" is an unsupported operating system.
1.0.Ht: caddy15.stanford.edu: "Rocky Linux 8.10 (Green Obsidian)" is an unsupported operating system.
1.0.Hp: Proofgrid shell started at 3514611@caddy15.stanford.edu(local) jg_3514426_caddy15.stanford.edu_2
1.0.N: Proofgrid shell started at 3514610@caddy15.stanford.edu(local) jg_3514426_caddy15.stanford.edu_2
1.0.N: clocks: 1, declared: 1, looping: 0, posedge: 1, negedge: 0, noedge: 0, bothedge: 0
1.0.Hp: clocks: 1, declared: 1, looping: 0, posedge: 1, negedge: 0, noedge: 0, bothedge: 0
1.0.N: Last scan. Per property time limit: 0s
1.0.N: Starting proof for property "CS_div_fsm_s13_2"	[0.00 s].
1.0.Mpcustom4: caddy15.stanford.edu: "Rocky Linux 8.10 (Green Obsidian)" is an unsupported operating system.
1.0.N: Trace Attempt  1	[0.01 s]
1.0.Ht: Proofgrid shell started at 3514633@caddy15.stanford.edu(local) jg_3514426_caddy15.stanford.edu_2
1.0.N: Trace Attempt  2	[0.01 s]
1.0.N: Trace Attempt  3	[0.01 s]
1.0.Ht: clocks: 1, declared: 1, looping: 0, posedge: 1, negedge: 0, noedge: 0, bothedge: 0
1.0.N: Trace Attempt  3	[0.04 s]
1.0.Ht: Trace Attempt  1	[0.04 s]
1.0.Ht: Trace Attempt  2	[0.04 s]
1.0.Ht: Trace Attempt  3	[0.04 s]
1.0.N: Trace Attempt  4	[0.06 s]
1.0.N: Trace Attempt  5	[0.06 s]
1.0.Ht: Trace Attempt  4	[0.05 s]
1.0.Ht: Trace Attempt  5	[0.06 s]
1.0.Mpcustom4: Proofgrid shell started at 3514652@caddy15.stanford.edu(local) jg_3514426_caddy15.stanford.edu_2
1.0.Mpcustom4: clocks: 1, declared: 1, looping: 0, posedge: 1, negedge: 0, noedge: 0, bothedge: 0
1.0.N: Trace Attempt  5	[0.12 s]
1.0.Mpcustom4: Trace Attempt  1	[0.04 s]
1.0.Mpcustom4: Trace Attempt  2	[0.06 s]
1.0.AM: caddy15.stanford.edu: "Rocky Linux 8.10 (Green Obsidian)" is an unsupported operating system.
1.0.Oh: caddy15.stanford.edu: "Rocky Linux 8.10 (Green Obsidian)" is an unsupported operating system.
1.0.B: caddy15.stanford.edu: "Rocky Linux 8.10 (Green Obsidian)" is an unsupported operating system.
1.0.AM: Proofgrid shell started at 3514663@caddy15.stanford.edu(local) jg_3514426_caddy15.stanford.edu_2
1.0.B: Proofgrid shell started at 3514661@caddy15.stanford.edu(local) jg_3514426_caddy15.stanford.edu_2
1.0.Oh: Proofgrid shell started at 3514660@caddy15.stanford.edu(local) jg_3514426_caddy15.stanford.edu_2
1.0.AM: clocks: 1, declared: 1, looping: 0, posedge: 1, negedge: 0, noedge: 0, bothedge: 0
1.0.Oh: clocks: 1, declared: 1, looping: 0, posedge: 1, negedge: 0, noedge: 0, bothedge: 0
1.0.AM: Last scan. Per property time limit: 0s
1.0.AM: Starting proof for property "CS_div_fsm_s13_2"	[0.00 s].
1.0.AM: Trace Attempt  1	[0.00 s]
1.0.AM: Trace Attempt  2	[0.01 s]
1.0.B: clocks: 1, declared: 1, looping: 0, posedge: 1, negedge: 0, noedge: 0, bothedge: 0
1.0.B: Last scan. Per property time limit: 0s
1.0.B: Starting proof for property "CS_div_fsm_s13_2"	[0.00 s].
1.0.B: Trace Attempt  1	[0.01 s]
1.0.AM: Trace Attempt  3	[0.03 s]
1.0.B: Trace Attempt  2	[0.02 s]
1.0.B: Trace Attempt  3	[0.03 s]
1.0.B: Trace Attempt  4	[0.04 s]
1.0.B: Trace Attempt  5	[0.08 s]
1.0.AM: Trace Attempt  4	[0.10 s]
1.0.AM: Trace Attempt  5	[0.14 s]
1.0.Mpcustom4: Trace Attempt  3	[0.61 s]
1.0.Mpcustom4: Trace Attempt  3	[0.66 s]
1.0.Mpcustom4: Trace Attempt  4	[0.68 s]
1.0.Mpcustom4: Trace Attempt  4	[0.75 s]
1.0.Oh: bwd trail(1): 1 0.113582s
1.0.Oh: All properties either determined or skipped. [0.38 s]
1.0.Oh: Exited with Success (@ 0.89 s)
1.0.Oh: Completed, Restart ignored.
1.0.Mpcustom4: Trace Attempt  5	[0.77 s]
1.0.AM: Trace Attempt  1	[0.87 s]
1.0.AM: Trace Attempt  2	[0.90 s]
1.0.AM: Trace Attempt  3	[0.90 s]
1.0.AM: Trace Attempt  5	[0.92 s]
1.0.N: Trace Attempt  1	[1.48 s]
1.0.N: Trace Attempt  2	[1.51 s]
1.0.N: Trace Attempt  3	[1.51 s]
1.0.N: Trace Attempt  5	[1.52 s]
1.0.AM: Trace Attempt  1	[1.69 s]
1.0.AM: Trace Attempt  2	[1.71 s]
1.0.AM: Trace Attempt  3	[1.72 s]
1.0.AM: Trace Attempt  5	[1.73 s]
1.0.Ht: Trace Attempt 38	[4.13 s]
1.0.Mpcustom4: Trace Attempt 22	[5.12 s]
1.0.N: Requesting engine job to stop
1.0.B: Requesting engine job to stop
1.0.AM: Requesting engine job to stop
1.0.Hp: Requesting engine job to terminate
1.0.Ht: Requesting engine job to terminate
1.0.Mpcustom4: Requesting engine job to terminate
INFO (IPF144): 1: Initiating shutdown of proof [8.94 s]
1.0.B: Trace Attempt 42	[3.64 s]
1.0.B: A trace with 42 cycles was found. [8.39 s]
INFO (IPF047): 1.0.B: The cover property "CS_div_fsm_s13_2" was covered in 42 cycles in 8.42 s.
1.0.B: Stopped processing property "CS_div_fsm_s13_2"	[8.46 s].
1.0.B: All properties determined. [8.41 s]
1.0.B: Exited with Success (@ 8.95 s)
1: ProofGrid usable level: 0
1.0.N: Trace Attempt 41	[4.16 s]
1.0.N: Stopped processing property "CS_div_fsm_s13_2"	[9.01 s].
1.0.N: All properties determined. [9.01 s]
1.0.N: Exited with Success (@ 9.04 s)
1.0.Mpcustom4: Trace Attempt 26	[8.82 s]
1.0.Mpcustom4: All properties determined. [8.99 s]
1.0.Mpcustom4: Exited with Success (@ 9.13 s)
1.0.AM: Trace Attempt 33	[3.67 s]
1.0.AM: Stopped processing property "CS_div_fsm_s13_2"	[8.62 s].
1.0.AM: All properties determined. [8.63 s]
1.0.AM: Exited with Success (@ 9.40 s)
1.0.Hp: Interrupted (multi)
1.0.Hp: All properties determined. [9.59 s]
1.0.Hp: Exited with Success (@ 9.87 s)
1.0.Ht: Interrupted (multi)
1.0.Ht: All properties determined. [10.35 s]
1.0.Ht: Exited with Success (@ 10.55 s)
1: --------------------------------------------------------------
ProofGrid Summary (utilization 96.65 %)
--------------------------------------------------------------
     engines started                               :     7
     engine jobs started                           :     7

    Average time in state (seconds)
    ------------------------------------------------------
    Engine  Pending     Running        Dead    Utilization
    ------------------------------------------------------
      N        0.11        8.93        0.00       98.80 %
     Hp        0.09        8.93        0.00       99.05 %
     Ht        0.09        8.90        0.00       98.98 %
    Mpcustom4        0.15        8.82        0.00       98.35 %
     Oh        0.48        0.38        0.00       44.58 %
      B        0.47        8.44        0.00       94.76 %
     AM        0.45        8.47        0.00       94.91 %
    all        0.26        7.55        0.00       96.65 %

    Total time in state (seconds)
    -----------------------------------------
            Pending     Running        Dead  
    -----------------------------------------
               1.83       52.87        0.00

    Data read    : 120.63 kiB
    Data written : 8.74 kiB

1: All pending notifications were processed.
INFO (IPF059): 1: Completed proof on task: "mytask"
cover -name CS_div_fsm_s13_3 {@(posedge clk_i) !div_fsm_s13 ##1 div_fsm_s13 [*3] ##1 !div_fsm_s13 }
INFO (IPF036): Starting proof on task: "mytask", 1 properties to prove with 0 already proven/unreachable
INFO (IPF031): Settings used for proof thread 2:
    orchestration                 = on (auto)
    time_limit                    = 600s
    per_property_time_limit       = 1s * 10 ^ scan
    engine_mode                   = auto
    proofgrid_per_engine_max_jobs = 1
    max engine jobs               = auto
    proofgrid_mode                = local
    proofgrid_restarts            = 10
2: Using multistage preprocessing
2: Starting reduce
2: Finished reduce in 0.04s
2.0.PRE: Performing Proof Simplification...
2.0.N: clocks: 1, declared: 1, looping: 0, posedge: 1, negedge: 0, noedge: 0, bothedge: 0
2.0.N: Proof Simplification Iteration 1	[0.00 s]
2.0.N: Proof Simplification Iteration 2	[0.04 s]
2.0.N: Proof Simplification Iteration 3	[0.06 s]
2.0.N: Proof Simplification Iteration 4	[0.07 s]
2.0.N: Proof Simplification Iteration 5	[0.09 s]
2.0.N: Proof Simplification Iteration 6	[0.11 s]
2.0.N: Proof Simplification Iteration 7	[0.13 s]
2.0.N: Proof Simplification Iteration 8	[0.14 s]
2.0.N: Proof Simplification Iteration 9	[0.16 s]
2.0.N: Proof Simplification Iteration 10	[0.18 s]
2.0.PRE: Proof Simplification completed in 0.23 s
2: About to start ProofGrid in its own thread with a limit of 10000 pending notifications and a limit of 10 traces.
2: =============================== ProofGrid start ===============================
2: ProofGrid usable level: 1
2: Initial ProofGrid level: 1
2: ProofGrid is starting event handling
2.0.N: caddy15.stanford.edu: "Rocky Linux 8.10 (Green Obsidian)" is an unsupported operating system.
2.0.Hp: caddy15.stanford.edu: "Rocky Linux 8.10 (Green Obsidian)" is an unsupported operating system.
2.0.Ht: caddy15.stanford.edu: "Rocky Linux 8.10 (Green Obsidian)" is an unsupported operating system.
2.0.Mpcustom4: caddy15.stanford.edu: "Rocky Linux 8.10 (Green Obsidian)" is an unsupported operating system.
2.0.Hp: Proofgrid shell started at 3514851@caddy15.stanford.edu(local) jg_3514426_caddy15.stanford.edu_3
2.0.N: Proofgrid shell started at 3514850@caddy15.stanford.edu(local) jg_3514426_caddy15.stanford.edu_3
2.0.Oh: caddy15.stanford.edu: "Rocky Linux 8.10 (Green Obsidian)" is an unsupported operating system.
2.0.Hp: clocks: 1, declared: 1, looping: 0, posedge: 1, negedge: 0, noedge: 0, bothedge: 0
2.0.N: clocks: 1, declared: 1, looping: 0, posedge: 1, negedge: 0, noedge: 0, bothedge: 0
2.0.Ht: Proofgrid shell started at 3514874@caddy15.stanford.edu(local) jg_3514426_caddy15.stanford.edu_3
2.0.N: Last scan. Per property time limit: 0s
2.0.N: Starting proof for property "CS_div_fsm_s13_3"	[0.00 s].
2.0.B: caddy15.stanford.edu: "Rocky Linux 8.10 (Green Obsidian)" is an unsupported operating system.
2.0.N: Trace Attempt  1	[0.01 s]
2.0.Ht: clocks: 1, declared: 1, looping: 0, posedge: 1, negedge: 0, noedge: 0, bothedge: 0
2.0.AM: caddy15.stanford.edu: "Rocky Linux 8.10 (Green Obsidian)" is an unsupported operating system.
2.0.N: Trace Attempt  2	[0.01 s]
2.0.N: Trace Attempt  3	[0.01 s]
2.0.Mpcustom4: Proofgrid shell started at 3514892@caddy15.stanford.edu(local) jg_3514426_caddy15.stanford.edu_3
2.0.Mpcustom4: clocks: 1, declared: 1, looping: 0, posedge: 1, negedge: 0, noedge: 0, bothedge: 0
2.0.N: Trace Attempt  3	[0.04 s]
2.0.Ht: Trace Attempt  1	[0.04 s]
2.0.Oh: Proofgrid shell started at 3514907@caddy15.stanford.edu(local) jg_3514426_caddy15.stanford.edu_3
2.0.Ht: Trace Attempt  2	[0.04 s]
2.0.Ht: Trace Attempt  3	[0.04 s]
2.0.Oh: clocks: 1, declared: 1, looping: 0, posedge: 1, negedge: 0, noedge: 0, bothedge: 0
2.0.Ht: Trace Attempt  4	[0.04 s]
2.0.N: Trace Attempt  4	[0.06 s]
2.0.N: Trace Attempt  5	[0.06 s]
2.0.Ht: Trace Attempt  5	[0.05 s]
2.0.B: Proofgrid shell started at 3514918@caddy15.stanford.edu(local) jg_3514426_caddy15.stanford.edu_3
2.0.Mpcustom4: Trace Attempt  1	[0.04 s]
2.0.AM: Proofgrid shell started at 3514923@caddy15.stanford.edu(local) jg_3514426_caddy15.stanford.edu_3
2.0.B: clocks: 1, declared: 1, looping: 0, posedge: 1, negedge: 0, noedge: 0, bothedge: 0
2.0.AM: clocks: 1, declared: 1, looping: 0, posedge: 1, negedge: 0, noedge: 0, bothedge: 0
2.0.B: Last scan. Per property time limit: 0s
2.0.B: Starting proof for property "CS_div_fsm_s13_3"	[0.00 s].
2.0.Mpcustom4: Trace Attempt  2	[0.06 s]
2.0.AM: Last scan. Per property time limit: 0s
2.0.AM: Starting proof for property "CS_div_fsm_s13_3"	[0.00 s].
2.0.B: Trace Attempt  1	[0.01 s]
2.0.AM: Trace Attempt  1	[0.00 s]
2.0.AM: Trace Attempt  2	[0.01 s]
2.0.B: Trace Attempt  2	[0.02 s]
2.0.B: Trace Attempt  3	[0.03 s]
2.0.AM: Trace Attempt  3	[0.03 s]
2.0.B: Trace Attempt  4	[0.04 s]
2.0.N: Trace Attempt  5	[0.12 s]
2.0.AM: Trace Attempt  4	[0.06 s]
2.0.B: Trace Attempt  5	[0.07 s]
2.0.Oh: bwd trail(1): 1 0.106334s
2.0.AM: Trace Attempt  5	[0.08 s]
2.0.Oh: All properties either determined or skipped. [0.12 s]
2.0.Oh: Exited with Success (@ 0.20 s)
2.0.Mpcustom4: Trace Attempt  3	[0.61 s]
2.0.AM: Trace Attempt  1	[0.55 s]
2.0.AM: Trace Attempt  2	[0.58 s]
2.0.AM: Trace Attempt  3	[0.59 s]
2.0.AM: Trace Attempt  5	[0.60 s]
2.0.Mpcustom4: Trace Attempt  3	[0.66 s]
2.0.Mpcustom4: Trace Attempt  4	[0.69 s]
2.0.Mpcustom4: Trace Attempt  4	[0.74 s]
2.0.Mpcustom4: Trace Attempt  5	[0.77 s]
2.0.N: Trace Attempt  1	[1.98 s]
2.0.N: Trace Attempt  2	[2.00 s]
2.0.N: Trace Attempt  3	[2.01 s]
2.0.N: Trace Attempt  5	[2.02 s]
2.0.Mpcustom4: Trace Attempt 21	[4.92 s]
2.0.Mpcustom4: Trace Attempt 28	[8.96 s]
2.0.N: Requesting engine job to stop
2.0.B: Requesting engine job to stop
2.0.AM: Requesting engine job to stop
2.0.Hp: Requesting engine job to terminate
2.0.Ht: Requesting engine job to terminate
2.0.Mpcustom4: Requesting engine job to terminate
INFO (IPF144): 2: Initiating shutdown of proof [9.77 s]
2.0.B: Trace Attempt 43	[3.71 s]
2.0.B: A trace with 43 cycles was found. [9.65 s]
INFO (IPF047): 2.0.B: The cover property "CS_div_fsm_s13_3" was covered in 43 cycles in 9.70 s.
2: ProofGrid usable level: 0
2.0.B: Stopped processing property "CS_div_fsm_s13_3"	[9.73 s].
2.0.B: All properties determined. [9.68 s]
2.0.B: Exited with Success (@ 9.80 s)
2.0.N: Trace Attempt 42	[5.23 s]
2.0.N: Stopped processing property "CS_div_fsm_s13_3"	[9.81 s].
2.0.N: All properties determined. [9.79 s]
2.0.N: Exited with Success (@ 9.82 s)
2.0.Mpcustom4: Trace Attempt 29	[9.02 s]
2.0.Mpcustom4: All properties determined. [9.90 s]
2.0.Mpcustom4: Exited with Success (@ 9.97 s)
2.0.AM: Trace Attempt 34	[2.42 s]
2.0.AM: Stopped processing property "CS_div_fsm_s13_3"	[9.90 s].
2.0.AM: All properties determined. [9.90 s]
2.0.AM: Exited with Success (@ 10.27 s)
2.0.Hp: Interrupted (multi)
2.0.Hp: All properties determined. [10.59 s]
2.0.Hp: Exited with Success (@ 11.04 s)
2.0.Ht: Interrupted (multi)
2.0.Ht: Trace Attempt 35	[2.57 s]
2.0.Ht: All properties determined. [11.42 s]
2.0.Ht: Exited with Success (@ 11.58 s)
2: --------------------------------------------------------------
ProofGrid Summary (utilization 99.03 %)
--------------------------------------------------------------
     engines started                               :     7
     engine jobs started                           :     7

    Average time in state (seconds)
    ------------------------------------------------------
    Engine  Pending     Running        Dead    Utilization
    ------------------------------------------------------
      N        0.10        9.76        0.00       98.97 %
     Hp        0.08        9.76        0.00       99.20 %
     Ht        0.08        9.74        0.00       99.21 %
    Mpcustom4        0.08        9.72        0.00       99.22 %
     Oh        0.08        0.12        0.00       61.03 %
      B        0.08        9.68        0.00       99.17 %
     AM        0.08        9.67        0.00       99.16 %
    all        0.08        8.35        0.00       99.03 %

    Total time in state (seconds)
    -----------------------------------------
            Pending     Running        Dead  
    -----------------------------------------
               0.57       58.45        0.00

    Data read    : 121.23 kiB
    Data written : 8.35 kiB

2: All pending notifications were processed.
INFO (IPF059): 2: Completed proof on task: "mytask"
cover -name CS_div_fsm_s13_4 {@(posedge clk_i) !div_fsm_s13 ##1 div_fsm_s13 [*4] ##1 !div_fsm_s13 }
INFO (IPF036): Starting proof on task: "mytask", 1 properties to prove with 0 already proven/unreachable
INFO (IPF031): Settings used for proof thread 3:
    orchestration                 = on (auto)
    time_limit                    = 600s
    per_property_time_limit       = 1s * 10 ^ scan
    engine_mode                   = auto
    proofgrid_per_engine_max_jobs = 1
    max engine jobs               = auto
    proofgrid_mode                = local
    proofgrid_restarts            = 10
3: Using multistage preprocessing
3: Starting reduce
3: Finished reduce in 0.041s
3.0.PRE: Performing Proof Simplification...
3.0.N: clocks: 1, declared: 1, looping: 0, posedge: 1, negedge: 0, noedge: 0, bothedge: 0
3.0.N: Proof Simplification Iteration 1	[0.00 s]
3.0.N: Proof Simplification Iteration 2	[0.04 s]
3.0.N: Proof Simplification Iteration 3	[0.06 s]
3.0.N: Proof Simplification Iteration 4	[0.07 s]
3.0.N: Proof Simplification Iteration 5	[0.09 s]
3.0.N: Proof Simplification Iteration 6	[0.11 s]
3.0.N: Proof Simplification Iteration 7	[0.13 s]
3.0.N: Proof Simplification Iteration 8	[0.15 s]
3.0.N: Proof Simplification Iteration 9	[0.17 s]
3.0.N: Proof Simplification Iteration 10	[0.18 s]
3.0.PRE: Proof Simplification completed in 0.23 s
3: About to start ProofGrid in its own thread with a limit of 10000 pending notifications and a limit of 10 traces.
3: =============================== ProofGrid start ===============================
3: ProofGrid usable level: 1
3: Initial ProofGrid level: 1
3: ProofGrid is starting event handling
3.0.N: caddy15.stanford.edu: "Rocky Linux 8.10 (Green Obsidian)" is an unsupported operating system.
3.0.Hp: caddy15.stanford.edu: "Rocky Linux 8.10 (Green Obsidian)" is an unsupported operating system.
3.0.Ht: caddy15.stanford.edu: "Rocky Linux 8.10 (Green Obsidian)" is an unsupported operating system.
3.0.N: Proofgrid shell started at 3515077@caddy15.stanford.edu(local) jg_3514426_caddy15.stanford.edu_4
3.0.Mpcustom4: caddy15.stanford.edu: "Rocky Linux 8.10 (Green Obsidian)" is an unsupported operating system.
3.0.Hp: Proofgrid shell started at 3515078@caddy15.stanford.edu(local) jg_3514426_caddy15.stanford.edu_4
3.0.N: clocks: 1, declared: 1, looping: 0, posedge: 1, negedge: 0, noedge: 0, bothedge: 0
3.0.N: Last scan. Per property time limit: 0s
3.0.N: Starting proof for property "CS_div_fsm_s13_4"	[0.00 s].
3.0.N: Trace Attempt  1	[0.01 s]
3.0.N: Trace Attempt  2	[0.01 s]
3.0.N: Trace Attempt  3	[0.01 s]
3.0.Hp: clocks: 1, declared: 1, looping: 0, posedge: 1, negedge: 0, noedge: 0, bothedge: 0
3.0.AM: caddy15.stanford.edu: "Rocky Linux 8.10 (Green Obsidian)" is an unsupported operating system.
3.0.Ht: Proofgrid shell started at 3515100@caddy15.stanford.edu(local) jg_3514426_caddy15.stanford.edu_4
3.0.Ht: clocks: 1, declared: 1, looping: 0, posedge: 1, negedge: 0, noedge: 0, bothedge: 0
3.0.B: caddy15.stanford.edu: "Rocky Linux 8.10 (Green Obsidian)" is an unsupported operating system.
3.0.Oh: caddy15.stanford.edu: "Rocky Linux 8.10 (Green Obsidian)" is an unsupported operating system.
3.0.Ht: Trace Attempt  1	[0.04 s]
3.0.Ht: Trace Attempt  2	[0.04 s]
3.0.Ht: Trace Attempt  3	[0.04 s]
3.0.AM: Proofgrid shell started at 3515139@caddy15.stanford.edu(local) jg_3514426_caddy15.stanford.edu_4
3.0.Ht: Trace Attempt  4	[0.05 s]
3.0.Ht: Trace Attempt  5	[0.06 s]
3.0.Mpcustom4: Proofgrid shell started at 3515119@caddy15.stanford.edu(local) jg_3514426_caddy15.stanford.edu_4
3.0.AM: clocks: 1, declared: 1, looping: 0, posedge: 1, negedge: 0, noedge: 0, bothedge: 0
3.0.N: Trace Attempt  3	[0.09 s]
3.0.AM: Last scan. Per property time limit: 0s
3.0.AM: Starting proof for property "CS_div_fsm_s13_4"	[0.00 s].
3.0.AM: Trace Attempt  1	[0.00 s]
3.0.AM: Trace Attempt  2	[0.01 s]
3.0.Mpcustom4: clocks: 1, declared: 1, looping: 0, posedge: 1, negedge: 0, noedge: 0, bothedge: 0
3.0.N: Trace Attempt  4	[0.12 s]
3.0.N: Trace Attempt  5	[0.12 s]
3.0.AM: Trace Attempt  3	[0.03 s]
3.0.Mpcustom4: Trace Attempt  1	[0.04 s]
3.0.Mpcustom4: Trace Attempt  2	[0.06 s]
3.0.AM: Trace Attempt  4	[0.06 s]
3.0.AM: Trace Attempt  5	[0.08 s]
3.0.N: Trace Attempt  5	[0.25 s]
3.0.B: Proofgrid shell started at 3515135@caddy15.stanford.edu(local) jg_3514426_caddy15.stanford.edu_4
3.0.Oh: Proofgrid shell started at 3515128@caddy15.stanford.edu(local) jg_3514426_caddy15.stanford.edu_4
3.0.B: clocks: 1, declared: 1, looping: 0, posedge: 1, negedge: 0, noedge: 0, bothedge: 0
3.0.B: Last scan. Per property time limit: 0s
3.0.B: Starting proof for property "CS_div_fsm_s13_4"	[0.00 s].
3.0.B: Trace Attempt  1	[0.01 s]
3.0.Oh: clocks: 1, declared: 1, looping: 0, posedge: 1, negedge: 0, noedge: 0, bothedge: 0
3.0.B: Trace Attempt  2	[0.02 s]
3.0.B: Trace Attempt  3	[0.03 s]
3.0.B: Trace Attempt  4	[0.04 s]
3.0.B: Trace Attempt  5	[0.08 s]
3.0.Oh: bwd trail(1): 1 0.113485s
3.0.Oh: All properties either determined or skipped. [0.26 s]
3.0.Oh: Exited with Success (@ 0.65 s)
3.0.Oh: Completed, Restart ignored.
3.0.Mpcustom4: Trace Attempt  3	[0.63 s]
3.0.Mpcustom4: Trace Attempt  3	[0.67 s]
3.0.Mpcustom4: Trace Attempt  4	[0.70 s]
3.0.Mpcustom4: Trace Attempt  4	[0.75 s]
3.0.Mpcustom4: Trace Attempt  5	[0.78 s]
3.0.AM: Trace Attempt  1	[0.95 s]
3.0.AM: Trace Attempt  2	[0.98 s]
3.0.AM: Trace Attempt  3	[0.98 s]
3.0.AM: Trace Attempt  5	[1.00 s]
3.0.N: Trace Attempt  1	[1.62 s]
3.0.N: Trace Attempt  2	[1.65 s]
3.0.N: Trace Attempt  3	[1.65 s]
3.0.N: Trace Attempt  5	[1.67 s]
3.0.AM: Trace Attempt  1	[2.14 s]
3.0.AM: Trace Attempt  2	[2.17 s]
3.0.AM: Trace Attempt  3	[2.17 s]
3.0.AM: Trace Attempt  5	[2.19 s]
3.0.B: Trace Attempt 37	[4.12 s]
3.0.Mpcustom4: Trace Attempt 25	[5.40 s]
3.0.N: Requesting engine job to stop
3.0.B: Requesting engine job to stop
3.0.AM: Requesting engine job to stop
3.0.Hp: Requesting engine job to terminate
3.0.Ht: Requesting engine job to terminate
3.0.Mpcustom4: Requesting engine job to terminate
INFO (IPF144): 3: Initiating shutdown of proof [10.05 s]
3.0.B: Trace Attempt 44	[4.93 s]
3.0.B: A trace with 44 cycles was found. [9.66 s]
INFO (IPF047): 3.0.B: The cover property "CS_div_fsm_s13_4" was covered in 44 cycles in 9.68 s.
3.0.B: Stopped processing property "CS_div_fsm_s13_4"	[9.69 s].
3.0.B: All properties determined. [9.68 s]
3.0.B: Exited with Success (@ 10.07 s)
3: ProofGrid usable level: 0
3.0.N: Trace Attempt 27	[4.61 s]
3.0.N: Stopped processing property "CS_div_fsm_s13_4"	[10.06 s].
3.0.N: All properties determined. [10.06 s]
3.0.N: Exited with Success (@ 10.10 s)
3.0.AM: Trace Attempt 35	[4.16 s]
3.0.AM: Stopped processing property "CS_div_fsm_s13_4"	[10.03 s].
3.0.AM: All properties determined. [10.03 s]
3.0.AM: Exited with Success (@ 10.17 s)
3.0.Mpcustom4: Trace Attempt 31	[8.45 s]
3.0.Mpcustom4: All properties determined. [10.10 s]
3.0.Mpcustom4: Exited with Success (@ 10.75 s)
3.0.Ht: Interrupted (multi)
3.0.Ht: Trace Attempt 38	[3.87 s]
3.0.Ht: All properties determined. [10.77 s]
3.0.Hp: Interrupted (multi)
3.0.Hp: All properties determined. [10.92 s]
3.0.Hp: Exited with Success (@ 11.16 s)
3.0.Ht: Exited with Success (@ 11.29 s)
3: --------------------------------------------------------------
ProofGrid Summary (utilization 98.10 %)
--------------------------------------------------------------
     engines started                               :     7
     engine jobs started                           :     7

    Average time in state (seconds)
    ------------------------------------------------------
    Engine  Pending     Running        Dead    Utilization
    ------------------------------------------------------
      N        0.08       10.05        0.00       99.20 %
     Hp        0.08       10.02        0.00       99.20 %
     Ht        0.09       10.00        0.00       99.10 %
    Mpcustom4        0.13        9.93        0.00       98.67 %
     Oh        0.36        0.26        0.00       41.25 %
      B        0.32        9.69        0.00       96.77 %
     AM        0.09        9.94        0.00       99.11 %
    all        0.17        8.55        0.00       98.10 %

    Total time in state (seconds)
    -----------------------------------------
            Pending     Running        Dead  
    -----------------------------------------
               1.16       59.88        0.00

    Data read    : 122.78 kiB
    Data written : 8.29 kiB

3: All pending notifications were processed.
INFO (IPF059): 3: Completed proof on task: "mytask"
cover -name CS_div_fsm_s13_5 {@(posedge clk_i) !div_fsm_s13 ##1 div_fsm_s13 [*5] ##1 !div_fsm_s13 }
INFO (IPF036): Starting proof on task: "mytask", 1 properties to prove with 0 already proven/unreachable
INFO (IPF031): Settings used for proof thread 4:
    orchestration                 = on (auto)
    time_limit                    = 600s
    per_property_time_limit       = 1s * 10 ^ scan
    engine_mode                   = auto
    proofgrid_per_engine_max_jobs = 1
    max engine jobs               = auto
    proofgrid_mode                = local
    proofgrid_restarts            = 10
4: Using multistage preprocessing
4: Starting reduce
4: Finished reduce in 0.041s
4.0.PRE: Performing Proof Simplification...
4.0.N: clocks: 1, declared: 1, looping: 0, posedge: 1, negedge: 0, noedge: 0, bothedge: 0
4.0.N: Proof Simplification Iteration 1	[0.00 s]
4.0.N: Proof Simplification Iteration 2	[0.04 s]
4.0.N: Proof Simplification Iteration 3	[0.06 s]
4.0.N: Proof Simplification Iteration 4	[0.07 s]
4.0.N: Proof Simplification Iteration 5	[0.09 s]
4.0.N: Proof Simplification Iteration 6	[0.11 s]
4.0.N: Proof Simplification Iteration 7	[0.13 s]
4.0.N: Proof Simplification Iteration 8	[0.15 s]
4.0.N: Proof Simplification Iteration 9	[0.16 s]
4.0.N: Proof Simplification Iteration 10	[0.18 s]
4.0.PRE: Proof Simplification completed in 0.23 s
4: About to start ProofGrid in its own thread with a limit of 10000 pending notifications and a limit of 10 traces.
4: =============================== ProofGrid start ===============================
4: ProofGrid usable level: 1
4: Initial ProofGrid level: 1
4: ProofGrid is starting event handling
4.0.Hp: caddy15.stanford.edu: "Rocky Linux 8.10 (Green Obsidian)" is an unsupported operating system.
4.0.N: caddy15.stanford.edu: "Rocky Linux 8.10 (Green Obsidian)" is an unsupported operating system.
4.0.Mpcustom4: caddy15.stanford.edu: "Rocky Linux 8.10 (Green Obsidian)" is an unsupported operating system.
4.0.Ht: caddy15.stanford.edu: "Rocky Linux 8.10 (Green Obsidian)" is an unsupported operating system.
4.0.N: Proofgrid shell started at 3515193@caddy15.stanford.edu(local) jg_3514426_caddy15.stanford.edu_5
4.0.Hp: Proofgrid shell started at 3515194@caddy15.stanford.edu(local) jg_3514426_caddy15.stanford.edu_5
4.0.Hp: clocks: 1, declared: 1, looping: 0, posedge: 1, negedge: 0, noedge: 0, bothedge: 0
4.0.Ht: Proofgrid shell started at 3515216@caddy15.stanford.edu(local) jg_3514426_caddy15.stanford.edu_5
4.0.N: clocks: 1, declared: 1, looping: 0, posedge: 1, negedge: 0, noedge: 0, bothedge: 0
4.0.Oh: caddy15.stanford.edu: "Rocky Linux 8.10 (Green Obsidian)" is an unsupported operating system.
4.0.N: Last scan. Per property time limit: 0s
4.0.N: Starting proof for property "CS_div_fsm_s13_5"	[0.00 s].
4.0.N: Trace Attempt  1	[0.01 s]
4.0.Ht: clocks: 1, declared: 1, looping: 0, posedge: 1, negedge: 0, noedge: 0, bothedge: 0
4.0.Mpcustom4: Proofgrid shell started at 3515219@caddy15.stanford.edu(local) jg_3514426_caddy15.stanford.edu_5
4.0.N: Trace Attempt  2	[0.01 s]
4.0.N: Trace Attempt  3	[0.01 s]
4.0.Ht: Trace Attempt  1	[0.04 s]
4.0.Ht: Trace Attempt  2	[0.04 s]
4.0.Ht: Trace Attempt  3	[0.04 s]
4.0.Mpcustom4: clocks: 1, declared: 1, looping: 0, posedge: 1, negedge: 0, noedge: 0, bothedge: 0
4.0.Ht: Trace Attempt  4	[0.05 s]
4.0.N: Trace Attempt  3	[0.05 s]
4.0.Ht: Trace Attempt  5	[0.05 s]
4.0.N: Trace Attempt  4	[0.08 s]
4.0.Oh: Proofgrid shell started at 3515243@caddy15.stanford.edu(local) jg_3514426_caddy15.stanford.edu_5
4.0.B: caddy15.stanford.edu: "Rocky Linux 8.10 (Green Obsidian)" is an unsupported operating system.
4.0.N: Trace Attempt  5	[0.09 s]
4.0.Oh: clocks: 1, declared: 1, looping: 0, posedge: 1, negedge: 0, noedge: 0, bothedge: 0
4.0.Mpcustom4: Trace Attempt  1	[0.07 s]
4.0.Mpcustom4: Trace Attempt  2	[0.09 s]
4.0.AM: caddy15.stanford.edu: "Rocky Linux 8.10 (Green Obsidian)" is an unsupported operating system.
4.0.B: Proofgrid shell started at 3515259@caddy15.stanford.edu(local) jg_3514426_caddy15.stanford.edu_5
4.0.N: Trace Attempt  5	[0.25 s]
4.0.B: clocks: 1, declared: 1, looping: 0, posedge: 1, negedge: 0, noedge: 0, bothedge: 0
4.0.B: Last scan. Per property time limit: 0s
4.0.B: Starting proof for property "CS_div_fsm_s13_5"	[0.00 s].
4.0.B: Trace Attempt  1	[0.02 s]
4.0.B: Trace Attempt  2	[0.03 s]
4.0.B: Trace Attempt  3	[0.04 s]
4.0.B: Trace Attempt  4	[0.05 s]
4.0.Oh: bwd trail(1): 1 0.118582s
4.0.Oh: All properties either determined or skipped. [0.25 s]
4.0.Oh: Exited with Success (@ 0.38 s)
4.0.Oh: Completed, Restart ignored.
4.0.B: Trace Attempt  5	[0.09 s]
4.0.AM: Proofgrid shell started at 3515265@caddy15.stanford.edu(local) jg_3514426_caddy15.stanford.edu_5
4.0.AM: clocks: 1, declared: 1, looping: 0, posedge: 1, negedge: 0, noedge: 0, bothedge: 0
4.0.AM: Last scan. Per property time limit: 0s
4.0.AM: Starting proof for property "CS_div_fsm_s13_5"	[0.00 s].
4.0.AM: Trace Attempt  1	[0.00 s]
4.0.AM: Trace Attempt  2	[0.01 s]
4.0.AM: Trace Attempt  3	[0.05 s]
4.0.AM: Trace Attempt  4	[0.10 s]
4.0.AM: Trace Attempt  5	[0.14 s]
4.0.Mpcustom4: Trace Attempt  3	[0.67 s]
4.0.Mpcustom4: Trace Attempt  3	[0.74 s]
4.0.Mpcustom4: Trace Attempt  4	[0.77 s]
4.0.Mpcustom4: Trace Attempt  4	[0.82 s]
4.0.Mpcustom4: Trace Attempt  5	[0.85 s]
4.0.N: Trace Attempt  1	[2.04 s]
4.0.AM: Trace Attempt  1	[1.61 s]
4.0.N: Trace Attempt  2	[2.07 s]
4.0.N: Trace Attempt  3	[2.07 s]
4.0.AM: Trace Attempt  2	[1.63 s]
4.0.AM: Trace Attempt  3	[1.64 s]
4.0.N: Trace Attempt  5	[2.08 s]
4.0.AM: Trace Attempt  5	[1.65 s]
4.0.AM: Trace Attempt  1	[2.65 s]
4.0.AM: Trace Attempt  2	[2.67 s]
4.0.AM: Trace Attempt  3	[2.68 s]
4.0.AM: Trace Attempt  5	[2.69 s]
4.0.Mpcustom4: Trace Attempt 19	[6.57 s]
4.0.N: Requesting engine job to stop
4.0.B: Requesting engine job to stop
4.0.AM: Requesting engine job to stop
4.0.Hp: Requesting engine job to terminate
4.0.Ht: Requesting engine job to terminate
4.0.Mpcustom4: Requesting engine job to terminate
INFO (IPF144): 4: Initiating shutdown of proof [9.35 s]
4.0.B: Trace Attempt 45	[3.92 s]
4.0.B: A trace with 45 cycles was found. [9.02 s]
INFO (IPF047): 4.0.B: The cover property "CS_div_fsm_s13_5" was covered in 45 cycles in 9.06 s.
4.0.B: Stopped processing property "CS_div_fsm_s13_5"	[9.09 s].
4.0.B: All properties determined. [9.04 s]
4.0.B: Exited with Success (@ 9.36 s)
4: ProofGrid usable level: 0
4.0.N: Trace Attempt 44	[5.85 s]
4.0.N: Stopped processing property "CS_div_fsm_s13_5"	[9.37 s].
4.0.N: All properties determined. [9.36 s]
4.0.N: Exited with Success (@ 9.40 s)
4.0.Mpcustom4: Trace Attempt 26	[9.01 s]
4.0.Mpcustom4: All properties determined. [9.43 s]
4.0.Mpcustom4: Exited with Success (@ 9.52 s)
4.0.AM: Trace Attempt 37	[4.90 s]
4.0.AM: Stopped processing property "CS_div_fsm_s13_5"	[9.16 s].
4.0.AM: All properties determined. [9.17 s]
4.0.AM: Exited with Success (@ 10.17 s)
4.0.Ht: Interrupted (multi)
4.0.Ht: Trace Attempt 35	[3.35 s]
4.0.Ht: All properties determined. [10.17 s]
4.0.Ht: Exited with Success (@ 10.29 s)
4.0.Hp: Interrupted (multi)
4.0.Hp: All properties determined. [11.07 s]
4.0.Hp: Exited with Success (@ 11.23 s)
4: --------------------------------------------------------------
ProofGrid Summary (utilization 97.73 %)
--------------------------------------------------------------
     engines started                               :     7
     engine jobs started                           :     7

    Average time in state (seconds)
    ------------------------------------------------------
    Engine  Pending     Running        Dead    Utilization
    ------------------------------------------------------
      N        0.11        9.33        0.00       98.84 %
     Hp        0.10        9.33        0.00       98.91 %
     Ht        0.09        9.32        0.00       99.02 %
    Mpcustom4        0.11        9.28        0.00       98.78 %
     Oh        0.16        0.26        0.00       61.57 %
      B        0.27        9.05        0.00       97.09 %
     AM        0.43        8.89        0.00       95.34 %
    all        0.18        7.92        0.00       97.73 %

    Total time in state (seconds)
    -----------------------------------------
            Pending     Running        Dead  
    -----------------------------------------
               1.29       55.46        0.00

    Data read    : 125.74 kiB
    Data written : 8.43 kiB

4: All pending notifications were processed.
INFO (IPF059): 4: Completed proof on task: "mytask"
cover -name CS_div_fsm_s13_6 {@(posedge clk_i) !div_fsm_s13 ##1 div_fsm_s13 [*6] ##1 !div_fsm_s13 }
INFO (IPF036): Starting proof on task: "mytask", 1 properties to prove with 0 already proven/unreachable
INFO (IPF031): Settings used for proof thread 5:
    orchestration                 = on (auto)
    time_limit                    = 600s
    per_property_time_limit       = 1s * 10 ^ scan
    engine_mode                   = auto
    proofgrid_per_engine_max_jobs = 1
    max engine jobs               = auto
    proofgrid_mode                = local
    proofgrid_restarts            = 10
5: Using multistage preprocessing
5: Starting reduce
5: Finished reduce in 0.043s
5.0.PRE: Performing Proof Simplification...
5.0.N: clocks: 1, declared: 1, looping: 0, posedge: 1, negedge: 0, noedge: 0, bothedge: 0
5.0.N: Proof Simplification Iteration 1	[0.00 s]
5.0.N: Proof Simplification Iteration 2	[0.04 s]
5.0.N: Proof Simplification Iteration 3	[0.06 s]
5.0.N: Proof Simplification Iteration 4	[0.07 s]
5.0.N: Proof Simplification Iteration 5	[0.09 s]
5.0.N: Proof Simplification Iteration 6	[0.11 s]
5.0.N: Proof Simplification Iteration 7	[0.13 s]
5.0.N: Proof Simplification Iteration 8	[0.15 s]
5.0.N: Proof Simplification Iteration 9	[0.17 s]
5.0.N: Proof Simplification Iteration 10	[0.18 s]
5.0.PRE: Proof Simplification completed in 0.23 s
5: About to start ProofGrid in its own thread with a limit of 10000 pending notifications and a limit of 10 traces.
5: =============================== ProofGrid start ===============================
5: ProofGrid usable level: 1
5: Initial ProofGrid level: 1
5: ProofGrid is starting event handling
5.0.N: caddy15.stanford.edu: "Rocky Linux 8.10 (Green Obsidian)" is an unsupported operating system.
5.0.Hp: caddy15.stanford.edu: "Rocky Linux 8.10 (Green Obsidian)" is an unsupported operating system.
5.0.Ht: caddy15.stanford.edu: "Rocky Linux 8.10 (Green Obsidian)" is an unsupported operating system.
5.0.N: Proofgrid shell started at 3515355@caddy15.stanford.edu(local) jg_3514426_caddy15.stanford.edu_6
5.0.Hp: Proofgrid shell started at 3515356@caddy15.stanford.edu(local) jg_3514426_caddy15.stanford.edu_6
5.0.Mpcustom4: caddy15.stanford.edu: "Rocky Linux 8.10 (Green Obsidian)" is an unsupported operating system.
5.0.N: clocks: 1, declared: 1, looping: 0, posedge: 1, negedge: 0, noedge: 0, bothedge: 0
5.0.Hp: clocks: 1, declared: 1, looping: 0, posedge: 1, negedge: 0, noedge: 0, bothedge: 0
5.0.N: Last scan. Per property time limit: 0s
5.0.N: Starting proof for property "CS_div_fsm_s13_6"	[0.00 s].
5.0.Ht: Proofgrid shell started at 3515378@caddy15.stanford.edu(local) jg_3514426_caddy15.stanford.edu_6
5.0.N: Trace Attempt  1	[0.01 s]
5.0.N: Trace Attempt  2	[0.01 s]
5.0.N: Trace Attempt  3	[0.01 s]
5.0.Ht: clocks: 1, declared: 1, looping: 0, posedge: 1, negedge: 0, noedge: 0, bothedge: 0
5.0.N: Trace Attempt  3	[0.04 s]
5.0.Ht: Trace Attempt  1	[0.04 s]
5.0.Ht: Trace Attempt  2	[0.04 s]
5.0.Ht: Trace Attempt  3	[0.04 s]
5.0.N: Trace Attempt  4	[0.06 s]
5.0.N: Trace Attempt  5	[0.06 s]
5.0.Ht: Trace Attempt  4	[0.05 s]
5.0.Mpcustom4: Proofgrid shell started at 3515397@caddy15.stanford.edu(local) jg_3514426_caddy15.stanford.edu_6
5.0.Ht: Trace Attempt  5	[0.06 s]
5.0.AM: caddy15.stanford.edu: "Rocky Linux 8.10 (Green Obsidian)" is an unsupported operating system.
5.0.B: caddy15.stanford.edu: "Rocky Linux 8.10 (Green Obsidian)" is an unsupported operating system.
5.0.Oh: caddy15.stanford.edu: "Rocky Linux 8.10 (Green Obsidian)" is an unsupported operating system.
5.0.Mpcustom4: clocks: 1, declared: 1, looping: 0, posedge: 1, negedge: 0, noedge: 0, bothedge: 0
5.0.N: Trace Attempt  5	[0.12 s]
5.0.Mpcustom4: Trace Attempt  1	[0.05 s]
5.0.Mpcustom4: Trace Attempt  2	[0.12 s]
5.0.Oh: Proofgrid shell started at 3515411@caddy15.stanford.edu(local) jg_3514426_caddy15.stanford.edu_6
5.0.AM: Proofgrid shell started at 3515417@caddy15.stanford.edu(local) jg_3514426_caddy15.stanford.edu_6
5.0.B: Proofgrid shell started at 3515415@caddy15.stanford.edu(local) jg_3514426_caddy15.stanford.edu_6
5.0.AM: clocks: 1, declared: 1, looping: 0, posedge: 1, negedge: 0, noedge: 0, bothedge: 0
5.0.Oh: clocks: 1, declared: 1, looping: 0, posedge: 1, negedge: 0, noedge: 0, bothedge: 0
5.0.AM: Last scan. Per property time limit: 0s
5.0.AM: Starting proof for property "CS_div_fsm_s13_6"	[0.00 s].
5.0.AM: Trace Attempt  1	[0.01 s]
5.0.AM: Trace Attempt  2	[0.01 s]
5.0.B: clocks: 1, declared: 1, looping: 0, posedge: 1, negedge: 0, noedge: 0, bothedge: 0
5.0.B: Last scan. Per property time limit: 0s
5.0.B: Starting proof for property "CS_div_fsm_s13_6"	[0.00 s].
5.0.B: Trace Attempt  1	[0.01 s]
5.0.B: Trace Attempt  2	[0.02 s]
5.0.AM: Trace Attempt  3	[0.07 s]
5.0.B: Trace Attempt  3	[0.04 s]
5.0.B: Trace Attempt  4	[0.06 s]
5.0.AM: Trace Attempt  4	[0.12 s]
5.0.AM: Trace Attempt  5	[0.16 s]
5.0.B: Trace Attempt  5	[0.14 s]
5.0.Oh: bwd trail(1): 1 0.112847s
5.0.Oh: All properties either determined or skipped. [0.23 s]
5.0.Oh: Exited with Success (@ 0.51 s)
5.0.Oh: Completed, Restart ignored.
5.0.Mpcustom4: Trace Attempt  3	[0.70 s]
5.0.Mpcustom4: Trace Attempt  3	[0.75 s]
5.0.Mpcustom4: Trace Attempt  4	[0.78 s]
5.0.Mpcustom4: Trace Attempt  4	[0.83 s]
5.0.Mpcustom4: Trace Attempt  5	[0.86 s]
5.0.AM: Trace Attempt  1	[1.16 s]
5.0.AM: Trace Attempt  2	[1.23 s]
5.0.AM: Trace Attempt  3	[1.23 s]
5.0.AM: Trace Attempt  5	[1.24 s]
5.0.N: Trace Attempt  1	[1.85 s]
5.0.N: Trace Attempt  2	[1.88 s]
5.0.N: Trace Attempt  3	[1.88 s]
5.0.N: Trace Attempt  5	[1.89 s]
5.0.AM: Trace Attempt  1	[3.41 s]
5.0.AM: Trace Attempt  2	[3.46 s]
5.0.AM: Trace Attempt  3	[3.48 s]
5.0.AM: Trace Attempt  5	[3.50 s]
5.0.B: Trace Attempt 39	[4.35 s]
5.0.Mpcustom4: Trace Attempt 24	[5.51 s]
5.0.Mpcustom4: Trace Attempt 31	[9.53 s]
5.0.AM: Trace Attempt 34	[14.04 s]
5.0.Mpcustom4: Trace Attempt 38	[14.43 s]
5.0.Ht: Trace Attempt 36	[16.09 s]
5.0.N: Requesting engine job to stop
5.0.B: Requesting engine job to stop
5.0.AM: Requesting engine job to stop
5.0.Hp: Requesting engine job to terminate
5.0.Ht: Requesting engine job to terminate
5.0.Mpcustom4: Requesting engine job to terminate
INFO (IPF144): 5: Initiating shutdown of proof [16.71 s]
5.0.B: Trace Attempt 46	[6.21 s]
5.0.B: A trace with 46 cycles was found. [16.35 s]
INFO (IPF047): 5.0.B: The cover property "CS_div_fsm_s13_6" was covered in 46 cycles in 16.38 s.
5: ProofGrid usable level: 0
5.0.B: Stopped processing property "CS_div_fsm_s13_6"	[16.38 s].
5.0.Hp: Interrupted (multi)
5.0.Hp: All properties determined. [16.70 s]
5.0.B: All properties determined. [16.37 s]
5.0.Ht: Interrupted (multi)
5.0.Ht: Trace Attempt 46	[16.58 s]
5.0.Ht: All properties determined. [16.69 s]
5.0.B: Exited with Success (@ 16.73 s)
5.0.N: Trace Attempt 45	[5.51 s]
5.0.N: Stopped processing property "CS_div_fsm_s13_6"	[16.73 s].
5.0.N: All properties determined. [16.74 s]
5.0.Hp: Exited with Success (@ 16.95 s)
5.0.N: Exited with Success (@ 16.95 s)
5.0.Mpcustom4: Trace Attempt 42	[16.06 s]
5.0.Mpcustom4: All properties determined. [16.83 s]
5.0.AM: Trace Attempt 45	[16.01 s]
5.0.AM: Stopped processing property "CS_div_fsm_s13_6"	[16.68 s].
5.0.Mpcustom4: Exited with Success (@ 17.00 s)
5.0.AM: All properties determined. [16.69 s]
5.0.AM: Exited with Success (@ 17.02 s)
5.0.Ht: Exited with Success (@ 17.02 s)
5: --------------------------------------------------------------
ProofGrid Summary (utilization 98.80 %)
--------------------------------------------------------------
     engines started                               :     7
     engine jobs started                           :     7

    Average time in state (seconds)
    ------------------------------------------------------
    Engine  Pending     Running        Dead    Utilization
    ------------------------------------------------------
      N        0.10       16.70        0.00       99.38 %
     Hp        0.09       16.69        0.00       99.49 %
     Ht        0.09       16.67        0.00       99.48 %
    Mpcustom4        0.13       16.59        0.00       99.25 %
     Oh        0.26        0.24        0.00       47.64 %
      B        0.28       16.40        0.00       98.32 %
     AM        0.27       16.43        0.00       98.41 %
    all        0.17       14.25        0.00       98.80 %

    Total time in state (seconds)
    -----------------------------------------
            Pending     Running        Dead  
    -----------------------------------------
               1.21       99.72        0.00

    Data read    : 134.49 kiB
    Data written : 8.40 kiB

5: All pending notifications were processed.
INFO (IPF059): 5: Completed proof on task: "mytask"
cover -name CS_div_fsm_s13_7 {@(posedge clk_i) !div_fsm_s13 ##1 div_fsm_s13 [*7] ##1 !div_fsm_s13 }
INFO (IPF036): Starting proof on task: "mytask", 1 properties to prove with 0 already proven/unreachable
INFO (IPF031): Settings used for proof thread 6:
    orchestration                 = on (auto)
    time_limit                    = 600s
    per_property_time_limit       = 1s * 10 ^ scan
    engine_mode                   = auto
    proofgrid_per_engine_max_jobs = 1
    max engine jobs               = auto
    proofgrid_mode                = local
    proofgrid_restarts            = 10
6: Using multistage preprocessing
6: Starting reduce
6: Finished reduce in 0.041s
6.0.PRE: Performing Proof Simplification...
6.0.N: clocks: 1, declared: 1, looping: 0, posedge: 1, negedge: 0, noedge: 0, bothedge: 0
6.0.N: Proof Simplification Iteration 1	[0.00 s]
6.0.N: Proof Simplification Iteration 2	[0.04 s]
6.0.N: Proof Simplification Iteration 3	[0.06 s]
6.0.N: Proof Simplification Iteration 4	[0.07 s]
6.0.N: Proof Simplification Iteration 5	[0.09 s]
6.0.N: Proof Simplification Iteration 6	[0.11 s]
6.0.N: Proof Simplification Iteration 7	[0.13 s]
6.0.N: Proof Simplification Iteration 8	[0.15 s]
6.0.N: Proof Simplification Iteration 9	[0.16 s]
6.0.N: Proof Simplification Iteration 10	[0.18 s]
6.0.PRE: Proof Simplification completed in 0.23 s
6: About to start ProofGrid in its own thread with a limit of 10000 pending notifications and a limit of 10 traces.
6: =============================== ProofGrid start ===============================
6: ProofGrid usable level: 1
6: Initial ProofGrid level: 1
6: ProofGrid is starting event handling
6.0.Hp: caddy15.stanford.edu: "Rocky Linux 8.10 (Green Obsidian)" is an unsupported operating system.
6.0.N: caddy15.stanford.edu: "Rocky Linux 8.10 (Green Obsidian)" is an unsupported operating system.
6.0.Ht: caddy15.stanford.edu: "Rocky Linux 8.10 (Green Obsidian)" is an unsupported operating system.
6.0.Hp: Proofgrid shell started at 3515586@caddy15.stanford.edu(local) jg_3514426_caddy15.stanford.edu_7
6.0.N: Proofgrid shell started at 3515585@caddy15.stanford.edu(local) jg_3514426_caddy15.stanford.edu_7
6.0.Hp: clocks: 1, declared: 1, looping: 0, posedge: 1, negedge: 0, noedge: 0, bothedge: 0
6.0.N: clocks: 1, declared: 1, looping: 0, posedge: 1, negedge: 0, noedge: 0, bothedge: 0
6.0.N: Last scan. Per property time limit: 0s
6.0.N: Starting proof for property "CS_div_fsm_s13_7"	[0.00 s].
6.0.N: Trace Attempt  1	[0.01 s]
6.0.N: Trace Attempt  2	[0.01 s]
6.0.N: Trace Attempt  3	[0.01 s]
6.0.AM: caddy15.stanford.edu: "Rocky Linux 8.10 (Green Obsidian)" is an unsupported operating system.
6.0.Mpcustom4: caddy15.stanford.edu: "Rocky Linux 8.10 (Green Obsidian)" is an unsupported operating system.
6.0.Ht: Proofgrid shell started at 3515608@caddy15.stanford.edu(local) jg_3514426_caddy15.stanford.edu_7
6.0.Oh: caddy15.stanford.edu: "Rocky Linux 8.10 (Green Obsidian)" is an unsupported operating system.
6.0.Ht: clocks: 1, declared: 1, looping: 0, posedge: 1, negedge: 0, noedge: 0, bothedge: 0
6.0.N: Trace Attempt  3	[0.04 s]
6.0.Ht: Trace Attempt  1	[0.04 s]
6.0.Ht: Trace Attempt  2	[0.04 s]
6.0.N: Trace Attempt  4	[0.06 s]
6.0.N: Trace Attempt  5	[0.06 s]
6.0.Ht: Trace Attempt  3	[0.04 s]
6.0.Ht: Trace Attempt  4	[0.05 s]
6.0.Ht: Trace Attempt  5	[0.06 s]
6.0.AM: Proofgrid shell started at 3515641@caddy15.stanford.edu(local) jg_3514426_caddy15.stanford.edu_7
6.0.AM: clocks: 1, declared: 1, looping: 0, posedge: 1, negedge: 0, noedge: 0, bothedge: 0
6.0.AM: Last scan. Per property time limit: 0s
6.0.AM: Starting proof for property "CS_div_fsm_s13_7"	[0.00 s].
6.0.AM: Trace Attempt  1	[0.00 s]
6.0.AM: Trace Attempt  2	[0.01 s]
6.0.Mpcustom4: Proofgrid shell started at 3515627@caddy15.stanford.edu(local) jg_3514426_caddy15.stanford.edu_7
6.0.Oh: Proofgrid shell started at 3515633@caddy15.stanford.edu(local) jg_3514426_caddy15.stanford.edu_7
6.0.N: Trace Attempt  5	[0.15 s]
6.0.AM: Trace Attempt  3	[0.03 s]
6.0.Oh: clocks: 1, declared: 1, looping: 0, posedge: 1, negedge: 0, noedge: 0, bothedge: 0
6.0.B: caddy15.stanford.edu: "Rocky Linux 8.10 (Green Obsidian)" is an unsupported operating system.
6.0.Mpcustom4: clocks: 1, declared: 1, looping: 0, posedge: 1, negedge: 0, noedge: 0, bothedge: 0
6.0.Mpcustom4: Trace Attempt  1	[0.07 s]
6.0.AM: Trace Attempt  4	[0.10 s]
6.0.AM: Trace Attempt  5	[0.12 s]
6.0.Mpcustom4: Trace Attempt  2	[0.12 s]
6.0.Oh: bwd trail(1): 1 0.106461s
6.0.Oh: All properties either determined or skipped. [0.13 s]
6.0.Oh: Exited with Success (@ 0.33 s)
6.0.Oh: Completed, Restart ignored.
6.0.B: Proofgrid shell started at 3515635@caddy15.stanford.edu(local) jg_3514426_caddy15.stanford.edu_7
6.0.B: clocks: 1, declared: 1, looping: 0, posedge: 1, negedge: 0, noedge: 0, bothedge: 0
6.0.B: Last scan. Per property time limit: 0s
6.0.B: Starting proof for property "CS_div_fsm_s13_7"	[0.00 s].
6.0.B: Trace Attempt  1	[0.01 s]
6.0.B: Trace Attempt  2	[0.03 s]
6.0.B: Trace Attempt  3	[0.05 s]
6.0.B: Trace Attempt  4	[0.08 s]
6.0.B: Trace Attempt  5	[0.15 s]
6.0.Mpcustom4: Trace Attempt  3	[0.86 s]
6.0.Mpcustom4: Trace Attempt  3	[0.90 s]
6.0.Mpcustom4: Trace Attempt  4	[0.93 s]
6.0.Mpcustom4: Trace Attempt  4	[0.98 s]
6.0.Mpcustom4: Trace Attempt  5	[1.01 s]
6.0.N: Trace Attempt  1	[1.69 s]
6.0.N: Trace Attempt  2	[1.71 s]
6.0.N: Trace Attempt  3	[1.72 s]
6.0.N: Trace Attempt  5	[1.73 s]
6.0.AM: Trace Attempt  1	[1.65 s]
6.0.AM: Trace Attempt  2	[1.72 s]
6.0.AM: Trace Attempt  3	[1.72 s]
6.0.AM: Trace Attempt  5	[1.75 s]
6.0.AM: Trace Attempt  1	[3.54 s]
6.0.AM: Trace Attempt  2	[3.57 s]
6.0.AM: Trace Attempt  3	[3.57 s]
6.0.AM: Trace Attempt  5	[3.59 s]
6.0.Ht: Trace Attempt 36	[4.61 s]
6.0.B: Trace Attempt 36	[4.22 s]
6.0.Mpcustom4: Trace Attempt 22	[5.36 s]
6.0.Mpcustom4: Trace Attempt 28	[10.50 s]
6.0.N: Requesting engine job to stop
6.0.B: Requesting engine job to stop
6.0.AM: Requesting engine job to stop
6.0.Hp: Requesting engine job to terminate
6.0.Ht: Requesting engine job to terminate
6.0.Mpcustom4: Requesting engine job to terminate
INFO (IPF144): 6: Initiating shutdown of proof [13.31 s]
6.0.B: Trace Attempt 47	[5.71 s]
6.0.B: A trace with 47 cycles was found. [12.81 s]
INFO (IPF047): 6.0.B: The cover property "CS_div_fsm_s13_7" was covered in 47 cycles in 12.87 s.
6: ProofGrid usable level: 0
6.0.B: Stopped processing property "CS_div_fsm_s13_7"	[12.90 s].
6.0.B: All properties determined. [12.87 s]
6.0.N: Trace Attempt 30	[3.78 s]
6.0.N: Stopped processing property "CS_div_fsm_s13_7"	[13.35 s].
6.0.N: All properties determined. [13.32 s]
6.0.B: Exited with Success (@ 13.36 s)
6.0.N: Exited with Success (@ 13.36 s)
6.0.Mpcustom4: Trace Attempt 32	[12.65 s]
6.0.Mpcustom4: All properties determined. [13.33 s]
6.0.Mpcustom4: Exited with Success (@ 13.55 s)
6.0.Hp: Interrupted (multi)
6.0.Hp: All properties determined. [13.66 s]
6.0.AM: Trace Attempt 39	[5.98 s]
6.0.AM: Stopped processing property "CS_div_fsm_s13_7"	[13.57 s].
6.0.AM: All properties determined. [13.58 s]
6.0.Ht: Interrupted (multi)
6.0.Ht: Trace Attempt 37	[4.76 s]
6.0.Ht: All properties determined. [13.79 s]
6.0.AM: Exited with Success (@ 13.85 s)
6.0.Hp: Exited with Success (@ 13.85 s)
6.0.Ht: Exited with Success (@ 14.11 s)
6: --------------------------------------------------------------
ProofGrid Summary (utilization 98.52 %)
--------------------------------------------------------------
     engines started                               :     7
     engine jobs started                           :     7

    Average time in state (seconds)
    ------------------------------------------------------
    Engine  Pending     Running        Dead    Utilization
    ------------------------------------------------------
      N        0.10       13.30        0.00       99.23 %
     Hp        0.08       13.30        0.00       99.40 %
     Ht        0.11       13.26        0.00       99.20 %
    Mpcustom4        0.18       13.12        0.00       98.63 %
     Oh        0.18        0.13        0.00       42.60 %
      B        0.42       12.89        0.00       96.85 %
     AM        0.12       13.19        0.00       99.12 %
    all        0.17       11.31        0.00       98.52 %

    Total time in state (seconds)
    -----------------------------------------
            Pending     Running        Dead  
    -----------------------------------------
               1.19       79.20        0.00

    Data read    : 129.92 kiB
    Data written : 22.86 kiB

6: All pending notifications were processed.
INFO (IPF059): 6: Completed proof on task: "mytask"
cover -name CS_div_fsm_s13_8 {@(posedge clk_i) !div_fsm_s13 ##1 div_fsm_s13 [*8] ##1 !div_fsm_s13 }
INFO (IPF036): Starting proof on task: "mytask", 1 properties to prove with 0 already proven/unreachable
INFO (IPF031): Settings used for proof thread 7:
    orchestration                 = on (auto)
    time_limit                    = 600s
    per_property_time_limit       = 1s * 10 ^ scan
    engine_mode                   = auto
    proofgrid_per_engine_max_jobs = 1
    max engine jobs               = auto
    proofgrid_mode                = local
    proofgrid_restarts            = 10
7: Using multistage preprocessing
7: Starting reduce
7: Finished reduce in 0.042s
7.0.PRE: Performing Proof Simplification...
7.0.N: clocks: 1, declared: 1, looping: 0, posedge: 1, negedge: 0, noedge: 0, bothedge: 0
7.0.N: Proof Simplification Iteration 1	[0.00 s]
7.0.N: Proof Simplification Iteration 2	[0.04 s]
7.0.N: Proof Simplification Iteration 3	[0.06 s]
7.0.N: Proof Simplification Iteration 4	[0.07 s]
7.0.N: Proof Simplification Iteration 5	[0.09 s]
7.0.N: Proof Simplification Iteration 6	[0.11 s]
7.0.N: Proof Simplification Iteration 7	[0.13 s]
7.0.N: Proof Simplification Iteration 8	[0.15 s]
7.0.N: Proof Simplification Iteration 9	[0.17 s]
7.0.N: Proof Simplification Iteration 10	[0.19 s]
7.0.PRE: Proof Simplification completed in 0.23 s
7: About to start ProofGrid in its own thread with a limit of 10000 pending notifications and a limit of 10 traces.
7: =============================== ProofGrid start ===============================
7: ProofGrid usable level: 1
7: Initial ProofGrid level: 1
7: ProofGrid is starting event handling
7.0.Hp: caddy15.stanford.edu: "Rocky Linux 8.10 (Green Obsidian)" is an unsupported operating system.
7.0.N: caddy15.stanford.edu: "Rocky Linux 8.10 (Green Obsidian)" is an unsupported operating system.
7.0.Ht: caddy15.stanford.edu: "Rocky Linux 8.10 (Green Obsidian)" is an unsupported operating system.
7.0.Hp: Proofgrid shell started at 3515821@caddy15.stanford.edu(local) jg_3514426_caddy15.stanford.edu_8
7.0.N: Proofgrid shell started at 3515820@caddy15.stanford.edu(local) jg_3514426_caddy15.stanford.edu_8
7.0.Mpcustom4: caddy15.stanford.edu: "Rocky Linux 8.10 (Green Obsidian)" is an unsupported operating system.
7.0.Hp: clocks: 1, declared: 1, looping: 0, posedge: 1, negedge: 0, noedge: 0, bothedge: 0
7.0.Ht: Proofgrid shell started at 3515844@caddy15.stanford.edu(local) jg_3514426_caddy15.stanford.edu_8
7.0.Ht: clocks: 1, declared: 1, looping: 0, posedge: 1, negedge: 0, noedge: 0, bothedge: 0
7.0.N: clocks: 1, declared: 1, looping: 0, posedge: 1, negedge: 0, noedge: 0, bothedge: 0
7.0.N: Last scan. Per property time limit: 0s
7.0.N: Starting proof for property "CS_div_fsm_s13_8"	[0.00 s].
7.0.N: Trace Attempt  1	[0.01 s]
7.0.N: Trace Attempt  2	[0.01 s]
7.0.N: Trace Attempt  3	[0.01 s]
7.0.Ht: Trace Attempt  1	[0.04 s]
7.0.Ht: Trace Attempt  2	[0.04 s]
7.0.Ht: Trace Attempt  3	[0.04 s]
7.0.Ht: Trace Attempt  4	[0.04 s]
7.0.B: caddy15.stanford.edu: "Rocky Linux 8.10 (Green Obsidian)" is an unsupported operating system.
7.0.Mpcustom4: Proofgrid shell started at 3515862@caddy15.stanford.edu(local) jg_3514426_caddy15.stanford.edu_8
7.0.Ht: Trace Attempt  5	[0.05 s]
7.0.N: Trace Attempt  3	[0.04 s]
7.0.Mpcustom4: clocks: 1, declared: 1, looping: 0, posedge: 1, negedge: 0, noedge: 0, bothedge: 0
7.0.Oh: caddy15.stanford.edu: "Rocky Linux 8.10 (Green Obsidian)" is an unsupported operating system.
7.0.N: Trace Attempt  4	[0.06 s]
7.0.N: Trace Attempt  5	[0.06 s]
7.0.Mpcustom4: Trace Attempt  1	[0.04 s]
7.0.Mpcustom4: Trace Attempt  2	[0.06 s]
7.0.N: Trace Attempt  5	[0.12 s]
7.0.AM: caddy15.stanford.edu: "Rocky Linux 8.10 (Green Obsidian)" is an unsupported operating system.
7.0.B: Proofgrid shell started at 3515879@caddy15.stanford.edu(local) jg_3514426_caddy15.stanford.edu_8
7.0.B: clocks: 1, declared: 1, looping: 0, posedge: 1, negedge: 0, noedge: 0, bothedge: 0
7.0.B: Last scan. Per property time limit: 0s
7.0.B: Starting proof for property "CS_div_fsm_s13_8"	[0.00 s].
7.0.B: Trace Attempt  1	[0.02 s]
7.0.B: Trace Attempt  2	[0.03 s]
7.0.Oh: Proofgrid shell started at 3515874@caddy15.stanford.edu(local) jg_3514426_caddy15.stanford.edu_8
7.0.B: Trace Attempt  3	[0.05 s]
7.0.B: Trace Attempt  4	[0.07 s]
7.0.Oh: clocks: 1, declared: 1, looping: 0, posedge: 1, negedge: 0, noedge: 0, bothedge: 0
7.0.B: Trace Attempt  5	[0.15 s]
7.0.AM: Proofgrid shell started at 3515882@caddy15.stanford.edu(local) jg_3514426_caddy15.stanford.edu_8
7.0.AM: clocks: 1, declared: 1, looping: 0, posedge: 1, negedge: 0, noedge: 0, bothedge: 0
7.0.AM: Last scan. Per property time limit: 0s
7.0.AM: Starting proof for property "CS_div_fsm_s13_8"	[0.00 s].
7.0.AM: Trace Attempt  1	[0.00 s]
7.0.AM: Trace Attempt  2	[0.01 s]
7.0.AM: Trace Attempt  3	[0.04 s]
7.0.AM: Trace Attempt  4	[0.07 s]
7.0.AM: Trace Attempt  5	[0.09 s]
7.0.Oh: bwd trail(1): 1 0.115547s
7.0.Oh: All properties either determined or skipped. [0.26 s]
7.0.Oh: Exited with Success (@ 0.68 s)
7.0.Mpcustom4: Trace Attempt  3	[0.61 s]
7.0.Mpcustom4: Trace Attempt  3	[0.66 s]
7.0.Mpcustom4: Trace Attempt  4	[0.68 s]
7.0.Mpcustom4: Trace Attempt  4	[0.74 s]
7.0.Mpcustom4: Trace Attempt  5	[0.76 s]
7.0.AM: Trace Attempt  1	[1.29 s]
7.0.AM: Trace Attempt  2	[1.31 s]
7.0.AM: Trace Attempt  3	[1.32 s]
7.0.AM: Trace Attempt  5	[1.33 s]
7.0.N: Trace Attempt  1	[2.78 s]
7.0.N: Trace Attempt  2	[2.81 s]
7.0.N: Trace Attempt  3	[2.81 s]
7.0.N: Trace Attempt  5	[2.82 s]
7.0.AM: Trace Attempt  1	[2.54 s]
7.0.AM: Trace Attempt  2	[2.56 s]
7.0.AM: Trace Attempt  3	[2.57 s]
7.0.AM: Trace Attempt  5	[2.58 s]
7.0.B: Trace Attempt 35	[4.16 s]
7.0.Ht: Trace Attempt 35	[4.68 s]
7.0.Mpcustom4: Trace Attempt 20	[5.27 s]
7.0.N: Trace Attempt 47	[7.62 s]
7.0.Mpcustom4: Trace Attempt 25	[10.47 s]
7.0.N: Requesting engine job to stop
7.0.B: Requesting engine job to stop
7.0.AM: Requesting engine job to stop
7.0.Hp: Requesting engine job to terminate
7.0.Ht: Requesting engine job to terminate
7.0.Mpcustom4: Requesting engine job to terminate
INFO (IPF144): 7: Initiating shutdown of proof [11.22 s]
7.0.B: Trace Attempt 48	[5.73 s]
7.0.B: A trace with 48 cycles was found. [10.88 s]
INFO (IPF047): 7.0.B: The cover property "CS_div_fsm_s13_8" was covered in 48 cycles in 10.93 s.
7.0.B: Stopped processing property "CS_div_fsm_s13_8"	[10.96 s].
7.0.B: All properties determined. [10.90 s]
7.0.B: Exited with Success (@ 11.23 s)
7: ProofGrid usable level: 0
7.0.N: Stopped processing property "CS_div_fsm_s13_8"	[11.23 s].
7.0.N: All properties determined. [11.22 s]
7.0.N: Exited with Success (@ 11.28 s)
7.0.Mpcustom4: Trace Attempt 27	[10.56 s]
7.0.Mpcustom4: All properties determined. [11.30 s]
7.0.Mpcustom4: Exited with Success (@ 11.41 s)
7.0.AM: Trace Attempt 41	[5.29 s]
7.0.AM: Stopped processing property "CS_div_fsm_s13_8"	[10.93 s].
7.0.AM: All properties determined. [10.94 s]
7.0.AM: Exited with Success (@ 11.74 s)
7.0.Ht: Interrupted (multi)
7.0.Ht: Trace Attempt 44	[5.14 s]
7.0.Ht: All properties determined. [12.17 s]
7.0.Hp: Interrupted (multi)
7.0.Hp: All properties determined. [12.20 s]
7.0.Hp: Exited with Success (@ 12.65 s)
7.0.Ht: Exited with Success (@ 12.68 s)
7: --------------------------------------------------------------
ProofGrid Summary (utilization 97.79 %)
--------------------------------------------------------------
     engines started                               :     7
     engine jobs started                           :     7

    Average time in state (seconds)
    ------------------------------------------------------
    Engine  Pending     Running        Dead    Utilization
    ------------------------------------------------------
      N        0.11       11.19        0.00       99.07 %
     Hp        0.08       11.21        0.00       99.30 %
     Ht        0.08       11.19        0.00       99.25 %
    Mpcustom4        0.12       11.13        0.00       98.97 %
     Oh        0.38        0.25        0.00       40.33 %
      B        0.26       10.92        0.00       97.69 %
     AM        0.49       10.70        0.00       95.65 %
    all        0.22        9.51        0.00       97.79 %

    Total time in state (seconds)
    -----------------------------------------
            Pending     Running        Dead  
    -----------------------------------------
               1.51       66.59        0.00

    Data read    : 134.51 kiB
    Data written : 8.54 kiB

7: All pending notifications were processed.
INFO (IPF059): 7: Completed proof on task: "mytask"
cover -name CS_div_fsm_s13_9 {@(posedge clk_i) !div_fsm_s13 ##1 div_fsm_s13 [*9] ##1 !div_fsm_s13 }
INFO (IPF036): Starting proof on task: "mytask", 1 properties to prove with 0 already proven/unreachable
INFO (IPF031): Settings used for proof thread 8:
    orchestration                 = on (auto)
    time_limit                    = 600s
    per_property_time_limit       = 1s * 10 ^ scan
    engine_mode                   = auto
    proofgrid_per_engine_max_jobs = 1
    max engine jobs               = auto
    proofgrid_mode                = local
    proofgrid_restarts            = 10
8: Using multistage preprocessing
8: Starting reduce
8: Finished reduce in 0.041s
8.0.PRE: Performing Proof Simplification...
8.0.N: clocks: 1, declared: 1, looping: 0, posedge: 1, negedge: 0, noedge: 0, bothedge: 0
8.0.N: Proof Simplification Iteration 1	[0.00 s]
8.0.N: Proof Simplification Iteration 2	[0.04 s]
8.0.N: Proof Simplification Iteration 3	[0.06 s]
8.0.N: Proof Simplification Iteration 4	[0.07 s]
8.0.N: Proof Simplification Iteration 5	[0.09 s]
8.0.N: Proof Simplification Iteration 6	[0.11 s]
8.0.N: Proof Simplification Iteration 7	[0.13 s]
8.0.N: Proof Simplification Iteration 8	[0.15 s]
8.0.N: Proof Simplification Iteration 9	[0.17 s]
8.0.N: Proof Simplification Iteration 10	[0.18 s]
8.0.PRE: Proof Simplification completed in 0.23 s
8: About to start ProofGrid in its own thread with a limit of 10000 pending notifications and a limit of 10 traces.
8: =============================== ProofGrid start ===============================
8: ProofGrid usable level: 1
8: Initial ProofGrid level: 1
8: ProofGrid is starting event handling
8.0.N: caddy15.stanford.edu: "Rocky Linux 8.10 (Green Obsidian)" is an unsupported operating system.
8.0.Hp: caddy15.stanford.edu: "Rocky Linux 8.10 (Green Obsidian)" is an unsupported operating system.
8.0.Ht: caddy15.stanford.edu: "Rocky Linux 8.10 (Green Obsidian)" is an unsupported operating system.
8.0.Mpcustom4: caddy15.stanford.edu: "Rocky Linux 8.10 (Green Obsidian)" is an unsupported operating system.
8.0.N: Proofgrid shell started at 3515939@caddy15.stanford.edu(local) jg_3514426_caddy15.stanford.edu_9
8.0.Hp: Proofgrid shell started at 3515940@caddy15.stanford.edu(local) jg_3514426_caddy15.stanford.edu_9
8.0.N: clocks: 1, declared: 1, looping: 0, posedge: 1, negedge: 0, noedge: 0, bothedge: 0
8.0.N: Last scan. Per property time limit: 0s
8.0.N: Starting proof for property "CS_div_fsm_s13_9"	[0.00 s].
8.0.Hp: clocks: 1, declared: 1, looping: 0, posedge: 1, negedge: 0, noedge: 0, bothedge: 0
8.0.N: Trace Attempt  1	[0.01 s]
8.0.N: Trace Attempt  2	[0.01 s]
8.0.N: Trace Attempt  3	[0.01 s]
8.0.Ht: Proofgrid shell started at 3515962@caddy15.stanford.edu(local) jg_3514426_caddy15.stanford.edu_9
8.0.Mpcustom4: Proofgrid shell started at 3515964@caddy15.stanford.edu(local) jg_3514426_caddy15.stanford.edu_9
8.0.B: caddy15.stanford.edu: "Rocky Linux 8.10 (Green Obsidian)" is an unsupported operating system.
8.0.N: Trace Attempt  3	[0.04 s]
8.0.Ht: clocks: 1, declared: 1, looping: 0, posedge: 1, negedge: 0, noedge: 0, bothedge: 0
8.0.Mpcustom4: clocks: 1, declared: 1, looping: 0, posedge: 1, negedge: 0, noedge: 0, bothedge: 0
8.0.Mpcustom4: Trace Attempt  1	[0.04 s]
8.0.N: Trace Attempt  4	[0.09 s]
8.0.N: Trace Attempt  5	[0.09 s]
8.0.Mpcustom4: Trace Attempt  2	[0.06 s]
8.0.Ht: Trace Attempt  1	[0.06 s]
8.0.Ht: Trace Attempt  2	[0.06 s]
8.0.Ht: Trace Attempt  3	[0.07 s]
8.0.B: Proofgrid shell started at 3516000@caddy15.stanford.edu(local) jg_3514426_caddy15.stanford.edu_9
8.0.AM: caddy15.stanford.edu: "Rocky Linux 8.10 (Green Obsidian)" is an unsupported operating system.
8.0.Ht: Trace Attempt  4	[0.08 s]
8.0.Oh: caddy15.stanford.edu: "Rocky Linux 8.10 (Green Obsidian)" is an unsupported operating system.
8.0.B: clocks: 1, declared: 1, looping: 0, posedge: 1, negedge: 0, noedge: 0, bothedge: 0
8.0.B: Last scan. Per property time limit: 0s
8.0.B: Starting proof for property "CS_div_fsm_s13_9"	[0.00 s].
8.0.Ht: Trace Attempt  5	[0.12 s]
8.0.B: Trace Attempt  1	[0.03 s]
8.0.B: Trace Attempt  2	[0.04 s]
8.0.AM: Proofgrid shell started at 3516001@caddy15.stanford.edu(local) jg_3514426_caddy15.stanford.edu_9
8.0.AM: clocks: 1, declared: 1, looping: 0, posedge: 1, negedge: 0, noedge: 0, bothedge: 0
8.0.AM: Last scan. Per property time limit: 0s
8.0.AM: Starting proof for property "CS_div_fsm_s13_9"	[0.00 s].
8.0.N: Trace Attempt  5	[0.21 s]
8.0.AM: Trace Attempt  1	[0.00 s]
8.0.AM: Trace Attempt  2	[0.01 s]
8.0.Oh: Proofgrid shell started at 3515993@caddy15.stanford.edu(local) jg_3514426_caddy15.stanford.edu_9
8.0.B: Trace Attempt  3	[0.10 s]
8.0.Oh: clocks: 1, declared: 1, looping: 0, posedge: 1, negedge: 0, noedge: 0, bothedge: 0
8.0.B: Trace Attempt  4	[0.15 s]
8.0.AM: Trace Attempt  3	[0.09 s]
8.0.Oh: bwd trail(1): 1 0.110452s
8.0.Oh: All properties either determined or skipped. [0.13 s]
8.0.Oh: Exited with Success (@ 0.40 s)
8.0.Oh: Completed, Restart ignored.
8.0.AM: Trace Attempt  4	[0.18 s]
8.0.B: Trace Attempt  5	[0.28 s]
8.0.AM: Trace Attempt  5	[0.20 s]
8.0.Mpcustom4: Trace Attempt  3	[0.60 s]
8.0.Mpcustom4: Trace Attempt  3	[0.68 s]
8.0.Mpcustom4: Trace Attempt  4	[0.70 s]
8.0.Mpcustom4: Trace Attempt  4	[0.76 s]
8.0.Mpcustom4: Trace Attempt  5	[0.78 s]
8.0.AM: Trace Attempt  1	[1.53 s]
8.0.AM: Trace Attempt  2	[1.56 s]
8.0.AM: Trace Attempt  3	[1.57 s]
8.0.AM: Trace Attempt  5	[1.58 s]
8.0.N: Trace Attempt  1	[2.83 s]
8.0.N: Trace Attempt  2	[2.86 s]
8.0.N: Trace Attempt  3	[2.87 s]
8.0.N: Trace Attempt  5	[2.88 s]
8.0.AM: Trace Attempt  1	[3.43 s]
8.0.AM: Trace Attempt  2	[3.46 s]
8.0.AM: Trace Attempt  3	[3.46 s]
8.0.AM: Trace Attempt  5	[3.47 s]
8.0.B: Trace Attempt 28	[4.37 s]
8.0.Mpcustom4: Trace Attempt 25	[5.27 s]
8.0.Ht: Trace Attempt 32	[5.79 s]
8.0.N: Trace Attempt 48	[8.21 s]
8.0.Mpcustom4: Trace Attempt 33	[11.38 s]
8.0.N: Requesting engine job to stop
8.0.B: Requesting engine job to stop
8.0.AM: Requesting engine job to stop
8.0.Hp: Requesting engine job to terminate
8.0.Ht: Requesting engine job to terminate
8.0.Mpcustom4: Requesting engine job to terminate
INFO (IPF144): 8: Initiating shutdown of proof [12.17 s]
8.0.B: Trace Attempt 49	[6.95 s]
8.0.B: A trace with 49 cycles was found. [11.99 s]
INFO (IPF047): 8.0.B: The cover property "CS_div_fsm_s13_9" was covered in 49 cycles in 12.03 s.
8.0.B: Stopped processing property "CS_div_fsm_s13_9"	[12.07 s].
8.0.B: All properties determined. [12.02 s]
8.0.B: Exited with Success (@ 12.18 s)
8: ProofGrid usable level: 0
8.0.N: Stopped processing property "CS_div_fsm_s13_9"	[12.21 s].
8.0.N: All properties determined. [12.20 s]
8.0.N: Exited with Success (@ 12.23 s)
8.0.Mpcustom4: All properties determined. [12.32 s]
8.0.Mpcustom4: Exited with Success (@ 12.40 s)
8.0.AM: Trace Attempt 36	[5.79 s]
8.0.AM: Stopped processing property "CS_div_fsm_s13_9"	[12.19 s].
8.0.AM: All properties determined. [12.19 s]
8.0.AM: Exited with Success (@ 12.69 s)
8.0.Hp: Interrupted (multi)
8.0.Hp: All properties determined. [12.87 s]
8.0.Hp: Exited with Success (@ 13.66 s)
8.0.Ht: Sending SIGKILL
8.0.Ht: Trace Attempt 49	[7.83 s]
8.0.Ht: Terminated by signal SIGKILL (@ 14.43 s)
8: --------------------------------------------------------------
ProofGrid Summary (utilization 98.63 %)
--------------------------------------------------------------
     engines started                               :     7
     engine jobs started                           :     7

    Average time in state (seconds)
    ------------------------------------------------------
    Engine  Pending     Running        Dead    Utilization
    ------------------------------------------------------
      N        0.10       12.16        0.00       99.15 %
     Hp        0.08       12.16        0.00       99.31 %
     Ht        0.11       12.12        0.00       99.08 %
    Mpcustom4        0.11       12.11        0.00       99.09 %
     Oh        0.27        0.13        0.00       33.23 %
      B        0.14       12.03        0.00       98.88 %
     AM        0.19       11.97        0.00       98.41 %
    all        0.14       10.38        0.00       98.63 %

    Total time in state (seconds)
    -----------------------------------------
            Pending     Running        Dead  
    -----------------------------------------
               1.01       72.69        0.00

    Data read    : 138.62 kiB
    Data written : 29.24 kiB

8: All pending notifications were processed.
INFO (IPF059): 8: Completed proof on task: "mytask"
cover -name CS_div_fsm_s13_10 {@(posedge clk_i) !div_fsm_s13 ##1 div_fsm_s13 [*10] ##1 !div_fsm_s13 }
INFO (IPF036): Starting proof on task: "mytask", 1 properties to prove with 0 already proven/unreachable
INFO (IPF031): Settings used for proof thread 9:
    orchestration                 = on (auto)
    time_limit                    = 600s
    per_property_time_limit       = 1s * 10 ^ scan
    engine_mode                   = auto
    proofgrid_per_engine_max_jobs = 1
    max engine jobs               = auto
    proofgrid_mode                = local
    proofgrid_restarts            = 10
9: Using multistage preprocessing
9: Starting reduce
9: Finished reduce in 0.04s
9.0.PRE: Performing Proof Simplification...
9.0.N: clocks: 1, declared: 1, looping: 0, posedge: 1, negedge: 0, noedge: 0, bothedge: 0
9.0.N: Proof Simplification Iteration 1	[0.00 s]
9.0.N: Proof Simplification Iteration 2	[0.04 s]
9.0.N: Proof Simplification Iteration 3	[0.05 s]
9.0.N: Proof Simplification Iteration 4	[0.07 s]
9.0.N: Proof Simplification Iteration 5	[0.09 s]
9.0.N: Proof Simplification Iteration 6	[0.11 s]
9.0.N: Proof Simplification Iteration 7	[0.13 s]
9.0.N: Proof Simplification Iteration 8	[0.14 s]
9.0.N: Proof Simplification Iteration 9	[0.16 s]
9.0.N: Proof Simplification Iteration 10	[0.18 s]
9.0.PRE: Proof Simplification completed in 0.23 s
9: About to start ProofGrid in its own thread with a limit of 10000 pending notifications and a limit of 10 traces.
9: =============================== ProofGrid start ===============================
9: ProofGrid usable level: 1
9: Initial ProofGrid level: 1
9: ProofGrid is starting event handling
9.0.N: caddy15.stanford.edu: "Rocky Linux 8.10 (Green Obsidian)" is an unsupported operating system.
9.0.Hp: caddy15.stanford.edu: "Rocky Linux 8.10 (Green Obsidian)" is an unsupported operating system.
9.0.Ht: caddy15.stanford.edu: "Rocky Linux 8.10 (Green Obsidian)" is an unsupported operating system.
9.0.N: Proofgrid shell started at 3516059@caddy15.stanford.edu(local) jg_3514426_caddy15.stanford.edu_10
9.0.Hp: Proofgrid shell started at 3516060@caddy15.stanford.edu(local) jg_3514426_caddy15.stanford.edu_10
9.0.N: clocks: 1, declared: 1, looping: 0, posedge: 1, negedge: 0, noedge: 0, bothedge: 0
9.0.N: Last scan. Per property time limit: 0s
9.0.N: Starting proof for property "CS_div_fsm_s13_10"	[0.00 s].
9.0.Hp: clocks: 1, declared: 1, looping: 0, posedge: 1, negedge: 0, noedge: 0, bothedge: 0
9.0.Mpcustom4: caddy15.stanford.edu: "Rocky Linux 8.10 (Green Obsidian)" is an unsupported operating system.
9.0.N: Trace Attempt  1	[0.01 s]
9.0.N: Trace Attempt  2	[0.01 s]
9.0.N: Trace Attempt  3	[0.01 s]
9.0.Ht: Proofgrid shell started at 3516082@caddy15.stanford.edu(local) jg_3514426_caddy15.stanford.edu_10
9.0.Ht: clocks: 1, declared: 1, looping: 0, posedge: 1, negedge: 0, noedge: 0, bothedge: 0
9.0.N: Trace Attempt  3	[0.04 s]
9.0.Ht: Trace Attempt  1	[0.04 s]
9.0.Ht: Trace Attempt  2	[0.04 s]
9.0.Ht: Trace Attempt  3	[0.04 s]
9.0.N: Trace Attempt  4	[0.06 s]
9.0.N: Trace Attempt  5	[0.06 s]
9.0.Ht: Trace Attempt  4	[0.05 s]
9.0.Ht: Trace Attempt  5	[0.06 s]
9.0.Mpcustom4: Proofgrid shell started at 3516101@caddy15.stanford.edu(local) jg_3514426_caddy15.stanford.edu_10
9.0.Mpcustom4: clocks: 1, declared: 1, looping: 0, posedge: 1, negedge: 0, noedge: 0, bothedge: 0
9.0.B: caddy15.stanford.edu: "Rocky Linux 8.10 (Green Obsidian)" is an unsupported operating system.
9.0.N: Trace Attempt  5	[0.12 s]
9.0.Mpcustom4: Trace Attempt  1	[0.04 s]
9.0.Oh: caddy15.stanford.edu: "Rocky Linux 8.10 (Green Obsidian)" is an unsupported operating system.
9.0.Mpcustom4: Trace Attempt  2	[0.06 s]
9.0.AM: caddy15.stanford.edu: "Rocky Linux 8.10 (Green Obsidian)" is an unsupported operating system.
9.0.Oh: Proofgrid shell started at 3516109@caddy15.stanford.edu(local) jg_3514426_caddy15.stanford.edu_10
9.0.B: Proofgrid shell started at 3516111@caddy15.stanford.edu(local) jg_3514426_caddy15.stanford.edu_10
9.0.Oh: clocks: 1, declared: 1, looping: 0, posedge: 1, negedge: 0, noedge: 0, bothedge: 0
9.0.B: clocks: 1, declared: 1, looping: 0, posedge: 1, negedge: 0, noedge: 0, bothedge: 0
9.0.B: Last scan. Per property time limit: 0s
9.0.B: Starting proof for property "CS_div_fsm_s13_10"	[0.00 s].
9.0.AM: Proofgrid shell started at 3516114@caddy15.stanford.edu(local) jg_3514426_caddy15.stanford.edu_10
9.0.B: Trace Attempt  1	[0.01 s]
9.0.B: Trace Attempt  2	[0.04 s]
9.0.B: Trace Attempt  3	[0.04 s]
9.0.AM: clocks: 1, declared: 1, looping: 0, posedge: 1, negedge: 0, noedge: 0, bothedge: 0
9.0.AM: Last scan. Per property time limit: 0s
9.0.AM: Starting proof for property "CS_div_fsm_s13_10"	[0.00 s].
9.0.AM: Trace Attempt  1	[0.00 s]
9.0.AM: Trace Attempt  2	[0.01 s]
9.0.B: Trace Attempt  4	[0.08 s]
9.0.AM: Trace Attempt  3	[0.05 s]
9.0.B: Trace Attempt  5	[0.16 s]
9.0.AM: Trace Attempt  4	[0.11 s]
9.0.Oh: bwd trail(1): 1 0.112165s
9.0.Oh: All properties either determined or skipped. [0.26 s]
9.0.Mpcustom4: Trace Attempt  3	[0.59 s]
9.0.Oh: Exited with Success (@ 0.72 s)
9.0.Oh: Completed, Restart ignored.
9.0.AM: Trace Attempt  5	[0.15 s]
9.0.Mpcustom4: Trace Attempt  3	[0.64 s]
9.0.Mpcustom4: Trace Attempt  4	[0.66 s]
9.0.Mpcustom4: Trace Attempt  4	[0.72 s]
9.0.Mpcustom4: Trace Attempt  5	[0.74 s]
9.0.AM: Trace Attempt  1	[1.87 s]
9.0.AM: Trace Attempt  2	[1.90 s]
9.0.AM: Trace Attempt  3	[1.91 s]
9.0.AM: Trace Attempt  5	[1.92 s]
9.0.N: Trace Attempt  1	[3.10 s]
9.0.N: Trace Attempt  2	[3.12 s]
9.0.N: Trace Attempt  3	[3.13 s]
9.0.N: Trace Attempt  5	[3.14 s]
9.0.AM: Trace Attempt  1	[3.81 s]
9.0.AM: Trace Attempt  2	[3.83 s]
9.0.AM: Trace Attempt  3	[3.84 s]
9.0.Ht: Trace Attempt 37	[4.37 s]
9.0.AM: Trace Attempt  5	[3.85 s]
9.0.B: Trace Attempt 32	[4.24 s]
9.0.Mpcustom4: Trace Attempt 18	[5.89 s]
9.0.Mpcustom4: Trace Attempt 30	[11.23 s]
9.0.AM: Trace Attempt 40	[13.07 s]
9.0.Mpcustom4: Trace Attempt 37	[15.55 s]
9.0.N: Trace Attempt 33	[18.51 s]
9.0.N: Requesting engine job to stop
9.0.B: Requesting engine job to stop
9.0.AM: Requesting engine job to stop
9.0.Hp: Requesting engine job to terminate
9.0.Ht: Requesting engine job to terminate
9.0.Mpcustom4: Requesting engine job to terminate
INFO (IPF144): 9: Initiating shutdown of proof [19.78 s]
9.0.B: Trace Attempt 50	[6.75 s]
9.0.B: A trace with 50 cycles was found. [19.26 s]
INFO (IPF047): 9.0.B: The cover property "CS_div_fsm_s13_10" was covered in 50 cycles in 19.29 s.
9.0.B: Stopped processing property "CS_div_fsm_s13_10"	[19.31 s].
9.0.B: All properties determined. [19.28 s]
9.0.B: Exited with Success (@ 19.80 s)
9: ProofGrid usable level: 0
9.0.N: Stopped processing property "CS_div_fsm_s13_10"	[19.90 s].
9.0.N: All properties determined. [19.90 s]
9.0.N: Exited with Success (@ 19.93 s)
9.0.Hp: Interrupted (multi)
9.0.Hp: All properties determined. [20.09 s]
9.0.Mpcustom4: Trace Attempt 40	[17.61 s]
9.0.Mpcustom4: All properties determined. [20.00 s]
9.0.Mpcustom4: Exited with Success (@ 20.13 s)
9.0.Hp: Exited with Success (@ 20.19 s)
9.0.AM: Trace Attempt 49	[13.35 s]
9.0.AM: Stopped processing property "CS_div_fsm_s13_10"	[19.66 s].
9.0.AM: All properties determined. [19.67 s]
9.0.AM: Exited with Success (@ 20.26 s)
9.0.Ht: Interrupted (multi)
9.0.Ht: Trace Attempt 42	[6.03 s]
9.0.Ht: All properties determined. [20.80 s]
9.0.Ht: Exited with Success (@ 21.19 s)
9: --------------------------------------------------------------
ProofGrid Summary (utilization 98.49 %)
--------------------------------------------------------------
     engines started                               :     7
     engine jobs started                           :     7

    Average time in state (seconds)
    ------------------------------------------------------
    Engine  Pending     Running        Dead    Utilization
    ------------------------------------------------------
      N        0.11       19.77        0.00       99.45 %
     Hp        0.09       19.76        0.00       99.55 %
     Ht        0.10       19.74        0.00       99.51 %
    Mpcustom4        0.14       19.67        0.00       99.29 %
     Oh        0.43        0.26        0.00       37.57 %
      B        0.43       19.31        0.00       97.84 %
     AM        0.51       19.23        0.00       97.42 %
    all        0.26       16.82        0.00       98.49 %

    Total time in state (seconds)
    -----------------------------------------
            Pending     Running        Dead  
    -----------------------------------------
               1.80      117.75        0.00

    Data read    : 142.38 kiB
    Data written : 13.60 kiB

9: All pending notifications were processed.
INFO (IPF059): 9: Completed proof on task: "mytask"
cover -name CS_div_fsm_s13_11 {@(posedge clk_i) !div_fsm_s13 ##1 div_fsm_s13 [*11] ##1 !div_fsm_s13 }
INFO (IPF036): Starting proof on task: "mytask", 1 properties to prove with 0 already proven/unreachable
INFO (IPF031): Settings used for proof thread 10:
    orchestration                 = on (auto)
    time_limit                    = 600s
    per_property_time_limit       = 1s * 10 ^ scan
    engine_mode                   = auto
    proofgrid_per_engine_max_jobs = 1
    max engine jobs               = auto
    proofgrid_mode                = local
    proofgrid_restarts            = 10
10: Using multistage preprocessing
10: Starting reduce
10: Finished reduce in 0.041s
10.0.PRE: Performing Proof Simplification...
10.0.N: clocks: 1, declared: 1, looping: 0, posedge: 1, negedge: 0, noedge: 0, bothedge: 0
10.0.N: Proof Simplification Iteration 1	[0.00 s]
10.0.N: Proof Simplification Iteration 2	[0.04 s]
10.0.N: Proof Simplification Iteration 3	[0.06 s]
10.0.N: Proof Simplification Iteration 4	[0.07 s]
10.0.N: Proof Simplification Iteration 5	[0.09 s]
10.0.N: Proof Simplification Iteration 6	[0.11 s]
10.0.N: Proof Simplification Iteration 7	[0.13 s]
10.0.N: Proof Simplification Iteration 8	[0.15 s]
10.0.N: Proof Simplification Iteration 9	[0.17 s]
10.0.N: Proof Simplification Iteration 10	[0.18 s]
10.0.PRE: Proof Simplification completed in 0.23 s
10: About to start ProofGrid in its own thread with a limit of 10000 pending notifications and a limit of 10 traces.
10: =============================== ProofGrid start ===============================
10: ProofGrid usable level: 1
10: Initial ProofGrid level: 1
10: ProofGrid is starting event handling
10.0.Hp: caddy15.stanford.edu: "Rocky Linux 8.10 (Green Obsidian)" is an unsupported operating system.
10.0.N: caddy15.stanford.edu: "Rocky Linux 8.10 (Green Obsidian)" is an unsupported operating system.
10.0.Ht: caddy15.stanford.edu: "Rocky Linux 8.10 (Green Obsidian)" is an unsupported operating system.
10.0.Hp: Proofgrid shell started at 3516190@caddy15.stanford.edu(local) jg_3514426_caddy15.stanford.edu_11
10.0.Mpcustom4: caddy15.stanford.edu: "Rocky Linux 8.10 (Green Obsidian)" is an unsupported operating system.
10.0.N: Proofgrid shell started at 3516189@caddy15.stanford.edu(local) jg_3514426_caddy15.stanford.edu_11
10.0.Hp: clocks: 1, declared: 1, looping: 0, posedge: 1, negedge: 0, noedge: 0, bothedge: 0
10.0.N: clocks: 1, declared: 1, looping: 0, posedge: 1, negedge: 0, noedge: 0, bothedge: 0
10.0.N: Last scan. Per property time limit: 0s
10.0.N: Starting proof for property "CS_div_fsm_s13_11"	[0.00 s].
10.0.Ht: Proofgrid shell started at 3516212@caddy15.stanford.edu(local) jg_3514426_caddy15.stanford.edu_11
10.0.N: Trace Attempt  1	[0.01 s]
10.0.N: Trace Attempt  2	[0.01 s]
10.0.N: Trace Attempt  3	[0.01 s]
10.0.Ht: clocks: 1, declared: 1, looping: 0, posedge: 1, negedge: 0, noedge: 0, bothedge: 0
10.0.N: Trace Attempt  3	[0.04 s]
10.0.Ht: Trace Attempt  1	[0.04 s]
10.0.Ht: Trace Attempt  2	[0.04 s]
10.0.N: Trace Attempt  4	[0.06 s]
10.0.Ht: Trace Attempt  3	[0.04 s]
10.0.Ht: Trace Attempt  4	[0.05 s]
10.0.Mpcustom4: Proofgrid shell started at 3516231@caddy15.stanford.edu(local) jg_3514426_caddy15.stanford.edu_11
10.0.N: Trace Attempt  5	[0.06 s]
10.0.Ht: Trace Attempt  5	[0.06 s]
10.0.Mpcustom4: clocks: 1, declared: 1, looping: 0, posedge: 1, negedge: 0, noedge: 0, bothedge: 0
10.0.Mpcustom4: Trace Attempt  1	[0.04 s]
10.0.N: Trace Attempt  5	[0.12 s]
10.0.Mpcustom4: Trace Attempt  2	[0.06 s]
10.0.Oh: caddy15.stanford.edu: "Rocky Linux 8.10 (Green Obsidian)" is an unsupported operating system.
10.0.B: caddy15.stanford.edu: "Rocky Linux 8.10 (Green Obsidian)" is an unsupported operating system.
10.0.AM: caddy15.stanford.edu: "Rocky Linux 8.10 (Green Obsidian)" is an unsupported operating system.
10.0.B: Proofgrid shell started at 3516250@caddy15.stanford.edu(local) jg_3514426_caddy15.stanford.edu_11
10.0.Oh: Proofgrid shell started at 3516242@caddy15.stanford.edu(local) jg_3514426_caddy15.stanford.edu_11
10.0.Oh: clocks: 1, declared: 1, looping: 0, posedge: 1, negedge: 0, noedge: 0, bothedge: 0
10.0.B: clocks: 1, declared: 1, looping: 0, posedge: 1, negedge: 0, noedge: 0, bothedge: 0
10.0.B: Last scan. Per property time limit: 0s
10.0.B: Starting proof for property "CS_div_fsm_s13_11"	[0.00 s].
10.0.B: Trace Attempt  1	[0.01 s]
10.0.AM: Proofgrid shell started at 3516251@caddy15.stanford.edu(local) jg_3514426_caddy15.stanford.edu_11
10.0.B: Trace Attempt  2	[0.02 s]
10.0.B: Trace Attempt  3	[0.04 s]
10.0.AM: clocks: 1, declared: 1, looping: 0, posedge: 1, negedge: 0, noedge: 0, bothedge: 0
10.0.B: Trace Attempt  4	[0.07 s]
10.0.AM: Last scan. Per property time limit: 0s
10.0.AM: Starting proof for property "CS_div_fsm_s13_11"	[0.00 s].
10.0.AM: Trace Attempt  1	[0.00 s]
10.0.AM: Trace Attempt  2	[0.01 s]
10.0.AM: Trace Attempt  3	[0.05 s]
10.0.Oh: bwd trail(1): 1 0.112871s
10.0.Oh: All properties either determined or skipped. [0.16 s]
10.0.Oh: Exited with Success (@ 0.65 s)
10.0.Oh: Completed, Restart ignored.
10.0.B: Trace Attempt  5	[0.15 s]
10.0.AM: Trace Attempt  4	[0.10 s]
10.0.AM: Trace Attempt  5	[0.15 s]
10.0.Mpcustom4: Trace Attempt  3	[0.64 s]
10.0.Mpcustom4: Trace Attempt  3	[0.69 s]
10.0.Mpcustom4: Trace Attempt  4	[0.71 s]
10.0.Mpcustom4: Trace Attempt  4	[0.76 s]
10.0.Mpcustom4: Trace Attempt  5	[0.79 s]
10.0.AM: Trace Attempt  1	[1.96 s]
10.0.AM: Trace Attempt  2	[1.99 s]
10.0.AM: Trace Attempt  3	[1.99 s]
10.0.AM: Trace Attempt  5	[2.00 s]
10.0.N: Trace Attempt  1	[2.68 s]
10.0.N: Trace Attempt  2	[2.69 s]
10.0.N: Trace Attempt  3	[2.69 s]
10.0.N: Trace Attempt  5	[2.69 s]
10.0.Ht: Trace Attempt 38	[4.48 s]
10.0.AM: Trace Attempt  1	[4.02 s]
10.0.AM: Trace Attempt  2	[4.04 s]
10.0.AM: Trace Attempt  3	[4.05 s]
10.0.AM: Trace Attempt  5	[4.06 s]
10.0.B: Trace Attempt 35	[4.20 s]
10.0.Mpcustom4: Trace Attempt 22	[5.21 s]
10.0.N: Trace Attempt  1	[6.43 s]
10.0.N: Trace Attempt  2	[6.46 s]
10.0.N: Trace Attempt  3	[6.46 s]
10.0.N: Trace Attempt  5	[6.48 s]
10.0.Mpcustom4: Trace Attempt 32	[9.95 s]
10.0.AM: Trace Attempt 39	[13.30 s]
10.0.Mpcustom4: Trace Attempt 40	[14.40 s]
10.0.N: Requesting engine job to stop
10.0.B: Requesting engine job to stop
10.0.AM: Requesting engine job to stop
10.0.Hp: Requesting engine job to terminate
10.0.Ht: Requesting engine job to terminate
10.0.Mpcustom4: Requesting engine job to terminate
INFO (IPF144): 10: Initiating shutdown of proof [17.29 s]
10.0.B: Trace Attempt 51	[6.20 s]
10.0.B: A trace with 51 cycles was found. [16.75 s]
INFO (IPF047): 10.0.B: The cover property "CS_div_fsm_s13_11" was covered in 51 cycles in 16.80 s.
10: ProofGrid usable level: 0
10.0.B: Stopped processing property "CS_div_fsm_s13_11"	[16.85 s].
10.0.B: All properties determined. [16.77 s]
10.0.B: Exited with Success (@ 17.30 s)
10.0.N: Trace Attempt 50	[9.07 s]
10.0.N: Stopped processing property "CS_div_fsm_s13_11"	[17.34 s].
10.0.N: All properties determined. [17.32 s]
10.0.N: Exited with Success (@ 17.35 s)
10.0.Mpcustom4: Trace Attempt 46	[15.99 s]
10.0.Mpcustom4: All properties determined. [17.45 s]
10.0.AM: Trace Attempt 50	[16.08 s]
10.0.AM: Stopped processing property "CS_div_fsm_s13_11"	[17.08 s].
10.0.AM: All properties determined. [17.08 s]
10.0.Mpcustom4: Exited with Success (@ 17.68 s)
10.0.AM: Exited with Success (@ 17.68 s)
10.0.Hp: Interrupted (multi)
10.0.Hp: All properties determined. [18.12 s]
10.0.Hp: Exited with Success (@ 18.48 s)
10.0.Ht: Interrupted (multi)
10.0.Ht: Trace Attempt 39	[4.65 s]
10.0.Ht: All properties determined. [18.51 s]
10.0.Ht: Exited with Success (@ 18.67 s)
10: --------------------------------------------------------------
ProofGrid Summary (utilization 98.25 %)
--------------------------------------------------------------
     engines started                               :     7
     engine jobs started                           :     7

    Average time in state (seconds)
    ------------------------------------------------------
    Engine  Pending     Running        Dead    Utilization
    ------------------------------------------------------
      N        0.11       17.28        0.00       99.35 %
     Hp        0.08       17.28        0.00       99.53 %
     Ht        0.09       17.25        0.00       99.49 %
    Mpcustom4        0.13       17.19        0.00       99.23 %
     Oh        0.47        0.16        0.00       26.03 %
      B        0.44       16.79        0.00       97.43 %
     AM        0.51       16.73        0.00       97.05 %
    all        0.26       14.67        0.00       98.25 %

    Total time in state (seconds)
    -----------------------------------------
            Pending     Running        Dead  
    -----------------------------------------
               1.83      102.67        0.00

    Data read    : 147.99 kiB
    Data written : 15.40 kiB

10: All pending notifications were processed.
INFO (IPF059): 10: Completed proof on task: "mytask"
cover -name CS_div_fsm_s13_12 {@(posedge clk_i) !div_fsm_s13 ##1 div_fsm_s13 [*12] ##1 !div_fsm_s13 }
INFO (IPF036): Starting proof on task: "mytask", 1 properties to prove with 0 already proven/unreachable
INFO (IPF031): Settings used for proof thread 11:
    orchestration                 = on (auto)
    time_limit                    = 600s
    per_property_time_limit       = 1s * 10 ^ scan
    engine_mode                   = auto
    proofgrid_per_engine_max_jobs = 1
    max engine jobs               = auto
    proofgrid_mode                = local
    proofgrid_restarts            = 10
11: Using multistage preprocessing
11: Starting reduce
11: Finished reduce in 0.041s
11.0.PRE: Performing Proof Simplification...
11.0.N: clocks: 1, declared: 1, looping: 0, posedge: 1, negedge: 0, noedge: 0, bothedge: 0
11.0.N: Proof Simplification Iteration 1	[0.00 s]
11.0.N: Proof Simplification Iteration 2	[0.04 s]
11.0.N: Proof Simplification Iteration 3	[0.06 s]
11.0.N: Proof Simplification Iteration 4	[0.07 s]
11.0.N: Proof Simplification Iteration 5	[0.09 s]
11.0.N: Proof Simplification Iteration 6	[0.11 s]
11.0.N: Proof Simplification Iteration 7	[0.13 s]
11.0.N: Proof Simplification Iteration 8	[0.15 s]
11.0.N: Proof Simplification Iteration 9	[0.17 s]
11.0.N: Proof Simplification Iteration 10	[0.18 s]
11.0.PRE: Proof Simplification completed in 0.23 s
11: About to start ProofGrid in its own thread with a limit of 10000 pending notifications and a limit of 10 traces.
11: =============================== ProofGrid start ===============================
11: ProofGrid usable level: 1
11: Initial ProofGrid level: 1
11: ProofGrid is starting event handling
11.0.Hp: caddy15.stanford.edu: "Rocky Linux 8.10 (Green Obsidian)" is an unsupported operating system.
11.0.N: caddy15.stanford.edu: "Rocky Linux 8.10 (Green Obsidian)" is an unsupported operating system.
11.0.Ht: caddy15.stanford.edu: "Rocky Linux 8.10 (Green Obsidian)" is an unsupported operating system.
11.0.Mpcustom4: caddy15.stanford.edu: "Rocky Linux 8.10 (Green Obsidian)" is an unsupported operating system.
11.0.N: Proofgrid shell started at 3516532@caddy15.stanford.edu(local) jg_3514426_caddy15.stanford.edu_12
11.0.Hp: Proofgrid shell started at 3516533@caddy15.stanford.edu(local) jg_3514426_caddy15.stanford.edu_12
11.0.Oh: caddy15.stanford.edu: "Rocky Linux 8.10 (Green Obsidian)" is an unsupported operating system.
11.0.Hp: clocks: 1, declared: 1, looping: 0, posedge: 1, negedge: 0, noedge: 0, bothedge: 0
11.0.Mpcustom4: Proofgrid shell started at 3516559@caddy15.stanford.edu(local) jg_3514426_caddy15.stanford.edu_12
11.0.N: clocks: 1, declared: 1, looping: 0, posedge: 1, negedge: 0, noedge: 0, bothedge: 0
11.0.Ht: Proofgrid shell started at 3516555@caddy15.stanford.edu(local) jg_3514426_caddy15.stanford.edu_12
11.0.N: Last scan. Per property time limit: 0s
11.0.N: Starting proof for property "CS_div_fsm_s13_12"	[0.00 s].
11.0.N: Trace Attempt  1	[0.01 s]
11.0.N: Trace Attempt  2	[0.01 s]
11.0.N: Trace Attempt  3	[0.01 s]
11.0.Mpcustom4: clocks: 1, declared: 1, looping: 0, posedge: 1, negedge: 0, noedge: 0, bothedge: 0
11.0.Oh: Proofgrid shell started at 3516587@caddy15.stanford.edu(local) jg_3514426_caddy15.stanford.edu_12
11.0.Ht: clocks: 1, declared: 1, looping: 0, posedge: 1, negedge: 0, noedge: 0, bothedge: 0
11.0.N: Trace Attempt  3	[0.05 s]
11.0.Ht: Trace Attempt  1	[0.04 s]
11.0.Ht: Trace Attempt  2	[0.04 s]
11.0.N: Trace Attempt  4	[0.07 s]
11.0.N: Trace Attempt  5	[0.07 s]
11.0.Ht: Trace Attempt  3	[0.04 s]
11.0.Ht: Trace Attempt  4	[0.04 s]
11.0.Mpcustom4: Trace Attempt  1	[0.05 s]
11.0.Oh: clocks: 1, declared: 1, looping: 0, posedge: 1, negedge: 0, noedge: 0, bothedge: 0
11.0.Ht: Trace Attempt  5	[0.05 s]
11.0.N: Trace Attempt  5	[0.12 s]
11.0.Mpcustom4: Trace Attempt  2	[0.12 s]
11.0.B: caddy15.stanford.edu: "Rocky Linux 8.10 (Green Obsidian)" is an unsupported operating system.
11.0.AM: caddy15.stanford.edu: "Rocky Linux 8.10 (Green Obsidian)" is an unsupported operating system.
11.0.Oh: bwd trail(1): 1 0.113399s
11.0.Oh: All properties either determined or skipped. [0.26 s]
11.0.Oh: Exited with Success (@ 0.37 s)
11.0.Oh: Completed, Restart ignored.
11.0.B: Proofgrid shell started at 3516595@caddy15.stanford.edu(local) jg_3514426_caddy15.stanford.edu_12
11.0.B: clocks: 1, declared: 1, looping: 0, posedge: 1, negedge: 0, noedge: 0, bothedge: 0
11.0.B: Last scan. Per property time limit: 0s
11.0.B: Starting proof for property "CS_div_fsm_s13_12"	[0.00 s].
11.0.B: Trace Attempt  1	[0.01 s]
11.0.B: Trace Attempt  2	[0.03 s]
11.0.AM: Proofgrid shell started at 3516608@caddy15.stanford.edu(local) jg_3514426_caddy15.stanford.edu_12
11.0.B: Trace Attempt  3	[0.04 s]
11.0.B: Trace Attempt  4	[0.05 s]
11.0.B: Trace Attempt  5	[0.09 s]
11.0.AM: clocks: 1, declared: 1, looping: 0, posedge: 1, negedge: 0, noedge: 0, bothedge: 0
11.0.AM: Last scan. Per property time limit: 0s
11.0.AM: Starting proof for property "CS_div_fsm_s13_12"	[0.00 s].
11.0.AM: Trace Attempt  1	[0.00 s]
11.0.AM: Trace Attempt  2	[0.01 s]
11.0.AM: Trace Attempt  3	[0.05 s]
11.0.AM: Trace Attempt  4	[0.10 s]
11.0.AM: Trace Attempt  5	[0.15 s]
11.0.Mpcustom4: Trace Attempt  3	[1.20 s]
11.0.Mpcustom4: Trace Attempt  3	[1.32 s]
11.0.Mpcustom4: Trace Attempt  4	[1.37 s]
11.0.Mpcustom4: Trace Attempt  4	[1.48 s]
11.0.Mpcustom4: Trace Attempt  5	[1.53 s]
11.0.N: Trace Attempt  1	[2.68 s]
11.0.N: Trace Attempt  2	[2.68 s]
11.0.N: Trace Attempt  3	[2.69 s]
11.0.N: Trace Attempt  5	[2.69 s]
11.0.AM: Trace Attempt  1	[3.43 s]
11.0.AM: Trace Attempt  2	[3.49 s]
11.0.AM: Trace Attempt  3	[3.50 s]
11.0.AM: Trace Attempt  5	[3.51 s]
11.0.B: Trace Attempt 38	[4.09 s]
11.0.Ht: Trace Attempt 40	[4.93 s]
11.0.Mpcustom4: Trace Attempt 27	[5.55 s]
11.0.N: Trace Attempt 33	[6.70 s]
11.0.AM: Trace Attempt  1	[6.54 s]
11.0.AM: Trace Attempt  2	[6.59 s]
11.0.AM: Trace Attempt  3	[6.59 s]
11.0.AM: Trace Attempt  5	[6.62 s]
11.0.N: Trace Attempt  1	[7.60 s]
11.0.N: Trace Attempt  2	[7.67 s]
11.0.N: Trace Attempt  3	[7.67 s]
11.0.N: Trace Attempt  5	[7.70 s]
11.0.Mpcustom4: Trace Attempt 35	[9.57 s]
11.0.N: Requesting engine job to stop
11.0.B: Requesting engine job to stop
11.0.AM: Requesting engine job to stop
11.0.Hp: Requesting engine job to terminate
11.0.Ht: Requesting engine job to terminate
11.0.Mpcustom4: Requesting engine job to terminate
INFO (IPF144): 11: Initiating shutdown of proof [13.96 s]
11.0.B: Trace Attempt 52	[5.75 s]
11.0.B: A trace with 52 cycles was found. [13.41 s]
INFO (IPF047): 11.0.B: The cover property "CS_div_fsm_s13_12" was covered in 52 cycles in 13.45 s.
11: ProofGrid usable level: 0
11.0.B: Stopped processing property "CS_div_fsm_s13_12"	[13.52 s].
11.0.B: All properties determined. [13.43 s]
11.0.B: Exited with Success (@ 13.97 s)
11.0.N: Trace Attempt 45	[10.41 s]
11.0.N: Stopped processing property "CS_div_fsm_s13_12"	[14.00 s].
11.0.N: All properties determined. [13.97 s]
11.0.N: Exited with Success (@ 14.02 s)
11.0.AM: Trace Attempt 39	[9.65 s]
11.0.AM: Stopped processing property "CS_div_fsm_s13_12"	[13.59 s].
11.0.AM: All properties determined. [13.58 s]
11.0.Mpcustom4: Trace Attempt 38	[12.90 s]
11.0.Mpcustom4: All properties determined. [14.13 s]
11.0.AM: Exited with Success (@ 14.22 s)
11.0.Mpcustom4: Exited with Success (@ 14.33 s)
11.0.Hp: Interrupted (multi)
11.0.Hp: All properties determined. [14.30 s]
11.0.Hp: Exited with Success (@ 14.53 s)
11.0.Ht: Interrupted (multi)
11.0.Ht: Trace Attempt 42	[5.08 s]
11.0.Ht: All properties determined. [14.48 s]
11.0.Ht: Exited with Success (@ 14.78 s)
11: --------------------------------------------------------------
ProofGrid Summary (utilization 98.21 %)
--------------------------------------------------------------
     engines started                               :     7
     engine jobs started                           :     7

    Average time in state (seconds)
    ------------------------------------------------------
    Engine  Pending     Running        Dead    Utilization
    ------------------------------------------------------
      N        0.09       13.93        0.00       99.36 %
     Hp        0.09       13.94        0.00       99.35 %
     Ht        0.10       13.89        0.00       99.28 %
    Mpcustom4        0.10       13.89        0.00       99.28 %
     Oh        0.09        0.26        0.00       73.92 %
      B        0.49       13.45        0.00       96.47 %
     AM        0.54       13.35        0.00       96.13 %
    all        0.21       11.82        0.00       98.21 %

    Total time in state (seconds)
    -----------------------------------------
            Pending     Running        Dead  
    -----------------------------------------
               1.50       82.72        0.00

    Data read    : 145.41 kiB
    Data written : 15.23 kiB

11: All pending notifications were processed.
INFO (IPF059): 11: Completed proof on task: "mytask"
cover -name CS_div_fsm_s13_13 {@(posedge clk_i) !div_fsm_s13 ##1 div_fsm_s13 [*13] ##1 !div_fsm_s13 }
INFO (IPF036): Starting proof on task: "mytask", 1 properties to prove with 0 already proven/unreachable
INFO (IPF031): Settings used for proof thread 12:
    orchestration                 = on (auto)
    time_limit                    = 600s
    per_property_time_limit       = 1s * 10 ^ scan
    engine_mode                   = auto
    proofgrid_per_engine_max_jobs = 1
    max engine jobs               = auto
    proofgrid_mode                = local
    proofgrid_restarts            = 10
12: Using multistage preprocessing
12: Starting reduce
12: Finished reduce in 0.04s
12.0.PRE: Performing Proof Simplification...
12.0.N: clocks: 1, declared: 1, looping: 0, posedge: 1, negedge: 0, noedge: 0, bothedge: 0
12.0.N: Proof Simplification Iteration 1	[0.00 s]
12.0.N: Proof Simplification Iteration 2	[0.04 s]
12.0.N: Proof Simplification Iteration 3	[0.05 s]
12.0.N: Proof Simplification Iteration 4	[0.07 s]
12.0.N: Proof Simplification Iteration 5	[0.09 s]
12.0.N: Proof Simplification Iteration 6	[0.11 s]
12.0.N: Proof Simplification Iteration 7	[0.13 s]
12.0.N: Proof Simplification Iteration 8	[0.14 s]
12.0.N: Proof Simplification Iteration 9	[0.16 s]
12.0.N: Proof Simplification Iteration 10	[0.18 s]
12.0.PRE: Proof Simplification completed in 0.23 s
12: About to start ProofGrid in its own thread with a limit of 10000 pending notifications and a limit of 10 traces.
12: =============================== ProofGrid start ===============================
12: ProofGrid usable level: 1
12: Initial ProofGrid level: 1
12: ProofGrid is starting event handling
12.0.Hp: caddy15.stanford.edu: "Rocky Linux 8.10 (Green Obsidian)" is an unsupported operating system.
12.0.N: caddy15.stanford.edu: "Rocky Linux 8.10 (Green Obsidian)" is an unsupported operating system.
12.0.Ht: caddy15.stanford.edu: "Rocky Linux 8.10 (Green Obsidian)" is an unsupported operating system.
12.0.N: Proofgrid shell started at 3516645@caddy15.stanford.edu(local) jg_3514426_caddy15.stanford.edu_13
12.0.Hp: Proofgrid shell started at 3516646@caddy15.stanford.edu(local) jg_3514426_caddy15.stanford.edu_13
12.0.Mpcustom4: caddy15.stanford.edu: "Rocky Linux 8.10 (Green Obsidian)" is an unsupported operating system.
12.0.Ht: Proofgrid shell started at 3516668@caddy15.stanford.edu(local) jg_3514426_caddy15.stanford.edu_13
12.0.N: clocks: 1, declared: 1, looping: 0, posedge: 1, negedge: 0, noedge: 0, bothedge: 0
12.0.Ht: clocks: 1, declared: 1, looping: 0, posedge: 1, negedge: 0, noedge: 0, bothedge: 0
12.0.N: Last scan. Per property time limit: 0s
12.0.N: Starting proof for property "CS_div_fsm_s13_13"	[0.00 s].
12.0.Hp: clocks: 1, declared: 1, looping: 0, posedge: 1, negedge: 0, noedge: 0, bothedge: 0
12.0.N: Trace Attempt  1	[0.01 s]
12.0.N: Trace Attempt  2	[0.01 s]
12.0.N: Trace Attempt  3	[0.01 s]
12.0.Mpcustom4: Proofgrid shell started at 3516687@caddy15.stanford.edu(local) jg_3514426_caddy15.stanford.edu_13
12.0.N: Trace Attempt  3	[0.04 s]
12.0.Ht: Trace Attempt  1	[0.05 s]
12.0.Ht: Trace Attempt  2	[0.05 s]
12.0.Ht: Trace Attempt  3	[0.05 s]
12.0.Ht: Trace Attempt  4	[0.06 s]
12.0.Oh: caddy15.stanford.edu: "Rocky Linux 8.10 (Green Obsidian)" is an unsupported operating system.
12.0.N: Trace Attempt  4	[0.06 s]
12.0.N: Trace Attempt  5	[0.06 s]
12.0.Mpcustom4: clocks: 1, declared: 1, looping: 0, posedge: 1, negedge: 0, noedge: 0, bothedge: 0
12.0.AM: caddy15.stanford.edu: "Rocky Linux 8.10 (Green Obsidian)" is an unsupported operating system.
12.0.B: caddy15.stanford.edu: "Rocky Linux 8.10 (Green Obsidian)" is an unsupported operating system.
12.0.Ht: Trace Attempt  5	[0.09 s]
12.0.Mpcustom4: Trace Attempt  1	[0.05 s]
12.0.Mpcustom4: Trace Attempt  2	[0.07 s]
12.0.N: Trace Attempt  5	[0.12 s]
12.0.Oh: Proofgrid shell started at 3516700@caddy15.stanford.edu(local) jg_3514426_caddy15.stanford.edu_13
12.0.Oh: clocks: 1, declared: 1, looping: 0, posedge: 1, negedge: 0, noedge: 0, bothedge: 0
12.0.AM: Proofgrid shell started at 3516707@caddy15.stanford.edu(local) jg_3514426_caddy15.stanford.edu_13
12.0.B: Proofgrid shell started at 3516706@caddy15.stanford.edu(local) jg_3514426_caddy15.stanford.edu_13
12.0.AM: clocks: 1, declared: 1, looping: 0, posedge: 1, negedge: 0, noedge: 0, bothedge: 0
12.0.Oh: bwd trail(1): 1 0.112079s
12.0.Oh: All properties either determined or skipped. [0.17 s]
12.0.AM: Last scan. Per property time limit: 0s
12.0.AM: Starting proof for property "CS_div_fsm_s13_13"	[0.00 s].
12.0.AM: Trace Attempt  1	[0.00 s]
12.0.AM: Trace Attempt  2	[0.01 s]
12.0.Oh: Exited with Success (@ 0.38 s)
12.0.B: clocks: 1, declared: 1, looping: 0, posedge: 1, negedge: 0, noedge: 0, bothedge: 0
12.0.AM: Trace Attempt  3	[0.03 s]
12.0.B: Last scan. Per property time limit: 0s
12.0.B: Starting proof for property "CS_div_fsm_s13_13"	[0.00 s].
12.0.B: Trace Attempt  1	[0.01 s]
12.0.AM: Trace Attempt  4	[0.06 s]
12.0.B: Trace Attempt  2	[0.02 s]
12.0.B: Trace Attempt  3	[0.04 s]
12.0.AM: Trace Attempt  5	[0.08 s]
12.0.B: Trace Attempt  4	[0.07 s]
12.0.B: Trace Attempt  5	[0.14 s]
12.0.Mpcustom4: Trace Attempt  3	[0.63 s]
12.0.Mpcustom4: Trace Attempt  3	[0.68 s]
12.0.Mpcustom4: Trace Attempt  4	[0.70 s]
12.0.Mpcustom4: Trace Attempt  4	[0.76 s]
12.0.Mpcustom4: Trace Attempt  5	[0.79 s]
12.0.AM: Trace Attempt  1	[1.83 s]
12.0.AM: Trace Attempt  2	[1.86 s]
12.0.AM: Trace Attempt  3	[1.86 s]
12.0.AM: Trace Attempt  5	[1.87 s]
12.0.AM: Trace Attempt  1	[3.21 s]
12.0.AM: Trace Attempt  2	[3.24 s]
12.0.AM: Trace Attempt  3	[3.25 s]
12.0.AM: Trace Attempt  5	[3.26 s]
12.0.Ht: Trace Attempt 38	[4.17 s]
12.0.N: Trace Attempt 24	[4.55 s]
12.0.B: Trace Attempt 32	[4.36 s]
12.0.N: Trace Attempt  1	[4.96 s]
12.0.N: Trace Attempt  2	[5.04 s]
12.0.N: Trace Attempt  3	[5.04 s]
12.0.N: Trace Attempt  5	[5.05 s]
12.0.Mpcustom4: Trace Attempt 24	[5.18 s]
12.0.N: Trace Attempt 50	[9.85 s]
12.0.Mpcustom4: Trace Attempt 31	[9.90 s]
12.0.Mpcustom4: Trace Attempt 45	[14.24 s]
12.0.AM: Trace Attempt 45	[14.41 s]
12.0.N: Requesting engine job to stop
12.0.B: Requesting engine job to stop
12.0.AM: Requesting engine job to stop
12.0.Hp: Requesting engine job to terminate
12.0.Ht: Requesting engine job to terminate
12.0.Mpcustom4: Requesting engine job to terminate
INFO (IPF144): 12: Initiating shutdown of proof [18.45 s]
12.0.B: Trace Attempt 53	[7.19 s]
12.0.B: A trace with 53 cycles was found. [18.04 s]
INFO (IPF047): 12.0.B: The cover property "CS_div_fsm_s13_13" was covered in 53 cycles in 18.06 s.
12.0.B: Stopped processing property "CS_div_fsm_s13_13"	[18.09 s].
12.0.B: All properties determined. [18.06 s]
12.0.B: Exited with Success (@ 18.46 s)
12: ProofGrid usable level: 0
12.0.N: Trace Attempt 52	[12.13 s]
12.0.N: Stopped processing property "CS_div_fsm_s13_13"	[18.48 s].
12.0.N: All properties determined. [18.47 s]
12.0.N: Exited with Success (@ 18.52 s)
12.0.AM: Trace Attempt 52	[17.73 s]
12.0.AM: Stopped processing property "CS_div_fsm_s13_13"	[18.27 s].
12.0.AM: All properties determined. [18.27 s]
12.0.AM: Exited with Success (@ 18.65 s)
12.0.Mpcustom4: Trace Attempt 48	[16.86 s]
12.0.Mpcustom4: All properties determined. [18.66 s]
12.0.Mpcustom4: Exited with Success (@ 19.02 s)
12.0.Ht: Interrupted (multi)
12.0.Ht: Trace Attempt 41	[5.69 s]
12.0.Ht: All properties determined. [19.05 s]
12.0.Ht: Exited with Success (@ 19.40 s)
12.0.Hp: Interrupted (multi)
12.0.Hp: All properties determined. [19.52 s]
12.0.Hp: Exited with Success (@ 19.65 s)
12: --------------------------------------------------------------
ProofGrid Summary (utilization 98.91 %)
--------------------------------------------------------------
     engines started                               :     7
     engine jobs started                           :     7

    Average time in state (seconds)
    ------------------------------------------------------
    Engine  Pending     Running        Dead    Utilization
    ------------------------------------------------------
      N        0.10       18.43        0.00       99.44 %
     Hp        0.09       18.42        0.00       99.53 %
     Ht        0.08       18.43        0.00       99.56 %
    Mpcustom4        0.11       18.37        0.00       99.42 %
     Oh        0.20        0.17        0.00       46.27 %
      B        0.32       18.07        0.00       98.24 %
     AM        0.31       18.12        0.00       98.33 %
    all        0.17       15.72        0.00       98.91 %

    Total time in state (seconds)
    -----------------------------------------
            Pending     Running        Dead  
    -----------------------------------------
               1.21      110.01        0.00

    Data read    : 151.74 kiB
    Data written : 20.66 kiB

12: All pending notifications were processed.
INFO (IPF059): 12: Completed proof on task: "mytask"
cover -name CS_div_fsm_s13_14 {@(posedge clk_i) !div_fsm_s13 ##1 div_fsm_s13 [*14] ##1 !div_fsm_s13 }
INFO (IPF036): Starting proof on task: "mytask", 1 properties to prove with 0 already proven/unreachable
INFO (IPF031): Settings used for proof thread 13:
    orchestration                 = on (auto)
    time_limit                    = 600s
    per_property_time_limit       = 1s * 10 ^ scan
    engine_mode                   = auto
    proofgrid_per_engine_max_jobs = 1
    max engine jobs               = auto
    proofgrid_mode                = local
    proofgrid_restarts            = 10
13: Using multistage preprocessing
13: Starting reduce
13: Finished reduce in 0.042s
13.0.PRE: Performing Proof Simplification...
13.0.N: clocks: 1, declared: 1, looping: 0, posedge: 1, negedge: 0, noedge: 0, bothedge: 0
13.0.N: Proof Simplification Iteration 1	[0.00 s]
13.0.N: Proof Simplification Iteration 2	[0.04 s]
13.0.N: Proof Simplification Iteration 3	[0.06 s]
13.0.N: Proof Simplification Iteration 4	[0.07 s]
13.0.N: Proof Simplification Iteration 5	[0.09 s]
13.0.N: Proof Simplification Iteration 6	[0.11 s]
13.0.N: Proof Simplification Iteration 7	[0.13 s]
13.0.N: Proof Simplification Iteration 8	[0.15 s]
13.0.N: Proof Simplification Iteration 9	[0.17 s]
13.0.N: Proof Simplification Iteration 10	[0.18 s]
13.0.PRE: Proof Simplification completed in 0.23 s
13: About to start ProofGrid in its own thread with a limit of 10000 pending notifications and a limit of 10 traces.
13: =============================== ProofGrid start ===============================
13: ProofGrid usable level: 1
13: Initial ProofGrid level: 1
13: ProofGrid is starting event handling
13.0.Hp: caddy15.stanford.edu: "Rocky Linux 8.10 (Green Obsidian)" is an unsupported operating system.
13.0.N: caddy15.stanford.edu: "Rocky Linux 8.10 (Green Obsidian)" is an unsupported operating system.
13.0.Ht: caddy15.stanford.edu: "Rocky Linux 8.10 (Green Obsidian)" is an unsupported operating system.
13.0.Hp: Proofgrid shell started at 3516764@caddy15.stanford.edu(local) jg_3514426_caddy15.stanford.edu_14
13.0.Mpcustom4: caddy15.stanford.edu: "Rocky Linux 8.10 (Green Obsidian)" is an unsupported operating system.
13.0.N: Proofgrid shell started at 3516763@caddy15.stanford.edu(local) jg_3514426_caddy15.stanford.edu_14
13.0.N: clocks: 1, declared: 1, looping: 0, posedge: 1, negedge: 0, noedge: 0, bothedge: 0
13.0.Hp: clocks: 1, declared: 1, looping: 0, posedge: 1, negedge: 0, noedge: 0, bothedge: 0
13.0.N: Last scan. Per property time limit: 0s
13.0.N: Starting proof for property "CS_div_fsm_s13_14"	[0.00 s].
13.0.Ht: Proofgrid shell started at 3516787@caddy15.stanford.edu(local) jg_3514426_caddy15.stanford.edu_14
13.0.N: Trace Attempt  1	[0.01 s]
13.0.N: Trace Attempt  2	[0.01 s]
13.0.N: Trace Attempt  3	[0.01 s]
13.0.Ht: clocks: 1, declared: 1, looping: 0, posedge: 1, negedge: 0, noedge: 0, bothedge: 0
13.0.Mpcustom4: Proofgrid shell started at 3516805@caddy15.stanford.edu(local) jg_3514426_caddy15.stanford.edu_14
13.0.N: Trace Attempt  3	[0.05 s]
13.0.Ht: Trace Attempt  1	[0.04 s]
13.0.Ht: Trace Attempt  2	[0.04 s]
13.0.Ht: Trace Attempt  3	[0.04 s]
13.0.Mpcustom4: clocks: 1, declared: 1, looping: 0, posedge: 1, negedge: 0, noedge: 0, bothedge: 0
13.0.N: Trace Attempt  4	[0.07 s]
13.0.N: Trace Attempt  5	[0.07 s]
13.0.Ht: Trace Attempt  4	[0.04 s]
13.0.Ht: Trace Attempt  5	[0.05 s]
13.0.Mpcustom4: Trace Attempt  1	[0.04 s]
13.0.Mpcustom4: Trace Attempt  2	[0.06 s]
13.0.N: Trace Attempt  5	[0.12 s]
13.0.Oh: caddy15.stanford.edu: "Rocky Linux 8.10 (Green Obsidian)" is an unsupported operating system.
13.0.B: caddy15.stanford.edu: "Rocky Linux 8.10 (Green Obsidian)" is an unsupported operating system.
13.0.AM: caddy15.stanford.edu: "Rocky Linux 8.10 (Green Obsidian)" is an unsupported operating system.
13.0.Oh: Proofgrid shell started at 3516819@caddy15.stanford.edu(local) jg_3514426_caddy15.stanford.edu_14
13.0.B: Proofgrid shell started at 3516824@caddy15.stanford.edu(local) jg_3514426_caddy15.stanford.edu_14
13.0.AM: Proofgrid shell started at 3516825@caddy15.stanford.edu(local) jg_3514426_caddy15.stanford.edu_14
13.0.B: clocks: 1, declared: 1, looping: 0, posedge: 1, negedge: 0, noedge: 0, bothedge: 0
13.0.Oh: clocks: 1, declared: 1, looping: 0, posedge: 1, negedge: 0, noedge: 0, bothedge: 0
13.0.B: Last scan. Per property time limit: 0s
13.0.B: Starting proof for property "CS_div_fsm_s13_14"	[0.00 s].
13.0.B: Trace Attempt  1	[0.01 s]
13.0.AM: clocks: 1, declared: 1, looping: 0, posedge: 1, negedge: 0, noedge: 0, bothedge: 0
13.0.B: Trace Attempt  2	[0.03 s]
13.0.AM: Last scan. Per property time limit: 0s
13.0.AM: Starting proof for property "CS_div_fsm_s13_14"	[0.00 s].
13.0.AM: Trace Attempt  1	[0.00 s]
13.0.AM: Trace Attempt  2	[0.01 s]
13.0.B: Trace Attempt  3	[0.05 s]
13.0.B: Trace Attempt  4	[0.07 s]
13.0.AM: Trace Attempt  3	[0.05 s]
13.0.AM: Trace Attempt  4	[0.10 s]
13.0.B: Trace Attempt  5	[0.15 s]
13.0.AM: Trace Attempt  5	[0.14 s]
13.0.Mpcustom4: Trace Attempt  3	[0.61 s]
13.0.Oh: bwd trail(1): 1 0.116569s
13.0.Mpcustom4: Trace Attempt  3	[0.66 s]
13.0.Oh: All properties either determined or skipped. [0.25 s]
13.0.Oh: Exited with Success (@ 0.76 s)
13.0.Oh: Completed, Restart ignored.
13.0.Mpcustom4: Trace Attempt  4	[0.68 s]
13.0.Mpcustom4: Trace Attempt  4	[0.74 s]
13.0.Mpcustom4: Trace Attempt  5	[0.76 s]
13.0.AM: Trace Attempt  1	[2.40 s]
13.0.AM: Trace Attempt  2	[2.43 s]
13.0.AM: Trace Attempt  3	[2.44 s]
13.0.AM: Trace Attempt  5	[2.45 s]
13.0.Ht: Trace Attempt 39	[4.06 s]
13.0.N: Trace Attempt 26	[4.43 s]
13.0.AM: Trace Attempt  1	[3.94 s]
13.0.AM: Trace Attempt  2	[3.96 s]
13.0.AM: Trace Attempt  3	[3.97 s]
13.0.N: Trace Attempt  1	[4.49 s]
13.0.AM: Trace Attempt  5	[3.98 s]
13.0.N: Trace Attempt  2	[4.50 s]
13.0.N: Trace Attempt  3	[4.50 s]
13.0.N: Trace Attempt  5	[4.50 s]
13.0.B: Trace Attempt 46	[4.28 s]
13.0.Mpcustom4: Trace Attempt 29	[5.14 s]
13.0.AM: Trace Attempt  1	[6.65 s]
13.0.AM: Trace Attempt  2	[6.68 s]
13.0.AM: Trace Attempt  3	[6.68 s]
13.0.AM: Trace Attempt  5	[6.70 s]
13.0.N: Trace Attempt 38	[9.22 s]
13.0.Mpcustom4: Trace Attempt 33	[9.70 s]
13.0.N: Trace Attempt  1	[9.76 s]
13.0.N: Trace Attempt  2	[9.79 s]
13.0.N: Trace Attempt  3	[9.79 s]
13.0.N: Trace Attempt  5	[9.80 s]
13.0.N: Requesting engine job to stop
13.0.B: Requesting engine job to stop
13.0.AM: Requesting engine job to stop
13.0.Hp: Requesting engine job to terminate
13.0.Ht: Requesting engine job to terminate
13.0.Mpcustom4: Requesting engine job to terminate
INFO (IPF144): 13: Initiating shutdown of proof [12.13 s]
13.0.B: Trace Attempt 54	[5.20 s]
13.0.B: A trace with 54 cycles was found. [11.59 s]
INFO (IPF047): 13.0.B: The cover property "CS_div_fsm_s13_14" was covered in 54 cycles in 11.62 s.
13.0.B: Stopped processing property "CS_div_fsm_s13_14"	[11.65 s].
13.0.B: All properties determined. [11.61 s]
13.0.B: Exited with Success (@ 12.14 s)
13: ProofGrid usable level: 0
13.0.N: Trace Attempt 35	[10.95 s]
13.0.N: Stopped processing property "CS_div_fsm_s13_14"	[12.14 s].
13.0.N: All properties determined. [12.14 s]
13.0.N: Exited with Success (@ 12.17 s)
13.0.Mpcustom4: Trace Attempt 39	[12.02 s]
13.0.Mpcustom4: All properties determined. [12.28 s]
13.0.AM: Trace Attempt 41	[9.41 s]
13.0.AM: Stopped processing property "CS_div_fsm_s13_14"	[11.95 s].
13.0.Mpcustom4: Exited with Success (@ 12.51 s)
13.0.AM: All properties determined. [11.96 s]
13.0.AM: Exited with Success (@ 12.77 s)
13.0.Hp: Interrupted (multi)
13.0.Hp: All properties determined. [12.76 s]
13.0.Hp: Exited with Success (@ 13.19 s)
13.0.Ht: Interrupted (multi)
13.0.Ht: Trace Attempt 54	[6.25 s]
13.0.Ht: All properties determined. [13.98 s]
13.0.Ht: Sending SIGKILL
13.0.Ht: Terminated by signal SIGKILL (@ 14.30 s)
13: --------------------------------------------------------------
ProofGrid Summary (utilization 97.56 %)
--------------------------------------------------------------
     engines started                               :     7
     engine jobs started                           :     7

    Average time in state (seconds)
    ------------------------------------------------------
    Engine  Pending     Running        Dead    Utilization
    ------------------------------------------------------
      N        0.11       12.12        0.00       99.08 %
     Hp        0.09       12.12        0.00       99.30 %
     Ht        0.09       12.08        0.00       99.23 %
    Mpcustom4        0.09       12.04        0.00       99.23 %
     Oh        0.47        0.26        0.00       35.88 %
      B        0.46       11.63        0.00       96.20 %
     AM        0.49       11.59        0.00       95.96 %
    all        0.26       10.26        0.00       97.56 %

    Total time in state (seconds)
    -----------------------------------------
            Pending     Running        Dead  
    -----------------------------------------
               1.80       71.85        0.00

    Data read    : 152.74 kiB
    Data written : 17.90 kiB

13: All pending notifications were processed.
INFO (IPF059): 13: Completed proof on task: "mytask"
cover -name CS_div_fsm_s13_15 {@(posedge clk_i) !div_fsm_s13 ##1 div_fsm_s13 [*15] ##1 !div_fsm_s13 }
INFO (IPF036): Starting proof on task: "mytask", 1 properties to prove with 0 already proven/unreachable
INFO (IPF031): Settings used for proof thread 14:
    orchestration                 = on (auto)
    time_limit                    = 600s
    per_property_time_limit       = 1s * 10 ^ scan
    engine_mode                   = auto
    proofgrid_per_engine_max_jobs = 1
    max engine jobs               = auto
    proofgrid_mode                = local
    proofgrid_restarts            = 10
14: Using multistage preprocessing
14: Starting reduce
14: Finished reduce in 0.042s
14.0.PRE: Performing Proof Simplification...
14.0.N: clocks: 1, declared: 1, looping: 0, posedge: 1, negedge: 0, noedge: 0, bothedge: 0
14.0.N: Proof Simplification Iteration 1	[0.00 s]
14.0.N: Proof Simplification Iteration 2	[0.04 s]
14.0.N: Proof Simplification Iteration 3	[0.06 s]
14.0.N: Proof Simplification Iteration 4	[0.07 s]
14.0.N: Proof Simplification Iteration 5	[0.09 s]
14.0.N: Proof Simplification Iteration 6	[0.11 s]
14.0.N: Proof Simplification Iteration 7	[0.13 s]
14.0.N: Proof Simplification Iteration 8	[0.15 s]
14.0.N: Proof Simplification Iteration 9	[0.17 s]
14.0.N: Proof Simplification Iteration 10	[0.18 s]
14.0.PRE: Proof Simplification completed in 0.23 s
14: About to start ProofGrid in its own thread with a limit of 10000 pending notifications and a limit of 10 traces.
14: =============================== ProofGrid start ===============================
14: ProofGrid usable level: 1
14: Initial ProofGrid level: 1
14: ProofGrid is starting event handling
14.0.N: caddy15.stanford.edu: "Rocky Linux 8.10 (Green Obsidian)" is an unsupported operating system.
14.0.Hp: caddy15.stanford.edu: "Rocky Linux 8.10 (Green Obsidian)" is an unsupported operating system.
14.0.Ht: caddy15.stanford.edu: "Rocky Linux 8.10 (Green Obsidian)" is an unsupported operating system.
14.0.N: Proofgrid shell started at 3516990@caddy15.stanford.edu(local) jg_3514426_caddy15.stanford.edu_15
14.0.Hp: Proofgrid shell started at 3516991@caddy15.stanford.edu(local) jg_3514426_caddy15.stanford.edu_15
14.0.Oh: caddy15.stanford.edu: "Rocky Linux 8.10 (Green Obsidian)" is an unsupported operating system.
14.0.Ht: Proofgrid shell started at 3517013@caddy15.stanford.edu(local) jg_3514426_caddy15.stanford.edu_15
14.0.N: clocks: 1, declared: 1, looping: 0, posedge: 1, negedge: 0, noedge: 0, bothedge: 0
14.0.N: Last scan. Per property time limit: 0s
14.0.N: Starting proof for property "CS_div_fsm_s13_15"	[0.00 s].
14.0.N: Trace Attempt  1	[0.01 s]
14.0.N: Trace Attempt  2	[0.01 s]
14.0.N: Trace Attempt  3	[0.01 s]
14.0.Hp: clocks: 1, declared: 1, looping: 0, posedge: 1, negedge: 0, noedge: 0, bothedge: 0
14.0.Ht: clocks: 1, declared: 1, looping: 0, posedge: 1, negedge: 0, noedge: 0, bothedge: 0
14.0.N: Trace Attempt  3	[0.04 s]
14.0.Oh: Proofgrid shell started at 3517036@caddy15.stanford.edu(local) jg_3514426_caddy15.stanford.edu_15
14.0.Ht: Trace Attempt  1	[0.04 s]
14.0.Ht: Trace Attempt  2	[0.04 s]
14.0.Mpcustom4: caddy15.stanford.edu: "Rocky Linux 8.10 (Green Obsidian)" is an unsupported operating system.
14.0.N: Trace Attempt  4	[0.06 s]
14.0.N: Trace Attempt  5	[0.06 s]
14.0.Ht: Trace Attempt  3	[0.04 s]
14.0.Ht: Trace Attempt  4	[0.04 s]
14.0.Ht: Trace Attempt  5	[0.05 s]
14.0.Oh: clocks: 1, declared: 1, looping: 0, posedge: 1, negedge: 0, noedge: 0, bothedge: 0
14.0.N: Trace Attempt  5	[0.12 s]
14.0.B: caddy15.stanford.edu: "Rocky Linux 8.10 (Green Obsidian)" is an unsupported operating system.
14.0.Oh: bwd trail(1): 1 0.108834s
14.0.Oh: All properties either determined or skipped. [0.13 s]
14.0.Oh: Exited with Success (@ 0.21 s)
14.0.Oh: Completed, Restart ignored.
14.0.Mpcustom4: Proofgrid shell started at 3517016@caddy15.stanford.edu(local) jg_3514426_caddy15.stanford.edu_15
14.0.AM: caddy15.stanford.edu: "Rocky Linux 8.10 (Green Obsidian)" is an unsupported operating system.
14.0.Mpcustom4: clocks: 1, declared: 1, looping: 0, posedge: 1, negedge: 0, noedge: 0, bothedge: 0
14.0.AM: Proofgrid shell started at 3517056@caddy15.stanford.edu(local) jg_3514426_caddy15.stanford.edu_15
14.0.Mpcustom4: Trace Attempt  1	[0.06 s]
14.0.AM: clocks: 1, declared: 1, looping: 0, posedge: 1, negedge: 0, noedge: 0, bothedge: 0
14.0.Mpcustom4: Trace Attempt  2	[0.08 s]
14.0.AM: Last scan. Per property time limit: 0s
14.0.AM: Starting proof for property "CS_div_fsm_s13_15"	[0.00 s].
14.0.AM: Trace Attempt  1	[0.00 s]
14.0.AM: Trace Attempt  2	[0.01 s]
14.0.AM: Trace Attempt  3	[0.03 s]
14.0.AM: Trace Attempt  4	[0.06 s]
14.0.B: Proofgrid shell started at 3517050@caddy15.stanford.edu(local) jg_3514426_caddy15.stanford.edu_15
14.0.AM: Trace Attempt  5	[0.09 s]
14.0.B: clocks: 1, declared: 1, looping: 0, posedge: 1, negedge: 0, noedge: 0, bothedge: 0
14.0.B: Last scan. Per property time limit: 0s
14.0.B: Starting proof for property "CS_div_fsm_s13_15"	[0.00 s].
14.0.B: Trace Attempt  1	[0.02 s]
14.0.B: Trace Attempt  2	[0.02 s]
14.0.B: Trace Attempt  3	[0.05 s]
14.0.B: Trace Attempt  4	[0.07 s]
14.0.B: Trace Attempt  5	[0.16 s]
14.0.Mpcustom4: Trace Attempt  3	[0.64 s]
14.0.Mpcustom4: Trace Attempt  3	[0.69 s]
14.0.Mpcustom4: Trace Attempt  4	[0.71 s]
14.0.Mpcustom4: Trace Attempt  4	[0.77 s]
14.0.Mpcustom4: Trace Attempt  5	[0.79 s]
14.0.AM: Trace Attempt  1	[2.81 s]
14.0.AM: Trace Attempt  2	[2.84 s]
14.0.AM: Trace Attempt  3	[2.84 s]
14.0.AM: Trace Attempt  5	[2.85 s]
14.0.N: Trace Attempt 27	[4.26 s]
14.0.Ht: Trace Attempt 40	[4.29 s]
14.0.N: Trace Attempt  1	[4.45 s]
14.0.N: Trace Attempt  2	[4.47 s]
14.0.N: Trace Attempt  3	[4.48 s]
14.0.N: Trace Attempt  5	[4.49 s]
14.0.B: Trace Attempt 48	[4.21 s]
14.0.AM: Trace Attempt  1	[4.45 s]
14.0.AM: Trace Attempt  2	[4.47 s]
14.0.AM: Trace Attempt  3	[4.48 s]
14.0.AM: Trace Attempt  5	[4.49 s]
14.0.Mpcustom4: Trace Attempt 22	[4.83 s]
14.0.AM: Trace Attempt  1	[6.82 s]
14.0.AM: Trace Attempt  2	[6.85 s]
14.0.AM: Trace Attempt  3	[6.85 s]
14.0.AM: Trace Attempt  5	[6.86 s]
14.0.N: Trace Attempt 38	[9.14 s]
14.0.N: Requesting engine job to stop
14.0.B: Requesting engine job to stop
14.0.AM: Requesting engine job to stop
14.0.Hp: Requesting engine job to terminate
14.0.Ht: Requesting engine job to terminate
14.0.Mpcustom4: Requesting engine job to terminate
INFO (IPF144): 14: Initiating shutdown of proof [13.64 s]
14.0.B: Trace Attempt 55	[5.14 s]
14.0.B: A trace with 55 cycles was found. [13.16 s]
INFO (IPF047): 14.0.B: The cover property "CS_div_fsm_s13_15" was covered in 55 cycles in 13.20 s.
14.0.B: Stopped processing property "CS_div_fsm_s13_15"	[13.23 s].
14.0.B: All properties determined. [13.19 s]
14.0.B: Exited with Success (@ 13.67 s)
14: ProofGrid usable level: 0
14.0.N: Stopped processing property "CS_div_fsm_s13_15"	[13.66 s].
14.0.N: All properties determined. [13.66 s]
14.0.N: Exited with Success (@ 13.69 s)
14.0.Mpcustom4: Trace Attempt 25	[6.25 s]
14.0.Mpcustom4: All properties determined. [13.54 s]
14.0.AM: Trace Attempt 44	[9.71 s]
14.0.AM: Stopped processing property "CS_div_fsm_s13_15"	[13.60 s].
14.0.Mpcustom4: Exited with Success (@ 13.94 s)
14.0.AM: All properties determined. [13.61 s]
14.0.Hp: Interrupted (multi)
14.0.Hp: All properties determined. [14.02 s]
14.0.AM: Exited with Success (@ 14.05 s)
14.0.Ht: Interrupted (multi)
14.0.Ht: Trace Attempt 45	[4.58 s]
14.0.Ht: All properties determined. [14.28 s]
14.0.Hp: Exited with Success (@ 14.31 s)
14.0.Ht: Exited with Success (@ 14.65 s)
14: --------------------------------------------------------------
ProofGrid Summary (utilization 98.31 %)
--------------------------------------------------------------
     engines started                               :     7
     engine jobs started                           :     7

    Average time in state (seconds)
    ------------------------------------------------------
    Engine  Pending     Running        Dead    Utilization
    ------------------------------------------------------
      N        0.11       13.63        0.00       99.24 %
     Hp        0.09       13.60        0.00       99.34 %
     Ht        0.09       13.60        0.00       99.33 %
    Mpcustom4        0.29       13.39        0.00       97.89 %
     Oh        0.11        0.13        0.00       55.23 %
      B        0.42       13.20        0.00       96.94 %
     AM        0.30       13.33        0.00       97.82 %
    all        0.20       11.55        0.00       98.31 %

    Total time in state (seconds)
    -----------------------------------------
            Pending     Running        Dead  
    -----------------------------------------
               1.39       80.88        0.00

    Data read    : 145.38 kiB
    Data written : 12.06 kiB

14: All pending notifications were processed.
INFO (IPF059): 14: Completed proof on task: "mytask"
cover -name CS_div_fsm_s13_16 {@(posedge clk_i) !div_fsm_s13 ##1 div_fsm_s13 [*16] ##1 !div_fsm_s13 }
INFO (IPF036): Starting proof on task: "mytask", 1 properties to prove with 0 already proven/unreachable
INFO (IPF031): Settings used for proof thread 15:
    orchestration                 = on (auto)
    time_limit                    = 600s
    per_property_time_limit       = 1s * 10 ^ scan
    engine_mode                   = auto
    proofgrid_per_engine_max_jobs = 1
    max engine jobs               = auto
    proofgrid_mode                = local
    proofgrid_restarts            = 10
15: Using multistage preprocessing
15: Starting reduce
15: Finished reduce in 0.04s
15.0.PRE: Performing Proof Simplification...
15.0.N: clocks: 1, declared: 1, looping: 0, posedge: 1, negedge: 0, noedge: 0, bothedge: 0
15.0.N: Proof Simplification Iteration 1	[0.00 s]
15.0.N: Proof Simplification Iteration 2	[0.04 s]
15.0.N: Proof Simplification Iteration 3	[0.06 s]
15.0.N: Proof Simplification Iteration 4	[0.07 s]
15.0.N: Proof Simplification Iteration 5	[0.09 s]
15.0.N: Proof Simplification Iteration 6	[0.11 s]
15.0.N: Proof Simplification Iteration 7	[0.13 s]
15.0.N: Proof Simplification Iteration 8	[0.14 s]
15.0.N: Proof Simplification Iteration 9	[0.16 s]
15.0.N: Proof Simplification Iteration 10	[0.18 s]
15.0.PRE: Proof Simplification completed in 0.23 s
15: About to start ProofGrid in its own thread with a limit of 10000 pending notifications and a limit of 10 traces.
15: =============================== ProofGrid start ===============================
15: ProofGrid usable level: 1
15: Initial ProofGrid level: 1
15: ProofGrid is starting event handling
15.0.Hp: caddy15.stanford.edu: "Rocky Linux 8.10 (Green Obsidian)" is an unsupported operating system.
15.0.N: caddy15.stanford.edu: "Rocky Linux 8.10 (Green Obsidian)" is an unsupported operating system.
15.0.Ht: caddy15.stanford.edu: "Rocky Linux 8.10 (Green Obsidian)" is an unsupported operating system.
15.0.Hp: Proofgrid shell started at 3517219@caddy15.stanford.edu(local) jg_3514426_caddy15.stanford.edu_16
15.0.N: Proofgrid shell started at 3517218@caddy15.stanford.edu(local) jg_3514426_caddy15.stanford.edu_16
15.0.Hp: clocks: 1, declared: 1, looping: 0, posedge: 1, negedge: 0, noedge: 0, bothedge: 0
15.0.Mpcustom4: caddy15.stanford.edu: "Rocky Linux 8.10 (Green Obsidian)" is an unsupported operating system.
15.0.N: clocks: 1, declared: 1, looping: 0, posedge: 1, negedge: 0, noedge: 0, bothedge: 0
15.0.N: Last scan. Per property time limit: 0s
15.0.N: Starting proof for property "CS_div_fsm_s13_16"	[0.00 s].
15.0.N: Trace Attempt  1	[0.01 s]
15.0.N: Trace Attempt  2	[0.01 s]
15.0.N: Trace Attempt  3	[0.01 s]
15.0.Oh: caddy15.stanford.edu: "Rocky Linux 8.10 (Green Obsidian)" is an unsupported operating system.
15.0.N: Trace Attempt  3	[0.04 s]
15.0.Mpcustom4: Proofgrid shell started at 3517260@caddy15.stanford.edu(local) jg_3514426_caddy15.stanford.edu_16
15.0.N: Trace Attempt  4	[0.06 s]
15.0.N: Trace Attempt  5	[0.06 s]
15.0.B: caddy15.stanford.edu: "Rocky Linux 8.10 (Green Obsidian)" is an unsupported operating system.
15.0.Ht: Proofgrid shell started at 3517241@caddy15.stanford.edu(local) jg_3514426_caddy15.stanford.edu_16
15.0.Mpcustom4: clocks: 1, declared: 1, looping: 0, posedge: 1, negedge: 0, noedge: 0, bothedge: 0
15.0.Ht: clocks: 1, declared: 1, looping: 0, posedge: 1, negedge: 0, noedge: 0, bothedge: 0
15.0.Mpcustom4: Trace Attempt  1	[0.04 s]
15.0.N: Trace Attempt  5	[0.12 s]
15.0.AM: caddy15.stanford.edu: "Rocky Linux 8.10 (Green Obsidian)" is an unsupported operating system.
15.0.Ht: Trace Attempt  1	[0.04 s]
15.0.Ht: Trace Attempt  2	[0.04 s]
15.0.Ht: Trace Attempt  3	[0.04 s]
15.0.Ht: Trace Attempt  4	[0.04 s]
15.0.Mpcustom4: Trace Attempt  2	[0.06 s]
15.0.Ht: Trace Attempt  5	[0.05 s]
15.0.Oh: Proofgrid shell started at 3517262@caddy15.stanford.edu(local) jg_3514426_caddy15.stanford.edu_16
15.0.B: Proofgrid shell started at 3517267@caddy15.stanford.edu(local) jg_3514426_caddy15.stanford.edu_16
15.0.Oh: clocks: 1, declared: 1, looping: 0, posedge: 1, negedge: 0, noedge: 0, bothedge: 0
15.0.B: clocks: 1, declared: 1, looping: 0, posedge: 1, negedge: 0, noedge: 0, bothedge: 0
15.0.B: Last scan. Per property time limit: 0s
15.0.B: Starting proof for property "CS_div_fsm_s13_16"	[0.00 s].
15.0.AM: Proofgrid shell started at 3517270@caddy15.stanford.edu(local) jg_3514426_caddy15.stanford.edu_16
15.0.B: Trace Attempt  1	[0.02 s]
15.0.B: Trace Attempt  2	[0.03 s]
15.0.AM: clocks: 1, declared: 1, looping: 0, posedge: 1, negedge: 0, noedge: 0, bothedge: 0
15.0.AM: Last scan. Per property time limit: 0s
15.0.AM: Starting proof for property "CS_div_fsm_s13_16"	[0.00 s].
15.0.AM: Trace Attempt  1	[0.00 s]
15.0.AM: Trace Attempt  2	[0.01 s]
15.0.B: Trace Attempt  3	[0.06 s]
15.0.AM: Trace Attempt  3	[0.03 s]
15.0.B: Trace Attempt  4	[0.09 s]
15.0.AM: Trace Attempt  4	[0.13 s]
15.0.AM: Trace Attempt  5	[0.15 s]
15.0.B: Trace Attempt  5	[0.21 s]
15.0.Oh: bwd trail(1): 1 0.115446s
15.0.Oh: All properties either determined or skipped. [0.33 s]
15.0.Oh: Exited with Success (@ 0.65 s)
15.0.Mpcustom4: Trace Attempt  3	[0.62 s]
15.0.Mpcustom4: Trace Attempt  3	[0.67 s]
15.0.Mpcustom4: Trace Attempt  4	[0.69 s]
15.0.Mpcustom4: Trace Attempt  4	[0.75 s]
15.0.Mpcustom4: Trace Attempt  5	[0.77 s]
15.0.AM: Trace Attempt  1	[2.85 s]
15.0.AM: Trace Attempt  2	[2.88 s]
15.0.AM: Trace Attempt  3	[2.88 s]
15.0.AM: Trace Attempt  5	[2.89 s]
15.0.Ht: Trace Attempt 40	[4.07 s]
15.0.N: Trace Attempt 28	[4.41 s]
15.0.B: Trace Attempt 44	[4.31 s]
15.0.AM: Trace Attempt  1	[4.54 s]
15.0.AM: Trace Attempt  2	[4.57 s]
15.0.AM: Trace Attempt  3	[4.57 s]
15.0.AM: Trace Attempt  5	[4.58 s]
15.0.Mpcustom4: Trace Attempt 27	[5.18 s]
15.0.N: Trace Attempt  1	[5.41 s]
15.0.N: Trace Attempt  2	[5.46 s]
15.0.N: Trace Attempt  3	[5.47 s]
15.0.N: Trace Attempt  5	[5.50 s]
15.0.AM: Trace Attempt  1	[7.42 s]
15.0.AM: Trace Attempt  2	[7.44 s]
15.0.AM: Trace Attempt  3	[7.45 s]
15.0.AM: Trace Attempt  5	[7.46 s]
15.0.Mpcustom4: Trace Attempt 34	[9.68 s]
15.0.N: Trace Attempt 48	[9.77 s]
15.0.N: Trace Attempt 55	[14.50 s]
15.0.Mpcustom4: Trace Attempt 42	[14.88 s]
15.0.AM: Trace Attempt 46	[17.59 s]
15.0.N: Requesting engine job to stop
15.0.B: Requesting engine job to stop
15.0.AM: Requesting engine job to stop
15.0.Hp: Requesting engine job to terminate
15.0.Ht: Requesting engine job to terminate
15.0.Mpcustom4: Requesting engine job to terminate
INFO (IPF144): 15: Initiating shutdown of proof [19.70 s]
15.0.B: Trace Attempt 56	[6.17 s]
15.0.B: A trace with 56 cycles was found. [19.31 s]
INFO (IPF047): 15.0.B: The cover property "CS_div_fsm_s13_16" was covered in 56 cycles in 19.35 s.
15.0.B: Stopped processing property "CS_div_fsm_s13_16"	[19.39 s].
15.0.B: All properties determined. [19.33 s]
15.0.B: Exited with Success (@ 19.72 s)
15: ProofGrid usable level: 0
15.0.N: Stopped processing property "CS_div_fsm_s13_16"	[19.74 s].
15.0.N: All properties determined. [19.74 s]
15.0.N: Exited with Success (@ 19.77 s)
15.0.Mpcustom4: Trace Attempt 48	[18.22 s]
15.0.Mpcustom4: All properties determined. [19.89 s]
15.0.Mpcustom4: Exited with Success (@ 20.02 s)
15.0.AM: Trace Attempt 51	[17.99 s]
15.0.AM: Stopped processing property "CS_div_fsm_s13_16"	[19.64 s].
15.0.AM: All properties determined. [19.65 s]
15.0.Hp: Interrupted (multi)
15.0.Hp: All properties determined. [20.44 s]
15.0.AM: Exited with Success (@ 20.45 s)
15.0.Ht: Interrupted (multi)
15.0.Ht: Trace Attempt 53	[6.42 s]
15.0.Ht: All properties determined. [20.36 s]
15.0.Hp: Exited with Success (@ 20.74 s)
15.0.Ht: Exited with Success (@ 20.74 s)
15: --------------------------------------------------------------
ProofGrid Summary (utilization 98.81 %)
--------------------------------------------------------------
     engines started                               :     7
     engine jobs started                           :     7

    Average time in state (seconds)
    ------------------------------------------------------
    Engine  Pending     Running        Dead    Utilization
    ------------------------------------------------------
      N        0.12       19.69        0.00       99.39 %
     Hp        0.09       19.69        0.00       99.52 %
     Ht        0.17       19.58        0.00       99.13 %
    Mpcustom4        0.10       19.60        0.00       99.51 %
     Oh        0.28        0.33        0.00       54.53 %
      B        0.30       19.35        0.00       98.48 %
     AM        0.36       19.31        0.00       98.16 %
    all        0.20       16.79        0.00       98.81 %

    Total time in state (seconds)
    -----------------------------------------
            Pending     Running        Dead  
    -----------------------------------------
               1.42      117.56        0.00

    Data read    : 163.88 kiB
    Data written : 38.56 kiB

15: All pending notifications were processed.
INFO (IPF059): 15: Completed proof on task: "mytask"
cover -name CS_div_fsm_s13_17 {@(posedge clk_i) !div_fsm_s13 ##1 div_fsm_s13 [*17] ##1 !div_fsm_s13 }
INFO (IPF036): Starting proof on task: "mytask", 1 properties to prove with 0 already proven/unreachable
INFO (IPF031): Settings used for proof thread 16:
    orchestration                 = on (auto)
    time_limit                    = 600s
    per_property_time_limit       = 1s * 10 ^ scan
    engine_mode                   = auto
    proofgrid_per_engine_max_jobs = 1
    max engine jobs               = auto
    proofgrid_mode                = local
    proofgrid_restarts            = 10
16: Using multistage preprocessing
16: Starting reduce
16: Finished reduce in 0.041s
16.0.PRE: Performing Proof Simplification...
16.0.N: clocks: 1, declared: 1, looping: 0, posedge: 1, negedge: 0, noedge: 0, bothedge: 0
16.0.N: Proof Simplification Iteration 1	[0.00 s]
16.0.N: Proof Simplification Iteration 2	[0.04 s]
16.0.N: Proof Simplification Iteration 3	[0.05 s]
16.0.N: Proof Simplification Iteration 4	[0.07 s]
16.0.N: Proof Simplification Iteration 5	[0.09 s]
16.0.N: Proof Simplification Iteration 6	[0.11 s]
16.0.N: Proof Simplification Iteration 7	[0.13 s]
16.0.N: Proof Simplification Iteration 8	[0.14 s]
16.0.N: Proof Simplification Iteration 9	[0.16 s]
16.0.N: Proof Simplification Iteration 10	[0.18 s]
16.0.PRE: Proof Simplification completed in 0.23 s
16: About to start ProofGrid in its own thread with a limit of 10000 pending notifications and a limit of 10 traces.
16: =============================== ProofGrid start ===============================
16: ProofGrid usable level: 1
16: Initial ProofGrid level: 1
16: ProofGrid is starting event handling
16.0.Hp: caddy15.stanford.edu: "Rocky Linux 8.10 (Green Obsidian)" is an unsupported operating system.
16.0.N: caddy15.stanford.edu: "Rocky Linux 8.10 (Green Obsidian)" is an unsupported operating system.
16.0.Ht: caddy15.stanford.edu: "Rocky Linux 8.10 (Green Obsidian)" is an unsupported operating system.
16.0.Mpcustom4: caddy15.stanford.edu: "Rocky Linux 8.10 (Green Obsidian)" is an unsupported operating system.
16.0.Hp: Proofgrid shell started at 3517335@caddy15.stanford.edu(local) jg_3514426_caddy15.stanford.edu_17
16.0.N: Proofgrid shell started at 3517334@caddy15.stanford.edu(local) jg_3514426_caddy15.stanford.edu_17
16.0.Hp: clocks: 1, declared: 1, looping: 0, posedge: 1, negedge: 0, noedge: 0, bothedge: 0
16.0.B: caddy15.stanford.edu: "Rocky Linux 8.10 (Green Obsidian)" is an unsupported operating system.
16.0.Oh: caddy15.stanford.edu: "Rocky Linux 8.10 (Green Obsidian)" is an unsupported operating system.
16.0.Ht: Proofgrid shell started at 3517357@caddy15.stanford.edu(local) jg_3514426_caddy15.stanford.edu_17
16.0.N: clocks: 1, declared: 1, looping: 0, posedge: 1, negedge: 0, noedge: 0, bothedge: 0
16.0.Ht: clocks: 1, declared: 1, looping: 0, posedge: 1, negedge: 0, noedge: 0, bothedge: 0
16.0.Mpcustom4: Proofgrid shell started at 3517360@caddy15.stanford.edu(local) jg_3514426_caddy15.stanford.edu_17
16.0.N: Last scan. Per property time limit: 0s
16.0.N: Starting proof for property "CS_div_fsm_s13_17"	[0.00 s].
16.0.Ht: Trace Attempt  1	[0.04 s]
16.0.Ht: Trace Attempt  2	[0.04 s]
16.0.Ht: Trace Attempt  3	[0.04 s]
16.0.Mpcustom4: clocks: 1, declared: 1, looping: 0, posedge: 1, negedge: 0, noedge: 0, bothedge: 0
16.0.N: Trace Attempt  1	[0.01 s]
16.0.N: Trace Attempt  2	[0.01 s]
16.0.N: Trace Attempt  3	[0.01 s]
16.0.Ht: Trace Attempt  4	[0.04 s]
16.0.Ht: Trace Attempt  5	[0.05 s]
16.0.N: Trace Attempt  3	[0.04 s]
16.0.B: Proofgrid shell started at 3517399@caddy15.stanford.edu(local) jg_3514426_caddy15.stanford.edu_17
16.0.N: Trace Attempt  4	[0.06 s]
16.0.N: Trace Attempt  5	[0.06 s]
16.0.Mpcustom4: Trace Attempt  1	[0.07 s]
16.0.Oh: Proofgrid shell started at 3517387@caddy15.stanford.edu(local) jg_3514426_caddy15.stanford.edu_17
16.0.B: clocks: 1, declared: 1, looping: 0, posedge: 1, negedge: 0, noedge: 0, bothedge: 0
16.0.AM: caddy15.stanford.edu: "Rocky Linux 8.10 (Green Obsidian)" is an unsupported operating system.
16.0.Mpcustom4: Trace Attempt  2	[0.09 s]
16.0.Oh: clocks: 1, declared: 1, looping: 0, posedge: 1, negedge: 0, noedge: 0, bothedge: 0
16.0.B: Last scan. Per property time limit: 0s
16.0.B: Starting proof for property "CS_div_fsm_s13_17"	[0.00 s].
16.0.N: Trace Attempt  5	[0.11 s]
16.0.B: Trace Attempt  1	[0.03 s]
16.0.B: Trace Attempt  2	[0.03 s]
16.0.B: Trace Attempt  3	[0.05 s]
16.0.B: Trace Attempt  4	[0.07 s]
16.0.Oh: bwd trail(1): 1 0.11127s
16.0.Oh: All properties either determined or skipped. [0.14 s]
16.0.Oh: Exited with Success (@ 0.33 s)
16.0.Oh: Completed, Restart ignored.
16.0.B: Trace Attempt  5	[0.17 s]
16.0.AM: Proofgrid shell started at 3517401@caddy15.stanford.edu(local) jg_3514426_caddy15.stanford.edu_17
16.0.AM: clocks: 1, declared: 1, looping: 0, posedge: 1, negedge: 0, noedge: 0, bothedge: 0
16.0.AM: Last scan. Per property time limit: 0s
16.0.AM: Starting proof for property "CS_div_fsm_s13_17"	[0.00 s].
16.0.AM: Trace Attempt  1	[0.00 s]
16.0.AM: Trace Attempt  2	[0.01 s]
16.0.AM: Trace Attempt  3	[0.03 s]
16.0.AM: Trace Attempt  4	[0.06 s]
16.0.AM: Trace Attempt  5	[0.08 s]
16.0.Mpcustom4: Trace Attempt  3	[0.98 s]
16.0.Mpcustom4: Trace Attempt  3	[1.03 s]
16.0.Mpcustom4: Trace Attempt  4	[1.05 s]
16.0.Mpcustom4: Trace Attempt  4	[1.11 s]
16.0.Mpcustom4: Trace Attempt  5	[1.14 s]
16.0.AM: Trace Attempt  1	[2.76 s]
16.0.AM: Trace Attempt  2	[2.79 s]
16.0.AM: Trace Attempt  3	[2.80 s]
16.0.AM: Trace Attempt  5	[2.82 s]
16.0.Ht: Trace Attempt 45	[4.28 s]
16.0.B: Trace Attempt 49	[4.25 s]
16.0.AM: Trace Attempt  1	[4.72 s]
16.0.AM: Trace Attempt  2	[4.75 s]
16.0.AM: Trace Attempt  3	[4.75 s]
16.0.AM: Trace Attempt  5	[4.76 s]
16.0.Mpcustom4: Trace Attempt 26	[5.24 s]
16.0.N: Trace Attempt 28	[5.31 s]
16.0.N: Trace Attempt  1	[5.63 s]
16.0.N: Trace Attempt  2	[5.65 s]
16.0.N: Trace Attempt  3	[5.66 s]
16.0.N: Trace Attempt  5	[5.67 s]
16.0.AM: Trace Attempt  1	[7.41 s]
16.0.AM: Trace Attempt  2	[7.44 s]
16.0.AM: Trace Attempt  3	[7.44 s]
16.0.AM: Trace Attempt  5	[7.45 s]
16.0.Mpcustom4: Trace Attempt 29	[9.32 s]
16.0.N: Trace Attempt 40	[10.15 s]
16.0.N: Requesting engine job to stop
16.0.B: Requesting engine job to stop
16.0.AM: Requesting engine job to stop
16.0.Hp: Requesting engine job to terminate
16.0.Ht: Requesting engine job to terminate
16.0.Mpcustom4: Requesting engine job to terminate
INFO (IPF144): 16: Initiating shutdown of proof [13.31 s]
16.0.B: Trace Attempt 57	[5.26 s]
16.0.B: A trace with 57 cycles was found. [13.10 s]
INFO (IPF047): 16.0.B: The cover property "CS_div_fsm_s13_17" was covered in 57 cycles in 13.14 s.
16.0.B: Stopped processing property "CS_div_fsm_s13_17"	[13.18 s].
16.0.B: All properties determined. [13.14 s]
16.0.N: Stopped processing property "CS_div_fsm_s13_17"	[13.29 s].
16.0.B: Exited with Success (@ 13.35 s)
16: ProofGrid usable level: 0
16.0.N: All properties determined. [13.28 s]
16.0.N: Exited with Success (@ 13.36 s)
16.0.Mpcustom4: Trace Attempt 38	[11.86 s]
16.0.Mpcustom4: All properties determined. [13.45 s]
16.0.Mpcustom4: Exited with Success (@ 13.55 s)
16.0.AM: Trace Attempt 44	[10.18 s]
16.0.AM: Stopped processing property "CS_div_fsm_s13_17"	[13.18 s].
16.0.AM: All properties determined. [13.19 s]
16.0.AM: Exited with Success (@ 13.88 s)
16.0.Ht: Interrupted (multi)
16.0.Ht: All properties determined. [13.91 s]
16.0.Hp: Interrupted (multi)
16.0.Hp: All properties determined. [14.19 s]
16.0.Hp: Exited with Success (@ 14.39 s)
16.0.Ht: Exited with Success (@ 14.39 s)
16: --------------------------------------------------------------
ProofGrid Summary (utilization 98.63 %)
--------------------------------------------------------------
     engines started                               :     7
     engine jobs started                           :     7

    Average time in state (seconds)
    ------------------------------------------------------
    Engine  Pending     Running        Dead    Utilization
    ------------------------------------------------------
      N        0.11       13.27        0.00       99.20 %
     Hp        0.08       13.30        0.00       99.40 %
     Ht        0.10       13.27        0.00       99.27 %
    Mpcustom4        0.12       13.24        0.00       99.09 %
     Oh        0.19        0.15        0.00       44.47 %
      B        0.13       13.16        0.00       99.01 %
     AM        0.37       12.90        0.00       97.18 %
    all        0.16       11.33        0.00       98.63 %

    Total time in state (seconds)
    -----------------------------------------
            Pending     Running        Dead  
    -----------------------------------------
               1.10       79.29        0.00

    Data read    : 155.45 kiB
    Data written : 11.98 kiB

16: All pending notifications were processed.
INFO (IPF059): 16: Completed proof on task: "mytask"
cover -name CS_div_fsm_s13_18 {@(posedge clk_i) !div_fsm_s13 ##1 div_fsm_s13 [*18] ##1 !div_fsm_s13 }
INFO (IPF036): Starting proof on task: "mytask", 1 properties to prove with 0 already proven/unreachable
INFO (IPF031): Settings used for proof thread 17:
    orchestration                 = on (auto)
    time_limit                    = 600s
    per_property_time_limit       = 1s * 10 ^ scan
    engine_mode                   = auto
    proofgrid_per_engine_max_jobs = 1
    max engine jobs               = auto
    proofgrid_mode                = local
    proofgrid_restarts            = 10
17: Using multistage preprocessing
17: Starting reduce
17: Finished reduce in 0.042s
17.0.PRE: Performing Proof Simplification...
17.0.N: clocks: 1, declared: 1, looping: 0, posedge: 1, negedge: 0, noedge: 0, bothedge: 0
17.0.N: Proof Simplification Iteration 1	[0.00 s]
17.0.N: Proof Simplification Iteration 2	[0.04 s]
17.0.N: Proof Simplification Iteration 3	[0.06 s]
17.0.N: Proof Simplification Iteration 4	[0.07 s]
17.0.N: Proof Simplification Iteration 5	[0.09 s]
17.0.N: Proof Simplification Iteration 6	[0.11 s]
17.0.N: Proof Simplification Iteration 7	[0.13 s]
17.0.N: Proof Simplification Iteration 8	[0.15 s]
17.0.N: Proof Simplification Iteration 9	[0.17 s]
17.0.N: Proof Simplification Iteration 10	[0.19 s]
17.0.PRE: Proof Simplification completed in 0.23 s
17: About to start ProofGrid in its own thread with a limit of 10000 pending notifications and a limit of 10 traces.
17: =============================== ProofGrid start ===============================
17: ProofGrid usable level: 1
17: Initial ProofGrid level: 1
17: ProofGrid is starting event handling
17.0.N: caddy15.stanford.edu: "Rocky Linux 8.10 (Green Obsidian)" is an unsupported operating system.
17.0.Hp: caddy15.stanford.edu: "Rocky Linux 8.10 (Green Obsidian)" is an unsupported operating system.
17.0.Ht: caddy15.stanford.edu: "Rocky Linux 8.10 (Green Obsidian)" is an unsupported operating system.
17.0.Mpcustom4: caddy15.stanford.edu: "Rocky Linux 8.10 (Green Obsidian)" is an unsupported operating system.
17.0.N: Proofgrid shell started at 3517652@caddy15.stanford.edu(local) jg_3514426_caddy15.stanford.edu_18
17.0.Hp: Proofgrid shell started at 3517653@caddy15.stanford.edu(local) jg_3514426_caddy15.stanford.edu_18
17.0.Ht: Proofgrid shell started at 3517680@caddy15.stanford.edu(local) jg_3514426_caddy15.stanford.edu_18
17.0.N: clocks: 1, declared: 1, looping: 0, posedge: 1, negedge: 0, noedge: 0, bothedge: 0
17.0.Hp: clocks: 1, declared: 1, looping: 0, posedge: 1, negedge: 0, noedge: 0, bothedge: 0
17.0.N: Last scan. Per property time limit: 0s
17.0.N: Starting proof for property "CS_div_fsm_s13_18"	[0.00 s].
17.0.N: Trace Attempt  1	[0.01 s]
17.0.Ht: clocks: 1, declared: 1, looping: 0, posedge: 1, negedge: 0, noedge: 0, bothedge: 0
17.0.N: Trace Attempt  2	[0.01 s]
17.0.N: Trace Attempt  3	[0.01 s]
17.0.Mpcustom4: Proofgrid shell started at 3517701@caddy15.stanford.edu(local) jg_3514426_caddy15.stanford.edu_18
17.0.Mpcustom4: clocks: 1, declared: 1, looping: 0, posedge: 1, negedge: 0, noedge: 0, bothedge: 0
17.0.N: Trace Attempt  3	[0.04 s]
17.0.Ht: Trace Attempt  1	[0.04 s]
17.0.Ht: Trace Attempt  2	[0.04 s]
17.0.Ht: Trace Attempt  3	[0.04 s]
17.0.N: Trace Attempt  4	[0.06 s]
17.0.N: Trace Attempt  5	[0.06 s]
17.0.Ht: Trace Attempt  4	[0.05 s]
17.0.Ht: Trace Attempt  5	[0.06 s]
17.0.Mpcustom4: Trace Attempt  1	[0.05 s]
17.0.Mpcustom4: Trace Attempt  2	[0.07 s]
17.0.N: Trace Attempt  5	[0.13 s]
17.0.Oh: caddy15.stanford.edu: "Rocky Linux 8.10 (Green Obsidian)" is an unsupported operating system.
17.0.B: caddy15.stanford.edu: "Rocky Linux 8.10 (Green Obsidian)" is an unsupported operating system.
17.0.AM: caddy15.stanford.edu: "Rocky Linux 8.10 (Green Obsidian)" is an unsupported operating system.
17.0.Oh: Proofgrid shell started at 3517716@caddy15.stanford.edu(local) jg_3514426_caddy15.stanford.edu_18
17.0.AM: Proofgrid shell started at 3517723@caddy15.stanford.edu(local) jg_3514426_caddy15.stanford.edu_18
17.0.Oh: clocks: 1, declared: 1, looping: 0, posedge: 1, negedge: 0, noedge: 0, bothedge: 0
17.0.AM: clocks: 1, declared: 1, looping: 0, posedge: 1, negedge: 0, noedge: 0, bothedge: 0
17.0.B: Proofgrid shell started at 3517721@caddy15.stanford.edu(local) jg_3514426_caddy15.stanford.edu_18
17.0.AM: Last scan. Per property time limit: 0s
17.0.AM: Starting proof for property "CS_div_fsm_s13_18"	[0.00 s].
17.0.AM: Trace Attempt  1	[0.00 s]
17.0.AM: Trace Attempt  2	[0.01 s]
17.0.B: clocks: 1, declared: 1, looping: 0, posedge: 1, negedge: 0, noedge: 0, bothedge: 0
17.0.B: Last scan. Per property time limit: 0s
17.0.B: Starting proof for property "CS_div_fsm_s13_18"	[0.00 s].
17.0.B: Trace Attempt  1	[0.01 s]
17.0.B: Trace Attempt  2	[0.03 s]
17.0.AM: Trace Attempt  3	[0.07 s]
17.0.B: Trace Attempt  3	[0.03 s]
17.0.B: Trace Attempt  4	[0.05 s]
17.0.B: Trace Attempt  5	[0.08 s]
17.0.AM: Trace Attempt  4	[0.17 s]
17.0.AM: Trace Attempt  5	[0.22 s]
17.0.Oh: bwd trail(1): 1 0.116994s
17.0.Oh: All properties either determined or skipped. [0.34 s]
17.0.Oh: Exited with Success (@ 0.79 s)
17.0.Oh: Completed, Restart ignored.
17.0.Mpcustom4: Trace Attempt  3	[0.93 s]
17.0.Mpcustom4: Trace Attempt  3	[0.97 s]
17.0.Mpcustom4: Trace Attempt  4	[1.00 s]
17.0.Mpcustom4: Trace Attempt  4	[1.06 s]
17.0.Mpcustom4: Trace Attempt  5	[1.11 s]
17.0.AM: Trace Attempt  1	[3.26 s]
17.0.AM: Trace Attempt  2	[3.29 s]
17.0.AM: Trace Attempt  3	[3.29 s]
17.0.AM: Trace Attempt  5	[3.30 s]
17.0.N: Trace Attempt 28	[4.33 s]
17.0.Ht: Trace Attempt 45	[4.63 s]
17.0.B: Trace Attempt 51	[4.18 s]
17.0.AM: Trace Attempt  1	[4.97 s]
17.0.AM: Trace Attempt  2	[5.00 s]
17.0.AM: Trace Attempt  3	[5.01 s]
17.0.AM: Trace Attempt  5	[5.02 s]
17.0.Mpcustom4: Trace Attempt 27	[5.50 s]
17.0.N: Trace Attempt  1	[7.59 s]
17.0.N: Trace Attempt  2	[7.62 s]
17.0.N: Trace Attempt  3	[7.62 s]
17.0.N: Trace Attempt  5	[7.63 s]
17.0.AM: Trace Attempt  1	[7.85 s]
17.0.AM: Trace Attempt  2	[7.88 s]
17.0.AM: Trace Attempt  3	[7.88 s]
17.0.AM: Trace Attempt  5	[7.89 s]
17.0.N: Trace Attempt 54	[12.12 s]
17.0.Mpcustom4: Trace Attempt 37	[14.55 s]
17.0.N: Requesting engine job to stop
17.0.B: Requesting engine job to stop
17.0.AM: Requesting engine job to stop
17.0.Hp: Requesting engine job to terminate
17.0.Ht: Requesting engine job to terminate
17.0.Mpcustom4: Requesting engine job to terminate
INFO (IPF144): 17: Initiating shutdown of proof [18.25 s]
17.0.B: Trace Attempt 58	[5.28 s]
17.0.B: A trace with 58 cycles was found. [17.70 s]
INFO (IPF047): 17.0.B: The cover property "CS_div_fsm_s13_18" was covered in 58 cycles in 17.73 s.
17.0.B: Stopped processing property "CS_div_fsm_s13_18"	[17.76 s].
17.0.B: All properties determined. [17.72 s]
17.0.B: Exited with Success (@ 18.27 s)
17: ProofGrid usable level: 0
17.0.AM: Trace Attempt 46	[17.78 s]
17.0.N: Trace Attempt 57	[15.41 s]
17.0.N: Stopped processing property "CS_div_fsm_s13_18"	[18.28 s].
17.0.N: All properties determined. [18.28 s]
17.0.N: Exited with Success (@ 18.32 s)
17.0.AM: Stopped processing property "CS_div_fsm_s13_18"	[17.87 s].
17.0.AM: All properties determined. [17.87 s]
17.0.AM: Exited with Success (@ 18.37 s)
17.0.Mpcustom4: Trace Attempt 45	[17.32 s]
17.0.Mpcustom4: All properties determined. [18.48 s]
17.0.Hp: Interrupted (multi)
17.0.Hp: All properties determined. [18.71 s]
17.0.Mpcustom4: Exited with Success (@ 18.73 s)
17.0.Hp: Exited with Success (@ 18.96 s)
17.0.Ht: Interrupted (multi)
17.0.Ht: Trace Attempt 51	[4.96 s]
17.0.Ht: All properties determined. [18.97 s]
17.0.Ht: Exited with Success (@ 19.40 s)
17: --------------------------------------------------------------
ProofGrid Summary (utilization 98.42 %)
--------------------------------------------------------------
     engines started                               :     7
     engine jobs started                           :     7

    Average time in state (seconds)
    ------------------------------------------------------
    Engine  Pending     Running        Dead    Utilization
    ------------------------------------------------------
      N        0.10       18.24        0.00       99.44 %
     Hp        0.09       18.24        0.00       99.50 %
     Ht        0.08       18.22        0.00       99.55 %
    Mpcustom4        0.09       18.20        0.00       99.49 %
     Oh        0.45        0.35        0.00       43.87 %
      B        0.50       17.74        0.00       97.27 %
     AM        0.43       17.81        0.00       97.62 %
    all        0.25       15.54        0.00       98.42 %

    Total time in state (seconds)
    -----------------------------------------
            Pending     Running        Dead  
    -----------------------------------------
               1.75      108.80        0.00

    Data read    : 168.65 kiB
    Data written : 77.37 kiB

17: All pending notifications were processed.
INFO (IPF059): 17: Completed proof on task: "mytask"
cover -name CS_div_fsm_s13_19 {@(posedge clk_i) !div_fsm_s13 ##1 div_fsm_s13 [*19] ##1 !div_fsm_s13 }
INFO (IPF036): Starting proof on task: "mytask", 1 properties to prove with 0 already proven/unreachable
INFO (IPF031): Settings used for proof thread 18:
    orchestration                 = on (auto)
    time_limit                    = 600s
    per_property_time_limit       = 1s * 10 ^ scan
    engine_mode                   = auto
    proofgrid_per_engine_max_jobs = 1
    max engine jobs               = auto
    proofgrid_mode                = local
    proofgrid_restarts            = 10
18: Using multistage preprocessing
18: Starting reduce
18: Finished reduce in 0.042s
18.0.PRE: Performing Proof Simplification...
18.0.N: clocks: 1, declared: 1, looping: 0, posedge: 1, negedge: 0, noedge: 0, bothedge: 0
18.0.N: Proof Simplification Iteration 1	[0.00 s]
18.0.N: Proof Simplification Iteration 2	[0.04 s]
18.0.N: Proof Simplification Iteration 3	[0.06 s]
18.0.N: Proof Simplification Iteration 4	[0.07 s]
18.0.N: Proof Simplification Iteration 5	[0.09 s]
18.0.N: Proof Simplification Iteration 6	[0.11 s]
18.0.N: Proof Simplification Iteration 7	[0.13 s]
18.0.N: Proof Simplification Iteration 8	[0.15 s]
18.0.N: Proof Simplification Iteration 9	[0.17 s]
18.0.N: Proof Simplification Iteration 10	[0.18 s]
18.0.PRE: Proof Simplification completed in 0.23 s
18: About to start ProofGrid in its own thread with a limit of 10000 pending notifications and a limit of 10 traces.
18: =============================== ProofGrid start ===============================
18: ProofGrid usable level: 1
18: Initial ProofGrid level: 1
18: ProofGrid is starting event handling
18.0.Hp: caddy15.stanford.edu: "Rocky Linux 8.10 (Green Obsidian)" is an unsupported operating system.
18.0.N: caddy15.stanford.edu: "Rocky Linux 8.10 (Green Obsidian)" is an unsupported operating system.
18.0.Ht: caddy15.stanford.edu: "Rocky Linux 8.10 (Green Obsidian)" is an unsupported operating system.
18.0.Mpcustom4: caddy15.stanford.edu: "Rocky Linux 8.10 (Green Obsidian)" is an unsupported operating system.
18.0.Hp: Proofgrid shell started at 3518094@caddy15.stanford.edu(local) jg_3514426_caddy15.stanford.edu_19
18.0.N: Proofgrid shell started at 3518093@caddy15.stanford.edu(local) jg_3514426_caddy15.stanford.edu_19
18.0.N: clocks: 1, declared: 1, looping: 0, posedge: 1, negedge: 0, noedge: 0, bothedge: 0
18.0.Hp: clocks: 1, declared: 1, looping: 0, posedge: 1, negedge: 0, noedge: 0, bothedge: 0
18.0.Ht: Proofgrid shell started at 3518117@caddy15.stanford.edu(local) jg_3514426_caddy15.stanford.edu_19
18.0.N: Last scan. Per property time limit: 0s
18.0.N: Starting proof for property "CS_div_fsm_s13_19"	[0.00 s].
18.0.N: Trace Attempt  1	[0.01 s]
18.0.N: Trace Attempt  2	[0.01 s]
18.0.N: Trace Attempt  3	[0.01 s]
18.0.Ht: clocks: 1, declared: 1, looping: 0, posedge: 1, negedge: 0, noedge: 0, bothedge: 0
18.0.Mpcustom4: Proofgrid shell started at 3518135@caddy15.stanford.edu(local) jg_3514426_caddy15.stanford.edu_19
18.0.Mpcustom4: clocks: 1, declared: 1, looping: 0, posedge: 1, negedge: 0, noedge: 0, bothedge: 0
18.0.N: Trace Attempt  3	[0.04 s]
18.0.Ht: Trace Attempt  1	[0.04 s]
18.0.Ht: Trace Attempt  2	[0.04 s]
18.0.Ht: Trace Attempt  3	[0.04 s]
18.0.Ht: Trace Attempt  4	[0.05 s]
18.0.N: Trace Attempt  4	[0.06 s]
18.0.N: Trace Attempt  5	[0.06 s]
18.0.Ht: Trace Attempt  5	[0.06 s]
18.0.Mpcustom4: Trace Attempt  1	[0.04 s]
18.0.Mpcustom4: Trace Attempt  2	[0.06 s]
18.0.N: Trace Attempt  5	[0.12 s]
18.0.Oh: caddy15.stanford.edu: "Rocky Linux 8.10 (Green Obsidian)" is an unsupported operating system.
18.0.B: caddy15.stanford.edu: "Rocky Linux 8.10 (Green Obsidian)" is an unsupported operating system.
18.0.AM: caddy15.stanford.edu: "Rocky Linux 8.10 (Green Obsidian)" is an unsupported operating system.
18.0.Oh: Proofgrid shell started at 3518153@caddy15.stanford.edu(local) jg_3514426_caddy15.stanford.edu_19
18.0.Oh: clocks: 1, declared: 1, looping: 0, posedge: 1, negedge: 0, noedge: 0, bothedge: 0
18.0.B: Proofgrid shell started at 3518154@caddy15.stanford.edu(local) jg_3514426_caddy15.stanford.edu_19
18.0.AM: Proofgrid shell started at 3518155@caddy15.stanford.edu(local) jg_3514426_caddy15.stanford.edu_19
18.0.B: clocks: 1, declared: 1, looping: 0, posedge: 1, negedge: 0, noedge: 0, bothedge: 0
18.0.B: Last scan. Per property time limit: 0s
18.0.B: Starting proof for property "CS_div_fsm_s13_19"	[0.00 s].
18.0.B: Trace Attempt  1	[0.01 s]
18.0.AM: clocks: 1, declared: 1, looping: 0, posedge: 1, negedge: 0, noedge: 0, bothedge: 0
18.0.B: Trace Attempt  2	[0.03 s]
18.0.AM: Last scan. Per property time limit: 0s
18.0.AM: Starting proof for property "CS_div_fsm_s13_19"	[0.00 s].
18.0.AM: Trace Attempt  1	[0.00 s]
18.0.AM: Trace Attempt  2	[0.01 s]
18.0.B: Trace Attempt  3	[0.04 s]
18.0.B: Trace Attempt  4	[0.07 s]
18.0.AM: Trace Attempt  3	[0.05 s]
18.0.Oh: bwd trail(1): 1 0.112952s
18.0.Oh: All properties either determined or skipped. [0.20 s]
18.0.Oh: Exited with Success (@ 0.65 s)
18.0.Oh: Completed, Restart ignored.
18.0.AM: Trace Attempt  4	[0.10 s]
18.0.Mpcustom4: Trace Attempt  3	[0.62 s]
18.0.AM: Trace Attempt  5	[0.13 s]
18.0.B: Trace Attempt  5	[0.16 s]
18.0.Mpcustom4: Trace Attempt  3	[0.67 s]
18.0.Mpcustom4: Trace Attempt  4	[0.69 s]
18.0.Mpcustom4: Trace Attempt  4	[0.75 s]
18.0.Mpcustom4: Trace Attempt  5	[0.77 s]
18.0.AM: Trace Attempt  1	[2.83 s]
18.0.AM: Trace Attempt  2	[2.86 s]
18.0.AM: Trace Attempt  3	[2.86 s]
18.0.AM: Trace Attempt  5	[2.87 s]
18.0.Ht: Trace Attempt 37	[4.29 s]
18.0.B: Trace Attempt 43	[4.16 s]
18.0.Mpcustom4: Trace Attempt 28	[4.79 s]
18.0.AM: Trace Attempt  1	[4.56 s]
18.0.AM: Trace Attempt  2	[4.58 s]
18.0.AM: Trace Attempt  3	[4.59 s]
18.0.AM: Trace Attempt  5	[4.60 s]
18.0.N: Trace Attempt 30	[5.14 s]
18.0.AM: Trace Attempt  1	[7.01 s]
18.0.AM: Trace Attempt  2	[7.04 s]
18.0.AM: Trace Attempt  3	[7.04 s]
18.0.AM: Trace Attempt  5	[7.05 s]
18.0.N: Trace Attempt  1	[7.65 s]
18.0.N: Trace Attempt  2	[7.69 s]
18.0.N: Trace Attempt  3	[7.69 s]
18.0.N: Trace Attempt  5	[7.70 s]
18.0.Mpcustom4: Trace Attempt 34	[8.79 s]
18.0.N: Trace Attempt 55	[11.88 s]
18.0.Mpcustom4: Trace Attempt 46	[13.04 s]
18.0.N: Requesting engine job to stop
18.0.B: Requesting engine job to stop
18.0.AM: Requesting engine job to stop
18.0.Hp: Requesting engine job to terminate
18.0.Ht: Requesting engine job to terminate
18.0.Mpcustom4: Requesting engine job to terminate
INFO (IPF144): 18: Initiating shutdown of proof [16.22 s]
18.0.B: Trace Attempt 59	[6.12 s]
18.0.B: A trace with 59 cycles was found. [15.68 s]
INFO (IPF047): 18.0.B: The cover property "CS_div_fsm_s13_19" was covered in 59 cycles in 15.71 s.
18.0.B: Stopped processing property "CS_div_fsm_s13_19"	[15.72 s].
18.0.B: All properties determined. [15.70 s]
18.0.B: Exited with Success (@ 16.24 s)
18: ProofGrid usable level: 0
18.0.N: Stopped processing property "CS_div_fsm_s13_19"	[16.33 s].
18.0.N: All properties determined. [16.33 s]
18.0.N: Exited with Success (@ 16.37 s)
18.0.AM: Trace Attempt 46	[9.32 s]
18.0.AM: Stopped processing property "CS_div_fsm_s13_19"	[15.81 s].
18.0.AM: All properties determined. [15.82 s]
18.0.AM: Exited with Success (@ 16.39 s)
18.0.Mpcustom4: Trace Attempt 51	[14.72 s]
18.0.Mpcustom4: All properties determined. [16.50 s]
18.0.Mpcustom4: Exited with Success (@ 16.84 s)
18.0.Hp: Interrupted (multi)
18.0.Hp: All properties determined. [17.60 s]
18.0.Hp: Exited with Success (@ 17.92 s)
18.0.Ht: Interrupted (multi)
18.0.Ht: Trace Attempt 58	[7.30 s]
18.0.Ht: All properties determined. [18.04 s]
18.0.Ht: Exited with Success (@ 18.32 s)
18: --------------------------------------------------------------
ProofGrid Summary (utilization 98.18 %)
--------------------------------------------------------------
     engines started                               :     7
     engine jobs started                           :     7

    Average time in state (seconds)
    ------------------------------------------------------
    Engine  Pending     Running        Dead    Utilization
    ------------------------------------------------------
      N        0.12       16.22        0.00       99.27 %
     Hp        0.10       16.21        0.00       99.41 %
     Ht        0.09       16.20        0.00       99.46 %
    Mpcustom4        0.08       16.17        0.00       99.50 %
     Oh        0.41        0.20        0.00       33.09 %
      B        0.48       15.72        0.00       97.02 %
     AM        0.51       15.69        0.00       96.88 %
    all        0.26       13.77        0.00       98.18 %

    Total time in state (seconds)
    -----------------------------------------
            Pending     Running        Dead  
    -----------------------------------------
               1.79       96.42        0.00

    Data read    : 166.35 kiB
    Data written : 11.93 kiB

18: All pending notifications were processed.
INFO (IPF059): 18: Completed proof on task: "mytask"
cover -name CS_div_fsm_s13_20 {@(posedge clk_i) !div_fsm_s13 ##1 div_fsm_s13 [*20] ##1 !div_fsm_s13 }
INFO (IPF036): Starting proof on task: "mytask", 1 properties to prove with 0 already proven/unreachable
INFO (IPF031): Settings used for proof thread 19:
    orchestration                 = on (auto)
    time_limit                    = 600s
    per_property_time_limit       = 1s * 10 ^ scan
    engine_mode                   = auto
    proofgrid_per_engine_max_jobs = 1
    max engine jobs               = auto
    proofgrid_mode                = local
    proofgrid_restarts            = 10
19: Using multistage preprocessing
19: Starting reduce
19: Finished reduce in 0.043s
19.0.PRE: Performing Proof Simplification...
19.0.N: clocks: 1, declared: 1, looping: 0, posedge: 1, negedge: 0, noedge: 0, bothedge: 0
19.0.N: Proof Simplification Iteration 1	[0.00 s]
19.0.N: Proof Simplification Iteration 2	[0.04 s]
19.0.N: Proof Simplification Iteration 3	[0.06 s]
19.0.N: Proof Simplification Iteration 4	[0.08 s]
19.0.N: Proof Simplification Iteration 5	[0.10 s]
19.0.N: Proof Simplification Iteration 6	[0.11 s]
19.0.N: Proof Simplification Iteration 7	[0.13 s]
19.0.N: Proof Simplification Iteration 8	[0.15 s]
19.0.N: Proof Simplification Iteration 9	[0.17 s]
19.0.N: Proof Simplification Iteration 10	[0.19 s]
19.0.PRE: Proof Simplification completed in 0.24 s
19: About to start ProofGrid in its own thread with a limit of 10000 pending notifications and a limit of 10 traces.
19: =============================== ProofGrid start ===============================
19: ProofGrid usable level: 1
19: Initial ProofGrid level: 1
19: ProofGrid is starting event handling
19.0.Hp: caddy15.stanford.edu: "Rocky Linux 8.10 (Green Obsidian)" is an unsupported operating system.
19.0.N: caddy15.stanford.edu: "Rocky Linux 8.10 (Green Obsidian)" is an unsupported operating system.
19.0.Ht: caddy15.stanford.edu: "Rocky Linux 8.10 (Green Obsidian)" is an unsupported operating system.
19.0.Hp: Proofgrid shell started at 3518210@caddy15.stanford.edu(local) jg_3514426_caddy15.stanford.edu_20
19.0.N: Proofgrid shell started at 3518209@caddy15.stanford.edu(local) jg_3514426_caddy15.stanford.edu_20
19.0.Mpcustom4: caddy15.stanford.edu: "Rocky Linux 8.10 (Green Obsidian)" is an unsupported operating system.
19.0.N: clocks: 1, declared: 1, looping: 0, posedge: 1, negedge: 0, noedge: 0, bothedge: 0
19.0.Hp: clocks: 1, declared: 1, looping: 0, posedge: 1, negedge: 0, noedge: 0, bothedge: 0
19.0.N: Last scan. Per property time limit: 0s
19.0.N: Starting proof for property "CS_div_fsm_s13_20"	[0.00 s].
19.0.Ht: Proofgrid shell started at 3518232@caddy15.stanford.edu(local) jg_3514426_caddy15.stanford.edu_20
19.0.N: Trace Attempt  1	[0.01 s]
19.0.N: Trace Attempt  2	[0.01 s]
19.0.N: Trace Attempt  3	[0.01 s]
19.0.Ht: clocks: 1, declared: 1, looping: 0, posedge: 1, negedge: 0, noedge: 0, bothedge: 0
19.0.N: Trace Attempt  3	[0.04 s]
19.0.Ht: Trace Attempt  1	[0.04 s]
19.0.Ht: Trace Attempt  2	[0.04 s]
19.0.Ht: Trace Attempt  3	[0.04 s]
19.0.AM: caddy15.stanford.edu: "Rocky Linux 8.10 (Green Obsidian)" is an unsupported operating system.
19.0.N: Trace Attempt  4	[0.06 s]
19.0.N: Trace Attempt  5	[0.06 s]
19.0.Ht: Trace Attempt  4	[0.05 s]
19.0.Oh: caddy15.stanford.edu: "Rocky Linux 8.10 (Green Obsidian)" is an unsupported operating system.
19.0.Ht: Trace Attempt  5	[0.06 s]
19.0.N: Trace Attempt  5	[0.12 s]
19.0.AM: Proofgrid shell started at 3518267@caddy15.stanford.edu(local) jg_3514426_caddy15.stanford.edu_20
19.0.AM: clocks: 1, declared: 1, looping: 0, posedge: 1, negedge: 0, noedge: 0, bothedge: 0
19.0.AM: Last scan. Per property time limit: 0s
19.0.AM: Starting proof for property "CS_div_fsm_s13_20"	[0.00 s].
19.0.AM: Trace Attempt  1	[0.00 s]
19.0.AM: Trace Attempt  2	[0.01 s]
19.0.AM: Trace Attempt  3	[0.03 s]
19.0.Mpcustom4: Proofgrid shell started at 3518251@caddy15.stanford.edu(local) jg_3514426_caddy15.stanford.edu_20
19.0.AM: Trace Attempt  4	[0.06 s]
19.0.B: caddy15.stanford.edu: "Rocky Linux 8.10 (Green Obsidian)" is an unsupported operating system.
19.0.AM: Trace Attempt  5	[0.08 s]
19.0.Mpcustom4: clocks: 1, declared: 1, looping: 0, posedge: 1, negedge: 0, noedge: 0, bothedge: 0
19.0.Mpcustom4: Trace Attempt  1	[0.08 s]
19.0.Mpcustom4: Trace Attempt  2	[0.11 s]
19.0.Oh: Proofgrid shell started at 3518264@caddy15.stanford.edu(local) jg_3514426_caddy15.stanford.edu_20
19.0.Oh: clocks: 1, declared: 1, looping: 0, posedge: 1, negedge: 0, noedge: 0, bothedge: 0
19.0.B: Proofgrid shell started at 3518265@caddy15.stanford.edu(local) jg_3514426_caddy15.stanford.edu_20
19.0.B: clocks: 1, declared: 1, looping: 0, posedge: 1, negedge: 0, noedge: 0, bothedge: 0
19.0.B: Last scan. Per property time limit: 0s
19.0.B: Starting proof for property "CS_div_fsm_s13_20"	[0.00 s].
19.0.B: Trace Attempt  1	[0.02 s]
19.0.B: Trace Attempt  2	[0.03 s]
19.0.B: Trace Attempt  3	[0.05 s]
19.0.Oh: bwd trail(1): 1 0.114397s
19.0.B: Trace Attempt  4	[0.07 s]
19.0.Oh: All properties either determined or skipped. [0.26 s]
19.0.Oh: Exited with Success (@ 0.65 s)
19.0.Oh: Completed, Restart ignored.
19.0.B: Trace Attempt  5	[0.15 s]
19.0.Mpcustom4: Trace Attempt  3	[1.35 s]
19.0.Mpcustom4: Trace Attempt  3	[1.46 s]
19.0.Mpcustom4: Trace Attempt  4	[1.51 s]
19.0.Mpcustom4: Trace Attempt  4	[1.64 s]
19.0.Mpcustom4: Trace Attempt  5	[1.69 s]
19.0.AM: Trace Attempt  1	[3.48 s]
19.0.AM: Trace Attempt  2	[3.51 s]
19.0.AM: Trace Attempt  3	[3.52 s]
19.0.AM: Trace Attempt  5	[3.53 s]
19.0.N: Trace Attempt 27	[4.14 s]
19.0.Ht: Trace Attempt 42	[4.22 s]
19.0.B: Trace Attempt 44	[4.21 s]
19.0.AM: Trace Attempt  1	[5.32 s]
19.0.AM: Trace Attempt  2	[5.34 s]
19.0.AM: Trace Attempt  3	[5.35 s]
19.0.AM: Trace Attempt  5	[5.36 s]
19.0.N: Trace Attempt  1	[6.22 s]
19.0.N: Trace Attempt  2	[6.25 s]
19.0.N: Trace Attempt  3	[6.25 s]
19.0.Mpcustom4: Trace Attempt 26	[6.05 s]
19.0.N: Trace Attempt  5	[6.27 s]
19.0.AM: Trace Attempt  1	[8.12 s]
19.0.AM: Trace Attempt  2	[8.14 s]
19.0.AM: Trace Attempt  3	[8.15 s]
19.0.AM: Trace Attempt  5	[8.16 s]
19.0.N: Trace Attempt 43	[10.58 s]
19.0.Mpcustom4: Trace Attempt 41	[11.53 s]
19.0.Mpcustom4: Trace Attempt 50	[16.59 s]
19.0.N: Requesting engine job to stop
19.0.B: Requesting engine job to stop
19.0.AM: Requesting engine job to stop
19.0.Hp: Requesting engine job to terminate
19.0.Ht: Requesting engine job to terminate
19.0.Mpcustom4: Requesting engine job to terminate
INFO (IPF144): 19: Initiating shutdown of proof [17.29 s]
19.0.B: Trace Attempt 60	[6.27 s]
19.0.B: A trace with 60 cycles was found. [16.71 s]
INFO (IPF047): 19.0.B: The cover property "CS_div_fsm_s13_20" was covered in 60 cycles in 16.74 s.
19.0.B: Stopped processing property "CS_div_fsm_s13_20"	[16.76 s].
19.0.B: All properties determined. [16.73 s]
19.0.B: Exited with Success (@ 17.31 s)
19: ProofGrid usable level: 0
19.0.AM: Trace Attempt 48	[17.16 s]
19.0.N: Stopped processing property "CS_div_fsm_s13_20"	[17.31 s].
19.0.N: All properties determined. [17.32 s]
19.0.N: Exited with Success (@ 17.35 s)
19.0.AM: Stopped processing property "CS_div_fsm_s13_20"	[17.24 s].
19.0.AM: All properties determined. [17.25 s]
19.0.AM: Exited with Success (@ 17.43 s)
19.0.Mpcustom4: Trace Attempt 55	[16.94 s]
19.0.Mpcustom4: All properties determined. [17.38 s]
19.0.Hp: Interrupted (multi)
19.0.Hp: All properties determined. [17.78 s]
19.0.Mpcustom4: Exited with Success (@ 17.79 s)
19.0.Ht: Interrupted (multi)
19.0.Ht: Trace Attempt 50	[5.77 s]
19.0.Ht: All properties determined. [17.96 s]
19.0.Hp: Exited with Success (@ 18.04 s)
19.0.Ht: Exited with Success (@ 18.36 s)
19: --------------------------------------------------------------
ProofGrid Summary (utilization 98.52 %)
--------------------------------------------------------------
     engines started                               :     7
     engine jobs started                           :     7

    Average time in state (seconds)
    ------------------------------------------------------
    Engine  Pending     Running        Dead    Utilization
    ------------------------------------------------------
      N        0.11       17.28        0.00       99.39 %
     Hp        0.08       17.28        0.00       99.53 %
     Ht        0.09       17.25        0.00       99.49 %
    Mpcustom4        0.25       17.06        0.00       98.58 %
     Oh        0.38        0.27        0.00       41.40 %
      B        0.51       16.75        0.00       97.02 %
     AM        0.14       17.14        0.00       99.21 %
    all        0.22       14.72        0.00       98.52 %

    Total time in state (seconds)
    -----------------------------------------
            Pending     Running        Dead  
    -----------------------------------------
               1.55      103.04        0.00

    Data read    : 169.93 kiB
    Data written : 12.27 kiB

19: All pending notifications were processed.
INFO (IPF059): 19: Completed proof on task: "mytask"
cover -name CS_div_fsm_s13_21 {@(posedge clk_i) !div_fsm_s13 ##1 div_fsm_s13 [*21] ##1 !div_fsm_s13 }
INFO (IPF036): Starting proof on task: "mytask", 1 properties to prove with 0 already proven/unreachable
INFO (IPF031): Settings used for proof thread 20:
    orchestration                 = on (auto)
    time_limit                    = 600s
    per_property_time_limit       = 1s * 10 ^ scan
    engine_mode                   = auto
    proofgrid_per_engine_max_jobs = 1
    max engine jobs               = auto
    proofgrid_mode                = local
    proofgrid_restarts            = 10
20: Using multistage preprocessing
20: Starting reduce
20: Finished reduce in 0.042s
20.0.PRE: Performing Proof Simplification...
20.0.N: clocks: 1, declared: 1, looping: 0, posedge: 1, negedge: 0, noedge: 0, bothedge: 0
20.0.N: Proof Simplification Iteration 1	[0.00 s]
20.0.N: Proof Simplification Iteration 2	[0.04 s]
20.0.N: Proof Simplification Iteration 3	[0.06 s]
20.0.N: Proof Simplification Iteration 4	[0.07 s]
20.0.N: Proof Simplification Iteration 5	[0.09 s]
20.0.N: Proof Simplification Iteration 6	[0.11 s]
20.0.N: Proof Simplification Iteration 7	[0.13 s]
20.0.N: Proof Simplification Iteration 8	[0.15 s]
20.0.N: Proof Simplification Iteration 9	[0.17 s]
20.0.N: Proof Simplification Iteration 10	[0.18 s]
20.0.PRE: Proof Simplification completed in 0.23 s
20: About to start ProofGrid in its own thread with a limit of 10000 pending notifications and a limit of 10 traces.
20: =============================== ProofGrid start ===============================
20: ProofGrid usable level: 1
20: Initial ProofGrid level: 1
20: ProofGrid is starting event handling
20.0.Hp: caddy15.stanford.edu: "Rocky Linux 8.10 (Green Obsidian)" is an unsupported operating system.
20.0.N: caddy15.stanford.edu: "Rocky Linux 8.10 (Green Obsidian)" is an unsupported operating system.
20.0.Ht: caddy15.stanford.edu: "Rocky Linux 8.10 (Green Obsidian)" is an unsupported operating system.
20.0.N: Proofgrid shell started at 3518440@caddy15.stanford.edu(local) jg_3514426_caddy15.stanford.edu_21
20.0.Hp: Proofgrid shell started at 3518441@caddy15.stanford.edu(local) jg_3514426_caddy15.stanford.edu_21
20.0.Mpcustom4: caddy15.stanford.edu: "Rocky Linux 8.10 (Green Obsidian)" is an unsupported operating system.
20.0.Ht: Proofgrid shell started at 3518464@caddy15.stanford.edu(local) jg_3514426_caddy15.stanford.edu_21
20.0.N: clocks: 1, declared: 1, looping: 0, posedge: 1, negedge: 0, noedge: 0, bothedge: 0
20.0.Hp: clocks: 1, declared: 1, looping: 0, posedge: 1, negedge: 0, noedge: 0, bothedge: 0
20.0.Ht: clocks: 1, declared: 1, looping: 0, posedge: 1, negedge: 0, noedge: 0, bothedge: 0
20.0.N: Last scan. Per property time limit: 0s
20.0.N: Starting proof for property "CS_div_fsm_s13_21"	[0.00 s].
20.0.N: Trace Attempt  1	[0.01 s]
20.0.N: Trace Attempt  2	[0.01 s]
20.0.N: Trace Attempt  3	[0.01 s]
20.0.Ht: Trace Attempt  1	[0.04 s]
20.0.Ht: Trace Attempt  2	[0.04 s]
20.0.Ht: Trace Attempt  3	[0.04 s]
20.0.Ht: Trace Attempt  4	[0.05 s]
20.0.N: Trace Attempt  3	[0.04 s]
20.0.Ht: Trace Attempt  5	[0.06 s]
20.0.Oh: caddy15.stanford.edu: "Rocky Linux 8.10 (Green Obsidian)" is an unsupported operating system.
20.0.N: Trace Attempt  4	[0.06 s]
20.0.N: Trace Attempt  5	[0.06 s]
20.0.AM: caddy15.stanford.edu: "Rocky Linux 8.10 (Green Obsidian)" is an unsupported operating system.
20.0.Mpcustom4: Proofgrid shell started at 3518482@caddy15.stanford.edu(local) jg_3514426_caddy15.stanford.edu_21
20.0.Mpcustom4: clocks: 1, declared: 1, looping: 0, posedge: 1, negedge: 0, noedge: 0, bothedge: 0
20.0.Oh: Proofgrid shell started at 3518491@caddy15.stanford.edu(local) jg_3514426_caddy15.stanford.edu_21
20.0.B: caddy15.stanford.edu: "Rocky Linux 8.10 (Green Obsidian)" is an unsupported operating system.
20.0.N: Trace Attempt  5	[0.12 s]
20.0.Oh: clocks: 1, declared: 1, looping: 0, posedge: 1, negedge: 0, noedge: 0, bothedge: 0
20.0.Mpcustom4: Trace Attempt  1	[0.05 s]
20.0.Mpcustom4: Trace Attempt  2	[0.07 s]
20.0.B: Proofgrid shell started at 3518496@caddy15.stanford.edu(local) jg_3514426_caddy15.stanford.edu_21
20.0.AM: Proofgrid shell started at 3518502@caddy15.stanford.edu(local) jg_3514426_caddy15.stanford.edu_21
20.0.B: clocks: 1, declared: 1, looping: 0, posedge: 1, negedge: 0, noedge: 0, bothedge: 0
20.0.AM: clocks: 1, declared: 1, looping: 0, posedge: 1, negedge: 0, noedge: 0, bothedge: 0
20.0.Oh: bwd trail(1): 1 0.113541s
20.0.B: Last scan. Per property time limit: 0s
20.0.B: Starting proof for property "CS_div_fsm_s13_21"	[0.00 s].
20.0.B: Trace Attempt  1	[0.01 s]
20.0.AM: Last scan. Per property time limit: 0s
20.0.AM: Starting proof for property "CS_div_fsm_s13_21"	[0.00 s].
20.0.Oh: All properties either determined or skipped. [0.26 s]
20.0.B: Trace Attempt  2	[0.02 s]
20.0.AM: Trace Attempt  1	[0.01 s]
20.0.AM: Trace Attempt  2	[0.02 s]
20.0.Oh: Exited with Success (@ 0.48 s)
20.0.B: Trace Attempt  3	[0.04 s]
20.0.AM: Trace Attempt  3	[0.05 s]
20.0.B: Trace Attempt  4	[0.06 s]
20.0.B: Trace Attempt  5	[0.10 s]
20.0.AM: Trace Attempt  4	[0.10 s]
20.0.AM: Trace Attempt  5	[0.15 s]
20.0.Mpcustom4: Trace Attempt  3	[0.61 s]
20.0.Mpcustom4: Trace Attempt  3	[0.66 s]
20.0.Mpcustom4: Trace Attempt  4	[0.68 s]
20.0.Mpcustom4: Trace Attempt  4	[0.74 s]
20.0.Mpcustom4: Trace Attempt  5	[0.76 s]
20.0.Ht: Trace Attempt 41	[4.26 s]
20.0.B: Trace Attempt 50	[4.18 s]
20.0.AM: Trace Attempt  1	[4.21 s]
20.0.AM: Trace Attempt  2	[4.24 s]
20.0.AM: Trace Attempt  3	[4.24 s]
20.0.AM: Trace Attempt  5	[4.26 s]
20.0.Mpcustom4: Trace Attempt 32	[4.80 s]
20.0.N: Trace Attempt 32	[5.70 s]
20.0.AM: Trace Attempt  1	[6.05 s]
20.0.AM: Trace Attempt  2	[6.07 s]
20.0.AM: Trace Attempt  3	[6.08 s]
20.0.AM: Trace Attempt  5	[6.09 s]
20.0.N: Trace Attempt  1	[7.59 s]
20.0.N: Trace Attempt  2	[7.62 s]
20.0.N: Trace Attempt  3	[7.62 s]
20.0.N: Trace Attempt  5	[7.63 s]
20.0.Mpcustom4: Trace Attempt 39	[9.16 s]
20.0.AM: Trace Attempt  1	[10.11 s]
20.0.AM: Trace Attempt  2	[10.14 s]
20.0.AM: Trace Attempt  3	[10.14 s]
20.0.AM: Trace Attempt  5	[10.16 s]
20.0.Mpcustom4: Trace Attempt 49	[14.87 s]
20.0.N: Trace Attempt 60	[15.42 s]
20.0.N: Requesting engine job to stop
20.0.B: Requesting engine job to stop
20.0.AM: Requesting engine job to stop
20.0.Hp: Requesting engine job to terminate
20.0.Ht: Requesting engine job to terminate
20.0.Mpcustom4: Requesting engine job to terminate
INFO (IPF144): 20: Initiating shutdown of proof [18.87 s]
20.0.B: Trace Attempt 61	[5.49 s]
20.0.B: A trace with 61 cycles was found. [18.42 s]
INFO (IPF047): 20.0.B: The cover property "CS_div_fsm_s13_21" was covered in 61 cycles in 18.46 s.
20.0.B: Stopped processing property "CS_div_fsm_s13_21"	[18.50 s].
20.0.B: All properties determined. [18.45 s]
20.0.B: Exited with Success (@ 18.88 s)
20: ProofGrid usable level: 0
20.0.N: Stopped processing property "CS_div_fsm_s13_21"	[18.88 s].
20.0.N: All properties determined. [18.87 s]
20.0.N: Exited with Success (@ 18.94 s)
20.0.Mpcustom4: Trace Attempt 55	[17.50 s]
20.0.Mpcustom4: All properties determined. [19.06 s]
20.0.Mpcustom4: Exited with Success (@ 19.26 s)
20.0.AM: Trace Attempt 52	[13.26 s]
20.0.AM: Stopped processing property "CS_div_fsm_s13_21"	[18.89 s].
20.0.AM: All properties determined. [18.90 s]
20.0.Ht: Interrupted (multi)
20.0.Ht: Trace Attempt 58	[5.97 s]
20.0.Ht: All properties determined. [19.65 s]
20.0.AM: Exited with Success (@ 19.69 s)
20.0.Hp: Interrupted (multi)
20.0.Hp: All properties determined. [19.73 s]
20.0.Ht: Exited with Success (@ 19.83 s)
20.0.Hp: Exited with Success (@ 20.02 s)
20: --------------------------------------------------------------
ProofGrid Summary (utilization 98.81 %)
--------------------------------------------------------------
     engines started                               :     7
     engine jobs started                           :     7

    Average time in state (seconds)
    ------------------------------------------------------
    Engine  Pending     Running        Dead    Utilization
    ------------------------------------------------------
      N        0.10       18.83        0.00       99.49 %
     Hp        0.09       18.83        0.00       99.54 %
     Ht        0.10       18.83        0.00       99.49 %
    Mpcustom4        0.17       18.71        0.00       99.09 %
     Oh        0.18        0.26        0.00       59.28 %
      B        0.36       18.46        0.00       98.07 %
     AM        0.36       18.47        0.00       98.09 %
    all        0.19       16.06        0.00       98.81 %

    Total time in state (seconds)
    -----------------------------------------
            Pending     Running        Dead  
    -----------------------------------------
               1.35      112.39        0.00

    Data read    : 176.82 kiB
    Data written : 11.05 kiB

20: All pending notifications were processed.
INFO (IPF059): 20: Completed proof on task: "mytask"
cover -name CS_div_fsm_s13_22 {@(posedge clk_i) !div_fsm_s13 ##1 div_fsm_s13 [*22] ##1 !div_fsm_s13 }
INFO (IPF036): Starting proof on task: "mytask", 1 properties to prove with 0 already proven/unreachable
INFO (IPF031): Settings used for proof thread 21:
    orchestration                 = on (auto)
    time_limit                    = 600s
    per_property_time_limit       = 1s * 10 ^ scan
    engine_mode                   = auto
    proofgrid_per_engine_max_jobs = 1
    max engine jobs               = auto
    proofgrid_mode                = local
    proofgrid_restarts            = 10
21: Using multistage preprocessing
21: Starting reduce
21: Finished reduce in 0.041s
21.0.PRE: Performing Proof Simplification...
21.0.N: clocks: 1, declared: 1, looping: 0, posedge: 1, negedge: 0, noedge: 0, bothedge: 0
21.0.N: Proof Simplification Iteration 1	[0.00 s]
21.0.N: Proof Simplification Iteration 2	[0.04 s]
21.0.N: Proof Simplification Iteration 3	[0.06 s]
21.0.N: Proof Simplification Iteration 4	[0.07 s]
21.0.N: Proof Simplification Iteration 5	[0.09 s]
21.0.N: Proof Simplification Iteration 6	[0.11 s]
21.0.N: Proof Simplification Iteration 7	[0.13 s]
21.0.N: Proof Simplification Iteration 8	[0.15 s]
21.0.N: Proof Simplification Iteration 9	[0.17 s]
21.0.N: Proof Simplification Iteration 10	[0.18 s]
21.0.PRE: Proof Simplification completed in 0.23 s
21: About to start ProofGrid in its own thread with a limit of 10000 pending notifications and a limit of 10 traces.
21: =============================== ProofGrid start ===============================
21: ProofGrid usable level: 1
21: Initial ProofGrid level: 1
21: ProofGrid is starting event handling
21.0.N: caddy15.stanford.edu: "Rocky Linux 8.10 (Green Obsidian)" is an unsupported operating system.
21.0.Hp: caddy15.stanford.edu: "Rocky Linux 8.10 (Green Obsidian)" is an unsupported operating system.
21.0.Ht: caddy15.stanford.edu: "Rocky Linux 8.10 (Green Obsidian)" is an unsupported operating system.
21.0.Mpcustom4: caddy15.stanford.edu: "Rocky Linux 8.10 (Green Obsidian)" is an unsupported operating system.
21.0.N: Proofgrid shell started at 3518667@caddy15.stanford.edu(local) jg_3514426_caddy15.stanford.edu_22
21.0.Hp: Proofgrid shell started at 3518668@caddy15.stanford.edu(local) jg_3514426_caddy15.stanford.edu_22
21.0.N: clocks: 1, declared: 1, looping: 0, posedge: 1, negedge: 0, noedge: 0, bothedge: 0
21.0.N: Last scan. Per property time limit: 0s
21.0.N: Starting proof for property "CS_div_fsm_s13_22"	[0.00 s].
21.0.Hp: clocks: 1, declared: 1, looping: 0, posedge: 1, negedge: 0, noedge: 0, bothedge: 0
21.0.Ht: Proofgrid shell started at 3518690@caddy15.stanford.edu(local) jg_3514426_caddy15.stanford.edu_22
21.0.N: Trace Attempt  1	[0.01 s]
21.0.N: Trace Attempt  2	[0.01 s]
21.0.N: Trace Attempt  3	[0.01 s]
21.0.Ht: clocks: 1, declared: 1, looping: 0, posedge: 1, negedge: 0, noedge: 0, bothedge: 0
21.0.N: Trace Attempt  3	[0.04 s]
21.0.Ht: Trace Attempt  1	[0.04 s]
21.0.Ht: Trace Attempt  2	[0.04 s]
21.0.Ht: Trace Attempt  3	[0.04 s]
21.0.Ht: Trace Attempt  4	[0.05 s]
21.0.Mpcustom4: Proofgrid shell started at 3518710@caddy15.stanford.edu(local) jg_3514426_caddy15.stanford.edu_22
21.0.N: Trace Attempt  4	[0.06 s]
21.0.N: Trace Attempt  5	[0.06 s]
21.0.Ht: Trace Attempt  5	[0.06 s]
21.0.Mpcustom4: clocks: 1, declared: 1, looping: 0, posedge: 1, negedge: 0, noedge: 0, bothedge: 0
21.0.Mpcustom4: Trace Attempt  1	[0.04 s]
21.0.Oh: caddy15.stanford.edu: "Rocky Linux 8.10 (Green Obsidian)" is an unsupported operating system.
21.0.N: Trace Attempt  5	[0.12 s]
21.0.Mpcustom4: Trace Attempt  2	[0.06 s]
21.0.B: caddy15.stanford.edu: "Rocky Linux 8.10 (Green Obsidian)" is an unsupported operating system.
21.0.AM: caddy15.stanford.edu: "Rocky Linux 8.10 (Green Obsidian)" is an unsupported operating system.
21.0.Oh: Proofgrid shell started at 3518725@caddy15.stanford.edu(local) jg_3514426_caddy15.stanford.edu_22
21.0.Oh: clocks: 1, declared: 1, looping: 0, posedge: 1, negedge: 0, noedge: 0, bothedge: 0
21.0.B: Proofgrid shell started at 3518726@caddy15.stanford.edu(local) jg_3514426_caddy15.stanford.edu_22
21.0.B: clocks: 1, declared: 1, looping: 0, posedge: 1, negedge: 0, noedge: 0, bothedge: 0
21.0.B: Last scan. Per property time limit: 0s
21.0.B: Starting proof for property "CS_div_fsm_s13_22"	[0.00 s].
21.0.AM: Proofgrid shell started at 3518727@caddy15.stanford.edu(local) jg_3514426_caddy15.stanford.edu_22
21.0.Oh: bwd trail(1): 1 0.110786s
21.0.Oh: All properties either determined or skipped. [0.13 s]
21.0.Oh: Exited with Success (@ 0.52 s)
21.0.Oh: Completed, Restart ignored.
21.0.B: Trace Attempt  1	[0.02 s]
21.0.B: Trace Attempt  2	[0.03 s]
21.0.B: Trace Attempt  3	[0.06 s]
21.0.B: Trace Attempt  4	[0.07 s]
21.0.AM: clocks: 1, declared: 1, looping: 0, posedge: 1, negedge: 0, noedge: 0, bothedge: 0
21.0.AM: Last scan. Per property time limit: 0s
21.0.AM: Starting proof for property "CS_div_fsm_s13_22"	[0.00 s].
21.0.AM: Trace Attempt  1	[0.00 s]
21.0.AM: Trace Attempt  2	[0.01 s]
21.0.AM: Trace Attempt  3	[0.05 s]
21.0.B: Trace Attempt  5	[0.16 s]
21.0.AM: Trace Attempt  4	[0.11 s]
21.0.Mpcustom4: Trace Attempt  3	[0.61 s]
21.0.AM: Trace Attempt  5	[0.14 s]
21.0.Mpcustom4: Trace Attempt  3	[0.66 s]
21.0.Mpcustom4: Trace Attempt  4	[0.68 s]
21.0.Mpcustom4: Trace Attempt  4	[0.74 s]
21.0.Mpcustom4: Trace Attempt  5	[0.76 s]
21.0.Ht: Trace Attempt 43	[4.25 s]
21.0.N: Trace Attempt 28	[4.40 s]
21.0.B: Trace Attempt 44	[4.16 s]
21.0.AM: Trace Attempt 37	[4.29 s]
21.0.AM: Trace Attempt  1	[4.41 s]
21.0.AM: Trace Attempt  2	[4.44 s]
21.0.AM: Trace Attempt  3	[4.44 s]
21.0.AM: Trace Attempt  5	[4.46 s]
21.0.Mpcustom4: Trace Attempt 26	[5.01 s]
21.0.AM: Trace Attempt  1	[6.72 s]
21.0.AM: Trace Attempt  2	[6.77 s]
21.0.AM: Trace Attempt  3	[6.77 s]
21.0.AM: Trace Attempt  5	[6.80 s]
21.0.N: Trace Attempt  1	[7.89 s]
21.0.N: Trace Attempt  2	[7.92 s]
21.0.N: Trace Attempt  3	[7.92 s]
21.0.N: Trace Attempt  5	[7.93 s]
21.0.Mpcustom4: Trace Attempt 27	[9.14 s]
21.0.N: Trace Attempt 58	[12.44 s]
21.0.Mpcustom4: Trace Attempt 36	[13.72 s]
21.0.N: Trace Attempt 61	[17.15 s]
21.0.Mpcustom4: Trace Attempt 41	[18.46 s]
21.0.AM: Trace Attempt 53	[18.54 s]
21.0.N: Requesting engine job to stop
21.0.B: Requesting engine job to stop
21.0.AM: Requesting engine job to stop
21.0.Hp: Requesting engine job to terminate
21.0.Ht: Requesting engine job to terminate
21.0.Mpcustom4: Requesting engine job to terminate
INFO (IPF144): 21: Initiating shutdown of proof [19.36 s]
21.0.B: Trace Attempt 62	[6.27 s]
21.0.B: A trace with 62 cycles was found. [18.82 s]
INFO (IPF047): 21.0.B: The cover property "CS_div_fsm_s13_22" was covered in 62 cycles in 18.89 s.
21: ProofGrid usable level: 0
21.0.B: Stopped processing property "CS_div_fsm_s13_22"	[18.90 s].
21.0.B: All properties determined. [18.87 s]
21.0.B: Exited with Success (@ 19.39 s)
21.0.N: Stopped processing property "CS_div_fsm_s13_22"	[19.39 s].
21.0.N: All properties determined. [19.40 s]
21.0.N: Exited with Success (@ 19.43 s)
21.0.AM: Trace Attempt 54	[18.82 s]
21.0.AM: Stopped processing property "CS_div_fsm_s13_22"	[18.88 s].
21.0.AM: All properties determined. [18.88 s]
21.0.AM: Exited with Success (@ 19.46 s)
21.0.Mpcustom4: Trace Attempt 46	[18.75 s]
21.0.Mpcustom4: All properties determined. [19.60 s]
21.0.Mpcustom4: Exited with Success (@ 19.97 s)
21.0.Hp: Interrupted (multi)
21.0.Hp: All properties determined. [20.00 s]
21.0.Ht: Interrupted (multi)
21.0.Ht: Trace Attempt 52	[5.78 s]
21.0.Ht: All properties determined. [20.07 s]
21.0.Hp: Exited with Success (@ 20.40 s)
21.0.Ht: Exited with Success (@ 20.40 s)
21: --------------------------------------------------------------
ProofGrid Summary (utilization 98.52 %)
--------------------------------------------------------------
     engines started                               :     7
     engine jobs started                           :     7

    Average time in state (seconds)
    ------------------------------------------------------
    Engine  Pending     Running        Dead    Utilization
    ------------------------------------------------------
      N        0.11       19.35        0.00       99.45 %
     Hp        0.09       19.35        0.00       99.55 %
     Ht        0.09       19.33        0.00       99.53 %
    Mpcustom4        0.12       19.27        0.00       99.38 %
     Oh        0.37        0.14        0.00       26.66 %
      B        0.44       18.89        0.00       97.71 %
     AM        0.51       18.81        0.00       97.38 %
    all        0.25       16.45        0.00       98.52 %

    Total time in state (seconds)
    -----------------------------------------
            Pending     Running        Dead  
    -----------------------------------------
               1.73      115.13        0.00

    Data read    : 175.39 kiB
    Data written : 21.01 kiB

21: All pending notifications were processed.
INFO (IPF059): 21: Completed proof on task: "mytask"
cover -name CS_div_fsm_s13_23 {@(posedge clk_i) !div_fsm_s13 ##1 div_fsm_s13 [*23] ##1 !div_fsm_s13 }
INFO (IPF036): Starting proof on task: "mytask", 1 properties to prove with 0 already proven/unreachable
INFO (IPF031): Settings used for proof thread 22:
    orchestration                 = on (auto)
    time_limit                    = 600s
    per_property_time_limit       = 1s * 10 ^ scan
    engine_mode                   = auto
    proofgrid_per_engine_max_jobs = 1
    max engine jobs               = auto
    proofgrid_mode                = local
    proofgrid_restarts            = 10
22: Using multistage preprocessing
22: Starting reduce
22: Finished reduce in 0.041s
22.0.PRE: Performing Proof Simplification...
22.0.N: clocks: 1, declared: 1, looping: 0, posedge: 1, negedge: 0, noedge: 0, bothedge: 0
22.0.N: Proof Simplification Iteration 1	[0.00 s]
22.0.N: Proof Simplification Iteration 2	[0.04 s]
22.0.N: Proof Simplification Iteration 3	[0.06 s]
22.0.N: Proof Simplification Iteration 4	[0.07 s]
22.0.N: Proof Simplification Iteration 5	[0.09 s]
22.0.N: Proof Simplification Iteration 6	[0.11 s]
22.0.N: Proof Simplification Iteration 7	[0.13 s]
22.0.N: Proof Simplification Iteration 8	[0.15 s]
22.0.N: Proof Simplification Iteration 9	[0.16 s]
22.0.N: Proof Simplification Iteration 10	[0.18 s]
22.0.PRE: Proof Simplification completed in 0.23 s
22: About to start ProofGrid in its own thread with a limit of 10000 pending notifications and a limit of 10 traces.
22: =============================== ProofGrid start ===============================
22: ProofGrid usable level: 1
22: Initial ProofGrid level: 1
22: ProofGrid is starting event handling
22.0.Hp: caddy15.stanford.edu: "Rocky Linux 8.10 (Green Obsidian)" is an unsupported operating system.
22.0.N: caddy15.stanford.edu: "Rocky Linux 8.10 (Green Obsidian)" is an unsupported operating system.
22.0.Mpcustom4: caddy15.stanford.edu: "Rocky Linux 8.10 (Green Obsidian)" is an unsupported operating system.
22.0.Ht: caddy15.stanford.edu: "Rocky Linux 8.10 (Green Obsidian)" is an unsupported operating system.
22.0.Hp: Proofgrid shell started at 3518845@caddy15.stanford.edu(local) jg_3514426_caddy15.stanford.edu_23
22.0.N: Proofgrid shell started at 3518844@caddy15.stanford.edu(local) jg_3514426_caddy15.stanford.edu_23
22.0.B: caddy15.stanford.edu: "Rocky Linux 8.10 (Green Obsidian)" is an unsupported operating system.
22.0.Hp: clocks: 1, declared: 1, looping: 0, posedge: 1, negedge: 0, noedge: 0, bothedge: 0
22.0.N: clocks: 1, declared: 1, looping: 0, posedge: 1, negedge: 0, noedge: 0, bothedge: 0
22.0.Oh: caddy15.stanford.edu: "Rocky Linux 8.10 (Green Obsidian)" is an unsupported operating system.
22.0.Ht: Proofgrid shell started at 3518867@caddy15.stanford.edu(local) jg_3514426_caddy15.stanford.edu_23
22.0.N: Last scan. Per property time limit: 0s
22.0.N: Starting proof for property "CS_div_fsm_s13_23"	[0.00 s].
22.0.N: Trace Attempt  1	[0.01 s]
22.0.N: Trace Attempt  2	[0.01 s]
22.0.N: Trace Attempt  3	[0.01 s]
22.0.Ht: clocks: 1, declared: 1, looping: 0, posedge: 1, negedge: 0, noedge: 0, bothedge: 0
22.0.Mpcustom4: Proofgrid shell started at 3518869@caddy15.stanford.edu(local) jg_3514426_caddy15.stanford.edu_23
22.0.B: Proofgrid shell started at 3518900@caddy15.stanford.edu(local) jg_3514426_caddy15.stanford.edu_23
22.0.N: Trace Attempt  3	[0.05 s]
22.0.Ht: Trace Attempt  1	[0.04 s]
22.0.Ht: Trace Attempt  2	[0.04 s]
22.0.Ht: Trace Attempt  3	[0.05 s]
22.0.B: clocks: 1, declared: 1, looping: 0, posedge: 1, negedge: 0, noedge: 0, bothedge: 0
22.0.Mpcustom4: clocks: 1, declared: 1, looping: 0, posedge: 1, negedge: 0, noedge: 0, bothedge: 0
22.0.N: Trace Attempt  4	[0.06 s]
22.0.N: Trace Attempt  5	[0.06 s]
22.0.Oh: Proofgrid shell started at 3518893@caddy15.stanford.edu(local) jg_3514426_caddy15.stanford.edu_23
22.0.B: Last scan. Per property time limit: 0s
22.0.B: Starting proof for property "CS_div_fsm_s13_23"	[0.00 s].
22.0.B: Trace Attempt  1	[0.01 s]
22.0.AM: caddy15.stanford.edu: "Rocky Linux 8.10 (Green Obsidian)" is an unsupported operating system.
22.0.B: Trace Attempt  2	[0.04 s]
22.0.Ht: Trace Attempt  4	[0.10 s]
22.0.Oh: clocks: 1, declared: 1, looping: 0, posedge: 1, negedge: 0, noedge: 0, bothedge: 0
22.0.N: Trace Attempt  5	[0.13 s]
22.0.Ht: Trace Attempt  5	[0.13 s]
22.0.B: Trace Attempt  3	[0.08 s]
22.0.AM: Proofgrid shell started at 3518918@caddy15.stanford.edu(local) jg_3514426_caddy15.stanford.edu_23
22.0.AM: clocks: 1, declared: 1, looping: 0, posedge: 1, negedge: 0, noedge: 0, bothedge: 0
22.0.B: Trace Attempt  4	[0.09 s]
22.0.AM: Last scan. Per property time limit: 0s
22.0.AM: Starting proof for property "CS_div_fsm_s13_23"	[0.00 s].
22.0.AM: Trace Attempt  1	[0.00 s]
22.0.AM: Trace Attempt  2	[0.01 s]
22.0.Mpcustom4: Trace Attempt  1	[0.13 s]
22.0.AM: Trace Attempt  3	[0.03 s]
22.0.Mpcustom4: Trace Attempt  2	[0.18 s]
22.0.AM: Trace Attempt  4	[0.06 s]
22.0.Oh: bwd trail(1): 1 0.108503s
22.0.Oh: All properties either determined or skipped. [0.14 s]
22.0.Oh: Exited with Success (@ 0.28 s)
22.0.Oh: Completed, Restart ignored.
22.0.AM: Trace Attempt  5	[0.08 s]
22.0.B: Trace Attempt  5	[0.23 s]
22.0.Mpcustom4: Trace Attempt  3	[0.74 s]
22.0.Mpcustom4: Trace Attempt  3	[0.79 s]
22.0.Mpcustom4: Trace Attempt  4	[0.81 s]
22.0.Mpcustom4: Trace Attempt  4	[0.87 s]
22.0.Mpcustom4: Trace Attempt  5	[0.89 s]
22.0.Ht: Trace Attempt 43	[4.28 s]
22.0.AM: Trace Attempt  1	[4.14 s]
22.0.B: Trace Attempt 49	[4.25 s]
22.0.AM: Trace Attempt  2	[4.17 s]
22.0.AM: Trace Attempt  3	[4.17 s]
22.0.AM: Trace Attempt  5	[4.18 s]
22.0.N: Trace Attempt 30	[4.55 s]
22.0.Mpcustom4: Trace Attempt 26	[5.49 s]
22.0.AM: Trace Attempt  1	[6.65 s]
22.0.AM: Trace Attempt  2	[6.70 s]
22.0.AM: Trace Attempt  3	[6.71 s]
22.0.AM: Trace Attempt  5	[6.72 s]
22.0.N: Trace Attempt 36	[9.85 s]
22.0.N: Trace Attempt  1	[10.54 s]
22.0.N: Trace Attempt  2	[10.57 s]
22.0.N: Trace Attempt  3	[10.57 s]
22.0.N: Trace Attempt  5	[10.59 s]
22.0.Mpcustom4: Trace Attempt 32	[13.96 s]
22.0.N: Trace Attempt 62	[16.90 s]
22.0.N: Requesting engine job to stop
22.0.B: Requesting engine job to stop
22.0.AM: Requesting engine job to stop
22.0.Hp: Requesting engine job to terminate
22.0.Ht: Requesting engine job to terminate
22.0.Mpcustom4: Requesting engine job to terminate
INFO (IPF144): 22: Initiating shutdown of proof [17.13 s]
22.0.B: Trace Attempt 63	[5.82 s]
22.0.B: A trace with 63 cycles was found. [16.98 s]
INFO (IPF047): 22.0.B: The cover property "CS_div_fsm_s13_23" was covered in 63 cycles in 17.02 s.
22.0.B: Stopped processing property "CS_div_fsm_s13_23"	[17.04 s].
22.0.B: All properties determined. [17.01 s]
22.0.B: Exited with Success (@ 17.14 s)
22: ProofGrid usable level: 0
22.0.N: Stopped processing property "CS_div_fsm_s13_23"	[17.13 s].
22.0.N: All properties determined. [17.14 s]
22.0.N: Exited with Success (@ 17.19 s)
22.0.Mpcustom4: Trace Attempt 35	[16.09 s]
22.0.Mpcustom4: All properties determined. [17.24 s]
22.0.Mpcustom4: Exited with Success (@ 17.35 s)
22.0.AM: Trace Attempt 57	[9.83 s]
22.0.AM: Stopped processing property "CS_div_fsm_s13_23"	[17.39 s].
22.0.AM: All properties determined. [17.40 s]
22.0.AM: Exited with Success (@ 17.88 s)
22.0.Ht: Interrupted (multi)
22.0.Ht: Trace Attempt 63	[6.68 s]
22.0.Ht: All properties determined. [18.08 s]
22.0.Hp: Sending SIGKILL
22.0.Ht: Sending SIGKILL
22.0.Ht: Exited with Success (@ 19.21 s)
22.0.Hp: Terminated by signal SIGKILL (@ 19.23 s)
22: --------------------------------------------------------------
ProofGrid Summary (utilization 99.13 %)
--------------------------------------------------------------
     engines started                               :     7
     engine jobs started                           :     7

    Average time in state (seconds)
    ------------------------------------------------------
    Engine  Pending     Running        Dead    Utilization
    ------------------------------------------------------
      N        0.11       17.12        0.00       99.36 %
     Hp        0.08       17.12        0.00       99.51 %
     Ht        0.11       17.08        0.00       99.39 %
    Mpcustom4        0.13       17.04        0.00       99.23 %
     Oh        0.16        0.14        0.00       46.32 %
      B        0.10       17.04        0.00       99.41 %
     AM        0.20       16.93        0.00       98.83 %
    all        0.13       14.64        0.00       99.13 %

    Total time in state (seconds)
    -----------------------------------------
            Pending     Running        Dead  
    -----------------------------------------
               0.90      102.46        0.00

    Data read    : 179.34 kiB
    Data written : 88.63 kiB

22: All pending notifications were processed.
INFO (IPF059): 22: Completed proof on task: "mytask"
cover -name CS_div_fsm_s13_24 {@(posedge clk_i) !div_fsm_s13 ##1 div_fsm_s13 [*24] ##1 !div_fsm_s13 }
INFO (IPF036): Starting proof on task: "mytask", 1 properties to prove with 0 already proven/unreachable
INFO (IPF031): Settings used for proof thread 23:
    orchestration                 = on (auto)
    time_limit                    = 600s
    per_property_time_limit       = 1s * 10 ^ scan
    engine_mode                   = auto
    proofgrid_per_engine_max_jobs = 1
    max engine jobs               = auto
    proofgrid_mode                = local
    proofgrid_restarts            = 10
23: Using multistage preprocessing
23: Starting reduce
23: Finished reduce in 0.043s
23.0.PRE: Performing Proof Simplification...
23.0.N: clocks: 1, declared: 1, looping: 0, posedge: 1, negedge: 0, noedge: 0, bothedge: 0
23.0.N: Proof Simplification Iteration 1	[0.00 s]
23.0.N: Proof Simplification Iteration 2	[0.04 s]
23.0.N: Proof Simplification Iteration 3	[0.06 s]
23.0.N: Proof Simplification Iteration 4	[0.07 s]
23.0.N: Proof Simplification Iteration 5	[0.09 s]
23.0.N: Proof Simplification Iteration 6	[0.11 s]
23.0.N: Proof Simplification Iteration 7	[0.13 s]
23.0.N: Proof Simplification Iteration 8	[0.15 s]
23.0.N: Proof Simplification Iteration 9	[0.17 s]
23.0.N: Proof Simplification Iteration 10	[0.19 s]
23.0.PRE: Proof Simplification completed in 0.23 s
23: About to start ProofGrid in its own thread with a limit of 10000 pending notifications and a limit of 10 traces.
23: =============================== ProofGrid start ===============================
23: ProofGrid usable level: 1
23: Initial ProofGrid level: 1
23: ProofGrid is starting event handling
23.0.N: caddy15.stanford.edu: "Rocky Linux 8.10 (Green Obsidian)" is an unsupported operating system.
23.0.Hp: caddy15.stanford.edu: "Rocky Linux 8.10 (Green Obsidian)" is an unsupported operating system.
23.0.Mpcustom4: caddy15.stanford.edu: "Rocky Linux 8.10 (Green Obsidian)" is an unsupported operating system.
23.0.Ht: caddy15.stanford.edu: "Rocky Linux 8.10 (Green Obsidian)" is an unsupported operating system.
23.0.N: Proofgrid shell started at 3518959@caddy15.stanford.edu(local) jg_3514426_caddy15.stanford.edu_24
23.0.Hp: Proofgrid shell started at 3518960@caddy15.stanford.edu(local) jg_3514426_caddy15.stanford.edu_24
23.0.N: clocks: 1, declared: 1, looping: 0, posedge: 1, negedge: 0, noedge: 0, bothedge: 0
23.0.Hp: clocks: 1, declared: 1, looping: 0, posedge: 1, negedge: 0, noedge: 0, bothedge: 0
23.0.N: Last scan. Per property time limit: 0s
23.0.N: Starting proof for property "CS_div_fsm_s13_24"	[0.00 s].
23.0.Mpcustom4: Proofgrid shell started at 3518986@caddy15.stanford.edu(local) jg_3514426_caddy15.stanford.edu_24
23.0.Oh: caddy15.stanford.edu: "Rocky Linux 8.10 (Green Obsidian)" is an unsupported operating system.
23.0.N: Trace Attempt  1	[0.01 s]
23.0.N: Trace Attempt  2	[0.01 s]
23.0.N: Trace Attempt  3	[0.01 s]
23.0.B: caddy15.stanford.edu: "Rocky Linux 8.10 (Green Obsidian)" is an unsupported operating system.
23.0.Mpcustom4: clocks: 1, declared: 1, looping: 0, posedge: 1, negedge: 0, noedge: 0, bothedge: 0
23.0.AM: caddy15.stanford.edu: "Rocky Linux 8.10 (Green Obsidian)" is an unsupported operating system.
23.0.Ht: Proofgrid shell started at 3518982@caddy15.stanford.edu(local) jg_3514426_caddy15.stanford.edu_24
23.0.N: Trace Attempt  3	[0.08 s]
23.0.Ht: clocks: 1, declared: 1, looping: 0, posedge: 1, negedge: 0, noedge: 0, bothedge: 0
23.0.Mpcustom4: Trace Attempt  1	[0.07 s]
23.0.B: Proofgrid shell started at 3519021@caddy15.stanford.edu(local) jg_3514426_caddy15.stanford.edu_24
23.0.Mpcustom4: Trace Attempt  2	[0.09 s]
23.0.N: Trace Attempt  4	[0.10 s]
23.0.N: Trace Attempt  5	[0.10 s]
23.0.Ht: Trace Attempt  1	[0.05 s]
23.0.Ht: Trace Attempt  2	[0.05 s]
23.0.Ht: Trace Attempt  3	[0.05 s]
23.0.Ht: Trace Attempt  4	[0.06 s]
23.0.B: clocks: 1, declared: 1, looping: 0, posedge: 1, negedge: 0, noedge: 0, bothedge: 0
23.0.AM: Proofgrid shell started at 3519027@caddy15.stanford.edu(local) jg_3514426_caddy15.stanford.edu_24
23.0.Ht: Trace Attempt  5	[0.06 s]
23.0.B: Last scan. Per property time limit: 0s
23.0.B: Starting proof for property "CS_div_fsm_s13_24"	[0.00 s].
23.0.AM: clocks: 1, declared: 1, looping: 0, posedge: 1, negedge: 0, noedge: 0, bothedge: 0
23.0.B: Trace Attempt  1	[0.01 s]
23.0.AM: Last scan. Per property time limit: 0s
23.0.AM: Starting proof for property "CS_div_fsm_s13_24"	[0.00 s].
23.0.AM: Trace Attempt  1	[0.00 s]
23.0.AM: Trace Attempt  2	[0.01 s]
23.0.B: Trace Attempt  2	[0.03 s]
23.0.AM: Trace Attempt  3	[0.03 s]
23.0.B: Trace Attempt  3	[0.04 s]
23.0.B: Trace Attempt  4	[0.06 s]
23.0.AM: Trace Attempt  4	[0.06 s]
23.0.AM: Trace Attempt  5	[0.08 s]
23.0.N: Trace Attempt  5	[0.24 s]
23.0.Oh: Proofgrid shell started at 3519006@caddy15.stanford.edu(local) jg_3514426_caddy15.stanford.edu_24
23.0.Oh: clocks: 1, declared: 1, looping: 0, posedge: 1, negedge: 0, noedge: 0, bothedge: 0
23.0.B: Trace Attempt  5	[0.14 s]
23.0.Oh: bwd trail(1): 1 0.11426s
23.0.Oh: All properties either determined or skipped. [0.24 s]
23.0.Oh: Exited with Success (@ 0.52 s)
23.0.Oh: Completed, Restart ignored.
23.0.Mpcustom4: Trace Attempt  3	[0.64 s]
23.0.Mpcustom4: Trace Attempt  3	[0.68 s]
23.0.Mpcustom4: Trace Attempt  4	[0.71 s]
23.0.Mpcustom4: Trace Attempt  4	[0.76 s]
23.0.Mpcustom4: Trace Attempt  5	[0.79 s]
23.0.B: Trace Attempt 45	[4.14 s]
23.0.N: Trace Attempt 27	[4.32 s]
23.0.Ht: Trace Attempt 44	[4.62 s]
23.0.AM: Trace Attempt 37	[4.67 s]
23.0.AM: Trace Attempt  1	[5.05 s]
23.0.AM: Trace Attempt  2	[5.11 s]
23.0.AM: Trace Attempt  3	[5.11 s]
23.0.AM: Trace Attempt  5	[5.13 s]
23.0.Mpcustom4: Trace Attempt 28	[5.46 s]
23.0.N: Trace Attempt 36	[8.59 s]
23.0.AM: Trace Attempt  1	[9.29 s]
23.0.AM: Trace Attempt  2	[9.31 s]
23.0.AM: Trace Attempt  3	[9.32 s]
23.0.AM: Trace Attempt  5	[9.33 s]
23.0.Mpcustom4: Trace Attempt 37	[9.89 s]
23.0.N: Trace Attempt  1	[11.59 s]
23.0.N: Trace Attempt  2	[11.62 s]
23.0.N: Trace Attempt  3	[11.63 s]
23.0.N: Trace Attempt  5	[11.64 s]
23.0.Mpcustom4: Trace Attempt 47	[14.14 s]
23.0.N: Trace Attempt 61	[16.88 s]
23.0.Mpcustom4: Trace Attempt 55	[18.60 s]
23.0.N: Requesting engine job to stop
23.0.B: Requesting engine job to stop
23.0.AM: Requesting engine job to stop
23.0.Hp: Requesting engine job to terminate
23.0.Ht: Requesting engine job to terminate
23.0.Mpcustom4: Requesting engine job to terminate
INFO (IPF144): 23: Initiating shutdown of proof [18.96 s]
23.0.B: Trace Attempt 64	[6.23 s]
23.0.B: A trace with 64 cycles was found. [18.77 s]
INFO (IPF047): 23.0.B: The cover property "CS_div_fsm_s13_24" was covered in 64 cycles in 18.81 s.
23: ProofGrid usable level: 0
23.0.B: Stopped processing property "CS_div_fsm_s13_24"	[18.84 s].
23.0.B: All properties determined. [18.79 s]
23.0.B: Exited with Success (@ 18.98 s)
23.0.N: Stopped processing property "CS_div_fsm_s13_24"	[19.02 s].
23.0.N: All properties determined. [19.03 s]
23.0.N: Exited with Success (@ 19.06 s)
23.0.Mpcustom4: Trace Attempt 57	[18.69 s]
23.0.Mpcustom4: All properties determined. [19.28 s]
23.0.Mpcustom4: Exited with Success (@ 19.35 s)
23.0.AM: Trace Attempt 58	[12.57 s]
23.0.AM: Stopped processing property "CS_div_fsm_s13_24"	[19.26 s].
23.0.AM: All properties determined. [19.27 s]
23.0.Hp: Interrupted (multi)
23.0.Hp: All properties determined. [19.64 s]
23.0.AM: Exited with Success (@ 19.65 s)
23.0.Ht: Interrupted (multi)
23.0.Ht: Trace Attempt 57	[6.03 s]
23.0.Ht: All properties determined. [19.73 s]
23.0.Hp: Exited with Success (@ 19.83 s)
23.0.Ht: Exited with Success (@ 20.38 s)
23: --------------------------------------------------------------
ProofGrid Summary (utilization 99.09 %)
--------------------------------------------------------------
     engines started                               :     7
     engine jobs started                           :     7

    Average time in state (seconds)
    ------------------------------------------------------
    Engine  Pending     Running        Dead    Utilization
    ------------------------------------------------------
      N        0.10       18.96        0.00       99.46 %
     Hp        0.09       18.95        0.00       99.55 %
     Ht        0.15       18.87        0.00       99.21 %
    Mpcustom4        0.10       18.92        0.00       99.50 %
     Oh        0.30        0.24        0.00       44.11 %
      B        0.14       18.82        0.00       99.27 %
     AM        0.16       18.80        0.00       99.14 %
    all        0.15       16.22        0.00       99.09 %

    Total time in state (seconds)
    -----------------------------------------
            Pending     Running        Dead  
    -----------------------------------------
               1.04      113.56        0.00

    Data read    : 181.81 kiB
    Data written : 17.61 kiB

23: All pending notifications were processed.
INFO (IPF059): 23: Completed proof on task: "mytask"
cover -name CS_div_fsm_s13_25 {@(posedge clk_i) !div_fsm_s13 ##1 div_fsm_s13 [*25] ##1 !div_fsm_s13 }
INFO (IPF036): Starting proof on task: "mytask", 1 properties to prove with 0 already proven/unreachable
INFO (IPF031): Settings used for proof thread 24:
    orchestration                 = on (auto)
    time_limit                    = 600s
    per_property_time_limit       = 1s * 10 ^ scan
    engine_mode                   = auto
    proofgrid_per_engine_max_jobs = 1
    max engine jobs               = auto
    proofgrid_mode                = local
    proofgrid_restarts            = 10
24: Using multistage preprocessing
24: Starting reduce
24: Finished reduce in 0.042s
24.0.PRE: Performing Proof Simplification...
24.0.N: clocks: 1, declared: 1, looping: 0, posedge: 1, negedge: 0, noedge: 0, bothedge: 0
24.0.N: Proof Simplification Iteration 1	[0.00 s]
24.0.N: Proof Simplification Iteration 2	[0.04 s]
24.0.N: Proof Simplification Iteration 3	[0.06 s]
24.0.N: Proof Simplification Iteration 4	[0.07 s]
24.0.N: Proof Simplification Iteration 5	[0.09 s]
24.0.N: Proof Simplification Iteration 6	[0.11 s]
24.0.N: Proof Simplification Iteration 7	[0.13 s]
24.0.N: Proof Simplification Iteration 8	[0.15 s]
24.0.N: Proof Simplification Iteration 9	[0.17 s]
24.0.N: Proof Simplification Iteration 10	[0.18 s]
24.0.PRE: Proof Simplification completed in 0.23 s
24: About to start ProofGrid in its own thread with a limit of 10000 pending notifications and a limit of 10 traces.
24: =============================== ProofGrid start ===============================
24: ProofGrid usable level: 1
24: Initial ProofGrid level: 1
24: ProofGrid is starting event handling
24.0.N: caddy15.stanford.edu: "Rocky Linux 8.10 (Green Obsidian)" is an unsupported operating system.
24.0.Ht: caddy15.stanford.edu: "Rocky Linux 8.10 (Green Obsidian)" is an unsupported operating system.
24.0.Mpcustom4: caddy15.stanford.edu: "Rocky Linux 8.10 (Green Obsidian)" is an unsupported operating system.
24.0.Hp: caddy15.stanford.edu: "Rocky Linux 8.10 (Green Obsidian)" is an unsupported operating system.
24.0.B: caddy15.stanford.edu: "Rocky Linux 8.10 (Green Obsidian)" is an unsupported operating system.
24.0.Oh: caddy15.stanford.edu: "Rocky Linux 8.10 (Green Obsidian)" is an unsupported operating system.
24.0.AM: caddy15.stanford.edu: "Rocky Linux 8.10 (Green Obsidian)" is an unsupported operating system.
24.0.N: Proofgrid shell started at 3519075@caddy15.stanford.edu(local) jg_3514426_caddy15.stanford.edu_25
24.0.N: clocks: 1, declared: 1, looping: 0, posedge: 1, negedge: 0, noedge: 0, bothedge: 0
24.0.Ht: Proofgrid shell started at 3519077@caddy15.stanford.edu(local) jg_3514426_caddy15.stanford.edu_25
24.0.Mpcustom4: Proofgrid shell started at 3519107@caddy15.stanford.edu(local) jg_3514426_caddy15.stanford.edu_25
24.0.Hp: Proofgrid shell started at 3519076@caddy15.stanford.edu(local) jg_3514426_caddy15.stanford.edu_25
24.0.Ht: clocks: 1, declared: 1, looping: 0, posedge: 1, negedge: 0, noedge: 0, bothedge: 0
24.0.Hp: clocks: 1, declared: 1, looping: 0, posedge: 1, negedge: 0, noedge: 0, bothedge: 0
24.0.Mpcustom4: clocks: 1, declared: 1, looping: 0, posedge: 1, negedge: 0, noedge: 0, bothedge: 0
24.0.N: Last scan. Per property time limit: 0s
24.0.N: Starting proof for property "CS_div_fsm_s13_25"	[0.00 s].
24.0.N: Trace Attempt  1	[0.01 s]
24.0.N: Trace Attempt  2	[0.01 s]
24.0.N: Trace Attempt  3	[0.01 s]
24.0.Oh: Proofgrid shell started at 3519121@caddy15.stanford.edu(local) jg_3514426_caddy15.stanford.edu_25
24.0.B: Proofgrid shell started at 3519134@caddy15.stanford.edu(local) jg_3514426_caddy15.stanford.edu_25
24.0.B: clocks: 1, declared: 1, looping: 0, posedge: 1, negedge: 0, noedge: 0, bothedge: 0
24.0.Oh: clocks: 1, declared: 1, looping: 0, posedge: 1, negedge: 0, noedge: 0, bothedge: 0
24.0.B: Last scan. Per property time limit: 0s
24.0.B: Starting proof for property "CS_div_fsm_s13_25"	[0.00 s].
24.0.Ht: Trace Attempt  1	[0.04 s]
24.0.Ht: Trace Attempt  2	[0.04 s]
24.0.Mpcustom4: Trace Attempt  1	[0.04 s]
24.0.Ht: Trace Attempt  3	[0.04 s]
24.0.AM: Proofgrid shell started at 3519162@caddy15.stanford.edu(local) jg_3514426_caddy15.stanford.edu_25
24.0.B: Trace Attempt  1	[0.01 s]
24.0.N: Trace Attempt  3	[0.04 s]
24.0.Ht: Trace Attempt  4	[0.04 s]
24.0.AM: clocks: 1, declared: 1, looping: 0, posedge: 1, negedge: 0, noedge: 0, bothedge: 0
24.0.B: Trace Attempt  2	[0.02 s]
24.0.Ht: Trace Attempt  5	[0.05 s]
24.0.Mpcustom4: Trace Attempt  2	[0.06 s]
24.0.B: Trace Attempt  3	[0.03 s]
24.0.AM: Last scan. Per property time limit: 0s
24.0.AM: Starting proof for property "CS_div_fsm_s13_25"	[0.00 s].
24.0.N: Trace Attempt  4	[0.06 s]
24.0.N: Trace Attempt  5	[0.06 s]
24.0.AM: Trace Attempt  1	[0.00 s]
24.0.AM: Trace Attempt  2	[0.01 s]
24.0.B: Trace Attempt  4	[0.04 s]
24.0.AM: Trace Attempt  3	[0.03 s]
24.0.B: Trace Attempt  5	[0.07 s]
24.0.AM: Trace Attempt  4	[0.06 s]
24.0.N: Trace Attempt  5	[0.11 s]
24.0.AM: Trace Attempt  5	[0.08 s]
24.0.Oh: bwd trail(1): 1 0.109094s
24.0.Oh: All properties either determined or skipped. [0.13 s]
24.0.Oh: Exited with Success (@ 0.17 s)
24.0.Mpcustom4: Trace Attempt  3	[0.61 s]
24.0.Mpcustom4: Trace Attempt  3	[0.66 s]
24.0.Mpcustom4: Trace Attempt  4	[0.68 s]
24.0.Mpcustom4: Trace Attempt  4	[0.73 s]
24.0.Mpcustom4: Trace Attempt  5	[0.76 s]
24.0.B: Trace Attempt 48	[4.10 s]
24.0.N: Trace Attempt 27	[4.35 s]
24.0.AM: Trace Attempt 38	[4.31 s]
24.0.Ht: Trace Attempt 45	[4.39 s]
24.0.AM: Trace Attempt  1	[4.50 s]
24.0.AM: Trace Attempt  2	[4.53 s]
24.0.AM: Trace Attempt  3	[4.53 s]
24.0.AM: Trace Attempt  5	[4.54 s]
24.0.Mpcustom4: Trace Attempt 29	[5.79 s]
24.0.N: Trace Attempt  1	[7.17 s]
24.0.N: Trace Attempt  2	[7.20 s]
24.0.N: Trace Attempt  3	[7.20 s]
24.0.N: Trace Attempt  5	[7.22 s]
24.0.AM: Trace Attempt  1	[7.49 s]
24.0.AM: Trace Attempt  2	[7.54 s]
24.0.AM: Trace Attempt  3	[7.56 s]
24.0.AM: Trace Attempt  5	[7.59 s]
24.0.Ht: Trace Attempt 55	[8.90 s]
24.0.Mpcustom4: Trace Attempt 36	[10.30 s]
24.0.N: Trace Attempt 63	[12.67 s]
24.0.Mpcustom4: Trace Attempt 42	[15.78 s]
24.0.N: Trace Attempt 64	[18.70 s]
24.0.Mpcustom4: Trace Attempt 46	[20.15 s]
24.0.N: Requesting engine job to stop
24.0.B: Requesting engine job to stop
24.0.AM: Requesting engine job to stop
24.0.Hp: Requesting engine job to terminate
24.0.Ht: Requesting engine job to terminate
24.0.Mpcustom4: Requesting engine job to terminate
INFO (IPF144): 24: Initiating shutdown of proof [20.31 s]
24.0.B: Trace Attempt 65	[6.83 s]
24.0.B: A trace with 65 cycles was found. [20.23 s]
INFO (IPF047): 24.0.B: The cover property "CS_div_fsm_s13_25" was covered in 65 cycles in 20.28 s.
24.0.B: Stopped processing property "CS_div_fsm_s13_25"	[20.31 s].
24.0.B: All properties determined. [20.26 s]
24.0.B: Exited with Success (@ 20.32 s)
24: ProofGrid usable level: 0
24.0.N: Stopped processing property "CS_div_fsm_s13_25"	[20.36 s].
24.0.N: All properties determined. [20.35 s]
24.0.N: Exited with Success (@ 20.38 s)
24.0.AM: Trace Attempt 59	[10.82 s]
24.0.AM: Stopped processing property "CS_div_fsm_s13_25"	[20.54 s].
24.0.Mpcustom4: Trace Attempt 47	[20.17 s]
24.0.Mpcustom4: All properties determined. [20.60 s]
24.0.AM: All properties determined. [20.54 s]
24.0.AM: Exited with Success (@ 20.63 s)
24.0.Hp: Interrupted (multi)
24.0.Hp: All properties determined. [20.86 s]
24.0.Mpcustom4: Exited with Success (@ 20.88 s)
24.0.Hp: Exited with Success (@ 21.18 s)
24.0.Ht: Interrupted (multi)
24.0.Ht: Trace Attempt 65	[9.49 s]
24.0.Ht: All properties determined. [21.75 s]
24.0.Ht: Sending SIGKILL
24.0.Ht: Terminated by signal SIGKILL (@ 22.54 s)
24: --------------------------------------------------------------
ProofGrid Summary (utilization 96.63 %)
--------------------------------------------------------------
     engines started                               :     7
     engine jobs started                           :     7

    Average time in state (seconds)
    ------------------------------------------------------
    Engine  Pending     Running        Dead    Utilization
    ------------------------------------------------------
      N        2.17       20.30        0.00       90.36 %
     Hp        1.11       20.29        0.00       94.82 %
     Ht        0.61       20.29        0.00       97.10 %
    Mpcustom4        0.11       20.29        0.00       99.48 %
     Oh        0.09        0.13        0.00       58.43 %
      B        0.09       20.27        0.00       99.57 %
     AM        0.09       20.24        0.00       99.58 %
    all        0.61       17.40        0.00       96.63 %

    Total time in state (seconds)
    -----------------------------------------
            Pending     Running        Dead  
    -----------------------------------------
               4.25      121.81        0.00

    Data read    : 183.99 kiB
    Data written : 13.69 kiB

24: All pending notifications were processed.
INFO (IPF059): 24: Completed proof on task: "mytask"
cover -name CS_div_fsm_s13_26 {@(posedge clk_i) !div_fsm_s13 ##1 div_fsm_s13 [*26] ##1 !div_fsm_s13 }
INFO (IPF036): Starting proof on task: "mytask", 1 properties to prove with 0 already proven/unreachable
INFO (IPF031): Settings used for proof thread 25:
    orchestration                 = on (auto)
    time_limit                    = 600s
    per_property_time_limit       = 1s * 10 ^ scan
    engine_mode                   = auto
    proofgrid_per_engine_max_jobs = 1
    max engine jobs               = auto
    proofgrid_mode                = local
    proofgrid_restarts            = 10
25: Using multistage preprocessing
25: Starting reduce
25: Finished reduce in 0.044s
25.0.PRE: Performing Proof Simplification...
25.0.N: clocks: 1, declared: 1, looping: 0, posedge: 1, negedge: 0, noedge: 0, bothedge: 0
25.0.N: Proof Simplification Iteration 1	[0.00 s]
25.0.N: Proof Simplification Iteration 2	[0.04 s]
25.0.N: Proof Simplification Iteration 3	[0.06 s]
25.0.N: Proof Simplification Iteration 4	[0.07 s]
25.0.N: Proof Simplification Iteration 5	[0.09 s]
25.0.N: Proof Simplification Iteration 6	[0.11 s]
25.0.N: Proof Simplification Iteration 7	[0.13 s]
25.0.N: Proof Simplification Iteration 8	[0.15 s]
25.0.N: Proof Simplification Iteration 9	[0.17 s]
25.0.N: Proof Simplification Iteration 10	[0.18 s]
25.0.PRE: Proof Simplification completed in 0.23 s
25: About to start ProofGrid in its own thread with a limit of 10000 pending notifications and a limit of 10 traces.
25: =============================== ProofGrid start ===============================
25: ProofGrid usable level: 1
25: Initial ProofGrid level: 1
25: ProofGrid is starting event handling
25.0.N: caddy15.stanford.edu: "Rocky Linux 8.10 (Green Obsidian)" is an unsupported operating system.
25.0.Hp: caddy15.stanford.edu: "Rocky Linux 8.10 (Green Obsidian)" is an unsupported operating system.
25.0.Ht: caddy15.stanford.edu: "Rocky Linux 8.10 (Green Obsidian)" is an unsupported operating system.
25.0.Hp: Proofgrid shell started at 3519322@caddy15.stanford.edu(local) jg_3514426_caddy15.stanford.edu_26
25.0.Mpcustom4: caddy15.stanford.edu: "Rocky Linux 8.10 (Green Obsidian)" is an unsupported operating system.
25.0.Oh: caddy15.stanford.edu: "Rocky Linux 8.10 (Green Obsidian)" is an unsupported operating system.
25.0.N: Proofgrid shell started at 3519321@caddy15.stanford.edu(local) jg_3514426_caddy15.stanford.edu_26
25.0.N: clocks: 1, declared: 1, looping: 0, posedge: 1, negedge: 0, noedge: 0, bothedge: 0
25.0.Hp: clocks: 1, declared: 1, looping: 0, posedge: 1, negedge: 0, noedge: 0, bothedge: 0
25.0.Ht: Proofgrid shell started at 3519344@caddy15.stanford.edu(local) jg_3514426_caddy15.stanford.edu_26
25.0.N: Last scan. Per property time limit: 0s
25.0.N: Starting proof for property "CS_div_fsm_s13_26"	[0.00 s].
25.0.N: Trace Attempt  1	[0.01 s]
25.0.N: Trace Attempt  2	[0.01 s]
25.0.N: Trace Attempt  3	[0.01 s]
25.0.Ht: clocks: 1, declared: 1, looping: 0, posedge: 1, negedge: 0, noedge: 0, bothedge: 0
25.0.Oh: Proofgrid shell started at 3519367@caddy15.stanford.edu(local) jg_3514426_caddy15.stanford.edu_26
25.0.B: caddy15.stanford.edu: "Rocky Linux 8.10 (Green Obsidian)" is an unsupported operating system.
25.0.Mpcustom4: Proofgrid shell started at 3519363@caddy15.stanford.edu(local) jg_3514426_caddy15.stanford.edu_26
25.0.Oh: clocks: 1, declared: 1, looping: 0, posedge: 1, negedge: 0, noedge: 0, bothedge: 0
25.0.Mpcustom4: clocks: 1, declared: 1, looping: 0, posedge: 1, negedge: 0, noedge: 0, bothedge: 0
25.0.N: Trace Attempt  3	[0.08 s]
25.0.Ht: Trace Attempt  1	[0.07 s]
25.0.Ht: Trace Attempt  2	[0.07 s]
25.0.Ht: Trace Attempt  3	[0.07 s]
25.0.Ht: Trace Attempt  4	[0.08 s]
25.0.B: Proofgrid shell started at 3519373@caddy15.stanford.edu(local) jg_3514426_caddy15.stanford.edu_26
25.0.N: Trace Attempt  4	[0.10 s]
25.0.N: Trace Attempt  5	[0.10 s]
25.0.Ht: Trace Attempt  5	[0.10 s]
25.0.AM: caddy15.stanford.edu: "Rocky Linux 8.10 (Green Obsidian)" is an unsupported operating system.
25.0.B: clocks: 1, declared: 1, looping: 0, posedge: 1, negedge: 0, noedge: 0, bothedge: 0
25.0.Mpcustom4: Trace Attempt  1	[0.07 s]
25.0.B: Last scan. Per property time limit: 0s
25.0.B: Starting proof for property "CS_div_fsm_s13_26"	[0.00 s].
25.0.B: Trace Attempt  1	[0.01 s]
25.0.B: Trace Attempt  2	[0.02 s]
25.0.B: Trace Attempt  3	[0.03 s]
25.0.N: Trace Attempt  5	[0.16 s]
25.0.B: Trace Attempt  4	[0.04 s]
25.0.Mpcustom4: Trace Attempt  2	[0.11 s]
25.0.B: Trace Attempt  5	[0.08 s]
25.0.Oh: bwd trail(1): 1 0.113886s
25.0.AM: Proofgrid shell started at 3519397@caddy15.stanford.edu(local) jg_3514426_caddy15.stanford.edu_26
25.0.Oh: All properties either determined or skipped. [0.26 s]
25.0.Oh: Exited with Success (@ 0.36 s)
25.0.Oh: Completed, Restart ignored.
25.0.AM: clocks: 1, declared: 1, looping: 0, posedge: 1, negedge: 0, noedge: 0, bothedge: 0
25.0.AM: Last scan. Per property time limit: 0s
25.0.AM: Starting proof for property "CS_div_fsm_s13_26"	[0.00 s].
25.0.AM: Trace Attempt  1	[0.00 s]
25.0.AM: Trace Attempt  2	[0.01 s]
25.0.AM: Trace Attempt  3	[0.05 s]
25.0.AM: Trace Attempt  4	[0.10 s]
25.0.AM: Trace Attempt  5	[0.15 s]
25.0.Mpcustom4: Trace Attempt  3	[0.67 s]
25.0.Mpcustom4: Trace Attempt  3	[0.71 s]
25.0.Mpcustom4: Trace Attempt  4	[0.74 s]
25.0.Mpcustom4: Trace Attempt  4	[0.79 s]
25.0.Mpcustom4: Trace Attempt  5	[0.82 s]
25.0.B: Trace Attempt 50	[4.13 s]
25.0.Ht: Trace Attempt 46	[4.34 s]
25.0.N: Trace Attempt 29	[4.36 s]
25.0.AM: Trace Attempt 39	[4.18 s]
25.0.Mpcustom4: Trace Attempt 30	[5.13 s]
25.0.AM: Trace Attempt  1	[5.32 s]
25.0.AM: Trace Attempt  2	[5.39 s]
25.0.AM: Trace Attempt  3	[5.39 s]
25.0.AM: Trace Attempt  5	[5.42 s]
25.0.N: Trace Attempt 38	[8.57 s]
25.0.AM: Trace Attempt  1	[8.54 s]
25.0.AM: Trace Attempt  2	[8.57 s]
25.0.AM: Trace Attempt  3	[8.58 s]
25.0.AM: Trace Attempt  5	[8.59 s]
25.0.N: Trace Attempt  1	[9.78 s]
25.0.N: Trace Attempt  2	[9.81 s]
25.0.N: Trace Attempt  3	[9.82 s]
25.0.N: Trace Attempt  5	[9.83 s]
25.0.Mpcustom4: Trace Attempt 39	[9.96 s]
25.0.AM: Trace Attempt 53	[12.61 s]
25.0.N: Trace Attempt 62	[14.14 s]
25.0.Mpcustom4: Trace Attempt 50	[14.23 s]
25.0.N: Requesting engine job to stop
25.0.B: Requesting engine job to stop
25.0.AM: Requesting engine job to stop
25.0.Hp: Requesting engine job to terminate
25.0.Ht: Requesting engine job to terminate
25.0.Mpcustom4: Requesting engine job to terminate
INFO (IPF144): 25: Initiating shutdown of proof [17.81 s]
25.0.B: Trace Attempt 66	[7.07 s]
25.0.B: A trace with 66 cycles was found. [17.59 s]
INFO (IPF047): 25.0.B: The cover property "CS_div_fsm_s13_26" was covered in 66 cycles in 17.64 s.
25.0.B: Stopped processing property "CS_div_fsm_s13_26"	[17.65 s].
25.0.B: All properties determined. [17.62 s]
25.0.B: Exited with Success (@ 17.84 s)
25: ProofGrid usable level: 0
25.0.N: Stopped processing property "CS_div_fsm_s13_26"	[17.85 s].
25.0.N: All properties determined. [17.87 s]
25.0.Mpcustom4: Trace Attempt 51	[14.26 s]
25.0.Mpcustom4: All properties determined. [17.99 s]
25.0.N: Exited with Success (@ 18.15 s)
25.0.Mpcustom4: Exited with Success (@ 18.15 s)
25.0.AM: Trace Attempt 60	[12.79 s]
25.0.AM: Stopped processing property "CS_div_fsm_s13_26"	[17.96 s].
25.0.AM: All properties determined. [17.97 s]
25.0.AM: Exited with Success (@ 18.64 s)
25.0.Ht: Interrupted (multi)
25.0.Ht: Trace Attempt 58	[5.40 s]
25.0.Ht: All properties determined. [18.65 s]
25.0.Hp: Interrupted (multi)
25.0.Hp: All properties determined. [18.87 s]
25.0.Ht: Exited with Success (@ 19.14 s)
25.0.Hp: Exited with Success (@ 19.14 s)
25: --------------------------------------------------------------
ProofGrid Summary (utilization 99.11 %)
--------------------------------------------------------------
     engines started                               :     7
     engine jobs started                           :     7

    Average time in state (seconds)
    ------------------------------------------------------
    Engine  Pending     Running        Dead    Utilization
    ------------------------------------------------------
      N        0.12       17.77        0.00       99.32 %
     Hp        0.06       17.77        0.00       99.66 %
     Ht        0.10       17.74        0.00       99.46 %
    Mpcustom4        0.11       17.69        0.00       99.37 %
     Oh        0.09        0.27        0.00       74.38 %
      B        0.15       17.63        0.00       99.16 %
     AM        0.32       17.42        0.00       98.21 %
    all        0.14       15.18        0.00       99.11 %

    Total time in state (seconds)
    -----------------------------------------
            Pending     Running        Dead  
    -----------------------------------------
               0.95      106.28        0.00

    Data read    : 184.70 kiB
    Data written : 20.73 kiB

25: All pending notifications were processed.
INFO (IPF059): 25: Completed proof on task: "mytask"
cover -name CS_div_fsm_s13_27 {@(posedge clk_i) !div_fsm_s13 ##1 div_fsm_s13 [*27] ##1 !div_fsm_s13 }
INFO (IPF036): Starting proof on task: "mytask", 1 properties to prove with 0 already proven/unreachable
INFO (IPF031): Settings used for proof thread 26:
    orchestration                 = on (auto)
    time_limit                    = 600s
    per_property_time_limit       = 1s * 10 ^ scan
    engine_mode                   = auto
    proofgrid_per_engine_max_jobs = 1
    max engine jobs               = auto
    proofgrid_mode                = local
    proofgrid_restarts            = 10
26: Using multistage preprocessing
26: Starting reduce
26: Finished reduce in 0.042s
26.0.PRE: Performing Proof Simplification...
26.0.N: clocks: 1, declared: 1, looping: 0, posedge: 1, negedge: 0, noedge: 0, bothedge: 0
26.0.N: Proof Simplification Iteration 1	[0.00 s]
26.0.N: Proof Simplification Iteration 2	[0.04 s]
26.0.N: Proof Simplification Iteration 3	[0.06 s]
26.0.N: Proof Simplification Iteration 4	[0.07 s]
26.0.N: Proof Simplification Iteration 5	[0.09 s]
26.0.N: Proof Simplification Iteration 6	[0.11 s]
26.0.N: Proof Simplification Iteration 7	[0.13 s]
26.0.N: Proof Simplification Iteration 8	[0.15 s]
26.0.N: Proof Simplification Iteration 9	[0.17 s]
26.0.N: Proof Simplification Iteration 10	[0.18 s]
26.0.PRE: Proof Simplification completed in 0.23 s
26: About to start ProofGrid in its own thread with a limit of 10000 pending notifications and a limit of 10 traces.
26: =============================== ProofGrid start ===============================
26: ProofGrid usable level: 1
26: Initial ProofGrid level: 1
26: ProofGrid is starting event handling
26.0.N: caddy15.stanford.edu: "Rocky Linux 8.10 (Green Obsidian)" is an unsupported operating system.
26.0.Hp: caddy15.stanford.edu: "Rocky Linux 8.10 (Green Obsidian)" is an unsupported operating system.
26.0.Ht: caddy15.stanford.edu: "Rocky Linux 8.10 (Green Obsidian)" is an unsupported operating system.
26.0.Mpcustom4: caddy15.stanford.edu: "Rocky Linux 8.10 (Green Obsidian)" is an unsupported operating system.
26.0.N: Proofgrid shell started at 3519548@caddy15.stanford.edu(local) jg_3514426_caddy15.stanford.edu_27
26.0.Hp: Proofgrid shell started at 3519549@caddy15.stanford.edu(local) jg_3514426_caddy15.stanford.edu_27
26.0.N: clocks: 1, declared: 1, looping: 0, posedge: 1, negedge: 0, noedge: 0, bothedge: 0
26.0.Hp: clocks: 1, declared: 1, looping: 0, posedge: 1, negedge: 0, noedge: 0, bothedge: 0
26.0.Ht: Proofgrid shell started at 3519571@caddy15.stanford.edu(local) jg_3514426_caddy15.stanford.edu_27
26.0.N: Last scan. Per property time limit: 0s
26.0.N: Starting proof for property "CS_div_fsm_s13_27"	[0.00 s].
26.0.N: Trace Attempt  1	[0.01 s]
26.0.N: Trace Attempt  2	[0.01 s]
26.0.N: Trace Attempt  3	[0.01 s]
26.0.Oh: caddy15.stanford.edu: "Rocky Linux 8.10 (Green Obsidian)" is an unsupported operating system.
26.0.B: caddy15.stanford.edu: "Rocky Linux 8.10 (Green Obsidian)" is an unsupported operating system.
26.0.Ht: clocks: 1, declared: 1, looping: 0, posedge: 1, negedge: 0, noedge: 0, bothedge: 0
26.0.AM: caddy15.stanford.edu: "Rocky Linux 8.10 (Green Obsidian)" is an unsupported operating system.
26.0.Mpcustom4: Proofgrid shell started at 3519590@caddy15.stanford.edu(local) jg_3514426_caddy15.stanford.edu_27
26.0.N: Trace Attempt  3	[0.07 s]
26.0.Ht: Trace Attempt  1	[0.06 s]
26.0.Ht: Trace Attempt  2	[0.06 s]
26.0.Mpcustom4: clocks: 1, declared: 1, looping: 0, posedge: 1, negedge: 0, noedge: 0, bothedge: 0
26.0.Ht: Trace Attempt  3	[0.07 s]
26.0.Ht: Trace Attempt  4	[0.07 s]
26.0.Ht: Trace Attempt  5	[0.08 s]
26.0.Oh: Proofgrid shell started at 3519605@caddy15.stanford.edu(local) jg_3514426_caddy15.stanford.edu_27
26.0.N: Trace Attempt  4	[0.12 s]
26.0.N: Trace Attempt  5	[0.13 s]
26.0.Oh: clocks: 1, declared: 1, looping: 0, posedge: 1, negedge: 0, noedge: 0, bothedge: 0
26.0.Mpcustom4: Trace Attempt  1	[0.07 s]
26.0.B: Proofgrid shell started at 3519607@caddy15.stanford.edu(local) jg_3514426_caddy15.stanford.edu_27
26.0.Mpcustom4: Trace Attempt  2	[0.10 s]
26.0.B: clocks: 1, declared: 1, looping: 0, posedge: 1, negedge: 0, noedge: 0, bothedge: 0
26.0.B: Last scan. Per property time limit: 0s
26.0.B: Starting proof for property "CS_div_fsm_s13_27"	[0.00 s].
26.0.B: Trace Attempt  1	[0.01 s]
26.0.N: Trace Attempt  5	[0.20 s]
26.0.B: Trace Attempt  2	[0.02 s]
26.0.B: Trace Attempt  3	[0.03 s]
26.0.B: Trace Attempt  4	[0.04 s]
26.0.Oh: bwd trail(1): 1 0.112563s
26.0.Oh: All properties either determined or skipped. [0.15 s]
26.0.B: Trace Attempt  5	[0.07 s]
26.0.Oh: Exited with Success (@ 0.30 s)
26.0.Oh: Completed, Restart ignored.
26.0.AM: Proofgrid shell started at 3519612@caddy15.stanford.edu(local) jg_3514426_caddy15.stanford.edu_27
26.0.AM: clocks: 1, declared: 1, looping: 0, posedge: 1, negedge: 0, noedge: 0, bothedge: 0
26.0.AM: Last scan. Per property time limit: 0s
26.0.AM: Starting proof for property "CS_div_fsm_s13_27"	[0.00 s].
26.0.AM: Trace Attempt  1	[0.00 s]
26.0.AM: Trace Attempt  2	[0.01 s]
26.0.AM: Trace Attempt  3	[0.05 s]
26.0.AM: Trace Attempt  4	[0.10 s]
26.0.AM: Trace Attempt  5	[0.15 s]
26.0.Mpcustom4: Trace Attempt  3	[1.35 s]
26.0.Mpcustom4: Trace Attempt  3	[1.45 s]
26.0.Mpcustom4: Trace Attempt  4	[1.50 s]
26.0.Mpcustom4: Trace Attempt  4	[1.62 s]
26.0.Mpcustom4: Trace Attempt  5	[1.67 s]
26.0.B: Trace Attempt 51	[4.18 s]
26.0.Ht: Trace Attempt 47	[4.39 s]
26.0.N: Trace Attempt 29	[4.51 s]
26.0.Mpcustom4: Trace Attempt 26	[5.67 s]
26.0.AM: Trace Attempt 40	[6.54 s]
26.0.AM: Trace Attempt  1	[6.83 s]
26.0.AM: Trace Attempt  2	[6.91 s]
26.0.AM: Trace Attempt  3	[6.92 s]
26.0.AM: Trace Attempt  5	[6.95 s]
26.0.N: Trace Attempt  1	[8.08 s]
26.0.N: Trace Attempt  2	[8.11 s]
26.0.N: Trace Attempt  3	[8.11 s]
26.0.N: Trace Attempt  5	[8.12 s]
26.0.AM: Trace Attempt  1	[9.94 s]
26.0.AM: Trace Attempt  2	[9.96 s]
26.0.AM: Trace Attempt  3	[9.97 s]
26.0.AM: Trace Attempt  5	[9.98 s]
26.0.Mpcustom4: Trace Attempt 31	[10.49 s]
26.0.N: Trace Attempt 56	[12.66 s]
26.0.Mpcustom4: Trace Attempt 31	[16.67 s]
26.0.N: Requesting engine job to stop
26.0.B: Requesting engine job to stop
26.0.AM: Requesting engine job to stop
26.0.Hp: Requesting engine job to terminate
26.0.Ht: Requesting engine job to terminate
26.0.Mpcustom4: Requesting engine job to terminate
INFO (IPF144): 26: Initiating shutdown of proof [19.58 s]
26.0.B: Trace Attempt 67	[6.15 s]
26.0.B: A trace with 67 cycles was found. [19.34 s]
INFO (IPF047): 26.0.B: The cover property "CS_div_fsm_s13_27" was covered in 67 cycles in 19.38 s.
26: ProofGrid usable level: 0
26.0.B: Stopped processing property "CS_div_fsm_s13_27"	[19.39 s].
26.0.B: All properties determined. [19.37 s]
26.0.B: Exited with Success (@ 19.59 s)
26.0.N: Trace Attempt 65	[15.97 s]
26.0.N: Stopped processing property "CS_div_fsm_s13_27"	[19.61 s].
26.0.N: All properties determined. [19.62 s]
26.0.N: Exited with Success (@ 19.78 s)
26.0.Mpcustom4: Trace Attempt 32	[18.72 s]
26.0.Mpcustom4: All properties determined. [19.69 s]
26.0.Mpcustom4: Exited with Success (@ 20.05 s)
26.0.AM: Trace Attempt 61	[12.52 s]
26.0.AM: Stopped processing property "CS_div_fsm_s13_27"	[19.73 s].
26.0.AM: All properties determined. [19.74 s]
26.0.Hp: Interrupted (multi)
26.0.Hp: All properties determined. [20.20 s]
26.0.AM: Exited with Success (@ 20.20 s)
26.0.Ht: Interrupted (multi)
26.0.Ht: Trace Attempt 59	[5.57 s]
26.0.Ht: All properties determined. [20.48 s]
26.0.Hp: Exited with Success (@ 20.51 s)
26.0.Ht: Exited with Success (@ 20.96 s)
26: --------------------------------------------------------------
ProofGrid Summary (utilization 99.13 %)
--------------------------------------------------------------
     engines started                               :     7
     engine jobs started                           :     7

    Average time in state (seconds)
    ------------------------------------------------------
    Engine  Pending     Running        Dead    Utilization
    ------------------------------------------------------
      N        0.11       19.57        0.00       99.45 %
     Hp        0.09       19.57        0.00       99.57 %
     Ht        0.08       19.54        0.00       99.59 %
    Mpcustom4        0.12       19.49        0.00       99.39 %
     Oh        0.13        0.16        0.00       54.12 %
      B        0.18       19.38        0.00       99.06 %
     AM        0.32       19.23        0.00       98.37 %
    all        0.15       16.70        0.00       99.13 %

    Total time in state (seconds)
    -----------------------------------------
            Pending     Running        Dead  
    -----------------------------------------
               1.03      116.92        0.00

    Data read    : 186.37 kiB
    Data written : 27.49 kiB

26: All pending notifications were processed.
INFO (IPF059): 26: Completed proof on task: "mytask"
cover -name CS_div_fsm_s13_28 {@(posedge clk_i) !div_fsm_s13 ##1 div_fsm_s13 [*28] ##1 !div_fsm_s13 }
INFO (IPF036): Starting proof on task: "mytask", 1 properties to prove with 0 already proven/unreachable
INFO (IPF031): Settings used for proof thread 27:
    orchestration                 = on (auto)
    time_limit                    = 600s
    per_property_time_limit       = 1s * 10 ^ scan
    engine_mode                   = auto
    proofgrid_per_engine_max_jobs = 1
    max engine jobs               = auto
    proofgrid_mode                = local
    proofgrid_restarts            = 10
27: Using multistage preprocessing
27: Starting reduce
27: Finished reduce in 0.041s
27.0.PRE: Performing Proof Simplification...
27.0.N: clocks: 1, declared: 1, looping: 0, posedge: 1, negedge: 0, noedge: 0, bothedge: 0
27.0.N: Proof Simplification Iteration 1	[0.00 s]
27.0.N: Proof Simplification Iteration 2	[0.04 s]
27.0.N: Proof Simplification Iteration 3	[0.05 s]
27.0.N: Proof Simplification Iteration 4	[0.07 s]
27.0.N: Proof Simplification Iteration 5	[0.09 s]
27.0.N: Proof Simplification Iteration 6	[0.11 s]
27.0.N: Proof Simplification Iteration 7	[0.13 s]
27.0.N: Proof Simplification Iteration 8	[0.14 s]
27.0.N: Proof Simplification Iteration 9	[0.16 s]
27.0.N: Proof Simplification Iteration 10	[0.18 s]
27.0.PRE: Proof Simplification completed in 0.23 s
27: About to start ProofGrid in its own thread with a limit of 10000 pending notifications and a limit of 10 traces.
27: =============================== ProofGrid start ===============================
27: ProofGrid usable level: 1
27: Initial ProofGrid level: 1
27: ProofGrid is starting event handling
27.0.Hp: caddy15.stanford.edu: "Rocky Linux 8.10 (Green Obsidian)" is an unsupported operating system.
27.0.N: caddy15.stanford.edu: "Rocky Linux 8.10 (Green Obsidian)" is an unsupported operating system.
27.0.Ht: caddy15.stanford.edu: "Rocky Linux 8.10 (Green Obsidian)" is an unsupported operating system.
27.0.Mpcustom4: caddy15.stanford.edu: "Rocky Linux 8.10 (Green Obsidian)" is an unsupported operating system.
27.0.N: Proofgrid shell started at 3519665@caddy15.stanford.edu(local) jg_3514426_caddy15.stanford.edu_28
27.0.Hp: Proofgrid shell started at 3519666@caddy15.stanford.edu(local) jg_3514426_caddy15.stanford.edu_28
27.0.Oh: caddy15.stanford.edu: "Rocky Linux 8.10 (Green Obsidian)" is an unsupported operating system.
27.0.N: clocks: 1, declared: 1, looping: 0, posedge: 1, negedge: 0, noedge: 0, bothedge: 0
27.0.Hp: clocks: 1, declared: 1, looping: 0, posedge: 1, negedge: 0, noedge: 0, bothedge: 0
27.0.Ht: Proofgrid shell started at 3519688@caddy15.stanford.edu(local) jg_3514426_caddy15.stanford.edu_28
27.0.N: Last scan. Per property time limit: 0s
27.0.N: Starting proof for property "CS_div_fsm_s13_28"	[0.00 s].
27.0.AM: caddy15.stanford.edu: "Rocky Linux 8.10 (Green Obsidian)" is an unsupported operating system.
27.0.B: caddy15.stanford.edu: "Rocky Linux 8.10 (Green Obsidian)" is an unsupported operating system.
27.0.N: Trace Attempt  1	[0.01 s]
27.0.N: Trace Attempt  2	[0.01 s]
27.0.N: Trace Attempt  3	[0.01 s]
27.0.Ht: clocks: 1, declared: 1, looping: 0, posedge: 1, negedge: 0, noedge: 0, bothedge: 0
27.0.Mpcustom4: Proofgrid shell started at 3519707@caddy15.stanford.edu(local) jg_3514426_caddy15.stanford.edu_28
27.0.Mpcustom4: clocks: 1, declared: 1, looping: 0, posedge: 1, negedge: 0, noedge: 0, bothedge: 0
27.0.N: Trace Attempt  3	[0.04 s]
27.0.Oh: Proofgrid shell started at 3519722@caddy15.stanford.edu(local) jg_3514426_caddy15.stanford.edu_28
27.0.Ht: Trace Attempt  1	[0.04 s]
27.0.Ht: Trace Attempt  2	[0.04 s]
27.0.Ht: Trace Attempt  3	[0.04 s]
27.0.Oh: clocks: 1, declared: 1, looping: 0, posedge: 1, negedge: 0, noedge: 0, bothedge: 0
27.0.Ht: Trace Attempt  4	[0.04 s]
27.0.N: Trace Attempt  4	[0.06 s]
27.0.N: Trace Attempt  5	[0.06 s]
27.0.Ht: Trace Attempt  5	[0.05 s]
27.0.AM: Proofgrid shell started at 3519735@caddy15.stanford.edu(local) jg_3514426_caddy15.stanford.edu_28
27.0.B: Proofgrid shell started at 3519733@caddy15.stanford.edu(local) jg_3514426_caddy15.stanford.edu_28
27.0.Mpcustom4: Trace Attempt  1	[0.04 s]
27.0.B: clocks: 1, declared: 1, looping: 0, posedge: 1, negedge: 0, noedge: 0, bothedge: 0
27.0.AM: clocks: 1, declared: 1, looping: 0, posedge: 1, negedge: 0, noedge: 0, bothedge: 0
27.0.B: Last scan. Per property time limit: 0s
27.0.B: Starting proof for property "CS_div_fsm_s13_28"	[0.00 s].
27.0.AM: Last scan. Per property time limit: 0s
27.0.AM: Starting proof for property "CS_div_fsm_s13_28"	[0.00 s].
27.0.AM: Trace Attempt  1	[0.00 s]
27.0.Mpcustom4: Trace Attempt  2	[0.06 s]
27.0.AM: Trace Attempt  2	[0.01 s]
27.0.B: Trace Attempt  1	[0.01 s]
27.0.B: Trace Attempt  2	[0.02 s]
27.0.B: Trace Attempt  3	[0.02 s]
27.0.AM: Trace Attempt  3	[0.03 s]
27.0.B: Trace Attempt  4	[0.04 s]
27.0.N: Trace Attempt  5	[0.12 s]
27.0.AM: Trace Attempt  4	[0.06 s]
27.0.B: Trace Attempt  5	[0.07 s]
27.0.AM: Trace Attempt  5	[0.08 s]
27.0.Oh: bwd trail(1): 1 0.115218s
27.0.Oh: All properties either determined or skipped. [0.13 s]
27.0.Oh: Exited with Success (@ 0.21 s)
27.0.Mpcustom4: Trace Attempt  3	[0.59 s]
27.0.Mpcustom4: Trace Attempt  3	[0.64 s]
27.0.Mpcustom4: Trace Attempt  4	[0.66 s]
27.0.Mpcustom4: Trace Attempt  4	[0.71 s]
27.0.Mpcustom4: Trace Attempt  5	[0.74 s]
27.0.B: Trace Attempt 51	[4.08 s]
27.0.Ht: Trace Attempt 48	[4.22 s]
27.0.N: Trace Attempt 29	[4.34 s]
27.0.AM: Trace Attempt 41	[4.29 s]
27.0.AM: Trace Attempt  1	[4.51 s]
27.0.AM: Trace Attempt  2	[4.54 s]
27.0.AM: Trace Attempt  3	[4.54 s]
27.0.AM: Trace Attempt  5	[4.55 s]
27.0.Mpcustom4: Trace Attempt 31	[4.85 s]
27.0.AM: Trace Attempt  1	[6.96 s]
27.0.AM: Trace Attempt  2	[6.99 s]
27.0.AM: Trace Attempt  3	[7.00 s]
27.0.AM: Trace Attempt  5	[7.01 s]
27.0.N: Trace Attempt 39	[8.56 s]
27.0.Mpcustom4: Trace Attempt 32	[9.17 s]
27.0.N: Trace Attempt 46	[13.65 s]
27.0.N: Trace Attempt  1	[13.84 s]
27.0.N: Trace Attempt  2	[13.89 s]
27.0.N: Trace Attempt  3	[13.90 s]
27.0.Mpcustom4: Trace Attempt 32	[13.89 s]
27.0.N: Trace Attempt  5	[13.92 s]
27.0.Mpcustom4: Trace Attempt 33	[19.11 s]
27.0.N: Trace Attempt 67	[19.31 s]
27.0.AM: Trace Attempt 66	[21.15 s]
27.0.N: Requesting engine job to stop
27.0.B: Requesting engine job to stop
27.0.AM: Requesting engine job to stop
27.0.Hp: Requesting engine job to terminate
27.0.Ht: Requesting engine job to terminate
27.0.Mpcustom4: Requesting engine job to terminate
INFO (IPF144): 27: Initiating shutdown of proof [23.11 s]
27.0.B: Trace Attempt 68	[6.36 s]
27.0.B: A trace with 68 cycles was found. [22.99 s]
INFO (IPF047): 27.0.B: The cover property "CS_div_fsm_s13_28" was covered in 68 cycles in 23.03 s.
27.0.B: Stopped processing property "CS_div_fsm_s13_28"	[23.07 s].
27.0.B: All properties determined. [23.03 s]
27.0.B: Exited with Success (@ 23.14 s)
27: ProofGrid usable level: 0
27.0.N: Stopped processing property "CS_div_fsm_s13_28"	[23.16 s].
27.0.N: All properties determined. [23.15 s]
27.0.N: Exited with Success (@ 23.18 s)
27.0.AM: Trace Attempt 67	[21.25 s]
27.0.AM: Stopped processing property "CS_div_fsm_s13_28"	[23.18 s].
27.0.AM: All properties determined. [23.18 s]
27.0.AM: Exited with Success (@ 23.29 s)
27.0.Mpcustom4: Trace Attempt 37	[23.04 s]
27.0.Mpcustom4: All properties determined. [23.32 s]
27.0.Mpcustom4: Exited with Success (@ 23.39 s)
27.0.Ht: Interrupted (multi)
27.0.Ht: Trace Attempt 59	[5.29 s]
27.0.Ht: All properties determined. [23.62 s]
27.0.Ht: Exited with Success (@ 23.83 s)
27.0.Hp: Interrupted (multi)
27.0.Hp: All properties determined. [24.25 s]
27.0.Hp: Exited with Success (@ 24.63 s)
27: --------------------------------------------------------------
ProofGrid Summary (utilization 99.59 %)
--------------------------------------------------------------
     engines started                               :     7
     engine jobs started                           :     7

    Average time in state (seconds)
    ------------------------------------------------------
    Engine  Pending     Running        Dead    Utilization
    ------------------------------------------------------
      N        0.10       23.10        0.00       99.55 %
     Hp        0.08       23.10        0.00       99.64 %
     Ht        0.08       23.08        0.00       99.67 %
    Mpcustom4        0.08       23.06        0.00       99.67 %
     Oh        0.08        0.13        0.00       63.18 %
      B        0.08       23.02        0.00       99.66 %
     AM        0.08       23.02        0.00       99.66 %
    all        0.08       19.79        0.00       99.59 %

    Total time in state (seconds)
    -----------------------------------------
            Pending     Running        Dead  
    -----------------------------------------
               0.57      138.53        0.00

    Data read    : 190.80 kiB
    Data written : 14.43 kiB

27: All pending notifications were processed.
INFO (IPF059): 27: Completed proof on task: "mytask"
cover -name CS_div_fsm_s13_29 {@(posedge clk_i) !div_fsm_s13 ##1 div_fsm_s13 [*29] ##1 !div_fsm_s13 }
INFO (IPF036): Starting proof on task: "mytask", 1 properties to prove with 0 already proven/unreachable
INFO (IPF031): Settings used for proof thread 28:
    orchestration                 = on (auto)
    time_limit                    = 600s
    per_property_time_limit       = 1s * 10 ^ scan
    engine_mode                   = auto
    proofgrid_per_engine_max_jobs = 1
    max engine jobs               = auto
    proofgrid_mode                = local
    proofgrid_restarts            = 10
28: Using multistage preprocessing
28: Starting reduce
28: Finished reduce in 0.043s
28.0.PRE: Performing Proof Simplification...
28.0.N: clocks: 1, declared: 1, looping: 0, posedge: 1, negedge: 0, noedge: 0, bothedge: 0
28.0.N: Proof Simplification Iteration 1	[0.00 s]
28.0.N: Proof Simplification Iteration 2	[0.04 s]
28.0.N: Proof Simplification Iteration 3	[0.06 s]
28.0.N: Proof Simplification Iteration 4	[0.07 s]
28.0.N: Proof Simplification Iteration 5	[0.09 s]
28.0.N: Proof Simplification Iteration 6	[0.11 s]
28.0.N: Proof Simplification Iteration 7	[0.13 s]
28.0.N: Proof Simplification Iteration 8	[0.15 s]
28.0.N: Proof Simplification Iteration 9	[0.17 s]
28.0.N: Proof Simplification Iteration 10	[0.18 s]
28.0.PRE: Proof Simplification completed in 0.23 s
28: About to start ProofGrid in its own thread with a limit of 10000 pending notifications and a limit of 10 traces.
28: =============================== ProofGrid start ===============================
28: ProofGrid usable level: 1
28: Initial ProofGrid level: 1
28: ProofGrid is starting event handling
28.0.N: caddy15.stanford.edu: "Rocky Linux 8.10 (Green Obsidian)" is an unsupported operating system.
28.0.Hp: caddy15.stanford.edu: "Rocky Linux 8.10 (Green Obsidian)" is an unsupported operating system.
28.0.Ht: caddy15.stanford.edu: "Rocky Linux 8.10 (Green Obsidian)" is an unsupported operating system.
28.0.Mpcustom4: caddy15.stanford.edu: "Rocky Linux 8.10 (Green Obsidian)" is an unsupported operating system.
28.0.N: Proofgrid shell started at 3521131@caddy15.stanford.edu(local) jg_3514426_caddy15.stanford.edu_29
28.0.N: clocks: 1, declared: 1, looping: 0, posedge: 1, negedge: 0, noedge: 0, bothedge: 0
28.0.Hp: Proofgrid shell started at 3521132@caddy15.stanford.edu(local) jg_3514426_caddy15.stanford.edu_29
28.0.Ht: Proofgrid shell started at 3521155@caddy15.stanford.edu(local) jg_3514426_caddy15.stanford.edu_29
28.0.N: Last scan. Per property time limit: 0s
28.0.N: Starting proof for property "CS_div_fsm_s13_29"	[0.00 s].
28.0.Hp: clocks: 1, declared: 1, looping: 0, posedge: 1, negedge: 0, noedge: 0, bothedge: 0
28.0.Ht: clocks: 1, declared: 1, looping: 0, posedge: 1, negedge: 0, noedge: 0, bothedge: 0
28.0.Oh: caddy15.stanford.edu: "Rocky Linux 8.10 (Green Obsidian)" is an unsupported operating system.
28.0.N: Trace Attempt  1	[0.01 s]
28.0.N: Trace Attempt  2	[0.01 s]
28.0.N: Trace Attempt  3	[0.01 s]
28.0.AM: caddy15.stanford.edu: "Rocky Linux 8.10 (Green Obsidian)" is an unsupported operating system.
28.0.Ht: Trace Attempt  1	[0.04 s]
28.0.Ht: Trace Attempt  2	[0.04 s]
28.0.Mpcustom4: Proofgrid shell started at 3521186@caddy15.stanford.edu(local) jg_3514426_caddy15.stanford.edu_29
28.0.N: Trace Attempt  3	[0.04 s]
28.0.Ht: Trace Attempt  3	[0.04 s]
28.0.Mpcustom4: clocks: 1, declared: 1, looping: 0, posedge: 1, negedge: 0, noedge: 0, bothedge: 0
28.0.Ht: Trace Attempt  4	[0.05 s]
28.0.Ht: Trace Attempt  5	[0.06 s]
28.0.N: Trace Attempt  4	[0.06 s]
28.0.N: Trace Attempt  5	[0.06 s]
28.0.B: caddy15.stanford.edu: "Rocky Linux 8.10 (Green Obsidian)" is an unsupported operating system.
28.0.Oh: Proofgrid shell started at 3521224@caddy15.stanford.edu(local) jg_3514426_caddy15.stanford.edu_29
28.0.Mpcustom4: Trace Attempt  1	[0.04 s]
28.0.AM: Proofgrid shell started at 3521235@caddy15.stanford.edu(local) jg_3514426_caddy15.stanford.edu_29
28.0.Oh: clocks: 1, declared: 1, looping: 0, posedge: 1, negedge: 0, noedge: 0, bothedge: 0
28.0.Mpcustom4: Trace Attempt  2	[0.06 s]
28.0.N: Trace Attempt  5	[0.12 s]
28.0.AM: clocks: 1, declared: 1, looping: 0, posedge: 1, negedge: 0, noedge: 0, bothedge: 0
28.0.B: Proofgrid shell started at 3521228@caddy15.stanford.edu(local) jg_3514426_caddy15.stanford.edu_29
28.0.AM: Last scan. Per property time limit: 0s
28.0.AM: Starting proof for property "CS_div_fsm_s13_29"	[0.00 s].
28.0.AM: Trace Attempt  1	[0.00 s]
28.0.AM: Trace Attempt  2	[0.01 s]
28.0.B: clocks: 1, declared: 1, looping: 0, posedge: 1, negedge: 0, noedge: 0, bothedge: 0
28.0.B: Last scan. Per property time limit: 0s
28.0.B: Starting proof for property "CS_div_fsm_s13_29"	[0.00 s].
28.0.AM: Trace Attempt  3	[0.03 s]
28.0.B: Trace Attempt  1	[0.01 s]
28.0.AM: Trace Attempt  4	[0.06 s]
28.0.B: Trace Attempt  2	[0.04 s]
28.0.Oh: bwd trail(1): 1 0.113362s
28.0.Oh: All properties either determined or skipped. [0.13 s]
28.0.B: Trace Attempt  3	[0.05 s]
28.0.Oh: Exited with Success (@ 0.25 s)
28.0.Oh: Completed, Restart ignored.
28.0.AM: Trace Attempt  5	[0.09 s]
28.0.B: Trace Attempt  4	[0.07 s]
28.0.B: Trace Attempt  5	[0.15 s]
28.0.Mpcustom4: Trace Attempt  3	[0.62 s]
28.0.Mpcustom4: Trace Attempt  3	[0.67 s]
28.0.Mpcustom4: Trace Attempt  4	[0.69 s]
28.0.Mpcustom4: Trace Attempt  4	[0.75 s]
28.0.Mpcustom4: Trace Attempt  5	[0.78 s]
28.0.N: Trace Attempt 26	[4.20 s]
28.0.B: Trace Attempt 49	[4.15 s]
28.0.Ht: Trace Attempt 49	[4.79 s]
28.0.Mpcustom4: Trace Attempt 26	[4.92 s]
28.0.AM: Trace Attempt 42	[5.88 s]
28.0.N: Trace Attempt 42	[9.43 s]
28.0.Mpcustom4: Trace Attempt 37	[9.61 s]
28.0.N: Trace Attempt  1	[11.23 s]
28.0.N: Trace Attempt  2	[11.27 s]
28.0.N: Trace Attempt  3	[11.27 s]
28.0.N: Trace Attempt  5	[11.28 s]
28.0.Mpcustom4: Trace Attempt 47	[14.39 s]
28.0.AM: Trace Attempt  1	[15.30 s]
28.0.AM: Trace Attempt  2	[15.33 s]
28.0.AM: Trace Attempt  3	[15.33 s]
28.0.AM: Trace Attempt  5	[15.35 s]
28.0.N: Trace Attempt 65	[17.88 s]
28.0.AM: Trace Attempt  1	[18.00 s]
28.0.AM: Trace Attempt  2	[18.03 s]
28.0.AM: Trace Attempt  3	[18.03 s]
28.0.AM: Trace Attempt  5	[18.05 s]
28.0.N: Requesting engine job to stop
28.0.B: Requesting engine job to stop
28.0.AM: Requesting engine job to stop
28.0.Hp: Requesting engine job to terminate
28.0.Ht: Requesting engine job to terminate
28.0.Mpcustom4: Requesting engine job to terminate
INFO (IPF144): 28: Initiating shutdown of proof [18.80 s]
28.0.B: Trace Attempt 69	[6.68 s]
28.0.B: A trace with 69 cycles was found. [18.57 s]
INFO (IPF047): 28.0.B: The cover property "CS_div_fsm_s13_29" was covered in 69 cycles in 18.61 s.
28.0.B: Stopped processing property "CS_div_fsm_s13_29"	[18.63 s].
28.0.B: All properties determined. [18.60 s]
28.0.B: Exited with Success (@ 18.81 s)
28: ProofGrid usable level: 0
28.0.AM: Trace Attempt 25	[18.24 s]
28.0.AM: Stopped processing property "CS_div_fsm_s13_29"	[18.67 s].
28.0.AM: All properties determined. [18.65 s]
28.0.AM: Exited with Success (@ 18.84 s)
28.0.N: Stopped processing property "CS_div_fsm_s13_29"	[18.86 s].
28.0.N: All properties determined. [18.85 s]
28.0.N: Exited with Success (@ 18.88 s)
28.0.Mpcustom4: Trace Attempt 54	[16.21 s]
28.0.Mpcustom4: All properties determined. [19.06 s]
28.0.Mpcustom4: Exited with Success (@ 19.42 s)
28.0.Hp: Interrupted (multi)
28.0.Hp: All properties determined. [19.52 s]
28.0.Ht: Interrupted (multi)
28.0.Ht: Trace Attempt 62	[6.16 s]
28.0.Ht: All properties determined. [20.19 s]
28.0.Hp: Exited with Success (@ 20.21 s)
28.0.Ht: Exited with Success (@ 20.37 s)
28: --------------------------------------------------------------
ProofGrid Summary (utilization 99.40 %)
--------------------------------------------------------------
     engines started                               :     7
     engine jobs started                           :     7

    Average time in state (seconds)
    ------------------------------------------------------
    Engine  Pending     Running        Dead    Utilization
    ------------------------------------------------------
      N        0.09       18.79        0.00       99.52 %
     Hp        0.08       18.78        0.00       99.57 %
     Ht        0.06       18.77        0.00       99.67 %
    Mpcustom4        0.08       18.73        0.00       99.55 %
     Oh        0.09        0.14        0.00       59.28 %
      B        0.16       18.63        0.00       99.12 %
     AM        0.11       18.66        0.00       99.44 %
    all        0.10       16.07        0.00       99.40 %

    Total time in state (seconds)
    -----------------------------------------
            Pending     Running        Dead  
    -----------------------------------------
               0.68      112.49        0.00

    Data read    : 189.39 kiB
    Data written : 18.62 kiB

28: All pending notifications were processed.
INFO (IPF059): 28: Completed proof on task: "mytask"
cover -name CS_div_fsm_s13_30 {@(posedge clk_i) !div_fsm_s13 ##1 div_fsm_s13 [*30] ##1 !div_fsm_s13 }
INFO (IPF036): Starting proof on task: "mytask", 1 properties to prove with 0 already proven/unreachable
INFO (IPF031): Settings used for proof thread 29:
    orchestration                 = on (auto)
    time_limit                    = 600s
    per_property_time_limit       = 1s * 10 ^ scan
    engine_mode                   = auto
    proofgrid_per_engine_max_jobs = 1
    max engine jobs               = auto
    proofgrid_mode                = local
    proofgrid_restarts            = 10
29: Using multistage preprocessing
29: Starting reduce
29: Finished reduce in 0.041s
29.0.PRE: Performing Proof Simplification...
29.0.N: clocks: 1, declared: 1, looping: 0, posedge: 1, negedge: 0, noedge: 0, bothedge: 0
29.0.N: Proof Simplification Iteration 1	[0.00 s]
29.0.N: Proof Simplification Iteration 2	[0.04 s]
29.0.N: Proof Simplification Iteration 3	[0.06 s]
29.0.N: Proof Simplification Iteration 4	[0.07 s]
29.0.N: Proof Simplification Iteration 5	[0.09 s]
29.0.N: Proof Simplification Iteration 6	[0.11 s]
29.0.N: Proof Simplification Iteration 7	[0.13 s]
29.0.N: Proof Simplification Iteration 8	[0.15 s]
29.0.N: Proof Simplification Iteration 9	[0.17 s]
29.0.N: Proof Simplification Iteration 10	[0.18 s]
29.0.PRE: Proof Simplification completed in 0.23 s
29: About to start ProofGrid in its own thread with a limit of 10000 pending notifications and a limit of 10 traces.
29: =============================== ProofGrid start ===============================
29: ProofGrid usable level: 1
29: Initial ProofGrid level: 1
29: ProofGrid is starting event handling
29.0.Hp: caddy15.stanford.edu: "Rocky Linux 8.10 (Green Obsidian)" is an unsupported operating system.
29.0.N: caddy15.stanford.edu: "Rocky Linux 8.10 (Green Obsidian)" is an unsupported operating system.
29.0.Ht: caddy15.stanford.edu: "Rocky Linux 8.10 (Green Obsidian)" is an unsupported operating system.
29.0.Hp: Proofgrid shell started at 3522145@caddy15.stanford.edu(local) jg_3514426_caddy15.stanford.edu_30
29.0.N: Proofgrid shell started at 3522144@caddy15.stanford.edu(local) jg_3514426_caddy15.stanford.edu_30
29.0.Mpcustom4: caddy15.stanford.edu: "Rocky Linux 8.10 (Green Obsidian)" is an unsupported operating system.
29.0.Ht: Proofgrid shell started at 3522167@caddy15.stanford.edu(local) jg_3514426_caddy15.stanford.edu_30
29.0.Hp: clocks: 1, declared: 1, looping: 0, posedge: 1, negedge: 0, noedge: 0, bothedge: 0
29.0.N: clocks: 1, declared: 1, looping: 0, posedge: 1, negedge: 0, noedge: 0, bothedge: 0
29.0.N: Last scan. Per property time limit: 0s
29.0.N: Starting proof for property "CS_div_fsm_s13_30"	[0.00 s].
29.0.Ht: clocks: 1, declared: 1, looping: 0, posedge: 1, negedge: 0, noedge: 0, bothedge: 0
29.0.N: Trace Attempt  1	[0.01 s]
29.0.N: Trace Attempt  2	[0.01 s]
29.0.N: Trace Attempt  3	[0.01 s]
29.0.Mpcustom4: Proofgrid shell started at 3522186@caddy15.stanford.edu(local) jg_3514426_caddy15.stanford.edu_30
29.0.Ht: Trace Attempt  1	[0.04 s]
29.0.Ht: Trace Attempt  2	[0.04 s]
29.0.Oh: caddy15.stanford.edu: "Rocky Linux 8.10 (Green Obsidian)" is an unsupported operating system.
29.0.Ht: Trace Attempt  3	[0.05 s]
29.0.N: Trace Attempt  3	[0.04 s]
29.0.Ht: Trace Attempt  4	[0.05 s]
29.0.Mpcustom4: clocks: 1, declared: 1, looping: 0, posedge: 1, negedge: 0, noedge: 0, bothedge: 0
29.0.Ht: Trace Attempt  5	[0.06 s]
29.0.N: Trace Attempt  4	[0.06 s]
29.0.N: Trace Attempt  5	[0.06 s]
29.0.B: caddy15.stanford.edu: "Rocky Linux 8.10 (Green Obsidian)" is an unsupported operating system.
29.0.Mpcustom4: Trace Attempt  1	[0.07 s]
29.0.Oh: Proofgrid shell started at 3522197@caddy15.stanford.edu(local) jg_3514426_caddy15.stanford.edu_30
29.0.N: Trace Attempt  5	[0.12 s]
29.0.Oh: clocks: 1, declared: 1, looping: 0, posedge: 1, negedge: 0, noedge: 0, bothedge: 0
29.0.AM: caddy15.stanford.edu: "Rocky Linux 8.10 (Green Obsidian)" is an unsupported operating system.
29.0.Mpcustom4: Trace Attempt  2	[0.10 s]
29.0.Oh: bwd trail(1): 1 0.109596s
29.0.Oh: All properties either determined or skipped. [0.13 s]
29.0.Oh: Exited with Success (@ 0.30 s)
29.0.Oh: Completed, Restart ignored.
29.0.AM: Proofgrid shell started at 3522206@caddy15.stanford.edu(local) jg_3514426_caddy15.stanford.edu_30
29.0.B: Proofgrid shell started at 3522201@caddy15.stanford.edu(local) jg_3514426_caddy15.stanford.edu_30
29.0.B: clocks: 1, declared: 1, looping: 0, posedge: 1, negedge: 0, noedge: 0, bothedge: 0
29.0.AM: clocks: 1, declared: 1, looping: 0, posedge: 1, negedge: 0, noedge: 0, bothedge: 0
29.0.B: Last scan. Per property time limit: 0s
29.0.B: Starting proof for property "CS_div_fsm_s13_30"	[0.00 s].
29.0.AM: Last scan. Per property time limit: 0s
29.0.AM: Starting proof for property "CS_div_fsm_s13_30"	[0.00 s].
29.0.AM: Trace Attempt  1	[0.00 s]
29.0.AM: Trace Attempt  2	[0.01 s]
29.0.B: Trace Attempt  1	[0.02 s]
29.0.B: Trace Attempt  2	[0.03 s]
29.0.B: Trace Attempt  3	[0.04 s]
29.0.AM: Trace Attempt  3	[0.05 s]
29.0.B: Trace Attempt  4	[0.07 s]
29.0.B: Trace Attempt  5	[0.11 s]
29.0.AM: Trace Attempt  4	[0.11 s]
29.0.AM: Trace Attempt  5	[0.15 s]
29.0.Mpcustom4: Trace Attempt  3	[0.73 s]
29.0.Mpcustom4: Trace Attempt  3	[0.78 s]
29.0.Mpcustom4: Trace Attempt  4	[0.80 s]
29.0.Mpcustom4: Trace Attempt  4	[0.85 s]
29.0.Mpcustom4: Trace Attempt  5	[0.88 s]
29.0.N: Trace Attempt 28	[4.19 s]
29.0.B: Trace Attempt 49	[4.16 s]
29.0.Ht: Trace Attempt 50	[4.82 s]
29.0.Mpcustom4: Trace Attempt 31	[5.45 s]
29.0.AM: Trace Attempt 43	[5.12 s]
29.0.AM: Trace Attempt  1	[5.32 s]
29.0.AM: Trace Attempt  2	[5.35 s]
29.0.AM: Trace Attempt  3	[5.36 s]
29.0.AM: Trace Attempt  5	[5.37 s]
29.0.N: Trace Attempt 39	[8.39 s]
29.0.AM: Trace Attempt  1	[8.45 s]
29.0.AM: Trace Attempt  2	[8.48 s]
29.0.AM: Trace Attempt  3	[8.48 s]
29.0.AM: Trace Attempt  5	[8.49 s]
29.0.Mpcustom4: Trace Attempt 34	[10.18 s]
29.0.N: Trace Attempt 46	[13.81 s]
29.0.Mpcustom4: Trace Attempt 35	[15.48 s]
29.0.N: Trace Attempt  1	[16.48 s]
29.0.N: Trace Attempt  2	[16.51 s]
29.0.N: Trace Attempt  3	[16.52 s]
29.0.N: Trace Attempt  5	[16.53 s]
29.0.N: Trace Attempt 67	[22.86 s]
29.0.AM: Trace Attempt 63	[22.91 s]
29.0.N: Requesting engine job to stop
29.0.B: Requesting engine job to stop
29.0.AM: Requesting engine job to stop
29.0.Hp: Requesting engine job to terminate
29.0.Ht: Requesting engine job to terminate
29.0.Mpcustom4: Requesting engine job to terminate
INFO (IPF144): 29: Initiating shutdown of proof [26.66 s]
29.0.B: Trace Attempt 70	[6.83 s]
29.0.B: A trace with 70 cycles was found. [26.20 s]
INFO (IPF047): 29.0.B: The cover property "CS_div_fsm_s13_30" was covered in 70 cycles in 26.24 s.
29.0.B: Stopped processing property "CS_div_fsm_s13_30"	[26.29 s].
29.0.B: All properties determined. [26.23 s]
29.0.B: Exited with Success (@ 26.68 s)
29: ProofGrid usable level: 0
29.0.N: Stopped processing property "CS_div_fsm_s13_30"	[26.68 s].
29.0.N: All properties determined. [26.68 s]
29.0.N: Exited with Success (@ 26.74 s)
29.0.Mpcustom4: Trace Attempt 35	[19.04 s]
29.0.Mpcustom4: All properties determined. [26.85 s]
29.0.Mpcustom4: Exited with Success (@ 26.96 s)
29.0.AM: Trace Attempt 69	[23.35 s]
29.0.AM: Stopped processing property "CS_div_fsm_s13_30"	[26.52 s].
29.0.AM: All properties determined. [26.53 s]
29.0.AM: Exited with Success (@ 27.48 s)
29.0.Hp: Sending SIGKILL
29.0.Ht: Sending SIGKILL
29.0.Hp: Terminated by signal SIGKILL (@ 28.77 s)
29.0.Ht: Trace Attempt 62	[6.23 s]
29.0.Ht: Terminated by signal SIGKILL (@ 28.77 s)
29: --------------------------------------------------------------
ProofGrid Summary (utilization 99.18 %)
--------------------------------------------------------------
     engines started                               :     7
     engine jobs started                           :     7

    Average time in state (seconds)
    ------------------------------------------------------
    Engine  Pending     Running        Dead    Utilization
    ------------------------------------------------------
      N        0.11       26.63        0.00       99.59 %
     Hp        0.08       26.65        0.00       99.69 %
     Ht        0.09       26.62        0.00       99.66 %
    Mpcustom4        0.11       26.58        0.00       99.59 %
     Oh        0.16        0.13        0.00       44.52 %
      B        0.39       26.25        0.00       98.53 %
     AM        0.37       26.25        0.00       98.59 %
    all        0.19       22.73        0.00       99.18 %

    Total time in state (seconds)
    -----------------------------------------
            Pending     Running        Dead  
    -----------------------------------------
               1.32      159.11        0.00

    Data read    : 194.33 kiB
    Data written : 14.82 kiB

29: All pending notifications were processed.
INFO (IPF059): 29: Completed proof on task: "mytask"
cover -name CS_div_fsm_s13_31 {@(posedge clk_i) !div_fsm_s13 ##1 div_fsm_s13 [*31] ##1 !div_fsm_s13 }
INFO (IPF036): Starting proof on task: "mytask", 1 properties to prove with 0 already proven/unreachable
INFO (IPF031): Settings used for proof thread 30:
    orchestration                 = on (auto)
    time_limit                    = 600s
    per_property_time_limit       = 1s * 10 ^ scan
    engine_mode                   = auto
    proofgrid_per_engine_max_jobs = 1
    max engine jobs               = auto
    proofgrid_mode                = local
    proofgrid_restarts            = 10
30: Using multistage preprocessing
30: Starting reduce
30: Finished reduce in 0.041s
30.0.PRE: Performing Proof Simplification...
30.0.N: clocks: 1, declared: 1, looping: 0, posedge: 1, negedge: 0, noedge: 0, bothedge: 0
30.0.N: Proof Simplification Iteration 1	[0.00 s]
30.0.N: Proof Simplification Iteration 2	[0.04 s]
30.0.N: Proof Simplification Iteration 3	[0.05 s]
30.0.N: Proof Simplification Iteration 4	[0.07 s]
30.0.N: Proof Simplification Iteration 5	[0.09 s]
30.0.N: Proof Simplification Iteration 6	[0.11 s]
30.0.N: Proof Simplification Iteration 7	[0.13 s]
30.0.N: Proof Simplification Iteration 8	[0.14 s]
30.0.N: Proof Simplification Iteration 9	[0.16 s]
30.0.N: Proof Simplification Iteration 10	[0.18 s]
30.0.PRE: Proof Simplification completed in 0.23 s
30: About to start ProofGrid in its own thread with a limit of 10000 pending notifications and a limit of 10 traces.
30: =============================== ProofGrid start ===============================
30: ProofGrid usable level: 1
30: Initial ProofGrid level: 1
30: ProofGrid is starting event handling
30.0.Hp: caddy15.stanford.edu: "Rocky Linux 8.10 (Green Obsidian)" is an unsupported operating system.
30.0.N: caddy15.stanford.edu: "Rocky Linux 8.10 (Green Obsidian)" is an unsupported operating system.
30.0.Ht: caddy15.stanford.edu: "Rocky Linux 8.10 (Green Obsidian)" is an unsupported operating system.
30.0.N: Proofgrid shell started at 3522880@caddy15.stanford.edu(local) jg_3514426_caddy15.stanford.edu_31
30.0.Hp: Proofgrid shell started at 3522881@caddy15.stanford.edu(local) jg_3514426_caddy15.stanford.edu_31
30.0.Ht: Proofgrid shell started at 3522918@caddy15.stanford.edu(local) jg_3514426_caddy15.stanford.edu_31
30.0.N: clocks: 1, declared: 1, looping: 0, posedge: 1, negedge: 0, noedge: 0, bothedge: 0
30.0.Hp: clocks: 1, declared: 1, looping: 0, posedge: 1, negedge: 0, noedge: 0, bothedge: 0
30.0.Ht: clocks: 1, declared: 1, looping: 0, posedge: 1, negedge: 0, noedge: 0, bothedge: 0
30.0.N: Last scan. Per property time limit: 0s
30.0.N: Starting proof for property "CS_div_fsm_s13_31"	[0.00 s].
30.0.N: Trace Attempt  1	[0.01 s]
30.0.N: Trace Attempt  2	[0.01 s]
30.0.N: Trace Attempt  3	[0.01 s]
30.0.Ht: Trace Attempt  1	[0.04 s]
30.0.Ht: Trace Attempt  2	[0.04 s]
30.0.Ht: Trace Attempt  3	[0.04 s]
30.0.Ht: Trace Attempt  4	[0.05 s]
30.0.N: Trace Attempt  3	[0.04 s]
30.0.Ht: Trace Attempt  5	[0.06 s]
30.0.Mpcustom4: caddy15.stanford.edu: "Rocky Linux 8.10 (Green Obsidian)" is an unsupported operating system.
30.0.N: Trace Attempt  4	[0.06 s]
30.0.N: Trace Attempt  5	[0.06 s]
30.0.N: Trace Attempt  5	[0.12 s]
30.0.Oh: caddy15.stanford.edu: "Rocky Linux 8.10 (Green Obsidian)" is an unsupported operating system.
30.0.AM: caddy15.stanford.edu: "Rocky Linux 8.10 (Green Obsidian)" is an unsupported operating system.
30.0.B: caddy15.stanford.edu: "Rocky Linux 8.10 (Green Obsidian)" is an unsupported operating system.
30.0.Mpcustom4: Proofgrid shell started at 3522970@caddy15.stanford.edu(local) jg_3514426_caddy15.stanford.edu_31
30.0.Mpcustom4: clocks: 1, declared: 1, looping: 0, posedge: 1, negedge: 0, noedge: 0, bothedge: 0
30.0.Mpcustom4: Trace Attempt  1	[0.04 s]
30.0.Mpcustom4: Trace Attempt  2	[0.06 s]
30.0.Oh: Proofgrid shell started at 3522985@caddy15.stanford.edu(local) jg_3514426_caddy15.stanford.edu_31
30.0.Oh: clocks: 1, declared: 1, looping: 0, posedge: 1, negedge: 0, noedge: 0, bothedge: 0
30.0.B: Proofgrid shell started at 3522989@caddy15.stanford.edu(local) jg_3514426_caddy15.stanford.edu_31
30.0.B: clocks: 1, declared: 1, looping: 0, posedge: 1, negedge: 0, noedge: 0, bothedge: 0
30.0.B: Last scan. Per property time limit: 0s
30.0.B: Starting proof for property "CS_div_fsm_s13_31"	[0.00 s].
30.0.B: Trace Attempt  1	[0.01 s]
30.0.AM: Proofgrid shell started at 3522997@caddy15.stanford.edu(local) jg_3514426_caddy15.stanford.edu_31
30.0.B: Trace Attempt  2	[0.04 s]
30.0.B: Trace Attempt  3	[0.04 s]
30.0.AM: clocks: 1, declared: 1, looping: 0, posedge: 1, negedge: 0, noedge: 0, bothedge: 0
30.0.Oh: bwd trail(1): 1 0.109417s
30.0.Oh: All properties either determined or skipped. [0.14 s]
30.0.B: Trace Attempt  4	[0.07 s]
30.0.AM: Last scan. Per property time limit: 0s
30.0.AM: Starting proof for property "CS_div_fsm_s13_31"	[0.00 s].
30.0.Oh: Exited with Success (@ 0.54 s)
30.0.Oh: Completed, Restart ignored.
30.0.AM: Trace Attempt  1	[0.01 s]
30.0.AM: Trace Attempt  2	[0.01 s]
30.0.AM: Trace Attempt  3	[0.03 s]
30.0.AM: Trace Attempt  4	[0.06 s]
30.0.B: Trace Attempt  5	[0.15 s]
30.0.AM: Trace Attempt  5	[0.08 s]
30.0.Mpcustom4: Trace Attempt  3	[0.59 s]
30.0.Mpcustom4: Trace Attempt  3	[0.64 s]
30.0.Mpcustom4: Trace Attempt  4	[0.66 s]
30.0.Mpcustom4: Trace Attempt  4	[0.71 s]
30.0.Mpcustom4: Trace Attempt  5	[0.74 s]
30.0.Ht: Trace Attempt 47	[4.07 s]
30.0.N: Trace Attempt 23	[4.39 s]
30.0.B: Trace Attempt 50	[4.23 s]
30.0.Mpcustom4: Trace Attempt 27	[4.76 s]
30.0.AM: Trace Attempt 44	[5.01 s]
30.0.AM: Trace Attempt  1	[5.21 s]
30.0.AM: Trace Attempt  2	[5.24 s]
30.0.AM: Trace Attempt  3	[5.24 s]
30.0.AM: Trace Attempt  5	[5.25 s]
30.0.N: Trace Attempt 39	[8.66 s]
30.0.AM: Trace Attempt  1	[8.30 s]
30.0.AM: Trace Attempt  2	[8.33 s]
30.0.AM: Trace Attempt  3	[8.34 s]
30.0.AM: Trace Attempt  5	[8.35 s]
30.0.Mpcustom4: Trace Attempt 35	[8.96 s]
30.0.N: Trace Attempt 42	[13.88 s]
30.0.Mpcustom4: Trace Attempt 43	[14.32 s]
30.0.N: Trace Attempt  1	[15.72 s]
30.0.N: Trace Attempt  2	[15.75 s]
30.0.N: Trace Attempt  3	[15.76 s]
30.0.N: Trace Attempt  5	[15.77 s]
30.0.Mpcustom4: Trace Attempt 52	[18.79 s]
30.0.N: Trace Attempt 69	[22.09 s]
30.0.Mpcustom4: Trace Attempt 61	[22.80 s]
30.0.N: Requesting engine job to stop
30.0.B: Requesting engine job to stop
30.0.AM: Requesting engine job to stop
30.0.Hp: Requesting engine job to terminate
30.0.Ht: Requesting engine job to terminate
30.0.Mpcustom4: Requesting engine job to terminate
INFO (IPF144): 30: Initiating shutdown of proof [24.26 s]
30.0.B: Trace Attempt 71	[6.92 s]
30.0.B: A trace with 71 cycles was found. [23.76 s]
INFO (IPF047): 30.0.B: The cover property "CS_div_fsm_s13_31" was covered in 71 cycles in 23.80 s.
30.0.B: Stopped processing property "CS_div_fsm_s13_31"	[23.84 s].
30.0.B: All properties determined. [23.79 s]
30.0.B: Exited with Success (@ 24.27 s)
30: ProofGrid usable level: 0
30.0.N: Stopped processing property "CS_div_fsm_s13_31"	[24.26 s].
30.0.N: All properties determined. [24.28 s]
30.0.N: Exited with Success (@ 24.33 s)
30.0.AM: Trace Attempt 63	[11.94 s]
30.0.AM: Stopped processing property "CS_div_fsm_s13_31"	[24.03 s].
30.0.AM: All properties determined. [24.03 s]
30.0.AM: Exited with Success (@ 24.63 s)
30.0.Mpcustom4: All properties determined. [24.39 s]
30.0.Hp: Interrupted (multi)
30.0.Hp: All properties determined. [24.73 s]
30.0.Mpcustom4: Exited with Success (@ 24.76 s)
30.0.Hp: Exited with Success (@ 25.14 s)
30.0.Ht: Interrupted (multi)
30.0.Ht: Trace Attempt 62	[6.51 s]
30.0.Ht: All properties determined. [25.23 s]
30.0.Ht: Exited with Success (@ 25.64 s)
30: --------------------------------------------------------------
ProofGrid Summary (utilization 98.77 %)
--------------------------------------------------------------
     engines started                               :     7
     engine jobs started                           :     7

    Average time in state (seconds)
    ------------------------------------------------------
    Engine  Pending     Running        Dead    Utilization
    ------------------------------------------------------
      N        0.10       24.23        0.00       99.58 %
     Hp        0.08       24.23        0.00       99.65 %
     Ht        0.09       24.23        0.00       99.65 %
    Mpcustom4        0.27       24.01        0.00       98.88 %
     Oh        0.38        0.14        0.00       26.97 %
      B        0.43       23.81        0.00       98.21 %
     AM        0.45       23.74        0.00       98.13 %
    all        0.26       20.63        0.00       98.77 %

    Total time in state (seconds)
    -----------------------------------------
            Pending     Running        Dead  
    -----------------------------------------
               1.80      144.39        0.00

    Data read    : 201.72 kiB
    Data written : 21.21 kiB

30: All pending notifications were processed.
INFO (IPF059): 30: Completed proof on task: "mytask"
cover -name CS_div_fsm_s13_32 {@(posedge clk_i) !div_fsm_s13 ##1 div_fsm_s13 [*32] ##1 !div_fsm_s13 }
INFO (IPF036): Starting proof on task: "mytask", 1 properties to prove with 0 already proven/unreachable
INFO (IPF031): Settings used for proof thread 31:
    orchestration                 = on (auto)
    time_limit                    = 600s
    per_property_time_limit       = 1s * 10 ^ scan
    engine_mode                   = auto
    proofgrid_per_engine_max_jobs = 1
    max engine jobs               = auto
    proofgrid_mode                = local
    proofgrid_restarts            = 10
31: Using multistage preprocessing
31: Starting reduce
31: Finished reduce in 0.041s
31.0.PRE: Performing Proof Simplification...
31.0.N: clocks: 1, declared: 1, looping: 0, posedge: 1, negedge: 0, noedge: 0, bothedge: 0
31.0.N: Proof Simplification Iteration 1	[0.00 s]
31.0.N: Proof Simplification Iteration 2	[0.04 s]
31.0.N: Proof Simplification Iteration 3	[0.06 s]
31.0.N: Proof Simplification Iteration 4	[0.07 s]
31.0.N: Proof Simplification Iteration 5	[0.09 s]
31.0.N: Proof Simplification Iteration 6	[0.11 s]
31.0.N: Proof Simplification Iteration 7	[0.13 s]
31.0.N: Proof Simplification Iteration 8	[0.15 s]
31.0.N: Proof Simplification Iteration 9	[0.16 s]
31.0.N: Proof Simplification Iteration 10	[0.18 s]
31.0.PRE: Proof Simplification completed in 0.23 s
31: About to start ProofGrid in its own thread with a limit of 10000 pending notifications and a limit of 10 traces.
31: =============================== ProofGrid start ===============================
31: ProofGrid usable level: 1
31: Initial ProofGrid level: 1
31: ProofGrid is starting event handling
31.0.N: caddy15.stanford.edu: "Rocky Linux 8.10 (Green Obsidian)" is an unsupported operating system.
31.0.Hp: caddy15.stanford.edu: "Rocky Linux 8.10 (Green Obsidian)" is an unsupported operating system.
31.0.Ht: caddy15.stanford.edu: "Rocky Linux 8.10 (Green Obsidian)" is an unsupported operating system.
31.0.N: Proofgrid shell started at 3523506@caddy15.stanford.edu(local) jg_3514426_caddy15.stanford.edu_32
31.0.Hp: Proofgrid shell started at 3523507@caddy15.stanford.edu(local) jg_3514426_caddy15.stanford.edu_32
31.0.Mpcustom4: caddy15.stanford.edu: "Rocky Linux 8.10 (Green Obsidian)" is an unsupported operating system.
31.0.N: clocks: 1, declared: 1, looping: 0, posedge: 1, negedge: 0, noedge: 0, bothedge: 0
31.0.Hp: clocks: 1, declared: 1, looping: 0, posedge: 1, negedge: 0, noedge: 0, bothedge: 0
31.0.Ht: Proofgrid shell started at 3523530@caddy15.stanford.edu(local) jg_3514426_caddy15.stanford.edu_32
31.0.N: Last scan. Per property time limit: 0s
31.0.N: Starting proof for property "CS_div_fsm_s13_32"	[0.00 s].
31.0.N: Trace Attempt  1	[0.01 s]
31.0.N: Trace Attempt  2	[0.01 s]
31.0.N: Trace Attempt  3	[0.01 s]
31.0.Ht: clocks: 1, declared: 1, looping: 0, posedge: 1, negedge: 0, noedge: 0, bothedge: 0
31.0.N: Trace Attempt  3	[0.04 s]
31.0.Ht: Trace Attempt  1	[0.04 s]
31.0.Ht: Trace Attempt  2	[0.04 s]
31.0.Ht: Trace Attempt  3	[0.04 s]
31.0.Ht: Trace Attempt  4	[0.05 s]
31.0.N: Trace Attempt  4	[0.06 s]
31.0.Ht: Trace Attempt  5	[0.06 s]
31.0.Mpcustom4: Proofgrid shell started at 3523548@caddy15.stanford.edu(local) jg_3514426_caddy15.stanford.edu_32
31.0.N: Trace Attempt  5	[0.06 s]
31.0.B: caddy15.stanford.edu: "Rocky Linux 8.10 (Green Obsidian)" is an unsupported operating system.
31.0.Mpcustom4: clocks: 1, declared: 1, looping: 0, posedge: 1, negedge: 0, noedge: 0, bothedge: 0
31.0.Oh: caddy15.stanford.edu: "Rocky Linux 8.10 (Green Obsidian)" is an unsupported operating system.
31.0.N: Trace Attempt  5	[0.12 s]
31.0.Mpcustom4: Trace Attempt  1	[0.04 s]
31.0.Mpcustom4: Trace Attempt  2	[0.06 s]
31.0.AM: caddy15.stanford.edu: "Rocky Linux 8.10 (Green Obsidian)" is an unsupported operating system.
31.0.B: Proofgrid shell started at 3523563@caddy15.stanford.edu(local) jg_3514426_caddy15.stanford.edu_32
31.0.Oh: Proofgrid shell started at 3523556@caddy15.stanford.edu(local) jg_3514426_caddy15.stanford.edu_32
31.0.B: clocks: 1, declared: 1, looping: 0, posedge: 1, negedge: 0, noedge: 0, bothedge: 0
31.0.B: Last scan. Per property time limit: 0s
31.0.B: Starting proof for property "CS_div_fsm_s13_32"	[0.00 s].
31.0.Oh: clocks: 1, declared: 1, looping: 0, posedge: 1, negedge: 0, noedge: 0, bothedge: 0
31.0.B: Trace Attempt  1	[0.02 s]
31.0.B: Trace Attempt  2	[0.03 s]
31.0.B: Trace Attempt  3	[0.05 s]
31.0.B: Trace Attempt  4	[0.07 s]
31.0.AM: Proofgrid shell started at 3523565@caddy15.stanford.edu(local) jg_3514426_caddy15.stanford.edu_32
31.0.AM: clocks: 1, declared: 1, looping: 0, posedge: 1, negedge: 0, noedge: 0, bothedge: 0
31.0.AM: Last scan. Per property time limit: 0s
31.0.AM: Starting proof for property "CS_div_fsm_s13_32"	[0.00 s].
31.0.AM: Trace Attempt  1	[0.00 s]
31.0.AM: Trace Attempt  2	[0.01 s]
31.0.B: Trace Attempt  5	[0.15 s]
31.0.AM: Trace Attempt  3	[0.05 s]
31.0.AM: Trace Attempt  4	[0.11 s]
31.0.Oh: bwd trail(1): 1 0.113592s
31.0.Oh: All properties either determined or skipped. [0.26 s]
31.0.Oh: Exited with Success (@ 0.67 s)
31.0.Oh: Completed, Restart ignored.
31.0.AM: Trace Attempt  5	[0.15 s]
31.0.Mpcustom4: Trace Attempt  3	[0.61 s]
31.0.Mpcustom4: Trace Attempt  3	[0.66 s]
31.0.Mpcustom4: Trace Attempt  4	[0.68 s]
31.0.Mpcustom4: Trace Attempt  4	[0.74 s]
31.0.Mpcustom4: Trace Attempt  5	[0.76 s]
31.0.N: Trace Attempt 29	[4.20 s]
31.0.B: Trace Attempt 38	[4.19 s]
31.0.Ht: Trace Attempt 51	[5.03 s]
31.0.Mpcustom4: Trace Attempt 31	[5.33 s]
31.0.AM: Trace Attempt 45	[5.40 s]
31.0.AM: Trace Attempt  1	[5.61 s]
31.0.AM: Trace Attempt  2	[5.64 s]
31.0.AM: Trace Attempt  3	[5.65 s]
31.0.AM: Trace Attempt  5	[5.66 s]
31.0.B: Trace Attempt 72	[8.24 s]
31.0.N: Trace Attempt 41	[8.73 s]
31.0.AM: Trace Attempt  1	[8.67 s]
31.0.AM: Trace Attempt  2	[8.70 s]
31.0.AM: Trace Attempt  3	[8.70 s]
31.0.AM: Trace Attempt  5	[8.71 s]
31.0.Mpcustom4: Trace Attempt 37	[13.08 s]
31.0.AM: Trace Attempt 54	[12.90 s]
31.0.N: Trace Attempt 45	[13.40 s]
31.0.N: Trace Attempt  1	[13.53 s]
31.0.N: Trace Attempt  2	[13.56 s]
31.0.N: Trace Attempt  3	[13.56 s]
31.0.N: Trace Attempt  5	[13.57 s]
31.0.Mpcustom4: Trace Attempt 38	[18.59 s]
31.0.N: Trace Attempt 68	[20.05 s]
31.0.Mpcustom4: Trace Attempt 40	[23.05 s]
31.0.AM: Trace Attempt 60	[23.70 s]
31.0.N: Requesting engine job to stop
31.0.B: Requesting engine job to stop
31.0.AM: Requesting engine job to stop
31.0.Hp: Requesting engine job to terminate
31.0.Ht: Requesting engine job to terminate
31.0.Mpcustom4: Requesting engine job to terminate
INFO (IPF144): 31: Initiating shutdown of proof [26.41 s]
31.0.B: A trace with 72 cycles was found. [25.98 s]
INFO (IPF047): 31.0.B: The cover property "CS_div_fsm_s13_32" was covered in 72 cycles in 26.02 s.
31: ProofGrid usable level: 0
31.0.B: Stopped processing property "CS_div_fsm_s13_32"	[26.03 s].
31.0.B: All properties determined. [26.01 s]
31.0.B: Exited with Success (@ 26.42 s)
31.0.N: Stopped processing property "CS_div_fsm_s13_32"	[26.43 s].
31.0.N: All properties determined. [26.45 s]
31.0.N: Exited with Success (@ 26.65 s)
31.0.Mpcustom4: Trace Attempt 40	[26.20 s]
31.0.Mpcustom4: All properties determined. [26.55 s]
31.0.AM: Trace Attempt 71	[24.36 s]
31.0.AM: Stopped processing property "CS_div_fsm_s13_32"	[26.16 s].
31.0.Mpcustom4: Exited with Success (@ 26.69 s)
31.0.AM: All properties determined. [26.17 s]
31.0.Hp: Interrupted (multi)
31.0.Hp: All properties determined. [27.15 s]
31.0.AM: Exited with Success (@ 27.17 s)
31.0.Hp: Exited with Success (@ 27.48 s)
31.0.Ht: Sending SIGKILL
31.0.Ht: Trace Attempt 60	[6.44 s]
31.0.Ht: Terminated by signal SIGKILL (@ 28.51 s)
31: --------------------------------------------------------------
ProofGrid Summary (utilization 98.98 %)
--------------------------------------------------------------
     engines started                               :     7
     engine jobs started                           :     7

    Average time in state (seconds)
    ------------------------------------------------------
    Engine  Pending     Running        Dead    Utilization
    ------------------------------------------------------
      N        0.11       26.40        0.00       99.60 %
     Hp        0.09       26.39        0.00       99.67 %
     Ht        0.09       26.37        0.00       99.65 %
    Mpcustom4        0.13       26.30        0.00       99.52 %
     Oh        0.40        0.26        0.00       39.93 %
      B        0.34       26.02        0.00       98.70 %
     AM        0.47       25.91        0.00       98.23 %
    all        0.23       22.52        0.00       98.98 %

    Total time in state (seconds)
    -----------------------------------------
            Pending     Running        Dead  
    -----------------------------------------
               1.62      157.65        0.00

    Data read    : 207.30 kiB
    Data written : 49.67 kiB

31: All pending notifications were processed.
INFO (IPF059): 31: Completed proof on task: "mytask"
cover -name CS_div_fsm_s13_33 {@(posedge clk_i) !div_fsm_s13 ##1 div_fsm_s13 [*33] ##1 !div_fsm_s13 }
INFO (IPF036): Starting proof on task: "mytask", 1 properties to prove with 0 already proven/unreachable
INFO (IPF031): Settings used for proof thread 32:
    orchestration                 = on (auto)
    time_limit                    = 600s
    per_property_time_limit       = 1s * 10 ^ scan
    engine_mode                   = auto
    proofgrid_per_engine_max_jobs = 1
    max engine jobs               = auto
    proofgrid_mode                = local
    proofgrid_restarts            = 10
32: Using multistage preprocessing
32: Starting reduce
32: Finished reduce in 0.043s
32.0.PRE: Performing Proof Simplification...
32.0.N: clocks: 1, declared: 1, looping: 0, posedge: 1, negedge: 0, noedge: 0, bothedge: 0
32.0.N: Proof Simplification Iteration 1	[0.00 s]
32.0.N: Proof Simplification Iteration 2	[0.04 s]
32.0.N: Proof Simplification Iteration 3	[0.06 s]
32.0.N: Proof Simplification Iteration 4	[0.07 s]
32.0.N: Proof Simplification Iteration 5	[0.09 s]
32.0.N: Proof Simplification Iteration 6	[0.11 s]
32.0.N: Proof Simplification Iteration 7	[0.13 s]
32.0.N: Proof Simplification Iteration 8	[0.15 s]
32.0.N: Proof Simplification Iteration 9	[0.17 s]
32.0.N: Proof Simplification Iteration 10	[0.18 s]
32.0.PRE: Proof Simplification completed in 0.23 s
32: About to start ProofGrid in its own thread with a limit of 10000 pending notifications and a limit of 10 traces.
32: =============================== ProofGrid start ===============================
32: ProofGrid usable level: 1
32: Initial ProofGrid level: 1
32: ProofGrid is starting event handling
32.0.N: caddy15.stanford.edu: "Rocky Linux 8.10 (Green Obsidian)" is an unsupported operating system.
32.0.Hp: caddy15.stanford.edu: "Rocky Linux 8.10 (Green Obsidian)" is an unsupported operating system.
32.0.Ht: caddy15.stanford.edu: "Rocky Linux 8.10 (Green Obsidian)" is an unsupported operating system.
32.0.Hp: Proofgrid shell started at 3524189@caddy15.stanford.edu(local) jg_3514426_caddy15.stanford.edu_33
32.0.N: Proofgrid shell started at 3524188@caddy15.stanford.edu(local) jg_3514426_caddy15.stanford.edu_33
32.0.Mpcustom4: caddy15.stanford.edu: "Rocky Linux 8.10 (Green Obsidian)" is an unsupported operating system.
32.0.N: clocks: 1, declared: 1, looping: 0, posedge: 1, negedge: 0, noedge: 0, bothedge: 0
32.0.Hp: clocks: 1, declared: 1, looping: 0, posedge: 1, negedge: 0, noedge: 0, bothedge: 0
32.0.Ht: Proofgrid shell started at 3524211@caddy15.stanford.edu(local) jg_3514426_caddy15.stanford.edu_33
32.0.N: Last scan. Per property time limit: 0s
32.0.N: Starting proof for property "CS_div_fsm_s13_33"	[0.00 s].
32.0.Oh: caddy15.stanford.edu: "Rocky Linux 8.10 (Green Obsidian)" is an unsupported operating system.
32.0.N: Trace Attempt  1	[0.01 s]
32.0.N: Trace Attempt  2	[0.01 s]
32.0.N: Trace Attempt  3	[0.01 s]
32.0.Ht: clocks: 1, declared: 1, looping: 0, posedge: 1, negedge: 0, noedge: 0, bothedge: 0
32.0.N: Trace Attempt  3	[0.04 s]
32.0.Oh: Proofgrid shell started at 3524240@caddy15.stanford.edu(local) jg_3514426_caddy15.stanford.edu_33
32.0.N: Trace Attempt  4	[0.06 s]
32.0.N: Trace Attempt  5	[0.06 s]
32.0.Ht: Trace Attempt  1	[0.06 s]
32.0.Ht: Trace Attempt  2	[0.06 s]
32.0.Ht: Trace Attempt  3	[0.06 s]
32.0.Ht: Trace Attempt  4	[0.07 s]
32.0.Oh: clocks: 1, declared: 1, looping: 0, posedge: 1, negedge: 0, noedge: 0, bothedge: 0
32.0.Ht: Trace Attempt  5	[0.07 s]
32.0.Mpcustom4: Proofgrid shell started at 3524230@caddy15.stanford.edu(local) jg_3514426_caddy15.stanford.edu_33
32.0.N: Trace Attempt  5	[0.12 s]
32.0.Mpcustom4: clocks: 1, declared: 1, looping: 0, posedge: 1, negedge: 0, noedge: 0, bothedge: 0
32.0.B: caddy15.stanford.edu: "Rocky Linux 8.10 (Green Obsidian)" is an unsupported operating system.
32.0.AM: caddy15.stanford.edu: "Rocky Linux 8.10 (Green Obsidian)" is an unsupported operating system.
32.0.Mpcustom4: Trace Attempt  1	[0.07 s]
32.0.Oh: bwd trail(1): 1 0.10844s
32.0.Oh: All properties either determined or skipped. [0.13 s]
32.0.Oh: Exited with Success (@ 0.24 s)
32.0.Oh: Completed, Restart ignored.
32.0.Mpcustom4: Trace Attempt  2	[0.09 s]
32.0.B: Proofgrid shell started at 3524242@caddy15.stanford.edu(local) jg_3514426_caddy15.stanford.edu_33
32.0.AM: Proofgrid shell started at 3524250@caddy15.stanford.edu(local) jg_3514426_caddy15.stanford.edu_33
32.0.B: clocks: 1, declared: 1, looping: 0, posedge: 1, negedge: 0, noedge: 0, bothedge: 0
32.0.B: Last scan. Per property time limit: 0s
32.0.B: Starting proof for property "CS_div_fsm_s13_33"	[0.00 s].
32.0.AM: clocks: 1, declared: 1, looping: 0, posedge: 1, negedge: 0, noedge: 0, bothedge: 0
32.0.B: Trace Attempt  1	[0.01 s]
32.0.AM: Last scan. Per property time limit: 0s
32.0.AM: Starting proof for property "CS_div_fsm_s13_33"	[0.00 s].
32.0.AM: Trace Attempt  1	[0.00 s]
32.0.AM: Trace Attempt  2	[0.01 s]
32.0.B: Trace Attempt  2	[0.02 s]
32.0.B: Trace Attempt  3	[0.04 s]
32.0.B: Trace Attempt  4	[0.07 s]
32.0.AM: Trace Attempt  3	[0.06 s]
32.0.AM: Trace Attempt  4	[0.10 s]
32.0.B: Trace Attempt  5	[0.15 s]
32.0.AM: Trace Attempt  5	[0.16 s]
32.0.Mpcustom4: Trace Attempt  3	[0.65 s]
32.0.Mpcustom4: Trace Attempt  3	[0.70 s]
32.0.Mpcustom4: Trace Attempt  4	[0.72 s]
32.0.Mpcustom4: Trace Attempt  4	[0.78 s]
32.0.Mpcustom4: Trace Attempt  5	[0.80 s]
32.0.N: Trace Attempt 27	[4.35 s]
32.0.B: Trace Attempt 46	[4.23 s]
32.0.Ht: Trace Attempt 54	[5.44 s]
32.0.Mpcustom4: Trace Attempt 31	[5.34 s]
32.0.AM: Trace Attempt 46	[6.19 s]
32.0.AM: Trace Attempt  1	[6.41 s]
32.0.AM: Trace Attempt  2	[6.44 s]
32.0.AM: Trace Attempt  3	[6.44 s]
32.0.AM: Trace Attempt  5	[6.46 s]
32.0.N: Trace Attempt 42	[8.77 s]
32.0.AM: Trace Attempt  1	[9.21 s]
32.0.AM: Trace Attempt  2	[9.24 s]
32.0.AM: Trace Attempt  3	[9.25 s]
32.0.AM: Trace Attempt  5	[9.26 s]
32.0.Mpcustom4: Trace Attempt 39	[10.47 s]
32.0.N: Trace Attempt  1	[11.60 s]
32.0.N: Trace Attempt  2	[11.63 s]
32.0.N: Trace Attempt  3	[11.63 s]
32.0.N: Trace Attempt  5	[11.65 s]
32.0.Mpcustom4: Trace Attempt 45	[14.75 s]
32.0.N: Trace Attempt 69	[16.56 s]
32.0.Mpcustom4: Trace Attempt 54	[18.79 s]
32.0.Mpcustom4: Trace Attempt 60	[23.82 s]
32.0.AM: Trace Attempt 61	[24.12 s]
32.0.N: Trace Attempt 72	[25.09 s]
32.0.N: Requesting engine job to stop
32.0.B: Requesting engine job to stop
32.0.AM: Requesting engine job to stop
32.0.Hp: Requesting engine job to terminate
32.0.Ht: Requesting engine job to terminate
32.0.Mpcustom4: Requesting engine job to terminate
INFO (IPF144): 32: Initiating shutdown of proof [27.12 s]
32.0.B: Trace Attempt 73	[7.61 s]
32.0.B: A trace with 73 cycles was found. [26.56 s]
INFO (IPF047): 32.0.B: The cover property "CS_div_fsm_s13_33" was covered in 73 cycles in 26.64 s.
32.0.B: Stopped processing property "CS_div_fsm_s13_33"	[26.67 s].
32.0.B: All properties determined. [26.64 s]
32.0.B: Exited with Success (@ 27.14 s)
32: ProofGrid usable level: 0
32.0.N: Stopped processing property "CS_div_fsm_s13_33"	[27.16 s].
32.0.N: All properties determined. [27.16 s]
32.0.N: Exited with Success (@ 27.20 s)
32.0.Ht: Interrupted (multi)
32.0.Ht: Trace Attempt 61	[6.29 s]
32.0.Ht: All properties determined. [27.26 s]
32.0.Ht: Exited with Success (@ 27.50 s)
32.0.Mpcustom4: Trace Attempt 62	[26.94 s]
32.0.Mpcustom4: All properties determined. [27.36 s]
32.0.Mpcustom4: Exited with Success (@ 27.82 s)
32.0.Hp: Interrupted (multi)
32.0.Hp: All properties determined. [27.82 s]
32.0.Hp: Exited with Success (@ 28.49 s)
32.0.AM: Trace Attempt 72	[24.66 s]
32.0.AM: Stopped processing property "CS_div_fsm_s13_33"	[28.22 s].
32.0.AM: All properties determined. [28.24 s]
32.0.AM: Exited with Success (@ 28.75 s)
32: --------------------------------------------------------------
ProofGrid Summary (utilization 99.14 %)
--------------------------------------------------------------
     engines started                               :     7
     engine jobs started                           :     7

    Average time in state (seconds)
    ------------------------------------------------------
    Engine  Pending     Running        Dead    Utilization
    ------------------------------------------------------
      N        0.10       27.10        0.00       99.61 %
     Hp        0.08       27.10        0.00       99.70 %
     Ht        0.09       27.08        0.00       99.67 %
    Mpcustom4        0.17       26.95        0.00       99.37 %
     Oh        0.10        0.13        0.00       57.07 %
      B        0.43       26.65        0.00       98.42 %
     AM        0.43       26.64        0.00       98.42 %
    all        0.20       23.09        0.00       99.14 %

    Total time in state (seconds)
    -----------------------------------------
            Pending     Running        Dead  
    -----------------------------------------
               1.40      161.65        0.00

    Data read    : 211.68 kiB
    Data written : 33.94 kiB

32: All pending notifications were processed.
INFO (IPF059): 32: Completed proof on task: "mytask"
cover -name CS_div_fsm_s13_34 {@(posedge clk_i) !div_fsm_s13 ##1 div_fsm_s13 [*34] ##1 !div_fsm_s13 }
INFO (IPF036): Starting proof on task: "mytask", 1 properties to prove with 0 already proven/unreachable
INFO (IPF031): Settings used for proof thread 33:
    orchestration                 = on (auto)
    time_limit                    = 600s
    per_property_time_limit       = 1s * 10 ^ scan
    engine_mode                   = auto
    proofgrid_per_engine_max_jobs = 1
    max engine jobs               = auto
    proofgrid_mode                = local
    proofgrid_restarts            = 10
33: Using multistage preprocessing
33: Starting reduce
33: Finished reduce in 0.043s
33.0.PRE: Performing Proof Simplification...
33.0.N: clocks: 1, declared: 1, looping: 0, posedge: 1, negedge: 0, noedge: 0, bothedge: 0
33.0.N: Proof Simplification Iteration 1	[0.00 s]
33.0.N: Proof Simplification Iteration 2	[0.04 s]
33.0.N: Proof Simplification Iteration 3	[0.06 s]
33.0.N: Proof Simplification Iteration 4	[0.07 s]
33.0.N: Proof Simplification Iteration 5	[0.09 s]
33.0.N: Proof Simplification Iteration 6	[0.11 s]
33.0.N: Proof Simplification Iteration 7	[0.13 s]
33.0.N: Proof Simplification Iteration 8	[0.15 s]
33.0.N: Proof Simplification Iteration 9	[0.17 s]
33.0.N: Proof Simplification Iteration 10	[0.18 s]
33.0.PRE: Proof Simplification completed in 0.23 s
33: About to start ProofGrid in its own thread with a limit of 10000 pending notifications and a limit of 10 traces.
33: =============================== ProofGrid start ===============================
33: ProofGrid usable level: 1
33: Initial ProofGrid level: 1
33: ProofGrid is starting event handling
33.0.N: caddy15.stanford.edu: "Rocky Linux 8.10 (Green Obsidian)" is an unsupported operating system.
33.0.Hp: caddy15.stanford.edu: "Rocky Linux 8.10 (Green Obsidian)" is an unsupported operating system.
33.0.Ht: caddy15.stanford.edu: "Rocky Linux 8.10 (Green Obsidian)" is an unsupported operating system.
33.0.Mpcustom4: caddy15.stanford.edu: "Rocky Linux 8.10 (Green Obsidian)" is an unsupported operating system.
33.0.N: Proofgrid shell started at 3524643@caddy15.stanford.edu(local) jg_3514426_caddy15.stanford.edu_34
33.0.Hp: Proofgrid shell started at 3524644@caddy15.stanford.edu(local) jg_3514426_caddy15.stanford.edu_34
33.0.Ht: Proofgrid shell started at 3524666@caddy15.stanford.edu(local) jg_3514426_caddy15.stanford.edu_34
33.0.N: clocks: 1, declared: 1, looping: 0, posedge: 1, negedge: 0, noedge: 0, bothedge: 0
33.0.Hp: clocks: 1, declared: 1, looping: 0, posedge: 1, negedge: 0, noedge: 0, bothedge: 0
33.0.N: Last scan. Per property time limit: 0s
33.0.N: Starting proof for property "CS_div_fsm_s13_34"	[0.00 s].
33.0.N: Trace Attempt  1	[0.01 s]
33.0.Ht: clocks: 1, declared: 1, looping: 0, posedge: 1, negedge: 0, noedge: 0, bothedge: 0
33.0.N: Trace Attempt  2	[0.01 s]
33.0.N: Trace Attempt  3	[0.01 s]
33.0.Ht: Trace Attempt  1	[0.04 s]
33.0.Ht: Trace Attempt  2	[0.04 s]
33.0.Ht: Trace Attempt  3	[0.04 s]
33.0.Mpcustom4: Proofgrid shell started at 3524685@caddy15.stanford.edu(local) jg_3514426_caddy15.stanford.edu_34
33.0.N: Trace Attempt  3	[0.04 s]
33.0.Ht: Trace Attempt  4	[0.05 s]
33.0.N: Trace Attempt  4	[0.06 s]
33.0.N: Trace Attempt  5	[0.06 s]
33.0.Ht: Trace Attempt  5	[0.06 s]
33.0.Mpcustom4: clocks: 1, declared: 1, looping: 0, posedge: 1, negedge: 0, noedge: 0, bothedge: 0
33.0.Mpcustom4: Trace Attempt  1	[0.04 s]
33.0.Mpcustom4: Trace Attempt  2	[0.06 s]
33.0.Oh: caddy15.stanford.edu: "Rocky Linux 8.10 (Green Obsidian)" is an unsupported operating system.
33.0.N: Trace Attempt  5	[0.12 s]
33.0.B: caddy15.stanford.edu: "Rocky Linux 8.10 (Green Obsidian)" is an unsupported operating system.
33.0.AM: caddy15.stanford.edu: "Rocky Linux 8.10 (Green Obsidian)" is an unsupported operating system.
33.0.Oh: Proofgrid shell started at 3524700@caddy15.stanford.edu(local) jg_3514426_caddy15.stanford.edu_34
33.0.Oh: clocks: 1, declared: 1, looping: 0, posedge: 1, negedge: 0, noedge: 0, bothedge: 0
33.0.B: Proofgrid shell started at 3524704@caddy15.stanford.edu(local) jg_3514426_caddy15.stanford.edu_34
33.0.B: clocks: 1, declared: 1, looping: 0, posedge: 1, negedge: 0, noedge: 0, bothedge: 0
33.0.AM: Proofgrid shell started at 3524708@caddy15.stanford.edu(local) jg_3514426_caddy15.stanford.edu_34
33.0.B: Last scan. Per property time limit: 0s
33.0.B: Starting proof for property "CS_div_fsm_s13_34"	[0.00 s].
33.0.B: Trace Attempt  1	[0.01 s]
33.0.Oh: bwd trail(1): 1 0.10815s
33.0.Oh: All properties either determined or skipped. [0.13 s]
33.0.B: Trace Attempt  2	[0.02 s]
33.0.Oh: Exited with Success (@ 0.51 s)
33.0.Oh: Completed, Restart ignored.
33.0.AM: clocks: 1, declared: 1, looping: 0, posedge: 1, negedge: 0, noedge: 0, bothedge: 0
33.0.B: Trace Attempt  3	[0.04 s]
33.0.AM: Last scan. Per property time limit: 0s
33.0.AM: Starting proof for property "CS_div_fsm_s13_34"	[0.00 s].
33.0.AM: Trace Attempt  1	[0.00 s]
33.0.AM: Trace Attempt  2	[0.01 s]
33.0.B: Trace Attempt  4	[0.06 s]
33.0.AM: Trace Attempt  3	[0.04 s]
33.0.B: Trace Attempt  5	[0.14 s]
33.0.AM: Trace Attempt  4	[0.10 s]
33.0.Mpcustom4: Trace Attempt  3	[0.60 s]
33.0.AM: Trace Attempt  5	[0.15 s]
33.0.Mpcustom4: Trace Attempt  3	[0.64 s]
33.0.Mpcustom4: Trace Attempt  4	[0.67 s]
33.0.Mpcustom4: Trace Attempt  4	[0.72 s]
33.0.Mpcustom4: Trace Attempt  5	[0.75 s]
33.0.N: Trace Attempt 29	[4.21 s]
33.0.B: Trace Attempt 49	[4.20 s]
33.0.AM: Trace Attempt 45	[4.72 s]
33.0.Ht: Trace Attempt 54	[5.32 s]
33.0.Mpcustom4: Trace Attempt 31	[5.29 s]
33.0.AM: Trace Attempt  1	[6.95 s]
33.0.AM: Trace Attempt  2	[6.98 s]
33.0.AM: Trace Attempt  3	[6.99 s]
33.0.AM: Trace Attempt  5	[7.00 s]
33.0.N: Trace Attempt 39	[8.71 s]
33.0.B: Trace Attempt 73	[8.39 s]
33.0.Mpcustom4: Trace Attempt 37	[10.56 s]
33.0.AM: Trace Attempt  1	[10.12 s]
33.0.AM: Trace Attempt  2	[10.14 s]
33.0.AM: Trace Attempt  3	[10.15 s]
33.0.AM: Trace Attempt  5	[10.16 s]
33.0.N: Trace Attempt  1	[12.21 s]
33.0.N: Trace Attempt  2	[12.24 s]
33.0.N: Trace Attempt  3	[12.24 s]
33.0.N: Trace Attempt  5	[12.25 s]
33.0.N: Trace Attempt 57	[21.57 s]
33.0.Mpcustom4: Trace Attempt 39	[21.74 s]
33.0.AM: Trace Attempt 63	[24.47 s]
33.0.Mpcustom4: Trace Attempt 44	[26.57 s]
33.0.Ht: Trace Attempt 64	[29.20 s]
33.0.Mpcustom4: Trace Attempt 48	[31.30 s]
33.0.N: Requesting engine job to stop
33.0.B: Requesting engine job to stop
33.0.AM: Requesting engine job to stop
33.0.Hp: Requesting engine job to terminate
33.0.Ht: Requesting engine job to terminate
33.0.Mpcustom4: Requesting engine job to terminate
INFO (IPF144): 33: Initiating shutdown of proof [35.06 s]
33.0.B: Trace Attempt 74	[8.52 s]
33.0.B: A trace with 74 cycles was found. [34.54 s]
INFO (IPF047): 33.0.B: The cover property "CS_div_fsm_s13_34" was covered in 74 cycles in 34.58 s.
33.0.B: Stopped processing property "CS_div_fsm_s13_34"	[34.61 s].
33.0.B: All properties determined. [34.57 s]
33.0.B: Exited with Success (@ 35.07 s)
33: ProofGrid usable level: 0
33.0.Hp: Interrupted (multi)
33.0.Hp: All properties determined. [35.07 s]
33.0.N: Stopped processing property "CS_div_fsm_s13_34"	[35.09 s].
33.0.N: All properties determined. [35.10 s]
33.0.N: Exited with Success (@ 35.14 s)
33.0.Ht: Interrupted (multi)
33.0.Ht: Trace Attempt 74	[29.71 s]
33.0.Ht: All properties determined. [35.30 s]
33.0.Hp: Exited with Success (@ 35.41 s)
33.0.Mpcustom4: Trace Attempt 51	[31.46 s]
33.0.Mpcustom4: All properties determined. [35.34 s]
33.0.Mpcustom4: Exited with Success (@ 35.45 s)
33.0.AM: Trace Attempt 73	[24.99 s]
33.0.AM: Stopped processing property "CS_div_fsm_s13_34"	[35.34 s].
33.0.AM: All properties determined. [35.35 s]
33.0.AM: Exited with Success (@ 35.90 s)
33.0.Ht: Exited with Success (@ 36.00 s)
33: --------------------------------------------------------------
ProofGrid Summary (utilization 99.21 %)
--------------------------------------------------------------
     engines started                               :     7
     engine jobs started                           :     7

    Average time in state (seconds)
    ------------------------------------------------------
    Engine  Pending     Running        Dead    Utilization
    ------------------------------------------------------
      N        0.11       35.05        0.00       99.70 %
     Hp        0.09       35.05        0.00       99.75 %
     Ht        0.07       35.03        0.00       99.81 %
    Mpcustom4        0.10       34.99        0.00       99.71 %
     Oh        0.38        0.13        0.00       26.22 %
      B        0.44       34.58        0.00       98.73 %
     AM        0.48       34.55        0.00       98.63 %
    all        0.24       29.91        0.00       99.21 %

    Total time in state (seconds)
    -----------------------------------------
            Pending     Running        Dead  
    -----------------------------------------
               1.67      209.38        0.00

    Data read    : 216.68 kiB
    Data written : 85.22 kiB

33: All pending notifications were processed.
INFO (IPF059): 33: Completed proof on task: "mytask"
cover -name CS_div_fsm_s13_35 {@(posedge clk_i) !div_fsm_s13 ##1 div_fsm_s13 [*35] ##1 !div_fsm_s13 }
INFO (IPF036): Starting proof on task: "mytask", 1 properties to prove with 0 already proven/unreachable
INFO (IPF031): Settings used for proof thread 34:
    orchestration                 = on (auto)
    time_limit                    = 600s
    per_property_time_limit       = 1s * 10 ^ scan
    engine_mode                   = auto
    proofgrid_per_engine_max_jobs = 1
    max engine jobs               = auto
    proofgrid_mode                = local
    proofgrid_restarts            = 10
34: Using multistage preprocessing
34: Starting reduce
34: Finished reduce in 0.041s
34.0.PRE: Performing Proof Simplification...
34.0.N: clocks: 1, declared: 1, looping: 0, posedge: 1, negedge: 0, noedge: 0, bothedge: 0
34.0.N: Proof Simplification Iteration 1	[0.00 s]
34.0.N: Proof Simplification Iteration 2	[0.04 s]
34.0.N: Proof Simplification Iteration 3	[0.06 s]
34.0.N: Proof Simplification Iteration 4	[0.07 s]
34.0.N: Proof Simplification Iteration 5	[0.09 s]
34.0.N: Proof Simplification Iteration 6	[0.11 s]
34.0.N: Proof Simplification Iteration 7	[0.13 s]
34.0.N: Proof Simplification Iteration 8	[0.15 s]
34.0.N: Proof Simplification Iteration 9	[0.17 s]
34.0.N: Proof Simplification Iteration 10	[0.18 s]
34.0.PRE: Proof Simplification completed in 0.23 s
34: About to start ProofGrid in its own thread with a limit of 10000 pending notifications and a limit of 10 traces.
34: =============================== ProofGrid start ===============================
34: ProofGrid usable level: 1
34: Initial ProofGrid level: 1
34: ProofGrid is starting event handling
34.0.Hp: caddy15.stanford.edu: "Rocky Linux 8.10 (Green Obsidian)" is an unsupported operating system.
34.0.N: caddy15.stanford.edu: "Rocky Linux 8.10 (Green Obsidian)" is an unsupported operating system.
34.0.Ht: caddy15.stanford.edu: "Rocky Linux 8.10 (Green Obsidian)" is an unsupported operating system.
34.0.Mpcustom4: caddy15.stanford.edu: "Rocky Linux 8.10 (Green Obsidian)" is an unsupported operating system.
34.0.Hp: Proofgrid shell started at 3525271@caddy15.stanford.edu(local) jg_3514426_caddy15.stanford.edu_35
34.0.N: Proofgrid shell started at 3525269@caddy15.stanford.edu(local) jg_3514426_caddy15.stanford.edu_35
34.0.Hp: clocks: 1, declared: 1, looping: 0, posedge: 1, negedge: 0, noedge: 0, bothedge: 0
34.0.N: clocks: 1, declared: 1, looping: 0, posedge: 1, negedge: 0, noedge: 0, bothedge: 0
34.0.Ht: Proofgrid shell started at 3525308@caddy15.stanford.edu(local) jg_3514426_caddy15.stanford.edu_35
34.0.N: Last scan. Per property time limit: 0s
34.0.N: Starting proof for property "CS_div_fsm_s13_35"	[0.00 s].
34.0.Ht: clocks: 1, declared: 1, looping: 0, posedge: 1, negedge: 0, noedge: 0, bothedge: 0
34.0.B: caddy15.stanford.edu: "Rocky Linux 8.10 (Green Obsidian)" is an unsupported operating system.
34.0.N: Trace Attempt  1	[0.01 s]
34.0.N: Trace Attempt  2	[0.01 s]
34.0.N: Trace Attempt  3	[0.01 s]
34.0.Mpcustom4: Proofgrid shell started at 3525350@caddy15.stanford.edu(local) jg_3514426_caddy15.stanford.edu_35
34.0.Ht: Trace Attempt  1	[0.04 s]
34.0.Ht: Trace Attempt  2	[0.04 s]
34.0.Ht: Trace Attempt  3	[0.04 s]
34.0.Mpcustom4: clocks: 1, declared: 1, looping: 0, posedge: 1, negedge: 0, noedge: 0, bothedge: 0
34.0.N: Trace Attempt  3	[0.04 s]
34.0.Ht: Trace Attempt  4	[0.04 s]
34.0.Ht: Trace Attempt  5	[0.05 s]
34.0.B: Proofgrid shell started at 3525394@caddy15.stanford.edu(local) jg_3514426_caddy15.stanford.edu_35
34.0.N: Trace Attempt  4	[0.06 s]
34.0.N: Trace Attempt  5	[0.06 s]
34.0.Oh: caddy15.stanford.edu: "Rocky Linux 8.10 (Green Obsidian)" is an unsupported operating system.
34.0.Mpcustom4: Trace Attempt  1	[0.04 s]
34.0.B: clocks: 1, declared: 1, looping: 0, posedge: 1, negedge: 0, noedge: 0, bothedge: 0
34.0.Mpcustom4: Trace Attempt  2	[0.06 s]
34.0.B: Last scan. Per property time limit: 0s
34.0.B: Starting proof for property "CS_div_fsm_s13_35"	[0.00 s].
34.0.B: Trace Attempt  1	[0.01 s]
34.0.B: Trace Attempt  2	[0.02 s]
34.0.B: Trace Attempt  3	[0.03 s]
34.0.Oh: Proofgrid shell started at 3525381@caddy15.stanford.edu(local) jg_3514426_caddy15.stanford.edu_35
34.0.B: Trace Attempt  4	[0.04 s]
34.0.N: Trace Attempt  5	[0.12 s]
34.0.Oh: clocks: 1, declared: 1, looping: 0, posedge: 1, negedge: 0, noedge: 0, bothedge: 0
34.0.B: Trace Attempt  5	[0.08 s]
34.0.AM: caddy15.stanford.edu: "Rocky Linux 8.10 (Green Obsidian)" is an unsupported operating system.
34.0.Oh: bwd trail(1): 1 0.116613s
34.0.Oh: All properties either determined or skipped. [0.29 s]
34.0.Oh: Exited with Success (@ 0.46 s)
34.0.Oh: Completed, Restart ignored.
34.0.AM: Proofgrid shell started at 3525400@caddy15.stanford.edu(local) jg_3514426_caddy15.stanford.edu_35
34.0.AM: clocks: 1, declared: 1, looping: 0, posedge: 1, negedge: 0, noedge: 0, bothedge: 0
34.0.AM: Last scan. Per property time limit: 0s
34.0.AM: Starting proof for property "CS_div_fsm_s13_35"	[0.00 s].
34.0.AM: Trace Attempt  1	[0.00 s]
34.0.AM: Trace Attempt  2	[0.01 s]
34.0.AM: Trace Attempt  3	[0.05 s]
34.0.AM: Trace Attempt  4	[0.11 s]
34.0.Mpcustom4: Trace Attempt  3	[0.62 s]
34.0.AM: Trace Attempt  5	[0.16 s]
34.0.Mpcustom4: Trace Attempt  3	[0.67 s]
34.0.Mpcustom4: Trace Attempt  4	[0.69 s]
34.0.Mpcustom4: Trace Attempt  4	[0.75 s]
34.0.Mpcustom4: Trace Attempt  5	[0.78 s]
34.0.B: Trace Attempt 52	[4.16 s]
34.0.N: Trace Attempt 29	[4.52 s]
34.0.AM: Trace Attempt 44	[4.21 s]
34.0.Ht: Trace Attempt 56	[5.38 s]
34.0.Mpcustom4: Trace Attempt 31	[5.58 s]
34.0.N: Trace Attempt 38	[8.55 s]
34.0.AM: Trace Attempt 48	[8.28 s]
34.0.Mpcustom4: Trace Attempt 37	[10.10 s]
34.0.N: Trace Attempt  1	[11.72 s]
34.0.N: Trace Attempt  2	[11.74 s]
34.0.N: Trace Attempt  3	[11.75 s]
34.0.N: Trace Attempt  5	[11.76 s]
34.0.Mpcustom4: Trace Attempt 52	[14.17 s]
34.0.AM: Trace Attempt 50	[18.77 s]
34.0.AM: Trace Attempt  1	[19.06 s]
34.0.AM: Trace Attempt  2	[19.12 s]
34.0.AM: Trace Attempt  3	[19.12 s]
34.0.AM: Trace Attempt  5	[19.15 s]
34.0.AM: Trace Attempt  1	[23.34 s]
34.0.AM: Trace Attempt  2	[23.40 s]
34.0.AM: Trace Attempt  3	[23.41 s]
34.0.AM: Trace Attempt  5	[23.43 s]
34.0.Mpcustom4: Trace Attempt 56	[24.71 s]
34.0.AM: Trace Attempt 54	[28.14 s]
34.0.Mpcustom4: Trace Attempt 60	[30.35 s]
34.0.N: Requesting engine job to stop
34.0.B: Requesting engine job to stop
34.0.AM: Requesting engine job to stop
34.0.Hp: Requesting engine job to terminate
34.0.Ht: Requesting engine job to terminate
34.0.Mpcustom4: Requesting engine job to terminate
INFO (IPF144): 34: Initiating shutdown of proof [30.85 s]
34.0.B: Trace Attempt 75	[7.54 s]
34.0.B: A trace with 75 cycles was found. [30.69 s]
INFO (IPF047): 34.0.B: The cover property "CS_div_fsm_s13_35" was covered in 75 cycles in 30.76 s.
34: ProofGrid usable level: 0
34.0.B: Stopped processing property "CS_div_fsm_s13_35"	[30.79 s].
34.0.B: All properties determined. [30.74 s]
34.0.B: Exited with Success (@ 30.89 s)
34.0.N: Trace Attempt 58	[15.14 s]
34.0.N: Stopped processing property "CS_div_fsm_s13_35"	[30.91 s].
34.0.N: All properties determined. [30.90 s]
34.0.N: Exited with Success (@ 30.94 s)
34.0.Mpcustom4: Trace Attempt 62	[30.44 s]
34.0.Mpcustom4: All properties determined. [31.20 s]
34.0.Mpcustom4: Exited with Success (@ 31.30 s)
34.0.Hp: Interrupted (multi)
34.0.Hp: All properties determined. [31.83 s]
34.0.Ht: Interrupted (multi)
34.0.Ht: Trace Attempt 68	[6.63 s]
34.0.Ht: All properties determined. [31.96 s]
34.0.Hp: Exited with Success (@ 32.03 s)
34.0.Ht: Exited with Success (@ 32.23 s)
34.0.AM: Trace Attempt 67	[29.31 s]
34.0.AM: Stopped processing property "CS_div_fsm_s13_35"	[31.81 s].
34.0.AM: All properties determined. [31.83 s]
34.0.AM: Exited with Success (@ 32.39 s)
34: --------------------------------------------------------------
ProofGrid Summary (utilization 99.40 %)
--------------------------------------------------------------
     engines started                               :     7
     engine jobs started                           :     7

    Average time in state (seconds)
    ------------------------------------------------------
    Engine  Pending     Running        Dead    Utilization
    ------------------------------------------------------
      N        0.11       30.84        0.00       99.64 %
     Hp        0.09       30.84        0.00       99.72 %
     Ht        0.08       30.82        0.00       99.74 %
    Mpcustom4        0.09       30.79        0.00       99.70 %
     Oh        0.17        0.30        0.00       64.10 %
      B        0.09       30.75        0.00       99.70 %
     AM        0.49       30.33        0.00       98.40 %
    all        0.16       26.38        0.00       99.40 %

    Total time in state (seconds)
    -----------------------------------------
            Pending     Running        Dead  
    -----------------------------------------
               1.12      184.67        0.00

    Data read    : 220.53 kiB
    Data written : 102.59 kiB

34: All pending notifications were processed.
INFO (IPF059): 34: Completed proof on task: "mytask"
cover -name CS_div_fsm_s13_36 {@(posedge clk_i) !div_fsm_s13 ##1 div_fsm_s13 [*36] ##1 !div_fsm_s13 }
INFO (IPF036): Starting proof on task: "mytask", 1 properties to prove with 0 already proven/unreachable
INFO (IPF031): Settings used for proof thread 35:
    orchestration                 = on (auto)
    time_limit                    = 600s
    per_property_time_limit       = 1s * 10 ^ scan
    engine_mode                   = auto
    proofgrid_per_engine_max_jobs = 1
    max engine jobs               = auto
    proofgrid_mode                = local
    proofgrid_restarts            = 10
35: Using multistage preprocessing
35: Starting reduce
35: Finished reduce in 0.043s
35.0.PRE: Performing Proof Simplification...
35.0.N: clocks: 1, declared: 1, looping: 0, posedge: 1, negedge: 0, noedge: 0, bothedge: 0
35.0.N: Proof Simplification Iteration 1	[0.00 s]
35.0.N: Proof Simplification Iteration 2	[0.04 s]
35.0.N: Proof Simplification Iteration 3	[0.06 s]
35.0.N: Proof Simplification Iteration 4	[0.07 s]
35.0.N: Proof Simplification Iteration 5	[0.09 s]
35.0.N: Proof Simplification Iteration 6	[0.11 s]
35.0.N: Proof Simplification Iteration 7	[0.13 s]
35.0.N: Proof Simplification Iteration 8	[0.15 s]
35.0.N: Proof Simplification Iteration 9	[0.17 s]
35.0.N: Proof Simplification Iteration 10	[0.18 s]
35.0.PRE: Proof Simplification completed in 0.23 s
35: About to start ProofGrid in its own thread with a limit of 10000 pending notifications and a limit of 10 traces.
35: =============================== ProofGrid start ===============================
35: ProofGrid usable level: 1
35: Initial ProofGrid level: 1
35: ProofGrid is starting event handling
35.0.Hp: caddy15.stanford.edu: "Rocky Linux 8.10 (Green Obsidian)" is an unsupported operating system.
35.0.N: caddy15.stanford.edu: "Rocky Linux 8.10 (Green Obsidian)" is an unsupported operating system.
35.0.Ht: caddy15.stanford.edu: "Rocky Linux 8.10 (Green Obsidian)" is an unsupported operating system.
35.0.Mpcustom4: caddy15.stanford.edu: "Rocky Linux 8.10 (Green Obsidian)" is an unsupported operating system.
35.0.Hp: Proofgrid shell started at 3525943@caddy15.stanford.edu(local) jg_3514426_caddy15.stanford.edu_36
35.0.N: Proofgrid shell started at 3525942@caddy15.stanford.edu(local) jg_3514426_caddy15.stanford.edu_36
35.0.Hp: clocks: 1, declared: 1, looping: 0, posedge: 1, negedge: 0, noedge: 0, bothedge: 0
35.0.N: clocks: 1, declared: 1, looping: 0, posedge: 1, negedge: 0, noedge: 0, bothedge: 0
35.0.Ht: Proofgrid shell started at 3525966@caddy15.stanford.edu(local) jg_3514426_caddy15.stanford.edu_36
35.0.Oh: caddy15.stanford.edu: "Rocky Linux 8.10 (Green Obsidian)" is an unsupported operating system.
35.0.N: Last scan. Per property time limit: 0s
35.0.N: Starting proof for property "CS_div_fsm_s13_36"	[0.00 s].
35.0.N: Trace Attempt  1	[0.01 s]
35.0.N: Trace Attempt  2	[0.01 s]
35.0.N: Trace Attempt  3	[0.01 s]
35.0.Ht: clocks: 1, declared: 1, looping: 0, posedge: 1, negedge: 0, noedge: 0, bothedge: 0
35.0.Ht: Trace Attempt  1	[0.04 s]
35.0.Ht: Trace Attempt  2	[0.04 s]
35.0.Ht: Trace Attempt  3	[0.04 s]
35.0.N: Trace Attempt  3	[0.04 s]
35.0.Ht: Trace Attempt  4	[0.04 s]
35.0.Mpcustom4: Proofgrid shell started at 3525984@caddy15.stanford.edu(local) jg_3514426_caddy15.stanford.edu_36
35.0.Ht: Trace Attempt  5	[0.05 s]
35.0.N: Trace Attempt  4	[0.06 s]
35.0.N: Trace Attempt  5	[0.06 s]
35.0.Mpcustom4: clocks: 1, declared: 1, looping: 0, posedge: 1, negedge: 0, noedge: 0, bothedge: 0
35.0.Oh: Proofgrid shell started at 3525999@caddy15.stanford.edu(local) jg_3514426_caddy15.stanford.edu_36
35.0.AM: caddy15.stanford.edu: "Rocky Linux 8.10 (Green Obsidian)" is an unsupported operating system.
35.0.Oh: clocks: 1, declared: 1, looping: 0, posedge: 1, negedge: 0, noedge: 0, bothedge: 0
35.0.Mpcustom4: Trace Attempt  1	[0.08 s]
35.0.B: caddy15.stanford.edu: "Rocky Linux 8.10 (Green Obsidian)" is an unsupported operating system.
35.0.Mpcustom4: Trace Attempt  2	[0.11 s]
35.0.N: Trace Attempt  5	[0.20 s]
35.0.Oh: bwd trail(1): 1 0.115528s
35.0.Oh: All properties either determined or skipped. [0.14 s]
35.0.Oh: Exited with Success (@ 0.28 s)
35.0.Oh: Completed, Restart ignored.
35.0.AM: Proofgrid shell started at 3526007@caddy15.stanford.edu(local) jg_3514426_caddy15.stanford.edu_36
35.0.AM: clocks: 1, declared: 1, looping: 0, posedge: 1, negedge: 0, noedge: 0, bothedge: 0
35.0.AM: Last scan. Per property time limit: 0s
35.0.AM: Starting proof for property "CS_div_fsm_s13_36"	[0.00 s].
35.0.AM: Trace Attempt  1	[0.00 s]
35.0.AM: Trace Attempt  2	[0.01 s]
35.0.AM: Trace Attempt  3	[0.03 s]
35.0.AM: Trace Attempt  4	[0.06 s]
35.0.AM: Trace Attempt  5	[0.08 s]
35.0.B: Proofgrid shell started at 3526000@caddy15.stanford.edu(local) jg_3514426_caddy15.stanford.edu_36
35.0.B: clocks: 1, declared: 1, looping: 0, posedge: 1, negedge: 0, noedge: 0, bothedge: 0
35.0.B: Last scan. Per property time limit: 0s
35.0.B: Starting proof for property "CS_div_fsm_s13_36"	[0.00 s].
35.0.B: Trace Attempt  1	[0.01 s]
35.0.B: Trace Attempt  2	[0.03 s]
35.0.B: Trace Attempt  3	[0.05 s]
35.0.B: Trace Attempt  4	[0.07 s]
35.0.B: Trace Attempt  5	[0.15 s]
35.0.Mpcustom4: Trace Attempt  3	[0.98 s]
35.0.Mpcustom4: Trace Attempt  3	[1.03 s]
35.0.Mpcustom4: Trace Attempt  4	[1.06 s]
35.0.Mpcustom4: Trace Attempt  4	[1.12 s]
35.0.Mpcustom4: Trace Attempt  5	[1.14 s]
35.0.N: Trace Attempt 28	[4.28 s]
35.0.AM: Trace Attempt 47	[4.30 s]
35.0.B: Trace Attempt 44	[4.24 s]
35.0.Ht: Trace Attempt 56	[5.16 s]
35.0.Mpcustom4: Trace Attempt 31	[5.70 s]
35.0.AM: Trace Attempt  1	[6.72 s]
35.0.AM: Trace Attempt  2	[6.75 s]
35.0.AM: Trace Attempt  3	[6.75 s]
35.0.AM: Trace Attempt  5	[6.76 s]
35.0.N: Trace Attempt 40	[8.34 s]
35.0.B: Trace Attempt 73	[8.55 s]
35.0.Mpcustom4: Trace Attempt 37	[9.80 s]
35.0.AM: Trace Attempt  1	[9.92 s]
35.0.AM: Trace Attempt  2	[9.95 s]
35.0.AM: Trace Attempt  3	[9.96 s]
35.0.AM: Trace Attempt  5	[9.97 s]
35.0.N: Trace Attempt 52	[14.28 s]
35.0.AM: Trace Attempt 62	[14.27 s]
35.0.Mpcustom4: Trace Attempt 42	[14.78 s]
35.0.N: Trace Attempt  1	[17.59 s]
35.0.N: Trace Attempt  2	[17.62 s]
35.0.N: Trace Attempt  3	[17.63 s]
35.0.N: Trace Attempt  5	[17.64 s]
35.0.Mpcustom4: Trace Attempt 42	[18.95 s]
35.0.Mpcustom4: Trace Attempt 42	[23.37 s]
35.0.AM: Trace Attempt 69	[27.12 s]
35.0.N: Trace Attempt 75	[28.95 s]
35.0.Mpcustom4: Trace Attempt 42	[29.69 s]
35.0.N: Requesting engine job to stop
35.0.B: Requesting engine job to stop
35.0.AM: Requesting engine job to stop
35.0.Hp: Requesting engine job to terminate
35.0.Ht: Requesting engine job to terminate
35.0.Mpcustom4: Requesting engine job to terminate
INFO (IPF144): 35: Initiating shutdown of proof [30.52 s]
35.0.B: Trace Attempt 76	[9.44 s]
35.0.B: A trace with 76 cycles was found. [30.00 s]
INFO (IPF047): 35.0.B: The cover property "CS_div_fsm_s13_36" was covered in 76 cycles in 30.04 s.
35: ProofGrid usable level: 0
35.0.B: Stopped processing property "CS_div_fsm_s13_36"	[30.05 s].
35.0.B: All properties determined. [30.03 s]
35.0.B: Exited with Success (@ 30.54 s)
35.0.N: Stopped processing property "CS_div_fsm_s13_36"	[30.55 s].
35.0.N: All properties determined. [30.57 s]
35.0.N: Exited with Success (@ 30.61 s)
35.0.Ht: Interrupted (multi)
35.0.Ht: Trace Attempt 67	[6.68 s]
35.0.Ht: All properties determined. [30.59 s]
35.0.Mpcustom4: All properties determined. [30.73 s]
35.0.Ht: Exited with Success (@ 30.85 s)
35.0.Mpcustom4: Exited with Success (@ 30.85 s)
35.0.Hp: Interrupted (multi)
35.0.Hp: All properties determined. [31.31 s]
35.0.Hp: Exited with Success (@ 32.05 s)
35.0.AM: Trace Attempt 75	[27.62 s]
35.0.AM: Sending SIGKILL
35.0.AM: Stopped processing property "CS_div_fsm_s13_36"	[32.19 s].
35.0.AM: Terminated by signal SIGKILL (@ 32.55 s)
35: --------------------------------------------------------------
ProofGrid Summary (utilization 99.29 %)
--------------------------------------------------------------
     engines started                               :     7
     engine jobs started                           :     7

    Average time in state (seconds)
    ------------------------------------------------------
    Engine  Pending     Running        Dead    Utilization
    ------------------------------------------------------
      N        0.12       30.52        0.00       99.62 %
     Hp        0.08       30.52        0.00       99.72 %
     Ht        0.08       30.50        0.00       99.74 %
    Mpcustom4        0.12       30.43        0.00       99.60 %
     Oh        0.14        0.14        0.00       50.00 %
      B        0.46       30.05        0.00       98.48 %
     AM        0.30       30.21        0.00       99.00 %
    all        0.19       26.05        0.00       99.29 %

    Total time in state (seconds)
    -----------------------------------------
            Pending     Running        Dead  
    -----------------------------------------
               1.31      182.36        0.00

    Data read    : 217.88 kiB
    Data written : 32.89 kiB

35: All pending notifications were processed.
INFO (IPF059): 35: Completed proof on task: "mytask"
cover -name CS_div_fsm_s13_37 {@(posedge clk_i) !div_fsm_s13 ##1 div_fsm_s13 [*37] ##1 !div_fsm_s13 }
INFO (IPF036): Starting proof on task: "mytask", 1 properties to prove with 0 already proven/unreachable
INFO (IPF031): Settings used for proof thread 36:
    orchestration                 = on (auto)
    time_limit                    = 600s
    per_property_time_limit       = 1s * 10 ^ scan
    engine_mode                   = auto
    proofgrid_per_engine_max_jobs = 1
    max engine jobs               = auto
    proofgrid_mode                = local
    proofgrid_restarts            = 10
36: Using multistage preprocessing
36: Starting reduce
36: Finished reduce in 0.042s
36.0.PRE: Performing Proof Simplification...
36.0.N: clocks: 1, declared: 1, looping: 0, posedge: 1, negedge: 0, noedge: 0, bothedge: 0
36.0.N: Proof Simplification Iteration 1	[0.00 s]
36.0.N: Proof Simplification Iteration 2	[0.04 s]
36.0.N: Proof Simplification Iteration 3	[0.06 s]
36.0.N: Proof Simplification Iteration 4	[0.07 s]
36.0.N: Proof Simplification Iteration 5	[0.09 s]
36.0.N: Proof Simplification Iteration 6	[0.11 s]
36.0.N: Proof Simplification Iteration 7	[0.13 s]
36.0.N: Proof Simplification Iteration 8	[0.15 s]
36.0.N: Proof Simplification Iteration 9	[0.17 s]
36.0.N: Proof Simplification Iteration 10	[0.19 s]
36.0.PRE: Proof Simplification completed in 0.23 s
36: About to start ProofGrid in its own thread with a limit of 10000 pending notifications and a limit of 10 traces.
36: =============================== ProofGrid start ===============================
36: ProofGrid usable level: 1
36: Initial ProofGrid level: 1
36: ProofGrid is starting event handling
36.0.Hp: caddy15.stanford.edu: "Rocky Linux 8.10 (Green Obsidian)" is an unsupported operating system.
36.0.N: caddy15.stanford.edu: "Rocky Linux 8.10 (Green Obsidian)" is an unsupported operating system.
36.0.Ht: caddy15.stanford.edu: "Rocky Linux 8.10 (Green Obsidian)" is an unsupported operating system.
36.0.Hp: Proofgrid shell started at 3526400@caddy15.stanford.edu(local) jg_3514426_caddy15.stanford.edu_37
36.0.Mpcustom4: caddy15.stanford.edu: "Rocky Linux 8.10 (Green Obsidian)" is an unsupported operating system.
36.0.N: Proofgrid shell started at 3526399@caddy15.stanford.edu(local) jg_3514426_caddy15.stanford.edu_37
36.0.N: clocks: 1, declared: 1, looping: 0, posedge: 1, negedge: 0, noedge: 0, bothedge: 0
36.0.Hp: clocks: 1, declared: 1, looping: 0, posedge: 1, negedge: 0, noedge: 0, bothedge: 0
36.0.N: Last scan. Per property time limit: 0s
36.0.N: Starting proof for property "CS_div_fsm_s13_37"	[0.00 s].
36.0.N: Trace Attempt  1	[0.01 s]
36.0.N: Trace Attempt  2	[0.01 s]
36.0.N: Trace Attempt  3	[0.01 s]
36.0.Ht: Proofgrid shell started at 3526422@caddy15.stanford.edu(local) jg_3514426_caddy15.stanford.edu_37
36.0.Ht: clocks: 1, declared: 1, looping: 0, posedge: 1, negedge: 0, noedge: 0, bothedge: 0
36.0.N: Trace Attempt  3	[0.04 s]
36.0.Ht: Trace Attempt  1	[0.04 s]
36.0.Ht: Trace Attempt  2	[0.04 s]
36.0.Ht: Trace Attempt  3	[0.04 s]
36.0.Mpcustom4: Proofgrid shell started at 3526441@caddy15.stanford.edu(local) jg_3514426_caddy15.stanford.edu_37
36.0.N: Trace Attempt  4	[0.06 s]
36.0.N: Trace Attempt  5	[0.06 s]
36.0.Ht: Trace Attempt  4	[0.05 s]
36.0.Mpcustom4: clocks: 1, declared: 1, looping: 0, posedge: 1, negedge: 0, noedge: 0, bothedge: 0
36.0.Ht: Trace Attempt  5	[0.06 s]
36.0.Mpcustom4: Trace Attempt  1	[0.04 s]
36.0.N: Trace Attempt  5	[0.12 s]
36.0.Mpcustom4: Trace Attempt  2	[0.07 s]
36.0.Oh: caddy15.stanford.edu: "Rocky Linux 8.10 (Green Obsidian)" is an unsupported operating system.
36.0.B: caddy15.stanford.edu: "Rocky Linux 8.10 (Green Obsidian)" is an unsupported operating system.
36.0.AM: caddy15.stanford.edu: "Rocky Linux 8.10 (Green Obsidian)" is an unsupported operating system.
36.0.AM: Proofgrid shell started at 3526461@caddy15.stanford.edu(local) jg_3514426_caddy15.stanford.edu_37
36.0.AM: clocks: 1, declared: 1, looping: 0, posedge: 1, negedge: 0, noedge: 0, bothedge: 0
36.0.AM: Last scan. Per property time limit: 0s
36.0.AM: Starting proof for property "CS_div_fsm_s13_37"	[0.00 s].
36.0.AM: Trace Attempt  1	[0.00 s]
36.0.AM: Trace Attempt  2	[0.01 s]
36.0.Oh: Proofgrid shell started at 3526455@caddy15.stanford.edu(local) jg_3514426_caddy15.stanford.edu_37
36.0.Oh: clocks: 1, declared: 1, looping: 0, posedge: 1, negedge: 0, noedge: 0, bothedge: 0
36.0.B: Proofgrid shell started at 3526460@caddy15.stanford.edu(local) jg_3514426_caddy15.stanford.edu_37
36.0.AM: Trace Attempt  3	[0.03 s]
36.0.B: clocks: 1, declared: 1, looping: 0, posedge: 1, negedge: 0, noedge: 0, bothedge: 0
36.0.AM: Trace Attempt  4	[0.06 s]
36.0.B: Last scan. Per property time limit: 0s
36.0.B: Starting proof for property "CS_div_fsm_s13_37"	[0.00 s].
36.0.B: Trace Attempt  1	[0.01 s]
36.0.B: Trace Attempt  2	[0.02 s]
36.0.AM: Trace Attempt  5	[0.08 s]
36.0.B: Trace Attempt  3	[0.03 s]
36.0.B: Trace Attempt  4	[0.04 s]
36.0.B: Trace Attempt  5	[0.08 s]
36.0.Oh: bwd trail(1): 1 0.112027s
36.0.Oh: All properties either determined or skipped. [0.13 s]
36.0.Oh: Exited with Success (@ 0.50 s)
36.0.Oh: Completed, Restart ignored.
36.0.Mpcustom4: Trace Attempt  3	[0.63 s]
36.0.Mpcustom4: Trace Attempt  3	[0.68 s]
36.0.Mpcustom4: Trace Attempt  4	[0.70 s]
36.0.Mpcustom4: Trace Attempt  4	[0.76 s]
36.0.Mpcustom4: Trace Attempt  5	[0.78 s]
36.0.Ht: Trace Attempt 52	[4.14 s]
36.0.N: Trace Attempt 27	[4.29 s]
36.0.B: Trace Attempt 45	[4.21 s]
36.0.AM: Trace Attempt 48	[4.49 s]
36.0.Mpcustom4: Trace Attempt 31	[5.79 s]
36.0.AM: Trace Attempt  1	[6.79 s]
36.0.AM: Trace Attempt  2	[6.82 s]
36.0.AM: Trace Attempt  3	[6.82 s]
36.0.AM: Trace Attempt  5	[6.83 s]
36.0.N: Trace Attempt 34	[8.57 s]
36.0.B: Trace Attempt 74	[8.40 s]
36.0.Mpcustom4: Trace Attempt 37	[10.32 s]
36.0.AM: Trace Attempt  1	[10.52 s]
36.0.AM: Trace Attempt  2	[10.57 s]
36.0.AM: Trace Attempt  3	[10.57 s]
36.0.AM: Trace Attempt  5	[10.59 s]
36.0.N: Trace Attempt 47	[12.98 s]
36.0.Mpcustom4: Trace Attempt 52	[14.88 s]
36.0.N: Trace Attempt  1	[15.34 s]
36.0.N: Trace Attempt  2	[15.37 s]
36.0.N: Trace Attempt  3	[15.37 s]
36.0.N: Trace Attempt  5	[15.38 s]
36.0.Mpcustom4: Trace Attempt 53	[19.70 s]
36.0.N: Trace Attempt 75	[22.87 s]
36.0.Mpcustom4: Trace Attempt 56	[24.62 s]
36.0.AM: Trace Attempt 70	[25.27 s]
36.0.N: Requesting engine job to stop
36.0.B: Requesting engine job to stop
36.0.AM: Requesting engine job to stop
36.0.Hp: Requesting engine job to terminate
36.0.Ht: Requesting engine job to terminate
36.0.Mpcustom4: Requesting engine job to terminate
INFO (IPF144): 36: Initiating shutdown of proof [28.31 s]
36.0.B: Trace Attempt 77	[8.77 s]
36.0.B: A trace with 77 cycles was found. [27.88 s]
INFO (IPF047): 36.0.B: The cover property "CS_div_fsm_s13_37" was covered in 77 cycles in 27.92 s.
36.0.B: Stopped processing property "CS_div_fsm_s13_37"	[27.95 s].
36.0.B: All properties determined. [27.93 s]
36.0.N: Stopped processing property "CS_div_fsm_s13_37"	[28.35 s].
36.0.B: Exited with Success (@ 28.39 s)
36: ProofGrid usable level: 0
36.0.N: All properties determined. [28.37 s]
36.0.N: Exited with Success (@ 28.40 s)
36.0.AM: Trace Attempt 76	[25.47 s]
36.0.AM: Stopped processing property "CS_div_fsm_s13_37"	[28.28 s].
36.0.AM: All properties determined. [28.29 s]
36.0.AM: Exited with Success (@ 28.76 s)
36.0.Mpcustom4: Trace Attempt 63	[26.98 s]
36.0.Mpcustom4: All properties determined. [28.68 s]
36.0.Hp: Interrupted (multi)
36.0.Hp: All properties determined. [28.95 s]
36.0.Mpcustom4: Exited with Success (@ 28.96 s)
36.0.Hp: Exited with Success (@ 29.42 s)
36.0.Ht: Sending SIGKILL
36.0.Ht: Trace Attempt 67	[7.89 s]
36.0.Ht: Terminated by signal SIGKILL (@ 30.46 s)
36: --------------------------------------------------------------
ProofGrid Summary (utilization 99.17 %)
--------------------------------------------------------------
     engines started                               :     7
     engine jobs started                           :     7

    Average time in state (seconds)
    ------------------------------------------------------
    Engine  Pending     Running        Dead    Utilization
    ------------------------------------------------------
      N        0.11       28.30        0.00       99.62 %
     Hp        0.08       28.30        0.00       99.71 %
     Ht        0.10       28.27        0.00       99.66 %
    Mpcustom4        0.11       28.22        0.00       99.60 %
     Oh        0.36        0.13        0.00       26.98 %
      B        0.36       27.93        0.00       98.71 %
     AM        0.28       27.99        0.00       98.99 %
    all        0.20       24.16        0.00       99.17 %

    Total time in state (seconds)
    -----------------------------------------
            Pending     Running        Dead  
    -----------------------------------------
               1.41      169.15        0.00

    Data read    : 225.55 kiB
    Data written : 79.52 kiB

36: All pending notifications were processed.
INFO (IPF059): 36: Completed proof on task: "mytask"
cover -name CS_div_fsm_s13_38 {@(posedge clk_i) !div_fsm_s13 ##1 div_fsm_s13 [*38] ##1 !div_fsm_s13 }
INFO (IPF036): Starting proof on task: "mytask", 1 properties to prove with 0 already proven/unreachable
INFO (IPF031): Settings used for proof thread 37:
    orchestration                 = on (auto)
    time_limit                    = 600s
    per_property_time_limit       = 1s * 10 ^ scan
    engine_mode                   = auto
    proofgrid_per_engine_max_jobs = 1
    max engine jobs               = auto
    proofgrid_mode                = local
    proofgrid_restarts            = 10
37: Using multistage preprocessing
37: Starting reduce
37: Finished reduce in 0.042s
37.0.PRE: Performing Proof Simplification...
37.0.N: clocks: 1, declared: 1, looping: 0, posedge: 1, negedge: 0, noedge: 0, bothedge: 0
37.0.N: Proof Simplification Iteration 1	[0.00 s]
37.0.N: Proof Simplification Iteration 2	[0.04 s]
37.0.N: Proof Simplification Iteration 3	[0.06 s]
37.0.N: Proof Simplification Iteration 4	[0.07 s]
37.0.N: Proof Simplification Iteration 5	[0.09 s]
37.0.N: Proof Simplification Iteration 6	[0.11 s]
37.0.N: Proof Simplification Iteration 7	[0.13 s]
37.0.N: Proof Simplification Iteration 8	[0.15 s]
37.0.N: Proof Simplification Iteration 9	[0.17 s]
37.0.N: Proof Simplification Iteration 10	[0.18 s]
37.0.PRE: Proof Simplification completed in 0.23 s
37: About to start ProofGrid in its own thread with a limit of 10000 pending notifications and a limit of 10 traces.
37: =============================== ProofGrid start ===============================
37: ProofGrid usable level: 1
37: Initial ProofGrid level: 1
37: ProofGrid is starting event handling
37.0.Hp: caddy15.stanford.edu: "Rocky Linux 8.10 (Green Obsidian)" is an unsupported operating system.
37.0.N: caddy15.stanford.edu: "Rocky Linux 8.10 (Green Obsidian)" is an unsupported operating system.
37.0.Ht: caddy15.stanford.edu: "Rocky Linux 8.10 (Green Obsidian)" is an unsupported operating system.
37.0.Mpcustom4: caddy15.stanford.edu: "Rocky Linux 8.10 (Green Obsidian)" is an unsupported operating system.
37.0.Hp: Proofgrid shell started at 3527743@caddy15.stanford.edu(local) jg_3514426_caddy15.stanford.edu_38
37.0.N: Proofgrid shell started at 3527742@caddy15.stanford.edu(local) jg_3514426_caddy15.stanford.edu_38
37.0.Ht: Proofgrid shell started at 3527766@caddy15.stanford.edu(local) jg_3514426_caddy15.stanford.edu_38
37.0.Oh: caddy15.stanford.edu: "Rocky Linux 8.10 (Green Obsidian)" is an unsupported operating system.
37.0.Hp: clocks: 1, declared: 1, looping: 0, posedge: 1, negedge: 0, noedge: 0, bothedge: 0
37.0.Ht: clocks: 1, declared: 1, looping: 0, posedge: 1, negedge: 0, noedge: 0, bothedge: 0
37.0.Mpcustom4: Proofgrid shell started at 3527784@caddy15.stanford.edu(local) jg_3514426_caddy15.stanford.edu_38
37.0.N: clocks: 1, declared: 1, looping: 0, posedge: 1, negedge: 0, noedge: 0, bothedge: 0
37.0.N: Last scan. Per property time limit: 0s
37.0.N: Starting proof for property "CS_div_fsm_s13_38"	[0.00 s].
37.0.N: Trace Attempt  1	[0.01 s]
37.0.N: Trace Attempt  2	[0.01 s]
37.0.N: Trace Attempt  3	[0.01 s]
37.0.Oh: Proofgrid shell started at 3527799@caddy15.stanford.edu(local) jg_3514426_caddy15.stanford.edu_38
37.0.Ht: Trace Attempt  1	[0.04 s]
37.0.Ht: Trace Attempt  2	[0.04 s]
37.0.Ht: Trace Attempt  3	[0.04 s]
37.0.Ht: Trace Attempt  4	[0.05 s]
37.0.Ht: Trace Attempt  5	[0.06 s]
37.0.Mpcustom4: clocks: 1, declared: 1, looping: 0, posedge: 1, negedge: 0, noedge: 0, bothedge: 0
37.0.Oh: clocks: 1, declared: 1, looping: 0, posedge: 1, negedge: 0, noedge: 0, bothedge: 0
37.0.AM: caddy15.stanford.edu: "Rocky Linux 8.10 (Green Obsidian)" is an unsupported operating system.
37.0.Mpcustom4: Trace Attempt  1	[0.07 s]
37.0.Mpcustom4: Trace Attempt  2	[0.09 s]
37.0.N: Trace Attempt  3	[0.10 s]
37.0.N: Trace Attempt  4	[0.12 s]
37.0.N: Trace Attempt  5	[0.12 s]
37.0.B: caddy15.stanford.edu: "Rocky Linux 8.10 (Green Obsidian)" is an unsupported operating system.
37.0.Oh: bwd trail(1): 1 0.120163s
37.0.Oh: All properties either determined or skipped. [0.14 s]
37.0.Oh: Exited with Success (@ 0.25 s)
37.0.N: Trace Attempt  5	[0.18 s]
37.0.AM: Proofgrid shell started at 3527804@caddy15.stanford.edu(local) jg_3514426_caddy15.stanford.edu_38
37.0.AM: clocks: 1, declared: 1, looping: 0, posedge: 1, negedge: 0, noedge: 0, bothedge: 0
37.0.B: Proofgrid shell started at 3527803@caddy15.stanford.edu(local) jg_3514426_caddy15.stanford.edu_38
37.0.AM: Last scan. Per property time limit: 0s
37.0.AM: Starting proof for property "CS_div_fsm_s13_38"	[0.00 s].
37.0.AM: Trace Attempt  1	[0.00 s]
37.0.AM: Trace Attempt  2	[0.01 s]
37.0.B: clocks: 1, declared: 1, looping: 0, posedge: 1, negedge: 0, noedge: 0, bothedge: 0
37.0.B: Last scan. Per property time limit: 0s
37.0.B: Starting proof for property "CS_div_fsm_s13_38"	[0.00 s].
37.0.AM: Trace Attempt  3	[0.03 s]
37.0.B: Trace Attempt  1	[0.01 s]
37.0.B: Trace Attempt  2	[0.02 s]
37.0.B: Trace Attempt  3	[0.03 s]
37.0.AM: Trace Attempt  4	[0.06 s]
37.0.B: Trace Attempt  4	[0.04 s]
37.0.AM: Trace Attempt  5	[0.08 s]
37.0.B: Trace Attempt  5	[0.08 s]
37.0.Mpcustom4: Trace Attempt  3	[0.66 s]
37.0.Mpcustom4: Trace Attempt  3	[0.70 s]
37.0.Mpcustom4: Trace Attempt  4	[0.73 s]
37.0.Mpcustom4: Trace Attempt  4	[0.78 s]
37.0.Mpcustom4: Trace Attempt  5	[0.81 s]
37.0.Ht: Trace Attempt 55	[4.14 s]
37.0.B: Trace Attempt 51	[4.17 s]
37.0.N: Trace Attempt 29	[4.53 s]
37.0.AM: Trace Attempt 49	[4.31 s]
37.0.Mpcustom4: Trace Attempt 31	[5.57 s]
37.0.AM: Trace Attempt  1	[6.85 s]
37.0.AM: Trace Attempt  2	[6.88 s]
37.0.AM: Trace Attempt  3	[6.88 s]
37.0.AM: Trace Attempt  5	[6.90 s]
37.0.N: Trace Attempt 41	[8.88 s]
37.0.Mpcustom4: Trace Attempt 37	[10.02 s]
37.0.AM: Trace Attempt  1	[10.86 s]
37.0.AM: Trace Attempt  2	[10.89 s]
37.0.AM: Trace Attempt  3	[10.89 s]
37.0.AM: Trace Attempt  5	[10.90 s]
37.0.N: Trace Attempt 48	[14.04 s]
37.0.Mpcustom4: Trace Attempt 43	[15.18 s]
37.0.AM: Trace Attempt 58	[15.06 s]
37.0.N: Trace Attempt  1	[16.37 s]
37.0.N: Trace Attempt  2	[16.40 s]
37.0.N: Trace Attempt  3	[16.41 s]
37.0.N: Trace Attempt  5	[16.42 s]
37.0.Mpcustom4: Trace Attempt 44	[19.33 s]
37.0.Mpcustom4: Trace Attempt 44	[24.45 s]
37.0.AM: Trace Attempt 71	[27.09 s]
37.0.Mpcustom4: Trace Attempt 44	[28.78 s]
37.0.N: Trace Attempt 77	[30.10 s]
37.0.N: Requesting engine job to stop
37.0.B: Requesting engine job to stop
37.0.AM: Requesting engine job to stop
37.0.Hp: Requesting engine job to terminate
37.0.Ht: Requesting engine job to terminate
37.0.Mpcustom4: Requesting engine job to terminate
INFO (IPF144): 37: Initiating shutdown of proof [31.30 s]
37.0.B: Trace Attempt 78	[7.40 s]
37.0.B: A trace with 78 cycles was found. [30.96 s]
INFO (IPF047): 37.0.B: The cover property "CS_div_fsm_s13_38" was covered in 78 cycles in 31.00 s.
37: ProofGrid usable level: 0
37.0.B: Stopped processing property "CS_div_fsm_s13_38"	[31.01 s].
37.0.B: All properties determined. [30.99 s]
37.0.B: Exited with Success (@ 31.32 s)
37.0.N: Stopped processing property "CS_div_fsm_s13_38"	[31.30 s].
37.0.N: All properties determined. [31.31 s]
37.0.N: Exited with Success (@ 31.39 s)
37.0.Mpcustom4: Trace Attempt 44	[30.74 s]
37.0.Mpcustom4: All properties determined. [31.51 s]
37.0.AM: Trace Attempt 77	[27.53 s]
37.0.AM: Stopped processing property "CS_div_fsm_s13_38"	[31.32 s].
37.0.AM: All properties determined. [31.32 s]
37.0.Mpcustom4: Exited with Success (@ 31.62 s)
37.0.AM: Exited with Success (@ 31.63 s)
37.0.Hp: Interrupted (multi)
37.0.Hp: All properties determined. [32.16 s]
37.0.Ht: Interrupted (multi)
37.0.Ht: Trace Attempt 72	[7.35 s]
37.0.Ht: All properties determined. [32.51 s]
37.0.Hp: Exited with Success (@ 33.16 s)
37.0.Ht: Exited with Success (@ 33.21 s)
37: --------------------------------------------------------------
ProofGrid Summary (utilization 99.44 %)
--------------------------------------------------------------
     engines started                               :     7
     engine jobs started                           :     7

    Average time in state (seconds)
    ------------------------------------------------------
    Engine  Pending     Running        Dead    Utilization
    ------------------------------------------------------
      N        0.12       31.25        0.00       99.63 %
     Hp        0.08       31.29        0.00       99.74 %
     Ht        0.09       31.26        0.00       99.70 %
    Mpcustom4        0.10       31.23        0.00       99.69 %
     Oh        0.10        0.14        0.00       57.59 %
      B        0.30       31.00        0.00       99.05 %
     AM        0.26       31.02        0.00       99.16 %
    all        0.15       26.74        0.00       99.44 %

    Total time in state (seconds)
    -----------------------------------------
            Pending     Running        Dead  
    -----------------------------------------
               1.05      187.18        0.00

    Data read    : 226.41 kiB
    Data written : 30.07 kiB

37: All pending notifications were processed.
INFO (IPF059): 37: Completed proof on task: "mytask"
cover -name CS_div_fsm_s13_39 {@(posedge clk_i) !div_fsm_s13 ##1 div_fsm_s13 [*39] ##1 !div_fsm_s13 }
INFO (IPF036): Starting proof on task: "mytask", 1 properties to prove with 0 already proven/unreachable
INFO (IPF031): Settings used for proof thread 38:
    orchestration                 = on (auto)
    time_limit                    = 600s
    per_property_time_limit       = 1s * 10 ^ scan
    engine_mode                   = auto
    proofgrid_per_engine_max_jobs = 1
    max engine jobs               = auto
    proofgrid_mode                = local
    proofgrid_restarts            = 10
38: Using multistage preprocessing
38: Starting reduce
38: Finished reduce in 0.043s
38.0.PRE: Performing Proof Simplification...
38.0.N: clocks: 1, declared: 1, looping: 0, posedge: 1, negedge: 0, noedge: 0, bothedge: 0
38.0.N: Proof Simplification Iteration 1	[0.00 s]
38.0.N: Proof Simplification Iteration 2	[0.04 s]
38.0.N: Proof Simplification Iteration 3	[0.06 s]
38.0.N: Proof Simplification Iteration 4	[0.07 s]
38.0.N: Proof Simplification Iteration 5	[0.09 s]
38.0.N: Proof Simplification Iteration 6	[0.11 s]
38.0.N: Proof Simplification Iteration 7	[0.13 s]
38.0.N: Proof Simplification Iteration 8	[0.15 s]
38.0.N: Proof Simplification Iteration 9	[0.17 s]
38.0.N: Proof Simplification Iteration 10	[0.18 s]
38.0.PRE: Proof Simplification completed in 0.23 s
38: About to start ProofGrid in its own thread with a limit of 10000 pending notifications and a limit of 10 traces.
38: =============================== ProofGrid start ===============================
38: ProofGrid usable level: 1
38: Initial ProofGrid level: 1
38: ProofGrid is starting event handling
38.0.Hp: caddy15.stanford.edu: "Rocky Linux 8.10 (Green Obsidian)" is an unsupported operating system.
38.0.N: caddy15.stanford.edu: "Rocky Linux 8.10 (Green Obsidian)" is an unsupported operating system.
38.0.Ht: caddy15.stanford.edu: "Rocky Linux 8.10 (Green Obsidian)" is an unsupported operating system.
38.0.Hp: Proofgrid shell started at 3529558@caddy15.stanford.edu(local) jg_3514426_caddy15.stanford.edu_39
38.0.N: Proofgrid shell started at 3529557@caddy15.stanford.edu(local) jg_3514426_caddy15.stanford.edu_39
38.0.Mpcustom4: caddy15.stanford.edu: "Rocky Linux 8.10 (Green Obsidian)" is an unsupported operating system.
38.0.Hp: clocks: 1, declared: 1, looping: 0, posedge: 1, negedge: 0, noedge: 0, bothedge: 0
38.0.Ht: Proofgrid shell started at 3529580@caddy15.stanford.edu(local) jg_3514426_caddy15.stanford.edu_39
38.0.Oh: caddy15.stanford.edu: "Rocky Linux 8.10 (Green Obsidian)" is an unsupported operating system.
38.0.N: clocks: 1, declared: 1, looping: 0, posedge: 1, negedge: 0, noedge: 0, bothedge: 0
38.0.Ht: clocks: 1, declared: 1, looping: 0, posedge: 1, negedge: 0, noedge: 0, bothedge: 0
38.0.N: Last scan. Per property time limit: 0s
38.0.N: Starting proof for property "CS_div_fsm_s13_39"	[0.00 s].
38.0.N: Trace Attempt  1	[0.01 s]
38.0.AM: caddy15.stanford.edu: "Rocky Linux 8.10 (Green Obsidian)" is an unsupported operating system.
38.0.N: Trace Attempt  2	[0.01 s]
38.0.N: Trace Attempt  3	[0.01 s]
38.0.B: caddy15.stanford.edu: "Rocky Linux 8.10 (Green Obsidian)" is an unsupported operating system.
38.0.Mpcustom4: Proofgrid shell started at 3529599@caddy15.stanford.edu(local) jg_3514426_caddy15.stanford.edu_39
38.0.N: Trace Attempt  3	[0.04 s]
38.0.N: Trace Attempt  4	[0.06 s]
38.0.N: Trace Attempt  5	[0.06 s]
38.0.Ht: Trace Attempt  1	[0.07 s]
38.0.Ht: Trace Attempt  2	[0.07 s]
38.0.Ht: Trace Attempt  3	[0.07 s]
38.0.Mpcustom4: clocks: 1, declared: 1, looping: 0, posedge: 1, negedge: 0, noedge: 0, bothedge: 0
38.0.B: Proofgrid shell started at 3529608@caddy15.stanford.edu(local) jg_3514426_caddy15.stanford.edu_39
38.0.Ht: Trace Attempt  4	[0.09 s]
38.0.Oh: Proofgrid shell started at 3529604@caddy15.stanford.edu(local) jg_3514426_caddy15.stanford.edu_39
38.0.B: clocks: 1, declared: 1, looping: 0, posedge: 1, negedge: 0, noedge: 0, bothedge: 0
38.0.B: Last scan. Per property time limit: 0s
38.0.B: Starting proof for property "CS_div_fsm_s13_39"	[0.00 s].
38.0.Ht: Trace Attempt  5	[0.12 s]
38.0.Oh: clocks: 1, declared: 1, looping: 0, posedge: 1, negedge: 0, noedge: 0, bothedge: 0
38.0.B: Trace Attempt  1	[0.01 s]
38.0.Mpcustom4: Trace Attempt  1	[0.06 s]
38.0.B: Trace Attempt  2	[0.02 s]
38.0.B: Trace Attempt  3	[0.03 s]
38.0.B: Trace Attempt  4	[0.04 s]
38.0.AM: Proofgrid shell started at 3529622@caddy15.stanford.edu(local) jg_3514426_caddy15.stanford.edu_39
38.0.Mpcustom4: Trace Attempt  2	[0.11 s]
38.0.AM: clocks: 1, declared: 1, looping: 0, posedge: 1, negedge: 0, noedge: 0, bothedge: 0
38.0.AM: Last scan. Per property time limit: 0s
38.0.AM: Starting proof for property "CS_div_fsm_s13_39"	[0.00 s].
38.0.AM: Trace Attempt  1	[0.00 s]
38.0.AM: Trace Attempt  2	[0.01 s]
38.0.B: Trace Attempt  5	[0.10 s]
38.0.AM: Trace Attempt  3	[0.04 s]
38.0.N: Trace Attempt  5	[0.22 s]
38.0.Oh: bwd trail(1): 1 0.111579s
38.0.Oh: All properties either determined or skipped. [0.13 s]
38.0.AM: Trace Attempt  4	[0.07 s]
38.0.Oh: Exited with Success (@ 0.28 s)
38.0.AM: Trace Attempt  5	[0.09 s]
38.0.Mpcustom4: Trace Attempt  3	[0.66 s]
38.0.Mpcustom4: Trace Attempt  3	[0.71 s]
38.0.Mpcustom4: Trace Attempt  4	[0.73 s]
38.0.Mpcustom4: Trace Attempt  4	[0.79 s]
38.0.Mpcustom4: Trace Attempt  5	[0.81 s]
38.0.Ht: Trace Attempt 54	[4.14 s]
38.0.B: Trace Attempt 49	[4.12 s]
38.0.N: Trace Attempt 27	[4.34 s]
38.0.AM: Trace Attempt 50	[4.51 s]
38.0.Mpcustom4: Trace Attempt 26	[5.07 s]
38.0.AM: Trace Attempt  1	[7.53 s]
38.0.AM: Trace Attempt  2	[7.56 s]
38.0.AM: Trace Attempt  3	[7.56 s]
38.0.AM: Trace Attempt  5	[7.57 s]
38.0.N: Trace Attempt 38	[8.53 s]
38.0.Mpcustom4: Trace Attempt 37	[9.99 s]
38.0.AM: Trace Attempt  1	[10.87 s]
38.0.AM: Trace Attempt  2	[10.92 s]
38.0.AM: Trace Attempt  3	[10.92 s]
38.0.AM: Trace Attempt  5	[10.95 s]
38.0.N: Trace Attempt 47	[12.60 s]
38.0.Mpcustom4: Trace Attempt 44	[14.79 s]
38.0.AM: Trace Attempt 66	[14.97 s]
38.0.N: Trace Attempt 50	[16.60 s]
38.0.N: Trace Attempt  1	[17.25 s]
38.0.N: Trace Attempt  2	[17.28 s]
38.0.N: Trace Attempt  3	[17.28 s]
38.0.N: Trace Attempt  5	[17.29 s]
38.0.Mpcustom4: Trace Attempt 45	[19.33 s]
38.0.Mpcustom4: Trace Attempt 45	[25.36 s]
38.0.AM: Trace Attempt 72	[26.53 s]
38.0.N: Requesting engine job to stop
38.0.B: Requesting engine job to stop
38.0.AM: Requesting engine job to stop
38.0.Hp: Requesting engine job to terminate
38.0.Ht: Requesting engine job to terminate
38.0.Mpcustom4: Requesting engine job to terminate
INFO (IPF144): 38: Initiating shutdown of proof [28.16 s]
38.0.B: Trace Attempt 79	[8.11 s]
38.0.B: A trace with 79 cycles was found. [27.98 s]
INFO (IPF047): 38.0.B: The cover property "CS_div_fsm_s13_39" was covered in 79 cycles in 28.03 s.
38.0.B: Stopped processing property "CS_div_fsm_s13_39"	[28.06 s].
38.0.B: All properties determined. [28.02 s]
38.0.B: Exited with Success (@ 28.17 s)
38: ProofGrid usable level: 0
38.0.N: Trace Attempt 62	[20.85 s]
38.0.N: Stopped processing property "CS_div_fsm_s13_39"	[28.17 s].
38.0.N: All properties determined. [28.18 s]
38.0.N: Exited with Success (@ 28.24 s)
38.0.AM: Trace Attempt 78	[27.02 s]
38.0.AM: Stopped processing property "CS_div_fsm_s13_39"	[28.26 s].
38.0.Mpcustom4: Trace Attempt 45	[27.02 s]
38.0.Mpcustom4: All properties determined. [28.38 s]
38.0.AM: All properties determined. [28.27 s]
38.0.AM: Exited with Success (@ 28.51 s)
38.0.Mpcustom4: Exited with Success (@ 28.77 s)
38.0.Hp: Interrupted (multi)
38.0.Hp: All properties determined. [29.03 s]
38.0.Hp: Exited with Success (@ 29.52 s)
38.0.Ht: Interrupted (multi)
38.0.Ht: Trace Attempt 76	[8.02 s]
38.0.Ht: All properties determined. [29.87 s]
38.0.Ht: Exited with Success (@ 30.09 s)
38: --------------------------------------------------------------
ProofGrid Summary (utilization 99.51 %)
--------------------------------------------------------------
     engines started                               :     7
     engine jobs started                           :     7

    Average time in state (seconds)
    ------------------------------------------------------
    Engine  Pending     Running        Dead    Utilization
    ------------------------------------------------------
      N        0.11       28.13        0.00       99.62 %
     Hp        0.08       28.15        0.00       99.70 %
     Ht        0.09       28.13        0.00       99.69 %
    Mpcustom4        0.12       28.07        0.00       99.57 %
     Oh        0.14        0.13        0.00       47.97 %
      B        0.11       28.03        0.00       99.59 %
     AM        0.17       27.96        0.00       99.39 %
    all        0.12       24.08        0.00       99.51 %

    Total time in state (seconds)
    -----------------------------------------
            Pending     Running        Dead  
    -----------------------------------------
               0.83      168.59        0.00

    Data read    : 224.43 kiB
    Data written : 42.22 kiB

38: All pending notifications were processed.
INFO (IPF059): 38: Completed proof on task: "mytask"
cover -name CS_div_fsm_s13_40 {@(posedge clk_i) !div_fsm_s13 ##1 div_fsm_s13 [*40] ##1 !div_fsm_s13 }
INFO (IPF036): Starting proof on task: "mytask", 1 properties to prove with 0 already proven/unreachable
INFO (IPF031): Settings used for proof thread 39:
    orchestration                 = on (auto)
    time_limit                    = 600s
    per_property_time_limit       = 1s * 10 ^ scan
    engine_mode                   = auto
    proofgrid_per_engine_max_jobs = 1
    max engine jobs               = auto
    proofgrid_mode                = local
    proofgrid_restarts            = 10
39: Using multistage preprocessing
39: Starting reduce
39: Finished reduce in 0.045s
39.0.PRE: Performing Proof Simplification...
39.0.N: clocks: 1, declared: 1, looping: 0, posedge: 1, negedge: 0, noedge: 0, bothedge: 0
39.0.N: Proof Simplification Iteration 1	[0.00 s]
39.0.N: Proof Simplification Iteration 2	[0.04 s]
39.0.N: Proof Simplification Iteration 3	[0.06 s]
39.0.N: Proof Simplification Iteration 4	[0.07 s]
39.0.N: Proof Simplification Iteration 5	[0.09 s]
39.0.N: Proof Simplification Iteration 6	[0.11 s]
39.0.N: Proof Simplification Iteration 7	[0.13 s]
39.0.N: Proof Simplification Iteration 8	[0.15 s]
39.0.N: Proof Simplification Iteration 9	[0.17 s]
39.0.N: Proof Simplification Iteration 10	[0.18 s]
39.0.PRE: Proof Simplification completed in 0.23 s
39: About to start ProofGrid in its own thread with a limit of 10000 pending notifications and a limit of 10 traces.
39: =============================== ProofGrid start ===============================
39: ProofGrid usable level: 1
39: Initial ProofGrid level: 1
39: ProofGrid is starting event handling
39.0.Hp: caddy15.stanford.edu: "Rocky Linux 8.10 (Green Obsidian)" is an unsupported operating system.
39.0.N: caddy15.stanford.edu: "Rocky Linux 8.10 (Green Obsidian)" is an unsupported operating system.
39.0.Ht: caddy15.stanford.edu: "Rocky Linux 8.10 (Green Obsidian)" is an unsupported operating system.
39.0.Mpcustom4: caddy15.stanford.edu: "Rocky Linux 8.10 (Green Obsidian)" is an unsupported operating system.
39.0.Hp: Proofgrid shell started at 3530695@caddy15.stanford.edu(local) jg_3514426_caddy15.stanford.edu_40
39.0.N: Proofgrid shell started at 3530694@caddy15.stanford.edu(local) jg_3514426_caddy15.stanford.edu_40
39.0.N: clocks: 1, declared: 1, looping: 0, posedge: 1, negedge: 0, noedge: 0, bothedge: 0
39.0.Ht: Proofgrid shell started at 3530717@caddy15.stanford.edu(local) jg_3514426_caddy15.stanford.edu_40
39.0.N: Last scan. Per property time limit: 0s
39.0.N: Starting proof for property "CS_div_fsm_s13_40"	[0.00 s].
39.0.N: Trace Attempt  1	[0.01 s]
39.0.Hp: clocks: 1, declared: 1, looping: 0, posedge: 1, negedge: 0, noedge: 0, bothedge: 0
39.0.N: Trace Attempt  2	[0.01 s]
39.0.N: Trace Attempt  3	[0.01 s]
39.0.Ht: clocks: 1, declared: 1, looping: 0, posedge: 1, negedge: 0, noedge: 0, bothedge: 0
39.0.Mpcustom4: Proofgrid shell started at 3530720@caddy15.stanford.edu(local) jg_3514426_caddy15.stanford.edu_40
39.0.Ht: Trace Attempt  1	[0.04 s]
39.0.Ht: Trace Attempt  2	[0.04 s]
39.0.Ht: Trace Attempt  3	[0.04 s]
39.0.N: Trace Attempt  3	[0.04 s]
39.0.Ht: Trace Attempt  4	[0.04 s]
39.0.Mpcustom4: clocks: 1, declared: 1, looping: 0, posedge: 1, negedge: 0, noedge: 0, bothedge: 0
39.0.B: caddy15.stanford.edu: "Rocky Linux 8.10 (Green Obsidian)" is an unsupported operating system.
39.0.Ht: Trace Attempt  5	[0.05 s]
39.0.Oh: caddy15.stanford.edu: "Rocky Linux 8.10 (Green Obsidian)" is an unsupported operating system.
39.0.N: Trace Attempt  4	[0.07 s]
39.0.N: Trace Attempt  5	[0.07 s]
39.0.B: Proofgrid shell started at 3530756@caddy15.stanford.edu(local) jg_3514426_caddy15.stanford.edu_40
39.0.Mpcustom4: Trace Attempt  1	[0.07 s]
39.0.B: clocks: 1, declared: 1, looping: 0, posedge: 1, negedge: 0, noedge: 0, bothedge: 0
39.0.AM: caddy15.stanford.edu: "Rocky Linux 8.10 (Green Obsidian)" is an unsupported operating system.
39.0.B: Last scan. Per property time limit: 0s
39.0.B: Starting proof for property "CS_div_fsm_s13_40"	[0.00 s].
39.0.B: Trace Attempt  1	[0.01 s]
39.0.Mpcustom4: Trace Attempt  2	[0.10 s]
39.0.B: Trace Attempt  2	[0.02 s]
39.0.B: Trace Attempt  3	[0.03 s]
39.0.B: Trace Attempt  4	[0.04 s]
39.0.N: Trace Attempt  5	[0.20 s]
39.0.B: Trace Attempt  5	[0.08 s]
39.0.Oh: Proofgrid shell started at 3530747@caddy15.stanford.edu(local) jg_3514426_caddy15.stanford.edu_40
39.0.Oh: clocks: 1, declared: 1, looping: 0, posedge: 1, negedge: 0, noedge: 0, bothedge: 0
39.0.AM: Proofgrid shell started at 3530760@caddy15.stanford.edu(local) jg_3514426_caddy15.stanford.edu_40
39.0.AM: clocks: 1, declared: 1, looping: 0, posedge: 1, negedge: 0, noedge: 0, bothedge: 0
39.0.AM: Last scan. Per property time limit: 0s
39.0.AM: Starting proof for property "CS_div_fsm_s13_40"	[0.00 s].
39.0.AM: Trace Attempt  1	[0.00 s]
39.0.AM: Trace Attempt  2	[0.01 s]
39.0.AM: Trace Attempt  3	[0.05 s]
39.0.AM: Trace Attempt  4	[0.09 s]
39.0.Oh: bwd trail(1): 1 0.115721s
39.0.Oh: All properties either determined or skipped. [0.19 s]
39.0.Oh: Exited with Success (@ 0.56 s)
39.0.Oh: Completed, Restart ignored.
39.0.AM: Trace Attempt  5	[0.12 s]
39.0.Mpcustom4: Trace Attempt  3	[0.87 s]
39.0.Mpcustom4: Trace Attempt  3	[0.92 s]
39.0.Mpcustom4: Trace Attempt  4	[0.94 s]
39.0.Mpcustom4: Trace Attempt  4	[1.00 s]
39.0.Mpcustom4: Trace Attempt  5	[1.03 s]
39.0.Ht: Trace Attempt 53	[4.08 s]
39.0.B: Trace Attempt 45	[4.19 s]
39.0.N: Trace Attempt 29	[4.38 s]
39.0.AM: Trace Attempt 49	[4.25 s]
39.0.AM: Trace Attempt  1	[5.40 s]
39.0.AM: Trace Attempt  2	[5.43 s]
39.0.AM: Trace Attempt  3	[5.43 s]
39.0.AM: Trace Attempt  5	[5.47 s]
39.0.Mpcustom4: Trace Attempt 31	[5.86 s]
39.0.N: Trace Attempt 38	[8.39 s]
39.0.B: Trace Attempt 76	[8.29 s]
39.0.AM: Trace Attempt 66	[9.63 s]
39.0.Mpcustom4: Trace Attempt 37	[10.34 s]
39.0.N: Trace Attempt 46	[12.71 s]
39.0.Mpcustom4: Trace Attempt 45	[15.10 s]
39.0.N: Trace Attempt 51	[16.94 s]
39.0.Mpcustom4: Trace Attempt 45	[20.14 s]
39.0.N: Trace Attempt 58	[21.90 s]
39.0.AM: Trace Attempt 73	[21.49 s]
39.0.N: Trace Attempt  1	[22.12 s]
39.0.N: Trace Attempt  2	[22.14 s]
39.0.N: Trace Attempt  3	[22.15 s]
39.0.N: Trace Attempt  5	[22.16 s]
39.0.Mpcustom4: Trace Attempt 54	[25.47 s]
39.0.AM: Trace Attempt 76	[27.41 s]
39.0.Mpcustom4: Trace Attempt 63	[29.76 s]
39.0.N: Requesting engine job to stop
39.0.B: Requesting engine job to stop
39.0.AM: Requesting engine job to stop
39.0.Hp: Requesting engine job to terminate
39.0.Ht: Requesting engine job to terminate
39.0.Mpcustom4: Requesting engine job to terminate
INFO (IPF144): 39: Initiating shutdown of proof [32.95 s]
39.0.B: Trace Attempt 80	[8.88 s]
39.0.B: A trace with 80 cycles was found. [32.76 s]
INFO (IPF047): 39.0.B: The cover property "CS_div_fsm_s13_40" was covered in 80 cycles in 32.80 s.
39.0.B: Stopped processing property "CS_div_fsm_s13_40"	[32.84 s].
39.0.B: All properties determined. [32.79 s]
39.0.B: Exited with Success (@ 32.96 s)
39: ProofGrid usable level: 0
39.0.Ht: Interrupted (multi)
39.0.Ht: Trace Attempt 68	[7.68 s]
39.0.Ht: All properties determined. [32.95 s]
39.0.N: Trace Attempt 70	[24.72 s]
39.0.N: Stopped processing property "CS_div_fsm_s13_40"	[32.99 s].
39.0.N: All properties determined. [32.99 s]
39.0.N: Exited with Success (@ 33.02 s)
39.0.Ht: Exited with Success (@ 33.23 s)
39.0.Mpcustom4: Trace Attempt 67	[32.24 s]
39.0.Mpcustom4: All properties determined. [33.31 s]
39.0.AM: Trace Attempt 79	[28.27 s]
39.0.AM: Stopped processing property "CS_div_fsm_s13_40"	[32.97 s].
39.0.Mpcustom4: Exited with Success (@ 33.44 s)
39.0.AM: All properties determined. [32.98 s]
39.0.AM: Exited with Success (@ 33.71 s)
39.0.Hp: Sending SIGKILL
39.0.Hp: Terminated by signal SIGKILL (@ 34.99 s)
39: --------------------------------------------------------------
ProofGrid Summary (utilization 99.32 %)
--------------------------------------------------------------
     engines started                               :     7
     engine jobs started                           :     7

    Average time in state (seconds)
    ------------------------------------------------------
    Engine  Pending     Running        Dead    Utilization
    ------------------------------------------------------
      N        0.11       32.94        0.00       99.68 %
     Hp        0.08       32.93        0.00       99.75 %
     Ht        0.09       32.91        0.00       99.74 %
    Mpcustom4        0.12       32.87        0.00       99.64 %
     Oh        0.39        0.19        0.00       32.83 %
      B        0.16       32.80        0.00       99.52 %
     AM        0.41       32.50        0.00       98.76 %
    all        0.19       28.16        0.00       99.32 %

    Total time in state (seconds)
    -----------------------------------------
            Pending     Running        Dead  
    -----------------------------------------
               1.35      197.14        0.00

    Data read    : 229.83 kiB
    Data written : 33.70 kiB

39: All pending notifications were processed.
INFO (IPF059): 39: Completed proof on task: "mytask"
cover -name CS_div_fsm_s13_41 {@(posedge clk_i) !div_fsm_s13 ##1 div_fsm_s13 [*41] ##1 !div_fsm_s13 }
INFO (IPF036): Starting proof on task: "mytask", 1 properties to prove with 0 already proven/unreachable
INFO (IPF031): Settings used for proof thread 40:
    orchestration                 = on (auto)
    time_limit                    = 600s
    per_property_time_limit       = 1s * 10 ^ scan
    engine_mode                   = auto
    proofgrid_per_engine_max_jobs = 1
    max engine jobs               = auto
    proofgrid_mode                = local
    proofgrid_restarts            = 10
40: Using multistage preprocessing
40: Starting reduce
40: Finished reduce in 0.043s
40.0.PRE: Performing Proof Simplification...
40.0.N: clocks: 1, declared: 1, looping: 0, posedge: 1, negedge: 0, noedge: 0, bothedge: 0
40.0.N: Proof Simplification Iteration 1	[0.00 s]
40.0.N: Proof Simplification Iteration 2	[0.04 s]
40.0.N: Proof Simplification Iteration 3	[0.06 s]
40.0.N: Proof Simplification Iteration 4	[0.07 s]
40.0.N: Proof Simplification Iteration 5	[0.09 s]
40.0.N: Proof Simplification Iteration 6	[0.11 s]
40.0.N: Proof Simplification Iteration 7	[0.13 s]
40.0.N: Proof Simplification Iteration 8	[0.15 s]
40.0.N: Proof Simplification Iteration 9	[0.16 s]
40.0.N: Proof Simplification Iteration 10	[0.18 s]
40.0.PRE: Proof Simplification completed in 0.23 s
40: About to start ProofGrid in its own thread with a limit of 10000 pending notifications and a limit of 10 traces.
40: =============================== ProofGrid start ===============================
40: ProofGrid usable level: 1
40: Initial ProofGrid level: 1
40: ProofGrid is starting event handling
40.0.N: caddy15.stanford.edu: "Rocky Linux 8.10 (Green Obsidian)" is an unsupported operating system.
40.0.Hp: caddy15.stanford.edu: "Rocky Linux 8.10 (Green Obsidian)" is an unsupported operating system.
40.0.Ht: caddy15.stanford.edu: "Rocky Linux 8.10 (Green Obsidian)" is an unsupported operating system.
40.0.N: Proofgrid shell started at 3531940@caddy15.stanford.edu(local) jg_3514426_caddy15.stanford.edu_41
40.0.Hp: Proofgrid shell started at 3531941@caddy15.stanford.edu(local) jg_3514426_caddy15.stanford.edu_41
40.0.Hp: clocks: 1, declared: 1, looping: 0, posedge: 1, negedge: 0, noedge: 0, bothedge: 0
40.0.N: clocks: 1, declared: 1, looping: 0, posedge: 1, negedge: 0, noedge: 0, bothedge: 0
40.0.N: Last scan. Per property time limit: 0s
40.0.N: Starting proof for property "CS_div_fsm_s13_41"	[0.00 s].
40.0.Ht: Proofgrid shell started at 3531963@caddy15.stanford.edu(local) jg_3514426_caddy15.stanford.edu_41
40.0.N: Trace Attempt  1	[0.01 s]
40.0.N: Trace Attempt  2	[0.01 s]
40.0.N: Trace Attempt  3	[0.01 s]
40.0.Mpcustom4: caddy15.stanford.edu: "Rocky Linux 8.10 (Green Obsidian)" is an unsupported operating system.
40.0.Oh: caddy15.stanford.edu: "Rocky Linux 8.10 (Green Obsidian)" is an unsupported operating system.
40.0.N: Trace Attempt  3	[0.04 s]
40.0.Ht: clocks: 1, declared: 1, looping: 0, posedge: 1, negedge: 0, noedge: 0, bothedge: 0
40.0.B: caddy15.stanford.edu: "Rocky Linux 8.10 (Green Obsidian)" is an unsupported operating system.
40.0.N: Trace Attempt  4	[0.06 s]
40.0.N: Trace Attempt  5	[0.06 s]
40.0.Ht: Trace Attempt  1	[0.05 s]
40.0.Ht: Trace Attempt  2	[0.05 s]
40.0.Ht: Trace Attempt  3	[0.05 s]
40.0.Ht: Trace Attempt  4	[0.06 s]
40.0.Ht: Trace Attempt  5	[0.07 s]
40.0.Oh: Proofgrid shell started at 3531989@caddy15.stanford.edu(local) jg_3514426_caddy15.stanford.edu_41
40.0.N: Trace Attempt  5	[0.12 s]
40.0.Oh: clocks: 1, declared: 1, looping: 0, posedge: 1, negedge: 0, noedge: 0, bothedge: 0
40.0.B: Proofgrid shell started at 3531993@caddy15.stanford.edu(local) jg_3514426_caddy15.stanford.edu_41
40.0.B: clocks: 1, declared: 1, looping: 0, posedge: 1, negedge: 0, noedge: 0, bothedge: 0
40.0.B: Last scan. Per property time limit: 0s
40.0.B: Starting proof for property "CS_div_fsm_s13_41"	[0.00 s].
40.0.B: Trace Attempt  1	[0.01 s]
40.0.B: Trace Attempt  2	[0.03 s]
40.0.Mpcustom4: Proofgrid shell started at 3531982@caddy15.stanford.edu(local) jg_3514426_caddy15.stanford.edu_41
40.0.B: Trace Attempt  3	[0.05 s]
40.0.AM: caddy15.stanford.edu: "Rocky Linux 8.10 (Green Obsidian)" is an unsupported operating system.
40.0.B: Trace Attempt  4	[0.06 s]
40.0.Mpcustom4: clocks: 1, declared: 1, looping: 0, posedge: 1, negedge: 0, noedge: 0, bothedge: 0
40.0.B: Trace Attempt  5	[0.10 s]
40.0.Mpcustom4: Trace Attempt  1	[0.07 s]
40.0.Mpcustom4: Trace Attempt  2	[0.10 s]
40.0.Oh: bwd trail(1): 1 0.116292s
40.0.Oh: All properties either determined or skipped. [0.27 s]
40.0.Oh: Exited with Success (@ 0.42 s)
40.0.Oh: Completed, Restart ignored.
40.0.AM: Proofgrid shell started at 3531994@caddy15.stanford.edu(local) jg_3514426_caddy15.stanford.edu_41
40.0.AM: clocks: 1, declared: 1, looping: 0, posedge: 1, negedge: 0, noedge: 0, bothedge: 0
40.0.AM: Last scan. Per property time limit: 0s
40.0.AM: Starting proof for property "CS_div_fsm_s13_41"	[0.00 s].
40.0.AM: Trace Attempt  1	[0.00 s]
40.0.AM: Trace Attempt  2	[0.01 s]
40.0.AM: Trace Attempt  3	[0.05 s]
40.0.AM: Trace Attempt  4	[0.11 s]
40.0.AM: Trace Attempt  5	[0.16 s]
40.0.Mpcustom4: Trace Attempt  3	[0.89 s]
40.0.Mpcustom4: Trace Attempt  3	[1.00 s]
40.0.Mpcustom4: Trace Attempt  4	[1.05 s]
40.0.Mpcustom4: Trace Attempt  4	[1.18 s]
40.0.Mpcustom4: Trace Attempt  5	[1.23 s]
40.0.Ht: Trace Attempt 58	[4.13 s]
40.0.N: Trace Attempt 25	[4.33 s]
40.0.B: Trace Attempt 46	[4.21 s]
40.0.AM: Trace Attempt 49	[4.29 s]
40.0.Mpcustom4: Trace Attempt 26	[5.29 s]
40.0.N: Trace Attempt 36	[8.36 s]
40.0.B: Trace Attempt 79	[8.25 s]
40.0.AM: Trace Attempt 54	[8.98 s]
40.0.AM: Trace Attempt  1	[9.28 s]
40.0.AM: Trace Attempt  2	[9.31 s]
40.0.AM: Trace Attempt  3	[9.32 s]
40.0.AM: Trace Attempt  5	[9.33 s]
40.0.Mpcustom4: Trace Attempt 37	[10.42 s]
40.0.N: Trace Attempt 48	[12.45 s]
40.0.AM: Trace Attempt  1	[12.80 s]
40.0.AM: Trace Attempt  2	[12.84 s]
40.0.AM: Trace Attempt  3	[12.84 s]
40.0.AM: Trace Attempt  5	[12.85 s]
40.0.N: Trace Attempt  1	[15.97 s]
40.0.N: Trace Attempt  2	[15.97 s]
40.0.N: Trace Attempt  3	[15.97 s]
40.0.N: Trace Attempt  5	[15.98 s]
40.0.Mpcustom4: Trace Attempt 45	[16.76 s]
40.0.AM: Trace Attempt 67	[17.35 s]
40.0.Mpcustom4: Trace Attempt 45	[20.85 s]
40.0.Mpcustom4: Trace Attempt 46	[25.69 s]
40.0.N: Trace Attempt 70	[28.01 s]
40.0.N: Trace Attempt  1	[29.96 s]
40.0.N: Trace Attempt  2	[29.99 s]
40.0.N: Trace Attempt  3	[29.99 s]
40.0.N: Trace Attempt  5	[30.00 s]
40.0.AM: Trace Attempt 74	[30.27 s]
40.0.Mpcustom4: Trace Attempt 48	[31.25 s]
40.0.N: Requesting engine job to stop
40.0.B: Requesting engine job to stop
40.0.AM: Requesting engine job to stop
40.0.Hp: Requesting engine job to terminate
40.0.Ht: Requesting engine job to terminate
40.0.Mpcustom4: Requesting engine job to terminate
INFO (IPF144): 40: Initiating shutdown of proof [35.93 s]
40.0.B: Trace Attempt 81	[8.65 s]
40.0.B: A trace with 81 cycles was found. [35.68 s]
INFO (IPF047): 40.0.B: The cover property "CS_div_fsm_s13_41" was covered in 81 cycles in 35.73 s.
40.0.B: Stopped processing property "CS_div_fsm_s13_41"	[35.74 s].
40.0.B: All properties determined. [35.72 s]
40.0.B: Exited with Success (@ 35.94 s)
40: ProofGrid usable level: 0
40.0.N: Trace Attempt 70	[32.27 s]
40.0.N: Stopped processing property "CS_div_fsm_s13_41"	[36.19 s].
40.0.N: All properties determined. [36.21 s]
40.0.N: Exited with Success (@ 36.31 s)
40.0.Mpcustom4: Trace Attempt 57	[34.30 s]
40.0.Mpcustom4: All properties determined. [36.04 s]
40.0.Mpcustom4: Exited with Success (@ 36.60 s)
40.0.Hp: Interrupted (multi)
40.0.Hp: All properties determined. [36.79 s]
40.0.Hp: Exited with Success (@ 37.26 s)
40.0.Ht: Interrupted (multi)
40.0.Ht: Trace Attempt 74	[7.93 s]
40.0.Ht: All properties determined. [37.61 s]
40.0.AM: Trace Attempt 80	[30.70 s]
40.0.AM: Stopped processing property "CS_div_fsm_s13_41"	[37.18 s].
40.0.AM: All properties determined. [37.20 s]
40.0.AM: Exited with Success (@ 37.90 s)
40.0.Ht: Exited with Success (@ 37.90 s)
40: --------------------------------------------------------------
ProofGrid Summary (utilization 99.33 %)
--------------------------------------------------------------
     engines started                               :     7
     engine jobs started                           :     7

    Average time in state (seconds)
    ------------------------------------------------------
    Engine  Pending     Running        Dead    Utilization
    ------------------------------------------------------
      N        0.13       35.92        0.00       99.64 %
     Hp        0.11       35.92        0.00       99.68 %
     Ht        0.10       35.89        0.00       99.72 %
    Mpcustom4        0.30       35.65        0.00       99.18 %
     Oh        0.12        0.27        0.00       68.74 %
      B        0.17       35.74        0.00       99.53 %
     AM        0.51       35.38        0.00       98.57 %
    all        0.21       30.68        0.00       99.33 %

    Total time in state (seconds)
    -----------------------------------------
            Pending     Running        Dead  
    -----------------------------------------
               1.44      214.78        0.00

    Data read    : 231.08 kiB
    Data written : 32.85 kiB

40: All pending notifications were processed.
INFO (IPF059): 40: Completed proof on task: "mytask"
cover -name CS_div_fsm_s13_42 {@(posedge clk_i) !div_fsm_s13 ##1 div_fsm_s13 [*42] ##1 !div_fsm_s13 }
INFO (IPF036): Starting proof on task: "mytask", 1 properties to prove with 0 already proven/unreachable
INFO (IPF031): Settings used for proof thread 41:
    orchestration                 = on (auto)
    time_limit                    = 600s
    per_property_time_limit       = 1s * 10 ^ scan
    engine_mode                   = auto
    proofgrid_per_engine_max_jobs = 1
    max engine jobs               = auto
    proofgrid_mode                = local
    proofgrid_restarts            = 10
41: Using multistage preprocessing
41: Starting reduce
41: Finished reduce in 0.042s
41.0.PRE: Performing Proof Simplification...
41.0.N: clocks: 1, declared: 1, looping: 0, posedge: 1, negedge: 0, noedge: 0, bothedge: 0
41.0.N: Proof Simplification Iteration 1	[0.00 s]
41.0.N: Proof Simplification Iteration 2	[0.04 s]
41.0.N: Proof Simplification Iteration 3	[0.06 s]
41.0.N: Proof Simplification Iteration 4	[0.07 s]
41.0.N: Proof Simplification Iteration 5	[0.09 s]
41.0.N: Proof Simplification Iteration 6	[0.11 s]
41.0.N: Proof Simplification Iteration 7	[0.13 s]
41.0.N: Proof Simplification Iteration 8	[0.15 s]
41.0.N: Proof Simplification Iteration 9	[0.17 s]
41.0.N: Proof Simplification Iteration 10	[0.18 s]
41.0.PRE: Proof Simplification completed in 0.23 s
41: About to start ProofGrid in its own thread with a limit of 10000 pending notifications and a limit of 10 traces.
41: =============================== ProofGrid start ===============================
41: ProofGrid usable level: 1
41: Initial ProofGrid level: 1
41: ProofGrid is starting event handling
41.0.N: caddy15.stanford.edu: "Rocky Linux 8.10 (Green Obsidian)" is an unsupported operating system.
41.0.Hp: caddy15.stanford.edu: "Rocky Linux 8.10 (Green Obsidian)" is an unsupported operating system.
41.0.Ht: caddy15.stanford.edu: "Rocky Linux 8.10 (Green Obsidian)" is an unsupported operating system.
41.0.Hp: Proofgrid shell started at 3532962@caddy15.stanford.edu(local) jg_3514426_caddy15.stanford.edu_42
41.0.N: Proofgrid shell started at 3532961@caddy15.stanford.edu(local) jg_3514426_caddy15.stanford.edu_42
41.0.Hp: clocks: 1, declared: 1, looping: 0, posedge: 1, negedge: 0, noedge: 0, bothedge: 0
41.0.Oh: caddy15.stanford.edu: "Rocky Linux 8.10 (Green Obsidian)" is an unsupported operating system.
41.0.N: clocks: 1, declared: 1, looping: 0, posedge: 1, negedge: 0, noedge: 0, bothedge: 0
41.0.N: Last scan. Per property time limit: 0s
41.0.N: Starting proof for property "CS_div_fsm_s13_42"	[0.00 s].
41.0.N: Trace Attempt  1	[0.01 s]
41.0.Ht: Proofgrid shell started at 3532985@caddy15.stanford.edu(local) jg_3514426_caddy15.stanford.edu_42
41.0.N: Trace Attempt  2	[0.01 s]
41.0.N: Trace Attempt  3	[0.01 s]
41.0.Mpcustom4: caddy15.stanford.edu: "Rocky Linux 8.10 (Green Obsidian)" is an unsupported operating system.
41.0.Ht: clocks: 1, declared: 1, looping: 0, posedge: 1, negedge: 0, noedge: 0, bothedge: 0
41.0.B: caddy15.stanford.edu: "Rocky Linux 8.10 (Green Obsidian)" is an unsupported operating system.
41.0.N: Trace Attempt  3	[0.04 s]
41.0.Ht: Trace Attempt  1	[0.04 s]
41.0.Ht: Trace Attempt  2	[0.04 s]
41.0.Ht: Trace Attempt  3	[0.04 s]
41.0.N: Trace Attempt  4	[0.06 s]
41.0.N: Trace Attempt  5	[0.06 s]
41.0.Ht: Trace Attempt  4	[0.04 s]
41.0.Ht: Trace Attempt  5	[0.05 s]
41.0.B: Proofgrid shell started at 3533010@caddy15.stanford.edu(local) jg_3514426_caddy15.stanford.edu_42
41.0.B: clocks: 1, declared: 1, looping: 0, posedge: 1, negedge: 0, noedge: 0, bothedge: 0
41.0.Mpcustom4: Proofgrid shell started at 3533003@caddy15.stanford.edu(local) jg_3514426_caddy15.stanford.edu_42
41.0.B: Last scan. Per property time limit: 0s
41.0.B: Starting proof for property "CS_div_fsm_s13_42"	[0.00 s].
41.0.B: Trace Attempt  1	[0.01 s]
41.0.B: Trace Attempt  2	[0.02 s]
41.0.Mpcustom4: clocks: 1, declared: 1, looping: 0, posedge: 1, negedge: 0, noedge: 0, bothedge: 0
41.0.B: Trace Attempt  3	[0.03 s]
41.0.N: Trace Attempt  5	[0.15 s]
41.0.B: Trace Attempt  4	[0.04 s]
41.0.AM: caddy15.stanford.edu: "Rocky Linux 8.10 (Green Obsidian)" is an unsupported operating system.
41.0.Oh: Proofgrid shell started at 3533009@caddy15.stanford.edu(local) jg_3514426_caddy15.stanford.edu_42
41.0.B: Trace Attempt  5	[0.07 s]
41.0.Mpcustom4: Trace Attempt  1	[0.06 s]
41.0.Oh: clocks: 1, declared: 1, looping: 0, posedge: 1, negedge: 0, noedge: 0, bothedge: 0
41.0.Mpcustom4: Trace Attempt  2	[0.10 s]
41.0.AM: Proofgrid shell started at 3533011@caddy15.stanford.edu(local) jg_3514426_caddy15.stanford.edu_42
41.0.AM: clocks: 1, declared: 1, looping: 0, posedge: 1, negedge: 0, noedge: 0, bothedge: 0
41.0.AM: Last scan. Per property time limit: 0s
41.0.AM: Starting proof for property "CS_div_fsm_s13_42"	[0.00 s].
41.0.AM: Trace Attempt  1	[0.00 s]
41.0.AM: Trace Attempt  2	[0.01 s]
41.0.Oh: bwd trail(1): 1 0.117001s
41.0.Oh: All properties either determined or skipped. [0.25 s]
41.0.AM: Trace Attempt  3	[0.03 s]
41.0.Oh: Exited with Success (@ 0.50 s)
41.0.AM: Trace Attempt  4	[0.06 s]
41.0.AM: Trace Attempt  5	[0.08 s]
41.0.Mpcustom4: Trace Attempt  3	[1.23 s]
41.0.Mpcustom4: Trace Attempt  3	[1.28 s]
41.0.Mpcustom4: Trace Attempt  4	[1.30 s]
41.0.Mpcustom4: Trace Attempt  4	[1.36 s]
41.0.Mpcustom4: Trace Attempt  5	[1.38 s]
41.0.Ht: Trace Attempt 57	[4.09 s]
41.0.B: Trace Attempt 50	[4.10 s]
41.0.N: Trace Attempt 29	[4.28 s]
41.0.AM: Trace Attempt 43	[4.12 s]
41.0.Mpcustom4: Trace Attempt 26	[5.46 s]
41.0.B: Trace Attempt 80	[8.12 s]
41.0.Ht: Trace Attempt 69	[8.24 s]
41.0.N: Trace Attempt 41	[8.62 s]
41.0.AM: Trace Attempt 55	[9.59 s]
41.0.AM: Trace Attempt  1	[9.85 s]
41.0.AM: Trace Attempt  2	[9.88 s]
41.0.AM: Trace Attempt  3	[9.89 s]
41.0.AM: Trace Attempt  5	[9.90 s]
41.0.Mpcustom4: Trace Attempt 37	[10.54 s]
41.0.N: Trace Attempt 47	[12.74 s]
41.0.AM: Trace Attempt  1	[13.50 s]
41.0.AM: Trace Attempt  2	[13.53 s]
41.0.AM: Trace Attempt  3	[13.53 s]
41.0.AM: Trace Attempt  5	[13.55 s]
41.0.N: Trace Attempt 54	[17.77 s]
41.0.AM: Trace Attempt 65	[17.55 s]
41.0.Mpcustom4: Trace Attempt 45	[17.98 s]
41.0.N: Trace Attempt  1	[19.73 s]
41.0.N: Trace Attempt  2	[19.77 s]
41.0.N: Trace Attempt  3	[19.77 s]
41.0.N: Trace Attempt  5	[19.78 s]
41.0.Mpcustom4: Trace Attempt 45	[22.89 s]
41.0.AM: Trace Attempt 75	[29.70 s]
41.0.Mpcustom4: Trace Attempt 50	[30.41 s]
41.0.N: Trace Attempt 81	[31.20 s]
41.0.Mpcustom4: Trace Attempt 55	[35.62 s]
41.0.Mpcustom4: Trace Attempt 62	[40.31 s]
41.0.N: Requesting engine job to stop
41.0.B: Requesting engine job to stop
41.0.AM: Requesting engine job to stop
41.0.Hp: Requesting engine job to terminate
41.0.Ht: Requesting engine job to terminate
41.0.Mpcustom4: Requesting engine job to terminate
INFO (IPF144): 41: Initiating shutdown of proof [42.08 s]
41.0.B: Trace Attempt 82	[8.72 s]
41.0.B: A trace with 82 cycles was found. [41.90 s]
INFO (IPF047): 41.0.B: The cover property "CS_div_fsm_s13_42" was covered in 82 cycles in 41.95 s.
41.0.B: Stopped processing property "CS_div_fsm_s13_42"	[41.96 s].
41.0.B: All properties determined. [41.94 s]
41.0.Hp: Interrupted (multi)
41.0.Hp: All properties determined. [42.09 s]
41.0.B: Exited with Success (@ 42.10 s)
41: ProofGrid usable level: 0
41.0.N: Stopped processing property "CS_div_fsm_s13_42"	[42.13 s].
41.0.N: All properties determined. [42.14 s]
41.0.Hp: Exited with Success (@ 42.40 s)
41.0.N: Exited with Success (@ 42.52 s)
41.0.Mpcustom4: Trace Attempt 63	[40.33 s]
41.0.Mpcustom4: All properties determined. [42.36 s]
41.0.Mpcustom4: Exited with Success (@ 42.57 s)
41.0.Ht: Interrupted (multi)
41.0.Ht: Trace Attempt 80	[8.82 s]
41.0.Ht: All properties determined. [42.84 s]
41.0.Ht: Exited with Success (@ 43.17 s)
41.0.AM: Trace Attempt 81	[30.42 s]
41.0.AM: Stopped processing property "CS_div_fsm_s13_42"	[42.84 s].
41.0.AM: All properties determined. [42.85 s]
41.0.AM: Exited with Success (@ 43.33 s)
41: --------------------------------------------------------------
ProofGrid Summary (utilization 99.52 %)
--------------------------------------------------------------
     engines started                               :     7
     engine jobs started                           :     7

    Average time in state (seconds)
    ------------------------------------------------------
    Engine  Pending     Running        Dead    Utilization
    ------------------------------------------------------
      N        0.11       42.07        0.00       99.75 %
     Hp        0.08       42.07        0.00       99.81 %
     Ht        0.10       42.03        0.00       99.77 %
    Mpcustom4        0.18       41.92        0.00       99.58 %
     Oh        0.20        0.25        0.00       55.59 %
      B        0.13       41.95        0.00       99.70 %
     AM        0.43       41.63        0.00       98.97 %
    all        0.17       35.99        0.00       99.52 %

    Total time in state (seconds)
    -----------------------------------------
            Pending     Running        Dead  
    -----------------------------------------
               1.21      251.92        0.00

    Data read    : 247.00 kiB
    Data written : 123.68 kiB

41: All pending notifications were processed.
INFO (IPF059): 41: Completed proof on task: "mytask"
cover -name CS_div_fsm_s13_43 {@(posedge clk_i) !div_fsm_s13 ##1 div_fsm_s13 [*43] ##1 !div_fsm_s13 }
INFO (IPF036): Starting proof on task: "mytask", 1 properties to prove with 0 already proven/unreachable
INFO (IPF031): Settings used for proof thread 42:
    orchestration                 = on (auto)
    time_limit                    = 600s
    per_property_time_limit       = 1s * 10 ^ scan
    engine_mode                   = auto
    proofgrid_per_engine_max_jobs = 1
    max engine jobs               = auto
    proofgrid_mode                = local
    proofgrid_restarts            = 10
42: Using multistage preprocessing
42: Starting reduce
42: Finished reduce in 0.043s
42.0.PRE: Performing Proof Simplification...
42.0.N: clocks: 1, declared: 1, looping: 0, posedge: 1, negedge: 0, noedge: 0, bothedge: 0
42.0.N: Proof Simplification Iteration 1	[0.00 s]
42.0.N: Proof Simplification Iteration 2	[0.04 s]
42.0.N: Proof Simplification Iteration 3	[0.06 s]
42.0.N: Proof Simplification Iteration 4	[0.07 s]
42.0.N: Proof Simplification Iteration 5	[0.09 s]
42.0.N: Proof Simplification Iteration 6	[0.11 s]
42.0.N: Proof Simplification Iteration 7	[0.13 s]
42.0.N: Proof Simplification Iteration 8	[0.15 s]
42.0.N: Proof Simplification Iteration 9	[0.17 s]
42.0.N: Proof Simplification Iteration 10	[0.18 s]
42.0.PRE: Proof Simplification completed in 0.23 s
42: About to start ProofGrid in its own thread with a limit of 10000 pending notifications and a limit of 10 traces.
42: =============================== ProofGrid start ===============================
42: ProofGrid usable level: 1
42: Initial ProofGrid level: 1
42: ProofGrid is starting event handling
42.0.N: caddy15.stanford.edu: "Rocky Linux 8.10 (Green Obsidian)" is an unsupported operating system.
42.0.Hp: caddy15.stanford.edu: "Rocky Linux 8.10 (Green Obsidian)" is an unsupported operating system.
42.0.Mpcustom4: caddy15.stanford.edu: "Rocky Linux 8.10 (Green Obsidian)" is an unsupported operating system.
42.0.Ht: caddy15.stanford.edu: "Rocky Linux 8.10 (Green Obsidian)" is an unsupported operating system.
42.0.N: Proofgrid shell started at 3533984@caddy15.stanford.edu(local) jg_3514426_caddy15.stanford.edu_43
42.0.B: caddy15.stanford.edu: "Rocky Linux 8.10 (Green Obsidian)" is an unsupported operating system.
42.0.Oh: caddy15.stanford.edu: "Rocky Linux 8.10 (Green Obsidian)" is an unsupported operating system.
42.0.Hp: Proofgrid shell started at 3533985@caddy15.stanford.edu(local) jg_3514426_caddy15.stanford.edu_43
42.0.N: clocks: 1, declared: 1, looping: 0, posedge: 1, negedge: 0, noedge: 0, bothedge: 0
42.0.Hp: clocks: 1, declared: 1, looping: 0, posedge: 1, negedge: 0, noedge: 0, bothedge: 0
42.0.N: Last scan. Per property time limit: 0s
42.0.N: Starting proof for property "CS_div_fsm_s13_43"	[0.00 s].
42.0.Ht: Proofgrid shell started at 3534007@caddy15.stanford.edu(local) jg_3514426_caddy15.stanford.edu_43
42.0.N: Trace Attempt  1	[0.01 s]
42.0.Mpcustom4: Proofgrid shell started at 3534009@caddy15.stanford.edu(local) jg_3514426_caddy15.stanford.edu_43
42.0.N: Trace Attempt  2	[0.01 s]
42.0.N: Trace Attempt  3	[0.01 s]
42.0.AM: caddy15.stanford.edu: "Rocky Linux 8.10 (Green Obsidian)" is an unsupported operating system.
42.0.Ht: clocks: 1, declared: 1, looping: 0, posedge: 1, negedge: 0, noedge: 0, bothedge: 0
42.0.Mpcustom4: clocks: 1, declared: 1, looping: 0, posedge: 1, negedge: 0, noedge: 0, bothedge: 0
42.0.B: Proofgrid shell started at 3534041@caddy15.stanford.edu(local) jg_3514426_caddy15.stanford.edu_43
42.0.B: clocks: 1, declared: 1, looping: 0, posedge: 1, negedge: 0, noedge: 0, bothedge: 0
42.0.B: Last scan. Per property time limit: 0s
42.0.B: Starting proof for property "CS_div_fsm_s13_43"	[0.00 s].
42.0.Ht: Trace Attempt  1	[0.04 s]
42.0.Ht: Trace Attempt  2	[0.04 s]
42.0.Oh: Proofgrid shell started at 3534038@caddy15.stanford.edu(local) jg_3514426_caddy15.stanford.edu_43
42.0.Ht: Trace Attempt  3	[0.04 s]
42.0.N: Trace Attempt  3	[0.05 s]
42.0.Mpcustom4: Trace Attempt  1	[0.04 s]
42.0.B: Trace Attempt  1	[0.01 s]
42.0.Ht: Trace Attempt  4	[0.04 s]
42.0.Oh: clocks: 1, declared: 1, looping: 0, posedge: 1, negedge: 0, noedge: 0, bothedge: 0
42.0.B: Trace Attempt  2	[0.02 s]
42.0.Ht: Trace Attempt  5	[0.05 s]
42.0.AM: Proofgrid shell started at 3534057@caddy15.stanford.edu(local) jg_3514426_caddy15.stanford.edu_43
42.0.N: Trace Attempt  4	[0.07 s]
42.0.N: Trace Attempt  5	[0.07 s]
42.0.Mpcustom4: Trace Attempt  2	[0.06 s]
42.0.B: Trace Attempt  3	[0.03 s]
42.0.AM: clocks: 1, declared: 1, looping: 0, posedge: 1, negedge: 0, noedge: 0, bothedge: 0
42.0.B: Trace Attempt  4	[0.05 s]
42.0.AM: Last scan. Per property time limit: 0s
42.0.AM: Starting proof for property "CS_div_fsm_s13_43"	[0.00 s].
42.0.AM: Trace Attempt  1	[0.00 s]
42.0.AM: Trace Attempt  2	[0.01 s]
42.0.AM: Trace Attempt  3	[0.03 s]
42.0.B: Trace Attempt  5	[0.09 s]
42.0.N: Trace Attempt  5	[0.14 s]
42.0.AM: Trace Attempt  4	[0.06 s]
42.0.AM: Trace Attempt  5	[0.08 s]
42.0.Oh: bwd trail(1): 1 0.108761s
42.0.Oh: All properties either determined or skipped. [0.13 s]
42.0.Oh: Exited with Success (@ 0.22 s)
42.0.Oh: Completed, Restart ignored.
42.0.Mpcustom4: Trace Attempt  3	[0.61 s]
42.0.Mpcustom4: Trace Attempt  3	[0.66 s]
42.0.Mpcustom4: Trace Attempt  4	[0.68 s]
42.0.Mpcustom4: Trace Attempt  4	[0.74 s]
42.0.Mpcustom4: Trace Attempt  5	[0.76 s]
42.0.AM: Trace Attempt 49	[4.08 s]
42.0.B: Trace Attempt 50	[4.14 s]
42.0.Ht: Trace Attempt 56	[4.25 s]
42.0.N: Trace Attempt 29	[4.37 s]
42.0.Mpcustom4: Trace Attempt 31	[5.46 s]
42.0.AM: Trace Attempt  1	[5.80 s]
42.0.AM: Trace Attempt  2	[5.82 s]
42.0.AM: Trace Attempt  3	[5.83 s]
42.0.AM: Trace Attempt  5	[5.84 s]
42.0.B: Trace Attempt 83	[8.23 s]
42.0.N: Trace Attempt 40	[8.38 s]
42.0.Ht: Trace Attempt 81	[8.76 s]
42.0.Mpcustom4: Trace Attempt 37	[9.62 s]
42.0.AM: Trace Attempt 58	[9.94 s]
42.0.N: Trace Attempt 51	[12.52 s]
42.0.Mpcustom4: Trace Attempt 46	[13.87 s]
42.0.N: Trace Attempt 55	[18.92 s]
42.0.Mpcustom4: Trace Attempt 48	[19.38 s]
42.0.AM: Trace Attempt 80	[23.50 s]
42.0.N: Trace Attempt 61	[23.88 s]
42.0.N: Trace Attempt  1	[24.09 s]
42.0.N: Trace Attempt  2	[24.11 s]
42.0.N: Trace Attempt  3	[24.12 s]
42.0.N: Trace Attempt  5	[24.13 s]
42.0.Mpcustom4: Trace Attempt 48	[25.07 s]
42.0.N: Requesting engine job to stop
42.0.B: Requesting engine job to stop
42.0.AM: Requesting engine job to stop
42.0.Hp: Requesting engine job to terminate
42.0.Ht: Requesting engine job to terminate
42.0.Mpcustom4: Requesting engine job to terminate
INFO (IPF144): 42: Initiating shutdown of proof [28.83 s]
42.0.B: A trace with 83 cycles was found. [28.73 s]
INFO (IPF047): 42.0.B: The cover property "CS_div_fsm_s13_43" was covered in 83 cycles in 28.79 s.
42.0.B: Stopped processing property "CS_div_fsm_s13_43"	[28.83 s].
42.0.B: All properties determined. [28.76 s]
42.0.B: Exited with Success (@ 28.85 s)
42: ProofGrid usable level: 0
42.0.N: Trace Attempt 75	[27.43 s]
42.0.N: Stopped processing property "CS_div_fsm_s13_43"	[28.89 s].
42.0.N: All properties determined. [28.89 s]
42.0.N: Exited with Success (@ 28.93 s)
42.0.Mpcustom4: Trace Attempt 49	[28.74 s]
42.0.Mpcustom4: All properties determined. [29.11 s]
42.0.Mpcustom4: Exited with Success (@ 29.19 s)
42.0.AM: Stopped processing property "CS_div_fsm_s13_43"	[29.21 s].
42.0.AM: All properties determined. [29.21 s]
42.0.AM: Exited with Success (@ 29.61 s)
42.0.Hp: Interrupted (multi)
42.0.Hp: All properties determined. [29.65 s]
42.0.Hp: Exited with Success (@ 30.63 s)
42.0.Ht: Sending SIGKILL
42.0.Ht: Terminated by signal SIGKILL (@ 30.91 s)
42: --------------------------------------------------------------
ProofGrid Summary (utilization 99.64 %)
--------------------------------------------------------------
     engines started                               :     7
     engine jobs started                           :     7

    Average time in state (seconds)
    ------------------------------------------------------
    Engine  Pending     Running        Dead    Utilization
    ------------------------------------------------------
      N        0.09       28.82        0.00       99.68 %
     Hp        0.08       28.80        0.00       99.71 %
     Ht        0.08       28.79        0.00       99.71 %
    Mpcustom4        0.08       28.79        0.00       99.71 %
     Oh        0.11        0.13        0.00       54.91 %
      B        0.07       28.77        0.00       99.74 %
     AM        0.10       28.72        0.00       99.64 %
    all        0.09       24.69        0.00       99.64 %

    Total time in state (seconds)
    -----------------------------------------
            Pending     Running        Dead  
    -----------------------------------------
               0.63      172.82        0.00

    Data read    : 235.52 kiB
    Data written : 54.62 kiB

42: All pending notifications were processed.
INFO (IPF059): 42: Completed proof on task: "mytask"
cover -name CS_div_fsm_s13_44 {@(posedge clk_i) !div_fsm_s13 ##1 div_fsm_s13 [*44] ##1 !div_fsm_s13 }
INFO (IPF036): Starting proof on task: "mytask", 1 properties to prove with 0 already proven/unreachable
INFO (IPF031): Settings used for proof thread 43:
    orchestration                 = on (auto)
    time_limit                    = 600s
    per_property_time_limit       = 1s * 10 ^ scan
    engine_mode                   = auto
    proofgrid_per_engine_max_jobs = 1
    max engine jobs               = auto
    proofgrid_mode                = local
    proofgrid_restarts            = 10
43: Using multistage preprocessing
43: Starting reduce
43: Finished reduce in 0.043s
43.0.PRE: Performing Proof Simplification...
43.0.N: clocks: 1, declared: 1, looping: 0, posedge: 1, negedge: 0, noedge: 0, bothedge: 0
43.0.N: Proof Simplification Iteration 1	[0.00 s]
43.0.N: Proof Simplification Iteration 2	[0.04 s]
43.0.N: Proof Simplification Iteration 3	[0.06 s]
43.0.N: Proof Simplification Iteration 4	[0.07 s]
43.0.N: Proof Simplification Iteration 5	[0.09 s]
43.0.N: Proof Simplification Iteration 6	[0.11 s]
43.0.N: Proof Simplification Iteration 7	[0.13 s]
43.0.N: Proof Simplification Iteration 8	[0.15 s]
43.0.N: Proof Simplification Iteration 9	[0.17 s]
43.0.N: Proof Simplification Iteration 10	[0.18 s]
43.0.PRE: Proof Simplification completed in 0.23 s
43: About to start ProofGrid in its own thread with a limit of 10000 pending notifications and a limit of 10 traces.
43: =============================== ProofGrid start ===============================
43: ProofGrid usable level: 1
43: Initial ProofGrid level: 1
43: ProofGrid is starting event handling
43.0.N: caddy15.stanford.edu: "Rocky Linux 8.10 (Green Obsidian)" is an unsupported operating system.
43.0.Hp: caddy15.stanford.edu: "Rocky Linux 8.10 (Green Obsidian)" is an unsupported operating system.
43.0.Ht: caddy15.stanford.edu: "Rocky Linux 8.10 (Green Obsidian)" is an unsupported operating system.
43.0.Mpcustom4: caddy15.stanford.edu: "Rocky Linux 8.10 (Green Obsidian)" is an unsupported operating system.
43.0.N: Proofgrid shell started at 3534713@caddy15.stanford.edu(local) jg_3514426_caddy15.stanford.edu_44
43.0.Hp: Proofgrid shell started at 3534714@caddy15.stanford.edu(local) jg_3514426_caddy15.stanford.edu_44
43.0.N: clocks: 1, declared: 1, looping: 0, posedge: 1, negedge: 0, noedge: 0, bothedge: 0
43.0.Hp: clocks: 1, declared: 1, looping: 0, posedge: 1, negedge: 0, noedge: 0, bothedge: 0
43.0.N: Last scan. Per property time limit: 0s
43.0.N: Starting proof for property "CS_div_fsm_s13_44"	[0.00 s].
43.0.N: Trace Attempt  1	[0.01 s]
43.0.Mpcustom4: Proofgrid shell started at 3534738@caddy15.stanford.edu(local) jg_3514426_caddy15.stanford.edu_44
43.0.N: Trace Attempt  2	[0.01 s]
43.0.N: Trace Attempt  3	[0.01 s]
43.0.Mpcustom4: clocks: 1, declared: 1, looping: 0, posedge: 1, negedge: 0, noedge: 0, bothedge: 0
43.0.Ht: Proofgrid shell started at 3534736@caddy15.stanford.edu(local) jg_3514426_caddy15.stanford.edu_44
43.0.N: Trace Attempt  3	[0.04 s]
43.0.Ht: clocks: 1, declared: 1, looping: 0, posedge: 1, negedge: 0, noedge: 0, bothedge: 0
43.0.Mpcustom4: Trace Attempt  1	[0.04 s]
43.0.Oh: caddy15.stanford.edu: "Rocky Linux 8.10 (Green Obsidian)" is an unsupported operating system.
43.0.N: Trace Attempt  4	[0.06 s]
43.0.N: Trace Attempt  5	[0.06 s]
43.0.Mpcustom4: Trace Attempt  2	[0.06 s]
43.0.Ht: Trace Attempt  1	[0.04 s]
43.0.Ht: Trace Attempt  2	[0.04 s]
43.0.Ht: Trace Attempt  3	[0.04 s]
43.0.Ht: Trace Attempt  4	[0.05 s]
43.0.Ht: Trace Attempt  5	[0.06 s]
43.0.B: caddy15.stanford.edu: "Rocky Linux 8.10 (Green Obsidian)" is an unsupported operating system.
43.0.N: Trace Attempt  5	[0.12 s]
43.0.AM: caddy15.stanford.edu: "Rocky Linux 8.10 (Green Obsidian)" is an unsupported operating system.
43.0.Oh: Proofgrid shell started at 3534763@caddy15.stanford.edu(local) jg_3514426_caddy15.stanford.edu_44
43.0.Oh: clocks: 1, declared: 1, looping: 0, posedge: 1, negedge: 0, noedge: 0, bothedge: 0
43.0.B: Proofgrid shell started at 3534769@caddy15.stanford.edu(local) jg_3514426_caddy15.stanford.edu_44
43.0.B: clocks: 1, declared: 1, looping: 0, posedge: 1, negedge: 0, noedge: 0, bothedge: 0
43.0.B: Last scan. Per property time limit: 0s
43.0.B: Starting proof for property "CS_div_fsm_s13_44"	[0.00 s].
43.0.AM: Proofgrid shell started at 3534778@caddy15.stanford.edu(local) jg_3514426_caddy15.stanford.edu_44
43.0.B: Trace Attempt  1	[0.01 s]
43.0.B: Trace Attempt  2	[0.02 s]
43.0.B: Trace Attempt  3	[0.04 s]
43.0.AM: clocks: 1, declared: 1, looping: 0, posedge: 1, negedge: 0, noedge: 0, bothedge: 0
43.0.AM: Last scan. Per property time limit: 0s
43.0.AM: Starting proof for property "CS_div_fsm_s13_44"	[0.00 s].
43.0.B: Trace Attempt  4	[0.07 s]
43.0.AM: Trace Attempt  1	[0.00 s]
43.0.AM: Trace Attempt  2	[0.01 s]
43.0.AM: Trace Attempt  3	[0.05 s]
43.0.Oh: bwd trail(1): 1 0.116446s
43.0.Oh: All properties either determined or skipped. [0.26 s]
43.0.Oh: Exited with Success (@ 0.59 s)
43.0.Oh: Completed, Restart ignored.
43.0.B: Trace Attempt  5	[0.15 s]
43.0.AM: Trace Attempt  4	[0.10 s]
43.0.Mpcustom4: Trace Attempt  3	[0.62 s]
43.0.AM: Trace Attempt  5	[0.15 s]
43.0.Mpcustom4: Trace Attempt  3	[0.67 s]
43.0.Mpcustom4: Trace Attempt  4	[0.69 s]
43.0.Mpcustom4: Trace Attempt  4	[0.75 s]
43.0.Mpcustom4: Trace Attempt  5	[0.77 s]
43.0.Ht: Trace Attempt 54	[4.07 s]
43.0.N: Trace Attempt 26	[4.14 s]
43.0.B: Trace Attempt 45	[4.22 s]
43.0.AM: Trace Attempt 48	[4.16 s]
43.0.Mpcustom4: Trace Attempt 31	[5.48 s]
43.0.Ht: Trace Attempt 76	[8.46 s]
43.0.B: Trace Attempt 80	[8.22 s]
43.0.N: Trace Attempt 39	[8.64 s]
43.0.AM: Trace Attempt 57	[8.60 s]
43.0.AM: Trace Attempt  1	[8.86 s]
43.0.AM: Trace Attempt  2	[8.89 s]
43.0.AM: Trace Attempt  3	[8.90 s]
43.0.AM: Trace Attempt  5	[8.91 s]
43.0.Mpcustom4: Trace Attempt 37	[10.19 s]
43.0.N: Trace Attempt 47	[13.01 s]
43.0.AM: Trace Attempt 61	[13.46 s]
43.0.AM: Trace Attempt  1	[13.97 s]
43.0.Mpcustom4: Trace Attempt 48	[14.46 s]
43.0.AM: Trace Attempt  2	[14.00 s]
43.0.AM: Trace Attempt  3	[14.01 s]
43.0.AM: Trace Attempt  5	[14.02 s]
43.0.N: Trace Attempt 53	[17.32 s]
43.0.AM: Trace Attempt 63	[18.64 s]
43.0.Mpcustom4: Trace Attempt 49	[19.57 s]
43.0.N: Trace Attempt 57	[21.69 s]
43.0.N: Trace Attempt  1	[21.82 s]
43.0.N: Trace Attempt  2	[21.85 s]
43.0.N: Trace Attempt  3	[21.85 s]
43.0.N: Trace Attempt  5	[21.87 s]
43.0.Mpcustom4: Trace Attempt 54	[24.37 s]
43.0.Mpcustom4: Trace Attempt 59	[28.45 s]
43.0.N: Trace Attempt 79	[29.61 s]
43.0.AM: Trace Attempt 77	[30.94 s]
43.0.Mpcustom4: Trace Attempt 70	[33.16 s]
43.0.Ht: Trace Attempt 77	[37.22 s]
43.0.Mpcustom4: Trace Attempt 77	[38.05 s]
43.0.N: Requesting engine job to stop
43.0.B: Requesting engine job to stop
43.0.AM: Requesting engine job to stop
43.0.Hp: Requesting engine job to terminate
43.0.Ht: Requesting engine job to terminate
43.0.Mpcustom4: Requesting engine job to terminate
INFO (IPF144): 43: Initiating shutdown of proof [38.20 s]
43.0.B: Trace Attempt 84	[8.99 s]
43.0.B: A trace with 84 cycles was found. [37.73 s]
INFO (IPF047): 43.0.B: The cover property "CS_div_fsm_s13_44" was covered in 84 cycles in 37.77 s.
43: ProofGrid usable level: 0
43.0.B: Stopped processing property "CS_div_fsm_s13_44"	[37.77 s].
43.0.B: All properties determined. [37.76 s]
43.0.B: Exited with Success (@ 38.23 s)
43.0.N: Stopped processing property "CS_div_fsm_s13_44"	[38.24 s].
43.0.N: All properties determined. [38.26 s]
43.0.N: Exited with Success (@ 38.73 s)
43.0.Mpcustom4: Trace Attempt 79	[38.19 s]
43.0.Mpcustom4: All properties determined. [38.69 s]
43.0.AM: Trace Attempt 83	[31.11 s]
43.0.AM: Stopped processing property "CS_div_fsm_s13_44"	[38.41 s].
43.0.Mpcustom4: Exited with Success (@ 38.92 s)
43.0.AM: All properties determined. [38.41 s]
43.0.Hp: Interrupted (multi)
43.0.Hp: All properties determined. [38.92 s]
43.0.AM: Exited with Success (@ 39.40 s)
43.0.Hp: Exited with Success (@ 39.40 s)
43.0.Ht: Sending SIGKILL
43.0.Ht: Trace Attempt 84	[37.62 s]
43.0.Ht: Terminated by signal SIGKILL (@ 40.43 s)
43: --------------------------------------------------------------
ProofGrid Summary (utilization 99.29 %)
--------------------------------------------------------------
     engines started                               :     7
     engine jobs started                           :     7

    Average time in state (seconds)
    ------------------------------------------------------
    Engine  Pending     Running        Dead    Utilization
    ------------------------------------------------------
      N        0.11       38.19        0.00       99.71 %
     Hp        0.09       38.19        0.00       99.76 %
     Ht        0.11       38.14        0.00       99.71 %
    Mpcustom4        0.09       38.16        0.00       99.76 %
     Oh        0.35        0.27        0.00       43.35 %
      B        0.43       37.78        0.00       98.89 %
     AM        0.46       37.72        0.00       98.80 %
    all        0.23       32.64        0.00       99.29 %

    Total time in state (seconds)
    -----------------------------------------
            Pending     Running        Dead  
    -----------------------------------------
               1.64      228.45        0.00

    Data read    : 248.79 kiB
    Data written : 31.75 kiB

43: All pending notifications were processed.
INFO (IPF059): 43: Completed proof on task: "mytask"
cover -name CS_div_fsm_s13_45 {@(posedge clk_i) !div_fsm_s13 ##1 div_fsm_s13 [*45] ##1 !div_fsm_s13 }
INFO (IPF036): Starting proof on task: "mytask", 1 properties to prove with 0 already proven/unreachable
INFO (IPF031): Settings used for proof thread 44:
    orchestration                 = on (auto)
    time_limit                    = 600s
    per_property_time_limit       = 1s * 10 ^ scan
    engine_mode                   = auto
    proofgrid_per_engine_max_jobs = 1
    max engine jobs               = auto
    proofgrid_mode                = local
    proofgrid_restarts            = 10
44: Using multistage preprocessing
44: Starting reduce
44: Finished reduce in 0.042s
44.0.PRE: Performing Proof Simplification...
44.0.N: clocks: 1, declared: 1, looping: 0, posedge: 1, negedge: 0, noedge: 0, bothedge: 0
44.0.N: Proof Simplification Iteration 1	[0.00 s]
44.0.N: Proof Simplification Iteration 2	[0.04 s]
44.0.N: Proof Simplification Iteration 3	[0.05 s]
44.0.N: Proof Simplification Iteration 4	[0.07 s]
44.0.N: Proof Simplification Iteration 5	[0.09 s]
44.0.N: Proof Simplification Iteration 6	[0.11 s]
44.0.N: Proof Simplification Iteration 7	[0.13 s]
44.0.N: Proof Simplification Iteration 8	[0.14 s]
44.0.N: Proof Simplification Iteration 9	[0.16 s]
44.0.N: Proof Simplification Iteration 10	[0.18 s]
44.0.PRE: Proof Simplification completed in 0.23 s
44: About to start ProofGrid in its own thread with a limit of 10000 pending notifications and a limit of 10 traces.
44: =============================== ProofGrid start ===============================
44: ProofGrid usable level: 1
44: Initial ProofGrid level: 1
44: ProofGrid is starting event handling
44.0.Hp: caddy15.stanford.edu: "Rocky Linux 8.10 (Green Obsidian)" is an unsupported operating system.
44.0.N: caddy15.stanford.edu: "Rocky Linux 8.10 (Green Obsidian)" is an unsupported operating system.
44.0.Ht: caddy15.stanford.edu: "Rocky Linux 8.10 (Green Obsidian)" is an unsupported operating system.
44.0.Mpcustom4: caddy15.stanford.edu: "Rocky Linux 8.10 (Green Obsidian)" is an unsupported operating system.
44.0.Hp: Proofgrid shell started at 3535176@caddy15.stanford.edu(local) jg_3514426_caddy15.stanford.edu_45
44.0.N: Proofgrid shell started at 3535175@caddy15.stanford.edu(local) jg_3514426_caddy15.stanford.edu_45
44.0.Oh: caddy15.stanford.edu: "Rocky Linux 8.10 (Green Obsidian)" is an unsupported operating system.
44.0.Hp: clocks: 1, declared: 1, looping: 0, posedge: 1, negedge: 0, noedge: 0, bothedge: 0
44.0.N: clocks: 1, declared: 1, looping: 0, posedge: 1, negedge: 0, noedge: 0, bothedge: 0
44.0.Ht: Proofgrid shell started at 3535198@caddy15.stanford.edu(local) jg_3514426_caddy15.stanford.edu_45
44.0.N: Last scan. Per property time limit: 0s
44.0.N: Starting proof for property "CS_div_fsm_s13_45"	[0.00 s].
44.0.B: caddy15.stanford.edu: "Rocky Linux 8.10 (Green Obsidian)" is an unsupported operating system.
44.0.AM: caddy15.stanford.edu: "Rocky Linux 8.10 (Green Obsidian)" is an unsupported operating system.
44.0.N: Trace Attempt  1	[0.01 s]
44.0.Ht: clocks: 1, declared: 1, looping: 0, posedge: 1, negedge: 0, noedge: 0, bothedge: 0
44.0.N: Trace Attempt  2	[0.01 s]
44.0.N: Trace Attempt  3	[0.01 s]
44.0.Mpcustom4: Proofgrid shell started at 3535217@caddy15.stanford.edu(local) jg_3514426_caddy15.stanford.edu_45
44.0.Mpcustom4: clocks: 1, declared: 1, looping: 0, posedge: 1, negedge: 0, noedge: 0, bothedge: 0
44.0.N: Trace Attempt  3	[0.04 s]
44.0.Oh: Proofgrid shell started at 3535232@caddy15.stanford.edu(local) jg_3514426_caddy15.stanford.edu_45
44.0.Ht: Trace Attempt  1	[0.04 s]
44.0.Ht: Trace Attempt  2	[0.04 s]
44.0.Ht: Trace Attempt  3	[0.04 s]
44.0.Oh: clocks: 1, declared: 1, looping: 0, posedge: 1, negedge: 0, noedge: 0, bothedge: 0
44.0.Ht: Trace Attempt  4	[0.04 s]
44.0.N: Trace Attempt  4	[0.06 s]
44.0.N: Trace Attempt  5	[0.06 s]
44.0.B: Proofgrid shell started at 3535243@caddy15.stanford.edu(local) jg_3514426_caddy15.stanford.edu_45
44.0.Ht: Trace Attempt  5	[0.05 s]
44.0.AM: Proofgrid shell started at 3535244@caddy15.stanford.edu(local) jg_3514426_caddy15.stanford.edu_45
44.0.Mpcustom4: Trace Attempt  1	[0.04 s]
44.0.B: clocks: 1, declared: 1, looping: 0, posedge: 1, negedge: 0, noedge: 0, bothedge: 0
44.0.AM: clocks: 1, declared: 1, looping: 0, posedge: 1, negedge: 0, noedge: 0, bothedge: 0
44.0.B: Last scan. Per property time limit: 0s
44.0.B: Starting proof for property "CS_div_fsm_s13_45"	[0.00 s].
44.0.AM: Last scan. Per property time limit: 0s
44.0.AM: Starting proof for property "CS_div_fsm_s13_45"	[0.00 s].
44.0.Mpcustom4: Trace Attempt  2	[0.06 s]
44.0.AM: Trace Attempt  1	[0.00 s]
44.0.AM: Trace Attempt  2	[0.01 s]
44.0.B: Trace Attempt  1	[0.01 s]
44.0.B: Trace Attempt  2	[0.02 s]
44.0.B: Trace Attempt  3	[0.03 s]
44.0.AM: Trace Attempt  3	[0.03 s]
44.0.B: Trace Attempt  4	[0.04 s]
44.0.N: Trace Attempt  5	[0.12 s]
44.0.AM: Trace Attempt  4	[0.06 s]
44.0.B: Trace Attempt  5	[0.08 s]
44.0.AM: Trace Attempt  5	[0.08 s]
44.0.Oh: bwd trail(1): 1 0.111708s
44.0.Oh: All properties either determined or skipped. [0.13 s]
44.0.Oh: Exited with Success (@ 0.21 s)
44.0.Mpcustom4: Trace Attempt  3	[0.59 s]
44.0.Mpcustom4: Trace Attempt  3	[0.64 s]
44.0.Mpcustom4: Trace Attempt  4	[0.66 s]
44.0.Mpcustom4: Trace Attempt  4	[0.71 s]
44.0.Mpcustom4: Trace Attempt  5	[0.74 s]
44.0.Ht: Trace Attempt 60	[4.13 s]
44.0.B: Trace Attempt 52	[4.14 s]
44.0.AM: Trace Attempt 50	[4.16 s]
44.0.N: Trace Attempt 29	[4.29 s]
44.0.Mpcustom4: Trace Attempt 31	[5.12 s]
44.0.N: Trace Attempt 41	[8.45 s]
44.0.AM: Trace Attempt 58	[8.67 s]
44.0.Mpcustom4: Trace Attempt 37	[9.13 s]
44.0.N: Trace Attempt 53	[12.98 s]
44.0.Mpcustom4: Trace Attempt 49	[13.83 s]
44.0.N: Trace Attempt 57	[17.15 s]
44.0.Mpcustom4: Trace Attempt 50	[17.87 s]
44.0.N: Trace Attempt  1	[18.00 s]
44.0.N: Trace Attempt  2	[18.03 s]
44.0.N: Trace Attempt  3	[18.04 s]
44.0.N: Trace Attempt  5	[18.05 s]
44.0.AM: Trace Attempt 60	[20.34 s]
44.0.AM: Trace Attempt  1	[20.52 s]
44.0.AM: Trace Attempt  2	[20.55 s]
44.0.AM: Trace Attempt  3	[20.55 s]
44.0.AM: Trace Attempt  5	[20.56 s]
44.0.Mpcustom4: Trace Attempt 50	[22.66 s]
44.0.AM: Trace Attempt  1	[24.30 s]
44.0.AM: Trace Attempt  2	[24.33 s]
44.0.AM: Trace Attempt  3	[24.34 s]
44.0.AM: Trace Attempt  5	[24.35 s]
44.0.Mpcustom4: Trace Attempt 51	[28.02 s]
44.0.AM: Trace Attempt 65	[28.72 s]
44.0.N: Trace Attempt 84	[30.80 s]
44.0.Mpcustom4: Trace Attempt 51	[32.07 s]
44.0.N: Requesting engine job to stop
44.0.B: Requesting engine job to stop
44.0.AM: Requesting engine job to stop
44.0.Hp: Requesting engine job to terminate
44.0.Ht: Requesting engine job to terminate
44.0.Mpcustom4: Requesting engine job to terminate
INFO (IPF144): 44: Initiating shutdown of proof [32.90 s]
44.0.B: Trace Attempt 85	[7.99 s]
44.0.B: A trace with 85 cycles was found. [32.77 s]
INFO (IPF047): 44.0.B: The cover property "CS_div_fsm_s13_45" was covered in 85 cycles in 32.82 s.
44.0.B: Stopped processing property "CS_div_fsm_s13_45"	[32.83 s].
44.0.B: All properties determined. [32.80 s]
44.0.B: Exited with Success (@ 32.91 s)
44: ProofGrid usable level: 0
44.0.N: Stopped processing property "CS_div_fsm_s13_45"	[32.95 s].
44.0.N: All properties determined. [32.95 s]
44.0.N: Exited with Success (@ 32.98 s)
44.0.Ht: Interrupted (multi)
44.0.Ht: Trace Attempt 77	[7.28 s]
44.0.Ht: All properties determined. [33.12 s]
44.0.Mpcustom4: All properties determined. [33.17 s]
44.0.Mpcustom4: Exited with Success (@ 33.40 s)
44.0.AM: Trace Attempt 77	[29.70 s]
44.0.AM: Stopped processing property "CS_div_fsm_s13_45"	[33.46 s].
44.0.Ht: Exited with Success (@ 33.55 s)
44.0.AM: All properties determined. [33.46 s]
44.0.Hp: Interrupted (multi)
44.0.Hp: All properties determined. [33.72 s]
44.0.AM: Exited with Success (@ 33.72 s)
44.0.Hp: Exited with Success (@ 34.16 s)
44: --------------------------------------------------------------
ProofGrid Summary (utilization 99.71 %)
--------------------------------------------------------------
     engines started                               :     7
     engine jobs started                           :     7

    Average time in state (seconds)
    ------------------------------------------------------
    Engine  Pending     Running        Dead    Utilization
    ------------------------------------------------------
      N        0.10       32.89        0.00       99.69 %
     Hp        0.08       32.89        0.00       99.76 %
     Ht        0.08       32.87        0.00       99.76 %
    Mpcustom4        0.08       32.85        0.00       99.77 %
     Oh        0.08        0.13        0.00       62.29 %
      B        0.08       32.81        0.00       99.76 %
     AM        0.08       32.81        0.00       99.76 %
    all        0.08       28.18        0.00       99.71 %

    Total time in state (seconds)
    -----------------------------------------
            Pending     Running        Dead  
    -----------------------------------------
               0.57      197.24        0.00

    Data read    : 246.62 kiB
    Data written : 38.77 kiB

44: All pending notifications were processed.
INFO (IPF059): 44: Completed proof on task: "mytask"
cover -name CS_div_fsm_s13_46 {@(posedge clk_i) !div_fsm_s13 ##1 div_fsm_s13 [*46] ##1 !div_fsm_s13 }
INFO (IPF036): Starting proof on task: "mytask", 1 properties to prove with 0 already proven/unreachable
INFO (IPF031): Settings used for proof thread 45:
    orchestration                 = on (auto)
    time_limit                    = 600s
    per_property_time_limit       = 1s * 10 ^ scan
    engine_mode                   = auto
    proofgrid_per_engine_max_jobs = 1
    max engine jobs               = auto
    proofgrid_mode                = local
    proofgrid_restarts            = 10
45: Using multistage preprocessing
45: Starting reduce
45: Finished reduce in 0.042s
45.0.PRE: Performing Proof Simplification...
45.0.N: clocks: 1, declared: 1, looping: 0, posedge: 1, negedge: 0, noedge: 0, bothedge: 0
45.0.N: Proof Simplification Iteration 1	[0.00 s]
45.0.N: Proof Simplification Iteration 2	[0.04 s]
45.0.N: Proof Simplification Iteration 3	[0.06 s]
45.0.N: Proof Simplification Iteration 4	[0.07 s]
45.0.N: Proof Simplification Iteration 5	[0.09 s]
45.0.N: Proof Simplification Iteration 6	[0.11 s]
45.0.N: Proof Simplification Iteration 7	[0.13 s]
45.0.N: Proof Simplification Iteration 8	[0.15 s]
45.0.N: Proof Simplification Iteration 9	[0.16 s]
45.0.N: Proof Simplification Iteration 10	[0.18 s]
45.0.PRE: Proof Simplification completed in 0.23 s
45: About to start ProofGrid in its own thread with a limit of 10000 pending notifications and a limit of 10 traces.
45: =============================== ProofGrid start ===============================
45: ProofGrid usable level: 1
45: Initial ProofGrid level: 1
45: ProofGrid is starting event handling
45.0.Hp: caddy15.stanford.edu: "Rocky Linux 8.10 (Green Obsidian)" is an unsupported operating system.
45.0.N: caddy15.stanford.edu: "Rocky Linux 8.10 (Green Obsidian)" is an unsupported operating system.
45.0.Ht: caddy15.stanford.edu: "Rocky Linux 8.10 (Green Obsidian)" is an unsupported operating system.
45.0.Mpcustom4: caddy15.stanford.edu: "Rocky Linux 8.10 (Green Obsidian)" is an unsupported operating system.
45.0.Oh: caddy15.stanford.edu: "Rocky Linux 8.10 (Green Obsidian)" is an unsupported operating system.
45.0.Hp: Proofgrid shell started at 3535633@caddy15.stanford.edu(local) jg_3514426_caddy15.stanford.edu_46
45.0.N: Proofgrid shell started at 3535632@caddy15.stanford.edu(local) jg_3514426_caddy15.stanford.edu_46
45.0.Mpcustom4: Proofgrid shell started at 3535657@caddy15.stanford.edu(local) jg_3514426_caddy15.stanford.edu_46
45.0.B: caddy15.stanford.edu: "Rocky Linux 8.10 (Green Obsidian)" is an unsupported operating system.
45.0.Hp: clocks: 1, declared: 1, looping: 0, posedge: 1, negedge: 0, noedge: 0, bothedge: 0
45.0.N: clocks: 1, declared: 1, looping: 0, posedge: 1, negedge: 0, noedge: 0, bothedge: 0
45.0.Mpcustom4: clocks: 1, declared: 1, looping: 0, posedge: 1, negedge: 0, noedge: 0, bothedge: 0
45.0.N: Last scan. Per property time limit: 0s
45.0.N: Starting proof for property "CS_div_fsm_s13_46"	[0.00 s].
45.0.AM: caddy15.stanford.edu: "Rocky Linux 8.10 (Green Obsidian)" is an unsupported operating system.
45.0.Ht: Proofgrid shell started at 3535655@caddy15.stanford.edu(local) jg_3514426_caddy15.stanford.edu_46
45.0.N: Trace Attempt  1	[0.01 s]
45.0.N: Trace Attempt  2	[0.01 s]
45.0.N: Trace Attempt  3	[0.01 s]
45.0.Ht: clocks: 1, declared: 1, looping: 0, posedge: 1, negedge: 0, noedge: 0, bothedge: 0
45.0.Oh: Proofgrid shell started at 3535685@caddy15.stanford.edu(local) jg_3514426_caddy15.stanford.edu_46
45.0.Mpcustom4: Trace Attempt  1	[0.04 s]
45.0.Oh: clocks: 1, declared: 1, looping: 0, posedge: 1, negedge: 0, noedge: 0, bothedge: 0
45.0.N: Trace Attempt  3	[0.04 s]
45.0.B: Proofgrid shell started at 3535704@caddy15.stanford.edu(local) jg_3514426_caddy15.stanford.edu_46
45.0.Ht: Trace Attempt  1	[0.04 s]
45.0.Ht: Trace Attempt  2	[0.04 s]
45.0.Mpcustom4: Trace Attempt  2	[0.06 s]
45.0.Ht: Trace Attempt  3	[0.04 s]
45.0.B: clocks: 1, declared: 1, looping: 0, posedge: 1, negedge: 0, noedge: 0, bothedge: 0
45.0.Ht: Trace Attempt  4	[0.04 s]
45.0.N: Trace Attempt  4	[0.06 s]
45.0.N: Trace Attempt  5	[0.06 s]
45.0.AM: Proofgrid shell started at 3535713@caddy15.stanford.edu(local) jg_3514426_caddy15.stanford.edu_46
45.0.B: Last scan. Per property time limit: 0s
45.0.B: Starting proof for property "CS_div_fsm_s13_46"	[0.00 s].
45.0.Ht: Trace Attempt  5	[0.05 s]
45.0.AM: clocks: 1, declared: 1, looping: 0, posedge: 1, negedge: 0, noedge: 0, bothedge: 0
45.0.B: Trace Attempt  1	[0.01 s]
45.0.B: Trace Attempt  2	[0.02 s]
45.0.AM: Last scan. Per property time limit: 0s
45.0.AM: Starting proof for property "CS_div_fsm_s13_46"	[0.00 s].
45.0.AM: Trace Attempt  1	[0.00 s]
45.0.AM: Trace Attempt  2	[0.01 s]
45.0.B: Trace Attempt  3	[0.03 s]
45.0.B: Trace Attempt  4	[0.04 s]
45.0.AM: Trace Attempt  3	[0.03 s]
45.0.N: Trace Attempt  5	[0.11 s]
45.0.AM: Trace Attempt  4	[0.06 s]
45.0.B: Trace Attempt  5	[0.07 s]
45.0.Oh: bwd trail(1): 1 0.110942s
45.0.AM: Trace Attempt  5	[0.08 s]
45.0.Oh: All properties either determined or skipped. [0.13 s]
45.0.Oh: Exited with Success (@ 0.18 s)
45.0.Mpcustom4: Trace Attempt  3	[0.60 s]
45.0.Mpcustom4: Trace Attempt  3	[0.64 s]
45.0.Mpcustom4: Trace Attempt  4	[0.67 s]
45.0.Mpcustom4: Trace Attempt  4	[0.72 s]
45.0.Mpcustom4: Trace Attempt  5	[0.75 s]
45.0.Ht: Trace Attempt 58	[4.15 s]
45.0.N: Trace Attempt 29	[4.17 s]
45.0.B: Trace Attempt 52	[4.12 s]
45.0.AM: Trace Attempt 50	[4.21 s]
45.0.Mpcustom4: Trace Attempt 31	[5.14 s]
45.0.AM: Trace Attempt  1	[6.72 s]
45.0.AM: Trace Attempt  2	[6.75 s]
45.0.AM: Trace Attempt  3	[6.76 s]
45.0.AM: Trace Attempt  5	[6.77 s]
45.0.N: Trace Attempt 41	[8.48 s]
45.0.Mpcustom4: Trace Attempt 37	[9.18 s]
45.0.AM: Trace Attempt 60	[10.82 s]
45.0.N: Trace Attempt 50	[12.54 s]
45.0.Mpcustom4: Trace Attempt 50	[13.80 s]
45.0.N: Trace Attempt 56	[17.08 s]
45.0.N: Trace Attempt  1	[17.68 s]
45.0.N: Trace Attempt  2	[17.69 s]
45.0.N: Trace Attempt  3	[17.69 s]
45.0.N: Trace Attempt  5	[17.69 s]
45.0.Mpcustom4: Trace Attempt 54	[18.37 s]
45.0.Mpcustom4: Trace Attempt 54	[23.65 s]
45.0.AM: Trace Attempt 83	[24.26 s]
45.0.Mpcustom4: Trace Attempt 62	[28.13 s]
45.0.N: Requesting engine job to stop
45.0.B: Requesting engine job to stop
45.0.AM: Requesting engine job to stop
45.0.Hp: Requesting engine job to terminate
45.0.Ht: Requesting engine job to terminate
45.0.Mpcustom4: Requesting engine job to terminate
INFO (IPF144): 45: Initiating shutdown of proof [29.40 s]
45.0.B: Trace Attempt 86	[8.04 s]
45.0.B: A trace with 86 cycles was found. [29.29 s]
INFO (IPF047): 45.0.B: The cover property "CS_div_fsm_s13_46" was covered in 86 cycles in 29.34 s.
45.0.B: Stopped processing property "CS_div_fsm_s13_46"	[29.35 s].
45.0.B: All properties determined. [29.32 s]
45.0.B: Exited with Success (@ 29.68 s)
45: ProofGrid usable level: 0
45.0.N: Trace Attempt 73	[19.22 s]
45.0.N: Stopped processing property "CS_div_fsm_s13_46"	[29.66 s].
45.0.N: All properties determined. [29.67 s]
45.0.N: Exited with Success (@ 29.69 s)
45.0.Mpcustom4: Trace Attempt 65	[28.28 s]
45.0.Mpcustom4: All properties determined. [29.79 s]
45.0.Mpcustom4: Exited with Success (@ 29.85 s)
45.0.AM: Trace Attempt 84	[24.62 s]
45.0.AM: Stopped processing property "CS_div_fsm_s13_46"	[29.79 s].
45.0.AM: All properties determined. [29.79 s]
45.0.AM: Exited with Success (@ 29.90 s)
45.0.Hp: Interrupted (multi)
45.0.Hp: All properties determined. [30.21 s]
45.0.Ht: Interrupted (multi)
45.0.Ht: Trace Attempt 74	[7.17 s]
45.0.Ht: All properties determined. [30.59 s]
45.0.Hp: Exited with Success (@ 31.12 s)
45.0.Ht: Exited with Success (@ 31.23 s)
45: --------------------------------------------------------------
ProofGrid Summary (utilization 99.69 %)
--------------------------------------------------------------
     engines started                               :     7
     engine jobs started                           :     7

    Average time in state (seconds)
    ------------------------------------------------------
    Engine  Pending     Running        Dead    Utilization
    ------------------------------------------------------
      N        0.10       29.39        0.00       99.65 %
     Hp        0.08       29.39        0.00       99.73 %
     Ht        0.08       29.37        0.00       99.73 %
    Mpcustom4        0.06       29.39        0.00       99.80 %
     Oh        0.08        0.13        0.00       62.29 %
      B        0.08       29.33        0.00       99.74 %
     AM        0.08       29.32        0.00       99.73 %
    all        0.08       25.19        0.00       99.69 %

    Total time in state (seconds)
    -----------------------------------------
            Pending     Running        Dead  
    -----------------------------------------
               0.55      176.33        0.00

    Data read    : 244.02 kiB
    Data written : 36.31 kiB

45: All pending notifications were processed.
INFO (IPF059): 45: Completed proof on task: "mytask"
cover -name CS_div_fsm_s13_47 {@(posedge clk_i) !div_fsm_s13 ##1 div_fsm_s13 [*47] ##1 !div_fsm_s13 }
INFO (IPF036): Starting proof on task: "mytask", 1 properties to prove with 0 already proven/unreachable
INFO (IPF031): Settings used for proof thread 46:
    orchestration                 = on (auto)
    time_limit                    = 600s
    per_property_time_limit       = 1s * 10 ^ scan
    engine_mode                   = auto
    proofgrid_per_engine_max_jobs = 1
    max engine jobs               = auto
    proofgrid_mode                = local
    proofgrid_restarts            = 10
46: Using multistage preprocessing
46: Starting reduce
46: Finished reduce in 0.041s
46.0.PRE: Performing Proof Simplification...
46.0.N: clocks: 1, declared: 1, looping: 0, posedge: 1, negedge: 0, noedge: 0, bothedge: 0
46.0.N: Proof Simplification Iteration 1	[0.00 s]
46.0.N: Proof Simplification Iteration 2	[0.04 s]
46.0.N: Proof Simplification Iteration 3	[0.05 s]
46.0.N: Proof Simplification Iteration 4	[0.07 s]
46.0.N: Proof Simplification Iteration 5	[0.09 s]
46.0.N: Proof Simplification Iteration 6	[0.11 s]
46.0.N: Proof Simplification Iteration 7	[0.12 s]
46.0.N: Proof Simplification Iteration 8	[0.14 s]
46.0.N: Proof Simplification Iteration 9	[0.16 s]
46.0.N: Proof Simplification Iteration 10	[0.18 s]
46.0.PRE: Proof Simplification completed in 0.22 s
46: About to start ProofGrid in its own thread with a limit of 10000 pending notifications and a limit of 10 traces.
46: =============================== ProofGrid start ===============================
46: ProofGrid usable level: 1
46: Initial ProofGrid level: 1
46: ProofGrid is starting event handling
46.0.Hp: caddy15.stanford.edu: "Rocky Linux 8.10 (Green Obsidian)" is an unsupported operating system.
46.0.N: caddy15.stanford.edu: "Rocky Linux 8.10 (Green Obsidian)" is an unsupported operating system.
46.0.Ht: caddy15.stanford.edu: "Rocky Linux 8.10 (Green Obsidian)" is an unsupported operating system.
46.0.Mpcustom4: caddy15.stanford.edu: "Rocky Linux 8.10 (Green Obsidian)" is an unsupported operating system.
46.0.Oh: caddy15.stanford.edu: "Rocky Linux 8.10 (Green Obsidian)" is an unsupported operating system.
46.0.Hp: Proofgrid shell started at 3535870@caddy15.stanford.edu(local) jg_3514426_caddy15.stanford.edu_47
46.0.N: Proofgrid shell started at 3535869@caddy15.stanford.edu(local) jg_3514426_caddy15.stanford.edu_47
46.0.B: caddy15.stanford.edu: "Rocky Linux 8.10 (Green Obsidian)" is an unsupported operating system.
46.0.N: clocks: 1, declared: 1, looping: 0, posedge: 1, negedge: 0, noedge: 0, bothedge: 0
46.0.Hp: clocks: 1, declared: 1, looping: 0, posedge: 1, negedge: 0, noedge: 0, bothedge: 0
46.0.Ht: Proofgrid shell started at 3535891@caddy15.stanford.edu(local) jg_3514426_caddy15.stanford.edu_47
46.0.Mpcustom4: Proofgrid shell started at 3535895@caddy15.stanford.edu(local) jg_3514426_caddy15.stanford.edu_47
46.0.N: Last scan. Per property time limit: 0s
46.0.N: Starting proof for property "CS_div_fsm_s13_47"	[0.00 s].
46.0.Ht: clocks: 1, declared: 1, looping: 0, posedge: 1, negedge: 0, noedge: 0, bothedge: 0
46.0.AM: caddy15.stanford.edu: "Rocky Linux 8.10 (Green Obsidian)" is an unsupported operating system.
46.0.N: Trace Attempt  1	[0.01 s]
46.0.N: Trace Attempt  2	[0.01 s]
46.0.N: Trace Attempt  3	[0.01 s]
46.0.Mpcustom4: clocks: 1, declared: 1, looping: 0, posedge: 1, negedge: 0, noedge: 0, bothedge: 0
46.0.Oh: Proofgrid shell started at 3535922@caddy15.stanford.edu(local) jg_3514426_caddy15.stanford.edu_47
46.0.Oh: clocks: 1, declared: 1, looping: 0, posedge: 1, negedge: 0, noedge: 0, bothedge: 0
46.0.Ht: Trace Attempt  1	[0.04 s]
46.0.Ht: Trace Attempt  2	[0.04 s]
46.0.Ht: Trace Attempt  3	[0.04 s]
46.0.N: Trace Attempt  3	[0.04 s]
46.0.B: Proofgrid shell started at 3535940@caddy15.stanford.edu(local) jg_3514426_caddy15.stanford.edu_47
46.0.Mpcustom4: Trace Attempt  1	[0.04 s]
46.0.Ht: Trace Attempt  4	[0.04 s]
46.0.B: clocks: 1, declared: 1, looping: 0, posedge: 1, negedge: 0, noedge: 0, bothedge: 0
46.0.Ht: Trace Attempt  5	[0.05 s]
46.0.N: Trace Attempt  4	[0.06 s]
46.0.N: Trace Attempt  5	[0.06 s]
46.0.AM: Proofgrid shell started at 3535953@caddy15.stanford.edu(local) jg_3514426_caddy15.stanford.edu_47
46.0.B: Last scan. Per property time limit: 0s
46.0.B: Starting proof for property "CS_div_fsm_s13_47"	[0.00 s].
46.0.Mpcustom4: Trace Attempt  2	[0.05 s]
46.0.AM: clocks: 1, declared: 1, looping: 0, posedge: 1, negedge: 0, noedge: 0, bothedge: 0
46.0.B: Trace Attempt  1	[0.01 s]
46.0.B: Trace Attempt  2	[0.01 s]
46.0.AM: Last scan. Per property time limit: 0s
46.0.AM: Starting proof for property "CS_div_fsm_s13_47"	[0.00 s].
46.0.AM: Trace Attempt  1	[0.00 s]
46.0.AM: Trace Attempt  2	[0.01 s]
46.0.B: Trace Attempt  3	[0.02 s]
46.0.B: Trace Attempt  4	[0.03 s]
46.0.AM: Trace Attempt  3	[0.03 s]
46.0.N: Trace Attempt  5	[0.11 s]
46.0.B: Trace Attempt  5	[0.07 s]
46.0.AM: Trace Attempt  4	[0.06 s]
46.0.Oh: bwd trail(1): 1 0.109066s
46.0.Oh: All properties either determined or skipped. [0.12 s]
46.0.AM: Trace Attempt  5	[0.08 s]
46.0.Oh: Exited with Success (@ 0.18 s)
46.0.Mpcustom4: Trace Attempt  3	[0.59 s]
46.0.Mpcustom4: Trace Attempt  3	[0.64 s]
46.0.Mpcustom4: Trace Attempt  4	[0.66 s]
46.0.Mpcustom4: Trace Attempt  4	[0.72 s]
46.0.Mpcustom4: Trace Attempt  5	[0.74 s]
46.0.B: Trace Attempt 53	[4.07 s]
46.0.N: Trace Attempt 29	[4.23 s]
46.0.Ht: Trace Attempt 60	[4.25 s]
46.0.AM: Trace Attempt 50	[4.21 s]
46.0.Mpcustom4: Trace Attempt 31	[5.24 s]
46.0.N: Trace Attempt 41	[8.49 s]
46.0.AM: Trace Attempt 60	[8.76 s]
46.0.Mpcustom4: Trace Attempt 37	[9.35 s]
46.0.N: Trace Attempt 50	[12.54 s]
46.0.Mpcustom4: Trace Attempt 51	[14.31 s]
46.0.N: Trace Attempt 59	[17.88 s]
46.0.N: Trace Attempt  1	[18.05 s]
46.0.N: Trace Attempt  2	[18.07 s]
46.0.N: Trace Attempt  3	[18.08 s]
46.0.N: Trace Attempt  5	[18.09 s]
46.0.Mpcustom4: Trace Attempt 52	[18.82 s]
46.0.AM: Trace Attempt 62	[20.69 s]
46.0.AM: Trace Attempt  1	[20.86 s]
46.0.AM: Trace Attempt  2	[20.89 s]
46.0.AM: Trace Attempt  3	[20.89 s]
46.0.AM: Trace Attempt  5	[20.90 s]
46.0.Mpcustom4: Trace Attempt 53	[23.30 s]
46.0.AM: Trace Attempt  1	[24.73 s]
46.0.AM: Trace Attempt  2	[24.75 s]
46.0.AM: Trace Attempt  3	[24.76 s]
46.0.AM: Trace Attempt  5	[24.77 s]
46.0.Mpcustom4: Trace Attempt 53	[27.75 s]
46.0.AM: Trace Attempt 69	[28.92 s]
46.0.Mpcustom4: Trace Attempt 61	[32.41 s]
46.0.Mpcustom4: Trace Attempt 70	[37.30 s]
46.0.N: Requesting engine job to stop
46.0.B: Requesting engine job to stop
46.0.AM: Requesting engine job to stop
46.0.Hp: Requesting engine job to terminate
46.0.Ht: Requesting engine job to terminate
46.0.Mpcustom4: Requesting engine job to terminate
INFO (IPF144): 46: Initiating shutdown of proof [37.97 s]
46.0.B: Trace Attempt 87	[7.89 s]
46.0.B: A trace with 87 cycles was found. [37.86 s]
INFO (IPF047): 46.0.B: The cover property "CS_div_fsm_s13_47" was covered in 87 cycles in 37.91 s.
46: ProofGrid usable level: 0
46.0.B: Stopped processing property "CS_div_fsm_s13_47"	[37.92 s].
46.0.B: All properties determined. [37.89 s]
46.0.N: Trace Attempt 70	[21.89 s]
46.0.N: Stopped processing property "CS_div_fsm_s13_47"	[38.02 s].
46.0.B: Exited with Success (@ 38.05 s)
46.0.N: All properties determined. [38.03 s]
46.0.N: Exited with Success (@ 38.31 s)
46.0.Ht: Interrupted (multi)
46.0.Ht: Trace Attempt 79	[7.66 s]
46.0.Ht: All properties determined. [38.31 s]
46.0.Mpcustom4: Trace Attempt 74	[37.61 s]
46.0.Mpcustom4: All properties determined. [38.39 s]
46.0.Mpcustom4: Exited with Success (@ 38.46 s)
46.0.Hp: Interrupted (multi)
46.0.Hp: All properties determined. [38.85 s]
46.0.Ht: Exited with Success (@ 38.86 s)
46.0.AM: Trace Attempt 80	[29.30 s]
46.0.AM: Stopped processing property "CS_div_fsm_s13_47"	[38.97 s].
46.0.Hp: Exited with Success (@ 39.06 s)
46.0.AM: All properties determined. [38.97 s]
46.0.AM: Exited with Success (@ 39.09 s)
46: --------------------------------------------------------------
ProofGrid Summary (utilization 99.76 %)
--------------------------------------------------------------
     engines started                               :     7
     engine jobs started                           :     7

    Average time in state (seconds)
    ------------------------------------------------------
    Engine  Pending     Running        Dead    Utilization
    ------------------------------------------------------
      N        0.10       37.96        0.00       99.73 %
     Hp        0.08       37.96        0.00       99.79 %
     Ht        0.07       37.95        0.00       99.82 %
    Mpcustom4        0.08       37.94        0.00       99.80 %
     Oh        0.08        0.13        0.00       62.09 %
      B        0.08       37.90        0.00       99.80 %
     AM        0.08       37.89        0.00       99.80 %
    all        0.08       32.53        0.00       99.76 %

    Total time in state (seconds)
    -----------------------------------------
            Pending     Running        Dead  
    -----------------------------------------
               0.56      227.73        0.00

    Data read    : 254.87 kiB
    Data written : 44.24 kiB

46: All pending notifications were processed.
INFO (IPF059): 46: Completed proof on task: "mytask"
cover -name CS_div_fsm_s13_48 {@(posedge clk_i) !div_fsm_s13 ##1 div_fsm_s13 [*48] ##1 !div_fsm_s13 }
INFO (IPF036): Starting proof on task: "mytask", 1 properties to prove with 0 already proven/unreachable
INFO (IPF031): Settings used for proof thread 47:
    orchestration                 = on (auto)
    time_limit                    = 600s
    per_property_time_limit       = 1s * 10 ^ scan
    engine_mode                   = auto
    proofgrid_per_engine_max_jobs = 1
    max engine jobs               = auto
    proofgrid_mode                = local
    proofgrid_restarts            = 10
47: Using multistage preprocessing
47: Starting reduce
47: Finished reduce in 0.043s
47.0.PRE: Performing Proof Simplification...
47.0.N: clocks: 1, declared: 1, looping: 0, posedge: 1, negedge: 0, noedge: 0, bothedge: 0
47.0.N: Proof Simplification Iteration 1	[0.00 s]
47.0.N: Proof Simplification Iteration 2	[0.04 s]
47.0.N: Proof Simplification Iteration 3	[0.06 s]
47.0.N: Proof Simplification Iteration 4	[0.07 s]
47.0.N: Proof Simplification Iteration 5	[0.09 s]
47.0.N: Proof Simplification Iteration 6	[0.11 s]
47.0.N: Proof Simplification Iteration 7	[0.13 s]
47.0.N: Proof Simplification Iteration 8	[0.15 s]
47.0.N: Proof Simplification Iteration 9	[0.17 s]
47.0.N: Proof Simplification Iteration 10	[0.18 s]
47.0.PRE: Proof Simplification completed in 0.23 s
47: About to start ProofGrid in its own thread with a limit of 10000 pending notifications and a limit of 10 traces.
47: =============================== ProofGrid start ===============================
47: ProofGrid usable level: 1
47: Initial ProofGrid level: 1
47: ProofGrid is starting event handling
47.0.N: caddy15.stanford.edu: "Rocky Linux 8.10 (Green Obsidian)" is an unsupported operating system.
47.0.Hp: caddy15.stanford.edu: "Rocky Linux 8.10 (Green Obsidian)" is an unsupported operating system.
47.0.Ht: caddy15.stanford.edu: "Rocky Linux 8.10 (Green Obsidian)" is an unsupported operating system.
47.0.Mpcustom4: caddy15.stanford.edu: "Rocky Linux 8.10 (Green Obsidian)" is an unsupported operating system.
47.0.Hp: Proofgrid shell started at 3536323@caddy15.stanford.edu(local) jg_3514426_caddy15.stanford.edu_48
47.0.N: Proofgrid shell started at 3536322@caddy15.stanford.edu(local) jg_3514426_caddy15.stanford.edu_48
47.0.Oh: caddy15.stanford.edu: "Rocky Linux 8.10 (Green Obsidian)" is an unsupported operating system.
47.0.N: clocks: 1, declared: 1, looping: 0, posedge: 1, negedge: 0, noedge: 0, bothedge: 0
47.0.Hp: clocks: 1, declared: 1, looping: 0, posedge: 1, negedge: 0, noedge: 0, bothedge: 0
47.0.Ht: Proofgrid shell started at 3536345@caddy15.stanford.edu(local) jg_3514426_caddy15.stanford.edu_48
47.0.N: Last scan. Per property time limit: 0s
47.0.N: Starting proof for property "CS_div_fsm_s13_48"	[0.00 s].
47.0.B: caddy15.stanford.edu: "Rocky Linux 8.10 (Green Obsidian)" is an unsupported operating system.
47.0.AM: caddy15.stanford.edu: "Rocky Linux 8.10 (Green Obsidian)" is an unsupported operating system.
47.0.N: Trace Attempt  1	[0.01 s]
47.0.N: Trace Attempt  2	[0.01 s]
47.0.N: Trace Attempt  3	[0.01 s]
47.0.Ht: clocks: 1, declared: 1, looping: 0, posedge: 1, negedge: 0, noedge: 0, bothedge: 0
47.0.Mpcustom4: Proofgrid shell started at 3536364@caddy15.stanford.edu(local) jg_3514426_caddy15.stanford.edu_48
47.0.Mpcustom4: clocks: 1, declared: 1, looping: 0, posedge: 1, negedge: 0, noedge: 0, bothedge: 0
47.0.N: Trace Attempt  3	[0.04 s]
47.0.Oh: Proofgrid shell started at 3536379@caddy15.stanford.edu(local) jg_3514426_caddy15.stanford.edu_48
47.0.Ht: Trace Attempt  1	[0.04 s]
47.0.Ht: Trace Attempt  2	[0.04 s]
47.0.Ht: Trace Attempt  3	[0.04 s]
47.0.Oh: clocks: 1, declared: 1, looping: 0, posedge: 1, negedge: 0, noedge: 0, bothedge: 0
47.0.Ht: Trace Attempt  4	[0.04 s]
47.0.N: Trace Attempt  4	[0.05 s]
47.0.N: Trace Attempt  5	[0.06 s]
47.0.Ht: Trace Attempt  5	[0.05 s]
47.0.AM: Proofgrid shell started at 3536392@caddy15.stanford.edu(local) jg_3514426_caddy15.stanford.edu_48
47.0.B: Proofgrid shell started at 3536390@caddy15.stanford.edu(local) jg_3514426_caddy15.stanford.edu_48
47.0.Mpcustom4: Trace Attempt  1	[0.04 s]
47.0.AM: clocks: 1, declared: 1, looping: 0, posedge: 1, negedge: 0, noedge: 0, bothedge: 0
47.0.B: clocks: 1, declared: 1, looping: 0, posedge: 1, negedge: 0, noedge: 0, bothedge: 0
47.0.B: Last scan. Per property time limit: 0s
47.0.B: Starting proof for property "CS_div_fsm_s13_48"	[0.00 s].
47.0.AM: Last scan. Per property time limit: 0s
47.0.AM: Starting proof for property "CS_div_fsm_s13_48"	[0.00 s].
47.0.AM: Trace Attempt  1	[0.00 s]
47.0.AM: Trace Attempt  2	[0.01 s]
47.0.Mpcustom4: Trace Attempt  2	[0.06 s]
47.0.B: Trace Attempt  1	[0.01 s]
47.0.B: Trace Attempt  2	[0.01 s]
47.0.B: Trace Attempt  3	[0.02 s]
47.0.AM: Trace Attempt  3	[0.03 s]
47.0.N: Trace Attempt  5	[0.11 s]
47.0.B: Trace Attempt  4	[0.04 s]
47.0.AM: Trace Attempt  4	[0.05 s]
47.0.B: Trace Attempt  5	[0.07 s]
47.0.AM: Trace Attempt  5	[0.08 s]
47.0.Oh: bwd trail(1): 1 0.109193s
47.0.Oh: All properties either determined or skipped. [0.12 s]
47.0.Oh: Exited with Success (@ 0.20 s)
47.0.Oh: Completed, Restart ignored.
47.0.Mpcustom4: Trace Attempt  3	[0.61 s]
47.0.Mpcustom4: Trace Attempt  3	[0.66 s]
47.0.Mpcustom4: Trace Attempt  4	[0.68 s]
47.0.Mpcustom4: Trace Attempt  4	[0.73 s]
47.0.Mpcustom4: Trace Attempt  5	[0.76 s]
47.0.B: Trace Attempt 54	[4.09 s]
47.0.AM: Trace Attempt 50	[4.13 s]
47.0.N: Trace Attempt 29	[4.23 s]
47.0.Ht: Trace Attempt 63	[4.27 s]
47.0.Mpcustom4: Trace Attempt 31	[5.32 s]
47.0.N: Trace Attempt 41	[8.60 s]
47.0.AM: Trace Attempt 61	[9.23 s]
47.0.Mpcustom4: Trace Attempt 37	[9.40 s]
47.0.AM: Trace Attempt  1	[9.49 s]
47.0.AM: Trace Attempt  2	[9.52 s]
47.0.AM: Trace Attempt  3	[9.52 s]
47.0.AM: Trace Attempt  5	[9.53 s]
47.0.N: Trace Attempt 50	[12.65 s]
47.0.Mpcustom4: Trace Attempt 52	[13.99 s]
47.0.AM: Trace Attempt 65	[14.62 s]
47.0.AM: Trace Attempt  1	[14.93 s]
47.0.AM: Trace Attempt  2	[14.96 s]
47.0.AM: Trace Attempt  3	[14.97 s]
47.0.AM: Trace Attempt  5	[14.98 s]
47.0.N: Trace Attempt 57	[17.09 s]
47.0.N: Trace Attempt  1	[18.66 s]
47.0.N: Trace Attempt  2	[18.69 s]
47.0.N: Trace Attempt  3	[18.70 s]
47.0.N: Trace Attempt  5	[18.71 s]
47.0.Mpcustom4: Trace Attempt 54	[19.12 s]
47.0.AM: Trace Attempt 68	[19.28 s]
47.0.N: Trace Attempt 71	[22.75 s]
47.0.Mpcustom4: Trace Attempt 54	[24.52 s]
47.0.N: Requesting engine job to stop
47.0.B: Requesting engine job to stop
47.0.AM: Requesting engine job to stop
47.0.Hp: Requesting engine job to terminate
47.0.Ht: Requesting engine job to terminate
47.0.Mpcustom4: Requesting engine job to terminate
INFO (IPF144): 47: Initiating shutdown of proof [31.30 s]
47.0.B: Trace Attempt 88	[7.83 s]
47.0.B: A trace with 88 cycles was found. [31.18 s]
INFO (IPF047): 47.0.B: The cover property "CS_div_fsm_s13_48" was covered in 88 cycles in 31.23 s.
47.0.B: Stopped processing property "CS_div_fsm_s13_48"	[31.23 s].
47.0.B: All properties determined. [31.21 s]
47.0.N: Stopped processing property "CS_div_fsm_s13_48"	[31.35 s].
47.0.B: Exited with Success (@ 31.37 s)
47: ProofGrid usable level: 0
47.0.N: All properties determined. [31.35 s]
47.0.AM: Trace Attempt 81	[20.38 s]
47.0.AM: Stopped processing property "CS_div_fsm_s13_48"	[31.31 s].
47.0.N: Exited with Success (@ 31.41 s)
47.0.AM: All properties determined. [31.32 s]
47.0.AM: Exited with Success (@ 31.65 s)
47.0.Mpcustom4: Trace Attempt 54	[26.44 s]
47.0.Mpcustom4: All properties determined. [31.61 s]
47.0.Mpcustom4: Exited with Success (@ 31.69 s)
47.0.Hp: Interrupted (multi)
47.0.Hp: All properties determined. [32.28 s]
47.0.Hp: Exited with Success (@ 32.45 s)
47.0.Ht: Interrupted (multi)
47.0.Ht: Trace Attempt 80	[7.41 s]
47.0.Ht: All properties determined. [32.61 s]
47.0.Ht: Exited with Success (@ 33.35 s)
47: --------------------------------------------------------------
ProofGrid Summary (utilization 99.70 %)
--------------------------------------------------------------
     engines started                               :     7
     engine jobs started                           :     7

    Average time in state (seconds)
    ------------------------------------------------------
    Engine  Pending     Running        Dead    Utilization
    ------------------------------------------------------
      N        0.10       31.29        0.00       99.67 %
     Hp        0.08       31.30        0.00       99.74 %
     Ht        0.08       31.28        0.00       99.76 %
    Mpcustom4        0.08       31.26        0.00       99.75 %
     Oh        0.08        0.13        0.00       61.83 %
      B        0.08       31.22        0.00       99.75 %
     AM        0.08       31.22        0.00       99.75 %
    all        0.08       26.81        0.00       99.70 %

    Total time in state (seconds)
    -----------------------------------------
            Pending     Running        Dead  
    -----------------------------------------
               0.57      187.69        0.00

    Data read    : 249.97 kiB
    Data written : 49.15 kiB

47: All pending notifications were processed.
INFO (IPF059): 47: Completed proof on task: "mytask"
cover -name CS_div_fsm_s13_49 {@(posedge clk_i) !div_fsm_s13 ##1 div_fsm_s13 [*49] ##1 !div_fsm_s13 }
INFO (IPF036): Starting proof on task: "mytask", 1 properties to prove with 0 already proven/unreachable
INFO (IPF031): Settings used for proof thread 48:
    orchestration                 = on (auto)
    time_limit                    = 600s
    per_property_time_limit       = 1s * 10 ^ scan
    engine_mode                   = auto
    proofgrid_per_engine_max_jobs = 1
    max engine jobs               = auto
    proofgrid_mode                = local
    proofgrid_restarts            = 10
48: Using multistage preprocessing
48: Starting reduce
48: Finished reduce in 0.042s
48.0.PRE: Performing Proof Simplification...
48.0.N: clocks: 1, declared: 1, looping: 0, posedge: 1, negedge: 0, noedge: 0, bothedge: 0
48.0.N: Proof Simplification Iteration 1	[0.00 s]
48.0.N: Proof Simplification Iteration 2	[0.04 s]
48.0.N: Proof Simplification Iteration 3	[0.06 s]
48.0.N: Proof Simplification Iteration 4	[0.07 s]
48.0.N: Proof Simplification Iteration 5	[0.09 s]
48.0.N: Proof Simplification Iteration 6	[0.11 s]
48.0.N: Proof Simplification Iteration 7	[0.13 s]
48.0.N: Proof Simplification Iteration 8	[0.15 s]
48.0.N: Proof Simplification Iteration 9	[0.16 s]
48.0.N: Proof Simplification Iteration 10	[0.18 s]
48.0.PRE: Proof Simplification completed in 0.23 s
48: About to start ProofGrid in its own thread with a limit of 10000 pending notifications and a limit of 10 traces.
48: =============================== ProofGrid start ===============================
48: ProofGrid usable level: 1
48: Initial ProofGrid level: 1
48: ProofGrid is starting event handling
48.0.N: caddy15.stanford.edu: "Rocky Linux 8.10 (Green Obsidian)" is an unsupported operating system.
48.0.Hp: caddy15.stanford.edu: "Rocky Linux 8.10 (Green Obsidian)" is an unsupported operating system.
48.0.Mpcustom4: caddy15.stanford.edu: "Rocky Linux 8.10 (Green Obsidian)" is an unsupported operating system.
48.0.Ht: caddy15.stanford.edu: "Rocky Linux 8.10 (Green Obsidian)" is an unsupported operating system.
48.0.Oh: caddy15.stanford.edu: "Rocky Linux 8.10 (Green Obsidian)" is an unsupported operating system.
48.0.N: Proofgrid shell started at 3536664@caddy15.stanford.edu(local) jg_3514426_caddy15.stanford.edu_49
48.0.Hp: Proofgrid shell started at 3536665@caddy15.stanford.edu(local) jg_3514426_caddy15.stanford.edu_49
48.0.B: caddy15.stanford.edu: "Rocky Linux 8.10 (Green Obsidian)" is an unsupported operating system.
48.0.N: clocks: 1, declared: 1, looping: 0, posedge: 1, negedge: 0, noedge: 0, bothedge: 0
48.0.Hp: clocks: 1, declared: 1, looping: 0, posedge: 1, negedge: 0, noedge: 0, bothedge: 0
48.0.Ht: Proofgrid shell started at 3536687@caddy15.stanford.edu(local) jg_3514426_caddy15.stanford.edu_49
48.0.N: Last scan. Per property time limit: 0s
48.0.N: Starting proof for property "CS_div_fsm_s13_49"	[0.00 s].
48.0.Mpcustom4: Proofgrid shell started at 3536689@caddy15.stanford.edu(local) jg_3514426_caddy15.stanford.edu_49
48.0.AM: caddy15.stanford.edu: "Rocky Linux 8.10 (Green Obsidian)" is an unsupported operating system.
48.0.N: Trace Attempt  1	[0.01 s]
48.0.N: Trace Attempt  2	[0.01 s]
48.0.Ht: clocks: 1, declared: 1, looping: 0, posedge: 1, negedge: 0, noedge: 0, bothedge: 0
48.0.Mpcustom4: clocks: 1, declared: 1, looping: 0, posedge: 1, negedge: 0, noedge: 0, bothedge: 0
48.0.N: Trace Attempt  3	[0.01 s]
48.0.Oh: Proofgrid shell started at 3536717@caddy15.stanford.edu(local) jg_3514426_caddy15.stanford.edu_49
48.0.Oh: clocks: 1, declared: 1, looping: 0, posedge: 1, negedge: 0, noedge: 0, bothedge: 0
48.0.N: Trace Attempt  3	[0.04 s]
48.0.Ht: Trace Attempt  1	[0.04 s]
48.0.Ht: Trace Attempt  2	[0.04 s]
48.0.Mpcustom4: Trace Attempt  1	[0.04 s]
48.0.B: Proofgrid shell started at 3536736@caddy15.stanford.edu(local) jg_3514426_caddy15.stanford.edu_49
48.0.Ht: Trace Attempt  3	[0.04 s]
48.0.Ht: Trace Attempt  4	[0.04 s]
48.0.B: clocks: 1, declared: 1, looping: 0, posedge: 1, negedge: 0, noedge: 0, bothedge: 0
48.0.N: Trace Attempt  4	[0.06 s]
48.0.N: Trace Attempt  5	[0.06 s]
48.0.Ht: Trace Attempt  5	[0.05 s]
48.0.AM: Proofgrid shell started at 3536747@caddy15.stanford.edu(local) jg_3514426_caddy15.stanford.edu_49
48.0.B: Last scan. Per property time limit: 0s
48.0.B: Starting proof for property "CS_div_fsm_s13_49"	[0.00 s].
48.0.Mpcustom4: Trace Attempt  2	[0.06 s]
48.0.AM: clocks: 1, declared: 1, looping: 0, posedge: 1, negedge: 0, noedge: 0, bothedge: 0
48.0.B: Trace Attempt  1	[0.01 s]
48.0.B: Trace Attempt  2	[0.01 s]
48.0.AM: Last scan. Per property time limit: 0s
48.0.AM: Starting proof for property "CS_div_fsm_s13_49"	[0.00 s].
48.0.AM: Trace Attempt  1	[0.00 s]
48.0.AM: Trace Attempt  2	[0.01 s]
48.0.B: Trace Attempt  3	[0.02 s]
48.0.B: Trace Attempt  4	[0.04 s]
48.0.AM: Trace Attempt  3	[0.03 s]
48.0.N: Trace Attempt  5	[0.11 s]
48.0.AM: Trace Attempt  4	[0.05 s]
48.0.B: Trace Attempt  5	[0.07 s]
48.0.Oh: bwd trail(1): 1 0.113298s
48.0.AM: Trace Attempt  5	[0.08 s]
48.0.Oh: All properties either determined or skipped. [0.13 s]
48.0.Oh: Exited with Success (@ 0.18 s)
48.0.Mpcustom4: Trace Attempt  3	[0.59 s]
48.0.Mpcustom4: Trace Attempt  3	[0.64 s]
48.0.Mpcustom4: Trace Attempt  4	[0.66 s]
48.0.Mpcustom4: Trace Attempt  4	[0.71 s]
48.0.Mpcustom4: Trace Attempt  5	[0.73 s]
48.0.N: Trace Attempt 29	[4.14 s]
48.0.Ht: Trace Attempt 63	[4.14 s]
48.0.B: Trace Attempt 52	[4.12 s]
48.0.AM: Trace Attempt 50	[4.18 s]
48.0.Mpcustom4: Trace Attempt 31	[5.17 s]
48.0.AM: Trace Attempt  1	[7.35 s]
48.0.AM: Trace Attempt  2	[7.38 s]
48.0.AM: Trace Attempt  3	[7.39 s]
48.0.AM: Trace Attempt  5	[7.40 s]
48.0.B: Trace Attempt 87	[8.18 s]
48.0.N: Trace Attempt 41	[8.37 s]
48.0.Ht: Trace Attempt 85	[8.37 s]
48.0.Mpcustom4: Trace Attempt 37	[9.18 s]
48.0.AM: Trace Attempt 64	[11.48 s]
48.0.N: Trace Attempt 51	[13.08 s]
48.0.Mpcustom4: Trace Attempt 53	[14.74 s]
48.0.N: Trace Attempt 60	[18.01 s]
48.0.Mpcustom4: Trace Attempt 53	[18.86 s]
48.0.N: Trace Attempt  1	[19.31 s]
48.0.N: Trace Attempt  2	[19.34 s]
48.0.N: Trace Attempt  3	[19.34 s]
48.0.N: Trace Attempt  5	[19.35 s]
48.0.Mpcustom4: Trace Attempt 54	[23.09 s]
48.0.AM: Trace Attempt 86	[24.93 s]
48.0.N: Requesting engine job to stop
48.0.B: Requesting engine job to stop
48.0.AM: Requesting engine job to stop
48.0.Hp: Requesting engine job to terminate
48.0.Ht: Requesting engine job to terminate
48.0.Mpcustom4: Requesting engine job to terminate
INFO (IPF144): 48: Initiating shutdown of proof [26.39 s]
48.0.B: Trace Attempt 89	[8.48 s]
48.0.B: A trace with 89 cycles was found. [26.28 s]
INFO (IPF047): 48.0.B: The cover property "CS_div_fsm_s13_49" was covered in 89 cycles in 26.33 s.
48.0.B: Stopped processing property "CS_div_fsm_s13_49"	[26.34 s].
48.0.B: All properties determined. [26.31 s]
48.0.B: Exited with Success (@ 26.40 s)
48: ProofGrid usable level: 0
48.0.N: Trace Attempt 74	[22.64 s]
48.0.N: Stopped processing property "CS_div_fsm_s13_49"	[26.43 s].
48.0.N: All properties determined. [26.43 s]
48.0.N: Exited with Success (@ 26.72 s)
48.0.Mpcustom4: Trace Attempt 54	[24.63 s]
48.0.Mpcustom4: All properties determined. [26.70 s]
48.0.AM: Stopped processing property "CS_div_fsm_s13_49"	[26.73 s].
48.0.Mpcustom4: Exited with Success (@ 26.82 s)
48.0.AM: All properties determined. [26.73 s]
48.0.AM: Exited with Success (@ 27.09 s)
48.0.Hp: Interrupted (multi)
48.0.Hp: All properties determined. [27.26 s]
48.0.Hp: Exited with Success (@ 27.74 s)
48.0.Ht: Sending SIGKILL
48.0.Ht: Terminated by signal SIGKILL (@ 28.52 s)
48: --------------------------------------------------------------
ProofGrid Summary (utilization 99.65 %)
--------------------------------------------------------------
     engines started                               :     7
     engine jobs started                           :     7

    Average time in state (seconds)
    ------------------------------------------------------
    Engine  Pending     Running        Dead    Utilization
    ------------------------------------------------------
      N        0.10       26.38        0.00       99.63 %
     Hp        0.08       26.38        0.00       99.70 %
     Ht        0.07       26.37        0.00       99.72 %
    Mpcustom4        0.08       26.37        0.00       99.72 %
     Oh        0.08        0.13        0.00       62.92 %
      B        0.08       26.32        0.00       99.70 %
     AM        0.08       26.31        0.00       99.70 %
    all        0.08       22.61        0.00       99.65 %

    Total time in state (seconds)
    -----------------------------------------
            Pending     Running        Dead  
    -----------------------------------------
               0.56      158.26        0.00

    Data read    : 248.80 kiB
    Data written : 40.83 kiB

48: All pending notifications were processed.
INFO (IPF059): 48: Completed proof on task: "mytask"
cover -name CS_div_fsm_s13_50 {@(posedge clk_i) !div_fsm_s13 ##1 div_fsm_s13 [*50] ##1 !div_fsm_s13 }
INFO (IPF036): Starting proof on task: "mytask", 1 properties to prove with 0 already proven/unreachable
INFO (IPF031): Settings used for proof thread 49:
    orchestration                 = on (auto)
    time_limit                    = 600s
    per_property_time_limit       = 1s * 10 ^ scan
    engine_mode                   = auto
    proofgrid_per_engine_max_jobs = 1
    max engine jobs               = auto
    proofgrid_mode                = local
    proofgrid_restarts            = 10
49: Using multistage preprocessing
49: Starting reduce
49: Finished reduce in 0.043s
49.0.PRE: Performing Proof Simplification...
49.0.N: clocks: 1, declared: 1, looping: 0, posedge: 1, negedge: 0, noedge: 0, bothedge: 0
49.0.N: Proof Simplification Iteration 1	[0.00 s]
49.0.N: Proof Simplification Iteration 2	[0.04 s]
49.0.N: Proof Simplification Iteration 3	[0.05 s]
49.0.N: Proof Simplification Iteration 4	[0.07 s]
49.0.N: Proof Simplification Iteration 5	[0.09 s]
49.0.N: Proof Simplification Iteration 6	[0.11 s]
49.0.N: Proof Simplification Iteration 7	[0.13 s]
49.0.N: Proof Simplification Iteration 8	[0.14 s]
49.0.N: Proof Simplification Iteration 9	[0.16 s]
49.0.N: Proof Simplification Iteration 10	[0.18 s]
49.0.PRE: Proof Simplification completed in 0.23 s
49: About to start ProofGrid in its own thread with a limit of 10000 pending notifications and a limit of 10 traces.
49: =============================== ProofGrid start ===============================
49: ProofGrid usable level: 1
49: Initial ProofGrid level: 1
49: ProofGrid is starting event handling
49.0.Hp: caddy15.stanford.edu: "Rocky Linux 8.10 (Green Obsidian)" is an unsupported operating system.
49.0.N: caddy15.stanford.edu: "Rocky Linux 8.10 (Green Obsidian)" is an unsupported operating system.
49.0.Ht: caddy15.stanford.edu: "Rocky Linux 8.10 (Green Obsidian)" is an unsupported operating system.
49.0.Mpcustom4: caddy15.stanford.edu: "Rocky Linux 8.10 (Green Obsidian)" is an unsupported operating system.
49.0.Oh: caddy15.stanford.edu: "Rocky Linux 8.10 (Green Obsidian)" is an unsupported operating system.
49.0.N: Proofgrid shell started at 3536894@caddy15.stanford.edu(local) jg_3514426_caddy15.stanford.edu_50
49.0.Hp: Proofgrid shell started at 3536895@caddy15.stanford.edu(local) jg_3514426_caddy15.stanford.edu_50
49.0.B: caddy15.stanford.edu: "Rocky Linux 8.10 (Green Obsidian)" is an unsupported operating system.
49.0.N: clocks: 1, declared: 1, looping: 0, posedge: 1, negedge: 0, noedge: 0, bothedge: 0
49.0.Hp: clocks: 1, declared: 1, looping: 0, posedge: 1, negedge: 0, noedge: 0, bothedge: 0
49.0.N: Last scan. Per property time limit: 0s
49.0.N: Starting proof for property "CS_div_fsm_s13_50"	[0.00 s].
49.0.Ht: Proofgrid shell started at 3536917@caddy15.stanford.edu(local) jg_3514426_caddy15.stanford.edu_50
49.0.Mpcustom4: Proofgrid shell started at 3536920@caddy15.stanford.edu(local) jg_3514426_caddy15.stanford.edu_50
49.0.AM: caddy15.stanford.edu: "Rocky Linux 8.10 (Green Obsidian)" is an unsupported operating system.
49.0.N: Trace Attempt  1	[0.01 s]
49.0.N: Trace Attempt  2	[0.01 s]
49.0.N: Trace Attempt  3	[0.01 s]
49.0.Mpcustom4: clocks: 1, declared: 1, looping: 0, posedge: 1, negedge: 0, noedge: 0, bothedge: 0
49.0.Ht: clocks: 1, declared: 1, looping: 0, posedge: 1, negedge: 0, noedge: 0, bothedge: 0
49.0.Oh: Proofgrid shell started at 3536947@caddy15.stanford.edu(local) jg_3514426_caddy15.stanford.edu_50
49.0.Oh: clocks: 1, declared: 1, looping: 0, posedge: 1, negedge: 0, noedge: 0, bothedge: 0
49.0.N: Trace Attempt  3	[0.04 s]
49.0.B: Proofgrid shell started at 3536966@caddy15.stanford.edu(local) jg_3514426_caddy15.stanford.edu_50
49.0.Ht: Trace Attempt  1	[0.04 s]
49.0.Ht: Trace Attempt  2	[0.04 s]
49.0.Mpcustom4: Trace Attempt  1	[0.04 s]
49.0.Ht: Trace Attempt  3	[0.04 s]
49.0.B: clocks: 1, declared: 1, looping: 0, posedge: 1, negedge: 0, noedge: 0, bothedge: 0
49.0.Ht: Trace Attempt  4	[0.04 s]
49.0.N: Trace Attempt  4	[0.06 s]
49.0.N: Trace Attempt  5	[0.06 s]
49.0.B: Last scan. Per property time limit: 0s
49.0.B: Starting proof for property "CS_div_fsm_s13_50"	[0.00 s].
49.0.AM: Proofgrid shell started at 3536978@caddy15.stanford.edu(local) jg_3514426_caddy15.stanford.edu_50
49.0.Ht: Trace Attempt  5	[0.05 s]
49.0.Mpcustom4: Trace Attempt  2	[0.05 s]
49.0.B: Trace Attempt  1	[0.01 s]
49.0.AM: clocks: 1, declared: 1, looping: 0, posedge: 1, negedge: 0, noedge: 0, bothedge: 0
49.0.B: Trace Attempt  2	[0.01 s]
49.0.AM: Last scan. Per property time limit: 0s
49.0.AM: Starting proof for property "CS_div_fsm_s13_50"	[0.00 s].
49.0.B: Trace Attempt  3	[0.02 s]
49.0.AM: Trace Attempt  1	[0.00 s]
49.0.AM: Trace Attempt  2	[0.01 s]
49.0.B: Trace Attempt  4	[0.04 s]
49.0.AM: Trace Attempt  3	[0.03 s]
49.0.N: Trace Attempt  5	[0.11 s]
49.0.B: Trace Attempt  5	[0.07 s]
49.0.AM: Trace Attempt  4	[0.05 s]
49.0.Oh: bwd trail(1): 1 0.112743s
49.0.AM: Trace Attempt  5	[0.08 s]
49.0.Oh: All properties either determined or skipped. [0.13 s]
49.0.Oh: Exited with Success (@ 0.18 s)
49.0.Mpcustom4: Trace Attempt  3	[0.59 s]
49.0.Mpcustom4: Trace Attempt  3	[0.63 s]
49.0.Mpcustom4: Trace Attempt  4	[0.66 s]
49.0.Mpcustom4: Trace Attempt  4	[0.71 s]
49.0.Mpcustom4: Trace Attempt  5	[0.73 s]
49.0.B: Trace Attempt 53	[4.08 s]
49.0.Ht: Trace Attempt 63	[4.13 s]
49.0.N: Trace Attempt 29	[4.14 s]
49.0.AM: Trace Attempt 50	[4.23 s]
49.0.Mpcustom4: Trace Attempt 31	[5.20 s]
49.0.B: Trace Attempt 89	[8.10 s]
49.0.N: Trace Attempt 41	[8.34 s]
49.0.Mpcustom4: Trace Attempt 37	[9.24 s]
49.0.AM: Trace Attempt 63	[9.78 s]
49.0.AM: Trace Attempt  1	[10.05 s]
49.0.AM: Trace Attempt  2	[10.08 s]
49.0.AM: Trace Attempt  3	[10.09 s]
49.0.AM: Trace Attempt  5	[10.10 s]
49.0.N: Trace Attempt 51	[12.99 s]
49.0.Mpcustom4: Trace Attempt 55	[13.39 s]
49.0.AM: Trace Attempt  1	[14.03 s]
49.0.AM: Trace Attempt  2	[14.06 s]
49.0.AM: Trace Attempt  3	[14.06 s]
49.0.AM: Trace Attempt  5	[14.08 s]
49.0.N: Trace Attempt 59	[17.91 s]
49.0.Mpcustom4: Trace Attempt 56	[17.97 s]
49.0.AM: Trace Attempt 70	[20.84 s]
49.0.N: Trace Attempt 66	[22.23 s]
49.0.Mpcustom4: Trace Attempt 60	[22.86 s]
49.0.N: Trace Attempt  1	[26.11 s]
49.0.N: Trace Attempt  2	[26.14 s]
49.0.N: Trace Attempt  3	[26.15 s]
49.0.N: Trace Attempt  5	[26.16 s]
49.0.Mpcustom4: Trace Attempt 66	[26.89 s]
49.0.Mpcustom4: Trace Attempt 66	[31.68 s]
49.0.AM: Trace Attempt 81	[32.16 s]
49.0.N: Requesting engine job to stop
49.0.B: Requesting engine job to stop
49.0.AM: Requesting engine job to stop
49.0.Hp: Requesting engine job to terminate
49.0.Ht: Requesting engine job to terminate
49.0.Mpcustom4: Requesting engine job to terminate
INFO (IPF144): 49: Initiating shutdown of proof [35.53 s]
49.0.B: Trace Attempt 90	[8.24 s]
49.0.B: A trace with 90 cycles was found. [35.42 s]
INFO (IPF047): 49.0.B: The cover property "CS_div_fsm_s13_50" was covered in 90 cycles in 35.47 s.
49.0.B: Stopped processing property "CS_div_fsm_s13_50"	[35.48 s].
49.0.B: All properties determined. [35.45 s]
49.0.N: Trace Attempt 75	[29.16 s]
49.0.N: Stopped processing property "CS_div_fsm_s13_50"	[35.58 s].
49.0.B: Exited with Success (@ 35.60 s)
49: ProofGrid usable level: 0
49.0.N: All properties determined. [35.58 s]
49.0.AM: Trace Attempt 89	[34.19 s]
49.0.AM: Stopped processing property "CS_div_fsm_s13_50"	[35.79 s].
49.0.N: Exited with Success (@ 35.88 s)
49.0.AM: All properties determined. [35.79 s]
49.0.AM: Exited with Success (@ 35.91 s)
49.0.Mpcustom4: Trace Attempt 66	[33.60 s]
49.0.Mpcustom4: All properties determined. [35.90 s]
49.0.Mpcustom4: Exited with Success (@ 35.97 s)
49.0.Hp: Interrupted (multi)
49.0.Hp: All properties determined. [36.80 s]
49.0.Hp: Sending SIGKILL
49.0.Ht: Sending SIGKILL
49.0.Hp: Exited with Success (@ 37.56 s)
49.0.Ht: Trace Attempt 82	[7.81 s]
49.0.Ht: Terminated by signal SIGKILL (@ 37.60 s)
49: --------------------------------------------------------------
ProofGrid Summary (utilization 99.73 %)
--------------------------------------------------------------
     engines started                               :     7
     engine jobs started                           :     7

    Average time in state (seconds)
    ------------------------------------------------------
    Engine  Pending     Running        Dead    Utilization
    ------------------------------------------------------
      N        0.10       35.52        0.00       99.71 %
     Hp        0.08       35.52        0.00       99.77 %
     Ht        0.08       35.50        0.00       99.78 %
    Mpcustom4        0.08       35.50        0.00       99.78 %
     Oh        0.08        0.13        0.00       62.72 %
      B        0.07       35.46        0.00       99.79 %
     AM        0.08       35.44        0.00       99.78 %
    all        0.08       30.44        0.00       99.73 %

    Total time in state (seconds)
    -----------------------------------------
            Pending     Running        Dead  
    -----------------------------------------
               0.57      213.07        0.00

    Data read    : 259.43 kiB
    Data written : 34.96 kiB

49: All pending notifications were processed.
INFO (IPF059): 49: Completed proof on task: "mytask"
cover -name CS_div_fsm_s13_51 {@(posedge clk_i) !div_fsm_s13 ##1 div_fsm_s13 [*51] ##1 !div_fsm_s13 }
INFO (IPF036): Starting proof on task: "mytask", 1 properties to prove with 0 already proven/unreachable
INFO (IPF031): Settings used for proof thread 50:
    orchestration                 = on (auto)
    time_limit                    = 600s
    per_property_time_limit       = 1s * 10 ^ scan
    engine_mode                   = auto
    proofgrid_per_engine_max_jobs = 1
    max engine jobs               = auto
    proofgrid_mode                = local
    proofgrid_restarts            = 10
50: Using multistage preprocessing
50: Starting reduce
50: Finished reduce in 0.043s
50.0.PRE: Performing Proof Simplification...
50.0.N: clocks: 1, declared: 1, looping: 0, posedge: 1, negedge: 0, noedge: 0, bothedge: 0
50.0.N: Proof Simplification Iteration 1	[0.00 s]
50.0.N: Proof Simplification Iteration 2	[0.04 s]
50.0.N: Proof Simplification Iteration 3	[0.05 s]
50.0.N: Proof Simplification Iteration 4	[0.07 s]
50.0.N: Proof Simplification Iteration 5	[0.09 s]
50.0.N: Proof Simplification Iteration 6	[0.11 s]
50.0.N: Proof Simplification Iteration 7	[0.13 s]
50.0.N: Proof Simplification Iteration 8	[0.14 s]
50.0.N: Proof Simplification Iteration 9	[0.16 s]
50.0.N: Proof Simplification Iteration 10	[0.18 s]
50.0.PRE: Proof Simplification completed in 0.23 s
50: About to start ProofGrid in its own thread with a limit of 10000 pending notifications and a limit of 10 traces.
50: =============================== ProofGrid start ===============================
50: ProofGrid usable level: 1
50: Initial ProofGrid level: 1
50: ProofGrid is starting event handling
50.0.Hp: caddy15.stanford.edu: "Rocky Linux 8.10 (Green Obsidian)" is an unsupported operating system.
50.0.N: caddy15.stanford.edu: "Rocky Linux 8.10 (Green Obsidian)" is an unsupported operating system.
50.0.Ht: caddy15.stanford.edu: "Rocky Linux 8.10 (Green Obsidian)" is an unsupported operating system.
50.0.Mpcustom4: caddy15.stanford.edu: "Rocky Linux 8.10 (Green Obsidian)" is an unsupported operating system.
50.0.Hp: Proofgrid shell started at 3537239@caddy15.stanford.edu(local) jg_3514426_caddy15.stanford.edu_51
50.0.N: Proofgrid shell started at 3537238@caddy15.stanford.edu(local) jg_3514426_caddy15.stanford.edu_51
50.0.Oh: caddy15.stanford.edu: "Rocky Linux 8.10 (Green Obsidian)" is an unsupported operating system.
50.0.Hp: clocks: 1, declared: 1, looping: 0, posedge: 1, negedge: 0, noedge: 0, bothedge: 0
50.0.N: clocks: 1, declared: 1, looping: 0, posedge: 1, negedge: 0, noedge: 0, bothedge: 0
50.0.N: Last scan. Per property time limit: 0s
50.0.N: Starting proof for property "CS_div_fsm_s13_51"	[0.00 s].
50.0.Ht: Proofgrid shell started at 3537261@caddy15.stanford.edu(local) jg_3514426_caddy15.stanford.edu_51
50.0.B: caddy15.stanford.edu: "Rocky Linux 8.10 (Green Obsidian)" is an unsupported operating system.
50.0.AM: caddy15.stanford.edu: "Rocky Linux 8.10 (Green Obsidian)" is an unsupported operating system.
50.0.N: Trace Attempt  1	[0.01 s]
50.0.N: Trace Attempt  2	[0.01 s]
50.0.N: Trace Attempt  3	[0.01 s]
50.0.Ht: clocks: 1, declared: 1, looping: 0, posedge: 1, negedge: 0, noedge: 0, bothedge: 0
50.0.Mpcustom4: Proofgrid shell started at 3537280@caddy15.stanford.edu(local) jg_3514426_caddy15.stanford.edu_51
50.0.Mpcustom4: clocks: 1, declared: 1, looping: 0, posedge: 1, negedge: 0, noedge: 0, bothedge: 0
50.0.N: Trace Attempt  3	[0.04 s]
50.0.Ht: Trace Attempt  1	[0.04 s]
50.0.Ht: Trace Attempt  2	[0.04 s]
50.0.Oh: Proofgrid shell started at 3537295@caddy15.stanford.edu(local) jg_3514426_caddy15.stanford.edu_51
50.0.Ht: Trace Attempt  3	[0.04 s]
50.0.Ht: Trace Attempt  4	[0.04 s]
50.0.Oh: clocks: 1, declared: 1, looping: 0, posedge: 1, negedge: 0, noedge: 0, bothedge: 0
50.0.N: Trace Attempt  4	[0.05 s]
50.0.N: Trace Attempt  5	[0.05 s]
50.0.Ht: Trace Attempt  5	[0.05 s]
50.0.AM: Proofgrid shell started at 3537307@caddy15.stanford.edu(local) jg_3514426_caddy15.stanford.edu_51
50.0.B: Proofgrid shell started at 3537305@caddy15.stanford.edu(local) jg_3514426_caddy15.stanford.edu_51
50.0.Mpcustom4: Trace Attempt  1	[0.04 s]
50.0.B: clocks: 1, declared: 1, looping: 0, posedge: 1, negedge: 0, noedge: 0, bothedge: 0
50.0.AM: clocks: 1, declared: 1, looping: 0, posedge: 1, negedge: 0, noedge: 0, bothedge: 0
50.0.B: Last scan. Per property time limit: 0s
50.0.B: Starting proof for property "CS_div_fsm_s13_51"	[0.00 s].
50.0.AM: Last scan. Per property time limit: 0s
50.0.AM: Starting proof for property "CS_div_fsm_s13_51"	[0.00 s].
50.0.Mpcustom4: Trace Attempt  2	[0.05 s]
50.0.AM: Trace Attempt  1	[0.00 s]
50.0.AM: Trace Attempt  2	[0.01 s]
50.0.B: Trace Attempt  1	[0.01 s]
50.0.B: Trace Attempt  2	[0.01 s]
50.0.B: Trace Attempt  3	[0.02 s]
50.0.AM: Trace Attempt  3	[0.03 s]
50.0.N: Trace Attempt  5	[0.10 s]
50.0.B: Trace Attempt  4	[0.04 s]
50.0.AM: Trace Attempt  4	[0.06 s]
50.0.B: Trace Attempt  5	[0.07 s]
50.0.AM: Trace Attempt  5	[0.08 s]
50.0.Oh: bwd trail(1): 1 0.102432s
50.0.Oh: All properties either determined or skipped. [0.12 s]
50.0.Oh: Exited with Success (@ 0.19 s)
50.0.Mpcustom4: Trace Attempt  3	[0.56 s]
50.0.Mpcustom4: Trace Attempt  3	[0.61 s]
50.0.Mpcustom4: Trace Attempt  4	[0.63 s]
50.0.Mpcustom4: Trace Attempt  4	[0.69 s]
50.0.Mpcustom4: Trace Attempt  5	[0.71 s]
50.0.Ht: Trace Attempt 64	[4.15 s]
50.0.B: Trace Attempt 53	[4.09 s]
50.0.AM: Trace Attempt 50	[4.18 s]
50.0.N: Trace Attempt 30	[4.26 s]
50.0.Mpcustom4: Trace Attempt 31	[5.12 s]
50.0.B: Trace Attempt 90	[8.15 s]
50.0.N: Trace Attempt 41	[8.32 s]
50.0.Mpcustom4: Trace Attempt 37	[9.17 s]
50.0.AM: Trace Attempt 64	[10.21 s]
50.0.N: Trace Attempt 51	[13.11 s]
50.0.Mpcustom4: Trace Attempt 55	[13.95 s]
50.0.Mpcustom4: Trace Attempt 55	[18.30 s]
50.0.N: Trace Attempt 62	[18.51 s]
50.0.N: Trace Attempt 67	[22.91 s]
50.0.AM: Trace Attempt  1	[23.97 s]
50.0.AM: Trace Attempt  2	[24.00 s]
50.0.AM: Trace Attempt  3	[24.00 s]
50.0.AM: Trace Attempt  5	[24.02 s]
50.0.N: Trace Attempt 69	[27.35 s]
50.0.N: Trace Attempt  1	[27.53 s]
50.0.N: Trace Attempt  2	[27.56 s]
50.0.N: Trace Attempt  3	[27.56 s]
50.0.N: Trace Attempt  5	[27.57 s]
50.0.AM: Trace Attempt 69	[28.02 s]
50.0.AM: Trace Attempt  1	[28.36 s]
50.0.AM: Trace Attempt  2	[28.39 s]
50.0.AM: Trace Attempt  3	[28.40 s]
50.0.AM: Trace Attempt  5	[28.41 s]
50.0.Mpcustom4: Trace Attempt 63	[29.29 s]
50.0.Mpcustom4: Trace Attempt 67	[34.03 s]
50.0.AM: Trace Attempt 71	[35.19 s]
50.0.N: Requesting engine job to stop
50.0.B: Requesting engine job to stop
50.0.AM: Requesting engine job to stop
50.0.Hp: Requesting engine job to terminate
50.0.Ht: Requesting engine job to terminate
50.0.Mpcustom4: Requesting engine job to terminate
INFO (IPF144): 50: Initiating shutdown of proof [36.26 s]
50.0.B: Trace Attempt 91	[8.30 s]
50.0.B: A trace with 91 cycles was found. [36.13 s]
INFO (IPF047): 50.0.B: The cover property "CS_div_fsm_s13_51" was covered in 91 cycles in 36.18 s.
50.0.B: Stopped processing property "CS_div_fsm_s13_51"	[36.19 s].
50.0.B: All properties determined. [36.16 s]
50.0.B: Exited with Success (@ 36.27 s)
50: ProofGrid usable level: 0
50.0.N: Trace Attempt 74	[29.91 s]
50.0.N: Stopped processing property "CS_div_fsm_s13_51"	[36.30 s].
50.0.N: All properties determined. [36.30 s]
50.0.Hp: Interrupted (multi)
50.0.Hp: All properties determined. [36.46 s]
50.0.N: Exited with Success (@ 36.47 s)
50.0.Mpcustom4: Trace Attempt 68	[36.19 s]
50.0.Mpcustom4: All properties determined. [36.63 s]
50.0.Hp: Exited with Success (@ 36.73 s)
50.0.Mpcustom4: Exited with Success (@ 36.98 s)
50.0.AM: Trace Attempt 81	[36.11 s]
50.0.AM: Stopped processing property "CS_div_fsm_s13_51"	[37.59 s].
50.0.AM: All properties determined. [37.59 s]
50.0.AM: Exited with Success (@ 38.21 s)
50.0.Ht: Sending SIGKILL
50.0.Ht: Trace Attempt 83	[7.97 s]
50.0.Ht: Terminated by signal SIGKILL (@ 38.49 s)
50: --------------------------------------------------------------
ProofGrid Summary (utilization 99.74 %)
--------------------------------------------------------------
     engines started                               :     7
     engine jobs started                           :     7

    Average time in state (seconds)
    ------------------------------------------------------
    Engine  Pending     Running        Dead    Utilization
    ------------------------------------------------------
      N        0.10       36.25        0.00       99.72 %
     Hp        0.08       36.25        0.00       99.78 %
     Ht        0.08       36.23        0.00       99.79 %
    Mpcustom4        0.08       36.21        0.00       99.79 %
     Oh        0.08        0.12        0.00       60.23 %
      B        0.08       36.17        0.00       99.78 %
     AM        0.08       36.17        0.00       99.79 %
    all        0.08       31.06        0.00       99.74 %

    Total time in state (seconds)
    -----------------------------------------
            Pending     Running        Dead  
    -----------------------------------------
               0.57      217.40        0.00

    Data read    : 268.61 kiB
    Data written : 120.98 kiB

50: All pending notifications were processed.
INFO (IPF059): 50: Completed proof on task: "mytask"
cover -name CS_div_fsm_s13_52 {@(posedge clk_i) !div_fsm_s13 ##1 div_fsm_s13 [*52] ##1 !div_fsm_s13 }
INFO (IPF036): Starting proof on task: "mytask", 1 properties to prove with 0 already proven/unreachable
INFO (IPF031): Settings used for proof thread 51:
    orchestration                 = on (auto)
    time_limit                    = 600s
    per_property_time_limit       = 1s * 10 ^ scan
    engine_mode                   = auto
    proofgrid_per_engine_max_jobs = 1
    max engine jobs               = auto
    proofgrid_mode                = local
    proofgrid_restarts            = 10
51: Using multistage preprocessing
51: Starting reduce
51: Finished reduce in 0.043s
51.0.PRE: Performing Proof Simplification...
51.0.N: clocks: 1, declared: 1, looping: 0, posedge: 1, negedge: 0, noedge: 0, bothedge: 0
51.0.N: Proof Simplification Iteration 1	[0.00 s]
51.0.N: Proof Simplification Iteration 2	[0.04 s]
51.0.N: Proof Simplification Iteration 3	[0.06 s]
51.0.N: Proof Simplification Iteration 4	[0.07 s]
51.0.N: Proof Simplification Iteration 5	[0.09 s]
51.0.N: Proof Simplification Iteration 6	[0.11 s]
51.0.N: Proof Simplification Iteration 7	[0.13 s]
51.0.N: Proof Simplification Iteration 8	[0.14 s]
51.0.N: Proof Simplification Iteration 9	[0.16 s]
51.0.N: Proof Simplification Iteration 10	[0.18 s]
51.0.PRE: Proof Simplification completed in 0.23 s
51: About to start ProofGrid in its own thread with a limit of 10000 pending notifications and a limit of 10 traces.
51: =============================== ProofGrid start ===============================
51: ProofGrid usable level: 1
51: Initial ProofGrid level: 1
51: ProofGrid is starting event handling
51.0.Hp: caddy15.stanford.edu: "Rocky Linux 8.10 (Green Obsidian)" is an unsupported operating system.
51.0.N: caddy15.stanford.edu: "Rocky Linux 8.10 (Green Obsidian)" is an unsupported operating system.
51.0.Ht: caddy15.stanford.edu: "Rocky Linux 8.10 (Green Obsidian)" is an unsupported operating system.
51.0.Mpcustom4: caddy15.stanford.edu: "Rocky Linux 8.10 (Green Obsidian)" is an unsupported operating system.
51.0.N: Proofgrid shell started at 3537626@caddy15.stanford.edu(local) jg_3514426_caddy15.stanford.edu_52
51.0.Hp: Proofgrid shell started at 3537627@caddy15.stanford.edu(local) jg_3514426_caddy15.stanford.edu_52
51.0.Oh: caddy15.stanford.edu: "Rocky Linux 8.10 (Green Obsidian)" is an unsupported operating system.
51.0.N: clocks: 1, declared: 1, looping: 0, posedge: 1, negedge: 0, noedge: 0, bothedge: 0
51.0.Hp: clocks: 1, declared: 1, looping: 0, posedge: 1, negedge: 0, noedge: 0, bothedge: 0
51.0.Ht: Proofgrid shell started at 3537649@caddy15.stanford.edu(local) jg_3514426_caddy15.stanford.edu_52
51.0.N: Last scan. Per property time limit: 0s
51.0.N: Starting proof for property "CS_div_fsm_s13_52"	[0.00 s].
51.0.B: caddy15.stanford.edu: "Rocky Linux 8.10 (Green Obsidian)" is an unsupported operating system.
51.0.AM: caddy15.stanford.edu: "Rocky Linux 8.10 (Green Obsidian)" is an unsupported operating system.
51.0.N: Trace Attempt  1	[0.01 s]
51.0.Ht: clocks: 1, declared: 1, looping: 0, posedge: 1, negedge: 0, noedge: 0, bothedge: 0
51.0.N: Trace Attempt  2	[0.01 s]
51.0.N: Trace Attempt  3	[0.01 s]
51.0.Mpcustom4: Proofgrid shell started at 3537668@caddy15.stanford.edu(local) jg_3514426_caddy15.stanford.edu_52
51.0.Mpcustom4: clocks: 1, declared: 1, looping: 0, posedge: 1, negedge: 0, noedge: 0, bothedge: 0
51.0.N: Trace Attempt  3	[0.04 s]
51.0.Ht: Trace Attempt  1	[0.04 s]
51.0.Oh: Proofgrid shell started at 3537683@caddy15.stanford.edu(local) jg_3514426_caddy15.stanford.edu_52
51.0.Ht: Trace Attempt  2	[0.04 s]
51.0.Ht: Trace Attempt  3	[0.04 s]
51.0.Oh: clocks: 1, declared: 1, looping: 0, posedge: 1, negedge: 0, noedge: 0, bothedge: 0
51.0.Ht: Trace Attempt  4	[0.04 s]
51.0.N: Trace Attempt  4	[0.06 s]
51.0.N: Trace Attempt  5	[0.06 s]
51.0.Ht: Trace Attempt  5	[0.05 s]
51.0.AM: Proofgrid shell started at 3537695@caddy15.stanford.edu(local) jg_3514426_caddy15.stanford.edu_52
51.0.B: Proofgrid shell started at 3537694@caddy15.stanford.edu(local) jg_3514426_caddy15.stanford.edu_52
51.0.Mpcustom4: Trace Attempt  1	[0.04 s]
51.0.AM: clocks: 1, declared: 1, looping: 0, posedge: 1, negedge: 0, noedge: 0, bothedge: 0
51.0.B: clocks: 1, declared: 1, looping: 0, posedge: 1, negedge: 0, noedge: 0, bothedge: 0
51.0.AM: Last scan. Per property time limit: 0s
51.0.AM: Starting proof for property "CS_div_fsm_s13_52"	[0.00 s].
51.0.B: Last scan. Per property time limit: 0s
51.0.B: Starting proof for property "CS_div_fsm_s13_52"	[0.00 s].
51.0.Mpcustom4: Trace Attempt  2	[0.06 s]
51.0.AM: Trace Attempt  1	[0.00 s]
51.0.AM: Trace Attempt  2	[0.01 s]
51.0.B: Trace Attempt  1	[0.01 s]
51.0.B: Trace Attempt  2	[0.02 s]
51.0.B: Trace Attempt  3	[0.03 s]
51.0.AM: Trace Attempt  3	[0.03 s]
51.0.N: Trace Attempt  5	[0.11 s]
51.0.B: Trace Attempt  4	[0.04 s]
51.0.AM: Trace Attempt  4	[0.06 s]
51.0.B: Trace Attempt  5	[0.07 s]
51.0.AM: Trace Attempt  5	[0.08 s]
51.0.Oh: bwd trail(1): 1 0.107367s
51.0.Oh: All properties either determined or skipped. [0.12 s]
51.0.Oh: Exited with Success (@ 0.20 s)
51.0.Mpcustom4: Trace Attempt  3	[0.61 s]
51.0.Mpcustom4: Trace Attempt  3	[0.66 s]
51.0.Mpcustom4: Trace Attempt  4	[0.68 s]
51.0.Mpcustom4: Trace Attempt  4	[0.74 s]
51.0.Mpcustom4: Trace Attempt  5	[0.77 s]
51.0.Ht: Trace Attempt 65	[4.14 s]
51.0.B: Trace Attempt 54	[4.13 s]
51.0.N: Trace Attempt 30	[4.27 s]
51.0.AM: Trace Attempt 50	[4.21 s]
51.0.Mpcustom4: Trace Attempt 31	[5.21 s]
51.0.AM: Trace Attempt  1	[8.07 s]
51.0.AM: Trace Attempt  2	[8.10 s]
51.0.AM: Trace Attempt  3	[8.11 s]
51.0.AM: Trace Attempt  5	[8.12 s]
51.0.B: Trace Attempt 90	[8.22 s]
51.0.N: Trace Attempt 41	[8.35 s]
51.0.Mpcustom4: Trace Attempt 37	[9.22 s]
51.0.AM: Trace Attempt 65	[12.33 s]
51.0.N: Trace Attempt 50	[12.54 s]
51.0.Mpcustom4: Trace Attempt 56	[14.57 s]
51.0.N: Trace Attempt 57	[16.81 s]
51.0.Mpcustom4: Trace Attempt 56	[18.79 s]
51.0.N: Trace Attempt 62	[21.66 s]
51.0.N: Trace Attempt  1	[23.50 s]
51.0.N: Trace Attempt  2	[23.52 s]
51.0.N: Trace Attempt  3	[23.53 s]
51.0.N: Trace Attempt  5	[23.54 s]
51.0.Mpcustom4: Trace Attempt 57	[24.04 s]
51.0.AM: Trace Attempt 89	[26.42 s]
51.0.Mpcustom4: Trace Attempt 57	[29.51 s]
51.0.N: Trace Attempt 87	[30.85 s]
51.0.AM: Trace Attempt 90	[32.07 s]
51.0.Mpcustom4: Trace Attempt 58	[34.00 s]
51.0.N: Requesting engine job to stop
51.0.B: Requesting engine job to stop
51.0.AM: Requesting engine job to stop
51.0.Hp: Requesting engine job to terminate
51.0.Ht: Requesting engine job to terminate
51.0.Mpcustom4: Requesting engine job to terminate
INFO (IPF144): 51: Initiating shutdown of proof [36.54 s]
51.0.B: Trace Attempt 92	[8.76 s]
51.0.B: A trace with 92 cycles was found. [36.40 s]
INFO (IPF047): 51.0.B: The cover property "CS_div_fsm_s13_52" was covered in 92 cycles in 36.46 s.
51.0.B: Stopped processing property "CS_div_fsm_s13_52"	[36.46 s].
51.0.B: All properties determined. [36.44 s]
51: ProofGrid usable level: 0
51.0.Ht: Interrupted (multi)
51.0.Ht: Trace Attempt 84	[7.95 s]
51.0.Ht: All properties determined. [36.53 s]
51.0.N: Stopped processing property "CS_div_fsm_s13_52"	[36.59 s].
51.0.B: Exited with Success (@ 36.62 s)
51.0.N: All properties determined. [36.60 s]
51.0.AM: Trace Attempt 91	[32.18 s]
51.0.AM: Stopped processing property "CS_div_fsm_s13_52"	[36.68 s].
51.0.N: Exited with Success (@ 36.78 s)
51.0.AM: All properties determined. [36.68 s]
51.0.AM: Exited with Success (@ 36.89 s)
51.0.Ht: Exited with Success (@ 36.94 s)
51.0.Mpcustom4: Trace Attempt 58	[36.37 s]
51.0.Mpcustom4: All properties determined. [36.89 s]
51.0.Mpcustom4: Exited with Success (@ 37.23 s)
51.0.Hp: Interrupted (multi)
51.0.Hp: All properties determined. [37.78 s]
51.0.Hp: Exited with Success (@ 38.34 s)
51: --------------------------------------------------------------
ProofGrid Summary (utilization 99.74 %)
--------------------------------------------------------------
     engines started                               :     7
     engine jobs started                           :     7

    Average time in state (seconds)
    ------------------------------------------------------
    Engine  Pending     Running        Dead    Utilization
    ------------------------------------------------------
      N        0.10       36.53        0.00       99.72 %
     Hp        0.08       36.53        0.00       99.78 %
     Ht        0.08       36.51        0.00       99.79 %
    Mpcustom4        0.08       36.49        0.00       99.79 %
     Oh        0.08        0.12        0.00       61.39 %
      B        0.08       36.45        0.00       99.77 %
     AM        0.08       36.45        0.00       99.77 %
    all        0.08       31.30        0.00       99.74 %

    Total time in state (seconds)
    -----------------------------------------
            Pending     Running        Dead  
    -----------------------------------------
               0.58      219.09        0.00

    Data read    : 268.40 kiB
    Data written : 56.10 kiB

51: All pending notifications were processed.
INFO (IPF059): 51: Completed proof on task: "mytask"
cover -name CS_div_fsm_s13_53 {@(posedge clk_i) !div_fsm_s13 ##1 div_fsm_s13 [*53] ##1 !div_fsm_s13 }
INFO (IPF036): Starting proof on task: "mytask", 1 properties to prove with 0 already proven/unreachable
INFO (IPF031): Settings used for proof thread 52:
    orchestration                 = on (auto)
    time_limit                    = 600s
    per_property_time_limit       = 1s * 10 ^ scan
    engine_mode                   = auto
    proofgrid_per_engine_max_jobs = 1
    max engine jobs               = auto
    proofgrid_mode                = local
    proofgrid_restarts            = 10
52: Using multistage preprocessing
52: Starting reduce
52: Finished reduce in 0.042s
52.0.PRE: Performing Proof Simplification...
52.0.N: clocks: 1, declared: 1, looping: 0, posedge: 1, negedge: 0, noedge: 0, bothedge: 0
52.0.N: Proof Simplification Iteration 1	[0.00 s]
52.0.N: Proof Simplification Iteration 2	[0.04 s]
52.0.N: Proof Simplification Iteration 3	[0.06 s]
52.0.N: Proof Simplification Iteration 4	[0.07 s]
52.0.N: Proof Simplification Iteration 5	[0.09 s]
52.0.N: Proof Simplification Iteration 6	[0.11 s]
52.0.N: Proof Simplification Iteration 7	[0.13 s]
52.0.N: Proof Simplification Iteration 8	[0.15 s]
52.0.N: Proof Simplification Iteration 9	[0.17 s]
52.0.N: Proof Simplification Iteration 10	[0.18 s]
52.0.PRE: Proof Simplification completed in 0.23 s
52: About to start ProofGrid in its own thread with a limit of 10000 pending notifications and a limit of 10 traces.
52: =============================== ProofGrid start ===============================
52: ProofGrid usable level: 1
52: Initial ProofGrid level: 1
52: ProofGrid is starting event handling
52.0.N: caddy15.stanford.edu: "Rocky Linux 8.10 (Green Obsidian)" is an unsupported operating system.
52.0.Hp: caddy15.stanford.edu: "Rocky Linux 8.10 (Green Obsidian)" is an unsupported operating system.
52.0.Ht: caddy15.stanford.edu: "Rocky Linux 8.10 (Green Obsidian)" is an unsupported operating system.
52.0.Mpcustom4: caddy15.stanford.edu: "Rocky Linux 8.10 (Green Obsidian)" is an unsupported operating system.
52.0.Hp: Proofgrid shell started at 3537972@caddy15.stanford.edu(local) jg_3514426_caddy15.stanford.edu_53
52.0.N: Proofgrid shell started at 3537971@caddy15.stanford.edu(local) jg_3514426_caddy15.stanford.edu_53
52.0.Oh: caddy15.stanford.edu: "Rocky Linux 8.10 (Green Obsidian)" is an unsupported operating system.
52.0.Hp: clocks: 1, declared: 1, looping: 0, posedge: 1, negedge: 0, noedge: 0, bothedge: 0
52.0.N: clocks: 1, declared: 1, looping: 0, posedge: 1, negedge: 0, noedge: 0, bothedge: 0
52.0.Ht: Proofgrid shell started at 3537994@caddy15.stanford.edu(local) jg_3514426_caddy15.stanford.edu_53
52.0.N: Last scan. Per property time limit: 0s
52.0.N: Starting proof for property "CS_div_fsm_s13_53"	[0.00 s].
52.0.N: Trace Attempt  1	[0.01 s]
52.0.B: caddy15.stanford.edu: "Rocky Linux 8.10 (Green Obsidian)" is an unsupported operating system.
52.0.AM: caddy15.stanford.edu: "Rocky Linux 8.10 (Green Obsidian)" is an unsupported operating system.
52.0.N: Trace Attempt  2	[0.01 s]
52.0.N: Trace Attempt  3	[0.01 s]
52.0.Ht: clocks: 1, declared: 1, looping: 0, posedge: 1, negedge: 0, noedge: 0, bothedge: 0
52.0.Mpcustom4: Proofgrid shell started at 3538013@caddy15.stanford.edu(local) jg_3514426_caddy15.stanford.edu_53
52.0.Mpcustom4: clocks: 1, declared: 1, looping: 0, posedge: 1, negedge: 0, noedge: 0, bothedge: 0
52.0.N: Trace Attempt  3	[0.04 s]
52.0.Ht: Trace Attempt  1	[0.04 s]
52.0.Ht: Trace Attempt  2	[0.04 s]
52.0.Oh: Proofgrid shell started at 3538028@caddy15.stanford.edu(local) jg_3514426_caddy15.stanford.edu_53
52.0.Ht: Trace Attempt  3	[0.04 s]
52.0.Ht: Trace Attempt  4	[0.04 s]
52.0.Oh: clocks: 1, declared: 1, looping: 0, posedge: 1, negedge: 0, noedge: 0, bothedge: 0
52.0.N: Trace Attempt  4	[0.06 s]
52.0.Ht: Trace Attempt  5	[0.05 s]
52.0.N: Trace Attempt  5	[0.06 s]
52.0.B: Proofgrid shell started at 3538039@caddy15.stanford.edu(local) jg_3514426_caddy15.stanford.edu_53
52.0.AM: Proofgrid shell started at 3538044@caddy15.stanford.edu(local) jg_3514426_caddy15.stanford.edu_53
52.0.Mpcustom4: Trace Attempt  1	[0.04 s]
52.0.AM: clocks: 1, declared: 1, looping: 0, posedge: 1, negedge: 0, noedge: 0, bothedge: 0
52.0.B: clocks: 1, declared: 1, looping: 0, posedge: 1, negedge: 0, noedge: 0, bothedge: 0
52.0.AM: Last scan. Per property time limit: 0s
52.0.AM: Starting proof for property "CS_div_fsm_s13_53"	[0.00 s].
52.0.B: Last scan. Per property time limit: 0s
52.0.B: Starting proof for property "CS_div_fsm_s13_53"	[0.00 s].
52.0.Mpcustom4: Trace Attempt  2	[0.06 s]
52.0.AM: Trace Attempt  1	[0.00 s]
52.0.AM: Trace Attempt  2	[0.01 s]
52.0.B: Trace Attempt  1	[0.01 s]
52.0.B: Trace Attempt  2	[0.02 s]
52.0.B: Trace Attempt  3	[0.03 s]
52.0.AM: Trace Attempt  3	[0.03 s]
52.0.B: Trace Attempt  4	[0.04 s]
52.0.N: Trace Attempt  5	[0.12 s]
52.0.AM: Trace Attempt  4	[0.06 s]
52.0.B: Trace Attempt  5	[0.07 s]
52.0.AM: Trace Attempt  5	[0.08 s]
52.0.Oh: bwd trail(1): 1 0.106041s
52.0.Oh: All properties either determined or skipped. [0.12 s]
52.0.Oh: Exited with Success (@ 0.20 s)
52.0.Mpcustom4: Trace Attempt  3	[0.61 s]
52.0.Mpcustom4: Trace Attempt  3	[0.66 s]
52.0.Mpcustom4: Trace Attempt  4	[0.69 s]
52.0.Mpcustom4: Trace Attempt  4	[0.74 s]
52.0.Mpcustom4: Trace Attempt  5	[0.77 s]
52.0.Ht: Trace Attempt 65	[4.17 s]
52.0.B: Trace Attempt 53	[4.13 s]
52.0.AM: Trace Attempt 50	[4.23 s]
52.0.N: Trace Attempt 29	[4.36 s]
52.0.Mpcustom4: Trace Attempt 31	[5.26 s]
52.0.AM: Trace Attempt  1	[8.02 s]
52.0.AM: Trace Attempt  2	[8.05 s]
52.0.AM: Trace Attempt  3	[8.05 s]
52.0.AM: Trace Attempt  5	[8.06 s]
52.0.B: Trace Attempt 90	[8.20 s]
52.0.N: Trace Attempt 41	[8.70 s]
52.0.Ht: Trace Attempt 83	[8.70 s]
52.0.Mpcustom4: Trace Attempt 38	[9.29 s]
52.0.AM: Trace Attempt  1	[12.32 s]
52.0.AM: Trace Attempt  2	[12.35 s]
52.0.AM: Trace Attempt  3	[12.36 s]
52.0.AM: Trace Attempt  5	[12.37 s]
52.0.N: Trace Attempt 50	[12.71 s]
52.0.Mpcustom4: Trace Attempt 57	[13.91 s]
52.0.AM: Trace Attempt 71	[16.84 s]
52.0.N: Trace Attempt 60	[17.10 s]
52.0.Mpcustom4: Trace Attempt 57	[18.39 s]
52.0.N: Trace Attempt 69	[22.00 s]
52.0.Mpcustom4: Trace Attempt 71	[22.41 s]
52.0.N: Trace Attempt  1	[23.89 s]
52.0.N: Trace Attempt  2	[23.92 s]
52.0.N: Trace Attempt  3	[23.93 s]
52.0.N: Trace Attempt  5	[23.94 s]
52.0.AM: Trace Attempt 88	[31.10 s]
52.0.N: Requesting engine job to stop
52.0.B: Requesting engine job to stop
52.0.AM: Requesting engine job to stop
52.0.Hp: Requesting engine job to terminate
52.0.Ht: Requesting engine job to terminate
52.0.Mpcustom4: Requesting engine job to terminate
INFO (IPF144): 52: Initiating shutdown of proof [32.62 s]
52.0.B: Trace Attempt 93	[8.85 s]
52.0.B: A trace with 93 cycles was found. [32.49 s]
INFO (IPF047): 52.0.B: The cover property "CS_div_fsm_s13_53" was covered in 93 cycles in 32.54 s.
52: ProofGrid usable level: 0
52.0.B: Stopped processing property "CS_div_fsm_s13_53"	[32.55 s].
52.0.B: All properties determined. [32.52 s]
52.0.N: Trace Attempt 69	[26.00 s]
52.0.N: Stopped processing property "CS_div_fsm_s13_53"	[32.66 s].
52.0.B: Exited with Success (@ 32.68 s)
52.0.N: All properties determined. [32.66 s]
52.0.N: Exited with Success (@ 33.03 s)
52.0.Mpcustom4: Trace Attempt 72	[23.93 s]
52.0.Mpcustom4: All properties determined. [32.99 s]
52.0.Mpcustom4: Exited with Success (@ 33.08 s)
52.0.Hp: Interrupted (multi)
52.0.Hp: All properties determined. [33.59 s]
52.0.Ht: Interrupted (multi)
52.0.Ht: Trace Attempt 91	[9.14 s]
52.0.Ht: All properties determined. [34.25 s]
52.0.Hp: Exited with Success (@ 34.27 s)
52.0.Ht: Sending SIGKILL
52.0.AM: Sending SIGKILL
52.0.AM: Stopped processing property "CS_div_fsm_s13_53"	[34.71 s].
52.0.AM: Trace Attempt 92	[31.51 s]
52.0.AM: Terminated by signal SIGKILL (@ 34.81 s)
52.0.Ht: Terminated by signal SIGKILL (@ 34.81 s)
52: --------------------------------------------------------------
ProofGrid Summary (utilization 99.71 %)
--------------------------------------------------------------
     engines started                               :     7
     engine jobs started                           :     7

    Average time in state (seconds)
    ------------------------------------------------------
    Engine  Pending     Running        Dead    Utilization
    ------------------------------------------------------
      N        0.10       32.61        0.00       99.68 %
     Hp        0.08       32.61        0.00       99.75 %
     Ht        0.08       32.60        0.00       99.77 %
    Mpcustom4        0.08       32.57        0.00       99.76 %
     Oh        0.08        0.12        0.00       60.99 %
      B        0.08       32.53        0.00       99.75 %
     AM        0.08       32.53        0.00       99.76 %
    all        0.08       27.94        0.00       99.71 %

    Total time in state (seconds)
    -----------------------------------------
            Pending     Running        Dead  
    -----------------------------------------
               0.58      195.58        0.00

    Data read    : 261.36 kiB
    Data written : 47.19 kiB

52: All pending notifications were processed.
INFO (IPF059): 52: Completed proof on task: "mytask"
cover -name CS_div_fsm_s13_54 {@(posedge clk_i) !div_fsm_s13 ##1 div_fsm_s13 [*54] ##1 !div_fsm_s13 }
INFO (IPF036): Starting proof on task: "mytask", 1 properties to prove with 0 already proven/unreachable
INFO (IPF031): Settings used for proof thread 53:
    orchestration                 = on (auto)
    time_limit                    = 600s
    per_property_time_limit       = 1s * 10 ^ scan
    engine_mode                   = auto
    proofgrid_per_engine_max_jobs = 1
    max engine jobs               = auto
    proofgrid_mode                = local
    proofgrid_restarts            = 10
53: Using multistage preprocessing
53: Starting reduce
53: Finished reduce in 0.042s
53.0.PRE: Performing Proof Simplification...
53.0.N: clocks: 1, declared: 1, looping: 0, posedge: 1, negedge: 0, noedge: 0, bothedge: 0
53.0.N: Proof Simplification Iteration 1	[0.00 s]
53.0.N: Proof Simplification Iteration 2	[0.04 s]
53.0.N: Proof Simplification Iteration 3	[0.05 s]
53.0.N: Proof Simplification Iteration 4	[0.07 s]
53.0.N: Proof Simplification Iteration 5	[0.09 s]
53.0.N: Proof Simplification Iteration 6	[0.11 s]
53.0.N: Proof Simplification Iteration 7	[0.13 s]
53.0.N: Proof Simplification Iteration 8	[0.15 s]
53.0.N: Proof Simplification Iteration 9	[0.16 s]
53.0.N: Proof Simplification Iteration 10	[0.18 s]
53.0.PRE: Proof Simplification completed in 0.23 s
53: About to start ProofGrid in its own thread with a limit of 10000 pending notifications and a limit of 10 traces.
53: =============================== ProofGrid start ===============================
53: ProofGrid usable level: 1
53: Initial ProofGrid level: 1
53: ProofGrid is starting event handling
53.0.N: caddy15.stanford.edu: "Rocky Linux 8.10 (Green Obsidian)" is an unsupported operating system.
53.0.Hp: caddy15.stanford.edu: "Rocky Linux 8.10 (Green Obsidian)" is an unsupported operating system.
53.0.Ht: caddy15.stanford.edu: "Rocky Linux 8.10 (Green Obsidian)" is an unsupported operating system.
53.0.Mpcustom4: caddy15.stanford.edu: "Rocky Linux 8.10 (Green Obsidian)" is an unsupported operating system.
53.0.N: Proofgrid shell started at 3538199@caddy15.stanford.edu(local) jg_3514426_caddy15.stanford.edu_54
53.0.Hp: Proofgrid shell started at 3538200@caddy15.stanford.edu(local) jg_3514426_caddy15.stanford.edu_54
53.0.N: clocks: 1, declared: 1, looping: 0, posedge: 1, negedge: 0, noedge: 0, bothedge: 0
53.0.Hp: clocks: 1, declared: 1, looping: 0, posedge: 1, negedge: 0, noedge: 0, bothedge: 0
53.0.N: Last scan. Per property time limit: 0s
53.0.N: Starting proof for property "CS_div_fsm_s13_54"	[0.00 s].
53.0.Ht: Proofgrid shell started at 3538222@caddy15.stanford.edu(local) jg_3514426_caddy15.stanford.edu_54
53.0.N: Trace Attempt  1	[0.00 s]
53.0.N: Trace Attempt  2	[0.01 s]
53.0.N: Trace Attempt  3	[0.01 s]
53.0.AM: caddy15.stanford.edu: "Rocky Linux 8.10 (Green Obsidian)" is an unsupported operating system.
53.0.B: caddy15.stanford.edu: "Rocky Linux 8.10 (Green Obsidian)" is an unsupported operating system.
53.0.Ht: clocks: 1, declared: 1, looping: 0, posedge: 1, negedge: 0, noedge: 0, bothedge: 0
53.0.Oh: caddy15.stanford.edu: "Rocky Linux 8.10 (Green Obsidian)" is an unsupported operating system.
53.0.Mpcustom4: Proofgrid shell started at 3538241@caddy15.stanford.edu(local) jg_3514426_caddy15.stanford.edu_54
53.0.Mpcustom4: clocks: 1, declared: 1, looping: 0, posedge: 1, negedge: 0, noedge: 0, bothedge: 0
53.0.N: Trace Attempt  3	[0.04 s]
53.0.Ht: Trace Attempt  1	[0.04 s]
53.0.Ht: Trace Attempt  2	[0.04 s]
53.0.Ht: Trace Attempt  3	[0.04 s]
53.0.Ht: Trace Attempt  4	[0.05 s]
53.0.N: Trace Attempt  4	[0.06 s]
53.0.N: Trace Attempt  5	[0.06 s]
53.0.Ht: Trace Attempt  5	[0.06 s]
53.0.Mpcustom4: Trace Attempt  1	[0.04 s]
53.0.B: Proofgrid shell started at 3538260@caddy15.stanford.edu(local) jg_3514426_caddy15.stanford.edu_54
53.0.AM: Proofgrid shell started at 3538261@caddy15.stanford.edu(local) jg_3514426_caddy15.stanford.edu_54
53.0.Oh: Proofgrid shell started at 3538256@caddy15.stanford.edu(local) jg_3514426_caddy15.stanford.edu_54
53.0.AM: clocks: 1, declared: 1, looping: 0, posedge: 1, negedge: 0, noedge: 0, bothedge: 0
53.0.B: clocks: 1, declared: 1, looping: 0, posedge: 1, negedge: 0, noedge: 0, bothedge: 0
53.0.Oh: clocks: 1, declared: 1, looping: 0, posedge: 1, negedge: 0, noedge: 0, bothedge: 0
53.0.Mpcustom4: Trace Attempt  2	[0.06 s]
53.0.AM: Last scan. Per property time limit: 0s
53.0.AM: Starting proof for property "CS_div_fsm_s13_54"	[0.00 s].
53.0.B: Last scan. Per property time limit: 0s
53.0.B: Starting proof for property "CS_div_fsm_s13_54"	[0.00 s].
53.0.AM: Trace Attempt  1	[0.00 s]
53.0.AM: Trace Attempt  2	[0.01 s]
53.0.B: Trace Attempt  1	[0.01 s]
53.0.B: Trace Attempt  2	[0.02 s]
53.0.AM: Trace Attempt  3	[0.03 s]
53.0.N: Trace Attempt  5	[0.12 s]
53.0.B: Trace Attempt  3	[0.03 s]
53.0.B: Trace Attempt  4	[0.05 s]
53.0.AM: Trace Attempt  4	[0.06 s]
53.0.AM: Trace Attempt  5	[0.08 s]
53.0.B: Trace Attempt  5	[0.10 s]
53.0.Oh: bwd trail(1): 1 0.112561s
53.0.Oh: All properties either determined or skipped. [0.13 s]
53.0.Oh: Exited with Success (@ 0.24 s)
53.0.Mpcustom4: Trace Attempt  3	[0.63 s]
53.0.Mpcustom4: Trace Attempt  3	[0.68 s]
53.0.Mpcustom4: Trace Attempt  4	[0.70 s]
53.0.Mpcustom4: Trace Attempt  4	[0.76 s]
53.0.Mpcustom4: Trace Attempt  5	[0.79 s]
53.0.Ht: Trace Attempt 66	[4.13 s]
53.0.AM: Trace Attempt 49	[4.11 s]
53.0.N: Trace Attempt 29	[4.21 s]
53.0.B: Trace Attempt 52	[4.19 s]
53.0.Mpcustom4: Trace Attempt 31	[5.25 s]
53.0.Ht: Trace Attempt 87	[8.26 s]
53.0.B: Trace Attempt 90	[8.20 s]
53.0.N: Trace Attempt 41	[8.47 s]
53.0.AM: Trace Attempt 65	[8.71 s]
53.0.AM: Trace Attempt  1	[9.00 s]
53.0.AM: Trace Attempt  2	[9.02 s]
53.0.AM: Trace Attempt  3	[9.03 s]
53.0.AM: Trace Attempt  5	[9.04 s]
53.0.Mpcustom4: Trace Attempt 37	[9.35 s]
53.0.N: Trace Attempt 51	[13.18 s]
53.0.AM: Trace Attempt  1	[13.35 s]
53.0.AM: Trace Attempt  2	[13.37 s]
53.0.AM: Trace Attempt  3	[13.38 s]
53.0.AM: Trace Attempt  5	[13.39 s]
53.0.Mpcustom4: Trace Attempt 58	[14.20 s]
53.0.N: Trace Attempt 59	[18.02 s]
53.0.AM: Trace Attempt 72	[18.63 s]
53.0.N: Trace Attempt 65	[22.17 s]
53.0.Mpcustom4: Trace Attempt 58	[23.74 s]
53.0.N: Trace Attempt 71	[26.39 s]
53.0.N: Trace Attempt  1	[27.66 s]
53.0.N: Trace Attempt  2	[27.69 s]
53.0.N: Trace Attempt  3	[27.69 s]
53.0.N: Trace Attempt  5	[27.70 s]
53.0.Mpcustom4: Trace Attempt 59	[28.65 s]
53.0.N: Trace Attempt 83	[32.19 s]
53.0.AM: Trace Attempt 92	[33.69 s]
53.0.Mpcustom4: Trace Attempt 59	[34.08 s]
53.0.N: Requesting engine job to stop
53.0.B: Requesting engine job to stop
53.0.AM: Requesting engine job to stop
53.0.Hp: Requesting engine job to terminate
53.0.Ht: Requesting engine job to terminate
53.0.Mpcustom4: Requesting engine job to terminate
INFO (IPF144): 53: Initiating shutdown of proof [36.72 s]
53.0.B: Trace Attempt 94	[9.01 s]
53.0.B: A trace with 94 cycles was found. [36.58 s]
INFO (IPF047): 53.0.B: The cover property "CS_div_fsm_s13_54" was covered in 94 cycles in 36.63 s.
53: ProofGrid usable level: 0
53.0.B: Stopped processing property "CS_div_fsm_s13_54"	[36.65 s].
53.0.B: All properties determined. [36.62 s]
53.0.N: Stopped processing property "CS_div_fsm_s13_54"	[36.77 s].
53.0.B: Exited with Success (@ 36.79 s)
53.0.N: All properties determined. [36.77 s]
53.0.N: Exited with Success (@ 37.09 s)
53.0.Mpcustom4: Trace Attempt 59	[35.96 s]
53.0.Mpcustom4: All properties determined. [37.05 s]
53.0.AM: Trace Attempt 93	[33.84 s]
53.0.AM: Stopped processing property "CS_div_fsm_s13_54"	[37.02 s].
53.0.AM: All properties determined. [37.02 s]
53.0.Mpcustom4: Exited with Success (@ 37.40 s)
53.0.AM: Exited with Success (@ 37.40 s)
53.0.Ht: Interrupted (multi)
53.0.Ht: All properties determined. [37.37 s]
53.0.Hp: Interrupted (multi)
53.0.Hp: All properties determined. [37.68 s]
53.0.Ht: Exited with Success (@ 37.69 s)
53.0.Hp: Exited with Success (@ 38.24 s)
53: --------------------------------------------------------------
ProofGrid Summary (utilization 99.72 %)
--------------------------------------------------------------
     engines started                               :     7
     engine jobs started                           :     7

    Average time in state (seconds)
    ------------------------------------------------------
    Engine  Pending     Running        Dead    Utilization
    ------------------------------------------------------
      N        0.10       36.72        0.00       99.72 %
     Hp        0.08       36.71        0.00       99.78 %
     Ht        0.08       36.69        0.00       99.79 %
    Mpcustom4        0.08       36.67        0.00       99.79 %
     Oh        0.09        0.13        0.00       58.08 %
      B        0.09       36.63        0.00       99.76 %
     AM        0.09       36.63        0.00       99.76 %
    all        0.09       31.45        0.00       99.72 %

    Total time in state (seconds)
    -----------------------------------------
            Pending     Running        Dead  
    -----------------------------------------
               0.61      220.18        0.00

    Data read    : 277.28 kiB
    Data written : 94.89 kiB

53: All pending notifications were processed.
INFO (IPF059): 53: Completed proof on task: "mytask"
cover -name CS_div_fsm_s13_55 {@(posedge clk_i) !div_fsm_s13 ##1 div_fsm_s13 [*55] ##1 !div_fsm_s13 }
INFO (IPF036): Starting proof on task: "mytask", 1 properties to prove with 0 already proven/unreachable
INFO (IPF031): Settings used for proof thread 54:
    orchestration                 = on (auto)
    time_limit                    = 600s
    per_property_time_limit       = 1s * 10 ^ scan
    engine_mode                   = auto
    proofgrid_per_engine_max_jobs = 1
    max engine jobs               = auto
    proofgrid_mode                = local
    proofgrid_restarts            = 10
54: Using multistage preprocessing
54: Starting reduce
54: Finished reduce in 0.042s
54.0.PRE: Performing Proof Simplification...
54.0.N: clocks: 1, declared: 1, looping: 0, posedge: 1, negedge: 0, noedge: 0, bothedge: 0
54.0.N: Proof Simplification Iteration 1	[0.00 s]
54.0.N: Proof Simplification Iteration 2	[0.04 s]
54.0.N: Proof Simplification Iteration 3	[0.05 s]
54.0.N: Proof Simplification Iteration 4	[0.07 s]
54.0.N: Proof Simplification Iteration 5	[0.09 s]
54.0.N: Proof Simplification Iteration 6	[0.11 s]
54.0.N: Proof Simplification Iteration 7	[0.13 s]
54.0.N: Proof Simplification Iteration 8	[0.14 s]
54.0.N: Proof Simplification Iteration 9	[0.16 s]
54.0.N: Proof Simplification Iteration 10	[0.18 s]
54.0.PRE: Proof Simplification completed in 0.23 s
54: About to start ProofGrid in its own thread with a limit of 10000 pending notifications and a limit of 10 traces.
54: =============================== ProofGrid start ===============================
54: ProofGrid usable level: 1
54: Initial ProofGrid level: 1
54: ProofGrid is starting event handling
54.0.N: caddy15.stanford.edu: "Rocky Linux 8.10 (Green Obsidian)" is an unsupported operating system.
54.0.Hp: caddy15.stanford.edu: "Rocky Linux 8.10 (Green Obsidian)" is an unsupported operating system.
54.0.Ht: caddy15.stanford.edu: "Rocky Linux 8.10 (Green Obsidian)" is an unsupported operating system.
54.0.Mpcustom4: caddy15.stanford.edu: "Rocky Linux 8.10 (Green Obsidian)" is an unsupported operating system.
54.0.N: Proofgrid shell started at 3538428@caddy15.stanford.edu(local) jg_3514426_caddy15.stanford.edu_55
54.0.Hp: Proofgrid shell started at 3538429@caddy15.stanford.edu(local) jg_3514426_caddy15.stanford.edu_55
54.0.Hp: clocks: 1, declared: 1, looping: 0, posedge: 1, negedge: 0, noedge: 0, bothedge: 0
54.0.N: clocks: 1, declared: 1, looping: 0, posedge: 1, negedge: 0, noedge: 0, bothedge: 0
54.0.Ht: Proofgrid shell started at 3538451@caddy15.stanford.edu(local) jg_3514426_caddy15.stanford.edu_55
54.0.N: Last scan. Per property time limit: 0s
54.0.N: Starting proof for property "CS_div_fsm_s13_55"	[0.00 s].
54.0.Oh: caddy15.stanford.edu: "Rocky Linux 8.10 (Green Obsidian)" is an unsupported operating system.
54.0.B: caddy15.stanford.edu: "Rocky Linux 8.10 (Green Obsidian)" is an unsupported operating system.
54.0.N: Trace Attempt  1	[0.01 s]
54.0.Ht: clocks: 1, declared: 1, looping: 0, posedge: 1, negedge: 0, noedge: 0, bothedge: 0
54.0.N: Trace Attempt  2	[0.01 s]
54.0.N: Trace Attempt  3	[0.01 s]
54.0.AM: caddy15.stanford.edu: "Rocky Linux 8.10 (Green Obsidian)" is an unsupported operating system.
54.0.Mpcustom4: Proofgrid shell started at 3538470@caddy15.stanford.edu(local) jg_3514426_caddy15.stanford.edu_55
54.0.N: Trace Attempt  3	[0.04 s]
54.0.Ht: Trace Attempt  1	[0.04 s]
54.0.Ht: Trace Attempt  2	[0.04 s]
54.0.Mpcustom4: clocks: 1, declared: 1, looping: 0, posedge: 1, negedge: 0, noedge: 0, bothedge: 0
54.0.Ht: Trace Attempt  3	[0.04 s]
54.0.Ht: Trace Attempt  4	[0.04 s]
54.0.Ht: Trace Attempt  5	[0.05 s]
54.0.N: Trace Attempt  4	[0.06 s]
54.0.Oh: Proofgrid shell started at 3538485@caddy15.stanford.edu(local) jg_3514426_caddy15.stanford.edu_55
54.0.B: Proofgrid shell started at 3538489@caddy15.stanford.edu(local) jg_3514426_caddy15.stanford.edu_55
54.0.N: Trace Attempt  5	[0.06 s]
54.0.B: clocks: 1, declared: 1, looping: 0, posedge: 1, negedge: 0, noedge: 0, bothedge: 0
54.0.Oh: clocks: 1, declared: 1, looping: 0, posedge: 1, negedge: 0, noedge: 0, bothedge: 0
54.0.AM: Proofgrid shell started at 3538490@caddy15.stanford.edu(local) jg_3514426_caddy15.stanford.edu_55
54.0.Mpcustom4: Trace Attempt  1	[0.04 s]
54.0.B: Last scan. Per property time limit: 0s
54.0.B: Starting proof for property "CS_div_fsm_s13_55"	[0.00 s].
54.0.AM: clocks: 1, declared: 1, looping: 0, posedge: 1, negedge: 0, noedge: 0, bothedge: 0
54.0.B: Trace Attempt  1	[0.01 s]
54.0.AM: Last scan. Per property time limit: 0s
54.0.AM: Starting proof for property "CS_div_fsm_s13_55"	[0.00 s].
54.0.Mpcustom4: Trace Attempt  2	[0.06 s]
54.0.AM: Trace Attempt  1	[0.00 s]
54.0.B: Trace Attempt  2	[0.02 s]
54.0.AM: Trace Attempt  2	[0.01 s]
54.0.B: Trace Attempt  3	[0.03 s]
54.0.B: Trace Attempt  4	[0.04 s]
54.0.AM: Trace Attempt  3	[0.03 s]
54.0.N: Trace Attempt  5	[0.12 s]
54.0.AM: Trace Attempt  4	[0.06 s]
54.0.B: Trace Attempt  5	[0.07 s]
54.0.AM: Trace Attempt  5	[0.08 s]
54.0.Oh: bwd trail(1): 1 0.111651s
54.0.Oh: All properties either determined or skipped. [0.13 s]
54.0.Oh: Exited with Success (@ 0.22 s)
54.0.Mpcustom4: Trace Attempt  3	[0.59 s]
54.0.Mpcustom4: Trace Attempt  3	[0.64 s]
54.0.Mpcustom4: Trace Attempt  4	[0.66 s]
54.0.Mpcustom4: Trace Attempt  4	[0.72 s]
54.0.Mpcustom4: Trace Attempt  5	[0.74 s]
54.0.B: Trace Attempt 54	[4.13 s]
54.0.Ht: Trace Attempt 67	[4.27 s]
54.0.AM: Trace Attempt 50	[4.21 s]
54.0.N: Trace Attempt 29	[4.33 s]
54.0.Mpcustom4: Trace Attempt 31	[5.23 s]
54.0.B: Trace Attempt 91	[8.21 s]
54.0.Ht: Trace Attempt 83	[8.33 s]
54.0.AM: Trace Attempt  1	[8.39 s]
54.0.N: Trace Attempt 41	[8.48 s]
54.0.AM: Trace Attempt  2	[8.42 s]
54.0.AM: Trace Attempt  3	[8.42 s]
54.0.AM: Trace Attempt  5	[8.44 s]
54.0.Mpcustom4: Trace Attempt 38	[9.26 s]
54.0.AM: Trace Attempt 72	[12.45 s]
54.0.AM: Trace Attempt  1	[12.80 s]
54.0.AM: Trace Attempt  2	[12.83 s]
54.0.AM: Trace Attempt  3	[12.84 s]
54.0.AM: Trace Attempt  5	[12.85 s]
54.0.N: Trace Attempt 51	[13.18 s]
54.0.Mpcustom4: Trace Attempt 59	[14.65 s]
54.0.AM: Trace Attempt 73	[17.27 s]
54.0.N: Trace Attempt 62	[17.93 s]
54.0.Mpcustom4: Trace Attempt 59	[19.59 s]
54.0.N: Trace Attempt 65	[22.03 s]
54.0.Mpcustom4: Trace Attempt 60	[24.31 s]
54.0.N: Trace Attempt 67	[26.54 s]
54.0.N: Trace Attempt 69	[30.61 s]
54.0.N: Trace Attempt  1	[30.75 s]
54.0.N: Trace Attempt  2	[30.78 s]
54.0.N: Trace Attempt  3	[30.78 s]
54.0.N: Trace Attempt  5	[30.79 s]
54.0.AM: Trace Attempt 93	[32.53 s]
54.0.AM: Trace Attempt 94	[38.71 s]
54.0.Mpcustom4: Trace Attempt 60	[43.78 s]
54.0.N: Requesting engine job to stop
54.0.B: Requesting engine job to stop
54.0.AM: Requesting engine job to stop
54.0.Hp: Requesting engine job to terminate
54.0.Ht: Requesting engine job to terminate
54.0.Mpcustom4: Requesting engine job to terminate
INFO (IPF144): 54: Initiating shutdown of proof [44.45 s]
54.0.B: Trace Attempt 95	[9.03 s]
54.0.B: A trace with 95 cycles was found. [44.32 s]
INFO (IPF047): 54.0.B: The cover property "CS_div_fsm_s13_55" was covered in 95 cycles in 44.37 s.
54.0.B: Stopped processing property "CS_div_fsm_s13_55"	[44.40 s].
54.0.B: All properties determined. [44.35 s]
54.0.N: Trace Attempt 74	[32.57 s]
54.0.N: Stopped processing property "CS_div_fsm_s13_55"	[44.50 s].
54.0.B: Exited with Success (@ 44.52 s)
54: ProofGrid usable level: 0
54.0.N: All properties determined. [44.50 s]
54.0.N: Exited with Success (@ 44.53 s)
54.0.Hp: Interrupted (multi)
54.0.Hp: All properties determined. [44.53 s]
54.0.Mpcustom4: All properties determined. [44.78 s]
54.0.AM: Stopped processing property "CS_div_fsm_s13_55"	[44.77 s].
54.0.Hp: Exited with Success (@ 44.87 s)
54.0.AM: All properties determined. [44.77 s]
54.0.AM: Exited with Success (@ 45.15 s)
54.0.Mpcustom4: Exited with Success (@ 45.15 s)
54.0.Ht: Interrupted (multi)
54.0.Ht: Trace Attempt 91	[8.79 s]
54.0.Ht: All properties determined. [45.71 s]
54.0.Ht: Exited with Success (@ 46.02 s)
54: --------------------------------------------------------------
ProofGrid Summary (utilization 99.77 %)
--------------------------------------------------------------
     engines started                               :     7
     engine jobs started                           :     7

    Average time in state (seconds)
    ------------------------------------------------------
    Engine  Pending     Running        Dead    Utilization
    ------------------------------------------------------
      N        0.12       44.44        0.00       99.73 %
     Hp        0.09       44.44        0.00       99.80 %
     Ht        0.08       44.42        0.00       99.83 %
    Mpcustom4        0.08       44.39        0.00       99.81 %
     Oh        0.09        0.13        0.00       59.87 %
      B        0.08       44.36        0.00       99.82 %
     AM        0.08       44.35        0.00       99.82 %
    all        0.09       38.08        0.00       99.77 %

    Total time in state (seconds)
    -----------------------------------------
            Pending     Running        Dead  
    -----------------------------------------
               0.62      266.53        0.00

    Data read    : 272.46 kiB
    Data written : 53.72 kiB

54: All pending notifications were processed.
INFO (IPF059): 54: Completed proof on task: "mytask"
cover -name CS_div_fsm_s13_56 {@(posedge clk_i) !div_fsm_s13 ##1 div_fsm_s13 [*56] ##1 !div_fsm_s13 }
INFO (IPF036): Starting proof on task: "mytask", 1 properties to prove with 0 already proven/unreachable
INFO (IPF031): Settings used for proof thread 55:
    orchestration                 = on (auto)
    time_limit                    = 600s
    per_property_time_limit       = 1s * 10 ^ scan
    engine_mode                   = auto
    proofgrid_per_engine_max_jobs = 1
    max engine jobs               = auto
    proofgrid_mode                = local
    proofgrid_restarts            = 10
55: Using multistage preprocessing
55: Starting reduce
55: Finished reduce in 0.042s
55.0.PRE: Performing Proof Simplification...
55.0.N: clocks: 1, declared: 1, looping: 0, posedge: 1, negedge: 0, noedge: 0, bothedge: 0
55.0.N: Proof Simplification Iteration 1	[0.00 s]
55.0.N: Proof Simplification Iteration 2	[0.04 s]
55.0.N: Proof Simplification Iteration 3	[0.06 s]
55.0.N: Proof Simplification Iteration 4	[0.07 s]
55.0.N: Proof Simplification Iteration 5	[0.09 s]
55.0.N: Proof Simplification Iteration 6	[0.11 s]
55.0.N: Proof Simplification Iteration 7	[0.13 s]
55.0.N: Proof Simplification Iteration 8	[0.15 s]
55.0.N: Proof Simplification Iteration 9	[0.17 s]
55.0.N: Proof Simplification Iteration 10	[0.18 s]
55.0.PRE: Proof Simplification completed in 0.23 s
55: About to start ProofGrid in its own thread with a limit of 10000 pending notifications and a limit of 10 traces.
55: =============================== ProofGrid start ===============================
55: ProofGrid usable level: 1
55: Initial ProofGrid level: 1
55: ProofGrid is starting event handling
55.0.Hp: caddy15.stanford.edu: "Rocky Linux 8.10 (Green Obsidian)" is an unsupported operating system.
55.0.N: caddy15.stanford.edu: "Rocky Linux 8.10 (Green Obsidian)" is an unsupported operating system.
55.0.Ht: caddy15.stanford.edu: "Rocky Linux 8.10 (Green Obsidian)" is an unsupported operating system.
55.0.N: Proofgrid shell started at 3538773@caddy15.stanford.edu(local) jg_3514426_caddy15.stanford.edu_56
55.0.Hp: Proofgrid shell started at 3538774@caddy15.stanford.edu(local) jg_3514426_caddy15.stanford.edu_56
55.0.Mpcustom4: caddy15.stanford.edu: "Rocky Linux 8.10 (Green Obsidian)" is an unsupported operating system.
55.0.Hp: clocks: 1, declared: 1, looping: 0, posedge: 1, negedge: 0, noedge: 0, bothedge: 0
55.0.N: clocks: 1, declared: 1, looping: 0, posedge: 1, negedge: 0, noedge: 0, bothedge: 0
55.0.N: Last scan. Per property time limit: 0s
55.0.N: Starting proof for property "CS_div_fsm_s13_56"	[0.00 s].
55.0.Oh: caddy15.stanford.edu: "Rocky Linux 8.10 (Green Obsidian)" is an unsupported operating system.
55.0.B: caddy15.stanford.edu: "Rocky Linux 8.10 (Green Obsidian)" is an unsupported operating system.
55.0.AM: caddy15.stanford.edu: "Rocky Linux 8.10 (Green Obsidian)" is an unsupported operating system.
55.0.N: Trace Attempt  1	[0.01 s]
55.0.Ht: Proofgrid shell started at 3538797@caddy15.stanford.edu(local) jg_3514426_caddy15.stanford.edu_56
55.0.N: Trace Attempt  2	[0.01 s]
55.0.N: Trace Attempt  3	[0.01 s]
55.0.Ht: clocks: 1, declared: 1, looping: 0, posedge: 1, negedge: 0, noedge: 0, bothedge: 0
55.0.Mpcustom4: Proofgrid shell started at 3538815@caddy15.stanford.edu(local) jg_3514426_caddy15.stanford.edu_56
55.0.Mpcustom4: clocks: 1, declared: 1, looping: 0, posedge: 1, negedge: 0, noedge: 0, bothedge: 0
55.0.N: Trace Attempt  3	[0.04 s]
55.0.Oh: Proofgrid shell started at 3538829@caddy15.stanford.edu(local) jg_3514426_caddy15.stanford.edu_56
55.0.Ht: Trace Attempt  1	[0.04 s]
55.0.Ht: Trace Attempt  2	[0.04 s]
55.0.Ht: Trace Attempt  3	[0.04 s]
55.0.Oh: clocks: 1, declared: 1, looping: 0, posedge: 1, negedge: 0, noedge: 0, bothedge: 0
55.0.Ht: Trace Attempt  4	[0.04 s]
55.0.N: Trace Attempt  4	[0.06 s]
55.0.N: Trace Attempt  5	[0.06 s]
55.0.B: Proofgrid shell started at 3538830@caddy15.stanford.edu(local) jg_3514426_caddy15.stanford.edu_56
55.0.AM: Proofgrid shell started at 3538835@caddy15.stanford.edu(local) jg_3514426_caddy15.stanford.edu_56
55.0.Ht: Trace Attempt  5	[0.05 s]
55.0.B: clocks: 1, declared: 1, looping: 0, posedge: 1, negedge: 0, noedge: 0, bothedge: 0
55.0.AM: clocks: 1, declared: 1, looping: 0, posedge: 1, negedge: 0, noedge: 0, bothedge: 0
55.0.Mpcustom4: Trace Attempt  1	[0.04 s]
55.0.B: Last scan. Per property time limit: 0s
55.0.B: Starting proof for property "CS_div_fsm_s13_56"	[0.00 s].
55.0.AM: Last scan. Per property time limit: 0s
55.0.AM: Starting proof for property "CS_div_fsm_s13_56"	[0.00 s].
55.0.AM: Trace Attempt  1	[0.00 s]
55.0.AM: Trace Attempt  2	[0.01 s]
55.0.B: Trace Attempt  1	[0.01 s]
55.0.Mpcustom4: Trace Attempt  2	[0.06 s]
55.0.B: Trace Attempt  2	[0.02 s]
55.0.B: Trace Attempt  3	[0.03 s]
55.0.AM: Trace Attempt  3	[0.03 s]
55.0.B: Trace Attempt  4	[0.04 s]
55.0.N: Trace Attempt  5	[0.12 s]
55.0.AM: Trace Attempt  4	[0.06 s]
55.0.B: Trace Attempt  5	[0.08 s]
55.0.AM: Trace Attempt  5	[0.08 s]
55.0.Oh: bwd trail(1): 1 0.108187s
55.0.Oh: All properties either determined or skipped. [0.12 s]
55.0.Oh: Exited with Success (@ 0.20 s)
55.0.Mpcustom4: Trace Attempt  3	[0.62 s]
55.0.Mpcustom4: Trace Attempt  3	[0.67 s]
55.0.Mpcustom4: Trace Attempt  4	[0.69 s]
55.0.Mpcustom4: Trace Attempt  4	[0.75 s]
55.0.Mpcustom4: Trace Attempt  5	[0.77 s]
55.0.Ht: Trace Attempt 67	[4.08 s]
55.0.AM: Trace Attempt 49	[4.10 s]
55.0.N: Trace Attempt 29	[4.22 s]
55.0.B: Trace Attempt 52	[4.15 s]
55.0.Mpcustom4: Trace Attempt 31	[5.26 s]
55.0.B: Trace Attempt 89	[8.20 s]
55.0.Ht: Trace Attempt 84	[8.44 s]
55.0.N: Trace Attempt 41	[8.49 s]
55.0.AM: Trace Attempt 67	[8.48 s]
55.0.AM: Trace Attempt  1	[8.75 s]
55.0.AM: Trace Attempt  2	[8.78 s]
55.0.AM: Trace Attempt  3	[8.79 s]
55.0.AM: Trace Attempt  5	[8.80 s]
55.0.Mpcustom4: Trace Attempt 37	[9.28 s]
55.0.N: Trace Attempt 50	[12.53 s]
55.0.AM: Trace Attempt  1	[12.97 s]
55.0.AM: Trace Attempt  2	[13.00 s]
55.0.AM: Trace Attempt  3	[13.01 s]
55.0.AM: Trace Attempt  5	[13.02 s]
55.0.Mpcustom4: Trace Attempt 60	[14.78 s]
55.0.N: Trace Attempt 57	[16.83 s]
55.0.AM: Trace Attempt 74	[17.41 s]
55.0.Mpcustom4: Trace Attempt 61	[20.26 s]
55.0.N: Trace Attempt 62	[20.91 s]
55.0.N: Trace Attempt 67	[25.20 s]
55.0.Mpcustom4: Trace Attempt 61	[25.48 s]
55.0.N: Trace Attempt 68	[29.31 s]
55.0.N: Trace Attempt  1	[30.43 s]
55.0.Mpcustom4: Trace Attempt 61	[30.41 s]
55.0.N: Trace Attempt  2	[30.46 s]
55.0.N: Trace Attempt  3	[30.46 s]
55.0.N: Trace Attempt  5	[30.47 s]
55.0.AM: Trace Attempt 94	[32.46 s]
55.0.Mpcustom4: Trace Attempt 61	[36.42 s]
55.0.AM: Trace Attempt 95	[39.05 s]
55.0.Mpcustom4: Trace Attempt 62	[41.51 s]
55.0.N: Trace Attempt 95	[42.62 s]
55.0.Ht: Trace Attempt 91	[47.14 s]
55.0.Mpcustom4: Trace Attempt 63	[47.71 s]
55.0.N: Requesting engine job to stop
55.0.B: Requesting engine job to stop
55.0.AM: Requesting engine job to stop
55.0.Hp: Requesting engine job to terminate
55.0.Ht: Requesting engine job to terminate
55.0.Mpcustom4: Requesting engine job to terminate
INFO (IPF144): 55: Initiating shutdown of proof [47.92 s]
55.0.B: Trace Attempt 96	[9.51 s]
55.0.B: A trace with 96 cycles was found. [47.78 s]
INFO (IPF047): 55.0.B: The cover property "CS_div_fsm_s13_56" was covered in 96 cycles in 47.84 s.
55.0.B: Stopped processing property "CS_div_fsm_s13_56"	[47.85 s].
55.0.B: All properties determined. [47.82 s]
55.0.B: Exited with Success (@ 48.01 s)
55: ProofGrid usable level: 0
55.0.N: Stopped processing property "CS_div_fsm_s13_56"	[47.99 s].
55.0.N: All properties determined. [47.99 s]
55.0.AM: Stopped processing property "CS_div_fsm_s13_56"	[48.15 s].
55.0.N: Exited with Success (@ 48.25 s)
55.0.AM: All properties determined. [48.15 s]
55.0.AM: Exited with Success (@ 48.39 s)
55.0.Mpcustom4: All properties determined. [48.34 s]
55.0.Mpcustom4: Exited with Success (@ 48.68 s)
55.0.Ht: Interrupted (multi)
55.0.Ht: Trace Attempt 96	[47.44 s]
55.0.Ht: All properties determined. [48.88 s]
55.0.Ht: Exited with Success (@ 49.29 s)
55.0.Hp: Interrupted (multi)
55.0.Hp: All properties determined. [49.73 s]
55.0.Hp: Exited with Success (@ 49.97 s)
55: --------------------------------------------------------------
ProofGrid Summary (utilization 99.79 %)
--------------------------------------------------------------
     engines started                               :     7
     engine jobs started                           :     7

    Average time in state (seconds)
    ------------------------------------------------------
    Engine  Pending     Running        Dead    Utilization
    ------------------------------------------------------
      N        0.12       47.91        0.00       99.75 %
     Hp        0.10       47.91        0.00       99.80 %
     Ht        0.09       47.88        0.00       99.82 %
    Mpcustom4        0.07       47.87        0.00       99.85 %
     Oh        0.07        0.13        0.00       65.52 %
      B        0.08       47.83        0.00       99.83 %
     AM        0.08       47.83        0.00       99.84 %
    all        0.09       41.05        0.00       99.79 %

    Total time in state (seconds)
    -----------------------------------------
            Pending     Running        Dead  
    -----------------------------------------
               0.60      287.35        0.00

    Data read    : 288.48 kiB
    Data written : 67.40 kiB

55: All pending notifications were processed.
INFO (IPF059): 55: Completed proof on task: "mytask"
cover -name CS_div_fsm_s13_57 {@(posedge clk_i) !div_fsm_s13 ##1 div_fsm_s13 [*57] ##1 !div_fsm_s13 }
INFO (IPF036): Starting proof on task: "mytask", 1 properties to prove with 0 already proven/unreachable
INFO (IPF031): Settings used for proof thread 56:
    orchestration                 = on (auto)
    time_limit                    = 600s
    per_property_time_limit       = 1s * 10 ^ scan
    engine_mode                   = auto
    proofgrid_per_engine_max_jobs = 1
    max engine jobs               = auto
    proofgrid_mode                = local
    proofgrid_restarts            = 10
56: Using multistage preprocessing
56: Starting reduce
56: Finished reduce in 0.044s
56.0.PRE: Performing Proof Simplification...
56.0.N: clocks: 1, declared: 1, looping: 0, posedge: 1, negedge: 0, noedge: 0, bothedge: 0
56.0.N: Proof Simplification Iteration 1	[0.00 s]
56.0.N: Proof Simplification Iteration 2	[0.04 s]
56.0.N: Proof Simplification Iteration 3	[0.06 s]
56.0.N: Proof Simplification Iteration 4	[0.07 s]
56.0.N: Proof Simplification Iteration 5	[0.09 s]
56.0.N: Proof Simplification Iteration 6	[0.11 s]
56.0.N: Proof Simplification Iteration 7	[0.13 s]
56.0.N: Proof Simplification Iteration 8	[0.15 s]
56.0.N: Proof Simplification Iteration 9	[0.16 s]
56.0.N: Proof Simplification Iteration 10	[0.18 s]
56.0.PRE: Proof Simplification completed in 0.23 s
56: About to start ProofGrid in its own thread with a limit of 10000 pending notifications and a limit of 10 traces.
56: =============================== ProofGrid start ===============================
56: ProofGrid usable level: 1
56: Initial ProofGrid level: 1
56: ProofGrid is starting event handling
56.0.N: caddy15.stanford.edu: "Rocky Linux 8.10 (Green Obsidian)" is an unsupported operating system.
56.0.Hp: caddy15.stanford.edu: "Rocky Linux 8.10 (Green Obsidian)" is an unsupported operating system.
56.0.Ht: caddy15.stanford.edu: "Rocky Linux 8.10 (Green Obsidian)" is an unsupported operating system.
56.0.N: Proofgrid shell started at 3539118@caddy15.stanford.edu(local) jg_3514426_caddy15.stanford.edu_57
56.0.Hp: Proofgrid shell started at 3539119@caddy15.stanford.edu(local) jg_3514426_caddy15.stanford.edu_57
56.0.N: clocks: 1, declared: 1, looping: 0, posedge: 1, negedge: 0, noedge: 0, bothedge: 0
56.0.Hp: clocks: 1, declared: 1, looping: 0, posedge: 1, negedge: 0, noedge: 0, bothedge: 0
56.0.Mpcustom4: caddy15.stanford.edu: "Rocky Linux 8.10 (Green Obsidian)" is an unsupported operating system.
56.0.N: Last scan. Per property time limit: 0s
56.0.N: Starting proof for property "CS_div_fsm_s13_57"	[0.00 s].
56.0.Oh: caddy15.stanford.edu: "Rocky Linux 8.10 (Green Obsidian)" is an unsupported operating system.
56.0.N: Trace Attempt  1	[0.01 s]
56.0.Ht: Proofgrid shell started at 3539141@caddy15.stanford.edu(local) jg_3514426_caddy15.stanford.edu_57
56.0.N: Trace Attempt  2	[0.01 s]
56.0.B: caddy15.stanford.edu: "Rocky Linux 8.10 (Green Obsidian)" is an unsupported operating system.
56.0.AM: caddy15.stanford.edu: "Rocky Linux 8.10 (Green Obsidian)" is an unsupported operating system.
56.0.N: Trace Attempt  3	[0.01 s]
56.0.Ht: clocks: 1, declared: 1, looping: 0, posedge: 1, negedge: 0, noedge: 0, bothedge: 0
56.0.N: Trace Attempt  3	[0.04 s]
56.0.B: Proofgrid shell started at 3539173@caddy15.stanford.edu(local) jg_3514426_caddy15.stanford.edu_57
56.0.Mpcustom4: Proofgrid shell started at 3539160@caddy15.stanford.edu(local) jg_3514426_caddy15.stanford.edu_57
56.0.Ht: Trace Attempt  1	[0.04 s]
56.0.Ht: Trace Attempt  2	[0.04 s]
56.0.Ht: Trace Attempt  3	[0.04 s]
56.0.B: clocks: 1, declared: 1, looping: 0, posedge: 1, negedge: 0, noedge: 0, bothedge: 0
56.0.N: Trace Attempt  4	[0.06 s]
56.0.Mpcustom4: clocks: 1, declared: 1, looping: 0, posedge: 1, negedge: 0, noedge: 0, bothedge: 0
56.0.N: Trace Attempt  5	[0.06 s]
56.0.Ht: Trace Attempt  4	[0.04 s]
56.0.Oh: Proofgrid shell started at 3539167@caddy15.stanford.edu(local) jg_3514426_caddy15.stanford.edu_57
56.0.AM: Proofgrid shell started at 3539175@caddy15.stanford.edu(local) jg_3514426_caddy15.stanford.edu_57
56.0.B: Last scan. Per property time limit: 0s
56.0.B: Starting proof for property "CS_div_fsm_s13_57"	[0.00 s].
56.0.Ht: Trace Attempt  5	[0.05 s]
56.0.Oh: clocks: 1, declared: 1, looping: 0, posedge: 1, negedge: 0, noedge: 0, bothedge: 0
56.0.AM: clocks: 1, declared: 1, looping: 0, posedge: 1, negedge: 0, noedge: 0, bothedge: 0
56.0.B: Trace Attempt  1	[0.01 s]
56.0.B: Trace Attempt  2	[0.02 s]
56.0.AM: Last scan. Per property time limit: 0s
56.0.AM: Starting proof for property "CS_div_fsm_s13_57"	[0.00 s].
56.0.AM: Trace Attempt  1	[0.00 s]
56.0.AM: Trace Attempt  2	[0.01 s]
56.0.B: Trace Attempt  3	[0.02 s]
56.0.Mpcustom4: Trace Attempt  1	[0.04 s]
56.0.B: Trace Attempt  4	[0.04 s]
56.0.Mpcustom4: Trace Attempt  2	[0.06 s]
56.0.AM: Trace Attempt  3	[0.03 s]
56.0.N: Trace Attempt  5	[0.11 s]
56.0.AM: Trace Attempt  4	[0.06 s]
56.0.B: Trace Attempt  5	[0.07 s]
56.0.AM: Trace Attempt  5	[0.08 s]
56.0.Oh: bwd trail(1): 1 0.10955s
56.0.Oh: All properties either determined or skipped. [0.13 s]
56.0.Oh: Exited with Success (@ 0.23 s)
56.0.Mpcustom4: Trace Attempt  3	[0.59 s]
56.0.Mpcustom4: Trace Attempt  3	[0.64 s]
56.0.Mpcustom4: Trace Attempt  4	[0.66 s]
56.0.Mpcustom4: Trace Attempt  4	[0.71 s]
56.0.Mpcustom4: Trace Attempt  5	[0.74 s]
56.0.Ht: Trace Attempt 68	[4.12 s]
56.0.B: Trace Attempt 55	[4.14 s]
56.0.N: Trace Attempt 30	[4.22 s]
56.0.AM: Trace Attempt 50	[4.24 s]
56.0.Mpcustom4: Trace Attempt 31	[5.16 s]
56.0.N: Trace Attempt 41	[8.37 s]
56.0.B: Trace Attempt 92	[8.35 s]
56.0.Ht: Trace Attempt 86	[8.45 s]
56.0.Mpcustom4: Trace Attempt 37	[9.19 s]
56.0.AM: Trace Attempt 68	[10.28 s]
56.0.AM: Trace Attempt  1	[10.57 s]
56.0.AM: Trace Attempt  2	[10.60 s]
56.0.AM: Trace Attempt  3	[10.61 s]
56.0.AM: Trace Attempt  5	[10.62 s]
56.0.N: Trace Attempt 50	[12.48 s]
56.0.Mpcustom4: Trace Attempt 61	[15.59 s]
56.0.N: Trace Attempt 57	[16.67 s]
56.0.AM: Trace Attempt 73	[16.89 s]
56.0.AM: Trace Attempt  1	[17.32 s]
56.0.AM: Trace Attempt  2	[17.35 s]
56.0.AM: Trace Attempt  3	[17.36 s]
56.0.AM: Trace Attempt  5	[17.37 s]
56.0.N: Trace Attempt 66	[21.29 s]
56.0.Mpcustom4: Trace Attempt 61	[21.57 s]
56.0.AM: Trace Attempt 75	[22.07 s]
56.0.N: Trace Attempt 69	[26.72 s]
56.0.Mpcustom4: Trace Attempt 61	[27.60 s]
56.0.N: Trace Attempt  1	[30.56 s]
56.0.N: Trace Attempt  2	[30.59 s]
56.0.N: Trace Attempt  3	[30.60 s]
56.0.N: Trace Attempt  5	[30.61 s]
56.0.Mpcustom4: Trace Attempt 63	[33.35 s]
56.0.AM: Trace Attempt 93	[36.36 s]
56.0.Mpcustom4: Trace Attempt 70	[38.22 s]
56.0.AM: Trace Attempt 94	[42.46 s]
56.0.Mpcustom4: Trace Attempt 76	[44.21 s]
56.0.N: Trace Attempt 96	[46.35 s]
56.0.Ht: Trace Attempt 93	[47.38 s]
56.0.Mpcustom4: Trace Attempt 82	[50.38 s]
56.0.N: Requesting engine job to stop
56.0.B: Requesting engine job to stop
56.0.AM: Requesting engine job to stop
56.0.Hp: Requesting engine job to terminate
56.0.Ht: Requesting engine job to terminate
56.0.Mpcustom4: Requesting engine job to terminate
INFO (IPF144): 56: Initiating shutdown of proof [50.72 s]
56.0.Ht: Trace Attempt 97	[47.63 s]
56.0.Ht: A trace with 97 cycles was found. [50.57 s]
INFO (IPF047): 56.0.Ht: The cover property "CS_div_fsm_s13_57" was covered in 97 cycles in 50.69 s.
56.0.Ht: All properties determined. [50.68 s]
56.0.Hp: Interrupted (multi)
56.0.Hp: All properties determined. [50.79 s]
56.0.N: Stopped processing property "CS_div_fsm_s13_57"	[50.79 s].
56.0.N: All properties determined. [50.79 s]
56.0.B: Trace Attempt 97	[9.12 s]
56.0.B: Stopped processing property "CS_div_fsm_s13_57"	[51.05 s].
56.0.N: Exited with Success (@ 51.14 s)
56: ProofGrid usable level: 0
56.0.B: All properties determined. [51.05 s]
56.0.B: Exited with Success (@ 51.17 s)
56.0.Ht: Exited with Success (@ 51.17 s)
56.0.Hp: Exited with Success (@ 51.26 s)
56.0.Mpcustom4: Trace Attempt 84	[50.47 s]
56.0.Mpcustom4: All properties determined. [51.18 s]
56.0.AM: Trace Attempt 96	[43.03 s]
56.0.AM: Stopped processing property "CS_div_fsm_s13_57"	[51.24 s].
56.0.Mpcustom4: Exited with Success (@ 51.34 s)
56.0.AM: All properties determined. [51.24 s]
56.0.AM: Exited with Success (@ 51.36 s)
56: --------------------------------------------------------------
ProofGrid Summary (utilization 99.80 %)
--------------------------------------------------------------
     engines started                               :     7
     engine jobs started                           :     7

    Average time in state (seconds)
    ------------------------------------------------------
    Engine  Pending     Running        Dead    Utilization
    ------------------------------------------------------
      N        0.12       50.71        0.00       99.76 %
     Hp        0.10       50.71        0.00       99.81 %
     Ht        0.08       50.68        0.00       99.83 %
    Mpcustom4        0.10       50.64        0.00       99.80 %
     Oh        0.08        0.13        0.00       60.53 %
      B        0.06       50.64        0.00       99.88 %
     AM        0.08       50.63        0.00       99.85 %
    all        0.09       43.45        0.00       99.80 %

    Total time in state (seconds)
    -----------------------------------------
            Pending     Running        Dead  
    -----------------------------------------
               0.62      304.14        0.00

    Data read    : 286.27 kiB
    Data written : 65.36 kiB

56: All pending notifications were processed.
INFO (IPF059): 56: Completed proof on task: "mytask"
cover -name CS_div_fsm_s13_58 {@(posedge clk_i) !div_fsm_s13 ##1 div_fsm_s13 [*58] ##1 !div_fsm_s13 }
INFO (IPF036): Starting proof on task: "mytask", 1 properties to prove with 0 already proven/unreachable
INFO (IPF031): Settings used for proof thread 57:
    orchestration                 = on (auto)
    time_limit                    = 600s
    per_property_time_limit       = 1s * 10 ^ scan
    engine_mode                   = auto
    proofgrid_per_engine_max_jobs = 1
    max engine jobs               = auto
    proofgrid_mode                = local
    proofgrid_restarts            = 10
57: Using multistage preprocessing
57: Starting reduce
57: Finished reduce in 0.045s
57.0.PRE: Performing Proof Simplification...
57.0.N: clocks: 1, declared: 1, looping: 0, posedge: 1, negedge: 0, noedge: 0, bothedge: 0
57.0.N: Proof Simplification Iteration 1	[0.00 s]
57.0.N: Proof Simplification Iteration 2	[0.04 s]
57.0.N: Proof Simplification Iteration 3	[0.06 s]
57.0.N: Proof Simplification Iteration 4	[0.07 s]
57.0.N: Proof Simplification Iteration 5	[0.09 s]
57.0.N: Proof Simplification Iteration 6	[0.11 s]
57.0.N: Proof Simplification Iteration 7	[0.13 s]
57.0.N: Proof Simplification Iteration 8	[0.15 s]
57.0.N: Proof Simplification Iteration 9	[0.17 s]
57.0.N: Proof Simplification Iteration 10	[0.19 s]
57.0.PRE: Proof Simplification completed in 0.23 s
57: About to start ProofGrid in its own thread with a limit of 10000 pending notifications and a limit of 10 traces.
57: =============================== ProofGrid start ===============================
57: ProofGrid usable level: 1
57: Initial ProofGrid level: 1
57: ProofGrid is starting event handling
57.0.Hp: caddy15.stanford.edu: "Rocky Linux 8.10 (Green Obsidian)" is an unsupported operating system.
57.0.N: caddy15.stanford.edu: "Rocky Linux 8.10 (Green Obsidian)" is an unsupported operating system.
57.0.Mpcustom4: caddy15.stanford.edu: "Rocky Linux 8.10 (Green Obsidian)" is an unsupported operating system.
57.0.Ht: caddy15.stanford.edu: "Rocky Linux 8.10 (Green Obsidian)" is an unsupported operating system.
57.0.Oh: caddy15.stanford.edu: "Rocky Linux 8.10 (Green Obsidian)" is an unsupported operating system.
57.0.Hp: Proofgrid shell started at 3539462@caddy15.stanford.edu(local) jg_3514426_caddy15.stanford.edu_58
57.0.N: Proofgrid shell started at 3539461@caddy15.stanford.edu(local) jg_3514426_caddy15.stanford.edu_58
57.0.Hp: clocks: 1, declared: 1, looping: 0, posedge: 1, negedge: 0, noedge: 0, bothedge: 0
57.0.N: clocks: 1, declared: 1, looping: 0, posedge: 1, negedge: 0, noedge: 0, bothedge: 0
57.0.Ht: Proofgrid shell started at 3539484@caddy15.stanford.edu(local) jg_3514426_caddy15.stanford.edu_58
57.0.N: Last scan. Per property time limit: 0s
57.0.N: Starting proof for property "CS_div_fsm_s13_58"	[0.00 s].
57.0.Mpcustom4: Proofgrid shell started at 3539486@caddy15.stanford.edu(local) jg_3514426_caddy15.stanford.edu_58
57.0.Ht: clocks: 1, declared: 1, looping: 0, posedge: 1, negedge: 0, noedge: 0, bothedge: 0
57.0.B: caddy15.stanford.edu: "Rocky Linux 8.10 (Green Obsidian)" is an unsupported operating system.
57.0.AM: caddy15.stanford.edu: "Rocky Linux 8.10 (Green Obsidian)" is an unsupported operating system.
57.0.N: Trace Attempt  1	[0.01 s]
57.0.N: Trace Attempt  2	[0.01 s]
57.0.N: Trace Attempt  3	[0.01 s]
57.0.Mpcustom4: clocks: 1, declared: 1, looping: 0, posedge: 1, negedge: 0, noedge: 0, bothedge: 0
57.0.Oh: Proofgrid shell started at 3539514@caddy15.stanford.edu(local) jg_3514426_caddy15.stanford.edu_58
57.0.Ht: Trace Attempt  1	[0.04 s]
57.0.Ht: Trace Attempt  2	[0.04 s]
57.0.Ht: Trace Attempt  3	[0.04 s]
57.0.N: Trace Attempt  3	[0.04 s]
57.0.Oh: clocks: 1, declared: 1, looping: 0, posedge: 1, negedge: 0, noedge: 0, bothedge: 0
57.0.Ht: Trace Attempt  4	[0.04 s]
57.0.Mpcustom4: Trace Attempt  1	[0.04 s]
57.0.Ht: Trace Attempt  5	[0.05 s]
57.0.N: Trace Attempt  4	[0.06 s]
57.0.N: Trace Attempt  5	[0.06 s]
57.0.B: Proofgrid shell started at 3539533@caddy15.stanford.edu(local) jg_3514426_caddy15.stanford.edu_58
57.0.AM: Proofgrid shell started at 3539537@caddy15.stanford.edu(local) jg_3514426_caddy15.stanford.edu_58
57.0.Mpcustom4: Trace Attempt  2	[0.06 s]
57.0.B: clocks: 1, declared: 1, looping: 0, posedge: 1, negedge: 0, noedge: 0, bothedge: 0
57.0.AM: clocks: 1, declared: 1, looping: 0, posedge: 1, negedge: 0, noedge: 0, bothedge: 0
57.0.B: Last scan. Per property time limit: 0s
57.0.B: Starting proof for property "CS_div_fsm_s13_58"	[0.00 s].
57.0.AM: Last scan. Per property time limit: 0s
57.0.AM: Starting proof for property "CS_div_fsm_s13_58"	[0.00 s].
57.0.AM: Trace Attempt  1	[0.00 s]
57.0.AM: Trace Attempt  2	[0.01 s]
57.0.B: Trace Attempt  1	[0.01 s]
57.0.B: Trace Attempt  2	[0.01 s]
57.0.B: Trace Attempt  3	[0.02 s]
57.0.AM: Trace Attempt  3	[0.03 s]
57.0.B: Trace Attempt  4	[0.04 s]
57.0.N: Trace Attempt  5	[0.11 s]
57.0.AM: Trace Attempt  4	[0.06 s]
57.0.B: Trace Attempt  5	[0.08 s]
57.0.AM: Trace Attempt  5	[0.08 s]
57.0.Oh: bwd trail(1): 1 0.108306s
57.0.Oh: All properties either determined or skipped. [0.12 s]
57.0.Oh: Exited with Success (@ 0.19 s)
57.0.Mpcustom4: Trace Attempt  3	[0.61 s]
57.0.Mpcustom4: Trace Attempt  3	[0.65 s]
57.0.Mpcustom4: Trace Attempt  4	[0.68 s]
57.0.Mpcustom4: Trace Attempt  4	[0.73 s]
57.0.Mpcustom4: Trace Attempt  5	[0.76 s]
57.0.Ht: Trace Attempt 68	[4.07 s]
57.0.N: Trace Attempt 29	[4.20 s]
57.0.B: Trace Attempt 53	[4.13 s]
57.0.AM: Trace Attempt 50	[4.18 s]
57.0.Mpcustom4: Trace Attempt 31	[5.17 s]
57.0.Ht: Trace Attempt 87	[8.17 s]
57.0.N: Trace Attempt 41	[8.35 s]
57.0.B: Trace Attempt 92	[8.52 s]
57.0.AM: Trace Attempt 69	[8.80 s]
57.0.AM: Trace Attempt  1	[9.10 s]
57.0.AM: Trace Attempt  2	[9.12 s]
57.0.AM: Trace Attempt  3	[9.13 s]
57.0.Mpcustom4: Trace Attempt 37	[9.21 s]
57.0.AM: Trace Attempt  5	[9.14 s]
57.0.N: Trace Attempt 51	[13.14 s]
57.0.Mpcustom4: Trace Attempt 62	[14.66 s]
57.0.AM: Trace Attempt 74	[15.98 s]
57.0.AM: Trace Attempt  1	[16.40 s]
57.0.AM: Trace Attempt  2	[16.43 s]
57.0.AM: Trace Attempt  3	[16.43 s]
57.0.AM: Trace Attempt  5	[16.45 s]
57.0.N: Trace Attempt 59	[17.85 s]
57.0.Mpcustom4: Trace Attempt 62	[19.09 s]
57.0.AM: Trace Attempt 76	[20.85 s]
57.0.N: Trace Attempt 64	[22.07 s]
57.0.Mpcustom4: Trace Attempt 62	[24.08 s]
57.0.Mpcustom4: Trace Attempt 62	[28.45 s]
57.0.N: Trace Attempt 70	[28.86 s]
57.0.N: Trace Attempt  1	[30.61 s]
57.0.N: Trace Attempt  2	[30.64 s]
57.0.N: Trace Attempt  3	[30.65 s]
57.0.N: Trace Attempt  5	[30.66 s]
57.0.Mpcustom4: Trace Attempt 63	[33.23 s]
57.0.AM: Trace Attempt 89	[35.43 s]
57.0.N: Requesting engine job to stop
57.0.B: Requesting engine job to stop
57.0.AM: Requesting engine job to stop
57.0.Hp: Requesting engine job to terminate
57.0.Ht: Requesting engine job to terminate
57.0.Mpcustom4: Requesting engine job to terminate
INFO (IPF144): 57: Initiating shutdown of proof [36.80 s]
57.0.B: Trace Attempt 98	[9.40 s]
57.0.B: A trace with 98 cycles was found. [36.67 s]
INFO (IPF047): 57.0.B: The cover property "CS_div_fsm_s13_58" was covered in 98 cycles in 36.72 s.
57.0.B: Stopped processing property "CS_div_fsm_s13_58"	[36.74 s].
57.0.B: All properties determined. [36.70 s]
57.0.N: Trace Attempt 88	[33.99 s]
57.0.N: Stopped processing property "CS_div_fsm_s13_58"	[36.85 s].
57.0.B: Exited with Success (@ 36.87 s)
57: ProofGrid usable level: 0
57.0.N: All properties determined. [36.85 s]
57.0.N: Exited with Success (@ 37.24 s)
57.0.Mpcustom4: Trace Attempt 64	[35.25 s]
57.0.Mpcustom4: All properties determined. [37.21 s]
57.0.Mpcustom4: Exited with Success (@ 37.53 s)
57.0.Hp: Interrupted (multi)
57.0.Hp: All properties determined. [37.67 s]
57.0.AM: Trace Attempt 90	[35.84 s]
57.0.AM: Stopped processing property "CS_div_fsm_s13_58"	[37.88 s].
57.0.Hp: Exited with Success (@ 37.98 s)
57.0.AM: All properties determined. [37.88 s]
57.0.AM: Exited with Success (@ 38.25 s)
57.0.Ht: Interrupted (multi)
57.0.Ht: Trace Attempt 93	[9.03 s]
57.0.Ht: All properties determined. [38.28 s]
57.0.Ht: Exited with Success (@ 38.59 s)
57: --------------------------------------------------------------
ProofGrid Summary (utilization 99.71 %)
--------------------------------------------------------------
     engines started                               :     7
     engine jobs started                           :     7

    Average time in state (seconds)
    ------------------------------------------------------
    Engine  Pending     Running        Dead    Utilization
    ------------------------------------------------------
      N        0.13       36.79        0.00       99.66 %
     Hp        0.10       36.79        0.00       99.73 %
     Ht        0.07       36.78        0.00       99.81 %
    Mpcustom4        0.08       36.77        0.00       99.79 %
     Oh        0.09        0.13        0.00       59.11 %
      B        0.09       36.71        0.00       99.77 %
     AM        0.08       36.71        0.00       99.78 %
    all        0.09       31.53        0.00       99.71 %

    Total time in state (seconds)
    -----------------------------------------
            Pending     Running        Dead  
    -----------------------------------------
               0.63      220.68        0.00

    Data read    : 284.74 kiB
    Data written : 62.53 kiB

57: All pending notifications were processed.
INFO (IPF059): 57: Completed proof on task: "mytask"
cover -name CS_div_fsm_s13_59 {@(posedge clk_i) !div_fsm_s13 ##1 div_fsm_s13 [*59] ##1 !div_fsm_s13 }
INFO (IPF036): Starting proof on task: "mytask", 1 properties to prove with 0 already proven/unreachable
INFO (IPF031): Settings used for proof thread 58:
    orchestration                 = on (auto)
    time_limit                    = 600s
    per_property_time_limit       = 1s * 10 ^ scan
    engine_mode                   = auto
    proofgrid_per_engine_max_jobs = 1
    max engine jobs               = auto
    proofgrid_mode                = local
    proofgrid_restarts            = 10
58: Using multistage preprocessing
58: Starting reduce
58: Finished reduce in 0.043s
58.0.PRE: Performing Proof Simplification...
58.0.N: clocks: 1, declared: 1, looping: 0, posedge: 1, negedge: 0, noedge: 0, bothedge: 0
58.0.N: Proof Simplification Iteration 1	[0.00 s]
58.0.N: Proof Simplification Iteration 2	[0.04 s]
58.0.N: Proof Simplification Iteration 3	[0.06 s]
58.0.N: Proof Simplification Iteration 4	[0.07 s]
58.0.N: Proof Simplification Iteration 5	[0.09 s]
58.0.N: Proof Simplification Iteration 6	[0.11 s]
58.0.N: Proof Simplification Iteration 7	[0.13 s]
58.0.N: Proof Simplification Iteration 8	[0.15 s]
58.0.N: Proof Simplification Iteration 9	[0.17 s]
58.0.N: Proof Simplification Iteration 10	[0.18 s]
58.0.PRE: Proof Simplification completed in 0.23 s
58: About to start ProofGrid in its own thread with a limit of 10000 pending notifications and a limit of 10 traces.
58: =============================== ProofGrid start ===============================
58: ProofGrid usable level: 1
58: Initial ProofGrid level: 1
58: ProofGrid is starting event handling
58.0.N: caddy15.stanford.edu: "Rocky Linux 8.10 (Green Obsidian)" is an unsupported operating system.
58.0.Hp: caddy15.stanford.edu: "Rocky Linux 8.10 (Green Obsidian)" is an unsupported operating system.
58.0.Ht: caddy15.stanford.edu: "Rocky Linux 8.10 (Green Obsidian)" is an unsupported operating system.
58.0.Mpcustom4: caddy15.stanford.edu: "Rocky Linux 8.10 (Green Obsidian)" is an unsupported operating system.
58.0.N: Proofgrid shell started at 3539737@caddy15.stanford.edu(local) jg_3514426_caddy15.stanford.edu_59
58.0.Hp: Proofgrid shell started at 3539738@caddy15.stanford.edu(local) jg_3514426_caddy15.stanford.edu_59
58.0.Hp: clocks: 1, declared: 1, looping: 0, posedge: 1, negedge: 0, noedge: 0, bothedge: 0
58.0.N: clocks: 1, declared: 1, looping: 0, posedge: 1, negedge: 0, noedge: 0, bothedge: 0
58.0.Oh: caddy15.stanford.edu: "Rocky Linux 8.10 (Green Obsidian)" is an unsupported operating system.
58.0.N: Last scan. Per property time limit: 0s
58.0.N: Starting proof for property "CS_div_fsm_s13_59"	[0.00 s].
58.0.Ht: Proofgrid shell started at 3539761@caddy15.stanford.edu(local) jg_3514426_caddy15.stanford.edu_59
58.0.AM: caddy15.stanford.edu: "Rocky Linux 8.10 (Green Obsidian)" is an unsupported operating system.
58.0.B: caddy15.stanford.edu: "Rocky Linux 8.10 (Green Obsidian)" is an unsupported operating system.
58.0.N: Trace Attempt  1	[0.01 s]
58.0.N: Trace Attempt  2	[0.01 s]
58.0.N: Trace Attempt  3	[0.01 s]
58.0.Ht: clocks: 1, declared: 1, looping: 0, posedge: 1, negedge: 0, noedge: 0, bothedge: 0
58.0.Mpcustom4: Proofgrid shell started at 3539780@caddy15.stanford.edu(local) jg_3514426_caddy15.stanford.edu_59
58.0.Mpcustom4: clocks: 1, declared: 1, looping: 0, posedge: 1, negedge: 0, noedge: 0, bothedge: 0
58.0.N: Trace Attempt  3	[0.04 s]
58.0.Ht: Trace Attempt  1	[0.04 s]
58.0.Ht: Trace Attempt  2	[0.04 s]
58.0.Ht: Trace Attempt  3	[0.04 s]
58.0.Oh: Proofgrid shell started at 3539795@caddy15.stanford.edu(local) jg_3514426_caddy15.stanford.edu_59
58.0.Ht: Trace Attempt  4	[0.04 s]
58.0.N: Trace Attempt  4	[0.06 s]
58.0.N: Trace Attempt  5	[0.06 s]
58.0.Oh: clocks: 1, declared: 1, looping: 0, posedge: 1, negedge: 0, noedge: 0, bothedge: 0
58.0.Ht: Trace Attempt  5	[0.05 s]
58.0.Mpcustom4: Trace Attempt  1	[0.04 s]
58.0.B: Proofgrid shell started at 3539801@caddy15.stanford.edu(local) jg_3514426_caddy15.stanford.edu_59
58.0.AM: Proofgrid shell started at 3539802@caddy15.stanford.edu(local) jg_3514426_caddy15.stanford.edu_59
58.0.Mpcustom4: Trace Attempt  2	[0.06 s]
58.0.B: clocks: 1, declared: 1, looping: 0, posedge: 1, negedge: 0, noedge: 0, bothedge: 0
58.0.AM: clocks: 1, declared: 1, looping: 0, posedge: 1, negedge: 0, noedge: 0, bothedge: 0
58.0.B: Last scan. Per property time limit: 0s
58.0.B: Starting proof for property "CS_div_fsm_s13_59"	[0.00 s].
58.0.AM: Last scan. Per property time limit: 0s
58.0.AM: Starting proof for property "CS_div_fsm_s13_59"	[0.00 s].
58.0.AM: Trace Attempt  1	[0.00 s]
58.0.AM: Trace Attempt  2	[0.01 s]
58.0.B: Trace Attempt  1	[0.01 s]
58.0.B: Trace Attempt  2	[0.02 s]
58.0.N: Trace Attempt  5	[0.12 s]
58.0.B: Trace Attempt  3	[0.02 s]
58.0.AM: Trace Attempt  3	[0.03 s]
58.0.B: Trace Attempt  4	[0.04 s]
58.0.AM: Trace Attempt  4	[0.06 s]
58.0.B: Trace Attempt  5	[0.07 s]
58.0.AM: Trace Attempt  5	[0.08 s]
58.0.Oh: bwd trail(1): 1 0.115012s
58.0.Oh: All properties either determined or skipped. [0.13 s]
58.0.Oh: Exited with Success (@ 0.22 s)
58.0.Mpcustom4: Trace Attempt  3	[0.57 s]
58.0.Mpcustom4: Trace Attempt  3	[0.62 s]
58.0.Mpcustom4: Trace Attempt  4	[0.64 s]
58.0.Mpcustom4: Trace Attempt  4	[0.70 s]
58.0.Mpcustom4: Trace Attempt  5	[0.72 s]
58.0.Ht: Trace Attempt 70	[4.12 s]
58.0.N: Trace Attempt 29	[4.15 s]
58.0.B: Trace Attempt 57	[4.15 s]
58.0.AM: Trace Attempt 50	[4.20 s]
58.0.Mpcustom4: Trace Attempt 31	[5.10 s]
58.0.B: Trace Attempt 93	[8.25 s]
58.0.N: Trace Attempt 41	[8.59 s]
58.0.Mpcustom4: Trace Attempt 37	[9.14 s]
58.0.Ht: Trace Attempt 89	[9.37 s]
58.0.AM: Trace Attempt 70	[9.35 s]
58.0.AM: Trace Attempt  1	[9.65 s]
58.0.AM: Trace Attempt  2	[9.68 s]
58.0.AM: Trace Attempt  3	[9.69 s]
58.0.AM: Trace Attempt  5	[9.70 s]
58.0.N: Trace Attempt 50	[12.77 s]
58.0.Mpcustom4: Trace Attempt 63	[14.54 s]
58.0.AM: Trace Attempt 75	[16.45 s]
58.0.AM: Trace Attempt  1	[16.82 s]
58.0.AM: Trace Attempt  2	[16.85 s]
58.0.AM: Trace Attempt  3	[16.86 s]
58.0.AM: Trace Attempt  5	[16.87 s]
58.0.N: Trace Attempt 57	[17.17 s]
58.0.Mpcustom4: Trace Attempt 63	[19.58 s]
58.0.AM: Trace Attempt 77	[21.39 s]
58.0.N: Trace Attempt 67	[21.92 s]
58.0.Mpcustom4: Trace Attempt 72	[23.88 s]
58.0.N: Trace Attempt 70	[26.24 s]
58.0.Mpcustom4: Trace Attempt 76	[28.36 s]
58.0.N: Trace Attempt  1	[29.03 s]
58.0.N: Trace Attempt  2	[29.06 s]
58.0.N: Trace Attempt  3	[29.07 s]
58.0.N: Trace Attempt  5	[29.08 s]
58.0.Mpcustom4: Trace Attempt 84	[34.38 s]
58.0.AM: Trace Attempt 93	[36.43 s]
58.0.Mpcustom4: Trace Attempt 84	[41.49 s]
58.0.N: Requesting engine job to stop
58.0.B: Requesting engine job to stop
58.0.AM: Requesting engine job to stop
58.0.Hp: Requesting engine job to terminate
58.0.Ht: Requesting engine job to terminate
58.0.Mpcustom4: Requesting engine job to terminate
INFO (IPF144): 58: Initiating shutdown of proof [44.53 s]
58.0.B: Trace Attempt 99	[9.10 s]
58.0.B: A trace with 99 cycles was found. [44.38 s]
INFO (IPF047): 58.0.B: The cover property "CS_div_fsm_s13_59" was covered in 99 cycles in 44.44 s.
58.0.B: Stopped processing property "CS_div_fsm_s13_59"	[44.45 s].
58.0.B: All properties determined. [44.42 s]
58.0.Hp: Interrupted (multi)
58.0.Hp: All properties determined. [44.53 s]
58.0.N: Trace Attempt 79	[31.91 s]
58.0.N: Stopped processing property "CS_div_fsm_s13_59"	[44.58 s].
58.0.B: Exited with Success (@ 44.61 s)
58: ProofGrid usable level: 0
58.0.N: All properties determined. [44.59 s]
58.0.Hp: Exited with Success (@ 44.82 s)
58.0.N: Exited with Success (@ 45.06 s)
58.0.Mpcustom4: Trace Attempt 84	[43.38 s]
58.0.Mpcustom4: All properties determined. [45.02 s]
58.0.Mpcustom4: Exited with Success (@ 45.12 s)
58.0.Ht: Interrupted (multi)
58.0.Ht: Trace Attempt 99	[9.94 s]
58.0.Ht: All properties determined. [45.59 s]
58.0.AM: Trace Attempt 98	[36.98 s]
58.0.AM: Stopped processing property "CS_div_fsm_s13_59"	[46.02 s].
58.0.Ht: Exited with Success (@ 46.13 s)
58.0.AM: All properties determined. [46.02 s]
58.0.AM: Exited with Success (@ 46.16 s)
58: --------------------------------------------------------------
ProofGrid Summary (utilization 99.77 %)
--------------------------------------------------------------
     engines started                               :     7
     engine jobs started                           :     7

    Average time in state (seconds)
    ------------------------------------------------------
    Engine  Pending     Running        Dead    Utilization
    ------------------------------------------------------
      N        0.11       44.52        0.00       99.75 %
     Hp        0.09       44.52        0.00       99.80 %
     Ht        0.08       44.50        0.00       99.82 %
    Mpcustom4        0.08       44.48        0.00       99.82 %
     Oh        0.08        0.13        0.00       61.05 %
      B        0.09       44.43        0.00       99.79 %
     AM        0.09       44.43        0.00       99.79 %
    all        0.09       38.15        0.00       99.77 %

    Total time in state (seconds)
    -----------------------------------------
            Pending     Running        Dead  
    -----------------------------------------
               0.63      267.02        0.00

    Data read    : 295.66 kiB
    Data written : 113.30 kiB

58: All pending notifications were processed.
INFO (IPF059): 58: Completed proof on task: "mytask"
cover -name CS_div_fsm_s13_60 {@(posedge clk_i) !div_fsm_s13 ##1 div_fsm_s13 [*60] ##1 !div_fsm_s13 }
INFO (IPF036): Starting proof on task: "mytask", 1 properties to prove with 0 already proven/unreachable
INFO (IPF031): Settings used for proof thread 59:
    orchestration                 = on (auto)
    time_limit                    = 600s
    per_property_time_limit       = 1s * 10 ^ scan
    engine_mode                   = auto
    proofgrid_per_engine_max_jobs = 1
    max engine jobs               = auto
    proofgrid_mode                = local
    proofgrid_restarts            = 10
59: Using multistage preprocessing
59: Starting reduce
59: Finished reduce in 0.042s
59.0.PRE: Performing Proof Simplification...
59.0.N: clocks: 1, declared: 1, looping: 0, posedge: 1, negedge: 0, noedge: 0, bothedge: 0
59.0.N: Proof Simplification Iteration 1	[0.00 s]
59.0.N: Proof Simplification Iteration 2	[0.04 s]
59.0.N: Proof Simplification Iteration 3	[0.05 s]
59.0.N: Proof Simplification Iteration 4	[0.07 s]
59.0.N: Proof Simplification Iteration 5	[0.09 s]
59.0.N: Proof Simplification Iteration 6	[0.11 s]
59.0.N: Proof Simplification Iteration 7	[0.13 s]
59.0.N: Proof Simplification Iteration 8	[0.14 s]
59.0.N: Proof Simplification Iteration 9	[0.16 s]
59.0.N: Proof Simplification Iteration 10	[0.18 s]
59.0.PRE: Proof Simplification completed in 0.23 s
59: About to start ProofGrid in its own thread with a limit of 10000 pending notifications and a limit of 10 traces.
59: =============================== ProofGrid start ===============================
59: ProofGrid usable level: 1
59: Initial ProofGrid level: 1
59: ProofGrid is starting event handling
59.0.N: caddy15.stanford.edu: "Rocky Linux 8.10 (Green Obsidian)" is an unsupported operating system.
59.0.Hp: caddy15.stanford.edu: "Rocky Linux 8.10 (Green Obsidian)" is an unsupported operating system.
59.0.Ht: caddy15.stanford.edu: "Rocky Linux 8.10 (Green Obsidian)" is an unsupported operating system.
59.0.N: Proofgrid shell started at 3539967@caddy15.stanford.edu(local) jg_3514426_caddy15.stanford.edu_60
59.0.Hp: Proofgrid shell started at 3539968@caddy15.stanford.edu(local) jg_3514426_caddy15.stanford.edu_60
59.0.Mpcustom4: caddy15.stanford.edu: "Rocky Linux 8.10 (Green Obsidian)" is an unsupported operating system.
59.0.N: clocks: 1, declared: 1, looping: 0, posedge: 1, negedge: 0, noedge: 0, bothedge: 0
59.0.Hp: clocks: 1, declared: 1, looping: 0, posedge: 1, negedge: 0, noedge: 0, bothedge: 0
59.0.N: Last scan. Per property time limit: 0s
59.0.N: Starting proof for property "CS_div_fsm_s13_60"	[0.00 s].
59.0.N: Trace Attempt  1	[0.01 s]
59.0.N: Trace Attempt  2	[0.01 s]
59.0.N: Trace Attempt  3	[0.01 s]
59.0.Ht: Proofgrid shell started at 3539990@caddy15.stanford.edu(local) jg_3514426_caddy15.stanford.edu_60
59.0.B: caddy15.stanford.edu: "Rocky Linux 8.10 (Green Obsidian)" is an unsupported operating system.
59.0.AM: caddy15.stanford.edu: "Rocky Linux 8.10 (Green Obsidian)" is an unsupported operating system.
59.0.Oh: caddy15.stanford.edu: "Rocky Linux 8.10 (Green Obsidian)" is an unsupported operating system.
59.0.Ht: clocks: 1, declared: 1, looping: 0, posedge: 1, negedge: 0, noedge: 0, bothedge: 0
59.0.Mpcustom4: Proofgrid shell started at 3540009@caddy15.stanford.edu(local) jg_3514426_caddy15.stanford.edu_60
59.0.Mpcustom4: clocks: 1, declared: 1, looping: 0, posedge: 1, negedge: 0, noedge: 0, bothedge: 0
59.0.N: Trace Attempt  3	[0.04 s]
59.0.Ht: Trace Attempt  1	[0.04 s]
59.0.Ht: Trace Attempt  2	[0.04 s]
59.0.Ht: Trace Attempt  3	[0.04 s]
59.0.N: Trace Attempt  4	[0.06 s]
59.0.Ht: Trace Attempt  4	[0.04 s]
59.0.N: Trace Attempt  5	[0.06 s]
59.0.Mpcustom4: Trace Attempt  1	[0.04 s]
59.0.Ht: Trace Attempt  5	[0.05 s]
59.0.B: Proofgrid shell started at 3540024@caddy15.stanford.edu(local) jg_3514426_caddy15.stanford.edu_60
59.0.AM: Proofgrid shell started at 3540025@caddy15.stanford.edu(local) jg_3514426_caddy15.stanford.edu_60
59.0.Oh: Proofgrid shell started at 3540021@caddy15.stanford.edu(local) jg_3514426_caddy15.stanford.edu_60
59.0.B: clocks: 1, declared: 1, looping: 0, posedge: 1, negedge: 0, noedge: 0, bothedge: 0
59.0.AM: clocks: 1, declared: 1, looping: 0, posedge: 1, negedge: 0, noedge: 0, bothedge: 0
59.0.Oh: clocks: 1, declared: 1, looping: 0, posedge: 1, negedge: 0, noedge: 0, bothedge: 0
59.0.B: Last scan. Per property time limit: 0s
59.0.B: Starting proof for property "CS_div_fsm_s13_60"	[0.00 s].
59.0.AM: Last scan. Per property time limit: 0s
59.0.AM: Starting proof for property "CS_div_fsm_s13_60"	[0.00 s].
59.0.Mpcustom4: Trace Attempt  2	[0.06 s]
59.0.AM: Trace Attempt  1	[0.00 s]
59.0.AM: Trace Attempt  2	[0.01 s]
59.0.B: Trace Attempt  1	[0.01 s]
59.0.B: Trace Attempt  2	[0.02 s]
59.0.B: Trace Attempt  3	[0.03 s]
59.0.AM: Trace Attempt  3	[0.03 s]
59.0.N: Trace Attempt  5	[0.12 s]
59.0.B: Trace Attempt  4	[0.04 s]
59.0.AM: Trace Attempt  4	[0.06 s]
59.0.B: Trace Attempt  5	[0.08 s]
59.0.AM: Trace Attempt  5	[0.08 s]
59.0.Oh: bwd trail(1): 1 0.129184s
59.0.Oh: All properties either determined or skipped. [0.15 s]
59.0.Oh: Exited with Success (@ 0.25 s)
59.0.Mpcustom4: Trace Attempt  3	[0.64 s]
59.0.Mpcustom4: Trace Attempt  3	[0.68 s]
59.0.Mpcustom4: Trace Attempt  4	[0.70 s]
59.0.Mpcustom4: Trace Attempt  4	[0.76 s]
59.0.Mpcustom4: Trace Attempt  5	[0.79 s]
59.0.N: Trace Attempt 30	[4.12 s]
59.0.Ht: Trace Attempt 70	[4.16 s]
59.0.AM: Trace Attempt 49	[4.09 s]
59.0.B: Trace Attempt 54	[4.13 s]
59.0.Mpcustom4: Trace Attempt 31	[5.13 s]
59.0.Ht: Trace Attempt 80	[8.17 s]
59.0.B: Trace Attempt 92	[8.37 s]
59.0.N: Trace Attempt 43	[8.65 s]
59.0.Mpcustom4: Trace Attempt 39	[9.17 s]
59.0.AM: Trace Attempt 71	[9.44 s]
59.0.AM: Trace Attempt  1	[9.73 s]
59.0.AM: Trace Attempt  2	[9.76 s]
59.0.AM: Trace Attempt  3	[9.77 s]
59.0.AM: Trace Attempt  5	[9.78 s]
59.0.N: Trace Attempt 52	[12.68 s]
59.0.Mpcustom4: Trace Attempt 64	[14.06 s]
59.0.AM: Trace Attempt 73	[14.55 s]
59.0.N: Trace Attempt 59	[16.96 s]
59.0.Mpcustom4: Trace Attempt 64	[18.25 s]
59.0.N: Trace Attempt 65	[21.00 s]
59.0.Mpcustom4: Trace Attempt 64	[22.33 s]
59.0.N: Trace Attempt 70	[25.17 s]
59.0.Mpcustom4: Trace Attempt 64	[26.57 s]
59.0.N: Trace Attempt 76	[29.35 s]
59.0.Mpcustom4: Trace Attempt 64	[31.38 s]
59.0.N: Trace Attempt  1	[32.87 s]
59.0.N: Trace Attempt  2	[32.90 s]
59.0.N: Trace Attempt  3	[32.90 s]
59.0.N: Trace Attempt  5	[32.91 s]
59.0.AM: Trace Attempt 97	[35.82 s]
59.0.Mpcustom4: Trace Attempt 65	[38.66 s]
59.0.Mpcustom4: Trace Attempt 65	[43.38 s]
59.0.Ht: Trace Attempt 92	[47.51 s]
59.0.N: Requesting engine job to stop
59.0.B: Requesting engine job to stop
59.0.AM: Requesting engine job to stop
59.0.Hp: Requesting engine job to terminate
59.0.Ht: Requesting engine job to terminate
59.0.Mpcustom4: Requesting engine job to terminate
INFO (IPF144): 59: Initiating shutdown of proof [47.87 s]
59.0.B: Trace Attempt 100	[9.40 s]
59.0.B: A trace with 100 cycles was found. [47.73 s]
INFO (IPF047): 59.0.B: The cover property "CS_div_fsm_s13_60" was covered in 100 cycles in 47.78 s.
59: ProofGrid usable level: 0
59.0.B: Stopped processing property "CS_div_fsm_s13_60"	[47.81 s].
59.0.B: All properties determined. [47.76 s]
59.0.Hp: Interrupted (multi)
59.0.Hp: All properties determined. [47.89 s]
59.0.B: Exited with Success (@ 47.89 s)
59.0.N: Trace Attempt 85	[36.06 s]
59.0.N: Stopped processing property "CS_div_fsm_s13_60"	[47.92 s].
59.0.N: All properties determined. [47.93 s]
59.0.N: Exited with Success (@ 48.06 s)
59.0.Ht: Interrupted (multi)
59.0.Ht: Trace Attempt 100	[47.94 s]
59.0.Ht: All properties determined. [48.03 s]
59.0.Hp: Exited with Success (@ 48.19 s)
59.0.AM: Trace Attempt 99	[36.62 s]
59.0.AM: Stopped processing property "CS_div_fsm_s13_60"	[48.14 s].
59.0.AM: All properties determined. [48.15 s]
59.0.AM: Exited with Success (@ 48.34 s)
59.0.Mpcustom4: Trace Attempt 72	[46.06 s]
59.0.Mpcustom4: All properties determined. [48.29 s]
59.0.Ht: Exited with Success (@ 48.63 s)
59.0.Mpcustom4: Exited with Success (@ 48.63 s)
59: --------------------------------------------------------------
ProofGrid Summary (utilization 99.78 %)
--------------------------------------------------------------
     engines started                               :     7
     engine jobs started                           :     7

    Average time in state (seconds)
    ------------------------------------------------------
    Engine  Pending     Running        Dead    Utilization
    ------------------------------------------------------
      N        0.12       47.86        0.00       99.75 %
     Hp        0.10       47.86        0.00       99.80 %
     Ht        0.09       47.83        0.00       99.82 %
    Mpcustom4        0.07       47.82        0.00       99.85 %
     Oh        0.09        0.15        0.00       62.39 %
      B        0.09       47.77        0.00       99.82 %
     AM        0.08       47.77        0.00       99.82 %
    all        0.09       41.01        0.00       99.78 %

    Total time in state (seconds)
    -----------------------------------------
            Pending     Running        Dead  
    -----------------------------------------
               0.63      287.07        0.00

    Data read    : 298.22 kiB
    Data written : 64.17 kiB

59: All pending notifications were processed.
INFO (IPF059): 59: Completed proof on task: "mytask"
cover -name CS_div_fsm_s13_61 {@(posedge clk_i) !div_fsm_s13 ##1 div_fsm_s13 [*61] ##1 !div_fsm_s13 }
INFO (IPF036): Starting proof on task: "mytask", 1 properties to prove with 0 already proven/unreachable
INFO (IPF031): Settings used for proof thread 60:
    orchestration                 = on (auto)
    time_limit                    = 600s
    per_property_time_limit       = 1s * 10 ^ scan
    engine_mode                   = auto
    proofgrid_per_engine_max_jobs = 1
    max engine jobs               = auto
    proofgrid_mode                = local
    proofgrid_restarts            = 10
60: Using multistage preprocessing
60: Starting reduce
60: Finished reduce in 0.044s
60.0.PRE: Performing Proof Simplification...
60.0.N: clocks: 1, declared: 1, looping: 0, posedge: 1, negedge: 0, noedge: 0, bothedge: 0
60.0.N: Proof Simplification Iteration 1	[0.00 s]
60.0.N: Proof Simplification Iteration 2	[0.04 s]
60.0.N: Proof Simplification Iteration 3	[0.06 s]
60.0.N: Proof Simplification Iteration 4	[0.07 s]
60.0.N: Proof Simplification Iteration 5	[0.09 s]
60.0.N: Proof Simplification Iteration 6	[0.11 s]
60.0.N: Proof Simplification Iteration 7	[0.13 s]
60.0.N: Proof Simplification Iteration 8	[0.15 s]
60.0.N: Proof Simplification Iteration 9	[0.17 s]
60.0.N: Proof Simplification Iteration 10	[0.18 s]
60.0.PRE: Proof Simplification completed in 0.23 s
60: About to start ProofGrid in its own thread with a limit of 10000 pending notifications and a limit of 10 traces.
60: =============================== ProofGrid start ===============================
60: ProofGrid usable level: 1
60: Initial ProofGrid level: 1
60: ProofGrid is starting event handling
60.0.Hp: caddy15.stanford.edu: "Rocky Linux 8.10 (Green Obsidian)" is an unsupported operating system.
60.0.N: caddy15.stanford.edu: "Rocky Linux 8.10 (Green Obsidian)" is an unsupported operating system.
60.0.Mpcustom4: caddy15.stanford.edu: "Rocky Linux 8.10 (Green Obsidian)" is an unsupported operating system.
60.0.Ht: caddy15.stanford.edu: "Rocky Linux 8.10 (Green Obsidian)" is an unsupported operating system.
60.0.Hp: Proofgrid shell started at 3542222@caddy15.stanford.edu(local) jg_3514426_caddy15.stanford.edu_61
60.0.N: Proofgrid shell started at 3542221@caddy15.stanford.edu(local) jg_3514426_caddy15.stanford.edu_61
60.0.Oh: caddy15.stanford.edu: "Rocky Linux 8.10 (Green Obsidian)" is an unsupported operating system.
60.0.Hp: clocks: 1, declared: 1, looping: 0, posedge: 1, negedge: 0, noedge: 0, bothedge: 0
60.0.N: clocks: 1, declared: 1, looping: 0, posedge: 1, negedge: 0, noedge: 0, bothedge: 0
60.0.Ht: Proofgrid shell started at 3542244@caddy15.stanford.edu(local) jg_3514426_caddy15.stanford.edu_61
60.0.Mpcustom4: Proofgrid shell started at 3542248@caddy15.stanford.edu(local) jg_3514426_caddy15.stanford.edu_61
60.0.N: Last scan. Per property time limit: 0s
60.0.N: Starting proof for property "CS_div_fsm_s13_61"	[0.00 s].
60.0.AM: caddy15.stanford.edu: "Rocky Linux 8.10 (Green Obsidian)" is an unsupported operating system.
60.0.B: caddy15.stanford.edu: "Rocky Linux 8.10 (Green Obsidian)" is an unsupported operating system.
60.0.Ht: clocks: 1, declared: 1, looping: 0, posedge: 1, negedge: 0, noedge: 0, bothedge: 0
60.0.Mpcustom4: clocks: 1, declared: 1, looping: 0, posedge: 1, negedge: 0, noedge: 0, bothedge: 0
60.0.N: Trace Attempt  1	[0.00 s]
60.0.N: Trace Attempt  2	[0.01 s]
60.0.N: Trace Attempt  3	[0.01 s]
60.0.Ht: Trace Attempt  1	[0.04 s]
60.0.Ht: Trace Attempt  2	[0.04 s]
60.0.Oh: Proofgrid shell started at 3542274@caddy15.stanford.edu(local) jg_3514426_caddy15.stanford.edu_61
60.0.Mpcustom4: Trace Attempt  1	[0.04 s]
60.0.N: Trace Attempt  3	[0.04 s]
60.0.Ht: Trace Attempt  3	[0.04 s]
60.0.Ht: Trace Attempt  4	[0.04 s]
60.0.Oh: clocks: 1, declared: 1, looping: 0, posedge: 1, negedge: 0, noedge: 0, bothedge: 0
60.0.Ht: Trace Attempt  5	[0.05 s]
60.0.N: Trace Attempt  4	[0.06 s]
60.0.N: Trace Attempt  5	[0.06 s]
60.0.Mpcustom4: Trace Attempt  2	[0.06 s]
60.0.AM: Proofgrid shell started at 3542293@caddy15.stanford.edu(local) jg_3514426_caddy15.stanford.edu_61
60.0.B: Proofgrid shell started at 3542292@caddy15.stanford.edu(local) jg_3514426_caddy15.stanford.edu_61
60.0.B: clocks: 1, declared: 1, looping: 0, posedge: 1, negedge: 0, noedge: 0, bothedge: 0
60.0.AM: clocks: 1, declared: 1, looping: 0, posedge: 1, negedge: 0, noedge: 0, bothedge: 0
60.0.B: Last scan. Per property time limit: 0s
60.0.B: Starting proof for property "CS_div_fsm_s13_61"	[0.00 s].
60.0.AM: Last scan. Per property time limit: 0s
60.0.AM: Starting proof for property "CS_div_fsm_s13_61"	[0.00 s].
60.0.AM: Trace Attempt  1	[0.00 s]
60.0.AM: Trace Attempt  2	[0.01 s]
60.0.B: Trace Attempt  1	[0.01 s]
60.0.B: Trace Attempt  2	[0.02 s]
60.0.B: Trace Attempt  3	[0.03 s]
60.0.AM: Trace Attempt  3	[0.03 s]
60.0.B: Trace Attempt  4	[0.04 s]
60.0.N: Trace Attempt  5	[0.12 s]
60.0.AM: Trace Attempt  4	[0.06 s]
60.0.B: Trace Attempt  5	[0.08 s]
60.0.AM: Trace Attempt  5	[0.08 s]
60.0.Oh: bwd trail(1): 1 0.116459s
60.0.Oh: All properties either determined or skipped. [0.13 s]
60.0.Oh: Exited with Success (@ 0.21 s)
60.0.Mpcustom4: Trace Attempt  3	[0.61 s]
60.0.Mpcustom4: Trace Attempt  3	[0.65 s]
60.0.Mpcustom4: Trace Attempt  4	[0.68 s]
60.0.Mpcustom4: Trace Attempt  4	[0.73 s]
60.0.Mpcustom4: Trace Attempt  5	[0.76 s]
60.0.N: Trace Attempt 29	[4.13 s]
60.0.B: Trace Attempt 54	[4.14 s]
60.0.Ht: Trace Attempt 71	[4.28 s]
60.0.AM: Trace Attempt 50	[4.21 s]
60.0.Mpcustom4: Trace Attempt 31	[5.19 s]
60.0.N: Trace Attempt 41	[8.31 s]
60.0.B: Trace Attempt 92	[8.37 s]
60.0.Ht: Trace Attempt 81	[8.91 s]
60.0.Mpcustom4: Trace Attempt 37	[9.34 s]
60.0.AM: Trace Attempt 72	[9.59 s]
60.0.AM: Trace Attempt  1	[9.90 s]
60.0.AM: Trace Attempt  2	[9.93 s]
60.0.AM: Trace Attempt  3	[9.93 s]
60.0.AM: Trace Attempt  5	[9.95 s]
60.0.N: Trace Attempt 50	[12.32 s]
60.0.Mpcustom4: Trace Attempt 64	[14.50 s]
60.0.N: Trace Attempt 57	[16.62 s]
60.0.AM: Trace Attempt 77	[17.11 s]
60.0.AM: Trace Attempt  1	[17.62 s]
60.0.AM: Trace Attempt  2	[17.65 s]
60.0.AM: Trace Attempt  3	[17.65 s]
60.0.AM: Trace Attempt  5	[17.67 s]
60.0.Mpcustom4: Trace Attempt 65	[19.18 s]
60.0.N: Trace Attempt 64	[20.86 s]
60.0.AM: Trace Attempt 79	[22.64 s]
60.0.Mpcustom4: Trace Attempt 65	[23.30 s]
60.0.N: Trace Attempt 70	[25.15 s]
60.0.Mpcustom4: Trace Attempt 66	[29.32 s]
60.0.N: Trace Attempt 74	[29.86 s]
60.0.N: Trace Attempt  1	[30.01 s]
60.0.N: Trace Attempt  2	[30.04 s]
60.0.N: Trace Attempt  3	[30.05 s]
60.0.N: Trace Attempt  5	[30.06 s]
60.0.N: Trace Attempt 82	[34.47 s]
60.0.AM: Trace Attempt 97	[37.25 s]
60.0.Mpcustom4: Trace Attempt 66	[40.93 s]
60.0.AM: Trace Attempt 98	[43.91 s]
60.0.Mpcustom4: Trace Attempt 67	[45.97 s]
60.0.Mpcustom4: Trace Attempt 67	[50.51 s]
60.0.Mpcustom4: Trace Attempt 67	[55.23 s]
60.0.Ht: Trace Attempt 98	[55.49 s]
60.0.N: Trace Attempt 84	[55.89 s]
60.0.N: Requesting engine job to stop
60.0.B: Requesting engine job to stop
60.0.AM: Requesting engine job to stop
60.0.Hp: Requesting engine job to terminate
60.0.Ht: Requesting engine job to terminate
60.0.Mpcustom4: Requesting engine job to terminate
INFO (IPF144): 60: Initiating shutdown of proof [58.68 s]
60.0.Ht: Trace Attempt 101	[55.70 s]
60.0.Ht: A trace with 101 cycles was found. [58.54 s]
INFO (IPF047): 60.0.Ht: The cover property "CS_div_fsm_s13_61" was covered in 101 cycles in 58.67 s.
60.0.Ht: All properties determined. [58.66 s]
60.0.Hp: Interrupted (multi)
60.0.Hp: All properties determined. [58.68 s]
60.0.N: Stopped processing property "CS_div_fsm_s13_61"	[58.78 s].
60.0.N: All properties determined. [58.78 s]
60.0.B: Trace Attempt 101	[9.63 s]
60.0.B: Stopped processing property "CS_div_fsm_s13_61"	[59.01 s].
60.0.N: Exited with Success (@ 59.11 s)
60: ProofGrid usable level: 0
60.0.B: All properties determined. [59.01 s]
60.0.B: Exited with Success (@ 59.18 s)
60.0.Ht: Exited with Success (@ 59.18 s)
60.0.Mpcustom4: Trace Attempt 71	[57.89 s]
60.0.Mpcustom4: All properties determined. [59.16 s]
60.0.Mpcustom4: Exited with Success (@ 59.24 s)
60.0.AM: Trace Attempt 100	[44.09 s]
60.0.AM: Stopped processing property "CS_div_fsm_s13_61"	[59.21 s].
60.0.Hp: Exited with Success (@ 59.30 s)
60.0.AM: All properties determined. [59.21 s]
60.0.AM: Exited with Success (@ 59.33 s)
60: --------------------------------------------------------------
ProofGrid Summary (utilization 99.82 %)
--------------------------------------------------------------
     engines started                               :     7
     engine jobs started                           :     7

    Average time in state (seconds)
    ------------------------------------------------------
    Engine  Pending     Running        Dead    Utilization
    ------------------------------------------------------
      N        0.13       58.68        0.00       99.78 %
     Hp        0.10       58.68        0.00       99.83 %
     Ht        0.07       58.66        0.00       99.87 %
    Mpcustom4        0.07       58.66        0.00       99.87 %
     Oh        0.09        0.13        0.00       60.55 %
      B        0.08       58.60        0.00       99.86 %
     AM        0.08       58.60        0.00       99.86 %
    all        0.09       50.29        0.00       99.82 %

    Total time in state (seconds)
    -----------------------------------------
            Pending     Running        Dead  
    -----------------------------------------
               0.62      352.01        0.00

    Data read    : 304.17 kiB
    Data written : 151.84 kiB

60: All pending notifications were processed.
INFO (IPF059): 60: Completed proof on task: "mytask"
cover -name CS_div_fsm_s13_62 {@(posedge clk_i) !div_fsm_s13 ##1 div_fsm_s13 [*62] ##1 !div_fsm_s13 }
INFO (IPF036): Starting proof on task: "mytask", 1 properties to prove with 0 already proven/unreachable
INFO (IPF031): Settings used for proof thread 61:
    orchestration                 = on (auto)
    time_limit                    = 600s
    per_property_time_limit       = 1s * 10 ^ scan
    engine_mode                   = auto
    proofgrid_per_engine_max_jobs = 1
    max engine jobs               = auto
    proofgrid_mode                = local
    proofgrid_restarts            = 10
61: Using multistage preprocessing
61: Starting reduce
61: Finished reduce in 0.045s
61.0.PRE: Performing Proof Simplification...
61.0.N: clocks: 1, declared: 1, looping: 0, posedge: 1, negedge: 0, noedge: 0, bothedge: 0
61.0.N: Proof Simplification Iteration 1	[0.00 s]
61.0.N: Proof Simplification Iteration 2	[0.04 s]
61.0.N: Proof Simplification Iteration 3	[0.06 s]
61.0.N: Proof Simplification Iteration 4	[0.07 s]
61.0.N: Proof Simplification Iteration 5	[0.09 s]
61.0.N: Proof Simplification Iteration 6	[0.11 s]
61.0.N: Proof Simplification Iteration 7	[0.13 s]
61.0.N: Proof Simplification Iteration 8	[0.15 s]
61.0.N: Proof Simplification Iteration 9	[0.17 s]
61.0.N: Proof Simplification Iteration 10	[0.18 s]
61.0.PRE: Proof Simplification completed in 0.23 s
61: About to start ProofGrid in its own thread with a limit of 10000 pending notifications and a limit of 10 traces.
61: =============================== ProofGrid start ===============================
61: ProofGrid usable level: 1
61: Initial ProofGrid level: 1
61: ProofGrid is starting event handling
61.0.N: caddy15.stanford.edu: "Rocky Linux 8.10 (Green Obsidian)" is an unsupported operating system.
61.0.Hp: caddy15.stanford.edu: "Rocky Linux 8.10 (Green Obsidian)" is an unsupported operating system.
61.0.Ht: caddy15.stanford.edu: "Rocky Linux 8.10 (Green Obsidian)" is an unsupported operating system.
61.0.Mpcustom4: caddy15.stanford.edu: "Rocky Linux 8.10 (Green Obsidian)" is an unsupported operating system.
61.0.N: Proofgrid shell started at 3543584@caddy15.stanford.edu(local) jg_3514426_caddy15.stanford.edu_62
61.0.Hp: Proofgrid shell started at 3543585@caddy15.stanford.edu(local) jg_3514426_caddy15.stanford.edu_62
61.0.Oh: caddy15.stanford.edu: "Rocky Linux 8.10 (Green Obsidian)" is an unsupported operating system.
61.0.N: clocks: 1, declared: 1, looping: 0, posedge: 1, negedge: 0, noedge: 0, bothedge: 0
61.0.Hp: clocks: 1, declared: 1, looping: 0, posedge: 1, negedge: 0, noedge: 0, bothedge: 0
61.0.N: Last scan. Per property time limit: 0s
61.0.N: Starting proof for property "CS_div_fsm_s13_62"	[0.00 s].
61.0.Ht: Proofgrid shell started at 3543608@caddy15.stanford.edu(local) jg_3514426_caddy15.stanford.edu_62
61.0.B: caddy15.stanford.edu: "Rocky Linux 8.10 (Green Obsidian)" is an unsupported operating system.
61.0.N: Trace Attempt  1	[0.00 s]
61.0.AM: caddy15.stanford.edu: "Rocky Linux 8.10 (Green Obsidian)" is an unsupported operating system.
61.0.N: Trace Attempt  2	[0.01 s]
61.0.N: Trace Attempt  3	[0.01 s]
61.0.Ht: clocks: 1, declared: 1, looping: 0, posedge: 1, negedge: 0, noedge: 0, bothedge: 0
61.0.Mpcustom4: Proofgrid shell started at 3543626@caddy15.stanford.edu(local) jg_3514426_caddy15.stanford.edu_62
61.0.Mpcustom4: clocks: 1, declared: 1, looping: 0, posedge: 1, negedge: 0, noedge: 0, bothedge: 0
61.0.N: Trace Attempt  3	[0.04 s]
61.0.Ht: Trace Attempt  1	[0.04 s]
61.0.Ht: Trace Attempt  2	[0.04 s]
61.0.Oh: Proofgrid shell started at 3543641@caddy15.stanford.edu(local) jg_3514426_caddy15.stanford.edu_62
61.0.Ht: Trace Attempt  3	[0.04 s]
61.0.Ht: Trace Attempt  4	[0.05 s]
61.0.Oh: clocks: 1, declared: 1, looping: 0, posedge: 1, negedge: 0, noedge: 0, bothedge: 0
61.0.N: Trace Attempt  4	[0.06 s]
61.0.B: Proofgrid shell started at 3543650@caddy15.stanford.edu(local) jg_3514426_caddy15.stanford.edu_62
61.0.N: Trace Attempt  5	[0.06 s]
61.0.Ht: Trace Attempt  5	[0.06 s]
61.0.AM: Proofgrid shell started at 3543654@caddy15.stanford.edu(local) jg_3514426_caddy15.stanford.edu_62
61.0.B: clocks: 1, declared: 1, looping: 0, posedge: 1, negedge: 0, noedge: 0, bothedge: 0
61.0.Mpcustom4: Trace Attempt  1	[0.04 s]
61.0.AM: clocks: 1, declared: 1, looping: 0, posedge: 1, negedge: 0, noedge: 0, bothedge: 0
61.0.B: Last scan. Per property time limit: 0s
61.0.B: Starting proof for property "CS_div_fsm_s13_62"	[0.00 s].
61.0.Mpcustom4: Trace Attempt  2	[0.06 s]
61.0.B: Trace Attempt  1	[0.01 s]
61.0.AM: Last scan. Per property time limit: 0s
61.0.AM: Starting proof for property "CS_div_fsm_s13_62"	[0.00 s].
61.0.AM: Trace Attempt  1	[0.00 s]
61.0.AM: Trace Attempt  2	[0.01 s]
61.0.B: Trace Attempt  2	[0.02 s]
61.0.B: Trace Attempt  3	[0.03 s]
61.0.B: Trace Attempt  4	[0.04 s]
61.0.AM: Trace Attempt  3	[0.03 s]
61.0.N: Trace Attempt  5	[0.12 s]
61.0.AM: Trace Attempt  4	[0.06 s]
61.0.B: Trace Attempt  5	[0.07 s]
61.0.AM: Trace Attempt  5	[0.08 s]
61.0.Oh: bwd trail(1): 1 0.115059s
61.0.Oh: All properties either determined or skipped. [0.13 s]
61.0.Oh: Exited with Success (@ 0.21 s)
61.0.Mpcustom4: Trace Attempt  3	[0.60 s]
61.0.Mpcustom4: Trace Attempt  3	[0.65 s]
61.0.Mpcustom4: Trace Attempt  4	[0.67 s]
61.0.Mpcustom4: Trace Attempt  4	[0.72 s]
61.0.Mpcustom4: Trace Attempt  5	[0.75 s]
61.0.N: Trace Attempt 29	[4.22 s]
61.0.B: Trace Attempt 54	[4.16 s]
61.0.AM: Trace Attempt 50	[4.24 s]
61.0.Ht: Trace Attempt 72	[4.33 s]
61.0.Mpcustom4: Trace Attempt 31	[5.18 s]
61.0.AM: Trace Attempt 70	[8.28 s]
61.0.B: Trace Attempt 92	[8.52 s]
61.0.N: Trace Attempt 41	[8.60 s]
61.0.Ht: Trace Attempt 91	[8.69 s]
61.0.Mpcustom4: Trace Attempt 37	[9.21 s]
61.0.AM: Trace Attempt  1	[10.52 s]
61.0.AM: Trace Attempt  2	[10.55 s]
61.0.AM: Trace Attempt  3	[10.56 s]
61.0.AM: Trace Attempt  5	[10.57 s]
61.0.N: Trace Attempt 50	[12.74 s]
61.0.Mpcustom4: Trace Attempt 64	[14.37 s]
61.0.N: Trace Attempt 57	[17.05 s]
61.0.AM: Trace Attempt 78	[17.58 s]
61.0.AM: Trace Attempt  1	[18.13 s]
61.0.AM: Trace Attempt  2	[18.16 s]
61.0.AM: Trace Attempt  3	[18.16 s]
61.0.AM: Trace Attempt  5	[18.18 s]
61.0.Mpcustom4: Trace Attempt 66	[19.17 s]
61.0.N: Trace Attempt 64	[21.38 s]
61.0.AM: Trace Attempt 82	[22.24 s]
61.0.Mpcustom4: Trace Attempt 67	[24.53 s]
61.0.N: Trace Attempt 68	[25.65 s]
61.0.AM: Trace Attempt 86	[27.19 s]
61.0.AM: Trace Attempt  1	[27.50 s]
61.0.AM: Trace Attempt  2	[27.53 s]
61.0.AM: Trace Attempt  3	[27.54 s]
61.0.AM: Trace Attempt  5	[27.55 s]
61.0.Mpcustom4: Trace Attempt 67	[28.74 s]
61.0.N: Trace Attempt 72	[29.71 s]
61.0.AM: Trace Attempt 88	[33.30 s]
61.0.N: Trace Attempt 73	[34.67 s]
61.0.N: Trace Attempt  1	[37.33 s]
61.0.N: Trace Attempt  2	[37.36 s]
61.0.N: Trace Attempt  3	[37.37 s]
61.0.N: Trace Attempt  5	[37.38 s]
61.0.N: Trace Attempt 92	[41.83 s]
61.0.AM: Trace Attempt 90	[43.99 s]
61.0.N: Requesting engine job to stop
61.0.B: Requesting engine job to stop
61.0.AM: Requesting engine job to stop
61.0.Hp: Requesting engine job to terminate
61.0.Ht: Requesting engine job to terminate
61.0.Mpcustom4: Requesting engine job to terminate
INFO (IPF144): 61: Initiating shutdown of proof [45.66 s]
61.0.B: Trace Attempt 102	[9.92 s]
61.0.B: A trace with 102 cycles was found. [45.53 s]
INFO (IPF047): 61.0.B: The cover property "CS_div_fsm_s13_62" was covered in 102 cycles in 45.59 s.
61.0.B: Stopped processing property "CS_div_fsm_s13_62"	[45.59 s].
61.0.B: All properties determined. [45.57 s]
61.0.N: Stopped processing property "CS_div_fsm_s13_62"	[45.72 s].
61.0.B: Exited with Success (@ 45.74 s)
61: ProofGrid usable level: 0
61.0.N: All properties determined. [45.72 s]
61.0.AM: Stopped processing property "CS_div_fsm_s13_62"	[45.70 s].
61.0.N: Exited with Success (@ 45.81 s)
61.0.AM: All properties determined. [45.70 s]
61.0.AM: Exited with Success (@ 46.08 s)
61.0.Mpcustom4: Trace Attempt 67	[31.30 s]
61.0.Mpcustom4: All properties determined. [46.03 s]
61.0.Mpcustom4: Exited with Success (@ 46.38 s)
61.0.Ht: Interrupted (multi)
61.0.Ht: Trace Attempt 97	[9.60 s]
61.0.Ht: All properties determined. [47.11 s]
61.0.Ht: Exited with Success (@ 47.63 s)
61.0.Hp: Sending SIGKILL
61.0.Hp: Terminated by signal SIGKILL (@ 47.92 s)
61: --------------------------------------------------------------
ProofGrid Summary (utilization 99.79 %)
--------------------------------------------------------------
     engines started                               :     7
     engine jobs started                           :     7

    Average time in state (seconds)
    ------------------------------------------------------
    Engine  Pending     Running        Dead    Utilization
    ------------------------------------------------------
      N        0.10       45.66        0.00       99.77 %
     Hp        0.08       45.66        0.00       99.82 %
     Ht        0.08       45.64        0.00       99.83 %
    Mpcustom4        0.08       45.61        0.00       99.83 %
     Oh        0.08        0.13        0.00       61.94 %
      B        0.08       45.58        0.00       99.83 %
     AM        0.08       45.57        0.00       99.83 %
    all        0.08       39.12        0.00       99.79 %

    Total time in state (seconds)
    -----------------------------------------
            Pending     Running        Dead  
    -----------------------------------------
               0.58      273.84        0.00

    Data read    : 296.52 kiB
    Data written : 66.06 kiB

61: All pending notifications were processed.
INFO (IPF059): 61: Completed proof on task: "mytask"
cover -name CS_div_fsm_s13_63 {@(posedge clk_i) !div_fsm_s13 ##1 div_fsm_s13 [*63] ##1 !div_fsm_s13 }
INFO (IPF036): Starting proof on task: "mytask", 1 properties to prove with 0 already proven/unreachable
INFO (IPF031): Settings used for proof thread 62:
    orchestration                 = on (auto)
    time_limit                    = 600s
    per_property_time_limit       = 1s * 10 ^ scan
    engine_mode                   = auto
    proofgrid_per_engine_max_jobs = 1
    max engine jobs               = auto
    proofgrid_mode                = local
    proofgrid_restarts            = 10
62: Using multistage preprocessing
62: Starting reduce
62: Finished reduce in 0.043s
62.0.PRE: Performing Proof Simplification...
62.0.N: clocks: 1, declared: 1, looping: 0, posedge: 1, negedge: 0, noedge: 0, bothedge: 0
62.0.N: Proof Simplification Iteration 1	[0.00 s]
62.0.N: Proof Simplification Iteration 2	[0.04 s]
62.0.N: Proof Simplification Iteration 3	[0.05 s]
62.0.N: Proof Simplification Iteration 4	[0.07 s]
62.0.N: Proof Simplification Iteration 5	[0.09 s]
62.0.N: Proof Simplification Iteration 6	[0.11 s]
62.0.N: Proof Simplification Iteration 7	[0.13 s]
62.0.N: Proof Simplification Iteration 8	[0.15 s]
62.0.N: Proof Simplification Iteration 9	[0.16 s]
62.0.N: Proof Simplification Iteration 10	[0.18 s]
62.0.PRE: Proof Simplification completed in 0.23 s
62: About to start ProofGrid in its own thread with a limit of 10000 pending notifications and a limit of 10 traces.
62: =============================== ProofGrid start ===============================
62: ProofGrid usable level: 1
62: Initial ProofGrid level: 1
62: ProofGrid is starting event handling
62.0.N: caddy15.stanford.edu: "Rocky Linux 8.10 (Green Obsidian)" is an unsupported operating system.
62.0.Hp: caddy15.stanford.edu: "Rocky Linux 8.10 (Green Obsidian)" is an unsupported operating system.
62.0.Ht: caddy15.stanford.edu: "Rocky Linux 8.10 (Green Obsidian)" is an unsupported operating system.
62.0.Mpcustom4: caddy15.stanford.edu: "Rocky Linux 8.10 (Green Obsidian)" is an unsupported operating system.
62.0.Hp: Proofgrid shell started at 3544494@caddy15.stanford.edu(local) jg_3514426_caddy15.stanford.edu_63
62.0.N: Proofgrid shell started at 3544493@caddy15.stanford.edu(local) jg_3514426_caddy15.stanford.edu_63
62.0.Oh: caddy15.stanford.edu: "Rocky Linux 8.10 (Green Obsidian)" is an unsupported operating system.
62.0.Hp: clocks: 1, declared: 1, looping: 0, posedge: 1, negedge: 0, noedge: 0, bothedge: 0
62.0.N: clocks: 1, declared: 1, looping: 0, posedge: 1, negedge: 0, noedge: 0, bothedge: 0
62.0.Ht: Proofgrid shell started at 3544516@caddy15.stanford.edu(local) jg_3514426_caddy15.stanford.edu_63
62.0.N: Last scan. Per property time limit: 0s
62.0.N: Starting proof for property "CS_div_fsm_s13_63"	[0.00 s].
62.0.B: caddy15.stanford.edu: "Rocky Linux 8.10 (Green Obsidian)" is an unsupported operating system.
62.0.Ht: clocks: 1, declared: 1, looping: 0, posedge: 1, negedge: 0, noedge: 0, bothedge: 0
62.0.AM: caddy15.stanford.edu: "Rocky Linux 8.10 (Green Obsidian)" is an unsupported operating system.
62.0.N: Trace Attempt  1	[0.01 s]
62.0.N: Trace Attempt  2	[0.01 s]
62.0.N: Trace Attempt  3	[0.01 s]
62.0.Mpcustom4: Proofgrid shell started at 3544535@caddy15.stanford.edu(local) jg_3514426_caddy15.stanford.edu_63
62.0.Oh: Proofgrid shell started at 3544550@caddy15.stanford.edu(local) jg_3514426_caddy15.stanford.edu_63
62.0.Mpcustom4: clocks: 1, declared: 1, looping: 0, posedge: 1, negedge: 0, noedge: 0, bothedge: 0
62.0.Oh: clocks: 1, declared: 1, looping: 0, posedge: 1, negedge: 0, noedge: 0, bothedge: 0
62.0.N: Trace Attempt  3	[0.04 s]
62.0.Ht: Trace Attempt  1	[0.04 s]
62.0.Ht: Trace Attempt  2	[0.04 s]
62.0.AM: Proofgrid shell started at 3544566@caddy15.stanford.edu(local) jg_3514426_caddy15.stanford.edu_63
62.0.Ht: Trace Attempt  3	[0.04 s]
62.0.Ht: Trace Attempt  4	[0.05 s]
62.0.AM: clocks: 1, declared: 1, looping: 0, posedge: 1, negedge: 0, noedge: 0, bothedge: 0
62.0.N: Trace Attempt  4	[0.06 s]
62.0.N: Trace Attempt  5	[0.06 s]
62.0.B: Proofgrid shell started at 3544561@caddy15.stanford.edu(local) jg_3514426_caddy15.stanford.edu_63
62.0.Mpcustom4: Trace Attempt  1	[0.04 s]
62.0.Ht: Trace Attempt  5	[0.06 s]
62.0.AM: Last scan. Per property time limit: 0s
62.0.AM: Starting proof for property "CS_div_fsm_s13_63"	[0.00 s].
62.0.B: clocks: 1, declared: 1, looping: 0, posedge: 1, negedge: 0, noedge: 0, bothedge: 0
62.0.AM: Trace Attempt  1	[0.00 s]
62.0.AM: Trace Attempt  2	[0.01 s]
62.0.B: Last scan. Per property time limit: 0s
62.0.B: Starting proof for property "CS_div_fsm_s13_63"	[0.00 s].
62.0.Mpcustom4: Trace Attempt  2	[0.06 s]
62.0.B: Trace Attempt  1	[0.01 s]
62.0.AM: Trace Attempt  3	[0.03 s]
62.0.B: Trace Attempt  2	[0.02 s]
62.0.B: Trace Attempt  3	[0.02 s]
62.0.B: Trace Attempt  4	[0.04 s]
62.0.N: Trace Attempt  5	[0.11 s]
62.0.AM: Trace Attempt  4	[0.06 s]
62.0.AM: Trace Attempt  5	[0.08 s]
62.0.B: Trace Attempt  5	[0.07 s]
62.0.Oh: bwd trail(1): 1 0.118549s
62.0.Oh: All properties either determined or skipped. [0.14 s]
62.0.Oh: Exited with Success (@ 0.20 s)
62.0.Mpcustom4: Trace Attempt  3	[0.60 s]
62.0.Mpcustom4: Trace Attempt  3	[0.65 s]
62.0.Mpcustom4: Trace Attempt  4	[0.67 s]
62.0.Mpcustom4: Trace Attempt  4	[0.72 s]
62.0.Mpcustom4: Trace Attempt  5	[0.75 s]
62.0.B: Trace Attempt 54	[4.13 s]
62.0.AM: Trace Attempt 50	[4.16 s]
62.0.N: Trace Attempt 30	[4.27 s]
62.0.Ht: Trace Attempt 73	[4.41 s]
62.0.Mpcustom4: Trace Attempt 31	[5.15 s]
62.0.AM: Trace Attempt 71	[8.37 s]
62.0.N: Trace Attempt 41	[8.46 s]
62.0.B: Trace Attempt 92	[8.48 s]
62.0.Mpcustom4: Trace Attempt 37	[9.19 s]
62.0.Ht: Trace Attempt 82	[9.52 s]
62.0.AM: Trace Attempt  1	[10.50 s]
62.0.AM: Trace Attempt  2	[10.53 s]
62.0.AM: Trace Attempt  3	[10.53 s]
62.0.AM: Trace Attempt  5	[10.54 s]
62.0.N: Trace Attempt 51	[13.21 s]
62.0.Mpcustom4: Trace Attempt 64	[14.34 s]
62.0.AM: Trace Attempt 79	[17.69 s]
62.0.N: Trace Attempt 59	[17.89 s]
62.0.AM: Trace Attempt  1	[18.06 s]
62.0.AM: Trace Attempt  2	[18.09 s]
62.0.AM: Trace Attempt  3	[18.09 s]
62.0.AM: Trace Attempt  5	[18.11 s]
62.0.Mpcustom4: Trace Attempt 67	[19.68 s]
62.0.N: Trace Attempt 65	[21.94 s]
62.0.AM: Trace Attempt 81	[23.08 s]
62.0.Mpcustom4: Trace Attempt 67	[25.02 s]
62.0.N: Trace Attempt 73	[28.13 s]
62.0.Mpcustom4: Trace Attempt 79	[29.56 s]
62.0.N: Trace Attempt  1	[31.34 s]
62.0.N: Trace Attempt  2	[31.37 s]
62.0.N: Trace Attempt  3	[31.38 s]
62.0.N: Trace Attempt  5	[31.39 s]
62.0.Mpcustom4: Trace Attempt 87	[35.50 s]
62.0.N: Trace Attempt 83	[37.59 s]
62.0.AM: Trace Attempt 99	[38.93 s]
62.0.Mpcustom4: Trace Attempt 87	[40.90 s]
62.0.N: Requesting engine job to stop
62.0.B: Requesting engine job to stop
62.0.AM: Requesting engine job to stop
62.0.Hp: Requesting engine job to terminate
62.0.Ht: Requesting engine job to terminate
62.0.Mpcustom4: Requesting engine job to terminate
INFO (IPF144): 62: Initiating shutdown of proof [45.53 s]
62.0.B: Trace Attempt 103	[10.16 s]
62.0.B: A trace with 103 cycles was found. [45.40 s]
INFO (IPF047): 62.0.B: The cover property "CS_div_fsm_s13_63" was covered in 103 cycles in 45.46 s.
62.0.B: Stopped processing property "CS_div_fsm_s13_63"	[45.46 s].
62.0.B: All properties determined. [45.44 s]
62.0.B: Exited with Success (@ 45.54 s)
62: ProofGrid usable level: 0
62.0.N: Stopped processing property "CS_div_fsm_s13_63"	[45.59 s].
62.0.N: All properties determined. [45.59 s]
62.0.N: Exited with Success (@ 45.88 s)
62.0.AM: Trace Attempt 100	[45.83 s]
62.0.AM: Stopped processing property "CS_div_fsm_s13_63"	[46.03 s].
62.0.Mpcustom4: Trace Attempt 89	[40.99 s]
62.0.Mpcustom4: All properties determined. [46.07 s]
62.0.AM: All properties determined. [46.03 s]
62.0.AM: Exited with Success (@ 46.17 s)
62.0.Mpcustom4: Exited with Success (@ 46.42 s)
62.0.Hp: Interrupted (multi)
62.0.Hp: All properties determined. [46.94 s]
62.0.Hp: Sending SIGKILL
62.0.Ht: Sending SIGKILL
62.0.Hp: Exited with Success (@ 47.94 s)
62.0.Ht: Trace Attempt 100	[10.61 s]
62.0.Ht: Terminated by signal SIGKILL (@ 47.99 s)
62: --------------------------------------------------------------
ProofGrid Summary (utilization 99.81 %)
--------------------------------------------------------------
     engines started                               :     7
     engine jobs started                           :     7

    Average time in state (seconds)
    ------------------------------------------------------
    Engine  Pending     Running        Dead    Utilization
    ------------------------------------------------------
      N        0.10       45.52        0.00       99.78 %
     Hp        0.08       45.52        0.00       99.83 %
     Ht        0.07       45.51        0.00       99.84 %
    Mpcustom4        0.08       45.48        0.00       99.83 %
     Oh        0.06        0.14        0.00       69.33 %
      B        0.08       45.44        0.00       99.83 %
     AM        0.06       45.46        0.00       99.86 %
    all        0.08       39.01        0.00       99.81 %

    Total time in state (seconds)
    -----------------------------------------
            Pending     Running        Dead  
    -----------------------------------------
               0.53      273.08        0.00

    Data read    : 307.07 kiB
    Data written : 78.31 kiB

62: All pending notifications were processed.
INFO (IPF059): 62: Completed proof on task: "mytask"
cover -name CS_div_fsm_s13_64 {@(posedge clk_i) !div_fsm_s13 ##1 div_fsm_s13 [*64] ##1 !div_fsm_s13 }
INFO (IPF036): Starting proof on task: "mytask", 1 properties to prove with 0 already proven/unreachable
INFO (IPF031): Settings used for proof thread 63:
    orchestration                 = on (auto)
    time_limit                    = 600s
    per_property_time_limit       = 1s * 10 ^ scan
    engine_mode                   = auto
    proofgrid_per_engine_max_jobs = 1
    max engine jobs               = auto
    proofgrid_mode                = local
    proofgrid_restarts            = 10
63: Using multistage preprocessing
63: Starting reduce
63: Finished reduce in 0.044s
63.0.PRE: Performing Proof Simplification...
63.0.N: clocks: 1, declared: 1, looping: 0, posedge: 1, negedge: 0, noedge: 0, bothedge: 0
63.0.N: Proof Simplification Iteration 1	[0.00 s]
63.0.N: Proof Simplification Iteration 2	[0.04 s]
63.0.N: Proof Simplification Iteration 3	[0.06 s]
63.0.N: Proof Simplification Iteration 4	[0.07 s]
63.0.N: Proof Simplification Iteration 5	[0.09 s]
63.0.N: Proof Simplification Iteration 6	[0.11 s]
63.0.N: Proof Simplification Iteration 7	[0.13 s]
63.0.N: Proof Simplification Iteration 8	[0.15 s]
63.0.N: Proof Simplification Iteration 9	[0.16 s]
63.0.N: Proof Simplification Iteration 10	[0.18 s]
63.0.PRE: Proof Simplification completed in 0.23 s
63: About to start ProofGrid in its own thread with a limit of 10000 pending notifications and a limit of 10 traces.
63: =============================== ProofGrid start ===============================
63: ProofGrid usable level: 1
63: Initial ProofGrid level: 1
63: ProofGrid is starting event handling
63.0.N: caddy15.stanford.edu: "Rocky Linux 8.10 (Green Obsidian)" is an unsupported operating system.
63.0.Hp: caddy15.stanford.edu: "Rocky Linux 8.10 (Green Obsidian)" is an unsupported operating system.
63.0.Ht: caddy15.stanford.edu: "Rocky Linux 8.10 (Green Obsidian)" is an unsupported operating system.
63.0.Mpcustom4: caddy15.stanford.edu: "Rocky Linux 8.10 (Green Obsidian)" is an unsupported operating system.
63.0.N: Proofgrid shell started at 3545177@caddy15.stanford.edu(local) jg_3514426_caddy15.stanford.edu_64
63.0.Hp: Proofgrid shell started at 3545178@caddy15.stanford.edu(local) jg_3514426_caddy15.stanford.edu_64
63.0.N: clocks: 1, declared: 1, looping: 0, posedge: 1, negedge: 0, noedge: 0, bothedge: 0
63.0.Oh: caddy15.stanford.edu: "Rocky Linux 8.10 (Green Obsidian)" is an unsupported operating system.
63.0.Hp: clocks: 1, declared: 1, looping: 0, posedge: 1, negedge: 0, noedge: 0, bothedge: 0
63.0.N: Last scan. Per property time limit: 0s
63.0.N: Starting proof for property "CS_div_fsm_s13_64"	[0.00 s].
63.0.B: caddy15.stanford.edu: "Rocky Linux 8.10 (Green Obsidian)" is an unsupported operating system.
63.0.Ht: Proofgrid shell started at 3545200@caddy15.stanford.edu(local) jg_3514426_caddy15.stanford.edu_64
63.0.N: Trace Attempt  1	[0.01 s]
63.0.AM: caddy15.stanford.edu: "Rocky Linux 8.10 (Green Obsidian)" is an unsupported operating system.
63.0.N: Trace Attempt  2	[0.01 s]
63.0.N: Trace Attempt  3	[0.01 s]
63.0.Ht: clocks: 1, declared: 1, looping: 0, posedge: 1, negedge: 0, noedge: 0, bothedge: 0
63.0.Mpcustom4: Proofgrid shell started at 3545219@caddy15.stanford.edu(local) jg_3514426_caddy15.stanford.edu_64
63.0.Mpcustom4: clocks: 1, declared: 1, looping: 0, posedge: 1, negedge: 0, noedge: 0, bothedge: 0
63.0.N: Trace Attempt  3	[0.04 s]
63.0.Ht: Trace Attempt  1	[0.04 s]
63.0.Ht: Trace Attempt  2	[0.04 s]
63.0.Oh: Proofgrid shell started at 3545234@caddy15.stanford.edu(local) jg_3514426_caddy15.stanford.edu_64
63.0.Ht: Trace Attempt  3	[0.04 s]
63.0.Ht: Trace Attempt  4	[0.04 s]
63.0.Oh: clocks: 1, declared: 1, looping: 0, posedge: 1, negedge: 0, noedge: 0, bothedge: 0
63.0.B: Proofgrid shell started at 3545241@caddy15.stanford.edu(local) jg_3514426_caddy15.stanford.edu_64
63.0.N: Trace Attempt  4	[0.06 s]
63.0.N: Trace Attempt  5	[0.06 s]
63.0.Ht: Trace Attempt  5	[0.05 s]
63.0.AM: Proofgrid shell started at 3545246@caddy15.stanford.edu(local) jg_3514426_caddy15.stanford.edu_64
63.0.B: clocks: 1, declared: 1, looping: 0, posedge: 1, negedge: 0, noedge: 0, bothedge: 0
63.0.Mpcustom4: Trace Attempt  1	[0.04 s]
63.0.AM: clocks: 1, declared: 1, looping: 0, posedge: 1, negedge: 0, noedge: 0, bothedge: 0
63.0.B: Last scan. Per property time limit: 0s
63.0.B: Starting proof for property "CS_div_fsm_s13_64"	[0.00 s].
63.0.AM: Last scan. Per property time limit: 0s
63.0.AM: Starting proof for property "CS_div_fsm_s13_64"	[0.00 s].
63.0.B: Trace Attempt  1	[0.01 s]
63.0.Mpcustom4: Trace Attempt  2	[0.06 s]
63.0.AM: Trace Attempt  1	[0.00 s]
63.0.AM: Trace Attempt  2	[0.01 s]
63.0.B: Trace Attempt  2	[0.02 s]
63.0.B: Trace Attempt  3	[0.03 s]
63.0.AM: Trace Attempt  3	[0.03 s]
63.0.B: Trace Attempt  4	[0.04 s]
63.0.N: Trace Attempt  5	[0.13 s]
63.0.AM: Trace Attempt  4	[0.06 s]
63.0.B: Trace Attempt  5	[0.09 s]
63.0.AM: Trace Attempt  5	[0.08 s]
63.0.Oh: bwd trail(1): 1 0.114064s
63.0.Oh: All properties either determined or skipped. [0.13 s]
63.0.Oh: Exited with Success (@ 0.21 s)
63.0.Oh: Completed, Restart ignored.
63.0.Mpcustom4: Trace Attempt  3	[0.62 s]
63.0.Mpcustom4: Trace Attempt  3	[0.67 s]
63.0.Mpcustom4: Trace Attempt  4	[0.69 s]
63.0.Mpcustom4: Trace Attempt  4	[0.74 s]
63.0.Mpcustom4: Trace Attempt  5	[0.77 s]
63.0.N: Trace Attempt 29	[4.20 s]
63.0.B: Trace Attempt 54	[4.16 s]
63.0.AM: Trace Attempt 50	[4.20 s]
63.0.Ht: Trace Attempt 74	[4.48 s]
63.0.Mpcustom4: Trace Attempt 31	[5.19 s]
63.0.B: Trace Attempt 92	[8.36 s]
63.0.AM: Trace Attempt 71	[8.39 s]
63.0.Ht: Trace Attempt 86	[8.57 s]
63.0.N: Trace Attempt 41	[8.71 s]
63.0.Mpcustom4: Trace Attempt 37	[9.26 s]
63.0.N: Trace Attempt 50	[12.93 s]
63.0.Mpcustom4: Trace Attempt 64	[14.30 s]
63.0.AM: Trace Attempt 77	[15.63 s]
63.0.AM: Trace Attempt  1	[15.98 s]
63.0.AM: Trace Attempt  2	[16.01 s]
63.0.AM: Trace Attempt  3	[16.01 s]
63.0.AM: Trace Attempt  5	[16.02 s]
63.0.N: Trace Attempt 57	[17.11 s]
63.0.Mpcustom4: Trace Attempt 68	[18.60 s]
63.0.N: Trace Attempt 64	[21.44 s]
63.0.AM: Trace Attempt 81	[23.70 s]
63.0.Mpcustom4: Trace Attempt 68	[23.86 s]
63.0.AM: Trace Attempt  1	[24.03 s]
63.0.AM: Trace Attempt  2	[24.06 s]
63.0.AM: Trace Attempt  3	[24.06 s]
63.0.AM: Trace Attempt  5	[24.07 s]
63.0.N: Trace Attempt 69	[25.45 s]
63.0.AM: Trace Attempt 83	[28.39 s]
63.0.Mpcustom4: Trace Attempt 68	[29.36 s]
63.0.N: Trace Attempt 74	[30.35 s]
63.0.N: Trace Attempt  1	[31.79 s]
63.0.N: Trace Attempt  2	[31.82 s]
63.0.N: Trace Attempt  3	[31.83 s]
63.0.N: Trace Attempt  5	[31.84 s]
63.0.Mpcustom4: Trace Attempt 69	[35.28 s]
63.0.Mpcustom4: Trace Attempt 70	[40.03 s]
63.0.Ht: Trace Attempt 95	[43.95 s]
63.0.AM: Trace Attempt 101	[44.26 s]
63.0.Mpcustom4: Trace Attempt 70	[44.87 s]
63.0.N: Requesting engine job to stop
63.0.B: Requesting engine job to stop
63.0.AM: Requesting engine job to stop
63.0.Hp: Requesting engine job to terminate
63.0.Ht: Requesting engine job to terminate
63.0.Mpcustom4: Requesting engine job to terminate
INFO (IPF144): 63: Initiating shutdown of proof [46.54 s]
63.0.B: Trace Attempt 104	[10.02 s]
63.0.B: A trace with 104 cycles was found. [46.40 s]
INFO (IPF047): 63.0.B: The cover property "CS_div_fsm_s13_64" was covered in 104 cycles in 46.46 s.
63.0.B: Stopped processing property "CS_div_fsm_s13_64"	[46.47 s].
63.0.B: All properties determined. [46.44 s]
63.0.N: Trace Attempt 81	[35.00 s]
63.0.N: Stopped processing property "CS_div_fsm_s13_64"	[46.59 s].
63.0.B: Exited with Success (@ 46.62 s)
63: ProofGrid usable level: 0
63.0.N: All properties determined. [46.60 s]
63.0.N: Exited with Success (@ 46.63 s)
63.0.AM: Trace Attempt 103	[44.51 s]
63.0.AM: Stopped processing property "CS_div_fsm_s13_64"	[46.84 s].
63.0.AM: All properties determined. [46.84 s]
63.0.AM: Exited with Success (@ 47.00 s)
63.0.Mpcustom4: All properties determined. [46.95 s]
63.0.Mpcustom4: Exited with Success (@ 47.30 s)
63.0.Hp: Interrupted (multi)
63.0.Hp: All properties determined. [47.86 s]
63.0.Hp: Exited with Success (@ 48.62 s)
63.0.Ht: Sending SIGKILL
63.0.Ht: Trace Attempt 104	[44.44 s]
63.0.Ht: Terminated by signal SIGKILL (@ 48.67 s)
63: --------------------------------------------------------------
ProofGrid Summary (utilization 99.80 %)
--------------------------------------------------------------
     engines started                               :     7
     engine jobs started                           :     7

    Average time in state (seconds)
    ------------------------------------------------------
    Engine  Pending     Running        Dead    Utilization
    ------------------------------------------------------
      N        0.10       46.53        0.00       99.79 %
     Hp        0.08       46.52        0.00       99.83 %
     Ht        0.08       46.50        0.00       99.83 %
    Mpcustom4        0.08       46.49        0.00       99.83 %
     Oh        0.08        0.13        0.00       62.43 %
      B        0.08       46.45        0.00       99.83 %
     AM        0.08       46.44        0.00       99.83 %
    all        0.08       39.87        0.00       99.80 %

    Total time in state (seconds)
    -----------------------------------------
            Pending     Running        Dead  
    -----------------------------------------
               0.57      279.07        0.00

    Data read    : 306.94 kiB
    Data written : 36.73 kiB

63: All pending notifications were processed.
INFO (IPF059): 63: Completed proof on task: "mytask"
cover -name CS_div_fsm_s13_65 {@(posedge clk_i) !div_fsm_s13 ##1 div_fsm_s13 [*65] ##1 !div_fsm_s13 }
INFO (IPF036): Starting proof on task: "mytask", 1 properties to prove with 0 already proven/unreachable
INFO (IPF031): Settings used for proof thread 64:
    orchestration                 = on (auto)
    time_limit                    = 600s
    per_property_time_limit       = 1s * 10 ^ scan
    engine_mode                   = auto
    proofgrid_per_engine_max_jobs = 1
    max engine jobs               = auto
    proofgrid_mode                = local
    proofgrid_restarts            = 10
64: Using multistage preprocessing
64: Starting reduce
64: Finished reduce in 0.043s
64.0.PRE: Performing Proof Simplification...
64.0.N: clocks: 1, declared: 1, looping: 0, posedge: 1, negedge: 0, noedge: 0, bothedge: 0
64.0.N: Proof Simplification Iteration 1	[0.00 s]
64.0.N: Proof Simplification Iteration 2	[0.04 s]
64.0.N: Proof Simplification Iteration 3	[0.06 s]
64.0.N: Proof Simplification Iteration 4	[0.07 s]
64.0.N: Proof Simplification Iteration 5	[0.09 s]
64.0.N: Proof Simplification Iteration 6	[0.11 s]
64.0.N: Proof Simplification Iteration 7	[0.13 s]
64.0.N: Proof Simplification Iteration 8	[0.15 s]
64.0.N: Proof Simplification Iteration 9	[0.16 s]
64.0.N: Proof Simplification Iteration 10	[0.18 s]
64.0.PRE: Proof Simplification completed in 0.23 s
64: About to start ProofGrid in its own thread with a limit of 10000 pending notifications and a limit of 10 traces.
64: =============================== ProofGrid start ===============================
64: ProofGrid usable level: 1
64: Initial ProofGrid level: 1
64: ProofGrid is starting event handling
64.0.N: caddy15.stanford.edu: "Rocky Linux 8.10 (Green Obsidian)" is an unsupported operating system.
64.0.Hp: caddy15.stanford.edu: "Rocky Linux 8.10 (Green Obsidian)" is an unsupported operating system.
64.0.Ht: caddy15.stanford.edu: "Rocky Linux 8.10 (Green Obsidian)" is an unsupported operating system.
64.0.N: Proofgrid shell started at 3545794@caddy15.stanford.edu(local) jg_3514426_caddy15.stanford.edu_65
64.0.Mpcustom4: caddy15.stanford.edu: "Rocky Linux 8.10 (Green Obsidian)" is an unsupported operating system.
64.0.N: clocks: 1, declared: 1, looping: 0, posedge: 1, negedge: 0, noedge: 0, bothedge: 0
64.0.Hp: Proofgrid shell started at 3545795@caddy15.stanford.edu(local) jg_3514426_caddy15.stanford.edu_65
64.0.Oh: caddy15.stanford.edu: "Rocky Linux 8.10 (Green Obsidian)" is an unsupported operating system.
64.0.N: Last scan. Per property time limit: 0s
64.0.N: Starting proof for property "CS_div_fsm_s13_65"	[0.00 s].
64.0.B: caddy15.stanford.edu: "Rocky Linux 8.10 (Green Obsidian)" is an unsupported operating system.
64.0.Hp: clocks: 1, declared: 1, looping: 0, posedge: 1, negedge: 0, noedge: 0, bothedge: 0
64.0.N: Trace Attempt  1	[0.01 s]
64.0.AM: caddy15.stanford.edu: "Rocky Linux 8.10 (Green Obsidian)" is an unsupported operating system.
64.0.N: Trace Attempt  2	[0.01 s]
64.0.N: Trace Attempt  3	[0.01 s]
64.0.Ht: Proofgrid shell started at 3545817@caddy15.stanford.edu(local) jg_3514426_caddy15.stanford.edu_65
64.0.Ht: clocks: 1, declared: 1, looping: 0, posedge: 1, negedge: 0, noedge: 0, bothedge: 0
64.0.Mpcustom4: Proofgrid shell started at 3545836@caddy15.stanford.edu(local) jg_3514426_caddy15.stanford.edu_65
64.0.N: Trace Attempt  3	[0.04 s]
64.0.Mpcustom4: clocks: 1, declared: 1, looping: 0, posedge: 1, negedge: 0, noedge: 0, bothedge: 0
64.0.Ht: Trace Attempt  1	[0.04 s]
64.0.Ht: Trace Attempt  2	[0.04 s]
64.0.Oh: Proofgrid shell started at 3545847@caddy15.stanford.edu(local) jg_3514426_caddy15.stanford.edu_65
64.0.N: Trace Attempt  4	[0.06 s]
64.0.N: Trace Attempt  5	[0.06 s]
64.0.Ht: Trace Attempt  3	[0.04 s]
64.0.AM: Proofgrid shell started at 3545856@caddy15.stanford.edu(local) jg_3514426_caddy15.stanford.edu_65
64.0.Oh: clocks: 1, declared: 1, looping: 0, posedge: 1, negedge: 0, noedge: 0, bothedge: 0
64.0.Ht: Trace Attempt  4	[0.04 s]
64.0.B: Proofgrid shell started at 3545852@caddy15.stanford.edu(local) jg_3514426_caddy15.stanford.edu_65
64.0.AM: clocks: 1, declared: 1, looping: 0, posedge: 1, negedge: 0, noedge: 0, bothedge: 0
64.0.B: clocks: 1, declared: 1, looping: 0, posedge: 1, negedge: 0, noedge: 0, bothedge: 0
64.0.Ht: Trace Attempt  5	[0.05 s]
64.0.Mpcustom4: Trace Attempt  1	[0.04 s]
64.0.AM: Last scan. Per property time limit: 0s
64.0.AM: Starting proof for property "CS_div_fsm_s13_65"	[0.00 s].
64.0.B: Last scan. Per property time limit: 0s
64.0.B: Starting proof for property "CS_div_fsm_s13_65"	[0.00 s].
64.0.AM: Trace Attempt  1	[0.01 s]
64.0.AM: Trace Attempt  2	[0.01 s]
64.0.B: Trace Attempt  1	[0.01 s]
64.0.Mpcustom4: Trace Attempt  2	[0.06 s]
64.0.B: Trace Attempt  2	[0.02 s]
64.0.B: Trace Attempt  3	[0.03 s]
64.0.AM: Trace Attempt  3	[0.03 s]
64.0.N: Trace Attempt  5	[0.12 s]
64.0.B: Trace Attempt  4	[0.04 s]
64.0.AM: Trace Attempt  4	[0.06 s]
64.0.B: Trace Attempt  5	[0.07 s]
64.0.AM: Trace Attempt  5	[0.09 s]
64.0.Oh: bwd trail(1): 1 0.109758s
64.0.Oh: All properties either determined or skipped. [0.13 s]
64.0.Oh: Exited with Success (@ 0.22 s)
64.0.Mpcustom4: Trace Attempt  3	[0.61 s]
64.0.Mpcustom4: Trace Attempt  3	[0.65 s]
64.0.Mpcustom4: Trace Attempt  4	[0.68 s]
64.0.Mpcustom4: Trace Attempt  4	[0.73 s]
64.0.Mpcustom4: Trace Attempt  5	[0.76 s]
64.0.B: Trace Attempt 54	[4.14 s]
64.0.AM: Trace Attempt 49	[4.19 s]
64.0.N: Trace Attempt 29	[4.28 s]
64.0.Ht: Trace Attempt 75	[4.50 s]
64.0.Mpcustom4: Trace Attempt 31	[5.16 s]
64.0.B: Trace Attempt 92	[8.19 s]
64.0.AM: Trace Attempt 69	[8.22 s]
64.0.N: Trace Attempt 41	[8.54 s]
64.0.Mpcustom4: Trace Attempt 37	[9.18 s]
64.0.Ht: Trace Attempt 85	[9.39 s]
64.0.AM: Trace Attempt  1	[11.59 s]
64.0.AM: Trace Attempt  2	[11.62 s]
64.0.AM: Trace Attempt  3	[11.62 s]
64.0.AM: Trace Attempt  5	[11.63 s]
64.0.N: Trace Attempt 50	[12.57 s]
64.0.Mpcustom4: Trace Attempt 64	[14.16 s]
64.0.N: Trace Attempt 57	[16.80 s]
64.0.Mpcustom4: Trace Attempt 69	[18.33 s]
64.0.AM: Trace Attempt 81	[19.41 s]
64.0.AM: Trace Attempt  1	[19.84 s]
64.0.AM: Trace Attempt  2	[19.87 s]
64.0.AM: Trace Attempt  3	[19.88 s]
64.0.AM: Trace Attempt  5	[19.89 s]
64.0.N: Trace Attempt 64	[21.05 s]
64.0.Mpcustom4: Trace Attempt 69	[22.81 s]
64.0.N: Trace Attempt 72	[25.25 s]
64.0.AM: Trace Attempt 83	[25.30 s]
64.0.Mpcustom4: Trace Attempt 69	[27.12 s]
64.0.N: Trace Attempt 76	[31.42 s]
64.0.N: Trace Attempt  1	[34.99 s]
64.0.N: Trace Attempt  2	[35.02 s]
64.0.N: Trace Attempt  3	[35.03 s]
64.0.N: Trace Attempt  5	[35.04 s]
64.0.Mpcustom4: Trace Attempt 69	[36.51 s]
64.0.AM: Trace Attempt 97	[39.28 s]
64.0.N: Trace Attempt 88	[39.37 s]
64.0.Mpcustom4: Trace Attempt 73	[41.15 s]
64.0.Mpcustom4: Trace Attempt 78	[48.00 s]
64.0.Mpcustom4: Trace Attempt 80	[52.22 s]
64.0.Mpcustom4: Trace Attempt 85	[57.93 s]
64.0.N: Requesting engine job to stop
64.0.B: Requesting engine job to stop
64.0.AM: Requesting engine job to stop
64.0.Hp: Requesting engine job to terminate
64.0.Ht: Requesting engine job to terminate
64.0.Mpcustom4: Requesting engine job to terminate
INFO (IPF144): 64: Initiating shutdown of proof [58.80 s]
64.0.B: Trace Attempt 105	[9.89 s]
64.0.B: A trace with 105 cycles was found. [58.66 s]
INFO (IPF047): 64.0.B: The cover property "CS_div_fsm_s13_65" was covered in 105 cycles in 58.72 s.
64.0.B: Stopped processing property "CS_div_fsm_s13_65"	[58.72 s].
64.0.B: All properties determined. [58.70 s]
64: ProofGrid usable level: 0
64.0.N: Stopped processing property "CS_div_fsm_s13_65"	[58.87 s].
64.0.B: Exited with Success (@ 58.89 s)
64.0.N: All properties determined. [58.87 s]
64.0.Ht: Interrupted (multi)
64.0.Ht: Trace Attempt 102	[10.52 s]
64.0.Ht: All properties determined. [59.04 s]
64.0.N: Exited with Success (@ 59.08 s)
64.0.Hp: Interrupted (multi)
64.0.Hp: All properties determined. [59.28 s]
64.0.Mpcustom4: Trace Attempt 90	[58.21 s]
64.0.Mpcustom4: All properties determined. [59.35 s]
64.0.Mpcustom4: Exited with Success (@ 59.58 s)
64.0.Ht: Exited with Success (@ 59.67 s)
64.0.AM: Trace Attempt 104	[39.91 s]
64.0.AM: Stopped processing property "CS_div_fsm_s13_65"	[59.73 s].
64.0.Hp: Exited with Success (@ 59.83 s)
64.0.AM: All properties determined. [59.73 s]
64.0.AM: Exited with Success (@ 59.86 s)
64: --------------------------------------------------------------
ProofGrid Summary (utilization 99.84 %)
--------------------------------------------------------------
     engines started                               :     7
     engine jobs started                           :     7

    Average time in state (seconds)
    ------------------------------------------------------
    Engine  Pending     Running        Dead    Utilization
    ------------------------------------------------------
      N        0.08       58.79        0.00       99.86 %
     Hp        0.08       58.78        0.00       99.86 %
     Ht        0.08       58.76        0.00       99.87 %
    Mpcustom4        0.08       58.74        0.00       99.87 %
     Oh        0.08        0.13        0.00       60.91 %
      B        0.09       58.71        0.00       99.85 %
     AM        0.08       58.71        0.00       99.87 %
    all        0.08       50.37        0.00       99.84 %

    Total time in state (seconds)
    -----------------------------------------
            Pending     Running        Dead  
    -----------------------------------------
               0.57      352.61        0.00

    Data read    : 328.55 kiB
    Data written : 153.45 kiB

64: All pending notifications were processed.
INFO (IPF059): 64: Completed proof on task: "mytask"
cover -name CS_div_fsm_s13_66 {@(posedge clk_i) !div_fsm_s13 ##1 div_fsm_s13 [*66] ##1 !div_fsm_s13 }
INFO (IPF036): Starting proof on task: "mytask", 1 properties to prove with 0 already proven/unreachable
INFO (IPF031): Settings used for proof thread 65:
    orchestration                 = on (auto)
    time_limit                    = 600s
    per_property_time_limit       = 1s * 10 ^ scan
    engine_mode                   = auto
    proofgrid_per_engine_max_jobs = 1
    max engine jobs               = auto
    proofgrid_mode                = local
    proofgrid_restarts            = 10
65: Using multistage preprocessing
65: Starting reduce
65: Finished reduce in 0.044s
65.0.PRE: Performing Proof Simplification...
65.0.N: clocks: 1, declared: 1, looping: 0, posedge: 1, negedge: 0, noedge: 0, bothedge: 0
65.0.N: Proof Simplification Iteration 1	[0.00 s]
65.0.N: Proof Simplification Iteration 2	[0.04 s]
65.0.N: Proof Simplification Iteration 3	[0.06 s]
65.0.N: Proof Simplification Iteration 4	[0.07 s]
65.0.N: Proof Simplification Iteration 5	[0.09 s]
65.0.N: Proof Simplification Iteration 6	[0.11 s]
65.0.N: Proof Simplification Iteration 7	[0.13 s]
65.0.N: Proof Simplification Iteration 8	[0.15 s]
65.0.N: Proof Simplification Iteration 9	[0.16 s]
65.0.N: Proof Simplification Iteration 10	[0.18 s]
65.0.PRE: Proof Simplification completed in 0.23 s
65: About to start ProofGrid in its own thread with a limit of 10000 pending notifications and a limit of 10 traces.
65: =============================== ProofGrid start ===============================
65: ProofGrid usable level: 1
65: Initial ProofGrid level: 1
65: ProofGrid is starting event handling
65.0.Hp: caddy15.stanford.edu: "Rocky Linux 8.10 (Green Obsidian)" is an unsupported operating system.
65.0.N: caddy15.stanford.edu: "Rocky Linux 8.10 (Green Obsidian)" is an unsupported operating system.
65.0.Ht: caddy15.stanford.edu: "Rocky Linux 8.10 (Green Obsidian)" is an unsupported operating system.
65.0.Mpcustom4: caddy15.stanford.edu: "Rocky Linux 8.10 (Green Obsidian)" is an unsupported operating system.
65.0.Hp: Proofgrid shell started at 3546480@caddy15.stanford.edu(local) jg_3514426_caddy15.stanford.edu_66
65.0.N: Proofgrid shell started at 3546479@caddy15.stanford.edu(local) jg_3514426_caddy15.stanford.edu_66
65.0.Oh: caddy15.stanford.edu: "Rocky Linux 8.10 (Green Obsidian)" is an unsupported operating system.
65.0.Hp: clocks: 1, declared: 1, looping: 0, posedge: 1, negedge: 0, noedge: 0, bothedge: 0
65.0.N: clocks: 1, declared: 1, looping: 0, posedge: 1, negedge: 0, noedge: 0, bothedge: 0
65.0.Ht: Proofgrid shell started at 3546502@caddy15.stanford.edu(local) jg_3514426_caddy15.stanford.edu_66
65.0.AM: caddy15.stanford.edu: "Rocky Linux 8.10 (Green Obsidian)" is an unsupported operating system.
65.0.N: Last scan. Per property time limit: 0s
65.0.N: Starting proof for property "CS_div_fsm_s13_66"	[0.00 s].
65.0.B: caddy15.stanford.edu: "Rocky Linux 8.10 (Green Obsidian)" is an unsupported operating system.
65.0.N: Trace Attempt  1	[0.00 s]
65.0.N: Trace Attempt  2	[0.01 s]
65.0.N: Trace Attempt  3	[0.01 s]
65.0.Ht: clocks: 1, declared: 1, looping: 0, posedge: 1, negedge: 0, noedge: 0, bothedge: 0
65.0.Mpcustom4: Proofgrid shell started at 3546521@caddy15.stanford.edu(local) jg_3514426_caddy15.stanford.edu_66
65.0.Mpcustom4: clocks: 1, declared: 1, looping: 0, posedge: 1, negedge: 0, noedge: 0, bothedge: 0
65.0.Oh: Proofgrid shell started at 3546536@caddy15.stanford.edu(local) jg_3514426_caddy15.stanford.edu_66
65.0.Oh: clocks: 1, declared: 1, looping: 0, posedge: 1, negedge: 0, noedge: 0, bothedge: 0
65.0.N: Trace Attempt  3	[0.04 s]
65.0.Ht: Trace Attempt  1	[0.04 s]
65.0.Ht: Trace Attempt  2	[0.04 s]
65.0.Ht: Trace Attempt  3	[0.04 s]
65.0.Ht: Trace Attempt  4	[0.05 s]
65.0.N: Trace Attempt  4	[0.06 s]
65.0.AM: Proofgrid shell started at 3546548@caddy15.stanford.edu(local) jg_3514426_caddy15.stanford.edu_66
65.0.N: Trace Attempt  5	[0.06 s]
65.0.B: Proofgrid shell started at 3546546@caddy15.stanford.edu(local) jg_3514426_caddy15.stanford.edu_66
65.0.Ht: Trace Attempt  5	[0.05 s]
65.0.Mpcustom4: Trace Attempt  1	[0.04 s]
65.0.AM: clocks: 1, declared: 1, looping: 0, posedge: 1, negedge: 0, noedge: 0, bothedge: 0
65.0.B: clocks: 1, declared: 1, looping: 0, posedge: 1, negedge: 0, noedge: 0, bothedge: 0
65.0.B: Last scan. Per property time limit: 0s
65.0.B: Starting proof for property "CS_div_fsm_s13_66"	[0.00 s].
65.0.AM: Last scan. Per property time limit: 0s
65.0.AM: Starting proof for property "CS_div_fsm_s13_66"	[0.00 s].
65.0.AM: Trace Attempt  1	[0.00 s]
65.0.AM: Trace Attempt  2	[0.01 s]
65.0.Mpcustom4: Trace Attempt  2	[0.06 s]
65.0.B: Trace Attempt  1	[0.01 s]
65.0.B: Trace Attempt  2	[0.01 s]
65.0.B: Trace Attempt  3	[0.02 s]
65.0.AM: Trace Attempt  3	[0.03 s]
65.0.B: Trace Attempt  4	[0.04 s]
65.0.N: Trace Attempt  5	[0.11 s]
65.0.AM: Trace Attempt  4	[0.06 s]
65.0.B: Trace Attempt  5	[0.07 s]
65.0.AM: Trace Attempt  5	[0.08 s]
65.0.Oh: bwd trail(1): 1 0.118171s
65.0.Oh: All properties either determined or skipped. [0.14 s]
65.0.Oh: Exited with Success (@ 0.20 s)
65.0.Mpcustom4: Trace Attempt  3	[0.58 s]
65.0.Mpcustom4: Trace Attempt  3	[0.63 s]
65.0.Mpcustom4: Trace Attempt  4	[0.65 s]
65.0.Mpcustom4: Trace Attempt  4	[0.71 s]
65.0.Mpcustom4: Trace Attempt  5	[0.73 s]
65.0.N: Trace Attempt 29	[4.18 s]
65.0.B: Trace Attempt 54	[4.15 s]
65.0.AM: Trace Attempt 50	[4.20 s]
65.0.Ht: Trace Attempt 76	[4.50 s]
65.0.Mpcustom4: Trace Attempt 31	[5.10 s]
65.0.AM: Trace Attempt 70	[8.23 s]
65.0.B: Trace Attempt 92	[8.36 s]
65.0.N: Trace Attempt 41	[8.46 s]
65.0.Ht: Trace Attempt 85	[8.88 s]
65.0.Mpcustom4: Trace Attempt 37	[9.10 s]
65.0.AM: Trace Attempt  1	[11.43 s]
65.0.AM: Trace Attempt  2	[11.46 s]
65.0.AM: Trace Attempt  3	[11.46 s]
65.0.AM: Trace Attempt  5	[11.47 s]
65.0.N: Trace Attempt 50	[12.50 s]
65.0.Mpcustom4: Trace Attempt 64	[14.04 s]
65.0.N: Trace Attempt 57	[16.59 s]
65.0.Mpcustom4: Trace Attempt 70	[19.13 s]
65.0.AM: Trace Attempt 82	[19.55 s]
65.0.AM: Trace Attempt  1	[19.87 s]
65.0.AM: Trace Attempt  2	[19.90 s]
65.0.AM: Trace Attempt  3	[19.91 s]
65.0.AM: Trace Attempt  5	[19.92 s]
65.0.N: Trace Attempt 64	[20.81 s]
65.0.Mpcustom4: Trace Attempt 71	[23.61 s]
65.0.AM: Trace Attempt 84	[24.86 s]
65.0.N: Trace Attempt 69	[24.95 s]
65.0.Mpcustom4: Trace Attempt 72	[28.86 s]
65.0.N: Trace Attempt 73	[29.10 s]
65.0.N: Trace Attempt 78	[33.98 s]
65.0.Mpcustom4: Trace Attempt 72	[34.82 s]
65.0.N: Trace Attempt  1	[35.57 s]
65.0.N: Trace Attempt  2	[35.59 s]
65.0.N: Trace Attempt  3	[35.60 s]
65.0.N: Trace Attempt  5	[35.61 s]
65.0.AM: Trace Attempt 98	[39.05 s]
65.0.Mpcustom4: Trace Attempt 72	[39.36 s]
65.0.Mpcustom4: Trace Attempt 72	[43.95 s]
65.0.Ht: Trace Attempt 98	[47.03 s]
65.0.N: Trace Attempt 105	[50.18 s]
65.0.Mpcustom4: Trace Attempt 77	[50.82 s]
65.0.N: Requesting engine job to stop
65.0.B: Requesting engine job to stop
65.0.AM: Requesting engine job to stop
65.0.Hp: Requesting engine job to terminate
65.0.Ht: Requesting engine job to terminate
65.0.Mpcustom4: Requesting engine job to terminate
INFO (IPF144): 65: Initiating shutdown of proof [57.93 s]
65.0.Ht: Trace Attempt 106	[47.58 s]
65.0.Ht: A trace with 106 cycles was found. [57.78 s]
INFO (IPF047): 65.0.Ht: The cover property "CS_div_fsm_s13_66" was covered in 106 cycles in 57.91 s.
65.0.Ht: All properties determined. [57.90 s]
65.0.Hp: Interrupted (multi)
65.0.Hp: All properties determined. [57.93 s]
65.0.B: Trace Attempt 106	[10.39 s]
65.0.B: Stopped processing property "CS_div_fsm_s13_66"	[57.91 s].
65.0.B: All properties determined. [57.91 s]
65.0.B: Exited with Success (@ 58.02 s)
65: ProofGrid usable level: 0
65.0.N: Stopped processing property "CS_div_fsm_s13_66"	[58.00 s].
65.0.N: All properties determined. [58.01 s]
65.0.N: Exited with Success (@ 58.04 s)
65.0.Hp: Exited with Success (@ 58.47 s)
65.0.Mpcustom4: Trace Attempt 78	[53.91 s]
65.0.Mpcustom4: All properties determined. [58.43 s]
65.0.Mpcustom4: Exited with Success (@ 58.54 s)
65.0.Ht: Exited with Success (@ 58.79 s)
65.0.AM: Trace Attempt 105	[39.66 s]
65.0.AM: Stopped processing property "CS_div_fsm_s13_66"	[59.60 s].
65.0.AM: All properties determined. [59.60 s]
65.0.AM: Exited with Success (@ 59.72 s)
65: --------------------------------------------------------------
ProofGrid Summary (utilization 99.84 %)
--------------------------------------------------------------
     engines started                               :     7
     engine jobs started                           :     7

    Average time in state (seconds)
    ------------------------------------------------------
    Engine  Pending     Running        Dead    Utilization
    ------------------------------------------------------
      N        0.10       57.92        0.00       99.83 %
     Hp        0.08       57.92        0.00       99.87 %
     Ht        0.08       57.90        0.00       99.86 %
    Mpcustom4        0.08       57.88        0.00       99.87 %
     Oh        0.07        0.14        0.00       66.85 %
      B        0.08       57.84        0.00       99.86 %
     AM        0.08       57.84        0.00       99.87 %
    all        0.08       49.64        0.00       99.84 %

    Total time in state (seconds)
    -----------------------------------------
            Pending     Running        Dead  
    -----------------------------------------
               0.56      347.46        0.00

    Data read    : 539.78 kiB
    Data written : 53.28 kiB

65: All pending notifications were processed.
INFO (IPF059): 65: Completed proof on task: "mytask"
cover -name CS_div_fsm_s13_67 {@(posedge clk_i) !div_fsm_s13 ##1 div_fsm_s13 [*67] ##1 !div_fsm_s13 }
INFO (IPF036): Starting proof on task: "mytask", 1 properties to prove with 0 already proven/unreachable
INFO (IPF031): Settings used for proof thread 66:
    orchestration                 = on (auto)
    time_limit                    = 600s
    per_property_time_limit       = 1s * 10 ^ scan
    engine_mode                   = auto
    proofgrid_per_engine_max_jobs = 1
    max engine jobs               = auto
    proofgrid_mode                = local
    proofgrid_restarts            = 10
66: Using multistage preprocessing
66: Starting reduce
66: Finished reduce in 0.044s
66.0.PRE: Performing Proof Simplification...
66.0.N: clocks: 1, declared: 1, looping: 0, posedge: 1, negedge: 0, noedge: 0, bothedge: 0
66.0.N: Proof Simplification Iteration 1	[0.00 s]
66.0.N: Proof Simplification Iteration 2	[0.04 s]
66.0.N: Proof Simplification Iteration 3	[0.05 s]
66.0.N: Proof Simplification Iteration 4	[0.07 s]
66.0.N: Proof Simplification Iteration 5	[0.09 s]
66.0.N: Proof Simplification Iteration 6	[0.11 s]
66.0.N: Proof Simplification Iteration 7	[0.13 s]
66.0.N: Proof Simplification Iteration 8	[0.14 s]
66.0.N: Proof Simplification Iteration 9	[0.16 s]
66.0.N: Proof Simplification Iteration 10	[0.18 s]
66.0.PRE: Proof Simplification completed in 0.23 s
66: About to start ProofGrid in its own thread with a limit of 10000 pending notifications and a limit of 10 traces.
66: =============================== ProofGrid start ===============================
66: ProofGrid usable level: 1
66: Initial ProofGrid level: 1
66: ProofGrid is starting event handling
66.0.Hp: caddy15.stanford.edu: "Rocky Linux 8.10 (Green Obsidian)" is an unsupported operating system.
66.0.N: caddy15.stanford.edu: "Rocky Linux 8.10 (Green Obsidian)" is an unsupported operating system.
66.0.Ht: caddy15.stanford.edu: "Rocky Linux 8.10 (Green Obsidian)" is an unsupported operating system.
66.0.Mpcustom4: caddy15.stanford.edu: "Rocky Linux 8.10 (Green Obsidian)" is an unsupported operating system.
66.0.Hp: Proofgrid shell started at 3547050@caddy15.stanford.edu(local) jg_3514426_caddy15.stanford.edu_67
66.0.N: Proofgrid shell started at 3547049@caddy15.stanford.edu(local) jg_3514426_caddy15.stanford.edu_67
66.0.Oh: caddy15.stanford.edu: "Rocky Linux 8.10 (Green Obsidian)" is an unsupported operating system.
66.0.N: clocks: 1, declared: 1, looping: 0, posedge: 1, negedge: 0, noedge: 0, bothedge: 0
66.0.Hp: clocks: 1, declared: 1, looping: 0, posedge: 1, negedge: 0, noedge: 0, bothedge: 0
66.0.N: Last scan. Per property time limit: 0s
66.0.N: Starting proof for property "CS_div_fsm_s13_67"	[0.00 s].
66.0.B: caddy15.stanford.edu: "Rocky Linux 8.10 (Green Obsidian)" is an unsupported operating system.
66.0.Ht: Proofgrid shell started at 3547072@caddy15.stanford.edu(local) jg_3514426_caddy15.stanford.edu_67
66.0.N: Trace Attempt  1	[0.00 s]
66.0.AM: caddy15.stanford.edu: "Rocky Linux 8.10 (Green Obsidian)" is an unsupported operating system.
66.0.N: Trace Attempt  2	[0.01 s]
66.0.N: Trace Attempt  3	[0.01 s]
66.0.Ht: clocks: 1, declared: 1, looping: 0, posedge: 1, negedge: 0, noedge: 0, bothedge: 0
66.0.Mpcustom4: Proofgrid shell started at 3547091@caddy15.stanford.edu(local) jg_3514426_caddy15.stanford.edu_67
66.0.Mpcustom4: clocks: 1, declared: 1, looping: 0, posedge: 1, negedge: 0, noedge: 0, bothedge: 0
66.0.N: Trace Attempt  3	[0.04 s]
66.0.Oh: Proofgrid shell started at 3547106@caddy15.stanford.edu(local) jg_3514426_caddy15.stanford.edu_67
66.0.Ht: Trace Attempt  1	[0.04 s]
66.0.Ht: Trace Attempt  2	[0.04 s]
66.0.Ht: Trace Attempt  3	[0.04 s]
66.0.Ht: Trace Attempt  4	[0.04 s]
66.0.Oh: clocks: 1, declared: 1, looping: 0, posedge: 1, negedge: 0, noedge: 0, bothedge: 0
66.0.N: Trace Attempt  4	[0.06 s]
66.0.N: Trace Attempt  5	[0.06 s]
66.0.B: Proofgrid shell started at 3547116@caddy15.stanford.edu(local) jg_3514426_caddy15.stanford.edu_67
66.0.Ht: Trace Attempt  5	[0.05 s]
66.0.AM: Proofgrid shell started at 3547122@caddy15.stanford.edu(local) jg_3514426_caddy15.stanford.edu_67
66.0.Mpcustom4: Trace Attempt  1	[0.04 s]
66.0.B: clocks: 1, declared: 1, looping: 0, posedge: 1, negedge: 0, noedge: 0, bothedge: 0
66.0.AM: clocks: 1, declared: 1, looping: 0, posedge: 1, negedge: 0, noedge: 0, bothedge: 0
66.0.B: Last scan. Per property time limit: 0s
66.0.B: Starting proof for property "CS_div_fsm_s13_67"	[0.00 s].
66.0.AM: Last scan. Per property time limit: 0s
66.0.AM: Starting proof for property "CS_div_fsm_s13_67"	[0.00 s].
66.0.Mpcustom4: Trace Attempt  2	[0.06 s]
66.0.B: Trace Attempt  1	[0.01 s]
66.0.AM: Trace Attempt  1	[0.00 s]
66.0.AM: Trace Attempt  2	[0.01 s]
66.0.B: Trace Attempt  2	[0.02 s]
66.0.B: Trace Attempt  3	[0.03 s]
66.0.AM: Trace Attempt  3	[0.03 s]
66.0.B: Trace Attempt  4	[0.04 s]
66.0.N: Trace Attempt  5	[0.12 s]
66.0.AM: Trace Attempt  4	[0.06 s]
66.0.B: Trace Attempt  5	[0.08 s]
66.0.AM: Trace Attempt  5	[0.08 s]
66.0.Oh: bwd trail(1): 1 0.109734s
66.0.Oh: All properties either determined or skipped. [0.13 s]
66.0.Oh: Exited with Success (@ 0.20 s)
66.0.Mpcustom4: Trace Attempt  3	[0.61 s]
66.0.Mpcustom4: Trace Attempt  3	[0.66 s]
66.0.Mpcustom4: Trace Attempt  4	[0.68 s]
66.0.Mpcustom4: Trace Attempt  4	[0.73 s]
66.0.Mpcustom4: Trace Attempt  5	[0.76 s]
66.0.AM: Trace Attempt 49	[4.11 s]
66.0.B: Trace Attempt 54	[4.15 s]
66.0.N: Trace Attempt 29	[4.24 s]
66.0.Ht: Trace Attempt 77	[4.56 s]
66.0.Mpcustom4: Trace Attempt 31	[5.18 s]
66.0.B: Trace Attempt 93	[8.18 s]
66.0.AM: Trace Attempt 70	[8.26 s]
66.0.N: Trace Attempt 41	[8.39 s]
66.0.Mpcustom4: Trace Attempt 37	[9.21 s]
66.0.Ht: Trace Attempt 87	[9.74 s]
66.0.N: Trace Attempt 51	[13.08 s]
66.0.Mpcustom4: Trace Attempt 64	[14.19 s]
66.0.AM: Trace Attempt 80	[17.18 s]
66.0.N: Trace Attempt 59	[17.54 s]
66.0.AM: Trace Attempt  1	[17.58 s]
66.0.AM: Trace Attempt  2	[17.61 s]
66.0.AM: Trace Attempt  3	[17.61 s]
66.0.AM: Trace Attempt  5	[17.62 s]
66.0.Mpcustom4: Trace Attempt 71	[20.29 s]
66.0.N: Trace Attempt 66	[21.55 s]
66.0.Mpcustom4: Trace Attempt 71	[25.30 s]
66.0.N: Trace Attempt 75	[26.20 s]
66.0.AM: Trace Attempt 84	[26.45 s]
66.0.AM: Trace Attempt  1	[26.80 s]
66.0.AM: Trace Attempt  2	[26.83 s]
66.0.AM: Trace Attempt  3	[26.83 s]
66.0.AM: Trace Attempt  5	[26.84 s]
66.0.N: Trace Attempt 77	[30.60 s]
66.0.Mpcustom4: Trace Attempt 71	[30.85 s]
66.0.AM: Trace Attempt 100	[31.25 s]
66.0.N: Trace Attempt  1	[33.18 s]
66.0.N: Trace Attempt  2	[33.20 s]
66.0.N: Trace Attempt  3	[33.21 s]
66.0.N: Trace Attempt  5	[33.22 s]
66.0.AM: Trace Attempt 91	[35.37 s]
66.0.Mpcustom4: Trace Attempt 72	[36.38 s]
66.0.Mpcustom4: Trace Attempt 72	[42.11 s]
66.0.N: Requesting engine job to stop
66.0.B: Requesting engine job to stop
66.0.AM: Requesting engine job to stop
66.0.Hp: Requesting engine job to terminate
66.0.Ht: Requesting engine job to terminate
66.0.Mpcustom4: Requesting engine job to terminate
INFO (IPF144): 66: Initiating shutdown of proof [46.24 s]
66.0.B: Trace Attempt 107	[10.11 s]
66.0.B: A trace with 107 cycles was found. [46.11 s]
INFO (IPF047): 66.0.B: The cover property "CS_div_fsm_s13_67" was covered in 107 cycles in 46.16 s.
66.0.B: Stopped processing property "CS_div_fsm_s13_67"	[46.17 s].
66.0.B: All properties determined. [46.14 s]
66.0.B: Exited with Success (@ 46.31 s)
66: ProofGrid usable level: 0
66.0.N: Trace Attempt 84	[36.11 s]
66.0.N: Stopped processing property "CS_div_fsm_s13_67"	[46.29 s].
66.0.N: All properties determined. [46.29 s]
66.0.N: Exited with Success (@ 46.73 s)
66.0.Mpcustom4: Trace Attempt 76	[44.60 s]
66.0.Mpcustom4: All properties determined. [46.68 s]
66.0.Mpcustom4: Exited with Success (@ 46.78 s)
66.0.AM: Trace Attempt 100	[35.69 s]
66.0.AM: Stopped processing property "CS_div_fsm_s13_67"	[47.24 s].
66.0.AM: All properties determined. [47.24 s]
66.0.AM: Exited with Success (@ 47.36 s)
66.0.Hp: Interrupted (multi)
66.0.Hp: All properties determined. [47.73 s]
66.0.Ht: Interrupted (multi)
66.0.Ht: Trace Attempt 105	[10.86 s]
66.0.Ht: All properties determined. [48.13 s]
66.0.Hp: Sending SIGKILL
66.0.Ht: Sending SIGKILL
66.0.Hp: Terminated by signal SIGKILL (@ 48.45 s)
66.0.Ht: Terminated by signal SIGKILL (@ 48.45 s)
66: --------------------------------------------------------------
ProofGrid Summary (utilization 99.79 %)
--------------------------------------------------------------
     engines started                               :     7
     engine jobs started                           :     7

    Average time in state (seconds)
    ------------------------------------------------------
    Engine  Pending     Running        Dead    Utilization
    ------------------------------------------------------
      N        0.10       46.23        0.00       99.77 %
     Hp        0.08       46.23        0.00       99.82 %
     Ht        0.08       46.21        0.00       99.83 %
    Mpcustom4        0.08       46.19        0.00       99.83 %
     Oh        0.08        0.13        0.00       61.84 %
      B        0.08       46.15        0.00       99.83 %
     AM        0.08       46.15        0.00       99.83 %
    all        0.08       39.61        0.00       99.79 %

    Total time in state (seconds)
    -----------------------------------------
            Pending     Running        Dead  
    -----------------------------------------
               0.58      277.29        0.00

    Data read    : 317.11 kiB
    Data written : 46.44 kiB

66: All pending notifications were processed.
INFO (IPF059): 66: Completed proof on task: "mytask"
cover -name CS_div_fsm_s13_68 {@(posedge clk_i) !div_fsm_s13 ##1 div_fsm_s13 [*68] ##1 !div_fsm_s13 }
INFO (IPF036): Starting proof on task: "mytask", 1 properties to prove with 0 already proven/unreachable
INFO (IPF031): Settings used for proof thread 67:
    orchestration                 = on (auto)
    time_limit                    = 600s
    per_property_time_limit       = 1s * 10 ^ scan
    engine_mode                   = auto
    proofgrid_per_engine_max_jobs = 1
    max engine jobs               = auto
    proofgrid_mode                = local
    proofgrid_restarts            = 10
67: Using multistage preprocessing
67: Starting reduce
67: Finished reduce in 0.043s
67.0.PRE: Performing Proof Simplification...
67.0.N: clocks: 1, declared: 1, looping: 0, posedge: 1, negedge: 0, noedge: 0, bothedge: 0
67.0.N: Proof Simplification Iteration 1	[0.00 s]
67.0.N: Proof Simplification Iteration 2	[0.04 s]
67.0.N: Proof Simplification Iteration 3	[0.06 s]
67.0.N: Proof Simplification Iteration 4	[0.07 s]
67.0.N: Proof Simplification Iteration 5	[0.09 s]
67.0.N: Proof Simplification Iteration 6	[0.11 s]
67.0.N: Proof Simplification Iteration 7	[0.13 s]
67.0.N: Proof Simplification Iteration 8	[0.15 s]
67.0.N: Proof Simplification Iteration 9	[0.16 s]
67.0.N: Proof Simplification Iteration 10	[0.18 s]
67.0.PRE: Proof Simplification completed in 0.23 s
67: About to start ProofGrid in its own thread with a limit of 10000 pending notifications and a limit of 10 traces.
67: =============================== ProofGrid start ===============================
67: ProofGrid usable level: 1
67: Initial ProofGrid level: 1
67: ProofGrid is starting event handling
67.0.Hp: caddy15.stanford.edu: "Rocky Linux 8.10 (Green Obsidian)" is an unsupported operating system.
67.0.N: caddy15.stanford.edu: "Rocky Linux 8.10 (Green Obsidian)" is an unsupported operating system.
67.0.Ht: caddy15.stanford.edu: "Rocky Linux 8.10 (Green Obsidian)" is an unsupported operating system.
67.0.Mpcustom4: caddy15.stanford.edu: "Rocky Linux 8.10 (Green Obsidian)" is an unsupported operating system.
67.0.Hp: Proofgrid shell started at 3547394@caddy15.stanford.edu(local) jg_3514426_caddy15.stanford.edu_68
67.0.N: Proofgrid shell started at 3547393@caddy15.stanford.edu(local) jg_3514426_caddy15.stanford.edu_68
67.0.Oh: caddy15.stanford.edu: "Rocky Linux 8.10 (Green Obsidian)" is an unsupported operating system.
67.0.N: clocks: 1, declared: 1, looping: 0, posedge: 1, negedge: 0, noedge: 0, bothedge: 0
67.0.Hp: clocks: 1, declared: 1, looping: 0, posedge: 1, negedge: 0, noedge: 0, bothedge: 0
67.0.N: Last scan. Per property time limit: 0s
67.0.N: Starting proof for property "CS_div_fsm_s13_68"	[0.00 s].
67.0.Ht: Proofgrid shell started at 3547416@caddy15.stanford.edu(local) jg_3514426_caddy15.stanford.edu_68
67.0.AM: caddy15.stanford.edu: "Rocky Linux 8.10 (Green Obsidian)" is an unsupported operating system.
67.0.B: caddy15.stanford.edu: "Rocky Linux 8.10 (Green Obsidian)" is an unsupported operating system.
67.0.N: Trace Attempt  1	[0.00 s]
67.0.N: Trace Attempt  2	[0.01 s]
67.0.N: Trace Attempt  3	[0.01 s]
67.0.Ht: clocks: 1, declared: 1, looping: 0, posedge: 1, negedge: 0, noedge: 0, bothedge: 0
67.0.Mpcustom4: Proofgrid shell started at 3547435@caddy15.stanford.edu(local) jg_3514426_caddy15.stanford.edu_68
67.0.Mpcustom4: clocks: 1, declared: 1, looping: 0, posedge: 1, negedge: 0, noedge: 0, bothedge: 0
67.0.N: Trace Attempt  3	[0.04 s]
67.0.Oh: Proofgrid shell started at 3547450@caddy15.stanford.edu(local) jg_3514426_caddy15.stanford.edu_68
67.0.Ht: Trace Attempt  1	[0.04 s]
67.0.Ht: Trace Attempt  2	[0.04 s]
67.0.Ht: Trace Attempt  3	[0.04 s]
67.0.Oh: clocks: 1, declared: 1, looping: 0, posedge: 1, negedge: 0, noedge: 0, bothedge: 0
67.0.Ht: Trace Attempt  4	[0.05 s]
67.0.N: Trace Attempt  4	[0.06 s]
67.0.N: Trace Attempt  5	[0.06 s]
67.0.AM: Proofgrid shell started at 3547462@caddy15.stanford.edu(local) jg_3514426_caddy15.stanford.edu_68
67.0.B: Proofgrid shell started at 3547461@caddy15.stanford.edu(local) jg_3514426_caddy15.stanford.edu_68
67.0.Ht: Trace Attempt  5	[0.06 s]
67.0.Mpcustom4: Trace Attempt  1	[0.04 s]
67.0.AM: clocks: 1, declared: 1, looping: 0, posedge: 1, negedge: 0, noedge: 0, bothedge: 0
67.0.B: clocks: 1, declared: 1, looping: 0, posedge: 1, negedge: 0, noedge: 0, bothedge: 0
67.0.B: Last scan. Per property time limit: 0s
67.0.B: Starting proof for property "CS_div_fsm_s13_68"	[0.00 s].
67.0.AM: Last scan. Per property time limit: 0s
67.0.AM: Starting proof for property "CS_div_fsm_s13_68"	[0.00 s].
67.0.Mpcustom4: Trace Attempt  2	[0.06 s]
67.0.AM: Trace Attempt  1	[0.00 s]
67.0.AM: Trace Attempt  2	[0.01 s]
67.0.B: Trace Attempt  1	[0.01 s]
67.0.B: Trace Attempt  2	[0.02 s]
67.0.B: Trace Attempt  3	[0.03 s]
67.0.AM: Trace Attempt  3	[0.03 s]
67.0.N: Trace Attempt  5	[0.12 s]
67.0.B: Trace Attempt  4	[0.04 s]
67.0.AM: Trace Attempt  4	[0.06 s]
67.0.B: Trace Attempt  5	[0.07 s]
67.0.AM: Trace Attempt  5	[0.08 s]
67.0.Oh: bwd trail(1): 1 0.110934s
67.0.Oh: All properties either determined or skipped. [0.13 s]
67.0.Oh: Exited with Success (@ 0.20 s)
67.0.Mpcustom4: Trace Attempt  3	[0.60 s]
67.0.Mpcustom4: Trace Attempt  3	[0.65 s]
67.0.Mpcustom4: Trace Attempt  4	[0.67 s]
67.0.Mpcustom4: Trace Attempt  4	[0.72 s]
67.0.Mpcustom4: Trace Attempt  5	[0.75 s]
67.0.B: Trace Attempt 54	[4.08 s]
67.0.AM: Trace Attempt 50	[4.21 s]
67.0.N: Trace Attempt 29	[4.35 s]
67.0.Ht: Trace Attempt 78	[4.62 s]
67.0.Mpcustom4: Trace Attempt 31	[5.18 s]
67.0.B: Trace Attempt 93	[8.14 s]
67.0.AM: Trace Attempt 71	[8.39 s]
67.0.N: Trace Attempt 41	[8.57 s]
67.0.Ht: Trace Attempt 88	[8.97 s]
67.0.Mpcustom4: Trace Attempt 39	[9.24 s]
67.0.AM: Trace Attempt  1	[11.96 s]
67.0.AM: Trace Attempt  2	[11.99 s]
67.0.AM: Trace Attempt  3	[11.99 s]
67.0.AM: Trace Attempt  5	[12.01 s]
67.0.N: Trace Attempt 51	[13.31 s]
67.0.Mpcustom4: Trace Attempt 64	[14.00 s]
67.0.N: Trace Attempt 59	[17.97 s]
67.0.Mpcustom4: Trace Attempt 71	[18.46 s]
67.0.AM: Trace Attempt 84	[20.58 s]
67.0.AM: Trace Attempt  1	[20.94 s]
67.0.AM: Trace Attempt  2	[20.97 s]
67.0.AM: Trace Attempt  3	[20.98 s]
67.0.AM: Trace Attempt  5	[20.99 s]
67.0.N: Trace Attempt 65	[22.08 s]
67.0.Mpcustom4: Trace Attempt 72	[26.22 s]
67.0.N: Trace Attempt 71	[26.71 s]
67.0.AM: Trace Attempt 86	[28.44 s]
67.0.Mpcustom4: Trace Attempt 72	[30.28 s]
67.0.N: Trace Attempt 75	[30.76 s]
67.0.Mpcustom4: Trace Attempt 73	[34.71 s]
67.0.N: Trace Attempt 80	[35.63 s]
67.0.N: Trace Attempt  1	[37.67 s]
67.0.N: Trace Attempt  2	[37.70 s]
67.0.N: Trace Attempt  3	[37.70 s]
67.0.N: Trace Attempt  5	[37.71 s]
67.0.Mpcustom4: Trace Attempt 81	[38.77 s]
67.0.Mpcustom4: Trace Attempt 84	[43.03 s]
67.0.AM: Trace Attempt 100	[43.21 s]
67.0.Ht: Trace Attempt 101	[45.44 s]
67.0.N: Requesting engine job to stop
67.0.B: Requesting engine job to stop
67.0.AM: Requesting engine job to stop
67.0.Hp: Requesting engine job to terminate
67.0.Ht: Requesting engine job to terminate
67.0.Mpcustom4: Requesting engine job to terminate
INFO (IPF144): 67: Initiating shutdown of proof [47.32 s]
67.0.B: Trace Attempt 108	[10.25 s]
67.0.B: A trace with 108 cycles was found. [47.19 s]
INFO (IPF047): 67.0.B: The cover property "CS_div_fsm_s13_68" was covered in 108 cycles in 47.24 s.
67.0.B: Stopped processing property "CS_div_fsm_s13_68"	[47.25 s].
67.0.B: All properties determined. [47.22 s]
67.0.N: Trace Attempt 80	[39.73 s]
67.0.N: Stopped processing property "CS_div_fsm_s13_68"	[47.37 s].
67.0.B: Exited with Success (@ 47.39 s)
67: ProofGrid usable level: 0
67.0.N: All properties determined. [47.37 s]
67.0.AM: Trace Attempt 107	[43.79 s]
67.0.AM: Stopped processing property "CS_div_fsm_s13_68"	[47.48 s].
67.0.N: Exited with Success (@ 47.58 s)
67.0.AM: All properties determined. [47.48 s]
67.0.AM: Exited with Success (@ 47.85 s)
67.0.Mpcustom4: Trace Attempt 92	[46.04 s]
67.0.Mpcustom4: All properties determined. [47.84 s]
67.0.Mpcustom4: Exited with Success (@ 47.95 s)
67.0.Hp: Interrupted (multi)
67.0.Hp: All properties determined. [48.60 s]
67.0.Hp: Exited with Success (@ 49.34 s)
67.0.Ht: Sending SIGKILL
67.0.Ht: Trace Attempt 108	[45.96 s]
67.0.Ht: Terminated by signal SIGKILL (@ 49.38 s)
67: --------------------------------------------------------------
ProofGrid Summary (utilization 99.80 %)
--------------------------------------------------------------
     engines started                               :     7
     engine jobs started                           :     7

    Average time in state (seconds)
    ------------------------------------------------------
    Engine  Pending     Running        Dead    Utilization
    ------------------------------------------------------
      N        0.10       47.31        0.00       99.79 %
     Hp        0.08       47.31        0.00       99.83 %
     Ht        0.08       47.29        0.00       99.83 %
    Mpcustom4        0.08       47.27        0.00       99.84 %
     Oh        0.08        0.13        0.00       62.59 %
      B        0.08       47.23        0.00       99.83 %
     AM        0.08       47.23        0.00       99.83 %
    all        0.08       40.54        0.00       99.80 %

    Total time in state (seconds)
    -----------------------------------------
            Pending     Running        Dead  
    -----------------------------------------
               0.57      283.79        0.00

    Data read    : 321.57 kiB
    Data written : 96.88 kiB

67: All pending notifications were processed.
INFO (IPF059): 67: Completed proof on task: "mytask"
cover -name CS_div_fsm_s13_69 {@(posedge clk_i) !div_fsm_s13 ##1 div_fsm_s13 [*69] ##1 !div_fsm_s13 }
INFO (IPF036): Starting proof on task: "mytask", 1 properties to prove with 0 already proven/unreachable
INFO (IPF031): Settings used for proof thread 68:
    orchestration                 = on (auto)
    time_limit                    = 600s
    per_property_time_limit       = 1s * 10 ^ scan
    engine_mode                   = auto
    proofgrid_per_engine_max_jobs = 1
    max engine jobs               = auto
    proofgrid_mode                = local
    proofgrid_restarts            = 10
68: Using multistage preprocessing
68: Starting reduce
68: Finished reduce in 0.044s
68.0.PRE: Performing Proof Simplification...
68.0.N: clocks: 1, declared: 1, looping: 0, posedge: 1, negedge: 0, noedge: 0, bothedge: 0
68.0.N: Proof Simplification Iteration 1	[0.00 s]
68.0.N: Proof Simplification Iteration 2	[0.04 s]
68.0.N: Proof Simplification Iteration 3	[0.06 s]
68.0.N: Proof Simplification Iteration 4	[0.07 s]
68.0.N: Proof Simplification Iteration 5	[0.09 s]
68.0.N: Proof Simplification Iteration 6	[0.11 s]
68.0.N: Proof Simplification Iteration 7	[0.13 s]
68.0.N: Proof Simplification Iteration 8	[0.15 s]
68.0.N: Proof Simplification Iteration 9	[0.17 s]
68.0.N: Proof Simplification Iteration 10	[0.18 s]
68.0.PRE: Proof Simplification completed in 0.23 s
68: About to start ProofGrid in its own thread with a limit of 10000 pending notifications and a limit of 10 traces.
68: =============================== ProofGrid start ===============================
68: ProofGrid usable level: 1
68: Initial ProofGrid level: 1
68: ProofGrid is starting event handling
68.0.N: caddy15.stanford.edu: "Rocky Linux 8.10 (Green Obsidian)" is an unsupported operating system.
68.0.Hp: caddy15.stanford.edu: "Rocky Linux 8.10 (Green Obsidian)" is an unsupported operating system.
68.0.Ht: caddy15.stanford.edu: "Rocky Linux 8.10 (Green Obsidian)" is an unsupported operating system.
68.0.Mpcustom4: caddy15.stanford.edu: "Rocky Linux 8.10 (Green Obsidian)" is an unsupported operating system.
68.0.Hp: Proofgrid shell started at 3547855@caddy15.stanford.edu(local) jg_3514426_caddy15.stanford.edu_69
68.0.N: Proofgrid shell started at 3547854@caddy15.stanford.edu(local) jg_3514426_caddy15.stanford.edu_69
68.0.Hp: clocks: 1, declared: 1, looping: 0, posedge: 1, negedge: 0, noedge: 0, bothedge: 0
68.0.N: clocks: 1, declared: 1, looping: 0, posedge: 1, negedge: 0, noedge: 0, bothedge: 0
68.0.Oh: caddy15.stanford.edu: "Rocky Linux 8.10 (Green Obsidian)" is an unsupported operating system.
68.0.B: caddy15.stanford.edu: "Rocky Linux 8.10 (Green Obsidian)" is an unsupported operating system.
68.0.N: Last scan. Per property time limit: 0s
68.0.N: Starting proof for property "CS_div_fsm_s13_69"	[0.00 s].
68.0.Ht: Proofgrid shell started at 3547877@caddy15.stanford.edu(local) jg_3514426_caddy15.stanford.edu_69
68.0.AM: caddy15.stanford.edu: "Rocky Linux 8.10 (Green Obsidian)" is an unsupported operating system.
68.0.N: Trace Attempt  1	[0.00 s]
68.0.N: Trace Attempt  2	[0.01 s]
68.0.N: Trace Attempt  3	[0.01 s]
68.0.Ht: clocks: 1, declared: 1, looping: 0, posedge: 1, negedge: 0, noedge: 0, bothedge: 0
68.0.Mpcustom4: Proofgrid shell started at 3547896@caddy15.stanford.edu(local) jg_3514426_caddy15.stanford.edu_69
68.0.Mpcustom4: clocks: 1, declared: 1, looping: 0, posedge: 1, negedge: 0, noedge: 0, bothedge: 0
68.0.N: Trace Attempt  3	[0.04 s]
68.0.Ht: Trace Attempt  1	[0.04 s]
68.0.Ht: Trace Attempt  2	[0.04 s]
68.0.Ht: Trace Attempt  3	[0.04 s]
68.0.Ht: Trace Attempt  4	[0.04 s]
68.0.Oh: Proofgrid shell started at 3547911@caddy15.stanford.edu(local) jg_3514426_caddy15.stanford.edu_69
68.0.B: Proofgrid shell started at 3547915@caddy15.stanford.edu(local) jg_3514426_caddy15.stanford.edu_69
68.0.N: Trace Attempt  4	[0.06 s]
68.0.AM: Proofgrid shell started at 3547916@caddy15.stanford.edu(local) jg_3514426_caddy15.stanford.edu_69
68.0.N: Trace Attempt  5	[0.06 s]
68.0.Ht: Trace Attempt  5	[0.05 s]
68.0.Oh: clocks: 1, declared: 1, looping: 0, posedge: 1, negedge: 0, noedge: 0, bothedge: 0
68.0.Mpcustom4: Trace Attempt  1	[0.04 s]
68.0.B: clocks: 1, declared: 1, looping: 0, posedge: 1, negedge: 0, noedge: 0, bothedge: 0
68.0.AM: clocks: 1, declared: 1, looping: 0, posedge: 1, negedge: 0, noedge: 0, bothedge: 0
68.0.B: Last scan. Per property time limit: 0s
68.0.B: Starting proof for property "CS_div_fsm_s13_69"	[0.00 s].
68.0.AM: Last scan. Per property time limit: 0s
68.0.AM: Starting proof for property "CS_div_fsm_s13_69"	[0.00 s].
68.0.AM: Trace Attempt  1	[0.00 s]
68.0.AM: Trace Attempt  2	[0.01 s]
68.0.B: Trace Attempt  1	[0.01 s]
68.0.Mpcustom4: Trace Attempt  2	[0.06 s]
68.0.B: Trace Attempt  2	[0.02 s]
68.0.B: Trace Attempt  3	[0.02 s]
68.0.AM: Trace Attempt  3	[0.03 s]
68.0.B: Trace Attempt  4	[0.04 s]
68.0.N: Trace Attempt  5	[0.12 s]
68.0.AM: Trace Attempt  4	[0.06 s]
68.0.B: Trace Attempt  5	[0.07 s]
68.0.AM: Trace Attempt  5	[0.08 s]
68.0.Oh: bwd trail(1): 1 0.112214s
68.0.Oh: All properties either determined or skipped. [0.13 s]
68.0.Oh: Exited with Success (@ 0.23 s)
68.0.Mpcustom4: Trace Attempt  3	[0.59 s]
68.0.Mpcustom4: Trace Attempt  3	[0.64 s]
68.0.Mpcustom4: Trace Attempt  4	[0.66 s]
68.0.Mpcustom4: Trace Attempt  4	[0.72 s]
68.0.Mpcustom4: Trace Attempt  5	[0.74 s]
68.0.B: Trace Attempt 52	[4.17 s]
68.0.N: Trace Attempt 29	[4.26 s]
68.0.AM: Trace Attempt 50	[4.22 s]
68.0.Ht: Trace Attempt 79	[4.74 s]
68.0.Mpcustom4: Trace Attempt 31	[5.18 s]
68.0.B: Trace Attempt 90	[8.19 s]
68.0.N: Trace Attempt 41	[8.49 s]
68.0.AM: Trace Attempt 71	[8.42 s]
68.0.Mpcustom4: Trace Attempt 37	[9.18 s]
68.0.Ht: Trace Attempt 91	[9.43 s]
68.0.AM: Trace Attempt  1	[12.32 s]
68.0.AM: Trace Attempt  2	[12.35 s]
68.0.AM: Trace Attempt  3	[12.35 s]
68.0.AM: Trace Attempt  5	[12.37 s]
68.0.N: Trace Attempt 50	[12.52 s]
68.0.Mpcustom4: Trace Attempt 64	[14.07 s]
68.0.N: Trace Attempt 57	[16.69 s]
68.0.Mpcustom4: Trace Attempt 73	[18.61 s]
68.0.AM: Trace Attempt 85	[20.56 s]
68.0.N: Trace Attempt 63	[20.82 s]
68.0.AM: Trace Attempt  1	[21.02 s]
68.0.AM: Trace Attempt  2	[21.05 s]
68.0.AM: Trace Attempt  3	[21.06 s]
68.0.AM: Trace Attempt  5	[21.07 s]
68.0.Mpcustom4: Trace Attempt 80	[23.61 s]
68.0.N: Trace Attempt 69	[25.24 s]
68.0.Mpcustom4: Trace Attempt 88	[27.91 s]
68.0.AM: Trace Attempt 93	[30.31 s]
68.0.N: Trace Attempt 78	[30.59 s]
68.0.Mpcustom4: Trace Attempt 89	[33.28 s]
68.0.N: Trace Attempt 81	[36.92 s]
68.0.Mpcustom4: Trace Attempt 89	[37.62 s]
68.0.N: Trace Attempt 83	[41.30 s]
68.0.N: Trace Attempt  1	[41.50 s]
68.0.N: Trace Attempt  2	[41.53 s]
68.0.N: Trace Attempt  3	[41.54 s]
68.0.N: Trace Attempt  5	[41.55 s]
68.0.AM: Trace Attempt 94	[43.18 s]
68.0.AM: Trace Attempt  1	[43.38 s]
68.0.AM: Trace Attempt  2	[43.41 s]
68.0.AM: Trace Attempt  3	[43.41 s]
68.0.AM: Trace Attempt  5	[43.42 s]
68.0.Mpcustom4: Trace Attempt 90	[43.92 s]
68.0.N: Trace Attempt 96	[45.62 s]
68.0.Ht: Trace Attempt 104	[47.18 s]
68.0.AM: Trace Attempt 95	[48.77 s]
68.0.Mpcustom4: Trace Attempt 92	[50.33 s]
68.0.Mpcustom4: Trace Attempt 95	[58.08 s]
68.0.AM: Trace Attempt 97	[62.22 s]
68.0.N: Requesting engine job to stop
68.0.B: Requesting engine job to stop
68.0.AM: Requesting engine job to stop
68.0.Hp: Requesting engine job to terminate
68.0.Ht: Requesting engine job to terminate
68.0.Mpcustom4: Requesting engine job to terminate
INFO (IPF144): 68: Initiating shutdown of proof [64.23 s]
68.0.B: Trace Attempt 109	[11.29 s]
68.0.B: A trace with 109 cycles was found. [64.10 s]
INFO (IPF047): 68.0.B: The cover property "CS_div_fsm_s13_69" was covered in 109 cycles in 64.16 s.
68.0.B: Stopped processing property "CS_div_fsm_s13_69"	[64.17 s].
68.0.Ht: Interrupted (multi)
68.0.Ht: Trace Attempt 109	[47.58 s]
68.0.Ht: All properties determined. [64.21 s]
68.0.B: All properties determined. [64.14 s]
68.0.Hp: Interrupted (multi)
68.0.Hp: All properties determined. [64.25 s]
68.0.B: Exited with Success (@ 64.25 s)
68: ProofGrid usable level: 0
68.0.N: Stopped processing property "CS_div_fsm_s13_69"	[64.30 s].
68.0.N: All properties determined. [64.30 s]
68.0.N: Exited with Success (@ 64.61 s)
68.0.Hp: Exited with Success (@ 64.86 s)
68.0.Ht: Exited with Success (@ 64.86 s)
68.0.Mpcustom4: All properties determined. [64.81 s]
68.0.Mpcustom4: Exited with Success (@ 64.93 s)
68.0.AM: Trace Attempt 108	[62.84 s]
68.0.AM: Stopped processing property "CS_div_fsm_s13_69"	[64.86 s].
68.0.AM: All properties determined. [64.86 s]
68.0.AM: Exited with Success (@ 64.98 s)
68: --------------------------------------------------------------
ProofGrid Summary (utilization 99.85 %)
--------------------------------------------------------------
     engines started                               :     7
     engine jobs started                           :     7

    Average time in state (seconds)
    ------------------------------------------------------
    Engine  Pending     Running        Dead    Utilization
    ------------------------------------------------------
      N        0.11       64.23        0.00       99.83 %
     Hp        0.08       64.23        0.00       99.87 %
     Ht        0.08       64.20        0.00       99.88 %
    Mpcustom4        0.08       64.18        0.00       99.88 %
     Oh        0.09        0.13        0.00       58.93 %
      B        0.08       64.15        0.00       99.88 %
     AM        0.08       64.15        0.00       99.88 %
    all        0.08       55.04        0.00       99.85 %

    Total time in state (seconds)
    -----------------------------------------
            Pending     Running        Dead  
    -----------------------------------------
               0.59      385.27        0.00

    Data read    : 341.61 kiB
    Data written : 93.92 kiB

68: All pending notifications were processed.
INFO (IPF059): 68: Completed proof on task: "mytask"
cover -name CS_div_fsm_s13_70 {@(posedge clk_i) !div_fsm_s13 ##1 div_fsm_s13 [*70] ##1 !div_fsm_s13 }
INFO (IPF036): Starting proof on task: "mytask", 1 properties to prove with 0 already proven/unreachable
INFO (IPF031): Settings used for proof thread 69:
    orchestration                 = on (auto)
    time_limit                    = 600s
    per_property_time_limit       = 1s * 10 ^ scan
    engine_mode                   = auto
    proofgrid_per_engine_max_jobs = 1
    max engine jobs               = auto
    proofgrid_mode                = local
    proofgrid_restarts            = 10
69: Using multistage preprocessing
69: Starting reduce
69: Finished reduce in 0.043s
69.0.PRE: Performing Proof Simplification...
69.0.N: clocks: 1, declared: 1, looping: 0, posedge: 1, negedge: 0, noedge: 0, bothedge: 0
69.0.N: Proof Simplification Iteration 1	[0.00 s]
69.0.N: Proof Simplification Iteration 2	[0.04 s]
69.0.N: Proof Simplification Iteration 3	[0.06 s]
69.0.N: Proof Simplification Iteration 4	[0.07 s]
69.0.N: Proof Simplification Iteration 5	[0.09 s]
69.0.N: Proof Simplification Iteration 6	[0.11 s]
69.0.N: Proof Simplification Iteration 7	[0.13 s]
69.0.N: Proof Simplification Iteration 8	[0.14 s]
69.0.N: Proof Simplification Iteration 9	[0.16 s]
69.0.N: Proof Simplification Iteration 10	[0.18 s]
69.0.PRE: Proof Simplification completed in 0.23 s
69: About to start ProofGrid in its own thread with a limit of 10000 pending notifications and a limit of 10 traces.
69: =============================== ProofGrid start ===============================
69: ProofGrid usable level: 1
69: Initial ProofGrid level: 1
69: ProofGrid is starting event handling
69.0.Hp: caddy15.stanford.edu: "Rocky Linux 8.10 (Green Obsidian)" is an unsupported operating system.
69.0.N: caddy15.stanford.edu: "Rocky Linux 8.10 (Green Obsidian)" is an unsupported operating system.
69.0.Ht: caddy15.stanford.edu: "Rocky Linux 8.10 (Green Obsidian)" is an unsupported operating system.
69.0.Mpcustom4: caddy15.stanford.edu: "Rocky Linux 8.10 (Green Obsidian)" is an unsupported operating system.
69.0.Oh: caddy15.stanford.edu: "Rocky Linux 8.10 (Green Obsidian)" is an unsupported operating system.
69.0.N: Proofgrid shell started at 3548355@caddy15.stanford.edu(local) jg_3514426_caddy15.stanford.edu_70
69.0.Hp: Proofgrid shell started at 3548356@caddy15.stanford.edu(local) jg_3514426_caddy15.stanford.edu_70
69.0.Mpcustom4: Proofgrid shell started at 3548380@caddy15.stanford.edu(local) jg_3514426_caddy15.stanford.edu_70
69.0.N: clocks: 1, declared: 1, looping: 0, posedge: 1, negedge: 0, noedge: 0, bothedge: 0
69.0.Ht: Proofgrid shell started at 3548378@caddy15.stanford.edu(local) jg_3514426_caddy15.stanford.edu_70
69.0.B: caddy15.stanford.edu: "Rocky Linux 8.10 (Green Obsidian)" is an unsupported operating system.
69.0.Hp: clocks: 1, declared: 1, looping: 0, posedge: 1, negedge: 0, noedge: 0, bothedge: 0
69.0.Mpcustom4: clocks: 1, declared: 1, looping: 0, posedge: 1, negedge: 0, noedge: 0, bothedge: 0
69.0.AM: caddy15.stanford.edu: "Rocky Linux 8.10 (Green Obsidian)" is an unsupported operating system.
69.0.N: Last scan. Per property time limit: 0s
69.0.N: Starting proof for property "CS_div_fsm_s13_70"	[0.00 s].
69.0.Ht: clocks: 1, declared: 1, looping: 0, posedge: 1, negedge: 0, noedge: 0, bothedge: 0
69.0.N: Trace Attempt  1	[0.00 s]
69.0.N: Trace Attempt  2	[0.01 s]
69.0.N: Trace Attempt  3	[0.01 s]
69.0.Oh: Proofgrid shell started at 3548408@caddy15.stanford.edu(local) jg_3514426_caddy15.stanford.edu_70
69.0.Oh: clocks: 1, declared: 1, looping: 0, posedge: 1, negedge: 0, noedge: 0, bothedge: 0
69.0.Mpcustom4: Trace Attempt  1	[0.04 s]
69.0.Ht: Trace Attempt  1	[0.03 s]
69.0.Ht: Trace Attempt  2	[0.04 s]
69.0.Ht: Trace Attempt  3	[0.04 s]
69.0.N: Trace Attempt  3	[0.04 s]
69.0.Ht: Trace Attempt  4	[0.04 s]
69.0.B: Proofgrid shell started at 3548427@caddy15.stanford.edu(local) jg_3514426_caddy15.stanford.edu_70
69.0.Ht: Trace Attempt  5	[0.05 s]
69.0.Mpcustom4: Trace Attempt  2	[0.06 s]
69.0.B: clocks: 1, declared: 1, looping: 0, posedge: 1, negedge: 0, noedge: 0, bothedge: 0
69.0.N: Trace Attempt  4	[0.06 s]
69.0.AM: Proofgrid shell started at 3548434@caddy15.stanford.edu(local) jg_3514426_caddy15.stanford.edu_70
69.0.N: Trace Attempt  5	[0.06 s]
69.0.B: Last scan. Per property time limit: 0s
69.0.B: Starting proof for property "CS_div_fsm_s13_70"	[0.00 s].
69.0.AM: clocks: 1, declared: 1, looping: 0, posedge: 1, negedge: 0, noedge: 0, bothedge: 0
69.0.B: Trace Attempt  1	[0.01 s]
69.0.AM: Last scan. Per property time limit: 0s
69.0.AM: Starting proof for property "CS_div_fsm_s13_70"	[0.00 s].
69.0.AM: Trace Attempt  1	[0.00 s]
69.0.B: Trace Attempt  2	[0.01 s]
69.0.AM: Trace Attempt  2	[0.01 s]
69.0.B: Trace Attempt  3	[0.02 s]
69.0.B: Trace Attempt  4	[0.03 s]
69.0.AM: Trace Attempt  3	[0.03 s]
69.0.N: Trace Attempt  5	[0.12 s]
69.0.AM: Trace Attempt  4	[0.05 s]
69.0.B: Trace Attempt  5	[0.07 s]
69.0.AM: Trace Attempt  5	[0.08 s]
69.0.Oh: bwd trail(1): 1 0.117825s
69.0.Oh: All properties either determined or skipped. [0.14 s]
69.0.Oh: Exited with Success (@ 0.20 s)
69.0.Mpcustom4: Trace Attempt  3	[0.57 s]
69.0.Mpcustom4: Trace Attempt  3	[0.62 s]
69.0.Mpcustom4: Trace Attempt  4	[0.64 s]
69.0.Mpcustom4: Trace Attempt  4	[0.70 s]
69.0.Mpcustom4: Trace Attempt  5	[0.72 s]
69.0.N: Trace Attempt 29	[4.17 s]
69.0.B: Trace Attempt 53	[4.11 s]
69.0.AM: Trace Attempt 50	[4.21 s]
69.0.Ht: Trace Attempt 80	[4.84 s]
69.0.Mpcustom4: Trace Attempt 31	[5.15 s]
69.0.N: Trace Attempt 41	[8.45 s]
69.0.AM: Trace Attempt 71	[8.39 s]
69.0.B: Trace Attempt 92	[8.48 s]
69.0.Mpcustom4: Trace Attempt 37	[9.19 s]
69.0.Ht: Trace Attempt 92	[9.65 s]
69.0.N: Trace Attempt 51	[12.45 s]
69.0.Mpcustom4: Trace Attempt 64	[14.15 s]
69.0.N: Trace Attempt 57	[16.63 s]
69.0.AM: Trace Attempt 83	[17.88 s]
69.0.AM: Trace Attempt  1	[18.30 s]
69.0.AM: Trace Attempt  2	[18.32 s]
69.0.AM: Trace Attempt  3	[18.33 s]
69.0.AM: Trace Attempt  5	[18.34 s]
69.0.Mpcustom4: Trace Attempt 74	[18.91 s]
69.0.N: Trace Attempt 64	[20.84 s]
69.0.Mpcustom4: Trace Attempt 74	[24.68 s]
69.0.N: Trace Attempt 70	[25.05 s]
69.0.AM: Trace Attempt 87	[26.81 s]
69.0.AM: Trace Attempt  1	[27.15 s]
69.0.AM: Trace Attempt  2	[27.18 s]
69.0.AM: Trace Attempt  3	[27.19 s]
69.0.AM: Trace Attempt  5	[27.20 s]
69.0.N: Trace Attempt 75	[29.51 s]
69.0.Mpcustom4: Trace Attempt 74	[30.69 s]
69.0.AM: Trace Attempt 100	[31.26 s]
69.0.N: Trace Attempt 80	[34.26 s]
69.0.Mpcustom4: Trace Attempt 75	[35.22 s]
69.0.N: Trace Attempt 81	[39.14 s]
69.0.Mpcustom4: Trace Attempt 75	[42.18 s]
69.0.N: Trace Attempt  1	[42.78 s]
69.0.N: Trace Attempt  2	[42.80 s]
69.0.N: Trace Attempt  3	[42.81 s]
69.0.N: Trace Attempt  5	[42.82 s]
69.0.Ht: Trace Attempt 102	[45.62 s]
69.0.N: Trace Attempt 97	[47.15 s]
69.0.Mpcustom4: Trace Attempt 75	[47.29 s]
69.0.AM: Trace Attempt 103	[48.36 s]
69.0.Mpcustom4: Trace Attempt 79	[52.75 s]
69.0.Mpcustom4: Trace Attempt 91	[58.86 s]
69.0.N: Requesting engine job to stop
69.0.B: Requesting engine job to stop
69.0.AM: Requesting engine job to stop
69.0.Hp: Requesting engine job to terminate
69.0.Ht: Requesting engine job to terminate
69.0.Mpcustom4: Requesting engine job to terminate
INFO (IPF144): 69: Initiating shutdown of proof [61.11 s]
69.0.B: Trace Attempt 110	[11.04 s]
69.0.B: A trace with 110 cycles was found. [60.99 s]
INFO (IPF047): 69.0.B: The cover property "CS_div_fsm_s13_70" was covered in 110 cycles in 61.05 s.
69.0.B: Stopped processing property "CS_div_fsm_s13_70"	[61.06 s].
69.0.B: All properties determined. [61.03 s]
69.0.B: Exited with Success (@ 61.12 s)
69: ProofGrid usable level: 0
69.0.N: Stopped processing property "CS_div_fsm_s13_70"	[61.18 s].
69.0.N: All properties determined. [61.18 s]
69.0.N: Exited with Success (@ 61.46 s)
69.0.Hp: Interrupted (multi)
69.0.Hp: All properties determined. [61.63 s]
69.0.Mpcustom4: Trace Attempt 97	[59.21 s]
69.0.Mpcustom4: All properties determined. [61.77 s]
69.0.AM: Trace Attempt 109	[48.90 s]
69.0.AM: Stopped processing property "CS_div_fsm_s13_70"	[61.71 s].
69.0.AM: All properties determined. [61.71 s]
69.0.AM: Exited with Success (@ 61.83 s)
69.0.Mpcustom4: Exited with Success (@ 62.27 s)
69.0.Hp: Exited with Success (@ 62.29 s)
69.0.Ht: Interrupted (multi)
69.0.Ht: Trace Attempt 110	[46.23 s]
69.0.Ht: All properties determined. [62.27 s]
69.0.Ht: Exited with Success (@ 62.94 s)
69: --------------------------------------------------------------
ProofGrid Summary (utilization 99.85 %)
--------------------------------------------------------------
     engines started                               :     7
     engine jobs started                           :     7

    Average time in state (seconds)
    ------------------------------------------------------
    Engine  Pending     Running        Dead    Utilization
    ------------------------------------------------------
      N        0.10       61.10        0.00       99.84 %
     Hp        0.08       61.10        0.00       99.87 %
     Ht        0.07       61.09        0.00       99.89 %
    Mpcustom4        0.06       61.10        0.00       99.90 %
     Oh        0.08        0.14        0.00       63.37 %
      B        0.08       61.04        0.00       99.87 %
     AM        0.08       61.03        0.00       99.87 %
    all        0.08       52.37        0.00       99.85 %

    Total time in state (seconds)
    -----------------------------------------
            Pending     Running        Dead  
    -----------------------------------------
               0.54      366.59        0.00

    Data read    : 341.81 kiB
    Data written : 84.71 kiB

69: All pending notifications were processed.
INFO (IPF059): 69: Completed proof on task: "mytask"
=========EXIT CUSTOMTCL=========
[mytask] % INFO (IPL005): Received request to exit from the console.
INFO (IPL014): Waiting for the Tcl-thread to exit.
INFO: Waiting for proof threads to stop...
INFO: Proof threads stopped.
INFO (IPL018): The peak resident set memory use for this session was 4.113 GB.
INFO (IPL015): The Tcl-thread exited with status 0.
INFO (IPL016): Exiting the analysis session with status 0.
./RUN_JG.sh -j ./synthlc/i_DIV_out/xEnumCycleCnt -s ./synthlc/i_DIV_out/xEnumCycleCnt/out/div_fsm_s13.sv -t ./synthlc/i_DIV_out/xEnumCycleCnt/out/div_fsm_s13.tcl -g 0
