[RUN_JG] ./synthlc/i_DIV_out/xEnumCycleCnt/mult_fsm_s1_update_file_.sh
SYMBOLIC? 0
[RUN_JG] SVA is ./synthlc/i_DIV_out/xEnumCycleCnt/out/mult_fsm_s1.sv
[RUN_JG] HDLF is ./synthlc/i_DIV_out/xEnumCycleCnt/mult_fsm_s1_hdls.f
[RUN_JG] ADD DEFINE
====================
====================
[RUN_JG] TCLF is ./synthlc/i_DIV_out/xEnumCycleCnt/mult_fsm_s1_.tcl
CHECK ASSUMPTION!

[RUN_JG] CMDTASK: task -create mytask -copy_assumes   -regexp
[RUN_JG] no gui
[RUN_JG] jg -no_gui -fpv ./synthlc/i_DIV_out/xEnumCycleCnt/mult_fsm_s1_.tcl -proj ./synthlc/i_DIV_out/xEnumCycleCnt/mult_fsm_s1_jgsession_26-02-26-16_05_47
Jasper Apps 2023.12p001 64 bits 2024.01.23 16:09:24 UTC

Any disclosure about the Cadence Design Systems software or its use
model to any third party violates the written Non-Disclosure Agreement
between Cadence Design Systems, Inc. and the customer.

THIS SOFTWARE CONTAINS CONFIDENTIAL INFORMATION AND TRADE SECRETS OF
CADENCE DESIGN SYSTEMS, INC. USE, DISCLOSURE, OR REPRODUCTION IS
PROHIBITED WITHOUT THE PRIOR EXPRESS WRITTEN PERMISSION OF CADENCE
DESIGN SYSTEMS, INC.

Copyright (C) 2000-2023 Cadence Design Systems, Inc. All Rights
Reserved.  Unpublished -- rights reserved under the copyright laws of
the United States.

This product includes software developed by others and redistributed
according to license agreement. See doc/third_party_readme.txt for
further details.

RESTRICTED RIGHTS LEGEND

Use, duplication, or disclosure by the Government is subject to
restrictions as set forth in subparagraph (c) (1) (ii) of the Rights in
Technical Data and Computer Software clause at DFARS 252.227-7013 or
subparagraphs (c) (1) and (2) of Commercial Computer Software -- Restricted
Rights at 48 CFR 52.227-19, as applicable.


                          Cadence Design Systems, Inc.
                          2655 Seely Avenue
                          San Jose, CA 95134
                          Phone: 408.943.1234

For technical assistance visit http://support.cadence.com.

Jasper Apps Analysis Session - /home/users/cheriek/Documents/Formal_Method/final_project/SynthLC/fv/synthlc/i_DIV_out/xEnumCycleCnt/mult_fsm_s1_jgsession_26-02-26-16_05_47/sessionLogs/session_0

INFO: successfully checked out licenses "jasper_interactive" and "jasper_fao".
INFO: reading configuration file "/home/users/cheriek/.config/cadence/jasper.conf".
% # Run JG with a TCl file: jg jg_test.tcl
% set assert_report_incompletes 1
1
% set RTL_DIR /home/users/cheriek/Documents/Formal_Method/final_project/ibex
/home/users/cheriek/Documents/Formal_Method/final_project/ibex
% set SRCDIR /home/users/cheriek/Documents/Formal_Method/final_project/ibex/rtl
/home/users/cheriek/Documents/Formal_Method/final_project/ibex/rtl
% 
% ############
% set FPV 1
1
% set REACH 0
0
% set CUSTOMTCL 1
1
% ############
% exec ./synthlc/i_DIV_out/xEnumCycleCnt/mult_fsm_s1_update_file_.sh
% # Analyze RTL files
% analyze -sv09 -f ./synthlc/i_DIV_out/xEnumCycleCnt/mult_fsm_s1_hdls.f -y $SRCDIR +incdir+$SRCDIR
INFO (INL011): Processing "-f" file "/home/users/cheriek/Documents/Formal_Method/final_project/SynthLC/fv/synthlc/i_DIV_out/xEnumCycleCnt/mult_fsm_s1_hdls.f".
[-- (VERI-1482)] Analyzing Verilog file '/cad/cadence/jasper_2023.12p001/lib/verilog/packages/std/std.sv' into library 'std'
[-- (VERI-1482)] Analyzing Verilog file '/home/users/cheriek/Documents/Formal_Method/final_project/ibex/rtl/ibex_pkg.sv'
[WARN (VERI-2418)] /home/users/cheriek/Documents/Formal_Method/final_project/ibex/rtl/ibex_pkg.sv(381): parameter 'ADDR_W' declared inside package 'ibex_pkg' shall be treated as localparam
[WARN (VERI-2418)] /home/users/cheriek/Documents/Formal_Method/final_project/ibex/rtl/ibex_pkg.sv(382): parameter 'BUS_SIZE' declared inside package 'ibex_pkg' shall be treated as localparam
[WARN (VERI-2418)] /home/users/cheriek/Documents/Formal_Method/final_project/ibex/rtl/ibex_pkg.sv(383): parameter 'BUS_BYTES' declared inside package 'ibex_pkg' shall be treated as localparam
[WARN (VERI-2418)] /home/users/cheriek/Documents/Formal_Method/final_project/ibex/rtl/ibex_pkg.sv(384): parameter 'BUS_W' declared inside package 'ibex_pkg' shall be treated as localparam
[WARN (VERI-2418)] /home/users/cheriek/Documents/Formal_Method/final_project/ibex/rtl/ibex_pkg.sv(385): parameter 'IC_SIZE_BYTES' declared inside package 'ibex_pkg' shall be treated as localparam
[WARN (VERI-2418)] /home/users/cheriek/Documents/Formal_Method/final_project/ibex/rtl/ibex_pkg.sv(386): parameter 'IC_NUM_WAYS' declared inside package 'ibex_pkg' shall be treated as localparam
[WARN (VERI-2418)] /home/users/cheriek/Documents/Formal_Method/final_project/ibex/rtl/ibex_pkg.sv(387): parameter 'IC_LINE_SIZE' declared inside package 'ibex_pkg' shall be treated as localparam
[WARN (VERI-2418)] /home/users/cheriek/Documents/Formal_Method/final_project/ibex/rtl/ibex_pkg.sv(388): parameter 'IC_LINE_BYTES' declared inside package 'ibex_pkg' shall be treated as localparam
[WARN (VERI-2418)] /home/users/cheriek/Documents/Formal_Method/final_project/ibex/rtl/ibex_pkg.sv(389): parameter 'IC_LINE_W' declared inside package 'ibex_pkg' shall be treated as localparam
[WARN (VERI-2418)] /home/users/cheriek/Documents/Formal_Method/final_project/ibex/rtl/ibex_pkg.sv(390): parameter 'IC_NUM_LINES' declared inside package 'ibex_pkg' shall be treated as localparam
[WARN (VERI-2418)] /home/users/cheriek/Documents/Formal_Method/final_project/ibex/rtl/ibex_pkg.sv(391): parameter 'IC_LINE_BEATS' declared inside package 'ibex_pkg' shall be treated as localparam
[WARN (VERI-2418)] /home/users/cheriek/Documents/Formal_Method/final_project/ibex/rtl/ibex_pkg.sv(392): parameter 'IC_LINE_BEATS_W' declared inside package 'ibex_pkg' shall be treated as localparam
[WARN (VERI-2418)] /home/users/cheriek/Documents/Formal_Method/final_project/ibex/rtl/ibex_pkg.sv(393): parameter 'IC_INDEX_W' declared inside package 'ibex_pkg' shall be treated as localparam
[WARN (VERI-2418)] /home/users/cheriek/Documents/Formal_Method/final_project/ibex/rtl/ibex_pkg.sv(394): parameter 'IC_INDEX_HI' declared inside package 'ibex_pkg' shall be treated as localparam
[WARN (VERI-2418)] /home/users/cheriek/Documents/Formal_Method/final_project/ibex/rtl/ibex_pkg.sv(395): parameter 'IC_TAG_SIZE' declared inside package 'ibex_pkg' shall be treated as localparam
[WARN (VERI-2418)] /home/users/cheriek/Documents/Formal_Method/final_project/ibex/rtl/ibex_pkg.sv(396): parameter 'IC_OUTPUT_BEATS' declared inside package 'ibex_pkg' shall be treated as localparam
[WARN (VERI-2418)] /home/users/cheriek/Documents/Formal_Method/final_project/ibex/rtl/ibex_pkg.sv(398): parameter 'SCRAMBLE_KEY_W' declared inside package 'ibex_pkg' shall be treated as localparam
[WARN (VERI-2418)] /home/users/cheriek/Documents/Formal_Method/final_project/ibex/rtl/ibex_pkg.sv(399): parameter 'SCRAMBLE_NONCE_W' declared inside package 'ibex_pkg' shall be treated as localparam
[WARN (VERI-2418)] /home/users/cheriek/Documents/Formal_Method/final_project/ibex/rtl/ibex_pkg.sv(402): parameter 'PMP_MAX_REGIONS' declared inside package 'ibex_pkg' shall be treated as localparam
[WARN (VERI-2418)] /home/users/cheriek/Documents/Formal_Method/final_project/ibex/rtl/ibex_pkg.sv(403): parameter 'PMP_CFG_W' declared inside package 'ibex_pkg' shall be treated as localparam
[WARN (VERI-2418)] /home/users/cheriek/Documents/Formal_Method/final_project/ibex/rtl/ibex_pkg.sv(406): parameter 'PMP_ADDR_MSB' declared inside package 'ibex_pkg' shall be treated as localparam
[WARN (VERI-2418)] /home/users/cheriek/Documents/Formal_Method/final_project/ibex/rtl/ibex_pkg.sv(409): parameter 'PMP_ADDR_LSB' declared inside package 'ibex_pkg' shall be treated as localparam
[WARN (VERI-2418)] /home/users/cheriek/Documents/Formal_Method/final_project/ibex/rtl/ibex_pkg.sv(412): parameter 'PMP_I' declared inside package 'ibex_pkg' shall be treated as localparam
[WARN (VERI-2418)] /home/users/cheriek/Documents/Formal_Method/final_project/ibex/rtl/ibex_pkg.sv(413): parameter 'PMP_I2' declared inside package 'ibex_pkg' shall be treated as localparam
[WARN (VERI-2418)] /home/users/cheriek/Documents/Formal_Method/final_project/ibex/rtl/ibex_pkg.sv(414): parameter 'PMP_D' declared inside package 'ibex_pkg' shall be treated as localparam
[WARN (VERI-2418)] /home/users/cheriek/Documents/Formal_Method/final_project/ibex/rtl/ibex_pkg.sv(614): parameter 'CSR_OFF_PMP_CFG' declared inside package 'ibex_pkg' shall be treated as localparam
[WARN (VERI-2418)] /home/users/cheriek/Documents/Formal_Method/final_project/ibex/rtl/ibex_pkg.sv(615): parameter 'CSR_OFF_PMP_ADDR' declared inside package 'ibex_pkg' shall be treated as localparam
[WARN (VERI-2418)] /home/users/cheriek/Documents/Formal_Method/final_project/ibex/rtl/ibex_pkg.sv(618): parameter 'CSR_MSTATUS_MIE_BIT' declared inside package 'ibex_pkg' shall be treated as localparam
[WARN (VERI-2418)] /home/users/cheriek/Documents/Formal_Method/final_project/ibex/rtl/ibex_pkg.sv(619): parameter 'CSR_MSTATUS_MPIE_BIT' declared inside package 'ibex_pkg' shall be treated as localparam
[WARN (VERI-2418)] /home/users/cheriek/Documents/Formal_Method/final_project/ibex/rtl/ibex_pkg.sv(620): parameter 'CSR_MSTATUS_MPP_BIT_LOW' declared inside package 'ibex_pkg' shall be treated as localparam
[WARN (VERI-2418)] /home/users/cheriek/Documents/Formal_Method/final_project/ibex/rtl/ibex_pkg.sv(621): parameter 'CSR_MSTATUS_MPP_BIT_HIGH' declared inside package 'ibex_pkg' shall be treated as localparam
[WARN (VERI-2418)] /home/users/cheriek/Documents/Formal_Method/final_project/ibex/rtl/ibex_pkg.sv(622): parameter 'CSR_MSTATUS_MPRV_BIT' declared inside package 'ibex_pkg' shall be treated as localparam
[WARN (VERI-2418)] /home/users/cheriek/Documents/Formal_Method/final_project/ibex/rtl/ibex_pkg.sv(623): parameter 'CSR_MSTATUS_TW_BIT' declared inside package 'ibex_pkg' shall be treated as localparam
[WARN (VERI-2418)] /home/users/cheriek/Documents/Formal_Method/final_project/ibex/rtl/ibex_pkg.sv(626): parameter 'CSR_MISA_MXL' declared inside package 'ibex_pkg' shall be treated as localparam
[WARN (VERI-2418)] /home/users/cheriek/Documents/Formal_Method/final_project/ibex/rtl/ibex_pkg.sv(629): parameter 'CSR_MSIX_BIT' declared inside package 'ibex_pkg' shall be treated as localparam
[WARN (VERI-2418)] /home/users/cheriek/Documents/Formal_Method/final_project/ibex/rtl/ibex_pkg.sv(630): parameter 'CSR_MTIX_BIT' declared inside package 'ibex_pkg' shall be treated as localparam
[WARN (VERI-2418)] /home/users/cheriek/Documents/Formal_Method/final_project/ibex/rtl/ibex_pkg.sv(631): parameter 'CSR_MEIX_BIT' declared inside package 'ibex_pkg' shall be treated as localparam
[WARN (VERI-2418)] /home/users/cheriek/Documents/Formal_Method/final_project/ibex/rtl/ibex_pkg.sv(632): parameter 'CSR_MFIX_BIT_LOW' declared inside package 'ibex_pkg' shall be treated as localparam
[WARN (VERI-2418)] /home/users/cheriek/Documents/Formal_Method/final_project/ibex/rtl/ibex_pkg.sv(633): parameter 'CSR_MFIX_BIT_HIGH' declared inside package 'ibex_pkg' shall be treated as localparam
[WARN (VERI-2418)] /home/users/cheriek/Documents/Formal_Method/final_project/ibex/rtl/ibex_pkg.sv(636): parameter 'CSR_MSECCFG_MML_BIT' declared inside package 'ibex_pkg' shall be treated as localparam
[WARN (VERI-2418)] /home/users/cheriek/Documents/Formal_Method/final_project/ibex/rtl/ibex_pkg.sv(637): parameter 'CSR_MSECCFG_MMWP_BIT' declared inside package 'ibex_pkg' shall be treated as localparam
[WARN (VERI-2418)] /home/users/cheriek/Documents/Formal_Method/final_project/ibex/rtl/ibex_pkg.sv(638): parameter 'CSR_MSECCFG_RLB_BIT' declared inside package 'ibex_pkg' shall be treated as localparam
[WARN (VERI-2418)] /home/users/cheriek/Documents/Formal_Method/final_project/ibex/rtl/ibex_pkg.sv(653): parameter 'LfsrWidth' declared inside package 'ibex_pkg' shall be treated as localparam
[WARN (VERI-2418)] /home/users/cheriek/Documents/Formal_Method/final_project/ibex/rtl/ibex_pkg.sv(656): parameter 'RndCnstLfsrSeedDefault' declared inside package 'ibex_pkg' shall be treated as localparam
[WARN (VERI-2418)] /home/users/cheriek/Documents/Formal_Method/final_project/ibex/rtl/ibex_pkg.sv(657): parameter 'RndCnstLfsrPermDefault' declared inside package 'ibex_pkg' shall be treated as localparam
[WARN (VERI-2418)] /home/users/cheriek/Documents/Formal_Method/final_project/ibex/rtl/ibex_pkg.sv(660): parameter 'RndCnstIbexKeyDefault' declared inside package 'ibex_pkg' shall be treated as localparam
[WARN (VERI-2418)] /home/users/cheriek/Documents/Formal_Method/final_project/ibex/rtl/ibex_pkg.sv(662): parameter 'RndCnstIbexNonceDefault' declared inside package 'ibex_pkg' shall be treated as localparam
[WARN (VERI-2418)] /home/users/cheriek/Documents/Formal_Method/final_project/ibex/rtl/ibex_pkg.sv(667): parameter 'IbexMuBiWidth' declared inside package 'ibex_pkg' shall be treated as localparam
[WARN (VERI-2418)] /home/users/cheriek/Documents/Formal_Method/final_project/ibex/rtl/ibex_pkg.sv(674): parameter 'IbexMuBiOn' declared inside package 'ibex_pkg' shall be treated as localparam
[WARN (VERI-2418)] /home/users/cheriek/Documents/Formal_Method/final_project/ibex/rtl/ibex_pkg.sv(675): parameter 'IbexMuBiOff' declared inside package 'ibex_pkg' shall be treated as localparam
[WARN (VERI-2418)] /home/users/cheriek/Documents/Formal_Method/final_project/ibex/rtl/ibex_pkg.sv(684): parameter 'PmpCfgRst' declared inside package 'ibex_pkg' shall be treated as localparam
[WARN (VERI-2418)] /home/users/cheriek/Documents/Formal_Method/final_project/ibex/rtl/ibex_pkg.sv(706): parameter 'PmpAddrRst' declared inside package 'ibex_pkg' shall be treated as localparam
[WARN (VERI-2418)] /home/users/cheriek/Documents/Formal_Method/final_project/ibex/rtl/ibex_pkg.sv(725): parameter 'PmpMseccfgRst' declared inside package 'ibex_pkg' shall be treated as localparam
[-- (VERI-1482)] Analyzing Verilog file '/home/users/cheriek/Documents/Formal_Method/final_project/ibex/rtl/ibex_tracer_pkg.sv'
[WARN (VERI-2418)] /home/users/cheriek/Documents/Formal_Method/final_project/ibex/rtl/ibex_tracer_pkg.sv(9): parameter 'OPCODE_C0' declared inside package 'ibex_tracer_pkg' shall be treated as localparam
[WARN (VERI-2418)] /home/users/cheriek/Documents/Formal_Method/final_project/ibex/rtl/ibex_tracer_pkg.sv(10): parameter 'OPCODE_C1' declared inside package 'ibex_tracer_pkg' shall be treated as localparam
[WARN (VERI-2418)] /home/users/cheriek/Documents/Formal_Method/final_project/ibex/rtl/ibex_tracer_pkg.sv(11): parameter 'OPCODE_C2' declared inside package 'ibex_tracer_pkg' shall be treated as localparam
[WARN (VERI-2418)] /home/users/cheriek/Documents/Formal_Method/final_project/ibex/rtl/ibex_tracer_pkg.sv(14): parameter 'INSN_LUI' declared inside package 'ibex_tracer_pkg' shall be treated as localparam
[WARN (VERI-2418)] /home/users/cheriek/Documents/Formal_Method/final_project/ibex/rtl/ibex_tracer_pkg.sv(15): parameter 'INSN_AUIPC' declared inside package 'ibex_tracer_pkg' shall be treated as localparam
[WARN (VERI-2418)] /home/users/cheriek/Documents/Formal_Method/final_project/ibex/rtl/ibex_tracer_pkg.sv(16): parameter 'INSN_JAL' declared inside package 'ibex_tracer_pkg' shall be treated as localparam
[WARN (VERI-2418)] /home/users/cheriek/Documents/Formal_Method/final_project/ibex/rtl/ibex_tracer_pkg.sv(17): parameter 'INSN_JALR' declared inside package 'ibex_tracer_pkg' shall be treated as localparam
[WARN (VERI-2418)] /home/users/cheriek/Documents/Formal_Method/final_project/ibex/rtl/ibex_tracer_pkg.sv(20): parameter 'INSN_BEQ' declared inside package 'ibex_tracer_pkg' shall be treated as localparam
[WARN (VERI-2418)] /home/users/cheriek/Documents/Formal_Method/final_project/ibex/rtl/ibex_tracer_pkg.sv(21): parameter 'INSN_BNE' declared inside package 'ibex_tracer_pkg' shall be treated as localparam
[WARN (VERI-2418)] /home/users/cheriek/Documents/Formal_Method/final_project/ibex/rtl/ibex_tracer_pkg.sv(22): parameter 'INSN_BLT' declared inside package 'ibex_tracer_pkg' shall be treated as localparam
[WARN (VERI-2418)] /home/users/cheriek/Documents/Formal_Method/final_project/ibex/rtl/ibex_tracer_pkg.sv(23): parameter 'INSN_BGE' declared inside package 'ibex_tracer_pkg' shall be treated as localparam
[WARN (VERI-2418)] /home/users/cheriek/Documents/Formal_Method/final_project/ibex/rtl/ibex_tracer_pkg.sv(24): parameter 'INSN_BLTU' declared inside package 'ibex_tracer_pkg' shall be treated as localparam
[WARN (VERI-2418)] /home/users/cheriek/Documents/Formal_Method/final_project/ibex/rtl/ibex_tracer_pkg.sv(25): parameter 'INSN_BGEU' declared inside package 'ibex_tracer_pkg' shall be treated as localparam
[WARN (VERI-2418)] /home/users/cheriek/Documents/Formal_Method/final_project/ibex/rtl/ibex_tracer_pkg.sv(28): parameter 'INSN_ADDI' declared inside package 'ibex_tracer_pkg' shall be treated as localparam
[WARN (VERI-2418)] /home/users/cheriek/Documents/Formal_Method/final_project/ibex/rtl/ibex_tracer_pkg.sv(29): parameter 'INSN_SLTI' declared inside package 'ibex_tracer_pkg' shall be treated as localparam
[WARN (VERI-2418)] /home/users/cheriek/Documents/Formal_Method/final_project/ibex/rtl/ibex_tracer_pkg.sv(30): parameter 'INSN_SLTIU' declared inside package 'ibex_tracer_pkg' shall be treated as localparam
[WARN (VERI-2418)] /home/users/cheriek/Documents/Formal_Method/final_project/ibex/rtl/ibex_tracer_pkg.sv(31): parameter 'INSN_XORI' declared inside package 'ibex_tracer_pkg' shall be treated as localparam
[WARN (VERI-2418)] /home/users/cheriek/Documents/Formal_Method/final_project/ibex/rtl/ibex_tracer_pkg.sv(32): parameter 'INSN_ORI' declared inside package 'ibex_tracer_pkg' shall be treated as localparam
[WARN (VERI-2418)] /home/users/cheriek/Documents/Formal_Method/final_project/ibex/rtl/ibex_tracer_pkg.sv(33): parameter 'INSN_ANDI' declared inside package 'ibex_tracer_pkg' shall be treated as localparam
[WARN (VERI-2418)] /home/users/cheriek/Documents/Formal_Method/final_project/ibex/rtl/ibex_tracer_pkg.sv(34): parameter 'INSN_SLLI' declared inside package 'ibex_tracer_pkg' shall be treated as localparam
[WARN (VERI-2418)] /home/users/cheriek/Documents/Formal_Method/final_project/ibex/rtl/ibex_tracer_pkg.sv(35): parameter 'INSN_SRLI' declared inside package 'ibex_tracer_pkg' shall be treated as localparam
[WARN (VERI-2418)] /home/users/cheriek/Documents/Formal_Method/final_project/ibex/rtl/ibex_tracer_pkg.sv(36): parameter 'INSN_SRAI' declared inside package 'ibex_tracer_pkg' shall be treated as localparam
[WARN (VERI-2418)] /home/users/cheriek/Documents/Formal_Method/final_project/ibex/rtl/ibex_tracer_pkg.sv(39): parameter 'INSN_ADD' declared inside package 'ibex_tracer_pkg' shall be treated as localparam
[WARN (VERI-2418)] /home/users/cheriek/Documents/Formal_Method/final_project/ibex/rtl/ibex_tracer_pkg.sv(40): parameter 'INSN_SUB' declared inside package 'ibex_tracer_pkg' shall be treated as localparam
[WARN (VERI-2418)] /home/users/cheriek/Documents/Formal_Method/final_project/ibex/rtl/ibex_tracer_pkg.sv(41): parameter 'INSN_SLL' declared inside package 'ibex_tracer_pkg' shall be treated as localparam
[WARN (VERI-2418)] /home/users/cheriek/Documents/Formal_Method/final_project/ibex/rtl/ibex_tracer_pkg.sv(42): parameter 'INSN_SLT' declared inside package 'ibex_tracer_pkg' shall be treated as localparam
[WARN (VERI-2418)] /home/users/cheriek/Documents/Formal_Method/final_project/ibex/rtl/ibex_tracer_pkg.sv(43): parameter 'INSN_SLTU' declared inside package 'ibex_tracer_pkg' shall be treated as localparam
[WARN (VERI-2418)] /home/users/cheriek/Documents/Formal_Method/final_project/ibex/rtl/ibex_tracer_pkg.sv(44): parameter 'INSN_XOR' declared inside package 'ibex_tracer_pkg' shall be treated as localparam
[WARN (VERI-2418)] /home/users/cheriek/Documents/Formal_Method/final_project/ibex/rtl/ibex_tracer_pkg.sv(45): parameter 'INSN_SRL' declared inside package 'ibex_tracer_pkg' shall be treated as localparam
[WARN (VERI-2418)] /home/users/cheriek/Documents/Formal_Method/final_project/ibex/rtl/ibex_tracer_pkg.sv(46): parameter 'INSN_SRA' declared inside package 'ibex_tracer_pkg' shall be treated as localparam
[WARN (VERI-2418)] /home/users/cheriek/Documents/Formal_Method/final_project/ibex/rtl/ibex_tracer_pkg.sv(47): parameter 'INSN_OR' declared inside package 'ibex_tracer_pkg' shall be treated as localparam
[WARN (VERI-2418)] /home/users/cheriek/Documents/Formal_Method/final_project/ibex/rtl/ibex_tracer_pkg.sv(48): parameter 'INSN_AND' declared inside package 'ibex_tracer_pkg' shall be treated as localparam
[WARN (VERI-2418)] /home/users/cheriek/Documents/Formal_Method/final_project/ibex/rtl/ibex_tracer_pkg.sv(51): parameter 'INSN_CSRRW' declared inside package 'ibex_tracer_pkg' shall be treated as localparam
[WARN (VERI-2418)] /home/users/cheriek/Documents/Formal_Method/final_project/ibex/rtl/ibex_tracer_pkg.sv(52): parameter 'INSN_CSRRS' declared inside package 'ibex_tracer_pkg' shall be treated as localparam
[WARN (VERI-2418)] /home/users/cheriek/Documents/Formal_Method/final_project/ibex/rtl/ibex_tracer_pkg.sv(53): parameter 'INSN_CSRRC' declared inside package 'ibex_tracer_pkg' shall be treated as localparam
[WARN (VERI-2418)] /home/users/cheriek/Documents/Formal_Method/final_project/ibex/rtl/ibex_tracer_pkg.sv(54): parameter 'INSN_CSRRWI' declared inside package 'ibex_tracer_pkg' shall be treated as localparam
[WARN (VERI-2418)] /home/users/cheriek/Documents/Formal_Method/final_project/ibex/rtl/ibex_tracer_pkg.sv(55): parameter 'INSN_CSRRSI' declared inside package 'ibex_tracer_pkg' shall be treated as localparam
[WARN (VERI-2418)] /home/users/cheriek/Documents/Formal_Method/final_project/ibex/rtl/ibex_tracer_pkg.sv(56): parameter 'INSN_CSRRCI' declared inside package 'ibex_tracer_pkg' shall be treated as localparam
[WARN (VERI-2418)] /home/users/cheriek/Documents/Formal_Method/final_project/ibex/rtl/ibex_tracer_pkg.sv(57): parameter 'INSN_ECALL' declared inside package 'ibex_tracer_pkg' shall be treated as localparam
[WARN (VERI-2418)] /home/users/cheriek/Documents/Formal_Method/final_project/ibex/rtl/ibex_tracer_pkg.sv(58): parameter 'INSN_EBREAK' declared inside package 'ibex_tracer_pkg' shall be treated as localparam
[WARN (VERI-2418)] /home/users/cheriek/Documents/Formal_Method/final_project/ibex/rtl/ibex_tracer_pkg.sv(59): parameter 'INSN_MRET' declared inside package 'ibex_tracer_pkg' shall be treated as localparam
[WARN (VERI-2418)] /home/users/cheriek/Documents/Formal_Method/final_project/ibex/rtl/ibex_tracer_pkg.sv(60): parameter 'INSN_DRET' declared inside package 'ibex_tracer_pkg' shall be treated as localparam
[WARN (VERI-2418)] /home/users/cheriek/Documents/Formal_Method/final_project/ibex/rtl/ibex_tracer_pkg.sv(61): parameter 'INSN_WFI' declared inside package 'ibex_tracer_pkg' shall be treated as localparam
[WARN (VERI-2418)] /home/users/cheriek/Documents/Formal_Method/final_project/ibex/rtl/ibex_tracer_pkg.sv(64): parameter 'INSN_DIV' declared inside package 'ibex_tracer_pkg' shall be treated as localparam
[WARN (VERI-2418)] /home/users/cheriek/Documents/Formal_Method/final_project/ibex/rtl/ibex_tracer_pkg.sv(65): parameter 'INSN_DIVU' declared inside package 'ibex_tracer_pkg' shall be treated as localparam
[WARN (VERI-2418)] /home/users/cheriek/Documents/Formal_Method/final_project/ibex/rtl/ibex_tracer_pkg.sv(66): parameter 'INSN_REM' declared inside package 'ibex_tracer_pkg' shall be treated as localparam
[WARN (VERI-2418)] /home/users/cheriek/Documents/Formal_Method/final_project/ibex/rtl/ibex_tracer_pkg.sv(67): parameter 'INSN_REMU' declared inside package 'ibex_tracer_pkg' shall be treated as localparam
[WARN (VERI-2418)] /home/users/cheriek/Documents/Formal_Method/final_project/ibex/rtl/ibex_tracer_pkg.sv(68): parameter 'INSN_PMUL' declared inside package 'ibex_tracer_pkg' shall be treated as localparam
[WARN (VERI-2418)] /home/users/cheriek/Documents/Formal_Method/final_project/ibex/rtl/ibex_tracer_pkg.sv(69): parameter 'INSN_PMUH' declared inside package 'ibex_tracer_pkg' shall be treated as localparam
[WARN (VERI-2418)] /home/users/cheriek/Documents/Formal_Method/final_project/ibex/rtl/ibex_tracer_pkg.sv(70): parameter 'INSN_PMULHSU' declared inside package 'ibex_tracer_pkg' shall be treated as localparam
[WARN (VERI-2418)] /home/users/cheriek/Documents/Formal_Method/final_project/ibex/rtl/ibex_tracer_pkg.sv(71): parameter 'INSN_PMULHU' declared inside package 'ibex_tracer_pkg' shall be treated as localparam
[WARN (VERI-2418)] /home/users/cheriek/Documents/Formal_Method/final_project/ibex/rtl/ibex_tracer_pkg.sv(75): parameter 'INSN_SH1ADD' declared inside package 'ibex_tracer_pkg' shall be treated as localparam
[WARN (VERI-2418)] /home/users/cheriek/Documents/Formal_Method/final_project/ibex/rtl/ibex_tracer_pkg.sv(76): parameter 'INSN_SH2ADD' declared inside package 'ibex_tracer_pkg' shall be treated as localparam
[WARN (VERI-2418)] /home/users/cheriek/Documents/Formal_Method/final_project/ibex/rtl/ibex_tracer_pkg.sv(77): parameter 'INSN_SH3ADD' declared inside package 'ibex_tracer_pkg' shall be treated as localparam
[WARN (VERI-2418)] /home/users/cheriek/Documents/Formal_Method/final_project/ibex/rtl/ibex_tracer_pkg.sv(83): parameter 'INSN_RORI' declared inside package 'ibex_tracer_pkg' shall be treated as localparam
[WARN (VERI-2418)] /home/users/cheriek/Documents/Formal_Method/final_project/ibex/rtl/ibex_tracer_pkg.sv(84): parameter 'INSN_CLZ' declared inside package 'ibex_tracer_pkg' shall be treated as localparam
[WARN (VERI-2418)] /home/users/cheriek/Documents/Formal_Method/final_project/ibex/rtl/ibex_tracer_pkg.sv(85): parameter 'INSN_CTZ' declared inside package 'ibex_tracer_pkg' shall be treated as localparam
[WARN (VERI-2418)] /home/users/cheriek/Documents/Formal_Method/final_project/ibex/rtl/ibex_tracer_pkg.sv(86): parameter 'INSN_CPOP' declared inside package 'ibex_tracer_pkg' shall be treated as localparam
[WARN (VERI-2418)] /home/users/cheriek/Documents/Formal_Method/final_project/ibex/rtl/ibex_tracer_pkg.sv(87): parameter 'INSN_SEXTB' declared inside package 'ibex_tracer_pkg' shall be treated as localparam
[WARN (VERI-2418)] /home/users/cheriek/Documents/Formal_Method/final_project/ibex/rtl/ibex_tracer_pkg.sv(88): parameter 'INSN_SEXTH' declared inside package 'ibex_tracer_pkg' shall be treated as localparam
[WARN (VERI-2418)] /home/users/cheriek/Documents/Formal_Method/final_project/ibex/rtl/ibex_tracer_pkg.sv(100): parameter 'INSN_ROL' declared inside package 'ibex_tracer_pkg' shall be treated as localparam
[WARN (VERI-2418)] /home/users/cheriek/Documents/Formal_Method/final_project/ibex/rtl/ibex_tracer_pkg.sv(101): parameter 'INSN_ROR' declared inside package 'ibex_tracer_pkg' shall be treated as localparam
[WARN (VERI-2418)] /home/users/cheriek/Documents/Formal_Method/final_project/ibex/rtl/ibex_tracer_pkg.sv(102): parameter 'INSN_MIN' declared inside package 'ibex_tracer_pkg' shall be treated as localparam
[WARN (VERI-2418)] /home/users/cheriek/Documents/Formal_Method/final_project/ibex/rtl/ibex_tracer_pkg.sv(103): parameter 'INSN_MAX' declared inside package 'ibex_tracer_pkg' shall be treated as localparam
[WARN (VERI-2418)] /home/users/cheriek/Documents/Formal_Method/final_project/ibex/rtl/ibex_tracer_pkg.sv(104): parameter 'INSN_MINU' declared inside package 'ibex_tracer_pkg' shall be treated as localparam
[WARN (VERI-2418)] /home/users/cheriek/Documents/Formal_Method/final_project/ibex/rtl/ibex_tracer_pkg.sv(105): parameter 'INSN_MAXU' declared inside package 'ibex_tracer_pkg' shall be treated as localparam
[WARN (VERI-2418)] /home/users/cheriek/Documents/Formal_Method/final_project/ibex/rtl/ibex_tracer_pkg.sv(106): parameter 'INSN_XNOR' declared inside package 'ibex_tracer_pkg' shall be treated as localparam
[WARN (VERI-2418)] /home/users/cheriek/Documents/Formal_Method/final_project/ibex/rtl/ibex_tracer_pkg.sv(107): parameter 'INSN_ORN' declared inside package 'ibex_tracer_pkg' shall be treated as localparam
[WARN (VERI-2418)] /home/users/cheriek/Documents/Formal_Method/final_project/ibex/rtl/ibex_tracer_pkg.sv(108): parameter 'INSN_ANDN' declared inside package 'ibex_tracer_pkg' shall be treated as localparam
[WARN (VERI-2418)] /home/users/cheriek/Documents/Formal_Method/final_project/ibex/rtl/ibex_tracer_pkg.sv(109): parameter 'INSN_PACK' declared inside package 'ibex_tracer_pkg' shall be treated as localparam
[WARN (VERI-2418)] /home/users/cheriek/Documents/Formal_Method/final_project/ibex/rtl/ibex_tracer_pkg.sv(110): parameter 'INSN_PACKU' declared inside package 'ibex_tracer_pkg' shall be treated as localparam
[WARN (VERI-2418)] /home/users/cheriek/Documents/Formal_Method/final_project/ibex/rtl/ibex_tracer_pkg.sv(111): parameter 'INSN_PACKH' declared inside package 'ibex_tracer_pkg' shall be treated as localparam
[WARN (VERI-2418)] /home/users/cheriek/Documents/Formal_Method/final_project/ibex/rtl/ibex_tracer_pkg.sv(114): parameter 'INSN_BCLRI' declared inside package 'ibex_tracer_pkg' shall be treated as localparam
[WARN (VERI-2418)] /home/users/cheriek/Documents/Formal_Method/final_project/ibex/rtl/ibex_tracer_pkg.sv(115): parameter 'INSN_BSETI' declared inside package 'ibex_tracer_pkg' shall be treated as localparam
[WARN (VERI-2418)] /home/users/cheriek/Documents/Formal_Method/final_project/ibex/rtl/ibex_tracer_pkg.sv(116): parameter 'INSN_BINVI' declared inside package 'ibex_tracer_pkg' shall be treated as localparam
[WARN (VERI-2418)] /home/users/cheriek/Documents/Formal_Method/final_project/ibex/rtl/ibex_tracer_pkg.sv(119): parameter 'INSN_BEXTI' declared inside package 'ibex_tracer_pkg' shall be treated as localparam
[WARN (VERI-2418)] /home/users/cheriek/Documents/Formal_Method/final_project/ibex/rtl/ibex_tracer_pkg.sv(121): parameter 'INSN_BCLR' declared inside package 'ibex_tracer_pkg' shall be treated as localparam
[WARN (VERI-2418)] /home/users/cheriek/Documents/Formal_Method/final_project/ibex/rtl/ibex_tracer_pkg.sv(122): parameter 'INSN_BSET' declared inside package 'ibex_tracer_pkg' shall be treated as localparam
[WARN (VERI-2418)] /home/users/cheriek/Documents/Formal_Method/final_project/ibex/rtl/ibex_tracer_pkg.sv(123): parameter 'INSN_BINV' declared inside package 'ibex_tracer_pkg' shall be treated as localparam
[WARN (VERI-2418)] /home/users/cheriek/Documents/Formal_Method/final_project/ibex/rtl/ibex_tracer_pkg.sv(124): parameter 'INSN_BEXT' declared inside package 'ibex_tracer_pkg' shall be treated as localparam
[WARN (VERI-2418)] /home/users/cheriek/Documents/Formal_Method/final_project/ibex/rtl/ibex_tracer_pkg.sv(130): parameter 'INSN_GREVI' declared inside package 'ibex_tracer_pkg' shall be treated as localparam
[WARN (VERI-2418)] /home/users/cheriek/Documents/Formal_Method/final_project/ibex/rtl/ibex_tracer_pkg.sv(132): parameter 'INSN_REV_P' declared inside package 'ibex_tracer_pkg' shall be treated as localparam
[WARN (VERI-2418)] /home/users/cheriek/Documents/Formal_Method/final_project/ibex/rtl/ibex_tracer_pkg.sv(134): parameter 'INSN_REV2_N' declared inside package 'ibex_tracer_pkg' shall be treated as localparam
[WARN (VERI-2418)] /home/users/cheriek/Documents/Formal_Method/final_project/ibex/rtl/ibex_tracer_pkg.sv(136): parameter 'INSN_REV_N' declared inside package 'ibex_tracer_pkg' shall be treated as localparam
[WARN (VERI-2418)] /home/users/cheriek/Documents/Formal_Method/final_project/ibex/rtl/ibex_tracer_pkg.sv(138): parameter 'INSN_REV4_B' declared inside package 'ibex_tracer_pkg' shall be treated as localparam
[WARN (VERI-2418)] /home/users/cheriek/Documents/Formal_Method/final_project/ibex/rtl/ibex_tracer_pkg.sv(140): parameter 'INSN_REV2_B' declared inside package 'ibex_tracer_pkg' shall be treated as localparam
[WARN (VERI-2418)] /home/users/cheriek/Documents/Formal_Method/final_project/ibex/rtl/ibex_tracer_pkg.sv(142): parameter 'INSN_REV_B' declared inside package 'ibex_tracer_pkg' shall be treated as localparam
[WARN (VERI-2418)] /home/users/cheriek/Documents/Formal_Method/final_project/ibex/rtl/ibex_tracer_pkg.sv(144): parameter 'INSN_REV8_H' declared inside package 'ibex_tracer_pkg' shall be treated as localparam
[WARN (VERI-2418)] /home/users/cheriek/Documents/Formal_Method/final_project/ibex/rtl/ibex_tracer_pkg.sv(146): parameter 'INSN_REV4_H' declared inside package 'ibex_tracer_pkg' shall be treated as localparam
[WARN (VERI-2418)] /home/users/cheriek/Documents/Formal_Method/final_project/ibex/rtl/ibex_tracer_pkg.sv(148): parameter 'INSN_REV2_H' declared inside package 'ibex_tracer_pkg' shall be treated as localparam
[WARN (VERI-2418)] /home/users/cheriek/Documents/Formal_Method/final_project/ibex/rtl/ibex_tracer_pkg.sv(150): parameter 'INSN_REV_H' declared inside package 'ibex_tracer_pkg' shall be treated as localparam
[WARN (VERI-2418)] /home/users/cheriek/Documents/Formal_Method/final_project/ibex/rtl/ibex_tracer_pkg.sv(152): parameter 'INSN_REV16' declared inside package 'ibex_tracer_pkg' shall be treated as localparam
[WARN (VERI-2418)] /home/users/cheriek/Documents/Formal_Method/final_project/ibex/rtl/ibex_tracer_pkg.sv(154): parameter 'INSN_REV8' declared inside package 'ibex_tracer_pkg' shall be treated as localparam
[WARN (VERI-2418)] /home/users/cheriek/Documents/Formal_Method/final_project/ibex/rtl/ibex_tracer_pkg.sv(156): parameter 'INSN_REV4' declared inside package 'ibex_tracer_pkg' shall be treated as localparam
[WARN (VERI-2418)] /home/users/cheriek/Documents/Formal_Method/final_project/ibex/rtl/ibex_tracer_pkg.sv(158): parameter 'INSN_REV2' declared inside package 'ibex_tracer_pkg' shall be treated as localparam
[WARN (VERI-2418)] /home/users/cheriek/Documents/Formal_Method/final_project/ibex/rtl/ibex_tracer_pkg.sv(160): parameter 'INSN_REV' declared inside package 'ibex_tracer_pkg' shall be treated as localparam
[WARN (VERI-2418)] /home/users/cheriek/Documents/Formal_Method/final_project/ibex/rtl/ibex_tracer_pkg.sv(165): parameter 'INSN_GORCI' declared inside package 'ibex_tracer_pkg' shall be treated as localparam
[WARN (VERI-2418)] /home/users/cheriek/Documents/Formal_Method/final_project/ibex/rtl/ibex_tracer_pkg.sv(167): parameter 'INSN_ORC_P' declared inside package 'ibex_tracer_pkg' shall be treated as localparam
[WARN (VERI-2418)] /home/users/cheriek/Documents/Formal_Method/final_project/ibex/rtl/ibex_tracer_pkg.sv(169): parameter 'INSN_ORC2_N' declared inside package 'ibex_tracer_pkg' shall be treated as localparam
[WARN (VERI-2418)] /home/users/cheriek/Documents/Formal_Method/final_project/ibex/rtl/ibex_tracer_pkg.sv(171): parameter 'INSN_ORC_N' declared inside package 'ibex_tracer_pkg' shall be treated as localparam
[WARN (VERI-2418)] /home/users/cheriek/Documents/Formal_Method/final_project/ibex/rtl/ibex_tracer_pkg.sv(173): parameter 'INSN_ORC4_B' declared inside package 'ibex_tracer_pkg' shall be treated as localparam
[WARN (VERI-2418)] /home/users/cheriek/Documents/Formal_Method/final_project/ibex/rtl/ibex_tracer_pkg.sv(175): parameter 'INSN_ORC2_B' declared inside package 'ibex_tracer_pkg' shall be treated as localparam
[WARN (VERI-2418)] /home/users/cheriek/Documents/Formal_Method/final_project/ibex/rtl/ibex_tracer_pkg.sv(177): parameter 'INSN_ORC_B' declared inside package 'ibex_tracer_pkg' shall be treated as localparam
[WARN (VERI-2418)] /home/users/cheriek/Documents/Formal_Method/final_project/ibex/rtl/ibex_tracer_pkg.sv(179): parameter 'INSN_ORC8_H' declared inside package 'ibex_tracer_pkg' shall be treated as localparam
[WARN (VERI-2418)] /home/users/cheriek/Documents/Formal_Method/final_project/ibex/rtl/ibex_tracer_pkg.sv(181): parameter 'INSN_ORC4_H' declared inside package 'ibex_tracer_pkg' shall be treated as localparam
[WARN (VERI-2418)] /home/users/cheriek/Documents/Formal_Method/final_project/ibex/rtl/ibex_tracer_pkg.sv(183): parameter 'INSN_ORC2_H' declared inside package 'ibex_tracer_pkg' shall be treated as localparam
[WARN (VERI-2418)] /home/users/cheriek/Documents/Formal_Method/final_project/ibex/rtl/ibex_tracer_pkg.sv(185): parameter 'INSN_ORC_H' declared inside package 'ibex_tracer_pkg' shall be treated as localparam
[WARN (VERI-2418)] /home/users/cheriek/Documents/Formal_Method/final_project/ibex/rtl/ibex_tracer_pkg.sv(187): parameter 'INSN_ORC16' declared inside package 'ibex_tracer_pkg' shall be treated as localparam
[WARN (VERI-2418)] /home/users/cheriek/Documents/Formal_Method/final_project/ibex/rtl/ibex_tracer_pkg.sv(189): parameter 'INSN_ORC8' declared inside package 'ibex_tracer_pkg' shall be treated as localparam
[WARN (VERI-2418)] /home/users/cheriek/Documents/Formal_Method/final_project/ibex/rtl/ibex_tracer_pkg.sv(191): parameter 'INSN_ORC4' declared inside package 'ibex_tracer_pkg' shall be treated as localparam
[WARN (VERI-2418)] /home/users/cheriek/Documents/Formal_Method/final_project/ibex/rtl/ibex_tracer_pkg.sv(193): parameter 'INSN_ORC2' declared inside package 'ibex_tracer_pkg' shall be treated as localparam
[WARN (VERI-2418)] /home/users/cheriek/Documents/Formal_Method/final_project/ibex/rtl/ibex_tracer_pkg.sv(195): parameter 'INSN_ORC' declared inside package 'ibex_tracer_pkg' shall be treated as localparam
[WARN (VERI-2418)] /home/users/cheriek/Documents/Formal_Method/final_project/ibex/rtl/ibex_tracer_pkg.sv(198): parameter 'INSN_SHFLI' declared inside package 'ibex_tracer_pkg' shall be treated as localparam
[WARN (VERI-2418)] /home/users/cheriek/Documents/Formal_Method/final_project/ibex/rtl/ibex_tracer_pkg.sv(200): parameter 'INSN_ZIP_N' declared inside package 'ibex_tracer_pkg' shall be treated as localparam
[WARN (VERI-2418)] /home/users/cheriek/Documents/Formal_Method/final_project/ibex/rtl/ibex_tracer_pkg.sv(202): parameter 'INSN_ZIP2_B' declared inside package 'ibex_tracer_pkg' shall be treated as localparam
[WARN (VERI-2418)] /home/users/cheriek/Documents/Formal_Method/final_project/ibex/rtl/ibex_tracer_pkg.sv(204): parameter 'INSN_ZIP_B' declared inside package 'ibex_tracer_pkg' shall be treated as localparam
[WARN (VERI-2418)] /home/users/cheriek/Documents/Formal_Method/final_project/ibex/rtl/ibex_tracer_pkg.sv(206): parameter 'INSN_ZIP4_H' declared inside package 'ibex_tracer_pkg' shall be treated as localparam
[WARN (VERI-2418)] /home/users/cheriek/Documents/Formal_Method/final_project/ibex/rtl/ibex_tracer_pkg.sv(208): parameter 'INSN_ZIP2_H' declared inside package 'ibex_tracer_pkg' shall be treated as localparam
[WARN (VERI-2418)] /home/users/cheriek/Documents/Formal_Method/final_project/ibex/rtl/ibex_tracer_pkg.sv(210): parameter 'INSN_ZIP_H' declared inside package 'ibex_tracer_pkg' shall be treated as localparam
[WARN (VERI-2418)] /home/users/cheriek/Documents/Formal_Method/final_project/ibex/rtl/ibex_tracer_pkg.sv(212): parameter 'INSN_ZIP8' declared inside package 'ibex_tracer_pkg' shall be treated as localparam
[WARN (VERI-2418)] /home/users/cheriek/Documents/Formal_Method/final_project/ibex/rtl/ibex_tracer_pkg.sv(214): parameter 'INSN_ZIP4' declared inside package 'ibex_tracer_pkg' shall be treated as localparam
[WARN (VERI-2418)] /home/users/cheriek/Documents/Formal_Method/final_project/ibex/rtl/ibex_tracer_pkg.sv(216): parameter 'INSN_ZIP2' declared inside package 'ibex_tracer_pkg' shall be treated as localparam
[WARN (VERI-2418)] /home/users/cheriek/Documents/Formal_Method/final_project/ibex/rtl/ibex_tracer_pkg.sv(218): parameter 'INSN_ZIP' declared inside package 'ibex_tracer_pkg' shall be treated as localparam
[WARN (VERI-2418)] /home/users/cheriek/Documents/Formal_Method/final_project/ibex/rtl/ibex_tracer_pkg.sv(221): parameter 'INSN_UNSHFLI' declared inside package 'ibex_tracer_pkg' shall be treated as localparam
[WARN (VERI-2418)] /home/users/cheriek/Documents/Formal_Method/final_project/ibex/rtl/ibex_tracer_pkg.sv(223): parameter 'INSN_UNZIP_N' declared inside package 'ibex_tracer_pkg' shall be treated as localparam
[WARN (VERI-2418)] /home/users/cheriek/Documents/Formal_Method/final_project/ibex/rtl/ibex_tracer_pkg.sv(225): parameter 'INSN_UNZIP2_B' declared inside package 'ibex_tracer_pkg' shall be treated as localparam
[WARN (VERI-2418)] /home/users/cheriek/Documents/Formal_Method/final_project/ibex/rtl/ibex_tracer_pkg.sv(227): parameter 'INSN_UNZIP_B' declared inside package 'ibex_tracer_pkg' shall be treated as localparam
[WARN (VERI-2418)] /home/users/cheriek/Documents/Formal_Method/final_project/ibex/rtl/ibex_tracer_pkg.sv(229): parameter 'INSN_UNZIP4_H' declared inside package 'ibex_tracer_pkg' shall be treated as localparam
[WARN (VERI-2418)] /home/users/cheriek/Documents/Formal_Method/final_project/ibex/rtl/ibex_tracer_pkg.sv(231): parameter 'INSN_UNZIP2_H' declared inside package 'ibex_tracer_pkg' shall be treated as localparam
[WARN (VERI-2418)] /home/users/cheriek/Documents/Formal_Method/final_project/ibex/rtl/ibex_tracer_pkg.sv(233): parameter 'INSN_UNZIP_H' declared inside package 'ibex_tracer_pkg' shall be treated as localparam
[WARN (VERI-2418)] /home/users/cheriek/Documents/Formal_Method/final_project/ibex/rtl/ibex_tracer_pkg.sv(235): parameter 'INSN_UNZIP8' declared inside package 'ibex_tracer_pkg' shall be treated as localparam
[WARN (VERI-2418)] /home/users/cheriek/Documents/Formal_Method/final_project/ibex/rtl/ibex_tracer_pkg.sv(237): parameter 'INSN_UNZIP4' declared inside package 'ibex_tracer_pkg' shall be treated as localparam
[WARN (VERI-2418)] /home/users/cheriek/Documents/Formal_Method/final_project/ibex/rtl/ibex_tracer_pkg.sv(239): parameter 'INSN_UNZIP2' declared inside package 'ibex_tracer_pkg' shall be treated as localparam
[WARN (VERI-2418)] /home/users/cheriek/Documents/Formal_Method/final_project/ibex/rtl/ibex_tracer_pkg.sv(241): parameter 'INSN_UNZIP' declared inside package 'ibex_tracer_pkg' shall be treated as localparam
[WARN (VERI-2418)] /home/users/cheriek/Documents/Formal_Method/final_project/ibex/rtl/ibex_tracer_pkg.sv(244): parameter 'INSN_GREV' declared inside package 'ibex_tracer_pkg' shall be treated as localparam
[WARN (VERI-2418)] /home/users/cheriek/Documents/Formal_Method/final_project/ibex/rtl/ibex_tracer_pkg.sv(245): parameter 'INSN_GORC' declared inside package 'ibex_tracer_pkg' shall be treated as localparam
[WARN (VERI-2418)] /home/users/cheriek/Documents/Formal_Method/final_project/ibex/rtl/ibex_tracer_pkg.sv(246): parameter 'INSN_SHFL' declared inside package 'ibex_tracer_pkg' shall be treated as localparam
[WARN (VERI-2418)] /home/users/cheriek/Documents/Formal_Method/final_project/ibex/rtl/ibex_tracer_pkg.sv(247): parameter 'INSN_UNSHFL' declared inside package 'ibex_tracer_pkg' shall be treated as localparam
[WARN (VERI-2418)] /home/users/cheriek/Documents/Formal_Method/final_project/ibex/rtl/ibex_tracer_pkg.sv(249): parameter 'INSN_XPERM_N' declared inside package 'ibex_tracer_pkg' shall be treated as localparam
[WARN (VERI-2418)] /home/users/cheriek/Documents/Formal_Method/final_project/ibex/rtl/ibex_tracer_pkg.sv(250): parameter 'INSN_XPERM_B' declared inside package 'ibex_tracer_pkg' shall be treated as localparam
[WARN (VERI-2418)] /home/users/cheriek/Documents/Formal_Method/final_project/ibex/rtl/ibex_tracer_pkg.sv(251): parameter 'INSN_XPERM_H' declared inside package 'ibex_tracer_pkg' shall be treated as localparam
[WARN (VERI-2418)] /home/users/cheriek/Documents/Formal_Method/final_project/ibex/rtl/ibex_tracer_pkg.sv(253): parameter 'INSN_SLO' declared inside package 'ibex_tracer_pkg' shall be treated as localparam
[WARN (VERI-2418)] /home/users/cheriek/Documents/Formal_Method/final_project/ibex/rtl/ibex_tracer_pkg.sv(254): parameter 'INSN_SRO' declared inside package 'ibex_tracer_pkg' shall be treated as localparam
[WARN (VERI-2418)] /home/users/cheriek/Documents/Formal_Method/final_project/ibex/rtl/ibex_tracer_pkg.sv(255): parameter 'INSN_SLOI' declared inside package 'ibex_tracer_pkg' shall be treated as localparam
[WARN (VERI-2418)] /home/users/cheriek/Documents/Formal_Method/final_project/ibex/rtl/ibex_tracer_pkg.sv(259): parameter 'INSN_SROI' declared inside package 'ibex_tracer_pkg' shall be treated as localparam
[WARN (VERI-2418)] /home/users/cheriek/Documents/Formal_Method/final_project/ibex/rtl/ibex_tracer_pkg.sv(262): parameter 'INSN_BDECOMPRESS' declared inside package 'ibex_tracer_pkg' shall be treated as localparam
[WARN (VERI-2418)] /home/users/cheriek/Documents/Formal_Method/final_project/ibex/rtl/ibex_tracer_pkg.sv(263): parameter 'INSN_BCOMPRESS' declared inside package 'ibex_tracer_pkg' shall be treated as localparam
[WARN (VERI-2418)] /home/users/cheriek/Documents/Formal_Method/final_project/ibex/rtl/ibex_tracer_pkg.sv(266): parameter 'INSN_FSRI' declared inside package 'ibex_tracer_pkg' shall be treated as localparam
[WARN (VERI-2418)] /home/users/cheriek/Documents/Formal_Method/final_project/ibex/rtl/ibex_tracer_pkg.sv(268): parameter 'INSN_CMIX' declared inside package 'ibex_tracer_pkg' shall be treated as localparam
[WARN (VERI-2418)] /home/users/cheriek/Documents/Formal_Method/final_project/ibex/rtl/ibex_tracer_pkg.sv(269): parameter 'INSN_CMOV' declared inside package 'ibex_tracer_pkg' shall be treated as localparam
[WARN (VERI-2418)] /home/users/cheriek/Documents/Formal_Method/final_project/ibex/rtl/ibex_tracer_pkg.sv(270): parameter 'INSN_FSL' declared inside package 'ibex_tracer_pkg' shall be treated as localparam
[WARN (VERI-2418)] /home/users/cheriek/Documents/Formal_Method/final_project/ibex/rtl/ibex_tracer_pkg.sv(271): parameter 'INSN_FSR' declared inside package 'ibex_tracer_pkg' shall be treated as localparam
[WARN (VERI-2418)] /home/users/cheriek/Documents/Formal_Method/final_project/ibex/rtl/ibex_tracer_pkg.sv(274): parameter 'INSN_BFP' declared inside package 'ibex_tracer_pkg' shall be treated as localparam
[WARN (VERI-2418)] /home/users/cheriek/Documents/Formal_Method/final_project/ibex/rtl/ibex_tracer_pkg.sv(277): parameter 'INSN_CLMUL' declared inside package 'ibex_tracer_pkg' shall be treated as localparam
[WARN (VERI-2418)] /home/users/cheriek/Documents/Formal_Method/final_project/ibex/rtl/ibex_tracer_pkg.sv(278): parameter 'INSN_CLMULR' declared inside package 'ibex_tracer_pkg' shall be treated as localparam
[WARN (VERI-2418)] /home/users/cheriek/Documents/Formal_Method/final_project/ibex/rtl/ibex_tracer_pkg.sv(279): parameter 'INSN_CLMULH' declared inside package 'ibex_tracer_pkg' shall be treated as localparam
[WARN (VERI-2418)] /home/users/cheriek/Documents/Formal_Method/final_project/ibex/rtl/ibex_tracer_pkg.sv(282): parameter 'INSN_CRC32_B' declared inside package 'ibex_tracer_pkg' shall be treated as localparam
[WARN (VERI-2418)] /home/users/cheriek/Documents/Formal_Method/final_project/ibex/rtl/ibex_tracer_pkg.sv(284): parameter 'INSN_CRC32_H' declared inside package 'ibex_tracer_pkg' shall be treated as localparam
[WARN (VERI-2418)] /home/users/cheriek/Documents/Formal_Method/final_project/ibex/rtl/ibex_tracer_pkg.sv(286): parameter 'INSN_CRC32_W' declared inside package 'ibex_tracer_pkg' shall be treated as localparam
[WARN (VERI-2418)] /home/users/cheriek/Documents/Formal_Method/final_project/ibex/rtl/ibex_tracer_pkg.sv(288): parameter 'INSN_CRC32C_B' declared inside package 'ibex_tracer_pkg' shall be treated as localparam
[WARN (VERI-2418)] /home/users/cheriek/Documents/Formal_Method/final_project/ibex/rtl/ibex_tracer_pkg.sv(290): parameter 'INSN_CRC32C_H' declared inside package 'ibex_tracer_pkg' shall be treated as localparam
[WARN (VERI-2418)] /home/users/cheriek/Documents/Formal_Method/final_project/ibex/rtl/ibex_tracer_pkg.sv(292): parameter 'INSN_CRC32C_W' declared inside package 'ibex_tracer_pkg' shall be treated as localparam
[WARN (VERI-2418)] /home/users/cheriek/Documents/Formal_Method/final_project/ibex/rtl/ibex_tracer_pkg.sv(296): parameter 'INSN_LOAD' declared inside package 'ibex_tracer_pkg' shall be treated as localparam
[WARN (VERI-2418)] /home/users/cheriek/Documents/Formal_Method/final_project/ibex/rtl/ibex_tracer_pkg.sv(297): parameter 'INSN_STORE' declared inside package 'ibex_tracer_pkg' shall be treated as localparam
[WARN (VERI-2418)] /home/users/cheriek/Documents/Formal_Method/final_project/ibex/rtl/ibex_tracer_pkg.sv(300): parameter 'INSN_FENCE' declared inside package 'ibex_tracer_pkg' shall be treated as localparam
[WARN (VERI-2418)] /home/users/cheriek/Documents/Formal_Method/final_project/ibex/rtl/ibex_tracer_pkg.sv(301): parameter 'INSN_FENCEI' declared inside package 'ibex_tracer_pkg' shall be treated as localparam
[WARN (VERI-2418)] /home/users/cheriek/Documents/Formal_Method/final_project/ibex/rtl/ibex_tracer_pkg.sv(305): parameter 'INSN_CADDI4SPN' declared inside package 'ibex_tracer_pkg' shall be treated as localparam
[WARN (VERI-2418)] /home/users/cheriek/Documents/Formal_Method/final_project/ibex/rtl/ibex_tracer_pkg.sv(306): parameter 'INSN_CLW' declared inside package 'ibex_tracer_pkg' shall be treated as localparam
[WARN (VERI-2418)] /home/users/cheriek/Documents/Formal_Method/final_project/ibex/rtl/ibex_tracer_pkg.sv(307): parameter 'INSN_CSW' declared inside package 'ibex_tracer_pkg' shall be treated as localparam
[WARN (VERI-2418)] /home/users/cheriek/Documents/Formal_Method/final_project/ibex/rtl/ibex_tracer_pkg.sv(309): parameter 'INSN_CLBU' declared inside package 'ibex_tracer_pkg' shall be treated as localparam
[WARN (VERI-2418)] /home/users/cheriek/Documents/Formal_Method/final_project/ibex/rtl/ibex_tracer_pkg.sv(310): parameter 'INSN_CLHU' declared inside package 'ibex_tracer_pkg' shall be treated as localparam
[WARN (VERI-2418)] /home/users/cheriek/Documents/Formal_Method/final_project/ibex/rtl/ibex_tracer_pkg.sv(311): parameter 'INSN_CLH' declared inside package 'ibex_tracer_pkg' shall be treated as localparam
[WARN (VERI-2418)] /home/users/cheriek/Documents/Formal_Method/final_project/ibex/rtl/ibex_tracer_pkg.sv(312): parameter 'INSN_CSB' declared inside package 'ibex_tracer_pkg' shall be treated as localparam
[WARN (VERI-2418)] /home/users/cheriek/Documents/Formal_Method/final_project/ibex/rtl/ibex_tracer_pkg.sv(313): parameter 'INSN_CSH' declared inside package 'ibex_tracer_pkg' shall be treated as localparam
[WARN (VERI-2418)] /home/users/cheriek/Documents/Formal_Method/final_project/ibex/rtl/ibex_tracer_pkg.sv(316): parameter 'INSN_CADDI' declared inside package 'ibex_tracer_pkg' shall be treated as localparam
[WARN (VERI-2418)] /home/users/cheriek/Documents/Formal_Method/final_project/ibex/rtl/ibex_tracer_pkg.sv(317): parameter 'INSN_CJAL' declared inside package 'ibex_tracer_pkg' shall be treated as localparam
[WARN (VERI-2418)] /home/users/cheriek/Documents/Formal_Method/final_project/ibex/rtl/ibex_tracer_pkg.sv(318): parameter 'INSN_CJ' declared inside package 'ibex_tracer_pkg' shall be treated as localparam
[WARN (VERI-2418)] /home/users/cheriek/Documents/Formal_Method/final_project/ibex/rtl/ibex_tracer_pkg.sv(319): parameter 'INSN_CLI' declared inside package 'ibex_tracer_pkg' shall be treated as localparam
[WARN (VERI-2418)] /home/users/cheriek/Documents/Formal_Method/final_project/ibex/rtl/ibex_tracer_pkg.sv(320): parameter 'INSN_CLUI' declared inside package 'ibex_tracer_pkg' shall be treated as localparam
[WARN (VERI-2418)] /home/users/cheriek/Documents/Formal_Method/final_project/ibex/rtl/ibex_tracer_pkg.sv(321): parameter 'INSN_CBEQZ' declared inside package 'ibex_tracer_pkg' shall be treated as localparam
[WARN (VERI-2418)] /home/users/cheriek/Documents/Formal_Method/final_project/ibex/rtl/ibex_tracer_pkg.sv(322): parameter 'INSN_CBNEZ' declared inside package 'ibex_tracer_pkg' shall be treated as localparam
[WARN (VERI-2418)] /home/users/cheriek/Documents/Formal_Method/final_project/ibex/rtl/ibex_tracer_pkg.sv(323): parameter 'INSN_CSRLI' declared inside package 'ibex_tracer_pkg' shall be treated as localparam
[WARN (VERI-2418)] /home/users/cheriek/Documents/Formal_Method/final_project/ibex/rtl/ibex_tracer_pkg.sv(324): parameter 'INSN_CSRAI' declared inside package 'ibex_tracer_pkg' shall be treated as localparam
[WARN (VERI-2418)] /home/users/cheriek/Documents/Formal_Method/final_project/ibex/rtl/ibex_tracer_pkg.sv(325): parameter 'INSN_CANDI' declared inside package 'ibex_tracer_pkg' shall be treated as localparam
[WARN (VERI-2418)] /home/users/cheriek/Documents/Formal_Method/final_project/ibex/rtl/ibex_tracer_pkg.sv(326): parameter 'INSN_CSUB' declared inside package 'ibex_tracer_pkg' shall be treated as localparam
[WARN (VERI-2418)] /home/users/cheriek/Documents/Formal_Method/final_project/ibex/rtl/ibex_tracer_pkg.sv(327): parameter 'INSN_CXOR' declared inside package 'ibex_tracer_pkg' shall be treated as localparam
[WARN (VERI-2418)] /home/users/cheriek/Documents/Formal_Method/final_project/ibex/rtl/ibex_tracer_pkg.sv(328): parameter 'INSN_COR' declared inside package 'ibex_tracer_pkg' shall be treated as localparam
[WARN (VERI-2418)] /home/users/cheriek/Documents/Formal_Method/final_project/ibex/rtl/ibex_tracer_pkg.sv(329): parameter 'INSN_CAND' declared inside package 'ibex_tracer_pkg' shall be treated as localparam
[WARN (VERI-2418)] /home/users/cheriek/Documents/Formal_Method/final_project/ibex/rtl/ibex_tracer_pkg.sv(331): parameter 'INSN_CZEXTB' declared inside package 'ibex_tracer_pkg' shall be treated as localparam
[WARN (VERI-2418)] /home/users/cheriek/Documents/Formal_Method/final_project/ibex/rtl/ibex_tracer_pkg.sv(332): parameter 'INSN_CSEXTB' declared inside package 'ibex_tracer_pkg' shall be treated as localparam
[WARN (VERI-2418)] /home/users/cheriek/Documents/Formal_Method/final_project/ibex/rtl/ibex_tracer_pkg.sv(333): parameter 'INSN_CZEXTH' declared inside package 'ibex_tracer_pkg' shall be treated as localparam
[WARN (VERI-2418)] /home/users/cheriek/Documents/Formal_Method/final_project/ibex/rtl/ibex_tracer_pkg.sv(334): parameter 'INSN_CSEXTH' declared inside package 'ibex_tracer_pkg' shall be treated as localparam
[WARN (VERI-2418)] /home/users/cheriek/Documents/Formal_Method/final_project/ibex/rtl/ibex_tracer_pkg.sv(335): parameter 'INSN_CNOT' declared inside package 'ibex_tracer_pkg' shall be treated as localparam
[WARN (VERI-2418)] /home/users/cheriek/Documents/Formal_Method/final_project/ibex/rtl/ibex_tracer_pkg.sv(336): parameter 'INSN_CMUL' declared inside package 'ibex_tracer_pkg' shall be treated as localparam
[WARN (VERI-2418)] /home/users/cheriek/Documents/Formal_Method/final_project/ibex/rtl/ibex_tracer_pkg.sv(339): parameter 'INSN_CSLLI' declared inside package 'ibex_tracer_pkg' shall be treated as localparam
[WARN (VERI-2418)] /home/users/cheriek/Documents/Formal_Method/final_project/ibex/rtl/ibex_tracer_pkg.sv(340): parameter 'INSN_CLWSP' declared inside package 'ibex_tracer_pkg' shall be treated as localparam
[WARN (VERI-2418)] /home/users/cheriek/Documents/Formal_Method/final_project/ibex/rtl/ibex_tracer_pkg.sv(341): parameter 'INSN_SWSP' declared inside package 'ibex_tracer_pkg' shall be treated as localparam
[WARN (VERI-2418)] /home/users/cheriek/Documents/Formal_Method/final_project/ibex/rtl/ibex_tracer_pkg.sv(342): parameter 'INSN_CMV' declared inside package 'ibex_tracer_pkg' shall be treated as localparam
[WARN (VERI-2418)] /home/users/cheriek/Documents/Formal_Method/final_project/ibex/rtl/ibex_tracer_pkg.sv(343): parameter 'INSN_CADD' declared inside package 'ibex_tracer_pkg' shall be treated as localparam
[WARN (VERI-2418)] /home/users/cheriek/Documents/Formal_Method/final_project/ibex/rtl/ibex_tracer_pkg.sv(344): parameter 'INSN_CEBREAK' declared inside package 'ibex_tracer_pkg' shall be treated as localparam
[WARN (VERI-2418)] /home/users/cheriek/Documents/Formal_Method/final_project/ibex/rtl/ibex_tracer_pkg.sv(345): parameter 'INSN_CJR' declared inside package 'ibex_tracer_pkg' shall be treated as localparam
[WARN (VERI-2418)] /home/users/cheriek/Documents/Formal_Method/final_project/ibex/rtl/ibex_tracer_pkg.sv(346): parameter 'INSN_CJALR' declared inside package 'ibex_tracer_pkg' shall be treated as localparam
[WARN (VERI-2418)] /home/users/cheriek/Documents/Formal_Method/final_project/ibex/rtl/ibex_tracer_pkg.sv(348): parameter 'INSN_CMPUSH' declared inside package 'ibex_tracer_pkg' shall be treated as localparam
[WARN (VERI-2418)] /home/users/cheriek/Documents/Formal_Method/final_project/ibex/rtl/ibex_tracer_pkg.sv(349): parameter 'INSN_CMPOP' declared inside package 'ibex_tracer_pkg' shall be treated as localparam
[WARN (VERI-2418)] /home/users/cheriek/Documents/Formal_Method/final_project/ibex/rtl/ibex_tracer_pkg.sv(350): parameter 'INSN_CMPOPRETZ' declared inside package 'ibex_tracer_pkg' shall be treated as localparam
[WARN (VERI-2418)] /home/users/cheriek/Documents/Formal_Method/final_project/ibex/rtl/ibex_tracer_pkg.sv(351): parameter 'INSN_CMPOPRET' declared inside package 'ibex_tracer_pkg' shall be treated as localparam
[WARN (VERI-2418)] /home/users/cheriek/Documents/Formal_Method/final_project/ibex/rtl/ibex_tracer_pkg.sv(352): parameter 'INSN_CMMVSA01' declared inside package 'ibex_tracer_pkg' shall be treated as localparam
[WARN (VERI-2418)] /home/users/cheriek/Documents/Formal_Method/final_project/ibex/rtl/ibex_tracer_pkg.sv(353): parameter 'INSN_CMMVA01S' declared inside package 'ibex_tracer_pkg' shall be treated as localparam
[-- (VERI-1482)] Analyzing Verilog file '/home/users/cheriek/Documents/Formal_Method/final_project/ibex/rtl/ibex_alu.sv'
[-- (VERI-1482)] Analyzing Verilog file '/home/users/cheriek/Documents/Formal_Method/final_project/ibex/rtl/ibex_compressed_decoder.sv'
[INFO (VERI-1328)] /home/users/cheriek/Documents/Formal_Method/final_project/ibex/rtl/ibex_compressed_decoder.sv(14): analyzing included file '/home/users/cheriek/Documents/Formal_Method/final_project/ibex/vendor/lowrisc_ip/ip/prim/rtl/prim_assert.sv'
[INFO (VERI-1328)] /home/users/cheriek/Documents/Formal_Method/final_project/ibex/vendor/lowrisc_ip/ip/prim/rtl/prim_assert.sv(110): analyzing included file '/home/users/cheriek/Documents/Formal_Method/final_project/ibex/vendor/lowrisc_ip/ip/prim/rtl/prim_assert_standard_macros.svh'
[INFO (VERI-1328)] /home/users/cheriek/Documents/Formal_Method/final_project/ibex/vendor/lowrisc_ip/ip/prim/rtl/prim_assert.sv(187): analyzing included file '/home/users/cheriek/Documents/Formal_Method/final_project/ibex/vendor/lowrisc_ip/ip/prim/rtl/prim_assert_sec_cm.svh'
[INFO (VERI-1328)] /home/users/cheriek/Documents/Formal_Method/final_project/ibex/vendor/lowrisc_ip/ip/prim/rtl/prim_assert.sv(188): analyzing included file '/home/users/cheriek/Documents/Formal_Method/final_project/ibex/vendor/lowrisc_ip/ip/prim/rtl/prim_flop_macros.sv'
[-- (VERI-1482)] Analyzing Verilog file '/home/users/cheriek/Documents/Formal_Method/final_project/ibex/rtl/ibex_controller.sv'
[INFO (VERI-1328)] /home/users/cheriek/Documents/Formal_Method/final_project/ibex/rtl/ibex_controller.sv(10): analyzing included file '/home/users/cheriek/Documents/Formal_Method/final_project/ibex/vendor/lowrisc_ip/ip/prim/rtl/prim_assert.sv'
[INFO (VERI-1328)] /home/users/cheriek/Documents/Formal_Method/final_project/ibex/rtl/ibex_controller.sv(11): analyzing included file '/home/users/cheriek/Documents/Formal_Method/final_project/ibex/vendor/lowrisc_ip/dv/sv/dv_utils/dv_fcov_macros.svh'
[-- (VERI-1482)] Analyzing Verilog file '/home/users/cheriek/Documents/Formal_Method/final_project/ibex/rtl/ibex_counter.sv'
[-- (VERI-1482)] Analyzing Verilog file '/home/users/cheriek/Documents/Formal_Method/final_project/ibex/rtl/ibex_cs_registers.sv'
[INFO (VERI-1328)] /home/users/cheriek/Documents/Formal_Method/final_project/ibex/rtl/ibex_cs_registers.sv(10): analyzing included file '/home/users/cheriek/Documents/Formal_Method/final_project/ibex/vendor/lowrisc_ip/ip/prim/rtl/prim_assert.sv'
[-- (VERI-1482)] Analyzing Verilog file '/home/users/cheriek/Documents/Formal_Method/final_project/ibex/rtl/ibex_csr.sv'
[INFO (VERI-1328)] /home/users/cheriek/Documents/Formal_Method/final_project/ibex/rtl/ibex_csr.sv(9): analyzing included file '/home/users/cheriek/Documents/Formal_Method/final_project/ibex/vendor/lowrisc_ip/ip/prim/rtl/prim_assert.sv'
[-- (VERI-1482)] Analyzing Verilog file '/home/users/cheriek/Documents/Formal_Method/final_project/ibex/rtl/ibex_decoder.sv'
[INFO (VERI-1328)] /home/users/cheriek/Documents/Formal_Method/final_project/ibex/rtl/ibex_decoder.sv(14): analyzing included file '/home/users/cheriek/Documents/Formal_Method/final_project/ibex/vendor/lowrisc_ip/ip/prim/rtl/prim_assert.sv'
[-- (VERI-1482)] Analyzing Verilog file '/home/users/cheriek/Documents/Formal_Method/final_project/ibex/rtl/ibex_ex_block.sv'
[-- (VERI-1482)] Analyzing Verilog file '/home/users/cheriek/Documents/Formal_Method/final_project/ibex/rtl/ibex_id_stage.sv'
[INFO (VERI-1328)] /home/users/cheriek/Documents/Formal_Method/final_project/ibex/rtl/ibex_id_stage.sv(17): analyzing included file '/home/users/cheriek/Documents/Formal_Method/final_project/ibex/vendor/lowrisc_ip/ip/prim/rtl/prim_assert.sv'
[INFO (VERI-1328)] /home/users/cheriek/Documents/Formal_Method/final_project/ibex/rtl/ibex_id_stage.sv(18): analyzing included file '/home/users/cheriek/Documents/Formal_Method/final_project/ibex/vendor/lowrisc_ip/dv/sv/dv_utils/dv_fcov_macros.svh'
[-- (VERI-1482)] Analyzing Verilog file '/home/users/cheriek/Documents/Formal_Method/final_project/ibex/rtl/ibex_if_stage.sv'
[INFO (VERI-1328)] /home/users/cheriek/Documents/Formal_Method/final_project/ibex/rtl/ibex_if_stage.sv(13): analyzing included file '/home/users/cheriek/Documents/Formal_Method/final_project/ibex/vendor/lowrisc_ip/ip/prim/rtl/prim_assert.sv'
[INFO (VERI-1328)] /home/users/cheriek/Documents/Formal_Method/final_project/ibex/rtl/ibex_if_stage.sv(14): analyzing included file '/home/users/cheriek/Documents/Formal_Method/final_project/ibex/vendor/lowrisc_ip/dv/sv/dv_utils/dv_fcov_macros.svh'
[-- (VERI-1482)] Analyzing Verilog file '/home/users/cheriek/Documents/Formal_Method/final_project/ibex/rtl/ibex_load_store_unit.sv'
[INFO (VERI-1328)] /home/users/cheriek/Documents/Formal_Method/final_project/ibex/rtl/ibex_load_store_unit.sv(14): analyzing included file '/home/users/cheriek/Documents/Formal_Method/final_project/ibex/vendor/lowrisc_ip/ip/prim/rtl/prim_assert.sv'
[INFO (VERI-1328)] /home/users/cheriek/Documents/Formal_Method/final_project/ibex/rtl/ibex_load_store_unit.sv(15): analyzing included file '/home/users/cheriek/Documents/Formal_Method/final_project/ibex/vendor/lowrisc_ip/dv/sv/dv_utils/dv_fcov_macros.svh'
[-- (VERI-1482)] Analyzing Verilog file '/home/users/cheriek/Documents/Formal_Method/final_project/ibex/rtl/ibex_multdiv_fast.sv'
[INFO (VERI-1328)] /home/users/cheriek/Documents/Formal_Method/final_project/ibex/rtl/ibex_multdiv_fast.sv(15): analyzing included file '/home/users/cheriek/Documents/Formal_Method/final_project/ibex/vendor/lowrisc_ip/ip/prim/rtl/prim_assert.sv'
[-- (VERI-1482)] Analyzing Verilog file '/home/users/cheriek/Documents/Formal_Method/final_project/ibex/rtl/ibex_multdiv_slow.sv'
[INFO (VERI-1328)] /home/users/cheriek/Documents/Formal_Method/final_project/ibex/rtl/ibex_multdiv_slow.sv(12): analyzing included file '/home/users/cheriek/Documents/Formal_Method/final_project/ibex/vendor/lowrisc_ip/ip/prim/rtl/prim_assert.sv'
[-- (VERI-1482)] Analyzing Verilog file './synthlc/i_DIV_out/xEnumCycleCnt/mult_fsm_s1_top.sv'
[INFO (VERI-1328)] ./synthlc/i_DIV_out/xEnumCycleCnt/mult_fsm_s1_top.sv(10): analyzing included file '/home/users/cheriek/Documents/Formal_Method/final_project/ibex/vendor/lowrisc_ip/ip/prim/rtl/prim_assert.sv'
[WARN (VERI-1763)] ./synthlc/i_DIV_out/xEnumCycleCnt/mult_fsm_s1_top.sv(739): SVA directive is not sensitive to any clock. The directive will be sampled on the posedge of the fastest clock.
[WARN (VERI-1763)] ./synthlc/i_DIV_out/xEnumCycleCnt/mult_fsm_s1_top.sv(740): SVA directive is not sensitive to any clock. The directive will be sampled on the posedge of the fastest clock.
[WARN (VERI-1763)] ./synthlc/i_DIV_out/xEnumCycleCnt/mult_fsm_s1_top.sv(741): SVA directive is not sensitive to any clock. The directive will be sampled on the posedge of the fastest clock.
[WARN (VERI-1763)] ./synthlc/i_DIV_out/xEnumCycleCnt/mult_fsm_s1_top.sv(742): SVA directive is not sensitive to any clock. The directive will be sampled on the posedge of the fastest clock.
[-- (VERI-1482)] Analyzing Verilog file '/home/users/cheriek/Documents/Formal_Method/final_project/ibex/rtl/ibex_prefetch_buffer.sv'
[-- (VERI-1482)] Analyzing Verilog file '/home/users/cheriek/Documents/Formal_Method/final_project/ibex/rtl/ibex_fetch_fifo.sv'
[INFO (VERI-1328)] /home/users/cheriek/Documents/Formal_Method/final_project/ibex/rtl/ibex_fetch_fifo.sv(13): analyzing included file '/home/users/cheriek/Documents/Formal_Method/final_project/ibex/vendor/lowrisc_ip/ip/prim/rtl/prim_assert.sv'
[-- (VERI-1482)] Analyzing Verilog file '/home/users/cheriek/Documents/Formal_Method/final_project/ibex/rtl/ibex_register_file_ff.sv'
[-- (VERI-1482)] Analyzing Verilog file '/home/users/cheriek/Documents/Formal_Method/final_project/ibex/rtl/ibex_pmp.sv'
[INFO (VERI-1328)] /home/users/cheriek/Documents/Formal_Method/final_project/ibex/rtl/ibex_pmp.sv(5): analyzing included file '/home/users/cheriek/Documents/Formal_Method/final_project/ibex/vendor/lowrisc_ip/dv/sv/dv_utils/dv_fcov_macros.svh'
[-- (VERI-1482)] Analyzing Verilog file '/home/users/cheriek/Documents/Formal_Method/final_project/ibex/rtl/ibex_wb_stage.sv'
[INFO (VERI-1328)] /home/users/cheriek/Documents/Formal_Method/final_project/ibex/rtl/ibex_wb_stage.sv(14): analyzing included file '/home/users/cheriek/Documents/Formal_Method/final_project/ibex/vendor/lowrisc_ip/ip/prim/rtl/prim_assert.sv'
[INFO (VERI-1328)] /home/users/cheriek/Documents/Formal_Method/final_project/ibex/rtl/ibex_wb_stage.sv(15): analyzing included file '/home/users/cheriek/Documents/Formal_Method/final_project/ibex/vendor/lowrisc_ip/dv/sv/dv_utils/dv_fcov_macros.svh'
[-- (VERI-1482)] Analyzing Verilog file '/home/users/cheriek/Documents/Formal_Method/final_project/ibex/rtl/ibex_dummy_instr.sv'
[-- (VERI-1482)] Analyzing Verilog file '/home/users/cheriek/Documents/Formal_Method/final_project/ibex/rtl/ibex_branch_predict.sv'
[INFO (VERI-1328)] /home/users/cheriek/Documents/Formal_Method/final_project/ibex/rtl/ibex_branch_predict.sv(18): analyzing included file '/home/users/cheriek/Documents/Formal_Method/final_project/ibex/vendor/lowrisc_ip/ip/prim/rtl/prim_assert.sv'
[-- (VERI-1482)] Analyzing Verilog file '/home/users/cheriek/Documents/Formal_Method/final_project/ibex/rtl/ibex_core.sv'
[INFO (VERI-1328)] /home/users/cheriek/Documents/Formal_Method/final_project/ibex/rtl/ibex_core.sv(10): analyzing included file '/home/users/cheriek/Documents/Formal_Method/final_project/ibex/vendor/lowrisc_ip/ip/prim/rtl/prim_assert.sv'
[INFO (VERI-1328)] /home/users/cheriek/Documents/Formal_Method/final_project/ibex/rtl/ibex_core.sv(11): analyzing included file '/home/users/cheriek/Documents/Formal_Method/final_project/ibex/vendor/lowrisc_ip/dv/sv/dv_utils/dv_fcov_macros.svh'
[-- (VERI-1482)] Analyzing Verilog file '/home/users/cheriek/Documents/Formal_Method/final_project/ibex/vendor/lowrisc_ip/ip/prim/rtl/prim_assert.sv'
% 
% if {$REACH == 1} {
    puts "test bboxing mfpt" 
    #elaborate -bbox_m  {miss_prediction_fix_table} -bbox_m {reorderbuf}
    #elaborate
    source reach_collect.tcl
}
% if {$FPV == 1} {
    puts "fpv" 
    # Elaborates
    #elaborate -bbox_m {wt_cache_subsystem} -bbox_m {ibex_if_stage}
    #puts "multiplier no-bbox"
    elaborate -top ibex_fv -bbox_m {ibex_if_stage} -bbox_m {prim_lfsr}
    #elaborate -bbox_m {ibex_if_stage}
    #stopat -env {issue_stage_i.i_scoreboard.mem_n[0].sbe.is_compressed}  
    #elaborate


    # Initialization
    # Clock specification
    clock clk_i
    # -both_edges: ridecore 
    reset !rst_ni
    set_proofgrid_per_engine_max_jobs 10
    set_proofgrid_max_jobs 30


    #SOURCE_TCL
    # assume -enable {.*ASSUME_W_R} -regexp
    # assume -disable {.*ASSUME_R_W} -regexp

    task -create mytask -copy_assumes   -regexp
    task -set mytask

    if { $CUSTOMTCL == 1 } {
        puts "=========CUSTOMTCL========="

        source ./synthlc/i_DIV_out/xEnumCycleCnt/out/mult_fsm_s1.tcl
        
        puts "=========EXIT CUSTOMTCL========="
        exit
        
    } 
    
    puts "=============================================================="
    puts "CHECK ASSUMPTION...."
    puts "=============================================================="
    set CA 0
    set CA 1
    #
    set_prove_time_limit 15m
    #SETPROVETIME
    set_prove_per_property_time_limit 5m 

    set ls [get_property_list -task mytask -include {type {assert cover} }]
    if { [llength $ls] > 10 } { 
        set_prove_time_limit 25m 
        puts "PROVEN TIME 25min" }  

    if { $CA == 1 } { 
        #set_prove_time_limit 10m
        set CONFLICT [check_assumptions -task mytask -conflict]
        puts "=============================================================="
        puts "CHECK ASSUMPTION CONFLICT result? $CONFLICT"
        puts "=============================================================="
    }  else {
        puts "AUTOPROVE:" 
        #set_prove_time_limit 1h
        #set_prove_per_property_time_limit 1h
        puts "=================================================="
        puts " PROVE TIME LIMIT"
        puts [get_prove_time_limit]     
        #puts [get_prove_per_property_time_limit]
        puts "=================================================="
        set_engine_mode {K C Tri I N AD AM Hp B}

        prove -task mytask
        #prove -all
    }
    
    puts "END"
    report -task mytask -csv -results -file "./synthlc/i_DIV_out/xEnumCycleCnt/mult_fsm_s1.csv" -force
    exit
}
fpv
INFO (ISW003): Top module name is "ibex_fv".
[INFO (VERI-1018)] /home/users/cheriek/Documents/Formal_Method/final_project/ibex/rtl/ibex_register_file_ff.sv(13): compiling module 'ibex_register_file_ff:(DataWidth=32'b0100000,WordZeroVal=32'b0)'
[INFO (VERI-1018)] /home/users/cheriek/Documents/Formal_Method/final_project/ibex/rtl/ibex_if_stage.sv(16): compiling module 'ibex_if_stage:(RV32ZC=RV32ZcaZcbZcmp,BusSizeECC=32'b0100000,TagSizeECC=32'b010110,LineSizeECC=32'b01000000,RndCnstLfsrSeed=32'b10101100010100110011101111110100,RndCnstLfsrPerm=160'b01111000110101111011001011101001000110011111111101000110110001001011101001010110000001010100101100000001001111101001000011100001111000101010001101101011101101,MemDataWidth=32'b0100000)'
[INFO (VERI-1018)] /home/users/cheriek/Documents/Formal_Method/final_project/ibex/rtl/ibex_decoder.sv(16): compiling module 'ibex_decoder:(RV32E=1'b0,RV32M=RV32MFast,RV32B=RV32BNone,BranchTargetALU=1'b0)'
[WARN (VERI-1796)] /home/users/cheriek/Documents/Formal_Method/final_project/ibex/rtl/ibex_decoder.sv(1211): system function call isunknown with non-constant argument is not supported for synthesis
[INFO (VERI-1018)] /home/users/cheriek/Documents/Formal_Method/final_project/ibex/rtl/ibex_controller.sv(13): compiling module 'ibex_controller:(WritebackStage=1'b1)'
[INFO (VERI-1018)] /home/users/cheriek/Documents/Formal_Method/final_project/ibex/rtl/ibex_id_stage.sv(20): compiling module 'ibex_id_stage:(RV32E=1'b0,RV32M=RV32MFast,RV32B=RV32BNone,BranchTargetALU=1'b0,WritebackStage=1'b1,BranchPredictor=1'b0)'
[WARN (VERI-1796)] /home/users/cheriek/Documents/Formal_Method/final_project/ibex/rtl/ibex_id_stage.sv(1106): system function call isunknown with non-constant argument is not supported for synthesis
[WARN (VERI-1796)] /home/users/cheriek/Documents/Formal_Method/final_project/ibex/rtl/ibex_id_stage.sv(1112): system function call isunknown with non-constant argument is not supported for synthesis
[WARN (VERI-1796)] /home/users/cheriek/Documents/Formal_Method/final_project/ibex/rtl/ibex_id_stage.sv(1116): system function call isunknown with non-constant argument is not supported for synthesis
[WARN (VERI-1796)] /home/users/cheriek/Documents/Formal_Method/final_project/ibex/rtl/ibex_id_stage.sv(1125): system function call isunknown with non-constant argument is not supported for synthesis
[WARN (VERI-1796)] /home/users/cheriek/Documents/Formal_Method/final_project/ibex/rtl/ibex_id_stage.sv(1128): system function call isunknown with non-constant argument is not supported for synthesis
[WARN (VERI-1796)] /home/users/cheriek/Documents/Formal_Method/final_project/ibex/rtl/ibex_id_stage.sv(1132): system function call isunknown with non-constant argument is not supported for synthesis
[WARN (VERI-1796)] /home/users/cheriek/Documents/Formal_Method/final_project/ibex/rtl/ibex_id_stage.sv(1136): system function call isunknown with non-constant argument is not supported for synthesis
[INFO (VERI-1018)] /home/users/cheriek/Documents/Formal_Method/final_project/ibex/rtl/ibex_alu.sv(9): compiling module 'ibex_alu:(RV32B=RV32BNone)'
[WARN (VERI-1209)] /home/users/cheriek/Documents/Formal_Method/final_project/ibex/rtl/ibex_alu.sv(280): expression size 32 truncated to fit in target size 6
[INFO (VERI-1018)] /home/users/cheriek/Documents/Formal_Method/final_project/ibex/rtl/ibex_multdiv_fast.sv(17): compiling module 'ibex_multdiv_fast:(RV32M=RV32MFast)'
[WARN (VERI-1796)] /home/users/cheriek/Documents/Formal_Method/final_project/ibex/rtl/ibex_multdiv_fast.sv(117): system function call isunknown with non-constant argument is not supported for synthesis
[WARN (VERI-1796)] /home/users/cheriek/Documents/Formal_Method/final_project/ibex/rtl/ibex_multdiv_fast.sv(118): system function call isunknown with non-constant argument is not supported for synthesis
[WARN (VERI-1796)] /home/users/cheriek/Documents/Formal_Method/final_project/ibex/rtl/ibex_multdiv_fast.sv(119): system function call isunknown with non-constant argument is not supported for synthesis
[WARN (VERI-1796)] /home/users/cheriek/Documents/Formal_Method/final_project/ibex/rtl/ibex_multdiv_fast.sv(378): system function call isunknown with non-constant argument is not supported for synthesis
[INFO (VERI-1018)] /home/users/cheriek/Documents/Formal_Method/final_project/ibex/rtl/ibex_ex_block.sv(11): compiling module 'ibex_ex_block:(RV32M=RV32MFast,RV32B=RV32BNone,BranchTargetALU=1'b0)'
[INFO (VERI-1018)] /home/users/cheriek/Documents/Formal_Method/final_project/ibex/rtl/ibex_load_store_unit.sv(17): compiling module 'ibex_load_store_unit:(MemDataWidth=32'b0100000)'
[WARN (VERI-1796)] /home/users/cheriek/Documents/Formal_Method/final_project/ibex/rtl/ibex_load_store_unit.sv(610): system function call isunknown with non-constant argument is not supported for synthesis
[WARN (VERI-1796)] /home/users/cheriek/Documents/Formal_Method/final_project/ibex/rtl/ibex_load_store_unit.sv(611): system function call isunknown with non-constant argument is not supported for synthesis
[WARN (VERI-1796)] /home/users/cheriek/Documents/Formal_Method/final_project/ibex/rtl/ibex_load_store_unit.sv(612): system function call isunknown with non-constant argument is not supported for synthesis
[WARN (VERI-1796)] /home/users/cheriek/Documents/Formal_Method/final_project/ibex/rtl/ibex_load_store_unit.sv(613): system function call isunknown with non-constant argument is not supported for synthesis
[WARN (VERI-1796)] /home/users/cheriek/Documents/Formal_Method/final_project/ibex/rtl/ibex_load_store_unit.sv(619): system function call isunknown with non-constant argument is not supported for synthesis
[INFO (VERI-1018)] /home/users/cheriek/Documents/Formal_Method/final_project/ibex/rtl/ibex_wb_stage.sv(17): compiling module 'ibex_wb_stage:(WritebackStage=1'b1)'
[INFO (VERI-1018)] /home/users/cheriek/Documents/Formal_Method/final_project/ibex/rtl/ibex_csr.sv(11): compiling module 'ibex_csr:(Width=32'b0110,ResetValue=6'b010000)'
[WARN (VERI-1796)] /home/users/cheriek/Documents/Formal_Method/final_project/ibex/rtl/ibex_csr.sv(55): system function call isunknown with non-constant argument is not supported for synthesis
[INFO (VERI-1018)] /home/users/cheriek/Documents/Formal_Method/final_project/ibex/rtl/ibex_csr.sv(11): compiling module 'ibex_csr:(ResetValue=32'b0)'
[INFO (VERI-1018)] /home/users/cheriek/Documents/Formal_Method/final_project/ibex/rtl/ibex_csr.sv(11): compiling module 'ibex_csr:(Width=32'b010010,ResetValue=18'b0)'
[INFO (VERI-1018)] /home/users/cheriek/Documents/Formal_Method/final_project/ibex/rtl/ibex_csr.sv(11): compiling module 'ibex_csr:(Width=32'b0111,ResetValue=7'b0)'
[INFO (VERI-1018)] /home/users/cheriek/Documents/Formal_Method/final_project/ibex/rtl/ibex_csr.sv(11): compiling module 'ibex_csr:(ResetValue=32'b01)'
[INFO (VERI-1018)] /home/users/cheriek/Documents/Formal_Method/final_project/ibex/rtl/ibex_csr.sv(11): compiling module 'ibex_csr:(Width=32'b0100000,ResetValue=32'b01000000000000000000000000000011)'
[INFO (VERI-1018)] /home/users/cheriek/Documents/Formal_Method/final_project/ibex/rtl/ibex_csr.sv(11): compiling module 'ibex_csr:(Width=32'b011,ResetValue=3'b100)'
[INFO (VERI-1018)] /home/users/cheriek/Documents/Formal_Method/final_project/ibex/rtl/ibex_counter.sv(5): compiling module 'ibex_counter:(CounterWidth=64)'
[INFO (VERI-1018)] /home/users/cheriek/Documents/Formal_Method/final_project/ibex/rtl/ibex_counter.sv(5): compiling module 'ibex_counter:(CounterWidth=64,ProvideValUpd=1'b1)'
[INFO (VERI-1018)] /home/users/cheriek/Documents/Formal_Method/final_project/ibex/rtl/ibex_csr.sv(11): compiling module 'ibex_csr:(Width=32'b01000,ResetValue=8'b0)'
[INFO (VERI-1018)] /home/users/cheriek/Documents/Formal_Method/final_project/ibex/rtl/ibex_cs_registers.sv(12): compiling module 'ibex_cs_registers:(DbgTriggerEn=1'b0,DbgHwBreakNum=32'b01,MHPMCounterNum=32'b0,MHPMCounterWidth=32'b0101000,PMPEnable=1'b0,PMPGranularity=32'b0,PMPNumRegions=32'b0100,PMPRstCfg='{'{1'b0,PMP_MODE_OFF,1'b0,1'b0,1'b0},'{1'b0,PMP_MODE_OFF,1'b0,1'b0,1'b0},'{1'b0,PMP_MODE_OFF,1'b0,1'b0,1'b0},'{1'b0,PMP_MODE_OFF,1'b0,1'b0,1'b0},'{1'b0,PMP_MODE_OFF,1'b0,1'b0,1'b0},'{1'b0,PMP_MODE_OFF,1'b0,1'b0,1'b0},'{1'b0,PMP_MODE_OFF,1'b0,1'b0,1'b0},'{1'b0,PMP_MODE_OFF,1'b0,1'b0,1'b0},'{1'b0,PMP_MODE_OFF,1'b0,1'b0,1'b0},'{1'b0,PMP_MODE_OFF,1'b0,1'b0,1'b0},'{1'b0,PMP_MODE_OFF,1'b0,1'b0,1'b0},'{1'b0,PMP_MODE_OFF,1'b0,1'b0,1'b0},'{1'b0,PMP_MODE_OFF,1'b0,1'b0,1'b0},'{1'b0,PMP_MODE_OFF,1'b0,1'b0,1'b0},'{1'b0,PMP_MODE_OFF,1'b0,1'b0,1'b0},'{1'b0,PMP_MODE_OFF,1'b0,1'b0,1'b0}},PMPRstAddr='{34'b0,34'b0,34'b0,34'b0,34'b0,34'b0,34'b0,34'b0,34'b0,34'b0,34'b0,34'b0,34'b0,34'b0,34'b0,34'b0},PMPRstMsecCfg='{1'b0,1'b0,1'b0},RV32E=1'b0,RV32M=RV32MFast,RV32B=RV32BNone)'
[INFO (VERI-1018)] /home/users/cheriek/Documents/Formal_Method/final_project/ibex/rtl/ibex_core.sv(16): compiling module 'ibex_core:(RV32M=RV32MFast,RV32B=RV32BNone,WritebackStage=1'b1)'
[WARN (VERI-1060)] /home/users/cheriek/Documents/Formal_Method/final_project/ibex/rtl/ibex_core.sv(531): 'initial' construct is ignored
[WARN (VERI-1060)] /home/users/cheriek/Documents/Formal_Method/final_project/ibex/rtl/ibex_core.sv(532): 'initial' construct is ignored
[WARN (VERI-1060)] /home/users/cheriek/Documents/Formal_Method/final_project/ibex/rtl/ibex_core.sv(1945): 'initial' construct is ignored
[WARN (VERI-1796)] /home/users/cheriek/Documents/Formal_Method/final_project/ibex/rtl/ibex_core.sv(1172): system function call isunknown with non-constant argument is not supported for synthesis
[INFO (VERI-1018)] ./synthlc/i_DIV_out/xEnumCycleCnt/mult_fsm_s1_top.sv(12): compiling module 'ibex_fv'
[WARN (VERI-1060)] ./synthlc/i_DIV_out/xEnumCycleCnt/mult_fsm_s1_top.sv(499): 'initial' construct is ignored
[WARN (VDB-1002)] ./synthlc/i_DIV_out/xEnumCycleCnt/mult_fsm_s1_top.sv(81): net 'data_rdata_i[31]' does not have a driver
[WARN (VDB-1002)] ./synthlc/i_DIV_out/xEnumCycleCnt/mult_fsm_s1_top.sv(444): net 'pc0[31]' does not have a driver
[WARN (VDB-1002)] ./synthlc/i_DIV_out/xEnumCycleCnt/mult_fsm_s1_top.sv(448): net 'i0[31]' does not have a driver
WARNING (WNL008): Module "ibex_if_stage" is blackboxed due to analyze/elaborate bbox_m or compilation configuration. All instances will be blackboxed.
INFO (INL208): Elaboration synthesis summary:
  Number of synthesized netlists          24 (1 packages)
  Single run mode                         On
  Pipeline                                On (22 pipelined netlists)
  Late hierarchical reference connection  On
  Number of analyzed Verilog modules      24 (16 synthesized)
  Number of analyzed VHDL entities        0 (0 synthesized)
WARNING (VDB-1002): /home/users/cheriek/Documents/Formal_Method/final_project/ibex/rtl/ibex_if_stage.sv(87): net 'pc_id_o' does not have a driver
WARNING (WNL018): /home/users/cheriek/Documents/Formal_Method/final_project/ibex/rtl/ibex_multdiv_fast.sv(278): multiplication operator mult_17s_17s (size 34) automatically black boxed.
    Use the "elaborate -bbox_mul" command to prevent automatic black-boxing.
INFO (INL003): Clearing all state information (assumes, stopats, and so forth).
INFO (IPM031): Clearing proof results of all properties.
INFO (IRS006): Current reset condition is "rst_ni".
WARNING (WPM025): Property "ibex_fv.EVENTUAL_ISSUE:precondition1", a related cover of "ibex_fv.EVENTUAL_ISSUE", was not copied to the new task.
WARNING (WPM025): Property "ibex_fv.EXE_IUV:precondition1", a related cover of "ibex_fv.EXE_IUV", was not copied to the new task.
WARNING (WPM025): Property "ibex_fv.IF_ID_CONTRACT:precondition1", a related cover of "ibex_fv.IF_ID_CONTRACT", was not copied to the new task.
WARNING (WPM025): Property "ibex_fv.ISSUE_ONCE:precondition1", a related cover of "ibex_fv.ISSUE_ONCE", was not copied to the new task.
WARNING (WPM025): Property "ibex_fv.VALID_INSTN:precondition1", a related cover of "ibex_fv.VALID_INSTN", was not copied to the new task.
WARNING (WPM025): Property "ibex_fv.pc0_i0_assoc:precondition1", a related cover of "ibex_fv.pc0_i0_assoc", was not copied to the new task.
=========CUSTOMTCL=========
cover -name CS_mult_fsm_s1_1 {@(posedge clk_i) !mult_fsm_s1 ##1 mult_fsm_s1 [*1] ##1 !mult_fsm_s1 }
Ncustom1: Custom engine code is hT3Ng7hPPfiYQOTDZ3qhYOwGAM51eA+J/FjkM5shLioAsqhgLR4Ft+O1BuKG6ilQ83B9tLXSl+CwjiTMAQA
Bcustom2: Custom engine code is hT3Nm7hPr1Vp3Di1Ra2USNIGL4JypRnLKLAdF6JAyuavO2JfGCiY9OZJhcAcOUnLx5xwNdhILGrAWX9s+z2WDkKwNR7tAfClBEjRFVQeq6DU54boFgEA
AMcustom3: Custom engine code is hT3Ng7hP/feYQOTDZ3qhYOwGAM51eA+J/FjkM5shLioAsqhgLR4Ft+O1BuKG6ilQ83B9tLXSmmqwm7g9AQA
Mpcustom4: Custom engine code is hT3NZbhP9fmY2AbBQnsjfOxn6c+6e6yL+/e8fZFmaQrnlgEA
INFO (IPF036): Starting proof on task: "mytask", 1 properties to prove with 0 already proven/unreachable
INFO (IRS029): Starting reset analysis: phase 1 of 4.
INFO (IRS030): Running reset analysis: phase 2 of 4.
INFO (IRS031): Running reset analysis: phase 3 of 4.
INFO (IRS020): Starting the reset analysis simulation with a limit of 100 iterations (phase 4 of 4).
INFO (IRS024): Reset iterations 0 to 4 analyzed.
INFO (IRS018): Reset analysis simulation executed for 3 iterations. Assigned values for 1832 of 1906 design flops, 0 of 0 design latches, 167 of 298 internal elements.
INFO (IRS039): Reset analysis complete.
INFO (IPF031): Settings used for proof thread 0:
    orchestration                 = on (auto)
    time_limit                    = 600s
    per_property_time_limit       = 1s * 10 ^ scan
    engine_mode                   = auto
    proofgrid_per_engine_max_jobs = 1
    max engine jobs               = auto
    proofgrid_mode                = local
    proofgrid_restarts            = 10
AMcustom5: Custom engine code is hT3N1rhP11/52HrFRS21ROp2LOjVTgPvT8L8BGXHgLhaIuqtT4nARFjUqrBL+7pLmaTOzBepZW/Jm8SSrHDybSQtoNiO3y43wk+dEoWlsZizu97Fih6O6lPVG/LpWP5SsUPwlGagLNa1FKEFvwVXyX7//8prySbvSxIHXr5er+z4RAEA
Ncustom6: Custom engine code is hT3OXrhPByJp3TrFSTLhUmMH4KVtJgmTCnNDF46yMXOKY48m4LS5nE7yBzFjA7kDuwO/GhGUpEPiky3p3wmPn3dJZHxFMsafSoObRzSC+tn7sEY0WbTdZ/FV4hL3MYH/b1CIUvXSWR4wqEoVLsmMOD4xIPT4lI1LO6ZCO7PnnWQuLwetnvKlrXx6wCW/A+x+enqslg1YPobi4wEF/EvbzOvcTYdJvl2s4H2yZg2b2ofAVN5WvhWk1HoBAA
ADcustom7: Custom engine code is hT3Nv7hPv1752HrFRa2kROx2f/ECJeZB2AZsLdlO8VwmIuqtT4nIDFXclhg+O+o+DMmQCekbheGk0kK28laA9gaOFDXsQp29J3X615HY1IPHJWd6FUFvCHjO+p1k652b5JJvZlShNpGlGSXAiQe/mEAj6tEBAA
Tricustom8: Custom engine code is hT3Nu7hPt1752DvFRa0kNDiyIV97VyejwM9C/jCLJjdPvusZONHY42VYUy0Q1ZotnhcVtNc56tJ5wbxv6V2+XpdsaSlHck5vfnbYjdwj1OECy9U+7oSQ0SZE3g5ayD+Phuh4odCJTjeKa2k4elM9ldQfkAEA
Gcustom9: Custom engine code is hT3NibhPDfeYQADBZnYcglOvK9Pfd7EOeniIqP8jNsyIqInncipMGcUXqAadachREE9F2PwhBUZUNw5kHnd4JdXkamORRgEA
C2custom10: Custom engine code is hT3NirhPjfWYQADBZnYcglOvK9Pfd7EOeniIqP8jNsyIqInncgkrYMMXCYbdK0dUjZIF9d4cJ0rHoBDjwVLBKuG86XYVV00BAA
AGcustom11: Custom engine code is hT3NirhP/fmYQADBZnYcglOvK9Pfd7EOeniIqP8jNsyIqInnckcwYMMXCYbdK0dUjZIF9d4cJ0rHoBDjwVLBKuHEZnZByh0BAA
Bcustom12: Custom engine code is hT3NjrhPDfiYQADBZnYcglOvK9PfWxFtenjIyBqfrgr7if/jL/yPOuK1BAflEcW0DxNH2eDIoezN2gxlQFg81RZtiWXh7aiTAidvAQA
Ncustom13: Custom engine code is hT3NR7hPByFp3TrFSTLhUmMH4KWtJglTyV/c51BHEeZWamnJv767nE6PCak26bd3gf3XGN3rIRheufhDieCJQVISo+gNYUKhiUedBKGtsP/a18svAnlMJZudHxDFwK5ufsyoxsIyiAeSY2oi3tEuoDHr5gw42DFKAG3PqO3CEsl8Azzdt3pl5nGA1Ifv2H02eYsFzWb/nfp8PMb3F0krE/EgBcm8TD9Div8BAA
Tricustom14: Custom engine code is hT3Nu7hP3fiYQADBZnYcglNHp9bfd7EOeniIqP/ji8sGLQu8yhsFO+wxJ+O+R0bU8g/IewXFomyos+viQnWc2xYNYmMqpo3i40O7DaZR7qfp4YqNx26KRvQ/qx0BAA
0: Using multistage preprocessing
0: Starting reduce
0: Finished reduce in 0.078s
0.0.PRE: Performing Proof Simplification...
0.0.N: clocks: 1, declared: 1, looping: 0, posedge: 1, negedge: 0, noedge: 0, bothedge: 0
0.0.N: Proof Simplification Iteration 1	[0.00 s]
0.0.N: Proof Simplification Iteration 2	[0.06 s]
0.0.N: Proof Simplification Iteration 3	[0.09 s]
0.0.N: Proof Simplification Iteration 4	[0.12 s]
0.0.N: Proof Simplification Iteration 5	[0.16 s]
0.0.N: Proof Simplification Iteration 6	[0.20 s]
0.0.N: Proof Simplification Iteration 7	[0.23 s]
0.0.N: Proof Simplification Iteration 8	[0.26 s]
0.0.N: Proof Simplification Iteration 9	[0.29 s]
0.0.N: Proof Simplification Iteration 10	[0.33 s]
0.0.PRE: Proof Simplification completed in 0.43 s
0: About to start ProofGrid in its own thread with a limit of 10000 pending notifications and a limit of 10 traces.
0: =============================== ProofGrid start ===============================
0: ProofGrid usable level: 1
0: Initial ProofGrid level: 1
0: ProofGrid is starting event handling
0.0.Hp: caddy12.stanford.edu: "Rocky Linux 8.10 (Green Obsidian)" is an unsupported operating system.
0.0.N: caddy12.stanford.edu: "Rocky Linux 8.10 (Green Obsidian)" is an unsupported operating system.
0.0.N: Proofgrid shell started at 2321190@caddy12.stanford.edu(local) jg_2320910_caddy12.stanford.edu_1
0.0.Hp: Proofgrid shell started at 2321191@caddy12.stanford.edu(local) jg_2320910_caddy12.stanford.edu_1
0.0.Ht: caddy12.stanford.edu: "Rocky Linux 8.10 (Green Obsidian)" is an unsupported operating system.
0.0.N: clocks: 1, declared: 1, looping: 0, posedge: 1, negedge: 0, noedge: 0, bothedge: 0
0.0.Hp: clocks: 1, declared: 1, looping: 0, posedge: 1, negedge: 0, noedge: 0, bothedge: 0
0.0.N: Last scan. Per property time limit: 0s
0.0.N: Starting proof for property "CS_mult_fsm_s1_1"	[0.00 s].
0.0.N: Trace Attempt  1	[0.03 s]
0.0.N: Trace Attempt  2	[0.04 s]
0.0.N: Trace Attempt  3	[0.04 s]
0.0.N: Trace Attempt  3	[0.12 s]
0.0.N: Trace Attempt  4	[0.15 s]
0.0.N: Trace Attempt  5	[0.15 s]
0.0.N: Trace Attempt  5	[0.23 s]
0.0.Mpcustom4: caddy12.stanford.edu: "Rocky Linux 8.10 (Green Obsidian)" is an unsupported operating system.
0.0.Ht: Proofgrid shell started at 2321218@caddy12.stanford.edu(local) jg_2320910_caddy12.stanford.edu_1
0.0.Oh: caddy12.stanford.edu: "Rocky Linux 8.10 (Green Obsidian)" is an unsupported operating system.
0.0.Ht: clocks: 1, declared: 1, looping: 0, posedge: 1, negedge: 0, noedge: 0, bothedge: 0
0.0.B: caddy12.stanford.edu: "Rocky Linux 8.10 (Green Obsidian)" is an unsupported operating system.
0.0.AM: caddy12.stanford.edu: "Rocky Linux 8.10 (Green Obsidian)" is an unsupported operating system.
0.0.Ht: Trace Attempt  1	[0.07 s]
0.0.Ht: Trace Attempt  2	[0.07 s]
0.0.Ht: Trace Attempt  3	[0.08 s]
0.0.Ht: Trace Attempt  4	[0.13 s]
0.0.Ht: Trace Attempt  5	[0.14 s]
0.0.Mpcustom4: Proofgrid shell started at 2321240@caddy12.stanford.edu(local) jg_2320910_caddy12.stanford.edu_1
0.0.Mpcustom4: clocks: 1, declared: 1, looping: 0, posedge: 1, negedge: 0, noedge: 0, bothedge: 0
0.0.Oh: Proofgrid shell started at 2321242@caddy12.stanford.edu(local) jg_2320910_caddy12.stanford.edu_1
0.0.Oh: clocks: 1, declared: 1, looping: 0, posedge: 1, negedge: 0, noedge: 0, bothedge: 0
0.0.B: Proofgrid shell started at 2321244@caddy12.stanford.edu(local) jg_2320910_caddy12.stanford.edu_1
0.0.Mpcustom4: Trace Attempt  1	[0.07 s]
0.0.AM: Proofgrid shell started at 2321249@caddy12.stanford.edu(local) jg_2320910_caddy12.stanford.edu_1
0.0.B: clocks: 1, declared: 1, looping: 0, posedge: 1, negedge: 0, noedge: 0, bothedge: 0
0.0.Mpcustom4: Trace Attempt  2	[0.11 s]
0.0.B: Last scan. Per property time limit: 0s
0.0.B: Starting proof for property "CS_mult_fsm_s1_1"	[0.00 s].
0.0.B: Trace Attempt  1	[0.01 s]
0.0.AM: clocks: 1, declared: 1, looping: 0, posedge: 1, negedge: 0, noedge: 0, bothedge: 0
0.0.B: Trace Attempt  2	[0.03 s]
0.0.AM: Last scan. Per property time limit: 0s
0.0.AM: Starting proof for property "CS_mult_fsm_s1_1"	[0.00 s].
0.0.B: Trace Attempt  3	[0.05 s]
0.0.AM: Trace Attempt  1	[0.01 s]
0.0.B: Trace Attempt  4	[0.07 s]
0.0.B: Trace Attempt  5	[0.11 s]
0.0.AM: Trace Attempt  2	[0.10 s]
0.0.AM: Trace Attempt  3	[0.17 s]
0.0.AM: Trace Attempt  4	[0.23 s]
0.0.Oh: bwd trail(1): 1 0.110732s
0.0.Oh: All properties either determined or skipped. [0.34 s]
0.0.Oh: Exited with Success (@ 0.97 s)
0.0.Oh: Completed, Restart ignored.
0.0.N: Requesting engine job to stop
0.0.B: Requesting engine job to stop
0.0.AM: Requesting engine job to stop
0.0.Hp: Requesting engine job to terminate
0.0.Ht: Requesting engine job to terminate
0.0.Mpcustom4: Requesting engine job to terminate
INFO (IPF144): 0: Initiating shutdown of proof [0.99 s]
0.0.N: Trace Attempt  8	[0.76 s]
0.0.N: A trace with 8 cycles was found. [0.92 s]
INFO (IPF047): 0.0.N: The cover property "CS_mult_fsm_s1_1" was covered in 8 cycles in 1.26 s.
0.0.N: Stopped processing property "CS_mult_fsm_s1_1"	[1.30 s].
0.0.Ht: Interrupted (multi)
0.0.Ht: Trace Attempt  8	[0.31 s]
0.0.Ht: All properties determined. [0.62 s]
0.0.N: All properties determined. [0.93 s]
0.0.N: Exited with Success (@ 1.00 s)
0: ProofGrid usable level: 0
0.0.Hp: Interrupted (multi)
0.0.Hp: All properties determined. [0.96 s]
0.0.B: Trace Attempt  7	[0.25 s]
0.0.B: Stopped processing property "CS_mult_fsm_s1_1"	[0.69 s].
0.0.B: All properties determined. [0.31 s]
0.0.B: Exited with Success (@ 1.02 s)
0.0.AM: Stopped processing property "CS_mult_fsm_s1_1"	[0.68 s].
0.0.AM: All properties determined. [0.29 s]
0.0.AM: Exited with Success (@ 1.03 s)
0.0.Ht: Exited with Success (@ 1.04 s)
0.0.Hp: Exited with Success (@ 1.09 s)
0.0.Mpcustom4: All properties determined. [0.61 s]
0.0.Mpcustom4: Exited with Success (@ 1.21 s)
0: --------------------------------------------------------------
ProofGrid Summary (utilization 48.62 %)
--------------------------------------------------------------
     engines started                               :     7
     engine jobs started                           :     7

    Average time in state (seconds)
    ------------------------------------------------------
    Engine  Pending     Running        Dead    Utilization
    ------------------------------------------------------
      N        0.59        0.95        0.00       61.81 %
     Hp        0.56        0.93        0.00       62.63 %
     Ht        0.61        0.62        0.00       50.39 %
    Mpcustom4        0.57        0.40        0.00       41.27 %
     Oh        0.58        0.35        0.00       37.48 %
      B        0.59        0.31        0.00       34.57 %
     AM        0.56        0.28        0.00       32.84 %
    all        0.58        0.55        0.00       48.62 %

    Total time in state (seconds)
    -----------------------------------------
            Pending     Running        Dead  
    -----------------------------------------
               4.05        3.83        0.00

    Data read    : 35.51 kiB
    Data written : 6.92 kiB

0: All pending notifications were processed.
INFO (IPF059): 0: Completed proof on task: "mytask"
cover -name CS_mult_fsm_s1_2 {@(posedge clk_i) !mult_fsm_s1 ##1 mult_fsm_s1 [*2] ##1 !mult_fsm_s1 }
INFO (IPF036): Starting proof on task: "mytask", 1 properties to prove with 0 already proven/unreachable
INFO (IPF031): Settings used for proof thread 1:
    orchestration                 = on (auto)
    time_limit                    = 600s
    per_property_time_limit       = 1s * 10 ^ scan
    engine_mode                   = auto
    proofgrid_per_engine_max_jobs = 1
    max engine jobs               = auto
    proofgrid_mode                = local
    proofgrid_restarts            = 10
1: Using multistage preprocessing
1: Starting reduce
1: Finished reduce in 0.053s
1.0.PRE: Performing Proof Simplification...
1.0.N: clocks: 1, declared: 1, looping: 0, posedge: 1, negedge: 0, noedge: 0, bothedge: 0
1.0.N: Proof Simplification Iteration 1	[0.00 s]
1.0.N: Proof Simplification Iteration 2	[0.05 s]
1.0.N: Proof Simplification Iteration 3	[0.07 s]
1.0.N: Proof Simplification Iteration 4	[0.09 s]
1.0.N: Proof Simplification Iteration 5	[0.11 s]
1.0.N: Proof Simplification Iteration 6	[0.15 s]
1.0.N: Proof Simplification Iteration 7	[0.17 s]
1.0.N: Proof Simplification Iteration 8	[0.22 s]
1.0.N: Proof Simplification Iteration 9	[0.26 s]
1.0.N: Proof Simplification Iteration 10	[0.29 s]
1.0.PRE: Proof Simplification completed in 0.34 s
1: About to start ProofGrid in its own thread with a limit of 10000 pending notifications and a limit of 10 traces.
1: =============================== ProofGrid start ===============================
1: ProofGrid usable level: 1
1: Initial ProofGrid level: 1
1: ProofGrid is starting event handling
1.0.Hp: caddy12.stanford.edu: "Rocky Linux 8.10 (Green Obsidian)" is an unsupported operating system.
1.0.N: caddy12.stanford.edu: "Rocky Linux 8.10 (Green Obsidian)" is an unsupported operating system.
1.0.N: Proofgrid shell started at 2321317@caddy12.stanford.edu(local) jg_2320910_caddy12.stanford.edu_2
1.0.Hp: Proofgrid shell started at 2321318@caddy12.stanford.edu(local) jg_2320910_caddy12.stanford.edu_2
1.0.N: clocks: 1, declared: 1, looping: 0, posedge: 1, negedge: 0, noedge: 0, bothedge: 0
1.0.Hp: clocks: 1, declared: 1, looping: 0, posedge: 1, negedge: 0, noedge: 0, bothedge: 0
1.0.Ht: caddy12.stanford.edu: "Rocky Linux 8.10 (Green Obsidian)" is an unsupported operating system.
1.0.N: Last scan. Per property time limit: 0s
1.0.N: Starting proof for property "CS_mult_fsm_s1_2"	[0.00 s].
1.0.N: Trace Attempt  1	[0.03 s]
1.0.N: Trace Attempt  2	[0.04 s]
1.0.N: Trace Attempt  3	[0.04 s]
1.0.N: Trace Attempt  3	[0.11 s]
1.0.N: Trace Attempt  4	[0.15 s]
1.0.N: Trace Attempt  5	[0.15 s]
1.0.Mpcustom4: caddy12.stanford.edu: "Rocky Linux 8.10 (Green Obsidian)" is an unsupported operating system.
1.0.Oh: caddy12.stanford.edu: "Rocky Linux 8.10 (Green Obsidian)" is an unsupported operating system.
1.0.Ht: Proofgrid shell started at 2321340@caddy12.stanford.edu(local) jg_2320910_caddy12.stanford.edu_2
1.0.B: caddy12.stanford.edu: "Rocky Linux 8.10 (Green Obsidian)" is an unsupported operating system.
1.0.Ht: clocks: 1, declared: 1, looping: 0, posedge: 1, negedge: 0, noedge: 0, bothedge: 0
1.0.N: Trace Attempt  5	[0.34 s]
1.0.Ht: Trace Attempt  1	[0.06 s]
1.0.AM: caddy12.stanford.edu: "Rocky Linux 8.10 (Green Obsidian)" is an unsupported operating system.
1.0.Ht: Trace Attempt  2	[0.06 s]
1.0.Ht: Trace Attempt  3	[0.07 s]
1.0.Ht: Trace Attempt  4	[0.09 s]
1.0.Ht: Trace Attempt  5	[0.10 s]
1.0.Mpcustom4: Proofgrid shell started at 2321355@caddy12.stanford.edu(local) jg_2320910_caddy12.stanford.edu_2
1.0.Mpcustom4: clocks: 1, declared: 1, looping: 0, posedge: 1, negedge: 0, noedge: 0, bothedge: 0
1.0.Oh: Proofgrid shell started at 2321357@caddy12.stanford.edu(local) jg_2320910_caddy12.stanford.edu_2
1.0.Mpcustom4: Trace Attempt  1	[0.07 s]
1.0.Oh: clocks: 1, declared: 1, looping: 0, posedge: 1, negedge: 0, noedge: 0, bothedge: 0
1.0.Mpcustom4: Trace Attempt  2	[0.10 s]
1.0.AM: Proofgrid shell started at 2321368@caddy12.stanford.edu(local) jg_2320910_caddy12.stanford.edu_2
1.0.AM: clocks: 1, declared: 1, looping: 0, posedge: 1, negedge: 0, noedge: 0, bothedge: 0
1.0.B: Proofgrid shell started at 2321362@caddy12.stanford.edu(local) jg_2320910_caddy12.stanford.edu_2
1.0.AM: Last scan. Per property time limit: 0s
1.0.AM: Starting proof for property "CS_mult_fsm_s1_2"	[0.00 s].
1.0.AM: Trace Attempt  1	[0.02 s]
1.0.B: clocks: 1, declared: 1, looping: 0, posedge: 1, negedge: 0, noedge: 0, bothedge: 0
1.0.B: Last scan. Per property time limit: 0s
1.0.B: Starting proof for property "CS_mult_fsm_s1_2"	[0.00 s].
1.0.AM: Trace Attempt  2	[0.07 s]
1.0.B: Trace Attempt  1	[0.03 s]
1.0.AM: Trace Attempt  3	[0.09 s]
1.0.B: Trace Attempt  2	[0.04 s]
1.0.Oh: bwd trail(1): 1 0.110984s
1.0.Oh: All properties either determined or skipped. [0.25 s]
1.0.B: Trace Attempt  3	[0.07 s]
1.0.AM: Trace Attempt  4	[0.13 s]
1.0.Oh: Exited with Success (@ 0.86 s)
1.0.B: Trace Attempt  4	[0.09 s]
1.0.AM: Trace Attempt  5	[0.20 s]
1.0.B: Trace Attempt  5	[0.17 s]
1.0.N: Requesting engine job to stop
1.0.B: Requesting engine job to stop
1.0.AM: Requesting engine job to stop
1.0.Hp: Requesting engine job to terminate
1.0.Ht: Requesting engine job to terminate
1.0.Mpcustom4: Requesting engine job to terminate
INFO (IPF144): 1: Initiating shutdown of proof [1.50 s]
1.0.Ht: Trace Attempt  9	[0.39 s]
1.0.Ht: A trace with 9 cycles was found. [1.14 s]
INFO (IPF047): 1.0.Ht: The cover property "CS_mult_fsm_s1_2" was covered in 9 cycles in 1.17 s.
1.0.Hp: Interrupted (multi)
1.0.Hp: All properties determined. [1.46 s]
1.0.Ht: All properties determined. [1.16 s]
1.0.N: Trace Attempt  9	[1.32 s]
1: ProofGrid usable level: 0
1.0.N: Stopped processing property "CS_mult_fsm_s1_2"	[1.50 s].
1.0.N: All properties determined. [1.49 s]
1.0.N: Exited with Success (@ 1.54 s)
1.0.AM: Trace Attempt  9	[0.42 s]
1.0.AM: Stopped processing property "CS_mult_fsm_s1_2"	[0.87 s].
1.0.AM: All properties determined. [0.86 s]
1.0.AM: Exited with Success (@ 1.57 s)
1.0.Hp: Exited with Success (@ 1.60 s)
1.0.B: Trace Attempt  9	[0.79 s]
1.0.B: Stopped processing property "CS_mult_fsm_s1_2"	[0.85 s].
1.0.Ht: Exited with Success (@ 1.63 s)
1.0.B: All properties determined. [0.86 s]
1.0.B: Exited with Success (@ 1.63 s)
1.0.Mpcustom4: All properties determined. [1.35 s]
1.0.Mpcustom4: Exited with Success (@ 1.90 s)
1: --------------------------------------------------------------
ProofGrid Summary (utilization 63.84 %)
--------------------------------------------------------------
     engines started                               :     7
     engine jobs started                           :     7

    Average time in state (seconds)
    ------------------------------------------------------
    Engine  Pending     Running        Dead    Utilization
    ------------------------------------------------------
      N        0.57        1.47        0.00       71.96 %
     Hp        0.53        1.45        0.00       73.11 %
     Ht        0.57        1.16        0.00       67.12 %
    Mpcustom4        0.49        0.99        0.00       66.93 %
     Oh        0.54        0.25        0.00       31.56 %
      B        0.65        0.77        0.00       54.25 %
     AM        0.56        0.82        0.00       59.46 %
    all        0.56        0.99        0.00       63.84 %

    Total time in state (seconds)
    -----------------------------------------
            Pending     Running        Dead  
    -----------------------------------------
               3.91        6.91        0.00

    Data read    : 67.21 kiB
    Data written : 7.00 kiB

1: All pending notifications were processed.
INFO (IPF059): 1: Completed proof on task: "mytask"
cover -name CS_mult_fsm_s1_3 {@(posedge clk_i) !mult_fsm_s1 ##1 mult_fsm_s1 [*3] ##1 !mult_fsm_s1 }
INFO (IPF036): Starting proof on task: "mytask", 1 properties to prove with 0 already proven/unreachable
INFO (IPF031): Settings used for proof thread 2:
    orchestration                 = on (auto)
    time_limit                    = 600s
    per_property_time_limit       = 1s * 10 ^ scan
    engine_mode                   = auto
    proofgrid_per_engine_max_jobs = 1
    max engine jobs               = auto
    proofgrid_mode                = local
    proofgrid_restarts            = 10
2: Using multistage preprocessing
2: Starting reduce
2: Finished reduce in 0.043s
2.0.PRE: Performing Proof Simplification...
2.0.N: clocks: 1, declared: 1, looping: 0, posedge: 1, negedge: 0, noedge: 0, bothedge: 0
2.0.N: Proof Simplification Iteration 1	[0.00 s]
2.0.N: Proof Simplification Iteration 2	[0.04 s]
2.0.N: Proof Simplification Iteration 3	[0.06 s]
2.0.N: Proof Simplification Iteration 4	[0.08 s]
2.0.N: Proof Simplification Iteration 5	[0.10 s]
2.0.N: Proof Simplification Iteration 6	[0.12 s]
2.0.N: Proof Simplification Iteration 7	[0.14 s]
2.0.N: Proof Simplification Iteration 8	[0.15 s]
2.0.N: Proof Simplification Iteration 9	[0.17 s]
2.0.N: Proof Simplification Iteration 10	[0.19 s]
2.0.PRE: Proof Simplification completed in 0.24 s
2: About to start ProofGrid in its own thread with a limit of 10000 pending notifications and a limit of 10 traces.
2: =============================== ProofGrid start ===============================
2: ProofGrid usable level: 1
2: Initial ProofGrid level: 1
2: ProofGrid is starting event handling
2.0.N: caddy12.stanford.edu: "Rocky Linux 8.10 (Green Obsidian)" is an unsupported operating system.
2.0.Hp: caddy12.stanford.edu: "Rocky Linux 8.10 (Green Obsidian)" is an unsupported operating system.
2.0.Ht: caddy12.stanford.edu: "Rocky Linux 8.10 (Green Obsidian)" is an unsupported operating system.
2.0.Mpcustom4: caddy12.stanford.edu: "Rocky Linux 8.10 (Green Obsidian)" is an unsupported operating system.
2.0.Hp: Proofgrid shell started at 2321436@caddy12.stanford.edu(local) jg_2320910_caddy12.stanford.edu_3
2.0.N: Proofgrid shell started at 2321435@caddy12.stanford.edu(local) jg_2320910_caddy12.stanford.edu_3
2.0.Oh: caddy12.stanford.edu: "Rocky Linux 8.10 (Green Obsidian)" is an unsupported operating system.
2.0.N: clocks: 1, declared: 1, looping: 0, posedge: 1, negedge: 0, noedge: 0, bothedge: 0
2.0.Hp: clocks: 1, declared: 1, looping: 0, posedge: 1, negedge: 0, noedge: 0, bothedge: 0
2.0.N: Last scan. Per property time limit: 0s
2.0.N: Starting proof for property "CS_mult_fsm_s1_3"	[0.00 s].
2.0.Mpcustom4: Proofgrid shell started at 2321461@caddy12.stanford.edu(local) jg_2320910_caddy12.stanford.edu_3
2.0.B: caddy12.stanford.edu: "Rocky Linux 8.10 (Green Obsidian)" is an unsupported operating system.
2.0.Ht: Proofgrid shell started at 2321458@caddy12.stanford.edu(local) jg_2320910_caddy12.stanford.edu_3
2.0.N: Trace Attempt  1	[0.01 s]
2.0.Ht: clocks: 1, declared: 1, looping: 0, posedge: 1, negedge: 0, noedge: 0, bothedge: 0
2.0.Mpcustom4: clocks: 1, declared: 1, looping: 0, posedge: 1, negedge: 0, noedge: 0, bothedge: 0
2.0.N: Trace Attempt  2	[0.02 s]
2.0.N: Trace Attempt  3	[0.02 s]
2.0.Oh: Proofgrid shell started at 2321488@caddy12.stanford.edu(local) jg_2320910_caddy12.stanford.edu_3
2.0.Ht: Trace Attempt  1	[0.04 s]
2.0.Ht: Trace Attempt  2	[0.04 s]
2.0.Mpcustom4: Trace Attempt  1	[0.04 s]
2.0.N: Trace Attempt  3	[0.06 s]
2.0.Ht: Trace Attempt  3	[0.05 s]
2.0.Oh: clocks: 1, declared: 1, looping: 0, posedge: 1, negedge: 0, noedge: 0, bothedge: 0
2.0.Mpcustom4: Trace Attempt  2	[0.06 s]
2.0.Ht: Trace Attempt  4	[0.06 s]
2.0.Ht: Trace Attempt  5	[0.06 s]
2.0.N: Trace Attempt  4	[0.08 s]
2.0.N: Trace Attempt  5	[0.08 s]
2.0.AM: caddy12.stanford.edu: "Rocky Linux 8.10 (Green Obsidian)" is an unsupported operating system.
2.0.N: Trace Attempt  5	[0.16 s]
2.0.Oh: bwd trail(1): 1 0.105164s
2.0.Oh: All properties either determined or skipped. [0.13 s]
2.0.Oh: Exited with Success (@ 0.21 s)
2.0.Oh: Completed, Restart ignored.
2.0.B: Proofgrid shell started at 2321493@caddy12.stanford.edu(local) jg_2320910_caddy12.stanford.edu_3
2.0.B: clocks: 1, declared: 1, looping: 0, posedge: 1, negedge: 0, noedge: 0, bothedge: 0
2.0.B: Last scan. Per property time limit: 0s
2.0.B: Starting proof for property "CS_mult_fsm_s1_3"	[0.00 s].
2.0.B: Trace Attempt  1	[0.01 s]
2.0.B: Trace Attempt  2	[0.02 s]
2.0.B: Trace Attempt  3	[0.03 s]
2.0.B: Trace Attempt  4	[0.04 s]
2.0.B: Trace Attempt  5	[0.07 s]
2.0.AM: Proofgrid shell started at 2321510@caddy12.stanford.edu(local) jg_2320910_caddy12.stanford.edu_3
2.0.AM: clocks: 1, declared: 1, looping: 0, posedge: 1, negedge: 0, noedge: 0, bothedge: 0
2.0.AM: Last scan. Per property time limit: 0s
2.0.AM: Starting proof for property "CS_mult_fsm_s1_3"	[0.00 s].
2.0.AM: Trace Attempt  1	[0.02 s]
2.0.AM: Trace Attempt  2	[0.03 s]
2.0.AM: Trace Attempt  3	[0.05 s]
2.0.AM: Trace Attempt  4	[0.07 s]
2.0.AM: Trace Attempt  5	[0.10 s]
2.0.N: Requesting engine job to stop
2.0.B: Requesting engine job to stop
2.0.AM: Requesting engine job to stop
2.0.Hp: Requesting engine job to terminate
2.0.Ht: Requesting engine job to terminate
2.0.Mpcustom4: Requesting engine job to terminate
INFO (IPF144): 2: Initiating shutdown of proof [0.80 s]
2.0.B: Trace Attempt 10	[0.44 s]
2.0.B: A trace with 10 cycles was found. [0.56 s]
INFO (IPF047): 2.0.B: The cover property "CS_mult_fsm_s1_3" was covered in 10 cycles in 0.59 s.
2.0.Hp: Interrupted (multi)
2.0.Hp: All properties determined. [0.80 s]
2.0.B: Stopped processing property "CS_mult_fsm_s1_3"	[0.60 s].
2.0.B: All properties determined. [0.57 s]
2.0.B: Exited with Success (@ 0.81 s)
2: ProofGrid usable level: 0
2.0.N: Trace Attempt  9	[0.71 s]
2.0.N: Stopped processing property "CS_mult_fsm_s1_3"	[0.79 s].
2.0.N: All properties determined. [0.81 s]
2.0.N: Exited with Success (@ 0.84 s)
2.0.AM: Trace Attempt 10	[0.28 s]
2.0.AM: Stopped processing property "CS_mult_fsm_s1_3"	[0.49 s].
2.0.AM: All properties determined. [0.48 s]
2.0.Ht: Interrupted (multi)
2.0.Ht: Trace Attempt 10	[0.32 s]
2.0.Ht: All properties determined. [0.82 s]
2.0.AM: Exited with Success (@ 0.85 s)
2.0.Hp: Exited with Success (@ 0.88 s)
2.0.Mpcustom4: All properties determined. [0.84 s]
2.0.Ht: Exited with Success (@ 0.93 s)
2.0.Mpcustom4: Exited with Success (@ 0.93 s)
2: --------------------------------------------------------------
ProofGrid Summary (utilization 80.71 %)
--------------------------------------------------------------
     engines started                               :     7
     engine jobs started                           :     7

    Average time in state (seconds)
    ------------------------------------------------------
    Engine  Pending     Running        Dead    Utilization
    ------------------------------------------------------
      N        0.10        0.80        0.00       88.56 %
     Hp        0.08        0.79        0.00       90.83 %
     Ht        0.08        0.77        0.00       90.07 %
    Mpcustom4        0.08        0.77        0.00       90.60 %
     Oh        0.10        0.13        0.00       57.57 %
      B        0.25        0.58        0.00       70.10 %
     AM        0.33        0.46        0.00       57.80 %
    all        0.15        0.61        0.00       80.71 %

    Total time in state (seconds)
    -----------------------------------------
            Pending     Running        Dead  
    -----------------------------------------
               1.03        4.30        0.00

    Data read    : 39.79 kiB
    Data written : 7.11 kiB

2: All pending notifications were processed.
INFO (IPF059): 2: Completed proof on task: "mytask"
cover -name CS_mult_fsm_s1_4 {@(posedge clk_i) !mult_fsm_s1 ##1 mult_fsm_s1 [*4] ##1 !mult_fsm_s1 }
INFO (IPF036): Starting proof on task: "mytask", 1 properties to prove with 0 already proven/unreachable
INFO (IPF031): Settings used for proof thread 3:
    orchestration                 = on (auto)
    time_limit                    = 600s
    per_property_time_limit       = 1s * 10 ^ scan
    engine_mode                   = auto
    proofgrid_per_engine_max_jobs = 1
    max engine jobs               = auto
    proofgrid_mode                = local
    proofgrid_restarts            = 10
3: Using multistage preprocessing
3: Starting reduce
3: Finished reduce in 0.084s
3.0.PRE: Performing Proof Simplification...
3.0.N: clocks: 1, declared: 1, looping: 0, posedge: 1, negedge: 0, noedge: 0, bothedge: 0
3.0.N: Proof Simplification Iteration 1	[0.00 s]
3.0.N: Proof Simplification Iteration 2	[0.06 s]
3.0.N: Proof Simplification Iteration 3	[0.10 s]
3.0.N: Proof Simplification Iteration 4	[0.14 s]
3.0.N: Proof Simplification Iteration 5	[0.18 s]
3.0.N: Proof Simplification Iteration 6	[0.21 s]
3.0.N: Proof Simplification Iteration 7	[0.25 s]
3.0.N: Proof Simplification Iteration 8	[0.28 s]
3.0.N: Proof Simplification Iteration 9	[0.30 s]
3.0.N: Proof Simplification Iteration 10	[0.32 s]
3.0.PRE: Proof Simplification completed in 0.37 s
3: About to start ProofGrid in its own thread with a limit of 10000 pending notifications and a limit of 10 traces.
3: =============================== ProofGrid start ===============================
3: ProofGrid usable level: 1
3: Initial ProofGrid level: 1
3: ProofGrid is starting event handling
3.0.N: caddy12.stanford.edu: "Rocky Linux 8.10 (Green Obsidian)" is an unsupported operating system.
3.0.Hp: caddy12.stanford.edu: "Rocky Linux 8.10 (Green Obsidian)" is an unsupported operating system.
3.0.N: Proofgrid shell started at 2321656@caddy12.stanford.edu(local) jg_2320910_caddy12.stanford.edu_4
3.0.Ht: caddy12.stanford.edu: "Rocky Linux 8.10 (Green Obsidian)" is an unsupported operating system.
3.0.Hp: Proofgrid shell started at 2321657@caddy12.stanford.edu(local) jg_2320910_caddy12.stanford.edu_4
3.0.N: clocks: 1, declared: 1, looping: 0, posedge: 1, negedge: 0, noedge: 0, bothedge: 0
3.0.Hp: clocks: 1, declared: 1, looping: 0, posedge: 1, negedge: 0, noedge: 0, bothedge: 0
3.0.N: Last scan. Per property time limit: 0s
3.0.N: Starting proof for property "CS_mult_fsm_s1_4"	[0.00 s].
3.0.N: Trace Attempt  1	[0.01 s]
3.0.N: Trace Attempt  2	[0.03 s]
3.0.N: Trace Attempt  3	[0.03 s]
3.0.N: Trace Attempt  3	[0.11 s]
3.0.N: Trace Attempt  4	[0.14 s]
3.0.N: Trace Attempt  5	[0.14 s]
3.0.Ht: Proofgrid shell started at 2321679@caddy12.stanford.edu(local) jg_2320910_caddy12.stanford.edu_4
3.0.Oh: caddy12.stanford.edu: "Rocky Linux 8.10 (Green Obsidian)" is an unsupported operating system.
3.0.Ht: clocks: 1, declared: 1, looping: 0, posedge: 1, negedge: 0, noedge: 0, bothedge: 0
3.0.Mpcustom4: caddy12.stanford.edu: "Rocky Linux 8.10 (Green Obsidian)" is an unsupported operating system.
3.0.B: caddy12.stanford.edu: "Rocky Linux 8.10 (Green Obsidian)" is an unsupported operating system.
3.0.Ht: Trace Attempt  1	[0.08 s]
3.0.Ht: Trace Attempt  2	[0.08 s]
3.0.Ht: Trace Attempt  3	[0.09 s]
3.0.N: Trace Attempt  5	[0.32 s]
3.0.Ht: Trace Attempt  4	[0.11 s]
3.0.Ht: Trace Attempt  5	[0.12 s]
3.0.AM: caddy12.stanford.edu: "Rocky Linux 8.10 (Green Obsidian)" is an unsupported operating system.
3.0.B: Proofgrid shell started at 2321701@caddy12.stanford.edu(local) jg_2320910_caddy12.stanford.edu_4
3.0.Oh: Proofgrid shell started at 2321699@caddy12.stanford.edu(local) jg_2320910_caddy12.stanford.edu_4
3.0.Oh: clocks: 1, declared: 1, looping: 0, posedge: 1, negedge: 0, noedge: 0, bothedge: 0
3.0.B: clocks: 1, declared: 1, looping: 0, posedge: 1, negedge: 0, noedge: 0, bothedge: 0
3.0.Mpcustom4: Proofgrid shell started at 2321697@caddy12.stanford.edu(local) jg_2320910_caddy12.stanford.edu_4
3.0.B: Last scan. Per property time limit: 0s
3.0.B: Starting proof for property "CS_mult_fsm_s1_4"	[0.00 s].
3.0.B: Trace Attempt  1	[0.01 s]
3.0.B: Trace Attempt  2	[0.03 s]
3.0.Mpcustom4: clocks: 1, declared: 1, looping: 0, posedge: 1, negedge: 0, noedge: 0, bothedge: 0
3.0.B: Trace Attempt  3	[0.05 s]
3.0.Mpcustom4: Trace Attempt  1	[0.07 s]
3.0.B: Trace Attempt  4	[0.08 s]
3.0.AM: Proofgrid shell started at 2321705@caddy12.stanford.edu(local) jg_2320910_caddy12.stanford.edu_4
3.0.Oh: bwd trail(1): 1 0.106146s
3.0.AM: clocks: 1, declared: 1, looping: 0, posedge: 1, negedge: 0, noedge: 0, bothedge: 0
3.0.Oh: All properties either determined or skipped. [0.15 s]
3.0.Mpcustom4: Trace Attempt  2	[0.12 s]
3.0.Oh: Exited with Success (@ 0.78 s)
3.0.AM: Last scan. Per property time limit: 0s
3.0.AM: Starting proof for property "CS_mult_fsm_s1_4"	[0.00 s].
3.0.AM: Trace Attempt  1	[0.01 s]
3.0.AM: Trace Attempt  2	[0.03 s]
3.0.AM: Trace Attempt  3	[0.05 s]
3.0.B: Trace Attempt  5	[0.20 s]
3.0.AM: Trace Attempt  4	[0.07 s]
3.0.AM: Trace Attempt  5	[0.10 s]
3.0.N: Requesting engine job to stop
3.0.B: Requesting engine job to stop
3.0.AM: Requesting engine job to stop
3.0.Hp: Requesting engine job to terminate
3.0.Ht: Requesting engine job to terminate
3.0.Mpcustom4: Requesting engine job to terminate
INFO (IPF144): 3: Initiating shutdown of proof [1.43 s]
3.0.AM: Trace Attempt 11	[0.32 s]
3.0.AM: A trace with 11 cycles was found. [0.64 s]
INFO (IPF047): 3.0.AM: The cover property "CS_mult_fsm_s1_4" was covered in 11 cycles in 0.67 s.
3.0.AM: Stopped processing property "CS_mult_fsm_s1_4"	[0.70 s].
3.0.AM: All properties determined. [0.67 s]
3.0.Ht: Interrupted (multi)
3.0.Ht: Trace Attempt 11	[0.60 s]
3.0.Ht: All properties determined. [1.15 s]
3.0.AM: Exited with Success (@ 1.46 s)
3: ProofGrid usable level: 0
3.0.N: Trace Attempt 10	[1.23 s]
3.0.N: Stopped processing property "CS_mult_fsm_s1_4"	[1.40 s].
3.0.N: All properties determined. [1.38 s]
3.0.N: Exited with Success (@ 1.47 s)
3.0.Hp: Interrupted (multi)
3.0.Hp: All properties determined. [1.43 s]
3.0.Ht: Exited with Success (@ 1.54 s)
3.0.Mpcustom4: All properties determined. [0.94 s]
3.0.Mpcustom4: Exited with Success (@ 1.60 s)
3.0.B: Trace Attempt  8	[0.86 s]
3.0.B: Stopped processing property "CS_mult_fsm_s1_4"	[1.00 s].
3.0.B: All properties determined. [1.02 s]
3.0.B: Exited with Success (@ 1.66 s)
3.0.Hp: Exited with Success (@ 1.67 s)
3: --------------------------------------------------------------
ProofGrid Summary (utilization 60.53 %)
--------------------------------------------------------------
     engines started                               :     7
     engine jobs started                           :     7

    Average time in state (seconds)
    ------------------------------------------------------
    Engine  Pending     Running        Dead    Utilization
    ------------------------------------------------------
      N        0.58        1.37        0.00       70.12 %
     Hp        0.58        1.37        0.00       70.32 %
     Ht        0.56        1.12        0.00       66.69 %
    Mpcustom4        0.65        0.78        0.00       54.69 %
     Oh        0.57        0.15        0.00       21.24 %
      B        0.53        0.82        0.00       60.58 %
     AM        0.64        0.69        0.00       51.77 %
    all        0.59        0.90        0.00       60.53 %

    Total time in state (seconds)
    -----------------------------------------
            Pending     Running        Dead  
    -----------------------------------------
               4.11        6.31        0.00

    Data read    : 41.89 kiB
    Data written : 7.07 kiB

3: All pending notifications were processed.
INFO (IPF059): 3: Completed proof on task: "mytask"
cover -name CS_mult_fsm_s1_5 {@(posedge clk_i) !mult_fsm_s1 ##1 mult_fsm_s1 [*5] ##1 !mult_fsm_s1 }
INFO (IPF036): Starting proof on task: "mytask", 1 properties to prove with 0 already proven/unreachable
INFO (IPF031): Settings used for proof thread 4:
    orchestration                 = on (auto)
    time_limit                    = 600s
    per_property_time_limit       = 1s * 10 ^ scan
    engine_mode                   = auto
    proofgrid_per_engine_max_jobs = 1
    max engine jobs               = auto
    proofgrid_mode                = local
    proofgrid_restarts            = 10
4: Using multistage preprocessing
4: Starting reduce
4: Finished reduce in 0.078s
4.0.PRE: Performing Proof Simplification...
4.0.N: clocks: 1, declared: 1, looping: 0, posedge: 1, negedge: 0, noedge: 0, bothedge: 0
4.0.N: Proof Simplification Iteration 1	[0.00 s]
4.0.N: Proof Simplification Iteration 2	[0.07 s]
4.0.N: Proof Simplification Iteration 3	[0.09 s]
4.0.N: Proof Simplification Iteration 4	[0.11 s]
4.0.N: Proof Simplification Iteration 5	[0.13 s]
4.0.N: Proof Simplification Iteration 6	[0.17 s]
4.0.N: Proof Simplification Iteration 7	[0.20 s]
4.0.N: Proof Simplification Iteration 8	[0.24 s]
4.0.N: Proof Simplification Iteration 9	[0.28 s]
4.0.N: Proof Simplification Iteration 10	[0.32 s]
4.0.PRE: Proof Simplification completed in 0.41 s
4: About to start ProofGrid in its own thread with a limit of 10000 pending notifications and a limit of 10 traces.
4: =============================== ProofGrid start ===============================
4: ProofGrid usable level: 1
4: Initial ProofGrid level: 1
4: ProofGrid is starting event handling
4.0.N: caddy12.stanford.edu: "Rocky Linux 8.10 (Green Obsidian)" is an unsupported operating system.
4.0.Hp: caddy12.stanford.edu: "Rocky Linux 8.10 (Green Obsidian)" is an unsupported operating system.
4.0.Hp: Proofgrid shell started at 2321770@caddy12.stanford.edu(local) jg_2320910_caddy12.stanford.edu_5
4.0.N: Proofgrid shell started at 2321769@caddy12.stanford.edu(local) jg_2320910_caddy12.stanford.edu_5
4.0.Hp: clocks: 1, declared: 1, looping: 0, posedge: 1, negedge: 0, noedge: 0, bothedge: 0
4.0.Ht: caddy12.stanford.edu: "Rocky Linux 8.10 (Green Obsidian)" is an unsupported operating system.
4.0.N: clocks: 1, declared: 1, looping: 0, posedge: 1, negedge: 0, noedge: 0, bothedge: 0
4.0.N: Last scan. Per property time limit: 0s
4.0.N: Starting proof for property "CS_mult_fsm_s1_5"	[0.00 s].
4.0.N: Trace Attempt  1	[0.01 s]
4.0.N: Trace Attempt  2	[0.03 s]
4.0.N: Trace Attempt  3	[0.03 s]
4.0.N: Trace Attempt  3	[0.16 s]
4.0.N: Trace Attempt  4	[0.18 s]
4.0.N: Trace Attempt  5	[0.18 s]
4.0.Mpcustom4: caddy12.stanford.edu: "Rocky Linux 8.10 (Green Obsidian)" is an unsupported operating system.
4.0.Ht: Proofgrid shell started at 2321792@caddy12.stanford.edu(local) jg_2320910_caddy12.stanford.edu_5
4.0.Oh: caddy12.stanford.edu: "Rocky Linux 8.10 (Green Obsidian)" is an unsupported operating system.
4.0.B: caddy12.stanford.edu: "Rocky Linux 8.10 (Green Obsidian)" is an unsupported operating system.
4.0.Ht: clocks: 1, declared: 1, looping: 0, posedge: 1, negedge: 0, noedge: 0, bothedge: 0
4.0.AM: caddy12.stanford.edu: "Rocky Linux 8.10 (Green Obsidian)" is an unsupported operating system.
4.0.Ht: Trace Attempt  1	[0.12 s]
4.0.Ht: Trace Attempt  2	[0.12 s]
4.0.N: Trace Attempt  5	[0.41 s]
4.0.Ht: Trace Attempt  3	[0.16 s]
4.0.Ht: Trace Attempt  4	[0.18 s]
4.0.Ht: Trace Attempt  5	[0.18 s]
4.0.Oh: Proofgrid shell started at 2321811@caddy12.stanford.edu(local) jg_2320910_caddy12.stanford.edu_5
4.0.Mpcustom4: Proofgrid shell started at 2321808@caddy12.stanford.edu(local) jg_2320910_caddy12.stanford.edu_5
4.0.Oh: clocks: 1, declared: 1, looping: 0, posedge: 1, negedge: 0, noedge: 0, bothedge: 0
4.0.AM: Proofgrid shell started at 2321815@caddy12.stanford.edu(local) jg_2320910_caddy12.stanford.edu_5
4.0.Mpcustom4: clocks: 1, declared: 1, looping: 0, posedge: 1, negedge: 0, noedge: 0, bothedge: 0
4.0.B: Proofgrid shell started at 2321813@caddy12.stanford.edu(local) jg_2320910_caddy12.stanford.edu_5
4.0.AM: clocks: 1, declared: 1, looping: 0, posedge: 1, negedge: 0, noedge: 0, bothedge: 0
4.0.AM: Last scan. Per property time limit: 0s
4.0.AM: Starting proof for property "CS_mult_fsm_s1_5"	[0.00 s].
4.0.B: clocks: 1, declared: 1, looping: 0, posedge: 1, negedge: 0, noedge: 0, bothedge: 0
4.0.B: Last scan. Per property time limit: 0s
4.0.B: Starting proof for property "CS_mult_fsm_s1_5"	[0.00 s].
4.0.B: Trace Attempt  1	[0.01 s]
4.0.AM: Trace Attempt  1	[0.03 s]
4.0.Mpcustom4: Trace Attempt  1	[0.08 s]
4.0.AM: Trace Attempt  2	[0.04 s]
4.0.Mpcustom4: Trace Attempt  2	[0.10 s]
4.0.B: Trace Attempt  2	[0.03 s]
4.0.B: Trace Attempt  3	[0.05 s]
4.0.B: Trace Attempt  4	[0.07 s]
4.0.AM: Trace Attempt  3	[0.10 s]
4.0.AM: Trace Attempt  4	[0.13 s]
4.0.B: Trace Attempt  5	[0.15 s]
4.0.Oh: bwd trail(1): 1 0.112995s
4.0.Oh: All properties either determined or skipped. [0.26 s]
4.0.AM: Trace Attempt  5	[0.20 s]
4.0.Oh: Exited with Success (@ 0.91 s)
4.0.N: Requesting engine job to stop
4.0.B: Requesting engine job to stop
4.0.AM: Requesting engine job to stop
4.0.Hp: Requesting engine job to terminate
4.0.Ht: Requesting engine job to terminate
4.0.Mpcustom4: Requesting engine job to terminate
INFO (IPF144): 4: Initiating shutdown of proof [1.75 s]
4.0.AM: Trace Attempt 12	[0.61 s]
4.0.AM: A trace with 12 cycles was found. [1.05 s]
INFO (IPF047): 4.0.AM: The cover property "CS_mult_fsm_s1_5" was covered in 12 cycles in 1.09 s.
4.0.Ht: Interrupted (multi)
4.0.Ht: Trace Attempt 12	[1.18 s]
4.0.Ht: All properties determined. [1.42 s]
4.0.AM: Stopped processing property "CS_mult_fsm_s1_5"	[1.12 s].
4.0.Hp: Interrupted (multi)
4.0.Hp: All properties determined. [1.74 s]
4.0.AM: All properties determined. [1.08 s]
4.0.AM: Exited with Success (@ 1.78 s)
4: ProofGrid usable level: 0
4.0.N: Trace Attempt 10	[1.47 s]
4.0.N: Stopped processing property "CS_mult_fsm_s1_5"	[1.74 s].
4.0.N: All properties determined. [1.76 s]
4.0.N: Exited with Success (@ 1.84 s)
4.0.Hp: Exited with Success (@ 1.89 s)
4.0.Ht: Exited with Success (@ 1.90 s)
4.0.B: Trace Attempt 11	[1.08 s]
4.0.B: Stopped processing property "CS_mult_fsm_s1_5"	[1.24 s].
4.0.B: All properties determined. [1.25 s]
4.0.B: Exited with Success (@ 1.96 s)
4.0.Mpcustom4: All properties determined. [1.35 s]
4.0.Mpcustom4: Exited with Success (@ 2.00 s)
4: --------------------------------------------------------------
ProofGrid Summary (utilization 66.83 %)
--------------------------------------------------------------
     engines started                               :     7
     engine jobs started                           :     7

    Average time in state (seconds)
    ------------------------------------------------------
    Engine  Pending     Running        Dead    Utilization
    ------------------------------------------------------
      N        0.65        1.70        0.00       72.27 %
     Hp        0.53        1.72        0.00       76.30 %
     Ht        0.60        1.40        0.00       70.12 %
    Mpcustom4        0.62        1.10        0.00       64.08 %
     Oh        0.57        0.27        0.00       32.60 %
      B        0.62        1.06        0.00       63.20 %
     AM        0.56        1.10        0.00       66.11 %
    all        0.59        1.19        0.00       66.83 %

    Total time in state (seconds)
    -----------------------------------------
            Pending     Running        Dead  
    -----------------------------------------
               4.14        8.34        0.00

    Data read    : 44.11 kiB
    Data written : 7.12 kiB

4: All pending notifications were processed.
INFO (IPF059): 4: Completed proof on task: "mytask"
cover -name CS_mult_fsm_s1_6 {@(posedge clk_i) !mult_fsm_s1 ##1 mult_fsm_s1 [*6] ##1 !mult_fsm_s1 }
INFO (IPF036): Starting proof on task: "mytask", 1 properties to prove with 0 already proven/unreachable
INFO (IPF031): Settings used for proof thread 5:
    orchestration                 = on (auto)
    time_limit                    = 600s
    per_property_time_limit       = 1s * 10 ^ scan
    engine_mode                   = auto
    proofgrid_per_engine_max_jobs = 1
    max engine jobs               = auto
    proofgrid_mode                = local
    proofgrid_restarts            = 10
5: Using multistage preprocessing
5: Starting reduce
5: Finished reduce in 0.066s
5.0.PRE: Performing Proof Simplification...
5.0.N: clocks: 1, declared: 1, looping: 0, posedge: 1, negedge: 0, noedge: 0, bothedge: 0
5.0.N: Proof Simplification Iteration 1	[0.00 s]
5.0.N: Proof Simplification Iteration 2	[0.07 s]
5.0.N: Proof Simplification Iteration 3	[0.12 s]
5.0.N: Proof Simplification Iteration 4	[0.14 s]
5.0.N: Proof Simplification Iteration 5	[0.15 s]
5.0.N: Proof Simplification Iteration 6	[0.18 s]
5.0.N: Proof Simplification Iteration 7	[0.20 s]
5.0.N: Proof Simplification Iteration 8	[0.22 s]
5.0.N: Proof Simplification Iteration 9	[0.24 s]
5.0.N: Proof Simplification Iteration 10	[0.26 s]
5.0.PRE: Proof Simplification completed in 0.34 s
5: About to start ProofGrid in its own thread with a limit of 10000 pending notifications and a limit of 10 traces.
5: =============================== ProofGrid start ===============================
5: ProofGrid usable level: 1
5: Initial ProofGrid level: 1
5: ProofGrid is starting event handling
5.0.N: caddy12.stanford.edu: "Rocky Linux 8.10 (Green Obsidian)" is an unsupported operating system.
5.0.Hp: caddy12.stanford.edu: "Rocky Linux 8.10 (Green Obsidian)" is an unsupported operating system.
5.0.Ht: caddy12.stanford.edu: "Rocky Linux 8.10 (Green Obsidian)" is an unsupported operating system.
5.0.N: Proofgrid shell started at 2321882@caddy12.stanford.edu(local) jg_2320910_caddy12.stanford.edu_6
5.0.Hp: Proofgrid shell started at 2321883@caddy12.stanford.edu(local) jg_2320910_caddy12.stanford.edu_6
5.0.N: clocks: 1, declared: 1, looping: 0, posedge: 1, negedge: 0, noedge: 0, bothedge: 0
5.0.Hp: clocks: 1, declared: 1, looping: 0, posedge: 1, negedge: 0, noedge: 0, bothedge: 0
5.0.N: Last scan. Per property time limit: 0s
5.0.N: Starting proof for property "CS_mult_fsm_s1_6"	[0.00 s].
5.0.N: Trace Attempt  1	[0.02 s]
5.0.N: Trace Attempt  2	[0.03 s]
5.0.N: Trace Attempt  3	[0.03 s]
5.0.N: Trace Attempt  3	[0.12 s]
5.0.N: Trace Attempt  4	[0.15 s]
5.0.N: Trace Attempt  5	[0.15 s]
5.0.Ht: Proofgrid shell started at 2321905@caddy12.stanford.edu(local) jg_2320910_caddy12.stanford.edu_6
5.0.Ht: clocks: 1, declared: 1, looping: 0, posedge: 1, negedge: 0, noedge: 0, bothedge: 0
5.0.Mpcustom4: caddy12.stanford.edu: "Rocky Linux 8.10 (Green Obsidian)" is an unsupported operating system.
5.0.Oh: caddy12.stanford.edu: "Rocky Linux 8.10 (Green Obsidian)" is an unsupported operating system.
5.0.Ht: Trace Attempt  1	[0.07 s]
5.0.Ht: Trace Attempt  2	[0.08 s]
5.0.Ht: Trace Attempt  3	[0.10 s]
5.0.B: caddy12.stanford.edu: "Rocky Linux 8.10 (Green Obsidian)" is an unsupported operating system.
5.0.Ht: Trace Attempt  4	[0.12 s]
5.0.Ht: Trace Attempt  5	[0.12 s]
5.0.AM: caddy12.stanford.edu: "Rocky Linux 8.10 (Green Obsidian)" is an unsupported operating system.
5.0.N: Trace Attempt  5	[0.33 s]
5.0.Mpcustom4: Proofgrid shell started at 2321924@caddy12.stanford.edu(local) jg_2320910_caddy12.stanford.edu_6
5.0.Mpcustom4: clocks: 1, declared: 1, looping: 0, posedge: 1, negedge: 0, noedge: 0, bothedge: 0
5.0.Oh: Proofgrid shell started at 2321927@caddy12.stanford.edu(local) jg_2320910_caddy12.stanford.edu_6
5.0.Oh: clocks: 1, declared: 1, looping: 0, posedge: 1, negedge: 0, noedge: 0, bothedge: 0
5.0.Mpcustom4: Trace Attempt  1	[0.07 s]
5.0.Mpcustom4: Trace Attempt  2	[0.10 s]
5.0.B: Proofgrid shell started at 2321929@caddy12.stanford.edu(local) jg_2320910_caddy12.stanford.edu_6
5.0.B: clocks: 1, declared: 1, looping: 0, posedge: 1, negedge: 0, noedge: 0, bothedge: 0
5.0.B: Last scan. Per property time limit: 0s
5.0.B: Starting proof for property "CS_mult_fsm_s1_6"	[0.00 s].
5.0.B: Trace Attempt  1	[0.02 s]
5.0.AM: Proofgrid shell started at 2321932@caddy12.stanford.edu(local) jg_2320910_caddy12.stanford.edu_6
5.0.AM: clocks: 1, declared: 1, looping: 0, posedge: 1, negedge: 0, noedge: 0, bothedge: 0
5.0.AM: Last scan. Per property time limit: 0s
5.0.AM: Starting proof for property "CS_mult_fsm_s1_6"	[0.00 s].
5.0.B: Trace Attempt  2	[0.09 s]
5.0.B: Trace Attempt  3	[0.09 s]
5.0.AM: Trace Attempt  1	[0.04 s]
5.0.AM: Trace Attempt  2	[0.06 s]
5.0.B: Trace Attempt  4	[0.15 s]
5.0.Oh: bwd trail(1): 1 0.11214s
5.0.Oh: All properties either determined or skipped. [0.26 s]
5.0.AM: Trace Attempt  3	[0.09 s]
5.0.Oh: Exited with Success (@ 0.85 s)
5.0.AM: Trace Attempt  4	[0.14 s]
5.0.AM: Trace Attempt  5	[0.19 s]
5.0.B: Trace Attempt  5	[0.26 s]
5.0.N: Requesting engine job to stop
5.0.B: Requesting engine job to stop
5.0.AM: Requesting engine job to stop
5.0.Hp: Requesting engine job to terminate
5.0.Ht: Requesting engine job to terminate
5.0.Mpcustom4: Requesting engine job to terminate
INFO (IPF144): 5: Initiating shutdown of proof [1.77 s]
5.0.AM: Trace Attempt 13	[0.56 s]
5.0.AM: A trace with 13 cycles was found. [1.03 s]
INFO (IPF047): 5.0.AM: The cover property "CS_mult_fsm_s1_6" was covered in 13 cycles in 1.06 s.
5.0.Hp: Interrupted (multi)
5.0.Hp: All properties determined. [1.74 s]
5.0.AM: Stopped processing property "CS_mult_fsm_s1_6"	[1.11 s].
5.0.AM: All properties determined. [1.05 s]
5.0.AM: Exited with Success (@ 1.80 s)
5: ProofGrid usable level: 0
5.0.N: Trace Attempt 12	[1.58 s]
5.0.N: Stopped processing property "CS_mult_fsm_s1_6"	[1.78 s].
5.0.N: All properties determined. [1.78 s]
5.0.N: Exited with Success (@ 1.84 s)
5.0.Ht: Interrupted (multi)
5.0.Ht: Trace Attempt 13	[0.76 s]
5.0.Ht: All properties determined. [1.63 s]
5.0.Hp: Exited with Success (@ 1.92 s)
5.0.B: Trace Attempt 11	[1.14 s]
5.0.B: Stopped processing property "CS_mult_fsm_s1_6"	[1.35 s].
5.0.B: All properties determined. [1.35 s]
5.0.Mpcustom4: All properties determined. [1.51 s]
5.0.Mpcustom4: Exited with Success (@ 2.04 s)
5.0.B: Exited with Success (@ 2.05 s)
5.0.Ht: Exited with Success (@ 2.12 s)
5: --------------------------------------------------------------
ProofGrid Summary (utilization 68.63 %)
--------------------------------------------------------------
     engines started                               :     7
     engine jobs started                           :     7

    Average time in state (seconds)
    ------------------------------------------------------
    Engine  Pending     Running        Dead    Utilization
    ------------------------------------------------------
      N        0.63        1.73        0.00       73.42 %
     Hp        0.53        1.72        0.00       76.39 %
     Ht        0.52        1.54        0.00       74.82 %
    Mpcustom4        0.55        1.25        0.00       69.53 %
     Oh        0.55        0.26        0.00       32.05 %
      B        0.59        1.12        0.00       65.51 %
     AM        0.61        1.06        0.00       63.59 %
    all        0.57        1.24        0.00       68.63 %

    Total time in state (seconds)
    -----------------------------------------
            Pending     Running        Dead  
    -----------------------------------------
               3.97        8.68        0.00

    Data read    : 46.43 kiB
    Data written : 7.20 kiB

5: All pending notifications were processed.
INFO (IPF059): 5: Completed proof on task: "mytask"
cover -name CS_mult_fsm_s1_7 {@(posedge clk_i) !mult_fsm_s1 ##1 mult_fsm_s1 [*7] ##1 !mult_fsm_s1 }
INFO (IPF036): Starting proof on task: "mytask", 1 properties to prove with 0 already proven/unreachable
INFO (IPF031): Settings used for proof thread 6:
    orchestration                 = on (auto)
    time_limit                    = 600s
    per_property_time_limit       = 1s * 10 ^ scan
    engine_mode                   = auto
    proofgrid_per_engine_max_jobs = 1
    max engine jobs               = auto
    proofgrid_mode                = local
    proofgrid_restarts            = 10
6: Using multistage preprocessing
6: Starting reduce
6: Finished reduce in 0.056s
6.0.PRE: Performing Proof Simplification...
6.0.N: clocks: 1, declared: 1, looping: 0, posedge: 1, negedge: 0, noedge: 0, bothedge: 0
6.0.N: Proof Simplification Iteration 1	[0.00 s]
6.0.N: Proof Simplification Iteration 2	[0.07 s]
6.0.N: Proof Simplification Iteration 3	[0.10 s]
6.0.N: Proof Simplification Iteration 4	[0.14 s]
6.0.N: Proof Simplification Iteration 5	[0.17 s]
6.0.N: Proof Simplification Iteration 6	[0.19 s]
6.0.N: Proof Simplification Iteration 7	[0.21 s]
6.0.N: Proof Simplification Iteration 8	[0.23 s]
6.0.N: Proof Simplification Iteration 9	[0.24 s]
6.0.N: Proof Simplification Iteration 10	[0.27 s]
6.0.PRE: Proof Simplification completed in 0.33 s
6: About to start ProofGrid in its own thread with a limit of 10000 pending notifications and a limit of 10 traces.
6: =============================== ProofGrid start ===============================
6: ProofGrid usable level: 1
6: Initial ProofGrid level: 1
6: ProofGrid is starting event handling
6.0.N: caddy12.stanford.edu: "Rocky Linux 8.10 (Green Obsidian)" is an unsupported operating system.
6.0.Hp: caddy12.stanford.edu: "Rocky Linux 8.10 (Green Obsidian)" is an unsupported operating system.
6.0.N: Proofgrid shell started at 2321997@caddy12.stanford.edu(local) jg_2320910_caddy12.stanford.edu_7
6.0.N: clocks: 1, declared: 1, looping: 0, posedge: 1, negedge: 0, noedge: 0, bothedge: 0
6.0.Hp: Proofgrid shell started at 2321998@caddy12.stanford.edu(local) jg_2320910_caddy12.stanford.edu_7
6.0.N: Last scan. Per property time limit: 0s
6.0.N: Starting proof for property "CS_mult_fsm_s1_7"	[0.00 s].
6.0.N: Trace Attempt  1	[0.01 s]
6.0.N: Trace Attempt  2	[0.02 s]
6.0.N: Trace Attempt  3	[0.02 s]
6.0.Ht: caddy12.stanford.edu: "Rocky Linux 8.10 (Green Obsidian)" is an unsupported operating system.
6.0.N: Trace Attempt  3	[0.06 s]
6.0.Hp: clocks: 1, declared: 1, looping: 0, posedge: 1, negedge: 0, noedge: 0, bothedge: 0
6.0.N: Trace Attempt  4	[0.08 s]
6.0.N: Trace Attempt  5	[0.08 s]
6.0.Oh: caddy12.stanford.edu: "Rocky Linux 8.10 (Green Obsidian)" is an unsupported operating system.
6.0.Ht: Proofgrid shell started at 2322014@caddy12.stanford.edu(local) jg_2320910_caddy12.stanford.edu_7
6.0.Ht: clocks: 1, declared: 1, looping: 0, posedge: 1, negedge: 0, noedge: 0, bothedge: 0
6.0.Mpcustom4: caddy12.stanford.edu: "Rocky Linux 8.10 (Green Obsidian)" is an unsupported operating system.
6.0.N: Trace Attempt  5	[0.16 s]
6.0.Ht: Trace Attempt  1	[0.04 s]
6.0.Ht: Trace Attempt  2	[0.05 s]
6.0.Ht: Trace Attempt  3	[0.05 s]
6.0.B: caddy12.stanford.edu: "Rocky Linux 8.10 (Green Obsidian)" is an unsupported operating system.
6.0.Ht: Trace Attempt  4	[0.06 s]
6.0.Ht: Trace Attempt  5	[0.07 s]
6.0.Oh: Proofgrid shell started at 2322033@caddy12.stanford.edu(local) jg_2320910_caddy12.stanford.edu_7
6.0.Oh: clocks: 1, declared: 1, looping: 0, posedge: 1, negedge: 0, noedge: 0, bothedge: 0
6.0.AM: caddy12.stanford.edu: "Rocky Linux 8.10 (Green Obsidian)" is an unsupported operating system.
6.0.B: Proofgrid shell started at 2322039@caddy12.stanford.edu(local) jg_2320910_caddy12.stanford.edu_7
6.0.B: clocks: 1, declared: 1, looping: 0, posedge: 1, negedge: 0, noedge: 0, bothedge: 0
6.0.B: Last scan. Per property time limit: 0s
6.0.B: Starting proof for property "CS_mult_fsm_s1_7"	[0.00 s].
6.0.B: Trace Attempt  1	[0.01 s]
6.0.Mpcustom4: Proofgrid shell started at 2322029@caddy12.stanford.edu(local) jg_2320910_caddy12.stanford.edu_7
6.0.B: Trace Attempt  2	[0.02 s]
6.0.B: Trace Attempt  3	[0.02 s]
6.0.Mpcustom4: clocks: 1, declared: 1, looping: 0, posedge: 1, negedge: 0, noedge: 0, bothedge: 0
6.0.B: Trace Attempt  4	[0.04 s]
6.0.Oh: bwd trail(1): 1 0.10876s
6.0.Oh: All properties either determined or skipped. [0.14 s]
6.0.Oh: Exited with Success (@ 0.43 s)
6.0.Oh: Completed, Restart ignored.
6.0.Mpcustom4: Trace Attempt  1	[0.04 s]
6.0.B: Trace Attempt  5	[0.07 s]
6.0.Mpcustom4: Trace Attempt  2	[0.06 s]
6.0.AM: Proofgrid shell started at 2322046@caddy12.stanford.edu(local) jg_2320910_caddy12.stanford.edu_7
6.0.AM: clocks: 1, declared: 1, looping: 0, posedge: 1, negedge: 0, noedge: 0, bothedge: 0
6.0.AM: Last scan. Per property time limit: 0s
6.0.AM: Starting proof for property "CS_mult_fsm_s1_7"	[0.00 s].
6.0.AM: Trace Attempt  1	[0.04 s]
6.0.AM: Trace Attempt  2	[0.07 s]
6.0.AM: Trace Attempt  3	[0.11 s]
6.0.AM: Trace Attempt  4	[0.15 s]
6.0.AM: Trace Attempt  5	[0.21 s]
6.0.Mpcustom4: Trace Attempt  3	[0.80 s]
6.0.Mpcustom4: Trace Attempt  3	[0.83 s]
6.0.Mpcustom4: Trace Attempt  4	[0.86 s]
6.0.Mpcustom4: Trace Attempt  4	[0.91 s]
6.0.Mpcustom4: Trace Attempt  5	[0.94 s]
6.0.Mpcustom4: Trace Attempt  5	[1.01 s]
6.0.N: Requesting engine job to stop
6.0.B: Requesting engine job to stop
6.0.AM: Requesting engine job to stop
6.0.Hp: Requesting engine job to terminate
6.0.Ht: Requesting engine job to terminate
6.0.Mpcustom4: Requesting engine job to terminate
INFO (IPF144): 6: Initiating shutdown of proof [1.43 s]
6.0.B: Trace Attempt 14	[0.75 s]
6.0.B: A trace with 14 cycles was found. [1.05 s]
INFO (IPF047): 6.0.B: The cover property "CS_mult_fsm_s1_7" was covered in 14 cycles in 1.08 s.
6.0.B: Stopped processing property "CS_mult_fsm_s1_7"	[1.08 s].
6.0.B: All properties determined. [1.06 s]
6.0.B: Exited with Success (@ 1.44 s)
6: ProofGrid usable level: 0
6.0.N: Trace Attempt 14	[1.34 s]
6.0.N: Stopped processing property "CS_mult_fsm_s1_7"	[1.37 s].
6.0.N: All properties determined. [1.41 s]
6.0.N: Exited with Success (@ 1.45 s)
6.0.AM: Trace Attempt 14	[0.56 s]
6.0.AM: Stopped processing property "CS_mult_fsm_s1_7"	[1.00 s].
6.0.Mpcustom4: All properties determined. [1.10 s]
6.0.AM: All properties determined. [1.00 s]
6.0.AM: Exited with Success (@ 1.51 s)
6.0.Mpcustom4: Exited with Success (@ 1.51 s)
6.0.Ht: Interrupted (multi)
6.0.Ht: Trace Attempt 14	[0.81 s]
6.0.Ht: All properties determined. [1.40 s]
6.0.Hp: Interrupted (multi)
6.0.Hp: All properties determined. [1.47 s]
6.0.Hp: Exited with Success (@ 1.65 s)
6.0.Ht: Exited with Success (@ 1.69 s)
6: --------------------------------------------------------------
ProofGrid Summary (utilization 79.00 %)
--------------------------------------------------------------
     engines started                               :     7
     engine jobs started                           :     7

    Average time in state (seconds)
    ------------------------------------------------------
    Engine  Pending     Running        Dead    Utilization
    ------------------------------------------------------
      N        0.12        1.41        0.00       91.89 %
     Hp        0.16        1.34        0.00       89.26 %
     Ht        0.22        1.27        0.00       85.33 %
    Mpcustom4        0.40        1.03        0.00       71.88 %
     Oh        0.27        0.15        0.00       35.93 %
      B        0.33        1.07        0.00       76.28 %
     AM        0.41        0.96        0.00       69.90 %
    all        0.27        1.03        0.00       79.00 %

    Total time in state (seconds)
    -----------------------------------------
            Pending     Running        Dead  
    -----------------------------------------
               1.92        7.23        0.00

    Data read    : 49.41 kiB
    Data written : 7.31 kiB

6: All pending notifications were processed.
INFO (IPF059): 6: Completed proof on task: "mytask"
cover -name CS_mult_fsm_s1_8 {@(posedge clk_i) !mult_fsm_s1 ##1 mult_fsm_s1 [*8] ##1 !mult_fsm_s1 }
INFO (IPF036): Starting proof on task: "mytask", 1 properties to prove with 0 already proven/unreachable
INFO (IPF031): Settings used for proof thread 7:
    orchestration                 = on (auto)
    time_limit                    = 600s
    per_property_time_limit       = 1s * 10 ^ scan
    engine_mode                   = auto
    proofgrid_per_engine_max_jobs = 1
    max engine jobs               = auto
    proofgrid_mode                = local
    proofgrid_restarts            = 10
7: Using multistage preprocessing
7: Starting reduce
7: Finished reduce in 0.071s
7.0.PRE: Performing Proof Simplification...
7.0.N: clocks: 1, declared: 1, looping: 0, posedge: 1, negedge: 0, noedge: 0, bothedge: 0
7.0.N: Proof Simplification Iteration 1	[0.00 s]
7.0.N: Proof Simplification Iteration 2	[0.09 s]
7.0.N: Proof Simplification Iteration 3	[0.13 s]
7.0.N: Proof Simplification Iteration 4	[0.15 s]
7.0.N: Proof Simplification Iteration 5	[0.18 s]
7.0.N: Proof Simplification Iteration 6	[0.20 s]
7.0.N: Proof Simplification Iteration 7	[0.23 s]
7.0.N: Proof Simplification Iteration 8	[0.25 s]
7.0.N: Proof Simplification Iteration 9	[0.27 s]
7.0.N: Proof Simplification Iteration 10	[0.31 s]
7.0.PRE: Proof Simplification completed in 0.36 s
7: About to start ProofGrid in its own thread with a limit of 10000 pending notifications and a limit of 10 traces.
7: =============================== ProofGrid start ===============================
7: ProofGrid usable level: 1
7: Initial ProofGrid level: 1
7: ProofGrid is starting event handling
7.0.N: caddy12.stanford.edu: "Rocky Linux 8.10 (Green Obsidian)" is an unsupported operating system.
7.0.Hp: caddy12.stanford.edu: "Rocky Linux 8.10 (Green Obsidian)" is an unsupported operating system.
7.0.N: Proofgrid shell started at 2322223@caddy12.stanford.edu(local) jg_2320910_caddy12.stanford.edu_8
7.0.Hp: Proofgrid shell started at 2322224@caddy12.stanford.edu(local) jg_2320910_caddy12.stanford.edu_8
7.0.Ht: caddy12.stanford.edu: "Rocky Linux 8.10 (Green Obsidian)" is an unsupported operating system.
7.0.N: clocks: 1, declared: 1, looping: 0, posedge: 1, negedge: 0, noedge: 0, bothedge: 0
7.0.N: Last scan. Per property time limit: 0s
7.0.N: Starting proof for property "CS_mult_fsm_s1_8"	[0.00 s].
7.0.N: Trace Attempt  1	[0.02 s]
7.0.Hp: clocks: 1, declared: 1, looping: 0, posedge: 1, negedge: 0, noedge: 0, bothedge: 0
7.0.N: Trace Attempt  2	[0.03 s]
7.0.N: Trace Attempt  3	[0.03 s]
7.0.N: Trace Attempt  3	[0.13 s]
7.0.N: Trace Attempt  4	[0.15 s]
7.0.N: Trace Attempt  5	[0.15 s]
7.0.Mpcustom4: caddy12.stanford.edu: "Rocky Linux 8.10 (Green Obsidian)" is an unsupported operating system.
7.0.Ht: Proofgrid shell started at 2322246@caddy12.stanford.edu(local) jg_2320910_caddy12.stanford.edu_8
7.0.Oh: caddy12.stanford.edu: "Rocky Linux 8.10 (Green Obsidian)" is an unsupported operating system.
7.0.Ht: clocks: 1, declared: 1, looping: 0, posedge: 1, negedge: 0, noedge: 0, bothedge: 0
7.0.B: caddy12.stanford.edu: "Rocky Linux 8.10 (Green Obsidian)" is an unsupported operating system.
7.0.N: Trace Attempt  5	[0.32 s]
7.0.Ht: Trace Attempt  1	[0.09 s]
7.0.Ht: Trace Attempt  2	[0.09 s]
7.0.AM: caddy12.stanford.edu: "Rocky Linux 8.10 (Green Obsidian)" is an unsupported operating system.
7.0.Ht: Trace Attempt  3	[0.10 s]
7.0.Ht: Trace Attempt  4	[0.10 s]
7.0.Ht: Trace Attempt  5	[0.11 s]
7.0.Oh: Proofgrid shell started at 2322264@caddy12.stanford.edu(local) jg_2320910_caddy12.stanford.edu_8
7.0.Mpcustom4: Proofgrid shell started at 2322262@caddy12.stanford.edu(local) jg_2320910_caddy12.stanford.edu_8
7.0.Oh: clocks: 1, declared: 1, looping: 0, posedge: 1, negedge: 0, noedge: 0, bothedge: 0
7.0.B: Proofgrid shell started at 2322266@caddy12.stanford.edu(local) jg_2320910_caddy12.stanford.edu_8
7.0.Mpcustom4: clocks: 1, declared: 1, looping: 0, posedge: 1, negedge: 0, noedge: 0, bothedge: 0
7.0.B: clocks: 1, declared: 1, looping: 0, posedge: 1, negedge: 0, noedge: 0, bothedge: 0
7.0.B: Last scan. Per property time limit: 0s
7.0.B: Starting proof for property "CS_mult_fsm_s1_8"	[0.00 s].
7.0.AM: Proofgrid shell started at 2322271@caddy12.stanford.edu(local) jg_2320910_caddy12.stanford.edu_8
7.0.B: Trace Attempt  1	[0.01 s]
7.0.B: Trace Attempt  2	[0.02 s]
7.0.Mpcustom4: Trace Attempt  1	[0.08 s]
7.0.B: Trace Attempt  3	[0.02 s]
7.0.B: Trace Attempt  4	[0.04 s]
7.0.AM: clocks: 1, declared: 1, looping: 0, posedge: 1, negedge: 0, noedge: 0, bothedge: 0
7.0.Mpcustom4: Trace Attempt  2	[0.12 s]
7.0.Oh: bwd trail(1): 1 0.104601s
7.0.Oh: All properties either determined or skipped. [0.13 s]
7.0.Oh: Exited with Success (@ 0.78 s)
7.0.Oh: Completed, Restart ignored.
7.0.AM: Last scan. Per property time limit: 0s
7.0.AM: Starting proof for property "CS_mult_fsm_s1_8"	[0.00 s].
7.0.B: Trace Attempt  5	[0.07 s]
7.0.AM: Trace Attempt  1	[0.02 s]
7.0.AM: Trace Attempt  2	[0.06 s]
7.0.AM: Trace Attempt  3	[0.09 s]
7.0.AM: Trace Attempt  4	[0.14 s]
7.0.AM: Trace Attempt  5	[0.19 s]
7.0.N: Requesting engine job to stop
7.0.B: Requesting engine job to stop
7.0.AM: Requesting engine job to stop
7.0.Hp: Requesting engine job to terminate
7.0.Ht: Requesting engine job to terminate
7.0.Mpcustom4: Requesting engine job to terminate
INFO (IPF144): 7: Initiating shutdown of proof [2.02 s]
7.0.AM: Trace Attempt 15	[0.77 s]
7.0.AM: A trace with 15 cycles was found. [1.23 s]
INFO (IPF047): 7.0.AM: The cover property "CS_mult_fsm_s1_8" was covered in 15 cycles in 1.26 s.
7.0.AM: Stopped processing property "CS_mult_fsm_s1_8"	[1.29 s].
7.0.AM: All properties determined. [1.24 s]
7.0.AM: Exited with Success (@ 2.03 s)
7: ProofGrid usable level: 0
7.0.Hp: Interrupted (multi)
7.0.Hp: All properties determined. [1.99 s]
7.0.Ht: Interrupted (multi)
7.0.Ht: Trace Attempt 15	[0.87 s]
7.0.Ht: All properties determined. [1.69 s]
7.0.N: Trace Attempt 14	[1.93 s]
7.0.N: Stopped processing property "CS_mult_fsm_s1_8"	[1.97 s].
7.0.N: All properties determined. [1.99 s]
7.0.B: Trace Attempt 15	[1.02 s]
7.0.B: Stopped processing property "CS_mult_fsm_s1_8"	[1.40 s].
7.0.N: Exited with Success (@ 2.14 s)
7.0.B: All properties determined. [1.42 s]
7.0.B: Exited with Success (@ 2.14 s)
7.0.Hp: Exited with Success (@ 2.16 s)
7.0.Ht: Exited with Success (@ 2.33 s)
7.0.Mpcustom4: All properties determined. [1.70 s]
7.0.Mpcustom4: Exited with Success (@ 2.36 s)
7: --------------------------------------------------------------
ProofGrid Summary (utilization 69.78 %)
--------------------------------------------------------------
     engines started                               :     7
     engine jobs started                           :     7

    Average time in state (seconds)
    ------------------------------------------------------
    Engine  Pending     Running        Dead    Utilization
    ------------------------------------------------------
      N        0.57        1.97        0.00       77.42 %
     Hp        0.56        1.93        0.00       77.59 %
     Ht        0.58        1.67        0.00       74.14 %
    Mpcustom4        0.63        1.36        0.00       68.29 %
     Oh        0.58        0.13        0.00       18.19 %
      B        0.62        1.34        0.00       68.39 %
     AM        0.63        1.26        0.00       66.42 %
    all        0.60        1.38        0.00       69.78 %

    Total time in state (seconds)
    -----------------------------------------
            Pending     Running        Dead  
    -----------------------------------------
               4.18        9.65        0.00

    Data read    : 50.99 kiB
    Data written : 7.28 kiB

7: All pending notifications were processed.
INFO (IPF059): 7: Completed proof on task: "mytask"
cover -name CS_mult_fsm_s1_9 {@(posedge clk_i) !mult_fsm_s1 ##1 mult_fsm_s1 [*9] ##1 !mult_fsm_s1 }
INFO (IPF036): Starting proof on task: "mytask", 1 properties to prove with 0 already proven/unreachable
INFO (IPF031): Settings used for proof thread 8:
    orchestration                 = on (auto)
    time_limit                    = 600s
    per_property_time_limit       = 1s * 10 ^ scan
    engine_mode                   = auto
    proofgrid_per_engine_max_jobs = 1
    max engine jobs               = auto
    proofgrid_mode                = local
    proofgrid_restarts            = 10
8: Using multistage preprocessing
8: Starting reduce
8: Finished reduce in 0.066s
8.0.PRE: Performing Proof Simplification...
8.0.N: clocks: 1, declared: 1, looping: 0, posedge: 1, negedge: 0, noedge: 0, bothedge: 0
8.0.N: Proof Simplification Iteration 1	[0.00 s]
8.0.N: Proof Simplification Iteration 2	[0.06 s]
8.0.N: Proof Simplification Iteration 3	[0.10 s]
8.0.N: Proof Simplification Iteration 4	[0.13 s]
8.0.N: Proof Simplification Iteration 5	[0.16 s]
8.0.N: Proof Simplification Iteration 6	[0.18 s]
8.0.N: Proof Simplification Iteration 7	[0.20 s]
8.0.N: Proof Simplification Iteration 8	[0.22 s]
8.0.N: Proof Simplification Iteration 9	[0.24 s]
8.0.N: Proof Simplification Iteration 10	[0.26 s]
8.0.PRE: Proof Simplification completed in 0.34 s
8: About to start ProofGrid in its own thread with a limit of 10000 pending notifications and a limit of 10 traces.
8: =============================== ProofGrid start ===============================
8: ProofGrid usable level: 1
8: Initial ProofGrid level: 1
8: ProofGrid is starting event handling
8.0.N: caddy12.stanford.edu: "Rocky Linux 8.10 (Green Obsidian)" is an unsupported operating system.
8.0.Hp: caddy12.stanford.edu: "Rocky Linux 8.10 (Green Obsidian)" is an unsupported operating system.
8.0.Ht: caddy12.stanford.edu: "Rocky Linux 8.10 (Green Obsidian)" is an unsupported operating system.
8.0.N: Proofgrid shell started at 2322337@caddy12.stanford.edu(local) jg_2320910_caddy12.stanford.edu_9
8.0.Hp: Proofgrid shell started at 2322338@caddy12.stanford.edu(local) jg_2320910_caddy12.stanford.edu_9
8.0.Hp: clocks: 1, declared: 1, looping: 0, posedge: 1, negedge: 0, noedge: 0, bothedge: 0
8.0.N: clocks: 1, declared: 1, looping: 0, posedge: 1, negedge: 0, noedge: 0, bothedge: 0
8.0.N: Last scan. Per property time limit: 0s
8.0.N: Starting proof for property "CS_mult_fsm_s1_9"	[0.00 s].
8.0.N: Trace Attempt  1	[0.03 s]
8.0.N: Trace Attempt  2	[0.04 s]
8.0.N: Trace Attempt  3	[0.04 s]
8.0.N: Trace Attempt  3	[0.13 s]
8.0.N: Trace Attempt  4	[0.16 s]
8.0.N: Trace Attempt  5	[0.16 s]
8.0.Ht: Proofgrid shell started at 2322360@caddy12.stanford.edu(local) jg_2320910_caddy12.stanford.edu_9
8.0.Ht: clocks: 1, declared: 1, looping: 0, posedge: 1, negedge: 0, noedge: 0, bothedge: 0
8.0.Mpcustom4: caddy12.stanford.edu: "Rocky Linux 8.10 (Green Obsidian)" is an unsupported operating system.
8.0.Ht: Trace Attempt  1	[0.06 s]
8.0.Ht: Trace Attempt  2	[0.06 s]
8.0.B: caddy12.stanford.edu: "Rocky Linux 8.10 (Green Obsidian)" is an unsupported operating system.
8.0.Ht: Trace Attempt  3	[0.09 s]
8.0.Oh: caddy12.stanford.edu: "Rocky Linux 8.10 (Green Obsidian)" is an unsupported operating system.
8.0.Ht: Trace Attempt  4	[0.10 s]
8.0.Ht: Trace Attempt  5	[0.10 s]
8.0.N: Trace Attempt  5	[0.32 s]
8.0.AM: caddy12.stanford.edu: "Rocky Linux 8.10 (Green Obsidian)" is an unsupported operating system.
8.0.Mpcustom4: Proofgrid shell started at 2322379@caddy12.stanford.edu(local) jg_2320910_caddy12.stanford.edu_9
8.0.Mpcustom4: clocks: 1, declared: 1, looping: 0, posedge: 1, negedge: 0, noedge: 0, bothedge: 0
8.0.B: Proofgrid shell started at 2322384@caddy12.stanford.edu(local) jg_2320910_caddy12.stanford.edu_9
8.0.Oh: Proofgrid shell started at 2322381@caddy12.stanford.edu(local) jg_2320910_caddy12.stanford.edu_9
8.0.Mpcustom4: Trace Attempt  1	[0.05 s]
8.0.B: clocks: 1, declared: 1, looping: 0, posedge: 1, negedge: 0, noedge: 0, bothedge: 0
8.0.Mpcustom4: Trace Attempt  2	[0.07 s]
8.0.B: Last scan. Per property time limit: 0s
8.0.B: Starting proof for property "CS_mult_fsm_s1_9"	[0.00 s].
8.0.AM: Proofgrid shell started at 2322386@caddy12.stanford.edu(local) jg_2320910_caddy12.stanford.edu_9
8.0.B: Trace Attempt  1	[0.01 s]
8.0.Oh: clocks: 1, declared: 1, looping: 0, posedge: 1, negedge: 0, noedge: 0, bothedge: 0
8.0.B: Trace Attempt  2	[0.03 s]
8.0.B: Trace Attempt  3	[0.04 s]
8.0.B: Trace Attempt  4	[0.05 s]
8.0.AM: clocks: 1, declared: 1, looping: 0, posedge: 1, negedge: 0, noedge: 0, bothedge: 0
8.0.AM: Last scan. Per property time limit: 0s
8.0.AM: Starting proof for property "CS_mult_fsm_s1_9"	[0.00 s].
8.0.B: Trace Attempt  5	[0.09 s]
8.0.AM: Trace Attempt  1	[0.03 s]
8.0.AM: Trace Attempt  2	[0.06 s]
8.0.AM: Trace Attempt  3	[0.11 s]
8.0.AM: Trace Attempt  4	[0.14 s]
8.0.AM: Trace Attempt  5	[0.19 s]
8.0.Oh: bwd trail(1): 1 0.107584s
8.0.Oh: All properties either determined or skipped. [0.36 s]
8.0.Oh: Exited with Success (@ 1.03 s)
8.0.Oh: Completed, Restart ignored.
8.0.Mpcustom4: Trace Attempt  3	[1.76 s]
8.0.Mpcustom4: Trace Attempt  3	[1.82 s]
8.0.N: Requesting engine job to stop
8.0.B: Requesting engine job to stop
8.0.AM: Requesting engine job to stop
8.0.Hp: Requesting engine job to terminate
8.0.Ht: Requesting engine job to terminate
8.0.Mpcustom4: Requesting engine job to terminate
INFO (IPF144): 8: Initiating shutdown of proof [2.45 s]
8.0.B: Trace Attempt 16	[1.07 s]
8.0.B: A trace with 16 cycles was found. [1.77 s]
INFO (IPF047): 8.0.B: The cover property "CS_mult_fsm_s1_9" was covered in 16 cycles in 1.80 s.
8.0.B: Stopped processing property "CS_mult_fsm_s1_9"	[1.84 s].
8.0.Mpcustom4: Trace Attempt  4	[1.85 s]
8.0.Hp: Interrupted (multi)
8.0.Hp: All properties determined. [2.45 s]
8.0.Ht: Interrupted (multi)
8.0.Ht: Trace Attempt 16	[0.72 s]
8.0.Ht: All properties determined. [2.21 s]
8.0.B: All properties determined. [1.80 s]
8.0.B: Exited with Success (@ 2.48 s)
8: ProofGrid usable level: 0
8.0.N: Trace Attempt 16	[2.41 s]
8.0.N: Stopped processing property "CS_mult_fsm_s1_9"	[2.48 s].
8.0.N: All properties determined. [2.46 s]
8.0.N: Exited with Success (@ 2.52 s)
8.0.AM: Trace Attempt 16	[0.88 s]
8.0.AM: Stopped processing property "CS_mult_fsm_s1_9"	[1.81 s].
8.0.AM: All properties determined. [1.81 s]
8.0.Mpcustom4: All properties determined. [1.95 s]
8.0.AM: Exited with Success (@ 2.56 s)
8.0.Mpcustom4: Exited with Success (@ 2.56 s)
8.0.Hp: Exited with Success (@ 2.68 s)
8.0.Ht: Exited with Success (@ 2.68 s)
8: --------------------------------------------------------------
ProofGrid Summary (utilization 75.80 %)
--------------------------------------------------------------
     engines started                               :     7
     engine jobs started                           :     7

    Average time in state (seconds)
    ------------------------------------------------------
    Engine  Pending     Running        Dead    Utilization
    ------------------------------------------------------
      N        0.62        2.43        0.00       79.74 %
     Hp        0.54        2.43        0.00       81.85 %
     Ht        0.53        2.21        0.00       80.71 %
    Mpcustom4        0.61        1.86        0.00       75.42 %
     Oh        0.63        0.37        0.00       36.68 %
      B        0.59        1.81        0.00       75.37 %
     AM        0.59        1.75        0.00       74.79 %
    all        0.59        1.84        0.00       75.80 %

    Total time in state (seconds)
    -----------------------------------------
            Pending     Running        Dead  
    -----------------------------------------
               4.10       12.85        0.00

    Data read    : 54.70 kiB
    Data written : 7.40 kiB

8: All pending notifications were processed.
INFO (IPF059): 8: Completed proof on task: "mytask"
cover -name CS_mult_fsm_s1_10 {@(posedge clk_i) !mult_fsm_s1 ##1 mult_fsm_s1 [*10] ##1 !mult_fsm_s1 }
INFO (IPF036): Starting proof on task: "mytask", 1 properties to prove with 0 already proven/unreachable
INFO (IPF031): Settings used for proof thread 9:
    orchestration                 = on (auto)
    time_limit                    = 600s
    per_property_time_limit       = 1s * 10 ^ scan
    engine_mode                   = auto
    proofgrid_per_engine_max_jobs = 1
    max engine jobs               = auto
    proofgrid_mode                = local
    proofgrid_restarts            = 10
9: Using multistage preprocessing
9: Starting reduce
9: Finished reduce in 0.066s
9.0.PRE: Performing Proof Simplification...
9.0.N: clocks: 1, declared: 1, looping: 0, posedge: 1, negedge: 0, noedge: 0, bothedge: 0
9.0.N: Proof Simplification Iteration 1	[0.00 s]
9.0.N: Proof Simplification Iteration 2	[0.07 s]
9.0.N: Proof Simplification Iteration 3	[0.10 s]
9.0.N: Proof Simplification Iteration 4	[0.15 s]
9.0.N: Proof Simplification Iteration 5	[0.18 s]
9.0.N: Proof Simplification Iteration 6	[0.21 s]
9.0.N: Proof Simplification Iteration 7	[0.25 s]
9.0.N: Proof Simplification Iteration 8	[0.28 s]
9.0.N: Proof Simplification Iteration 9	[0.32 s]
9.0.N: Proof Simplification Iteration 10	[0.35 s]
9.0.PRE: Proof Simplification completed in 0.43 s
9: About to start ProofGrid in its own thread with a limit of 10000 pending notifications and a limit of 10 traces.
9: =============================== ProofGrid start ===============================
9: ProofGrid usable level: 1
9: Initial ProofGrid level: 1
9: ProofGrid is starting event handling
9.0.N: caddy12.stanford.edu: "Rocky Linux 8.10 (Green Obsidian)" is an unsupported operating system.
9.0.Hp: caddy12.stanford.edu: "Rocky Linux 8.10 (Green Obsidian)" is an unsupported operating system.
9.0.N: Proofgrid shell started at 2322450@caddy12.stanford.edu(local) jg_2320910_caddy12.stanford.edu_10
9.0.Hp: Proofgrid shell started at 2322451@caddy12.stanford.edu(local) jg_2320910_caddy12.stanford.edu_10
9.0.Ht: caddy12.stanford.edu: "Rocky Linux 8.10 (Green Obsidian)" is an unsupported operating system.
9.0.Mpcustom4: caddy12.stanford.edu: "Rocky Linux 8.10 (Green Obsidian)" is an unsupported operating system.
9.0.N: clocks: 1, declared: 1, looping: 0, posedge: 1, negedge: 0, noedge: 0, bothedge: 0
9.0.Hp: clocks: 1, declared: 1, looping: 0, posedge: 1, negedge: 0, noedge: 0, bothedge: 0
9.0.N: Last scan. Per property time limit: 0s
9.0.N: Starting proof for property "CS_mult_fsm_s1_10"	[0.00 s].
9.0.N: Trace Attempt  1	[0.01 s]
9.0.N: Trace Attempt  2	[0.02 s]
9.0.N: Trace Attempt  3	[0.02 s]
9.0.N: Trace Attempt  3	[0.12 s]
9.0.AM: caddy12.stanford.edu: "Rocky Linux 8.10 (Green Obsidian)" is an unsupported operating system.
9.0.N: Trace Attempt  4	[0.14 s]
9.0.N: Trace Attempt  5	[0.14 s]
9.0.Oh: caddy12.stanford.edu: "Rocky Linux 8.10 (Green Obsidian)" is an unsupported operating system.
9.0.Mpcustom4: Proofgrid shell started at 2322476@caddy12.stanford.edu(local) jg_2320910_caddy12.stanford.edu_10
9.0.B: caddy12.stanford.edu: "Rocky Linux 8.10 (Green Obsidian)" is an unsupported operating system.
9.0.N: Trace Attempt  5	[0.22 s]
9.0.Ht: Proofgrid shell started at 2322472@caddy12.stanford.edu(local) jg_2320910_caddy12.stanford.edu_10
9.0.Mpcustom4: clocks: 1, declared: 1, looping: 0, posedge: 1, negedge: 0, noedge: 0, bothedge: 0
9.0.Ht: clocks: 1, declared: 1, looping: 0, posedge: 1, negedge: 0, noedge: 0, bothedge: 0
9.0.Mpcustom4: Trace Attempt  1	[0.07 s]
9.0.AM: Proofgrid shell started at 2322508@caddy12.stanford.edu(local) jg_2320910_caddy12.stanford.edu_10
9.0.Ht: Trace Attempt  1	[0.05 s]
9.0.Mpcustom4: Trace Attempt  2	[0.09 s]
9.0.Ht: Trace Attempt  2	[0.05 s]
9.0.Ht: Trace Attempt  3	[0.06 s]
9.0.Ht: Trace Attempt  4	[0.07 s]
9.0.Ht: Trace Attempt  5	[0.07 s]
9.0.AM: clocks: 1, declared: 1, looping: 0, posedge: 1, negedge: 0, noedge: 0, bothedge: 0
9.0.AM: Last scan. Per property time limit: 0s
9.0.AM: Starting proof for property "CS_mult_fsm_s1_10"	[0.00 s].
9.0.AM: Trace Attempt  1	[0.03 s]
9.0.B: Proofgrid shell started at 2322505@caddy12.stanford.edu(local) jg_2320910_caddy12.stanford.edu_10
9.0.AM: Trace Attempt  2	[0.07 s]
9.0.B: clocks: 1, declared: 1, looping: 0, posedge: 1, negedge: 0, noedge: 0, bothedge: 0
9.0.AM: Trace Attempt  3	[0.10 s]
9.0.Oh: Proofgrid shell started at 2322502@caddy12.stanford.edu(local) jg_2320910_caddy12.stanford.edu_10
9.0.B: Last scan. Per property time limit: 0s
9.0.B: Starting proof for property "CS_mult_fsm_s1_10"	[0.00 s].
9.0.B: Trace Attempt  1	[0.01 s]
9.0.AM: Trace Attempt  4	[0.13 s]
9.0.B: Trace Attempt  2	[0.02 s]
9.0.B: Trace Attempt  3	[0.02 s]
9.0.Oh: clocks: 1, declared: 1, looping: 0, posedge: 1, negedge: 0, noedge: 0, bothedge: 0
9.0.B: Trace Attempt  4	[0.06 s]
9.0.AM: Trace Attempt  5	[0.21 s]
9.0.B: Trace Attempt  5	[0.19 s]
9.0.Oh: bwd trail(1): 1 0.107013s
9.0.Oh: All properties either determined or skipped. [0.24 s]
9.0.Oh: Exited with Success (@ 0.84 s)
9.0.Mpcustom4: Trace Attempt  3	[1.05 s]
9.0.Mpcustom4: Trace Attempt  3	[1.08 s]
9.0.Mpcustom4: Trace Attempt  4	[1.11 s]
9.0.Mpcustom4: Trace Attempt  4	[1.16 s]
9.0.Mpcustom4: Trace Attempt  5	[1.19 s]
9.0.Mpcustom4: Trace Attempt  5	[1.26 s]
9.0.N: Requesting engine job to stop
9.0.B: Requesting engine job to stop
9.0.AM: Requesting engine job to stop
9.0.Hp: Requesting engine job to terminate
9.0.Ht: Requesting engine job to terminate
9.0.Mpcustom4: Requesting engine job to terminate
INFO (IPF144): 9: Initiating shutdown of proof [2.75 s]
9.0.Ht: Trace Attempt 17	[0.67 s]
9.0.Ht: A trace with 17 cycles was found. [2.38 s]
INFO (IPF047): 9.0.Ht: The cover property "CS_mult_fsm_s1_10" was covered in 17 cycles in 2.43 s.
9.0.N: Trace Attempt 17	[2.61 s]
9.0.N: Stopped processing property "CS_mult_fsm_s1_10"	[2.76 s].
9.0.Ht: All properties determined. [2.40 s]
9.0.N: All properties determined. [2.69 s]
9.0.N: Exited with Success (@ 2.78 s)
9: ProofGrid usable level: 0
9.0.B: Trace Attempt 17	[2.08 s]
9.0.B: Stopped processing property "CS_mult_fsm_s1_10"	[2.30 s].
9.0.B: All properties determined. [2.32 s]
9.0.B: Exited with Success (@ 2.89 s)
9.0.AM: Trace Attempt 17	[1.20 s]
9.0.AM: Stopped processing property "CS_mult_fsm_s1_10"	[2.45 s].
9.0.Mpcustom4: Trace Attempt 15	[2.11 s]
9.0.Mpcustom4: All properties determined. [2.60 s]
9.0.AM: All properties determined. [2.47 s]
9.0.AM: Exited with Success (@ 2.92 s)
9.0.Mpcustom4: Exited with Success (@ 2.93 s)
9.0.Ht: Exited with Success (@ 2.93 s)
9.0.Hp: Interrupted (multi)
9.0.Hp: All properties determined. [3.04 s]
9.0.Hp: Exited with Success (@ 3.16 s)
9: --------------------------------------------------------------
ProofGrid Summary (utilization 80.19 %)
--------------------------------------------------------------
     engines started                               :     7
     engine jobs started                           :     7

    Average time in state (seconds)
    ------------------------------------------------------
    Engine  Pending     Running        Dead    Utilization
    ------------------------------------------------------
      N        0.61        2.70        0.00       81.55 %
     Hp        0.54        2.69        0.00       83.17 %
     Ht        0.62        2.40        0.00       79.53 %
    Mpcustom4        0.55        2.44        0.00       81.69 %
     Oh        0.57        0.24        0.00       29.61 %
      B        0.49        2.23        0.00       81.93 %
     AM        0.34        2.33        0.00       87.40 %
    all        0.53        2.15        0.00       80.19 %

    Total time in state (seconds)
    -----------------------------------------
            Pending     Running        Dead  
    -----------------------------------------
               3.72       15.04        0.00

    Data read    : 55.85 kiB
    Data written : 7.50 kiB

9: All pending notifications were processed.
INFO (IPF059): 9: Completed proof on task: "mytask"
cover -name CS_mult_fsm_s1_11 {@(posedge clk_i) !mult_fsm_s1 ##1 mult_fsm_s1 [*11] ##1 !mult_fsm_s1 }
INFO (IPF036): Starting proof on task: "mytask", 1 properties to prove with 0 already proven/unreachable
INFO (IPF031): Settings used for proof thread 10:
    orchestration                 = on (auto)
    time_limit                    = 600s
    per_property_time_limit       = 1s * 10 ^ scan
    engine_mode                   = auto
    proofgrid_per_engine_max_jobs = 1
    max engine jobs               = auto
    proofgrid_mode                = local
    proofgrid_restarts            = 10
10: Using multistage preprocessing
10: Starting reduce
10: Finished reduce in 0.044s
10.0.PRE: Performing Proof Simplification...
10.0.N: clocks: 1, declared: 1, looping: 0, posedge: 1, negedge: 0, noedge: 0, bothedge: 0
10.0.N: Proof Simplification Iteration 1	[0.00 s]
10.0.N: Proof Simplification Iteration 2	[0.04 s]
10.0.N: Proof Simplification Iteration 3	[0.06 s]
10.0.N: Proof Simplification Iteration 4	[0.08 s]
10.0.N: Proof Simplification Iteration 5	[0.10 s]
10.0.N: Proof Simplification Iteration 6	[0.12 s]
10.0.N: Proof Simplification Iteration 7	[0.14 s]
10.0.N: Proof Simplification Iteration 8	[0.15 s]
10.0.N: Proof Simplification Iteration 9	[0.17 s]
10.0.N: Proof Simplification Iteration 10	[0.19 s]
10.0.PRE: Proof Simplification completed in 0.24 s
10: About to start ProofGrid in its own thread with a limit of 10000 pending notifications and a limit of 10 traces.
10: =============================== ProofGrid start ===============================
10: ProofGrid usable level: 1
10: Initial ProofGrid level: 1
10: ProofGrid is starting event handling
10.0.Hp: caddy12.stanford.edu: "Rocky Linux 8.10 (Green Obsidian)" is an unsupported operating system.
10.0.N: caddy12.stanford.edu: "Rocky Linux 8.10 (Green Obsidian)" is an unsupported operating system.
10.0.Ht: caddy12.stanford.edu: "Rocky Linux 8.10 (Green Obsidian)" is an unsupported operating system.
10.0.Mpcustom4: caddy12.stanford.edu: "Rocky Linux 8.10 (Green Obsidian)" is an unsupported operating system.
10.0.N: Proofgrid shell started at 2322570@caddy12.stanford.edu(local) jg_2320910_caddy12.stanford.edu_11
10.0.Hp: Proofgrid shell started at 2322571@caddy12.stanford.edu(local) jg_2320910_caddy12.stanford.edu_11
10.0.Oh: caddy12.stanford.edu: "Rocky Linux 8.10 (Green Obsidian)" is an unsupported operating system.
10.0.N: clocks: 1, declared: 1, looping: 0, posedge: 1, negedge: 0, noedge: 0, bothedge: 0
10.0.Hp: clocks: 1, declared: 1, looping: 0, posedge: 1, negedge: 0, noedge: 0, bothedge: 0
10.0.Ht: Proofgrid shell started at 2322593@caddy12.stanford.edu(local) jg_2320910_caddy12.stanford.edu_11
10.0.N: Last scan. Per property time limit: 0s
10.0.N: Starting proof for property "CS_mult_fsm_s1_11"	[0.00 s].
10.0.N: Trace Attempt  1	[0.01 s]
10.0.N: Trace Attempt  2	[0.02 s]
10.0.N: Trace Attempt  3	[0.02 s]
10.0.Ht: clocks: 1, declared: 1, looping: 0, posedge: 1, negedge: 0, noedge: 0, bothedge: 0
10.0.Mpcustom4: Proofgrid shell started at 2322612@caddy12.stanford.edu(local) jg_2320910_caddy12.stanford.edu_11
10.0.Mpcustom4: clocks: 1, declared: 1, looping: 0, posedge: 1, negedge: 0, noedge: 0, bothedge: 0
10.0.Ht: Trace Attempt  1	[0.04 s]
10.0.Ht: Trace Attempt  2	[0.04 s]
10.0.Ht: Trace Attempt  3	[0.05 s]
10.0.B: caddy12.stanford.edu: "Rocky Linux 8.10 (Green Obsidian)" is an unsupported operating system.
10.0.Ht: Trace Attempt  4	[0.06 s]
10.0.Mpcustom4: Trace Attempt  1	[0.04 s]
10.0.Oh: Proofgrid shell started at 2322627@caddy12.stanford.edu(local) jg_2320910_caddy12.stanford.edu_11
10.0.N: Trace Attempt  3	[0.07 s]
10.0.Ht: Trace Attempt  5	[0.06 s]
10.0.AM: caddy12.stanford.edu: "Rocky Linux 8.10 (Green Obsidian)" is an unsupported operating system.
10.0.Mpcustom4: Trace Attempt  2	[0.06 s]
10.0.Oh: clocks: 1, declared: 1, looping: 0, posedge: 1, negedge: 0, noedge: 0, bothedge: 0
10.0.N: Trace Attempt  4	[0.09 s]
10.0.N: Trace Attempt  5	[0.09 s]
10.0.B: Proofgrid shell started at 2322633@caddy12.stanford.edu(local) jg_2320910_caddy12.stanford.edu_11
10.0.B: clocks: 1, declared: 1, looping: 0, posedge: 1, negedge: 0, noedge: 0, bothedge: 0
10.0.B: Last scan. Per property time limit: 0s
10.0.B: Starting proof for property "CS_mult_fsm_s1_11"	[0.00 s].
10.0.B: Trace Attempt  1	[0.01 s]
10.0.B: Trace Attempt  2	[0.02 s]
10.0.N: Trace Attempt  5	[0.17 s]
10.0.B: Trace Attempt  3	[0.02 s]
10.0.B: Trace Attempt  4	[0.04 s]
10.0.Oh: bwd trail(1): 1 0.105469s
10.0.Oh: All properties either determined or skipped. [0.13 s]
10.0.Oh: Exited with Success (@ 0.23 s)
10.0.Oh: Completed, Restart ignored.
10.0.B: Trace Attempt  5	[0.07 s]
10.0.AM: Proofgrid shell started at 2322644@caddy12.stanford.edu(local) jg_2320910_caddy12.stanford.edu_11
10.0.AM: clocks: 1, declared: 1, looping: 0, posedge: 1, negedge: 0, noedge: 0, bothedge: 0
10.0.AM: Last scan. Per property time limit: 0s
10.0.AM: Starting proof for property "CS_mult_fsm_s1_11"	[0.00 s].
10.0.AM: Trace Attempt  1	[0.03 s]
10.0.AM: Trace Attempt  2	[0.06 s]
10.0.AM: Trace Attempt  3	[0.09 s]
10.0.AM: Trace Attempt  4	[0.13 s]
10.0.AM: Trace Attempt  5	[0.19 s]
10.0.Mpcustom4: Trace Attempt  3	[0.82 s]
10.0.Mpcustom4: Trace Attempt  3	[0.84 s]
10.0.Mpcustom4: Trace Attempt  4	[0.88 s]
10.0.Mpcustom4: Trace Attempt  4	[0.92 s]
10.0.Mpcustom4: Trace Attempt  5	[0.95 s]
10.0.Mpcustom4: Trace Attempt  5	[1.02 s]
10.0.N: Requesting engine job to stop
10.0.B: Requesting engine job to stop
10.0.AM: Requesting engine job to stop
10.0.Hp: Requesting engine job to terminate
10.0.Ht: Requesting engine job to terminate
10.0.Mpcustom4: Requesting engine job to terminate
INFO (IPF144): 10: Initiating shutdown of proof [2.26 s]
10.0.B: Trace Attempt 18	[1.09 s]
10.0.B: A trace with 18 cycles was found. [2.06 s]
INFO (IPF047): 10.0.B: The cover property "CS_mult_fsm_s1_11" was covered in 18 cycles in 2.11 s.
10.0.B: Stopped processing property "CS_mult_fsm_s1_11"	[2.13 s].
10.0.B: All properties determined. [2.10 s]
10.0.B: Exited with Success (@ 2.27 s)
10: ProofGrid usable level: 0
10.0.Hp: Interrupted (multi)
10.0.Hp: All properties determined. [2.31 s]
10.0.Ht: Interrupted (multi)
10.0.Ht: Trace Attempt 18	[0.85 s]
10.0.Ht: All properties determined. [2.30 s]
10.0.AM: Trace Attempt 18	[1.32 s]
10.0.AM: Stopped processing property "CS_mult_fsm_s1_11"	[1.97 s].
10.0.AM: All properties determined. [1.97 s]
10.0.AM: Exited with Success (@ 2.36 s)
10.0.N: Trace Attempt 16	[1.72 s]
10.0.N: Stopped processing property "CS_mult_fsm_s1_11"	[2.35 s].
10.0.Mpcustom4: Trace Attempt 16	[2.19 s]
10.0.Mpcustom4: All properties determined. [2.33 s]
10.0.N: All properties determined. [2.36 s]
10.0.N: Exited with Success (@ 2.40 s)
10.0.Mpcustom4: Exited with Success (@ 2.40 s)
10.0.Ht: Exited with Success (@ 2.54 s)
10.0.Hp: Exited with Success (@ 2.55 s)
10: --------------------------------------------------------------
ProofGrid Summary (utilization 93.37 %)
--------------------------------------------------------------
     engines started                               :     7
     engine jobs started                           :     7

    Average time in state (seconds)
    ------------------------------------------------------
    Engine  Pending     Running        Dead    Utilization
    ------------------------------------------------------
      N        0.10        2.25        0.00       95.57 %
     Hp        0.09        2.25        0.00       96.11 %
     Ht        0.09        2.23        0.00       96.09 %
    Mpcustom4        0.08        2.21        0.00       96.33 %
     Oh        0.11        0.13        0.00       55.11 %
      B        0.15        2.11        0.00       93.31 %
     AM        0.30        1.90        0.00       86.35 %
    all        0.13        1.87        0.00       93.37 %

    Total time in state (seconds)
    -----------------------------------------
            Pending     Running        Dead  
    -----------------------------------------
               0.93       13.07        0.00

    Data read    : 59.24 kiB
    Data written : 7.64 kiB

10: All pending notifications were processed.
INFO (IPF059): 10: Completed proof on task: "mytask"
cover -name CS_mult_fsm_s1_12 {@(posedge clk_i) !mult_fsm_s1 ##1 mult_fsm_s1 [*12] ##1 !mult_fsm_s1 }
INFO (IPF036): Starting proof on task: "mytask", 1 properties to prove with 0 already proven/unreachable
INFO (IPF031): Settings used for proof thread 11:
    orchestration                 = on (auto)
    time_limit                    = 600s
    per_property_time_limit       = 1s * 10 ^ scan
    engine_mode                   = auto
    proofgrid_per_engine_max_jobs = 1
    max engine jobs               = auto
    proofgrid_mode                = local
    proofgrid_restarts            = 10
11: Using multistage preprocessing
11: Starting reduce
11: Finished reduce in 0.056s
11.0.PRE: Performing Proof Simplification...
11.0.N: clocks: 1, declared: 1, looping: 0, posedge: 1, negedge: 0, noedge: 0, bothedge: 0
11.0.N: Proof Simplification Iteration 1	[0.00 s]
11.0.N: Proof Simplification Iteration 2	[0.04 s]
11.0.N: Proof Simplification Iteration 3	[0.06 s]
11.0.N: Proof Simplification Iteration 4	[0.08 s]
11.0.N: Proof Simplification Iteration 5	[0.11 s]
11.0.N: Proof Simplification Iteration 6	[0.14 s]
11.0.N: Proof Simplification Iteration 7	[0.19 s]
11.0.N: Proof Simplification Iteration 8	[0.22 s]
11.0.N: Proof Simplification Iteration 9	[0.26 s]
11.0.N: Proof Simplification Iteration 10	[0.29 s]
11.0.PRE: Proof Simplification completed in 0.38 s
11: About to start ProofGrid in its own thread with a limit of 10000 pending notifications and a limit of 10 traces.
11: =============================== ProofGrid start ===============================
11: ProofGrid usable level: 1
11: Initial ProofGrid level: 1
11: ProofGrid is starting event handling
11.0.N: caddy12.stanford.edu: "Rocky Linux 8.10 (Green Obsidian)" is an unsupported operating system.
11.0.Hp: caddy12.stanford.edu: "Rocky Linux 8.10 (Green Obsidian)" is an unsupported operating system.
11.0.N: Proofgrid shell started at 2322791@caddy12.stanford.edu(local) jg_2320910_caddy12.stanford.edu_12
11.0.Ht: caddy12.stanford.edu: "Rocky Linux 8.10 (Green Obsidian)" is an unsupported operating system.
11.0.N: clocks: 1, declared: 1, looping: 0, posedge: 1, negedge: 0, noedge: 0, bothedge: 0
11.0.N: Last scan. Per property time limit: 0s
11.0.N: Starting proof for property "CS_mult_fsm_s1_12"	[0.00 s].
11.0.N: Trace Attempt  1	[0.02 s]
11.0.Hp: Proofgrid shell started at 2322792@caddy12.stanford.edu(local) jg_2320910_caddy12.stanford.edu_12
11.0.N: Trace Attempt  2	[0.04 s]
11.0.N: Trace Attempt  3	[0.04 s]
11.0.Mpcustom4: caddy12.stanford.edu: "Rocky Linux 8.10 (Green Obsidian)" is an unsupported operating system.
11.0.Hp: clocks: 1, declared: 1, looping: 0, posedge: 1, negedge: 0, noedge: 0, bothedge: 0
11.0.N: Trace Attempt  3	[0.13 s]
11.0.N: Trace Attempt  4	[0.15 s]
11.0.N: Trace Attempt  5	[0.15 s]
11.0.Ht: Proofgrid shell started at 2322811@caddy12.stanford.edu(local) jg_2320910_caddy12.stanford.edu_12
11.0.Oh: caddy12.stanford.edu: "Rocky Linux 8.10 (Green Obsidian)" is an unsupported operating system.
11.0.Ht: clocks: 1, declared: 1, looping: 0, posedge: 1, negedge: 0, noedge: 0, bothedge: 0
11.0.B: caddy12.stanford.edu: "Rocky Linux 8.10 (Green Obsidian)" is an unsupported operating system.
11.0.AM: caddy12.stanford.edu: "Rocky Linux 8.10 (Green Obsidian)" is an unsupported operating system.
11.0.N: Trace Attempt  5	[0.31 s]
11.0.Mpcustom4: Proofgrid shell started at 2322819@caddy12.stanford.edu(local) jg_2320910_caddy12.stanford.edu_12
11.0.Ht: Trace Attempt  1	[0.07 s]
11.0.Ht: Trace Attempt  2	[0.07 s]
11.0.Ht: Trace Attempt  3	[0.08 s]
11.0.Mpcustom4: clocks: 1, declared: 1, looping: 0, posedge: 1, negedge: 0, noedge: 0, bothedge: 0
11.0.Ht: Trace Attempt  4	[0.09 s]
11.0.Ht: Trace Attempt  5	[0.11 s]
11.0.Mpcustom4: Trace Attempt  1	[0.07 s]
11.0.Mpcustom4: Trace Attempt  2	[0.10 s]
11.0.Oh: Proofgrid shell started at 2322837@caddy12.stanford.edu(local) jg_2320910_caddy12.stanford.edu_12
11.0.Oh: clocks: 1, declared: 1, looping: 0, posedge: 1, negedge: 0, noedge: 0, bothedge: 0
11.0.AM: Proofgrid shell started at 2322846@caddy12.stanford.edu(local) jg_2320910_caddy12.stanford.edu_12
11.0.B: Proofgrid shell started at 2322843@caddy12.stanford.edu(local) jg_2320910_caddy12.stanford.edu_12
11.0.AM: clocks: 1, declared: 1, looping: 0, posedge: 1, negedge: 0, noedge: 0, bothedge: 0
11.0.AM: Last scan. Per property time limit: 0s
11.0.AM: Starting proof for property "CS_mult_fsm_s1_12"	[0.00 s].
11.0.B: clocks: 1, declared: 1, looping: 0, posedge: 1, negedge: 0, noedge: 0, bothedge: 0
11.0.B: Last scan. Per property time limit: 0s
11.0.B: Starting proof for property "CS_mult_fsm_s1_12"	[0.00 s].
11.0.B: Trace Attempt  1	[0.01 s]
11.0.AM: Trace Attempt  1	[0.04 s]
11.0.B: Trace Attempt  2	[0.04 s]
11.0.B: Trace Attempt  3	[0.05 s]
11.0.AM: Trace Attempt  2	[0.07 s]
11.0.B: Trace Attempt  4	[0.07 s]
11.0.AM: Trace Attempt  3	[0.10 s]
11.0.Oh: bwd trail(1): 1 0.10469s
11.0.AM: Trace Attempt  4	[0.13 s]
11.0.Oh: All properties either determined or skipped. [0.21 s]
11.0.Oh: Exited with Success (@ 0.85 s)
11.0.B: Trace Attempt  5	[0.14 s]
11.0.AM: Trace Attempt  5	[0.21 s]
11.0.Mpcustom4: Trace Attempt  3	[1.44 s]
11.0.Mpcustom4: Trace Attempt  3	[1.49 s]
11.0.Mpcustom4: Trace Attempt  4	[1.56 s]
11.0.Mpcustom4: Trace Attempt  4	[1.65 s]
11.0.Mpcustom4: Trace Attempt  5	[1.68 s]
11.0.Mpcustom4: Trace Attempt  5	[1.75 s]
11.0.N: Requesting engine job to stop
11.0.B: Requesting engine job to stop
11.0.AM: Requesting engine job to stop
11.0.Hp: Requesting engine job to terminate
11.0.Ht: Requesting engine job to terminate
11.0.Mpcustom4: Requesting engine job to terminate
INFO (IPF144): 11: Initiating shutdown of proof [3.12 s]
11.0.AM: Trace Attempt 19	[1.17 s]
11.0.AM: A trace with 19 cycles was found. [2.42 s]
INFO (IPF047): 11.0.AM: The cover property "CS_mult_fsm_s1_12" was covered in 19 cycles in 2.45 s.
11.0.AM: Stopped processing property "CS_mult_fsm_s1_12"	[2.49 s].
11.0.AM: All properties determined. [2.44 s]
11.0.AM: Exited with Success (@ 3.14 s)
11: ProofGrid usable level: 0
11.0.Ht: Interrupted (multi)
11.0.Ht: Trace Attempt 19	[0.97 s]
11.0.Ht: All properties determined. [2.83 s]
11.0.N: Trace Attempt 18	[2.96 s]
11.0.N: Stopped processing property "CS_mult_fsm_s1_12"	[3.13 s].
11.0.N: All properties determined. [3.14 s]
11.0.N: Exited with Success (@ 3.20 s)
11.0.Mpcustom4: Trace Attempt 12	[2.49 s]
11.0.Mpcustom4: All properties determined. [2.83 s]
11.0.Mpcustom4: Exited with Success (@ 3.24 s)
11.0.B: Trace Attempt 19	[1.71 s]
11.0.B: Stopped processing property "CS_mult_fsm_s1_12"	[2.56 s].
11.0.B: All properties determined. [2.58 s]
11.0.B: Exited with Success (@ 3.31 s)
11.0.Ht: Exited with Success (@ 3.37 s)
11.0.Hp: Interrupted (multi)
11.0.Hp: All properties determined. [3.52 s]
11.0.Hp: Exited with Success (@ 3.76 s)
11: --------------------------------------------------------------
ProofGrid Summary (utilization 80.89 %)
--------------------------------------------------------------
     engines started                               :     7
     engine jobs started                           :     7

    Average time in state (seconds)
    ------------------------------------------------------
    Engine  Pending     Running        Dead    Utilization
    ------------------------------------------------------
      N        0.52        3.09        0.00       85.49 %
     Hp        0.55        2.99        0.00       84.51 %
     Ht        0.55        2.79        0.00       83.52 %
    Mpcustom4        0.54        2.73        0.00       83.57 %
     Oh        0.59        0.20        0.00       24.79 %
      B        0.62        2.43        0.00       79.71 %
     AM        0.57        2.46        0.00       81.23 %
    all        0.56        2.38        0.00       80.89 %

    Total time in state (seconds)
    -----------------------------------------
            Pending     Running        Dead  
    -----------------------------------------
               3.94       16.69        0.00

    Data read    : 61.26 kiB
    Data written : 7.51 kiB

11: All pending notifications were processed.
INFO (IPF059): 11: Completed proof on task: "mytask"
cover -name CS_mult_fsm_s1_13 {@(posedge clk_i) !mult_fsm_s1 ##1 mult_fsm_s1 [*13] ##1 !mult_fsm_s1 }
INFO (IPF036): Starting proof on task: "mytask", 1 properties to prove with 0 already proven/unreachable
INFO (IPF031): Settings used for proof thread 12:
    orchestration                 = on (auto)
    time_limit                    = 600s
    per_property_time_limit       = 1s * 10 ^ scan
    engine_mode                   = auto
    proofgrid_per_engine_max_jobs = 1
    max engine jobs               = auto
    proofgrid_mode                = local
    proofgrid_restarts            = 10
12: Using multistage preprocessing
12: Starting reduce
12: Finished reduce in 0.065s
12.0.PRE: Performing Proof Simplification...
12.0.N: clocks: 1, declared: 1, looping: 0, posedge: 1, negedge: 0, noedge: 0, bothedge: 0
12.0.N: Proof Simplification Iteration 1	[0.00 s]
12.0.N: Proof Simplification Iteration 2	[0.04 s]
12.0.N: Proof Simplification Iteration 3	[0.06 s]
12.0.N: Proof Simplification Iteration 4	[0.10 s]
12.0.N: Proof Simplification Iteration 5	[0.12 s]
12.0.N: Proof Simplification Iteration 6	[0.16 s]
12.0.N: Proof Simplification Iteration 7	[0.19 s]
12.0.N: Proof Simplification Iteration 8	[0.23 s]
12.0.N: Proof Simplification Iteration 9	[0.25 s]
12.0.N: Proof Simplification Iteration 10	[0.30 s]
12.0.PRE: Proof Simplification completed in 0.39 s
12: About to start ProofGrid in its own thread with a limit of 10000 pending notifications and a limit of 10 traces.
12: =============================== ProofGrid start ===============================
12: ProofGrid usable level: 1
12: Initial ProofGrid level: 1
12: ProofGrid is starting event handling
12.0.N: caddy12.stanford.edu: "Rocky Linux 8.10 (Green Obsidian)" is an unsupported operating system.
12.0.Hp: caddy12.stanford.edu: "Rocky Linux 8.10 (Green Obsidian)" is an unsupported operating system.
12.0.Hp: Proofgrid shell started at 2322905@caddy12.stanford.edu(local) jg_2320910_caddy12.stanford.edu_13
12.0.N: Proofgrid shell started at 2322904@caddy12.stanford.edu(local) jg_2320910_caddy12.stanford.edu_13
12.0.Ht: caddy12.stanford.edu: "Rocky Linux 8.10 (Green Obsidian)" is an unsupported operating system.
12.0.N: clocks: 1, declared: 1, looping: 0, posedge: 1, negedge: 0, noedge: 0, bothedge: 0
12.0.N: Last scan. Per property time limit: 0s
12.0.N: Starting proof for property "CS_mult_fsm_s1_13"	[0.00 s].
12.0.Hp: clocks: 1, declared: 1, looping: 0, posedge: 1, negedge: 0, noedge: 0, bothedge: 0
12.0.N: Trace Attempt  1	[0.01 s]
12.0.N: Trace Attempt  2	[0.03 s]
12.0.N: Trace Attempt  3	[0.03 s]
12.0.N: Trace Attempt  3	[0.13 s]
12.0.N: Trace Attempt  4	[0.16 s]
12.0.N: Trace Attempt  5	[0.16 s]
12.0.Mpcustom4: caddy12.stanford.edu: "Rocky Linux 8.10 (Green Obsidian)" is an unsupported operating system.
12.0.Oh: caddy12.stanford.edu: "Rocky Linux 8.10 (Green Obsidian)" is an unsupported operating system.
12.0.B: caddy12.stanford.edu: "Rocky Linux 8.10 (Green Obsidian)" is an unsupported operating system.
12.0.AM: caddy12.stanford.edu: "Rocky Linux 8.10 (Green Obsidian)" is an unsupported operating system.
12.0.Ht: Proofgrid shell started at 2322927@caddy12.stanford.edu(local) jg_2320910_caddy12.stanford.edu_13
12.0.N: Trace Attempt  5	[0.32 s]
12.0.Ht: clocks: 1, declared: 1, looping: 0, posedge: 1, negedge: 0, noedge: 0, bothedge: 0
12.0.Ht: Trace Attempt  1	[0.11 s]
12.0.Ht: Trace Attempt  2	[0.11 s]
12.0.Ht: Trace Attempt  3	[0.12 s]
12.0.Ht: Trace Attempt  4	[0.13 s]
12.0.Ht: Trace Attempt  5	[0.15 s]
12.0.Mpcustom4: Proofgrid shell started at 2322943@caddy12.stanford.edu(local) jg_2320910_caddy12.stanford.edu_13
12.0.Oh: Proofgrid shell started at 2322945@caddy12.stanford.edu(local) jg_2320910_caddy12.stanford.edu_13
12.0.B: Proofgrid shell started at 2322947@caddy12.stanford.edu(local) jg_2320910_caddy12.stanford.edu_13
12.0.Mpcustom4: clocks: 1, declared: 1, looping: 0, posedge: 1, negedge: 0, noedge: 0, bothedge: 0
12.0.Oh: clocks: 1, declared: 1, looping: 0, posedge: 1, negedge: 0, noedge: 0, bothedge: 0
12.0.B: clocks: 1, declared: 1, looping: 0, posedge: 1, negedge: 0, noedge: 0, bothedge: 0
12.0.AM: Proofgrid shell started at 2322950@caddy12.stanford.edu(local) jg_2320910_caddy12.stanford.edu_13
12.0.B: Last scan. Per property time limit: 0s
12.0.B: Starting proof for property "CS_mult_fsm_s1_13"	[0.00 s].
12.0.B: Trace Attempt  1	[0.01 s]
12.0.Mpcustom4: Trace Attempt  1	[0.09 s]
12.0.B: Trace Attempt  2	[0.04 s]
12.0.AM: clocks: 1, declared: 1, looping: 0, posedge: 1, negedge: 0, noedge: 0, bothedge: 0
12.0.AM: Last scan. Per property time limit: 0s
12.0.AM: Starting proof for property "CS_mult_fsm_s1_13"	[0.00 s].
12.0.B: Trace Attempt  3	[0.07 s]
12.0.AM: Trace Attempt  1	[0.01 s]
12.0.Mpcustom4: Trace Attempt  2	[0.16 s]
12.0.B: Trace Attempt  4	[0.10 s]
12.0.AM: Trace Attempt  2	[0.07 s]
12.0.Oh: bwd trail(1): 1 0.11076s
12.0.Oh: All properties either determined or skipped. [0.23 s]
12.0.AM: Trace Attempt  3	[0.15 s]
12.0.B: Trace Attempt  5	[0.23 s]
12.0.Oh: Exited with Success (@ 0.97 s)
12.0.AM: Trace Attempt  4	[0.20 s]
12.0.AM: Trace Attempt  5	[0.23 s]
12.0.Mpcustom4: Trace Attempt  3	[1.10 s]
12.0.Mpcustom4: Trace Attempt  3	[1.14 s]
12.0.Mpcustom4: Trace Attempt  4	[1.17 s]
12.0.Mpcustom4: Trace Attempt  4	[1.22 s]
12.0.Mpcustom4: Trace Attempt  5	[1.26 s]
12.0.Mpcustom4: Trace Attempt  5	[1.32 s]
12.0.N: Requesting engine job to stop
12.0.B: Requesting engine job to stop
12.0.AM: Requesting engine job to stop
12.0.Hp: Requesting engine job to terminate
12.0.Ht: Requesting engine job to terminate
12.0.Mpcustom4: Requesting engine job to terminate
INFO (IPF144): 12: Initiating shutdown of proof [3.42 s]
12.0.B: Trace Attempt 20	[1.84 s]
12.0.B: A trace with 20 cycles was found. [2.69 s]
INFO (IPF047): 12.0.B: The cover property "CS_mult_fsm_s1_13" was covered in 20 cycles in 2.72 s.
12.0.B: Stopped processing property "CS_mult_fsm_s1_13"	[2.72 s].
12.0.B: All properties determined. [2.71 s]
12.0.B: Exited with Success (@ 3.44 s)
12: ProofGrid usable level: 0
12.0.Hp: Interrupted (multi)
12.0.Hp: All properties determined. [3.39 s]
12.0.N: Trace Attempt 20	[3.14 s]
12.0.N: Stopped processing property "CS_mult_fsm_s1_13"	[3.41 s].
12.0.N: All properties determined. [3.41 s]
12.0.AM: Trace Attempt 20	[1.51 s]
12.0.AM: Stopped processing property "CS_mult_fsm_s1_13"	[2.73 s].
12.0.N: Exited with Success (@ 3.52 s)
12.0.AM: All properties determined. [2.74 s]
12.0.AM: Exited with Success (@ 3.53 s)
12.0.Ht: Interrupted (multi)
12.0.Ht: Trace Attempt 20	[1.86 s]
12.0.Ht: All properties determined. [3.13 s]
12.0.Mpcustom4: Trace Attempt 18	[2.68 s]
12.0.Mpcustom4: All properties determined. [2.91 s]
12.0.Mpcustom4: Exited with Success (@ 3.58 s)
12.0.Hp: Exited with Success (@ 3.66 s)
12.0.Ht: Exited with Success (@ 3.78 s)
12: --------------------------------------------------------------
ProofGrid Summary (utilization 81.19 %)
--------------------------------------------------------------
     engines started                               :     7
     engine jobs started                           :     7

    Average time in state (seconds)
    ------------------------------------------------------
    Engine  Pending     Running        Dead    Utilization
    ------------------------------------------------------
      N        0.58        3.36        0.00       85.33 %
     Hp        0.47        3.34        0.00       87.66 %
     Ht        0.62        3.01        0.00       82.85 %
    Mpcustom4        0.64        2.76        0.00       81.14 %
     Oh        0.64        0.23        0.00       26.79 %
      B        0.61        2.72        0.00       81.76 %
     AM        0.64        2.67        0.00       80.72 %
    all        0.60        2.58        0.00       81.19 %

    Total time in state (seconds)
    -----------------------------------------
            Pending     Running        Dead  
    -----------------------------------------
               4.19       18.09        0.00

    Data read    : 64.59 kiB
    Data written : 7.76 kiB

12: All pending notifications were processed.
INFO (IPF059): 12: Completed proof on task: "mytask"
cover -name CS_mult_fsm_s1_14 {@(posedge clk_i) !mult_fsm_s1 ##1 mult_fsm_s1 [*14] ##1 !mult_fsm_s1 }
INFO (IPF036): Starting proof on task: "mytask", 1 properties to prove with 0 already proven/unreachable
INFO (IPF031): Settings used for proof thread 13:
    orchestration                 = on (auto)
    time_limit                    = 600s
    per_property_time_limit       = 1s * 10 ^ scan
    engine_mode                   = auto
    proofgrid_per_engine_max_jobs = 1
    max engine jobs               = auto
    proofgrid_mode                = local
    proofgrid_restarts            = 10
13: Using multistage preprocessing
13: Starting reduce
13: Finished reduce in 0.068s
13.0.PRE: Performing Proof Simplification...
13.0.N: clocks: 1, declared: 1, looping: 0, posedge: 1, negedge: 0, noedge: 0, bothedge: 0
13.0.N: Proof Simplification Iteration 1	[0.00 s]
13.0.N: Proof Simplification Iteration 2	[0.08 s]
13.0.N: Proof Simplification Iteration 3	[0.11 s]
13.0.N: Proof Simplification Iteration 4	[0.13 s]
13.0.N: Proof Simplification Iteration 5	[0.15 s]
13.0.N: Proof Simplification Iteration 6	[0.17 s]
13.0.N: Proof Simplification Iteration 7	[0.21 s]
13.0.N: Proof Simplification Iteration 8	[0.23 s]
13.0.N: Proof Simplification Iteration 9	[0.25 s]
13.0.N: Proof Simplification Iteration 10	[0.27 s]
13.0.PRE: Proof Simplification completed in 0.33 s
13: About to start ProofGrid in its own thread with a limit of 10000 pending notifications and a limit of 10 traces.
13: =============================== ProofGrid start ===============================
13: ProofGrid usable level: 1
13: Initial ProofGrid level: 1
13: ProofGrid is starting event handling
13.0.Hp: caddy12.stanford.edu: "Rocky Linux 8.10 (Green Obsidian)" is an unsupported operating system.
13.0.Hp: Proofgrid shell started at 2323171@caddy12.stanford.edu(local) jg_2320910_caddy12.stanford.edu_14
13.0.Hp: clocks: 1, declared: 1, looping: 0, posedge: 1, negedge: 0, noedge: 0, bothedge: 0
13.0.N: caddy12.stanford.edu: "Rocky Linux 8.10 (Green Obsidian)" is an unsupported operating system.
13.0.Hp: Trace Attempt  1	[0.15 s]
13.0.Hp: Trace Attempt  2	[0.15 s]
13.0.Ht: caddy12.stanford.edu: "Rocky Linux 8.10 (Green Obsidian)" is an unsupported operating system.
13.0.Hp: Trace Attempt  3	[0.25 s]
13.0.Mpcustom4: caddy12.stanford.edu: "Rocky Linux 8.10 (Green Obsidian)" is an unsupported operating system.
13.0.B: caddy12.stanford.edu: "Rocky Linux 8.10 (Green Obsidian)" is an unsupported operating system.
13.0.N: Proofgrid shell started at 2323170@caddy12.stanford.edu(local) jg_2320910_caddy12.stanford.edu_14
13.0.Oh: caddy12.stanford.edu: "Rocky Linux 8.10 (Green Obsidian)" is an unsupported operating system.
13.0.N: clocks: 1, declared: 1, looping: 0, posedge: 1, negedge: 0, noedge: 0, bothedge: 0
13.0.Hp: Trace Attempt  4	[0.34 s]
13.0.N: Last scan. Per property time limit: 0s
13.0.N: Starting proof for property "CS_mult_fsm_s1_14"	[0.00 s].
13.0.AM: caddy12.stanford.edu: "Rocky Linux 8.10 (Green Obsidian)" is an unsupported operating system.
13.0.N: Trace Attempt  1	[0.01 s]
13.0.N: Trace Attempt  2	[0.02 s]
13.0.N: Trace Attempt  3	[0.02 s]
13.0.Ht: Proofgrid shell started at 2323185@caddy12.stanford.edu(local) jg_2320910_caddy12.stanford.edu_14
13.0.Ht: clocks: 1, declared: 1, looping: 0, posedge: 1, negedge: 0, noedge: 0, bothedge: 0
13.0.N: Trace Attempt  3	[0.13 s]
13.0.Hp: Trace Attempt  5	[0.48 s]
13.0.N: Trace Attempt  4	[0.15 s]
13.0.N: Trace Attempt  5	[0.16 s]
13.0.Ht: Trace Attempt  1	[0.07 s]
13.0.Mpcustom4: Proofgrid shell started at 2323192@caddy12.stanford.edu(local) jg_2320910_caddy12.stanford.edu_14
13.0.Ht: Trace Attempt  2	[0.07 s]
13.0.Ht: Trace Attempt  3	[0.07 s]
13.0.Ht: Trace Attempt  4	[0.08 s]
13.0.Ht: Trace Attempt  5	[0.09 s]
13.0.Oh: Proofgrid shell started at 2323200@caddy12.stanford.edu(local) jg_2320910_caddy12.stanford.edu_14
13.0.B: Proofgrid shell started at 2323201@caddy12.stanford.edu(local) jg_2320910_caddy12.stanford.edu_14
13.0.Mpcustom4: clocks: 1, declared: 1, looping: 0, posedge: 1, negedge: 0, noedge: 0, bothedge: 0
13.0.Oh: clocks: 1, declared: 1, looping: 0, posedge: 1, negedge: 0, noedge: 0, bothedge: 0
13.0.Mpcustom4: Trace Attempt  1	[0.06 s]
13.0.B: clocks: 1, declared: 1, looping: 0, posedge: 1, negedge: 0, noedge: 0, bothedge: 0
13.0.B: Last scan. Per property time limit: 0s
13.0.B: Starting proof for property "CS_mult_fsm_s1_14"	[0.00 s].
13.0.AM: Proofgrid shell started at 2323209@caddy12.stanford.edu(local) jg_2320910_caddy12.stanford.edu_14
13.0.N: Trace Attempt  5	[0.28 s]
13.0.B: Trace Attempt  1	[0.01 s]
13.0.B: Trace Attempt  2	[0.02 s]
13.0.Mpcustom4: Trace Attempt  2	[0.10 s]
13.0.B: Trace Attempt  3	[0.03 s]
13.0.AM: clocks: 1, declared: 1, looping: 0, posedge: 1, negedge: 0, noedge: 0, bothedge: 0
13.0.AM: Last scan. Per property time limit: 0s
13.0.AM: Starting proof for property "CS_mult_fsm_s1_14"	[0.00 s].
13.0.B: Trace Attempt  4	[0.05 s]
13.0.AM: Trace Attempt  1	[0.03 s]
13.0.AM: Trace Attempt  2	[0.07 s]
13.0.B: Trace Attempt  5	[0.14 s]
13.0.AM: Trace Attempt  3	[0.10 s]
13.0.AM: Trace Attempt  4	[0.15 s]
13.0.Oh: bwd trail(1): 1 0.109385s
13.0.Oh: All properties either determined or skipped. [0.25 s]
13.0.Oh: Exited with Success (@ 0.86 s)
13.0.AM: Trace Attempt  5	[0.20 s]
13.0.Mpcustom4: Trace Attempt  3	[1.29 s]
13.0.Mpcustom4: Trace Attempt  3	[1.32 s]
13.0.Mpcustom4: Trace Attempt  4	[1.35 s]
13.0.Mpcustom4: Trace Attempt  4	[1.40 s]
13.0.Mpcustom4: Trace Attempt  5	[1.43 s]
13.0.Mpcustom4: Trace Attempt  5	[1.49 s]
13.0.N: Requesting engine job to stop
13.0.B: Requesting engine job to stop
13.0.AM: Requesting engine job to stop
13.0.Hp: Requesting engine job to terminate
13.0.Ht: Requesting engine job to terminate
13.0.Mpcustom4: Requesting engine job to terminate
INFO (IPF144): 13: Initiating shutdown of proof [2.95 s]
13.0.AM: Trace Attempt 21	[1.51 s]
13.0.AM: A trace with 21 cycles was found. [2.25 s]
INFO (IPF047): 13.0.AM: The cover property "CS_mult_fsm_s1_14" was covered in 21 cycles in 2.29 s.
13.0.AM: Stopped processing property "CS_mult_fsm_s1_14"	[2.32 s].
13.0.Ht: Interrupted (multi)
13.0.Ht: Trace Attempt 21	[1.45 s]
13.0.Ht: All properties determined. [2.48 s]
13.0.AM: All properties determined. [2.27 s]
13.0.AM: Exited with Success (@ 2.96 s)
13: ProofGrid usable level: 0
13.0.N: Trace Attempt 19	[2.38 s]
13.0.N: Stopped processing property "CS_mult_fsm_s1_14"	[2.64 s].
13.0.N: All properties determined. [2.63 s]
13.0.N: Exited with Success (@ 3.00 s)
13.0.B: Trace Attempt 21	[1.86 s]
13.0.B: Stopped processing property "CS_mult_fsm_s1_14"	[2.40 s].
13.0.B: All properties determined. [2.41 s]
13.0.B: Exited with Success (@ 3.06 s)
13.0.Mpcustom4: Trace Attempt 12	[2.37 s]
13.0.Mpcustom4: All properties determined. [2.50 s]
13.0.Ht: Exited with Success (@ 3.17 s)
13.0.Hp: Interrupted (multi)
13.0.Hp: All properties determined. [3.17 s]
13.0.Mpcustom4: Exited with Success (@ 3.20 s)
13.0.Hp: Exited with Success (@ 3.43 s)
13: --------------------------------------------------------------
ProofGrid Summary (utilization 82.34 %)
--------------------------------------------------------------
     engines started                               :     7
     engine jobs started                           :     7

    Average time in state (seconds)
    ------------------------------------------------------
    Engine  Pending     Running        Dead    Utilization
    ------------------------------------------------------
      N        0.43        2.62        0.00       86.03 %
     Hp        0.09        2.93        0.00       97.02 %
     Ht        0.51        2.48        0.00       82.86 %
    Mpcustom4        0.55        2.37        0.00       81.27 %
     Oh        0.56        0.25        0.00       30.67 %
      B        0.56        2.34        0.00       80.81 %
     AM        0.58        2.29        0.00       79.65 %
    all        0.47        2.18        0.00       82.34 %

    Total time in state (seconds)
    -----------------------------------------
            Pending     Running        Dead  
    -----------------------------------------
               3.28       15.28        0.00

    Data read    : 65.64 kiB
    Data written : 7.80 kiB

13: All pending notifications were processed.
INFO (IPF059): 13: Completed proof on task: "mytask"
cover -name CS_mult_fsm_s1_15 {@(posedge clk_i) !mult_fsm_s1 ##1 mult_fsm_s1 [*15] ##1 !mult_fsm_s1 }
INFO (IPF036): Starting proof on task: "mytask", 1 properties to prove with 0 already proven/unreachable
INFO (IPF031): Settings used for proof thread 14:
    orchestration                 = on (auto)
    time_limit                    = 600s
    per_property_time_limit       = 1s * 10 ^ scan
    engine_mode                   = auto
    proofgrid_per_engine_max_jobs = 1
    max engine jobs               = auto
    proofgrid_mode                = local
    proofgrid_restarts            = 10
14: Using multistage preprocessing
14: Starting reduce
14: Finished reduce in 0.046s
14.0.PRE: Performing Proof Simplification...
14.0.N: clocks: 1, declared: 1, looping: 0, posedge: 1, negedge: 0, noedge: 0, bothedge: 0
14.0.N: Proof Simplification Iteration 1	[0.00 s]
14.0.N: Proof Simplification Iteration 2	[0.04 s]
14.0.N: Proof Simplification Iteration 3	[0.06 s]
14.0.N: Proof Simplification Iteration 4	[0.08 s]
14.0.N: Proof Simplification Iteration 5	[0.10 s]
14.0.N: Proof Simplification Iteration 6	[0.12 s]
14.0.N: Proof Simplification Iteration 7	[0.15 s]
14.0.N: Proof Simplification Iteration 8	[0.18 s]
14.0.N: Proof Simplification Iteration 9	[0.20 s]
14.0.N: Proof Simplification Iteration 10	[0.22 s]
14.0.PRE: Proof Simplification completed in 0.27 s
14: About to start ProofGrid in its own thread with a limit of 10000 pending notifications and a limit of 10 traces.
14: =============================== ProofGrid start ===============================
14: ProofGrid usable level: 1
14: Initial ProofGrid level: 1
14: ProofGrid is starting event handling
14.0.Hp: caddy12.stanford.edu: "Rocky Linux 8.10 (Green Obsidian)" is an unsupported operating system.
14.0.N: caddy12.stanford.edu: "Rocky Linux 8.10 (Green Obsidian)" is an unsupported operating system.
14.0.N: Proofgrid shell started at 2323307@caddy12.stanford.edu(local) jg_2320910_caddy12.stanford.edu_15
14.0.Hp: Proofgrid shell started at 2323308@caddy12.stanford.edu(local) jg_2320910_caddy12.stanford.edu_15
14.0.N: clocks: 1, declared: 1, looping: 0, posedge: 1, negedge: 0, noedge: 0, bothedge: 0
14.0.Hp: clocks: 1, declared: 1, looping: 0, posedge: 1, negedge: 0, noedge: 0, bothedge: 0
14.0.Ht: caddy12.stanford.edu: "Rocky Linux 8.10 (Green Obsidian)" is an unsupported operating system.
14.0.N: Last scan. Per property time limit: 0s
14.0.N: Starting proof for property "CS_mult_fsm_s1_15"	[0.00 s].
14.0.N: Trace Attempt  1	[0.01 s]
14.0.N: Trace Attempt  2	[0.03 s]
14.0.N: Trace Attempt  3	[0.03 s]
14.0.N: Trace Attempt  3	[0.11 s]
14.0.Oh: caddy12.stanford.edu: "Rocky Linux 8.10 (Green Obsidian)" is an unsupported operating system.
14.0.N: Trace Attempt  4	[0.14 s]
14.0.N: Trace Attempt  5	[0.14 s]
14.0.Mpcustom4: caddy12.stanford.edu: "Rocky Linux 8.10 (Green Obsidian)" is an unsupported operating system.
14.0.Ht: Proofgrid shell started at 2323330@caddy12.stanford.edu(local) jg_2320910_caddy12.stanford.edu_15
14.0.Ht: clocks: 1, declared: 1, looping: 0, posedge: 1, negedge: 0, noedge: 0, bothedge: 0
14.0.B: caddy12.stanford.edu: "Rocky Linux 8.10 (Green Obsidian)" is an unsupported operating system.
14.0.AM: caddy12.stanford.edu: "Rocky Linux 8.10 (Green Obsidian)" is an unsupported operating system.
14.0.Ht: Trace Attempt  1	[0.04 s]
14.0.Ht: Trace Attempt  2	[0.04 s]
14.0.Ht: Trace Attempt  3	[0.05 s]
14.0.Ht: Trace Attempt  4	[0.06 s]
14.0.N: Trace Attempt  5	[0.30 s]
14.0.Ht: Trace Attempt  5	[0.07 s]
14.0.Oh: Proofgrid shell started at 2323345@caddy12.stanford.edu(local) jg_2320910_caddy12.stanford.edu_15
14.0.Oh: clocks: 1, declared: 1, looping: 0, posedge: 1, negedge: 0, noedge: 0, bothedge: 0
14.0.Mpcustom4: Proofgrid shell started at 2323344@caddy12.stanford.edu(local) jg_2320910_caddy12.stanford.edu_15
14.0.Mpcustom4: clocks: 1, declared: 1, looping: 0, posedge: 1, negedge: 0, noedge: 0, bothedge: 0
14.0.B: Proofgrid shell started at 2323347@caddy12.stanford.edu(local) jg_2320910_caddy12.stanford.edu_15
14.0.AM: Proofgrid shell started at 2323351@caddy12.stanford.edu(local) jg_2320910_caddy12.stanford.edu_15
14.0.Mpcustom4: Trace Attempt  1	[0.07 s]
14.0.B: clocks: 1, declared: 1, looping: 0, posedge: 1, negedge: 0, noedge: 0, bothedge: 0
14.0.B: Last scan. Per property time limit: 0s
14.0.B: Starting proof for property "CS_mult_fsm_s1_15"	[0.00 s].
14.0.B: Trace Attempt  1	[0.01 s]
14.0.Mpcustom4: Trace Attempt  2	[0.10 s]
14.0.B: Trace Attempt  2	[0.03 s]
14.0.AM: clocks: 1, declared: 1, looping: 0, posedge: 1, negedge: 0, noedge: 0, bothedge: 0
14.0.B: Trace Attempt  3	[0.05 s]
14.0.AM: Last scan. Per property time limit: 0s
14.0.AM: Starting proof for property "CS_mult_fsm_s1_15"	[0.00 s].
14.0.B: Trace Attempt  4	[0.07 s]
14.0.AM: Trace Attempt  1	[0.04 s]
14.0.Oh: bwd trail(1): 1 0.107346s
14.0.AM: Trace Attempt  2	[0.06 s]
14.0.Oh: All properties either determined or skipped. [0.26 s]
14.0.Oh: Exited with Success (@ 0.78 s)
14.0.Oh: Completed, Restart ignored.
14.0.B: Trace Attempt  5	[0.13 s]
14.0.AM: Trace Attempt  3	[0.07 s]
14.0.AM: Trace Attempt  4	[0.12 s]
14.0.AM: Trace Attempt  5	[0.18 s]
14.0.Mpcustom4: Trace Attempt  3	[0.80 s]
14.0.Mpcustom4: Trace Attempt  3	[0.83 s]
14.0.Mpcustom4: Trace Attempt  4	[0.86 s]
14.0.Mpcustom4: Trace Attempt  4	[0.91 s]
14.0.Mpcustom4: Trace Attempt  5	[0.94 s]
14.0.Mpcustom4: Trace Attempt  5	[1.00 s]
14.0.N: Requesting engine job to stop
14.0.B: Requesting engine job to stop
14.0.AM: Requesting engine job to stop
14.0.Hp: Requesting engine job to terminate
14.0.Ht: Requesting engine job to terminate
14.0.Mpcustom4: Requesting engine job to terminate
INFO (IPF144): 14: Initiating shutdown of proof [3.76 s]
14.0.AM: Trace Attempt 22	[1.62 s]
14.0.AM: A trace with 22 cycles was found. [3.02 s]
INFO (IPF047): 14.0.AM: The cover property "CS_mult_fsm_s1_15" was covered in 22 cycles in 3.09 s.
14.0.AM: Stopped processing property "CS_mult_fsm_s1_15"	[3.10 s].
14.0.Ht: Interrupted (multi)
14.0.Ht: Trace Attempt 22	[1.48 s]
14.0.Ht: All properties determined. [3.46 s]
14.0.Hp: Interrupted (multi)
14.0.Hp: All properties determined. [3.72 s]
14.0.AM: All properties determined. [3.09 s]
14.0.AM: Exited with Success (@ 3.82 s)
14: ProofGrid usable level: 0
14.0.N: Trace Attempt 21	[3.65 s]
14.0.N: Stopped processing property "CS_mult_fsm_s1_15"	[3.73 s].
14.0.N: All properties determined. [3.74 s]
14.0.N: Exited with Success (@ 3.83 s)
14.0.B: Trace Attempt 22	[2.23 s]
14.0.B: Stopped processing property "CS_mult_fsm_s1_15"	[3.22 s].
14.0.B: All properties determined. [3.23 s]
14.0.B: Exited with Success (@ 3.89 s)
14.0.Mpcustom4: Trace Attempt 20	[2.71 s]
14.0.Mpcustom4: All properties determined. [3.38 s]
14.0.Hp: Exited with Success (@ 3.96 s)
14.0.Ht: Exited with Success (@ 4.02 s)
14.0.Mpcustom4: Exited with Success (@ 4.02 s)
14: --------------------------------------------------------------
ProofGrid Summary (utilization 84.66 %)
--------------------------------------------------------------
     engines started                               :     7
     engine jobs started                           :     7

    Average time in state (seconds)
    ------------------------------------------------------
    Engine  Pending     Running        Dead    Utilization
    ------------------------------------------------------
      N        0.52        3.70        0.00       87.60 %
     Hp        0.47        3.70        0.00       88.70 %
     Ht        0.52        3.44        0.00       86.79 %
    Mpcustom4        0.54        3.19        0.00       85.58 %
     Oh        0.50        0.26        0.00       33.96 %
      B        0.58        3.12        0.00       84.28 %
     AM        0.58        3.08        0.00       84.25 %
    all        0.53        2.93        0.00       84.66 %

    Total time in state (seconds)
    -----------------------------------------
            Pending     Running        Dead  
    -----------------------------------------
               3.71       20.48        0.00

    Data read    : 68.97 kiB
    Data written : 7.79 kiB

14: All pending notifications were processed.
INFO (IPF059): 14: Completed proof on task: "mytask"
cover -name CS_mult_fsm_s1_16 {@(posedge clk_i) !mult_fsm_s1 ##1 mult_fsm_s1 [*16] ##1 !mult_fsm_s1 }
INFO (IPF036): Starting proof on task: "mytask", 1 properties to prove with 0 already proven/unreachable
INFO (IPF031): Settings used for proof thread 15:
    orchestration                 = on (auto)
    time_limit                    = 600s
    per_property_time_limit       = 1s * 10 ^ scan
    engine_mode                   = auto
    proofgrid_per_engine_max_jobs = 1
    max engine jobs               = auto
    proofgrid_mode                = local
    proofgrid_restarts            = 10
15: Using multistage preprocessing
15: Starting reduce
15: Finished reduce in 0.079s
15.0.PRE: Performing Proof Simplification...
15.0.N: clocks: 1, declared: 1, looping: 0, posedge: 1, negedge: 0, noedge: 0, bothedge: 0
15.0.N: Proof Simplification Iteration 1	[0.00 s]
15.0.N: Proof Simplification Iteration 2	[0.08 s]
15.0.N: Proof Simplification Iteration 3	[0.12 s]
15.0.N: Proof Simplification Iteration 4	[0.15 s]
15.0.N: Proof Simplification Iteration 5	[0.18 s]
15.0.N: Proof Simplification Iteration 6	[0.20 s]
15.0.N: Proof Simplification Iteration 7	[0.22 s]
15.0.N: Proof Simplification Iteration 8	[0.24 s]
15.0.N: Proof Simplification Iteration 9	[0.26 s]
15.0.N: Proof Simplification Iteration 10	[0.28 s]
15.0.PRE: Proof Simplification completed in 0.35 s
15: About to start ProofGrid in its own thread with a limit of 10000 pending notifications and a limit of 10 traces.
15: =============================== ProofGrid start ===============================
15: ProofGrid usable level: 1
15: Initial ProofGrid level: 1
15: ProofGrid is starting event handling
15.0.N: caddy12.stanford.edu: "Rocky Linux 8.10 (Green Obsidian)" is an unsupported operating system.
15.0.Hp: caddy12.stanford.edu: "Rocky Linux 8.10 (Green Obsidian)" is an unsupported operating system.
15.0.Ht: caddy12.stanford.edu: "Rocky Linux 8.10 (Green Obsidian)" is an unsupported operating system.
15.0.Hp: Proofgrid shell started at 2323457@caddy12.stanford.edu(local) jg_2320910_caddy12.stanford.edu_16
15.0.N: Proofgrid shell started at 2323456@caddy12.stanford.edu(local) jg_2320910_caddy12.stanford.edu_16
15.0.Hp: clocks: 1, declared: 1, looping: 0, posedge: 1, negedge: 0, noedge: 0, bothedge: 0
15.0.N: clocks: 1, declared: 1, looping: 0, posedge: 1, negedge: 0, noedge: 0, bothedge: 0
15.0.N: Last scan. Per property time limit: 0s
15.0.N: Starting proof for property "CS_mult_fsm_s1_16"	[0.00 s].
15.0.N: Trace Attempt  1	[0.03 s]
15.0.N: Trace Attempt  2	[0.03 s]
15.0.N: Trace Attempt  3	[0.03 s]
15.0.Mpcustom4: caddy12.stanford.edu: "Rocky Linux 8.10 (Green Obsidian)" is an unsupported operating system.
15.0.Ht: Proofgrid shell started at 2323480@caddy12.stanford.edu(local) jg_2320910_caddy12.stanford.edu_16
15.0.N: Trace Attempt  3	[0.11 s]
15.0.N: Trace Attempt  4	[0.14 s]
15.0.N: Trace Attempt  5	[0.14 s]
15.0.Ht: clocks: 1, declared: 1, looping: 0, posedge: 1, negedge: 0, noedge: 0, bothedge: 0
15.0.Oh: caddy12.stanford.edu: "Rocky Linux 8.10 (Green Obsidian)" is an unsupported operating system.
15.0.B: caddy12.stanford.edu: "Rocky Linux 8.10 (Green Obsidian)" is an unsupported operating system.
15.0.Ht: Trace Attempt  1	[0.07 s]
15.0.Ht: Trace Attempt  2	[0.08 s]
15.0.Ht: Trace Attempt  3	[0.08 s]
15.0.Mpcustom4: Proofgrid shell started at 2323488@caddy12.stanford.edu(local) jg_2320910_caddy12.stanford.edu_16
15.0.AM: caddy12.stanford.edu: "Rocky Linux 8.10 (Green Obsidian)" is an unsupported operating system.
15.0.Ht: Trace Attempt  4	[0.10 s]
15.0.Ht: Trace Attempt  5	[0.11 s]
15.0.Mpcustom4: clocks: 1, declared: 1, looping: 0, posedge: 1, negedge: 0, noedge: 0, bothedge: 0
15.0.Oh: Proofgrid shell started at 2323506@caddy12.stanford.edu(local) jg_2320910_caddy12.stanford.edu_16
15.0.Oh: clocks: 1, declared: 1, looping: 0, posedge: 1, negedge: 0, noedge: 0, bothedge: 0
15.0.Mpcustom4: Trace Attempt  1	[0.10 s]
15.0.B: Proofgrid shell started at 2323511@caddy12.stanford.edu(local) jg_2320910_caddy12.stanford.edu_16
15.0.N: Trace Attempt  5	[0.36 s]
15.0.B: clocks: 1, declared: 1, looping: 0, posedge: 1, negedge: 0, noedge: 0, bothedge: 0
15.0.B: Last scan. Per property time limit: 0s
15.0.B: Starting proof for property "CS_mult_fsm_s1_16"	[0.00 s].
15.0.Mpcustom4: Trace Attempt  2	[0.17 s]
15.0.B: Trace Attempt  1	[0.01 s]
15.0.B: Trace Attempt  2	[0.02 s]
15.0.Oh: bwd trail(1): 1 0.101605s
15.0.Oh: All properties either determined or skipped. [0.12 s]
15.0.Oh: Exited with Success (@ 0.52 s)
15.0.Oh: Completed, Restart ignored.
15.0.AM: Proofgrid shell started at 2323515@caddy12.stanford.edu(local) jg_2320910_caddy12.stanford.edu_16
15.0.B: Trace Attempt  3	[0.05 s]
15.0.B: Trace Attempt  4	[0.07 s]
15.0.AM: clocks: 1, declared: 1, looping: 0, posedge: 1, negedge: 0, noedge: 0, bothedge: 0
15.0.AM: Last scan. Per property time limit: 0s
15.0.AM: Starting proof for property "CS_mult_fsm_s1_16"	[0.00 s].
15.0.AM: Trace Attempt  1	[0.04 s]
15.0.AM: Trace Attempt  2	[0.11 s]
15.0.B: Trace Attempt  5	[0.20 s]
15.0.AM: Trace Attempt  3	[0.14 s]
15.0.AM: Trace Attempt  4	[0.24 s]
15.0.AM: Trace Attempt  5	[0.30 s]
15.0.Mpcustom4: Trace Attempt  3	[1.67 s]
15.0.Mpcustom4: Trace Attempt  3	[1.70 s]
15.0.Mpcustom4: Trace Attempt  4	[1.73 s]
15.0.Mpcustom4: Trace Attempt  4	[1.78 s]
15.0.Mpcustom4: Trace Attempt  5	[1.81 s]
15.0.Mpcustom4: Trace Attempt  5	[1.87 s]
15.0.N: Requesting engine job to stop
15.0.B: Requesting engine job to stop
15.0.AM: Requesting engine job to stop
15.0.Hp: Requesting engine job to terminate
15.0.Ht: Requesting engine job to terminate
15.0.Mpcustom4: Requesting engine job to terminate
INFO (IPF144): 15: Initiating shutdown of proof [3.79 s]
15.0.B: Trace Attempt 23	[2.19 s]
15.0.B: A trace with 23 cycles was found. [3.30 s]
INFO (IPF047): 15.0.B: The cover property "CS_mult_fsm_s1_16" was covered in 23 cycles in 3.32 s.
15.0.B: Stopped processing property "CS_mult_fsm_s1_16"	[3.33 s].
15.0.B: All properties determined. [3.31 s]
15.0.B: Exited with Success (@ 3.80 s)
15: ProofGrid usable level: 0
15.0.Ht: Interrupted (multi)
15.0.Ht: Trace Attempt 23	[1.40 s]
15.0.Ht: All properties determined. [3.60 s]
15.0.N: Trace Attempt 23	[3.67 s]
15.0.N: Stopped processing property "CS_mult_fsm_s1_16"	[3.75 s].
15.0.N: All properties determined. [3.74 s]
15.0.N: Exited with Success (@ 3.82 s)
15.0.Hp: Interrupted (multi)
15.0.Hp: All properties determined. [3.81 s]
15.0.AM: Trace Attempt 23	[2.39 s]
15.0.AM: Stopped processing property "CS_mult_fsm_s1_16"	[3.32 s].
15.0.AM: All properties determined. [3.34 s]
15.0.AM: Exited with Success (@ 3.95 s)
15.0.Mpcustom4: Trace Attempt 21	[3.44 s]
15.0.Mpcustom4: All properties determined. [3.63 s]
15.0.Hp: Exited with Success (@ 4.07 s)
15.0.Mpcustom4: Exited with Success (@ 4.07 s)
15.0.Ht: Exited with Success (@ 4.07 s)
15: --------------------------------------------------------------
ProofGrid Summary (utilization 86.02 %)
--------------------------------------------------------------
     engines started                               :     7
     engine jobs started                           :     7

    Average time in state (seconds)
    ------------------------------------------------------
    Engine  Pending     Running        Dead    Utilization
    ------------------------------------------------------
      N        0.60        3.74        0.00       86.12 %
     Hp        0.50        3.74        0.00       88.27 %
     Ht        0.45        3.57        0.00       88.73 %
    Mpcustom4        0.52        3.47        0.00       87.01 %
     Oh        0.44        0.13        0.00       22.66 %
      B        0.44        3.34        0.00       88.36 %
     AM        0.50        3.25        0.00       86.57 %
    all        0.49        3.03        0.00       86.02 %

    Total time in state (seconds)
    -----------------------------------------
            Pending     Running        Dead  
    -----------------------------------------
               3.45       21.24        0.00

    Data read    : 71.21 kiB
    Data written : 7.75 kiB

15: All pending notifications were processed.
INFO (IPF059): 15: Completed proof on task: "mytask"
cover -name CS_mult_fsm_s1_17 {@(posedge clk_i) !mult_fsm_s1 ##1 mult_fsm_s1 [*17] ##1 !mult_fsm_s1 }
INFO (IPF036): Starting proof on task: "mytask", 1 properties to prove with 0 already proven/unreachable
INFO (IPF031): Settings used for proof thread 16:
    orchestration                 = on (auto)
    time_limit                    = 600s
    per_property_time_limit       = 1s * 10 ^ scan
    engine_mode                   = auto
    proofgrid_per_engine_max_jobs = 1
    max engine jobs               = auto
    proofgrid_mode                = local
    proofgrid_restarts            = 10
16: Using multistage preprocessing
16: Starting reduce
16: Finished reduce in 0.046s
16.0.PRE: Performing Proof Simplification...
16.0.N: clocks: 1, declared: 1, looping: 0, posedge: 1, negedge: 0, noedge: 0, bothedge: 0
16.0.N: Proof Simplification Iteration 1	[0.00 s]
16.0.N: Proof Simplification Iteration 2	[0.04 s]
16.0.N: Proof Simplification Iteration 3	[0.06 s]
16.0.N: Proof Simplification Iteration 4	[0.08 s]
16.0.N: Proof Simplification Iteration 5	[0.10 s]
16.0.N: Proof Simplification Iteration 6	[0.12 s]
16.0.N: Proof Simplification Iteration 7	[0.14 s]
16.0.N: Proof Simplification Iteration 8	[0.16 s]
16.0.N: Proof Simplification Iteration 9	[0.18 s]
16.0.N: Proof Simplification Iteration 10	[0.20 s]
16.0.PRE: Proof Simplification completed in 0.25 s
16: About to start ProofGrid in its own thread with a limit of 10000 pending notifications and a limit of 10 traces.
16: =============================== ProofGrid start ===============================
16: ProofGrid usable level: 1
16: Initial ProofGrid level: 1
16: ProofGrid is starting event handling
16.0.N: caddy12.stanford.edu: "Rocky Linux 8.10 (Green Obsidian)" is an unsupported operating system.
16.0.Hp: caddy12.stanford.edu: "Rocky Linux 8.10 (Green Obsidian)" is an unsupported operating system.
16.0.N: Proofgrid shell started at 2323712@caddy12.stanford.edu(local) jg_2320910_caddy12.stanford.edu_17
16.0.N: clocks: 1, declared: 1, looping: 0, posedge: 1, negedge: 0, noedge: 0, bothedge: 0
16.0.N: Last scan. Per property time limit: 0s
16.0.N: Starting proof for property "CS_mult_fsm_s1_17"	[0.00 s].
16.0.Hp: Proofgrid shell started at 2323713@caddy12.stanford.edu(local) jg_2320910_caddy12.stanford.edu_17
16.0.Ht: caddy12.stanford.edu: "Rocky Linux 8.10 (Green Obsidian)" is an unsupported operating system.
16.0.N: Trace Attempt  1	[0.03 s]
16.0.N: Trace Attempt  2	[0.04 s]
16.0.N: Trace Attempt  3	[0.04 s]
16.0.Hp: clocks: 1, declared: 1, looping: 0, posedge: 1, negedge: 0, noedge: 0, bothedge: 0
16.0.N: Trace Attempt  3	[0.09 s]
16.0.N: Trace Attempt  4	[0.14 s]
16.0.N: Trace Attempt  5	[0.14 s]
16.0.Ht: Proofgrid shell started at 2323735@caddy12.stanford.edu(local) jg_2320910_caddy12.stanford.edu_17
16.0.Mpcustom4: caddy12.stanford.edu: "Rocky Linux 8.10 (Green Obsidian)" is an unsupported operating system.
16.0.Ht: clocks: 1, declared: 1, looping: 0, posedge: 1, negedge: 0, noedge: 0, bothedge: 0
16.0.Ht: Trace Attempt  1	[0.06 s]
16.0.Ht: Trace Attempt  2	[0.06 s]
16.0.Ht: Trace Attempt  3	[0.07 s]
16.0.Oh: caddy12.stanford.edu: "Rocky Linux 8.10 (Green Obsidian)" is an unsupported operating system.
16.0.Ht: Trace Attempt  4	[0.10 s]
16.0.AM: caddy12.stanford.edu: "Rocky Linux 8.10 (Green Obsidian)" is an unsupported operating system.
16.0.B: caddy12.stanford.edu: "Rocky Linux 8.10 (Green Obsidian)" is an unsupported operating system.
16.0.Ht: Trace Attempt  5	[0.11 s]
16.0.N: Trace Attempt  5	[0.39 s]
16.0.Mpcustom4: Proofgrid shell started at 2323747@caddy12.stanford.edu(local) jg_2320910_caddy12.stanford.edu_17
16.0.Mpcustom4: clocks: 1, declared: 1, looping: 0, posedge: 1, negedge: 0, noedge: 0, bothedge: 0
16.0.Oh: Proofgrid shell started at 2323749@caddy12.stanford.edu(local) jg_2320910_caddy12.stanford.edu_17
16.0.Mpcustom4: Trace Attempt  1	[0.06 s]
16.0.Oh: clocks: 1, declared: 1, looping: 0, posedge: 1, negedge: 0, noedge: 0, bothedge: 0
16.0.B: Proofgrid shell started at 2323751@caddy12.stanford.edu(local) jg_2320910_caddy12.stanford.edu_17
16.0.AM: Proofgrid shell started at 2323762@caddy12.stanford.edu(local) jg_2320910_caddy12.stanford.edu_17
16.0.Mpcustom4: Trace Attempt  2	[0.10 s]
16.0.B: clocks: 1, declared: 1, looping: 0, posedge: 1, negedge: 0, noedge: 0, bothedge: 0
16.0.AM: clocks: 1, declared: 1, looping: 0, posedge: 1, negedge: 0, noedge: 0, bothedge: 0
16.0.B: Last scan. Per property time limit: 0s
16.0.B: Starting proof for property "CS_mult_fsm_s1_17"	[0.00 s].
16.0.AM: Last scan. Per property time limit: 0s
16.0.AM: Starting proof for property "CS_mult_fsm_s1_17"	[0.00 s].
16.0.B: Trace Attempt  1	[0.01 s]
16.0.B: Trace Attempt  2	[0.04 s]
16.0.AM: Trace Attempt  1	[0.04 s]
16.0.B: Trace Attempt  3	[0.05 s]
16.0.Oh: bwd trail(1): 1 0.100472s
16.0.Oh: All properties either determined or skipped. [0.13 s]
16.0.Oh: Exited with Success (@ 0.74 s)
16.0.Oh: Completed, Restart ignored.
16.0.B: Trace Attempt  4	[0.08 s]
16.0.AM: Trace Attempt  2	[0.10 s]
16.0.B: Trace Attempt  5	[0.14 s]
16.0.AM: Trace Attempt  3	[0.14 s]
16.0.AM: Trace Attempt  4	[0.20 s]
16.0.AM: Trace Attempt  5	[0.28 s]
16.0.Mpcustom4: Trace Attempt  3	[1.32 s]
16.0.Mpcustom4: Trace Attempt  3	[1.36 s]
16.0.Mpcustom4: Trace Attempt  4	[1.41 s]
16.0.Mpcustom4: Trace Attempt  4	[1.51 s]
16.0.Mpcustom4: Trace Attempt  5	[1.58 s]
16.0.Mpcustom4: Trace Attempt  5	[1.71 s]
16.0.N: Requesting engine job to stop
16.0.B: Requesting engine job to stop
16.0.AM: Requesting engine job to stop
16.0.Hp: Requesting engine job to terminate
16.0.Ht: Requesting engine job to terminate
16.0.Mpcustom4: Requesting engine job to terminate
INFO (IPF144): 16: Initiating shutdown of proof [3.99 s]
16.0.AM: Trace Attempt 24	[2.32 s]
16.0.AM: A trace with 24 cycles was found. [3.29 s]
INFO (IPF047): 16.0.AM: The cover property "CS_mult_fsm_s1_17" was covered in 24 cycles in 3.34 s.
16.0.AM: Stopped processing property "CS_mult_fsm_s1_17"	[3.38 s].
16.0.AM: All properties determined. [3.33 s]
16.0.AM: Exited with Success (@ 4.05 s)
16: ProofGrid usable level: 0
16.0.Hp: Interrupted (multi)
16.0.Hp: All properties determined. [3.97 s]
16.0.Ht: Interrupted (multi)
16.0.Ht: Trace Attempt 24	[1.24 s]
16.0.Ht: All properties determined. [3.78 s]
16.0.N: Trace Attempt 21	[3.60 s]
16.0.N: Stopped processing property "CS_mult_fsm_s1_17"	[4.01 s].
16.0.N: All properties determined. [4.05 s]
16.0.N: Exited with Success (@ 4.09 s)
16.0.B: Trace Attempt 24	[2.34 s]
16.0.B: Stopped processing property "CS_mult_fsm_s1_17"	[3.55 s].
16.0.B: All properties determined. [3.58 s]
16.0.B: Exited with Success (@ 4.26 s)
16.0.Mpcustom4: Trace Attempt 15	[3.49 s]
16.0.Mpcustom4: All properties determined. [3.73 s]
16.0.Hp: Exited with Success (@ 4.32 s)
16.0.Ht: Exited with Success (@ 4.33 s)
16.0.Mpcustom4: Exited with Success (@ 4.33 s)
16: --------------------------------------------------------------
ProofGrid Summary (utilization 85.76 %)
--------------------------------------------------------------
     engines started                               :     7
     engine jobs started                           :     7

    Average time in state (seconds)
    ------------------------------------------------------
    Engine  Pending     Running        Dead    Utilization
    ------------------------------------------------------
      N        0.49        3.98        0.00       88.99 %
     Hp        0.51        3.89        0.00       88.50 %
     Ht        0.40        3.73        0.00       90.22 %
    Mpcustom4        0.52        3.44        0.00       86.79 %
     Oh        0.55        0.13        0.00       19.14 %
      B        0.57        3.34        0.00       85.44 %
     AM        0.58        3.34        0.00       85.25 %
    all        0.52        3.12        0.00       85.76 %

    Total time in state (seconds)
    -----------------------------------------
            Pending     Running        Dead  
    -----------------------------------------
               3.63       21.85        0.00

    Data read    : 72.36 kiB
    Data written : 7.88 kiB

16: All pending notifications were processed.
INFO (IPF059): 16: Completed proof on task: "mytask"
cover -name CS_mult_fsm_s1_18 {@(posedge clk_i) !mult_fsm_s1 ##1 mult_fsm_s1 [*18] ##1 !mult_fsm_s1 }
INFO (IPF036): Starting proof on task: "mytask", 1 properties to prove with 0 already proven/unreachable
INFO (IPF031): Settings used for proof thread 17:
    orchestration                 = on (auto)
    time_limit                    = 600s
    per_property_time_limit       = 1s * 10 ^ scan
    engine_mode                   = auto
    proofgrid_per_engine_max_jobs = 1
    max engine jobs               = auto
    proofgrid_mode                = local
    proofgrid_restarts            = 10
17: Using multistage preprocessing
17: Starting reduce
17: Finished reduce in 0.069s
17.0.PRE: Performing Proof Simplification...
17.0.N: clocks: 1, declared: 1, looping: 0, posedge: 1, negedge: 0, noedge: 0, bothedge: 0
17.0.N: Proof Simplification Iteration 1	[0.00 s]
17.0.N: Proof Simplification Iteration 2	[0.04 s]
17.0.N: Proof Simplification Iteration 3	[0.06 s]
17.0.N: Proof Simplification Iteration 4	[0.10 s]
17.0.N: Proof Simplification Iteration 5	[0.14 s]
17.0.N: Proof Simplification Iteration 6	[0.16 s]
17.0.N: Proof Simplification Iteration 7	[0.18 s]
17.0.N: Proof Simplification Iteration 8	[0.20 s]
17.0.N: Proof Simplification Iteration 9	[0.22 s]
17.0.N: Proof Simplification Iteration 10	[0.24 s]
17.0.PRE: Proof Simplification completed in 0.29 s
17: About to start ProofGrid in its own thread with a limit of 10000 pending notifications and a limit of 10 traces.
17: =============================== ProofGrid start ===============================
17: ProofGrid usable level: 1
17: Initial ProofGrid level: 1
17: ProofGrid is starting event handling
17.0.N: caddy12.stanford.edu: "Rocky Linux 8.10 (Green Obsidian)" is an unsupported operating system.
17.0.Hp: caddy12.stanford.edu: "Rocky Linux 8.10 (Green Obsidian)" is an unsupported operating system.
17.0.N: Proofgrid shell started at 2323853@caddy12.stanford.edu(local) jg_2320910_caddy12.stanford.edu_18
17.0.N: clocks: 1, declared: 1, looping: 0, posedge: 1, negedge: 0, noedge: 0, bothedge: 0
17.0.Mpcustom4: caddy12.stanford.edu: "Rocky Linux 8.10 (Green Obsidian)" is an unsupported operating system.
17.0.N: Last scan. Per property time limit: 0s
17.0.N: Starting proof for property "CS_mult_fsm_s1_18"	[0.00 s].
17.0.N: Trace Attempt  1	[0.01 s]
17.0.N: Trace Attempt  2	[0.02 s]
17.0.N: Trace Attempt  3	[0.02 s]
17.0.Ht: caddy12.stanford.edu: "Rocky Linux 8.10 (Green Obsidian)" is an unsupported operating system.
17.0.Hp: Proofgrid shell started at 2323854@caddy12.stanford.edu(local) jg_2320910_caddy12.stanford.edu_18
17.0.N: Trace Attempt  3	[0.06 s]
17.0.N: Trace Attempt  4	[0.08 s]
17.0.N: Trace Attempt  5	[0.08 s]
17.0.Hp: clocks: 1, declared: 1, looping: 0, posedge: 1, negedge: 0, noedge: 0, bothedge: 0
17.0.N: Trace Attempt  5	[0.16 s]
17.0.Oh: caddy12.stanford.edu: "Rocky Linux 8.10 (Green Obsidian)" is an unsupported operating system.
17.0.Ht: Proofgrid shell started at 2323874@caddy12.stanford.edu(local) jg_2320910_caddy12.stanford.edu_18
17.0.B: caddy12.stanford.edu: "Rocky Linux 8.10 (Green Obsidian)" is an unsupported operating system.
17.0.Ht: clocks: 1, declared: 1, looping: 0, posedge: 1, negedge: 0, noedge: 0, bothedge: 0
17.0.Mpcustom4: Proofgrid shell started at 2323883@caddy12.stanford.edu(local) jg_2320910_caddy12.stanford.edu_18
17.0.AM: caddy12.stanford.edu: "Rocky Linux 8.10 (Green Obsidian)" is an unsupported operating system.
17.0.Ht: Trace Attempt  1	[0.07 s]
17.0.Ht: Trace Attempt  2	[0.07 s]
17.0.Ht: Trace Attempt  3	[0.08 s]
17.0.Mpcustom4: clocks: 1, declared: 1, looping: 0, posedge: 1, negedge: 0, noedge: 0, bothedge: 0
17.0.Ht: Trace Attempt  4	[0.11 s]
17.0.Ht: Trace Attempt  5	[0.11 s]
17.0.Mpcustom4: Trace Attempt  1	[0.10 s]
17.0.Oh: Proofgrid shell started at 2323902@caddy12.stanford.edu(local) jg_2320910_caddy12.stanford.edu_18
17.0.Mpcustom4: Trace Attempt  2	[0.12 s]
17.0.Oh: clocks: 1, declared: 1, looping: 0, posedge: 1, negedge: 0, noedge: 0, bothedge: 0
17.0.B: Proofgrid shell started at 2323903@caddy12.stanford.edu(local) jg_2320910_caddy12.stanford.edu_18
17.0.AM: Proofgrid shell started at 2323907@caddy12.stanford.edu(local) jg_2320910_caddy12.stanford.edu_18
17.0.B: clocks: 1, declared: 1, looping: 0, posedge: 1, negedge: 0, noedge: 0, bothedge: 0
17.0.B: Last scan. Per property time limit: 0s
17.0.B: Starting proof for property "CS_mult_fsm_s1_18"	[0.00 s].
17.0.B: Trace Attempt  1	[0.01 s]
17.0.B: Trace Attempt  2	[0.03 s]
17.0.AM: clocks: 1, declared: 1, looping: 0, posedge: 1, negedge: 0, noedge: 0, bothedge: 0
17.0.B: Trace Attempt  3	[0.04 s]
17.0.AM: Last scan. Per property time limit: 0s
17.0.AM: Starting proof for property "CS_mult_fsm_s1_18"	[0.00 s].
17.0.B: Trace Attempt  4	[0.06 s]
17.0.AM: Trace Attempt  1	[0.03 s]
17.0.AM: Trace Attempt  2	[0.04 s]
17.0.Oh: bwd trail(1): 1 0.112113s
17.0.Oh: All properties either determined or skipped. [0.27 s]
17.0.B: Trace Attempt  5	[0.14 s]
17.0.AM: Trace Attempt  3	[0.10 s]
17.0.Oh: Exited with Success (@ 0.77 s)
17.0.AM: Trace Attempt  4	[0.14 s]
17.0.AM: Trace Attempt  5	[0.19 s]
17.0.Mpcustom4: Trace Attempt  3	[1.06 s]
17.0.Mpcustom4: Trace Attempt  3	[1.14 s]
17.0.Mpcustom4: Trace Attempt  4	[1.19 s]
17.0.Mpcustom4: Trace Attempt  4	[1.28 s]
17.0.Mpcustom4: Trace Attempt  5	[1.36 s]
17.0.Mpcustom4: Trace Attempt  5	[1.51 s]
17.0.N: Requesting engine job to stop
17.0.B: Requesting engine job to stop
17.0.AM: Requesting engine job to stop
17.0.Hp: Requesting engine job to terminate
17.0.Ht: Requesting engine job to terminate
17.0.Mpcustom4: Requesting engine job to terminate
INFO (IPF144): 17: Initiating shutdown of proof [3.25 s]
17.0.AM: Trace Attempt 25	[1.53 s]
17.0.AM: A trace with 25 cycles was found. [2.56 s]
INFO (IPF047): 17.0.AM: The cover property "CS_mult_fsm_s1_18" was covered in 25 cycles in 2.58 s.
17.0.AM: Stopped processing property "CS_mult_fsm_s1_18"	[2.62 s].
17.0.Ht: Interrupted (multi)
17.0.Ht: Trace Attempt 25	[1.35 s]
17.0.Ht: All properties determined. [2.98 s]
17.0.AM: All properties determined. [2.59 s]
17.0.N: Trace Attempt 18	[3.24 s]
17.0.N: Stopped processing property "CS_mult_fsm_s1_18"	[3.25 s].
17.0.N: All properties determined. [3.24 s]
17.0.AM: Exited with Success (@ 3.28 s)
17: ProofGrid usable level: 0
17.0.Hp: Interrupted (multi)
17.0.Hp: All properties determined. [3.16 s]
17.0.N: Exited with Success (@ 3.29 s)
17.0.Mpcustom4: Trace Attempt 12	[2.67 s]
17.0.Mpcustom4: All properties determined. [3.00 s]
17.0.Mpcustom4: Exited with Success (@ 3.38 s)
17.0.Hp: Exited with Success (@ 3.45 s)
17.0.B: Trace Attempt 25	[1.84 s]
17.0.B: Stopped processing property "CS_mult_fsm_s1_18"	[2.86 s].
17.0.B: All properties determined. [2.87 s]
17.0.B: Exited with Success (@ 3.52 s)
17.0.Ht: Exited with Success (@ 3.63 s)
17: --------------------------------------------------------------
ProofGrid Summary (utilization 82.43 %)
--------------------------------------------------------------
     engines started                               :     7
     engine jobs started                           :     7

    Average time in state (seconds)
    ------------------------------------------------------
    Engine  Pending     Running        Dead    Utilization
    ------------------------------------------------------
      N        0.55        3.23        0.00       85.40 %
     Hp        0.57        3.12        0.00       84.47 %
     Ht        0.51        2.96        0.00       85.29 %
    Mpcustom4        0.52        2.88        0.00       84.64 %
     Oh        0.46        0.27        0.00       37.32 %
      B        0.58        2.65        0.00       82.15 %
     AM        0.58        2.61        0.00       81.79 %
    all        0.54        2.53        0.00       82.43 %

    Total time in state (seconds)
    -----------------------------------------
            Pending     Running        Dead  
    -----------------------------------------
               3.78       17.72        0.00

    Data read    : 73.41 kiB
    Data written : 7.76 kiB

17: All pending notifications were processed.
INFO (IPF059): 17: Completed proof on task: "mytask"
cover -name CS_mult_fsm_s1_19 {@(posedge clk_i) !mult_fsm_s1 ##1 mult_fsm_s1 [*19] ##1 !mult_fsm_s1 }
INFO (IPF036): Starting proof on task: "mytask", 1 properties to prove with 0 already proven/unreachable
INFO (IPF031): Settings used for proof thread 18:
    orchestration                 = on (auto)
    time_limit                    = 600s
    per_property_time_limit       = 1s * 10 ^ scan
    engine_mode                   = auto
    proofgrid_per_engine_max_jobs = 1
    max engine jobs               = auto
    proofgrid_mode                = local
    proofgrid_restarts            = 10
18: Using multistage preprocessing
18: Starting reduce
18: Finished reduce in 0.046s
18.0.PRE: Performing Proof Simplification...
18.0.N: clocks: 1, declared: 1, looping: 0, posedge: 1, negedge: 0, noedge: 0, bothedge: 0
18.0.N: Proof Simplification Iteration 1	[0.00 s]
18.0.N: Proof Simplification Iteration 2	[0.04 s]
18.0.N: Proof Simplification Iteration 3	[0.06 s]
18.0.N: Proof Simplification Iteration 4	[0.08 s]
18.0.N: Proof Simplification Iteration 5	[0.10 s]
18.0.N: Proof Simplification Iteration 6	[0.12 s]
18.0.N: Proof Simplification Iteration 7	[0.15 s]
18.0.N: Proof Simplification Iteration 8	[0.20 s]
18.0.N: Proof Simplification Iteration 9	[0.24 s]
18.0.N: Proof Simplification Iteration 10	[0.26 s]
18.0.PRE: Proof Simplification completed in 0.35 s
18: About to start ProofGrid in its own thread with a limit of 10000 pending notifications and a limit of 10 traces.
18: =============================== ProofGrid start ===============================
18: ProofGrid usable level: 1
18: Initial ProofGrid level: 1
18: ProofGrid is starting event handling
18.0.N: caddy12.stanford.edu: "Rocky Linux 8.10 (Green Obsidian)" is an unsupported operating system.
18.0.Ht: caddy12.stanford.edu: "Rocky Linux 8.10 (Green Obsidian)" is an unsupported operating system.
18.0.N: Proofgrid shell started at 2323972@caddy12.stanford.edu(local) jg_2320910_caddy12.stanford.edu_19
18.0.N: clocks: 1, declared: 1, looping: 0, posedge: 1, negedge: 0, noedge: 0, bothedge: 0
18.0.N: Last scan. Per property time limit: 0s
18.0.N: Starting proof for property "CS_mult_fsm_s1_19"	[0.00 s].
18.0.N: Trace Attempt  1	[0.01 s]
18.0.N: Trace Attempt  2	[0.02 s]
18.0.N: Trace Attempt  3	[0.02 s]
18.0.N: Trace Attempt  3	[0.06 s]
18.0.Hp: caddy12.stanford.edu: "Rocky Linux 8.10 (Green Obsidian)" is an unsupported operating system.
18.0.N: Trace Attempt  4	[0.08 s]
18.0.N: Trace Attempt  5	[0.08 s]
18.0.Mpcustom4: caddy12.stanford.edu: "Rocky Linux 8.10 (Green Obsidian)" is an unsupported operating system.
18.0.N: Trace Attempt  5	[0.17 s]
18.0.Ht: Proofgrid shell started at 2323988@caddy12.stanford.edu(local) jg_2320910_caddy12.stanford.edu_19
18.0.Ht: clocks: 1, declared: 1, looping: 0, posedge: 1, negedge: 0, noedge: 0, bothedge: 0
18.0.B: caddy12.stanford.edu: "Rocky Linux 8.10 (Green Obsidian)" is an unsupported operating system.
18.0.Hp: Proofgrid shell started at 2323973@caddy12.stanford.edu(local) jg_2320910_caddy12.stanford.edu_19
18.0.Ht: Trace Attempt  1	[0.07 s]
18.0.Ht: Trace Attempt  2	[0.07 s]
18.0.Hp: clocks: 1, declared: 1, looping: 0, posedge: 1, negedge: 0, noedge: 0, bothedge: 0
18.0.Oh: caddy12.stanford.edu: "Rocky Linux 8.10 (Green Obsidian)" is an unsupported operating system.
18.0.Ht: Trace Attempt  3	[0.08 s]
18.0.Ht: Trace Attempt  4	[0.09 s]
18.0.Ht: Trace Attempt  5	[0.10 s]
18.0.Mpcustom4: Proofgrid shell started at 2324005@caddy12.stanford.edu(local) jg_2320910_caddy12.stanford.edu_19
18.0.AM: caddy12.stanford.edu: "Rocky Linux 8.10 (Green Obsidian)" is an unsupported operating system.
18.0.Mpcustom4: clocks: 1, declared: 1, looping: 0, posedge: 1, negedge: 0, noedge: 0, bothedge: 0
18.0.Mpcustom4: Trace Attempt  1	[0.05 s]
18.0.Mpcustom4: Trace Attempt  2	[0.07 s]
18.0.B: Proofgrid shell started at 2324021@caddy12.stanford.edu(local) jg_2320910_caddy12.stanford.edu_19
18.0.B: clocks: 1, declared: 1, looping: 0, posedge: 1, negedge: 0, noedge: 0, bothedge: 0
18.0.Oh: Proofgrid shell started at 2324011@caddy12.stanford.edu(local) jg_2320910_caddy12.stanford.edu_19
18.0.B: Last scan. Per property time limit: 0s
18.0.B: Starting proof for property "CS_mult_fsm_s1_19"	[0.00 s].
18.0.B: Trace Attempt  1	[0.01 s]
18.0.B: Trace Attempt  2	[0.03 s]
18.0.Oh: clocks: 1, declared: 1, looping: 0, posedge: 1, negedge: 0, noedge: 0, bothedge: 0
18.0.B: Trace Attempt  3	[0.05 s]
18.0.B: Trace Attempt  4	[0.08 s]
18.0.AM: Proofgrid shell started at 2324038@caddy12.stanford.edu(local) jg_2320910_caddy12.stanford.edu_19
18.0.B: Trace Attempt  5	[0.14 s]
18.0.Oh: bwd trail(1): 1 0.102326s
18.0.Oh: All properties either determined or skipped. [0.13 s]
18.0.Oh: Exited with Success (@ 0.80 s)
18.0.Oh: Completed, Restart ignored.
18.0.AM: clocks: 1, declared: 1, looping: 0, posedge: 1, negedge: 0, noedge: 0, bothedge: 0
18.0.AM: Last scan. Per property time limit: 0s
18.0.AM: Starting proof for property "CS_mult_fsm_s1_19"	[0.00 s].
18.0.AM: Trace Attempt  1	[0.02 s]
18.0.AM: Trace Attempt  2	[0.05 s]
18.0.AM: Trace Attempt  3	[0.10 s]
18.0.AM: Trace Attempt  4	[0.13 s]
18.0.AM: Trace Attempt  5	[0.19 s]
18.0.Mpcustom4: Trace Attempt  3	[1.91 s]
18.0.Mpcustom4: Trace Attempt  3	[1.94 s]
18.0.Mpcustom4: Trace Attempt  4	[1.97 s]
18.0.Mpcustom4: Trace Attempt  4	[2.02 s]
18.0.Mpcustom4: Trace Attempt  5	[2.12 s]
18.0.Mpcustom4: Trace Attempt  5	[2.32 s]
18.0.N: Requesting engine job to stop
18.0.B: Requesting engine job to stop
18.0.AM: Requesting engine job to stop
18.0.Hp: Requesting engine job to terminate
18.0.Ht: Requesting engine job to terminate
18.0.Mpcustom4: Requesting engine job to terminate
INFO (IPF144): 18: Initiating shutdown of proof [4.33 s]
18.0.AM: Trace Attempt 26	[1.35 s]
18.0.AM: A trace with 26 cycles was found. [3.50 s]
INFO (IPF047): 18.0.AM: The cover property "CS_mult_fsm_s1_19" was covered in 26 cycles in 3.55 s.
18.0.AM: Stopped processing property "CS_mult_fsm_s1_19"	[3.57 s].
18.0.Hp: Interrupted (multi)
18.0.Hp: All properties determined. [4.00 s]
18.0.AM: All properties determined. [3.52 s]
18.0.AM: Exited with Success (@ 4.34 s)
18: ProofGrid usable level: 0
18.0.Ht: Interrupted (multi)
18.0.Ht: Trace Attempt 26	[1.50 s]
18.0.Ht: All properties determined. [4.09 s]
18.0.N: Trace Attempt 23	[3.59 s]
18.0.N: Stopped processing property "CS_mult_fsm_s1_19"	[4.45 s].
18.0.N: All properties determined. [4.48 s]
18.0.N: Exited with Success (@ 4.50 s)
18.0.B: Trace Attempt 26	[3.33 s]
18.0.B: Stopped processing property "CS_mult_fsm_s1_19"	[3.88 s].
18.0.B: All properties determined. [3.90 s]
18.0.B: Exited with Success (@ 4.54 s)
18.0.Hp: Exited with Success (@ 4.57 s)
18.0.Ht: Exited with Success (@ 4.65 s)
18.0.Mpcustom4: Trace Attempt 16	[3.90 s]
18.0.Mpcustom4: All properties determined. [4.16 s]
18.0.Mpcustom4: Exited with Success (@ 4.69 s)
18: --------------------------------------------------------------
ProofGrid Summary (utilization 88.37 %)
--------------------------------------------------------------
     engines started                               :     7
     engine jobs started                           :     7

    Average time in state (seconds)
    ------------------------------------------------------
    Engine  Pending     Running        Dead    Utilization
    ------------------------------------------------------
      N        0.13        4.33        0.00       97.03 %
     Hp        0.43        4.00        0.00       90.25 %
     Ht        0.32        4.06        0.00       92.70 %
    Mpcustom4        0.48        3.83        0.00       88.88 %
     Oh        0.63        0.13        0.00       16.85 %
      B        0.51        3.72        0.00       87.83 %
     AM        0.60        3.55        0.00       85.56 %
    all        0.44        3.37        0.00       88.37 %

    Total time in state (seconds)
    -----------------------------------------
            Pending     Running        Dead  
    -----------------------------------------
               3.11       23.61        0.00

    Data read    : 77.73 kiB
    Data written : 7.78 kiB

18: All pending notifications were processed.
INFO (IPF059): 18: Completed proof on task: "mytask"
cover -name CS_mult_fsm_s1_20 {@(posedge clk_i) !mult_fsm_s1 ##1 mult_fsm_s1 [*20] ##1 !mult_fsm_s1 }
INFO (IPF036): Starting proof on task: "mytask", 1 properties to prove with 0 already proven/unreachable
INFO (IPF031): Settings used for proof thread 19:
    orchestration                 = on (auto)
    time_limit                    = 600s
    per_property_time_limit       = 1s * 10 ^ scan
    engine_mode                   = auto
    proofgrid_per_engine_max_jobs = 1
    max engine jobs               = auto
    proofgrid_mode                = local
    proofgrid_restarts            = 10
19: Using multistage preprocessing
19: Starting reduce
19: Finished reduce in 0.08s
19.0.PRE: Performing Proof Simplification...
19.0.N: clocks: 1, declared: 1, looping: 0, posedge: 1, negedge: 0, noedge: 0, bothedge: 0
19.0.N: Proof Simplification Iteration 1	[0.00 s]
19.0.N: Proof Simplification Iteration 2	[0.04 s]
19.0.N: Proof Simplification Iteration 3	[0.06 s]
19.0.N: Proof Simplification Iteration 4	[0.09 s]
19.0.N: Proof Simplification Iteration 5	[0.11 s]
19.0.N: Proof Simplification Iteration 6	[0.16 s]
19.0.N: Proof Simplification Iteration 7	[0.20 s]
19.0.N: Proof Simplification Iteration 8	[0.23 s]
19.0.N: Proof Simplification Iteration 9	[0.26 s]
19.0.N: Proof Simplification Iteration 10	[0.29 s]
19.0.PRE: Proof Simplification completed in 0.37 s
19: About to start ProofGrid in its own thread with a limit of 10000 pending notifications and a limit of 10 traces.
19: =============================== ProofGrid start ===============================
19: ProofGrid usable level: 1
19: Initial ProofGrid level: 1
19: ProofGrid is starting event handling
19.0.N: caddy12.stanford.edu: "Rocky Linux 8.10 (Green Obsidian)" is an unsupported operating system.
19.0.Hp: caddy12.stanford.edu: "Rocky Linux 8.10 (Green Obsidian)" is an unsupported operating system.
19.0.Hp: Proofgrid shell started at 2324107@caddy12.stanford.edu(local) jg_2320910_caddy12.stanford.edu_20
19.0.Hp: clocks: 1, declared: 1, looping: 0, posedge: 1, negedge: 0, noedge: 0, bothedge: 0
19.0.N: Proofgrid shell started at 2324106@caddy12.stanford.edu(local) jg_2320910_caddy12.stanford.edu_20
19.0.N: clocks: 1, declared: 1, looping: 0, posedge: 1, negedge: 0, noedge: 0, bothedge: 0
19.0.N: Last scan. Per property time limit: 0s
19.0.N: Starting proof for property "CS_mult_fsm_s1_20"	[0.00 s].
19.0.Ht: caddy12.stanford.edu: "Rocky Linux 8.10 (Green Obsidian)" is an unsupported operating system.
19.0.N: Trace Attempt  1	[0.01 s]
19.0.N: Trace Attempt  2	[0.02 s]
19.0.N: Trace Attempt  3	[0.02 s]
19.0.N: Trace Attempt  3	[0.07 s]
19.0.N: Trace Attempt  4	[0.10 s]
19.0.N: Trace Attempt  5	[0.10 s]
19.0.Mpcustom4: caddy12.stanford.edu: "Rocky Linux 8.10 (Green Obsidian)" is an unsupported operating system.
19.0.N: Trace Attempt  5	[0.18 s]
19.0.Oh: caddy12.stanford.edu: "Rocky Linux 8.10 (Green Obsidian)" is an unsupported operating system.
19.0.B: caddy12.stanford.edu: "Rocky Linux 8.10 (Green Obsidian)" is an unsupported operating system.
19.0.AM: caddy12.stanford.edu: "Rocky Linux 8.10 (Green Obsidian)" is an unsupported operating system.
19.0.Oh: Proofgrid shell started at 2324143@caddy12.stanford.edu(local) jg_2320910_caddy12.stanford.edu_20
19.0.Ht: Proofgrid shell started at 2324129@caddy12.stanford.edu(local) jg_2320910_caddy12.stanford.edu_20
19.0.Oh: clocks: 1, declared: 1, looping: 0, posedge: 1, negedge: 0, noedge: 0, bothedge: 0
19.0.B: Proofgrid shell started at 2324150@caddy12.stanford.edu(local) jg_2320910_caddy12.stanford.edu_20
19.0.Mpcustom4: Proofgrid shell started at 2324137@caddy12.stanford.edu(local) jg_2320910_caddy12.stanford.edu_20
19.0.Ht: clocks: 1, declared: 1, looping: 0, posedge: 1, negedge: 0, noedge: 0, bothedge: 0
19.0.B: clocks: 1, declared: 1, looping: 0, posedge: 1, negedge: 0, noedge: 0, bothedge: 0
19.0.Mpcustom4: clocks: 1, declared: 1, looping: 0, posedge: 1, negedge: 0, noedge: 0, bothedge: 0
19.0.B: Last scan. Per property time limit: 0s
19.0.B: Starting proof for property "CS_mult_fsm_s1_20"	[0.00 s].
19.0.B: Trace Attempt  1	[0.01 s]
19.0.Ht: Trace Attempt  1	[0.05 s]
19.0.Ht: Trace Attempt  2	[0.06 s]
19.0.B: Trace Attempt  2	[0.02 s]
19.0.B: Trace Attempt  3	[0.03 s]
19.0.Ht: Trace Attempt  3	[0.06 s]
19.0.Ht: Trace Attempt  4	[0.07 s]
19.0.Ht: Trace Attempt  5	[0.08 s]
19.0.Mpcustom4: Trace Attempt  1	[0.06 s]
19.0.B: Trace Attempt  4	[0.04 s]
19.0.Mpcustom4: Trace Attempt  2	[0.07 s]
19.0.Oh: bwd trail(1): 1 0.105808s
19.0.Oh: All properties either determined or skipped. [0.14 s]
19.0.Oh: Exited with Success (@ 0.53 s)
19.0.Oh: Completed, Restart ignored.
19.0.B: Trace Attempt  5	[0.08 s]
19.0.AM: Proofgrid shell started at 2324153@caddy12.stanford.edu(local) jg_2320910_caddy12.stanford.edu_20
19.0.AM: clocks: 1, declared: 1, looping: 0, posedge: 1, negedge: 0, noedge: 0, bothedge: 0
19.0.AM: Last scan. Per property time limit: 0s
19.0.AM: Starting proof for property "CS_mult_fsm_s1_20"	[0.00 s].
19.0.AM: Trace Attempt  1	[0.01 s]
19.0.AM: Trace Attempt  2	[0.03 s]
19.0.AM: Trace Attempt  3	[0.05 s]
19.0.AM: Trace Attempt  4	[0.07 s]
19.0.AM: Trace Attempt  5	[0.10 s]
19.0.Mpcustom4: Trace Attempt  3	[0.85 s]
19.0.Mpcustom4: Trace Attempt  3	[0.88 s]
19.0.Mpcustom4: Trace Attempt  4	[0.91 s]
19.0.Mpcustom4: Trace Attempt  4	[0.96 s]
19.0.Mpcustom4: Trace Attempt  5	[0.99 s]
19.0.Mpcustom4: Trace Attempt  5	[1.06 s]
19.0.N: Requesting engine job to stop
19.0.B: Requesting engine job to stop
19.0.AM: Requesting engine job to stop
19.0.Hp: Requesting engine job to terminate
19.0.Ht: Requesting engine job to terminate
19.0.Mpcustom4: Requesting engine job to terminate
INFO (IPF144): 19: Initiating shutdown of proof [3.45 s]
19.0.AM: Trace Attempt 27	[1.32 s]
19.0.AM: A trace with 27 cycles was found. [2.81 s]
INFO (IPF047): 19.0.AM: The cover property "CS_mult_fsm_s1_20" was covered in 27 cycles in 2.86 s.
19.0.AM: Stopped processing property "CS_mult_fsm_s1_20"	[2.88 s].
19.0.AM: All properties determined. [2.83 s]
19.0.AM: Exited with Success (@ 3.47 s)
19: ProofGrid usable level: 0
19.0.Ht: Interrupted (multi)
19.0.Ht: Trace Attempt 27	[1.16 s]
19.0.Ht: All properties determined. [3.07 s]
19.0.Hp: Interrupted (multi)
19.0.Hp: All properties determined. [3.52 s]
19.0.B: Trace Attempt 27	[2.08 s]
19.0.B: Stopped processing property "CS_mult_fsm_s1_20"	[3.10 s].
19.0.B: All properties determined. [3.10 s]
19.0.N: Trace Attempt 26	[3.45 s]
19.0.N: Stopped processing property "CS_mult_fsm_s1_20"	[3.46 s].
19.0.N: All properties determined. [3.46 s]
19.0.N: Exited with Success (@ 3.56 s)
19.0.B: Exited with Success (@ 3.58 s)
19.0.Hp: Exited with Success (@ 3.74 s)
19.0.Mpcustom4: Trace Attempt 23	[3.06 s]
19.0.Mpcustom4: All properties determined. [3.38 s]
19.0.Ht: Exited with Success (@ 3.97 s)
19.0.Mpcustom4: Exited with Success (@ 3.97 s)
19: --------------------------------------------------------------
ProofGrid Summary (utilization 86.88 %)
--------------------------------------------------------------
     engines started                               :     7
     engine jobs started                           :     7
     jobs where 1 minute load exceeded core count  :     6

    Average time in state (seconds)
    ------------------------------------------------------
    Engine  Pending     Running        Dead    Utilization
    ------------------------------------------------------
      N        0.43        3.38        0.00       88.76 %
     Hp        0.27        3.41        0.00       92.58 %
     Ht        0.48        3.03        0.00       86.34 %
    Mpcustom4        0.43        3.01        0.00       87.47 %
     Oh        0.36        0.14        0.00       28.30 %
      B        0.36        3.01        0.00       89.36 %
     AM        0.51        2.85        0.00       84.75 %
    all        0.41        2.69        0.00       86.88 %

    Total time in state (seconds)
    -----------------------------------------
            Pending     Running        Dead  
    -----------------------------------------
               2.84       18.83        0.00

    Data read    : 79.85 kiB
    Data written : 7.49 kiB

19: All pending notifications were processed.
INFO (IPF059): 19: Completed proof on task: "mytask"
cover -name CS_mult_fsm_s1_21 {@(posedge clk_i) !mult_fsm_s1 ##1 mult_fsm_s1 [*21] ##1 !mult_fsm_s1 }
INFO (IPF036): Starting proof on task: "mytask", 1 properties to prove with 0 already proven/unreachable
INFO (IPF031): Settings used for proof thread 20:
    orchestration                 = on (auto)
    time_limit                    = 600s
    per_property_time_limit       = 1s * 10 ^ scan
    engine_mode                   = auto
    proofgrid_per_engine_max_jobs = 1
    max engine jobs               = auto
    proofgrid_mode                = local
    proofgrid_restarts            = 10
20: Using multistage preprocessing
20: Starting reduce
20: Finished reduce in 0.054s
20.0.PRE: Performing Proof Simplification...
20.0.N: clocks: 1, declared: 1, looping: 0, posedge: 1, negedge: 0, noedge: 0, bothedge: 0
20.0.N: Proof Simplification Iteration 1	[0.00 s]
20.0.N: Proof Simplification Iteration 2	[0.04 s]
20.0.N: Proof Simplification Iteration 3	[0.06 s]
20.0.N: Proof Simplification Iteration 4	[0.08 s]
20.0.N: Proof Simplification Iteration 5	[0.10 s]
20.0.N: Proof Simplification Iteration 6	[0.14 s]
20.0.N: Proof Simplification Iteration 7	[0.18 s]
20.0.N: Proof Simplification Iteration 8	[0.20 s]
20.0.N: Proof Simplification Iteration 9	[0.22 s]
20.0.N: Proof Simplification Iteration 10	[0.24 s]
20.0.PRE: Proof Simplification completed in 0.29 s
20: About to start ProofGrid in its own thread with a limit of 10000 pending notifications and a limit of 10 traces.
20: =============================== ProofGrid start ===============================
20: ProofGrid usable level: 1
20: Initial ProofGrid level: 1
20: ProofGrid is starting event handling
20.0.Hp: caddy12.stanford.edu: "Rocky Linux 8.10 (Green Obsidian)" is an unsupported operating system.
20.0.N: caddy12.stanford.edu: "Rocky Linux 8.10 (Green Obsidian)" is an unsupported operating system.
20.0.N: Proofgrid shell started at 2324353@caddy12.stanford.edu(local) jg_2320910_caddy12.stanford.edu_21
20.0.Ht: caddy12.stanford.edu: "Rocky Linux 8.10 (Green Obsidian)" is an unsupported operating system.
20.0.Hp: Proofgrid shell started at 2324354@caddy12.stanford.edu(local) jg_2320910_caddy12.stanford.edu_21
20.0.N: clocks: 1, declared: 1, looping: 0, posedge: 1, negedge: 0, noedge: 0, bothedge: 0
20.0.N: Last scan. Per property time limit: 0s
20.0.N: Starting proof for property "CS_mult_fsm_s1_21"	[0.00 s].
20.0.N: Trace Attempt  1	[0.01 s]
20.0.N: Trace Attempt  2	[0.02 s]
20.0.N: Trace Attempt  3	[0.02 s]
20.0.Mpcustom4: caddy12.stanford.edu: "Rocky Linux 8.10 (Green Obsidian)" is an unsupported operating system.
20.0.Hp: clocks: 1, declared: 1, looping: 0, posedge: 1, negedge: 0, noedge: 0, bothedge: 0
20.0.N: Trace Attempt  3	[0.06 s]
20.0.N: Trace Attempt  4	[0.08 s]
20.0.N: Trace Attempt  5	[0.08 s]
20.0.Ht: Proofgrid shell started at 2324375@caddy12.stanford.edu(local) jg_2320910_caddy12.stanford.edu_21
20.0.N: Trace Attempt  5	[0.16 s]
20.0.Ht: clocks: 1, declared: 1, looping: 0, posedge: 1, negedge: 0, noedge: 0, bothedge: 0
20.0.Ht: Trace Attempt  1	[0.07 s]
20.0.Ht: Trace Attempt  2	[0.08 s]
20.0.Oh: caddy12.stanford.edu: "Rocky Linux 8.10 (Green Obsidian)" is an unsupported operating system.
20.0.Ht: Trace Attempt  3	[0.10 s]
20.0.Ht: Trace Attempt  4	[0.11 s]
20.0.Ht: Trace Attempt  5	[0.12 s]
20.0.AM: caddy12.stanford.edu: "Rocky Linux 8.10 (Green Obsidian)" is an unsupported operating system.
20.0.Mpcustom4: Proofgrid shell started at 2324383@caddy12.stanford.edu(local) jg_2320910_caddy12.stanford.edu_21
20.0.B: caddy12.stanford.edu: "Rocky Linux 8.10 (Green Obsidian)" is an unsupported operating system.
20.0.Mpcustom4: clocks: 1, declared: 1, looping: 0, posedge: 1, negedge: 0, noedge: 0, bothedge: 0
20.0.Mpcustom4: Trace Attempt  1	[0.08 s]
20.0.Mpcustom4: Trace Attempt  2	[0.10 s]
20.0.Oh: Proofgrid shell started at 2324399@caddy12.stanford.edu(local) jg_2320910_caddy12.stanford.edu_21
20.0.Oh: clocks: 1, declared: 1, looping: 0, posedge: 1, negedge: 0, noedge: 0, bothedge: 0
20.0.AM: Proofgrid shell started at 2324411@caddy12.stanford.edu(local) jg_2320910_caddy12.stanford.edu_21
20.0.B: Proofgrid shell started at 2324407@caddy12.stanford.edu(local) jg_2320910_caddy12.stanford.edu_21
20.0.AM: clocks: 1, declared: 1, looping: 0, posedge: 1, negedge: 0, noedge: 0, bothedge: 0
20.0.AM: Last scan. Per property time limit: 0s
20.0.AM: Starting proof for property "CS_mult_fsm_s1_21"	[0.00 s].
20.0.B: clocks: 1, declared: 1, looping: 0, posedge: 1, negedge: 0, noedge: 0, bothedge: 0
20.0.AM: Trace Attempt  1	[0.02 s]
20.0.B: Last scan. Per property time limit: 0s
20.0.B: Starting proof for property "CS_mult_fsm_s1_21"	[0.00 s].
20.0.B: Trace Attempt  1	[0.01 s]
20.0.B: Trace Attempt  2	[0.03 s]
20.0.AM: Trace Attempt  2	[0.05 s]
20.0.B: Trace Attempt  3	[0.05 s]
20.0.B: Trace Attempt  4	[0.08 s]
20.0.AM: Trace Attempt  3	[0.10 s]
20.0.Oh: bwd trail(1): 1 0.109575s
20.0.AM: Trace Attempt  4	[0.14 s]
20.0.Oh: All properties either determined or skipped. [0.24 s]
20.0.Oh: Exited with Success (@ 0.84 s)
20.0.B: Trace Attempt  5	[0.15 s]
20.0.AM: Trace Attempt  5	[0.20 s]
20.0.Mpcustom4: Trace Attempt  3	[0.90 s]
20.0.Mpcustom4: Trace Attempt  3	[0.93 s]
20.0.Mpcustom4: Trace Attempt  4	[0.96 s]
20.0.Mpcustom4: Trace Attempt  4	[1.01 s]
20.0.Mpcustom4: Trace Attempt  5	[1.04 s]
20.0.Mpcustom4: Trace Attempt  5	[1.11 s]
20.0.N: Trace Attempt 22	[4.32 s]
20.0.N: Requesting engine job to stop
20.0.B: Requesting engine job to stop
20.0.AM: Requesting engine job to stop
20.0.Hp: Requesting engine job to terminate
20.0.Ht: Requesting engine job to terminate
20.0.Mpcustom4: Requesting engine job to terminate
INFO (IPF144): 20: Initiating shutdown of proof [5.55 s]
20.0.Ht: Trace Attempt 28	[1.57 s]
20.0.Ht: A trace with 28 cycles was found. [5.29 s]
INFO (IPF047): 20.0.Ht: The cover property "CS_mult_fsm_s1_21" was covered in 28 cycles in 5.32 s.
20.0.Ht: All properties determined. [5.32 s]
20.0.Hp: Interrupted (multi)
20.0.Hp: All properties determined. [5.47 s]
20.0.N: Trace Attempt 26	[5.43 s]
20.0.N: Stopped processing property "CS_mult_fsm_s1_21"	[5.56 s].
20.0.N: All properties determined. [5.52 s]
20.0.N: Exited with Success (@ 5.58 s)
20: ProofGrid usable level: 0
20.0.B: Trace Attempt 28	[2.74 s]
20.0.B: Stopped processing property "CS_mult_fsm_s1_21"	[5.00 s].
20.0.B: All properties determined. [5.01 s]
20.0.B: Exited with Success (@ 5.70 s)
20.0.AM: Trace Attempt 28	[2.52 s]
20.0.AM: Stopped processing property "CS_mult_fsm_s1_21"	[5.05 s].
20.0.AM: All properties determined. [5.05 s]
20.0.AM: Exited with Success (@ 5.72 s)
20.0.Mpcustom4: Trace Attempt 26	[4.92 s]
20.0.Mpcustom4: All properties determined. [5.33 s]
20.0.Mpcustom4: Exited with Success (@ 5.77 s)
20.0.Hp: Exited with Success (@ 5.85 s)
20.0.Ht: Exited with Success (@ 5.95 s)
20: --------------------------------------------------------------
ProofGrid Summary (utilization 91.63 %)
--------------------------------------------------------------
     engines started                               :     7
     engine jobs started                           :     7
     jobs where 1 minute load exceeded core count  :     7

    Average time in state (seconds)
    ------------------------------------------------------
    Engine  Pending     Running        Dead    Utilization
    ------------------------------------------------------
      N        0.17        5.53        0.00       96.96 %
     Hp        0.20        5.46        0.00       96.40 %
     Ht        0.31        5.32        0.00       94.50 %
    Mpcustom4        0.46        5.14        0.00       91.74 %
     Oh        0.55        0.24        0.00       30.15 %
      B        0.61        4.89        0.00       88.89 %
     AM        0.56        4.92        0.00       89.73 %
    all        0.41        4.50        0.00       91.63 %

    Total time in state (seconds)
    -----------------------------------------
            Pending     Running        Dead  
    -----------------------------------------
               2.88       31.50        0.00

    Data read    : 150.48 kiB
    Data written : 8.96 kiB

20: All pending notifications were processed.
INFO (IPF059): 20: Completed proof on task: "mytask"
cover -name CS_mult_fsm_s1_22 {@(posedge clk_i) !mult_fsm_s1 ##1 mult_fsm_s1 [*22] ##1 !mult_fsm_s1 }
INFO (IPF036): Starting proof on task: "mytask", 1 properties to prove with 0 already proven/unreachable
INFO (IPF031): Settings used for proof thread 21:
    orchestration                 = on (auto)
    time_limit                    = 600s
    per_property_time_limit       = 1s * 10 ^ scan
    engine_mode                   = auto
    proofgrid_per_engine_max_jobs = 1
    max engine jobs               = auto
    proofgrid_mode                = local
    proofgrid_restarts            = 10
21: Using multistage preprocessing
21: Starting reduce
21: Finished reduce in 0.047s
21.0.PRE: Performing Proof Simplification...
21.0.N: clocks: 1, declared: 1, looping: 0, posedge: 1, negedge: 0, noedge: 0, bothedge: 0
21.0.N: Proof Simplification Iteration 1	[0.00 s]
21.0.N: Proof Simplification Iteration 2	[0.07 s]
21.0.N: Proof Simplification Iteration 3	[0.10 s]
21.0.N: Proof Simplification Iteration 4	[0.15 s]
21.0.N: Proof Simplification Iteration 5	[0.19 s]
21.0.N: Proof Simplification Iteration 6	[0.21 s]
21.0.N: Proof Simplification Iteration 7	[0.23 s]
21.0.N: Proof Simplification Iteration 8	[0.25 s]
21.0.N: Proof Simplification Iteration 9	[0.27 s]
21.0.N: Proof Simplification Iteration 10	[0.29 s]
21.0.PRE: Proof Simplification completed in 0.34 s
21: About to start ProofGrid in its own thread with a limit of 10000 pending notifications and a limit of 10 traces.
21: =============================== ProofGrid start ===============================
21: ProofGrid usable level: 1
21: Initial ProofGrid level: 1
21: ProofGrid is starting event handling
21.0.N: caddy12.stanford.edu: "Rocky Linux 8.10 (Green Obsidian)" is an unsupported operating system.
21.0.Hp: caddy12.stanford.edu: "Rocky Linux 8.10 (Green Obsidian)" is an unsupported operating system.
21.0.Ht: caddy12.stanford.edu: "Rocky Linux 8.10 (Green Obsidian)" is an unsupported operating system.
21.0.Mpcustom4: caddy12.stanford.edu: "Rocky Linux 8.10 (Green Obsidian)" is an unsupported operating system.
21.0.Hp: Proofgrid shell started at 2324467@caddy12.stanford.edu(local) jg_2320910_caddy12.stanford.edu_22
21.0.Hp: clocks: 1, declared: 1, looping: 0, posedge: 1, negedge: 0, noedge: 0, bothedge: 0
21.0.N: Proofgrid shell started at 2324466@caddy12.stanford.edu(local) jg_2320910_caddy12.stanford.edu_22
21.0.N: clocks: 1, declared: 1, looping: 0, posedge: 1, negedge: 0, noedge: 0, bothedge: 0
21.0.N: Last scan. Per property time limit: 0s
21.0.N: Starting proof for property "CS_mult_fsm_s1_22"	[0.00 s].
21.0.Hp: Trace Attempt  1	[0.15 s]
21.0.N: Trace Attempt  1	[0.02 s]
21.0.Hp: Trace Attempt  2	[0.16 s]
21.0.Oh: caddy12.stanford.edu: "Rocky Linux 8.10 (Green Obsidian)" is an unsupported operating system.
21.0.N: Trace Attempt  2	[0.05 s]
21.0.N: Trace Attempt  3	[0.05 s]
21.0.B: caddy12.stanford.edu: "Rocky Linux 8.10 (Green Obsidian)" is an unsupported operating system.
21.0.Ht: Proofgrid shell started at 2324489@caddy12.stanford.edu(local) jg_2320910_caddy12.stanford.edu_22
21.0.Mpcustom4: Proofgrid shell started at 2324496@caddy12.stanford.edu(local) jg_2320910_caddy12.stanford.edu_22
21.0.AM: caddy12.stanford.edu: "Rocky Linux 8.10 (Green Obsidian)" is an unsupported operating system.
21.0.Hp: Trace Attempt  3	[0.26 s]
21.0.N: Trace Attempt  3	[0.14 s]
21.0.Ht: clocks: 1, declared: 1, looping: 0, posedge: 1, negedge: 0, noedge: 0, bothedge: 0
21.0.Mpcustom4: clocks: 1, declared: 1, looping: 0, posedge: 1, negedge: 0, noedge: 0, bothedge: 0
21.0.N: Trace Attempt  4	[0.18 s]
21.0.N: Trace Attempt  5	[0.18 s]
21.0.Ht: Trace Attempt  1	[0.10 s]
21.0.Ht: Trace Attempt  2	[0.10 s]
21.0.Ht: Trace Attempt  3	[0.11 s]
21.0.Ht: Trace Attempt  4	[0.12 s]
21.0.Mpcustom4: Trace Attempt  1	[0.12 s]
21.0.Ht: Trace Attempt  5	[0.15 s]
21.0.B: Proofgrid shell started at 2324525@caddy12.stanford.edu(local) jg_2320910_caddy12.stanford.edu_22
21.0.Hp: Trace Attempt  4	[0.44 s]
21.0.Mpcustom4: Trace Attempt  2	[0.19 s]
21.0.Oh: Proofgrid shell started at 2324511@caddy12.stanford.edu(local) jg_2320910_caddy12.stanford.edu_22
21.0.B: clocks: 1, declared: 1, looping: 0, posedge: 1, negedge: 0, noedge: 0, bothedge: 0
21.0.N: Trace Attempt  5	[0.35 s]
21.0.B: Last scan. Per property time limit: 0s
21.0.B: Starting proof for property "CS_mult_fsm_s1_22"	[0.00 s].
21.0.Oh: clocks: 1, declared: 1, looping: 0, posedge: 1, negedge: 0, noedge: 0, bothedge: 0
21.0.B: Trace Attempt  1	[0.03 s]
21.0.B: Trace Attempt  2	[0.05 s]
21.0.B: Trace Attempt  3	[0.07 s]
21.0.AM: Proofgrid shell started at 2324530@caddy12.stanford.edu(local) jg_2320910_caddy12.stanford.edu_22
21.0.B: Trace Attempt  4	[0.11 s]
21.0.AM: clocks: 1, declared: 1, looping: 0, posedge: 1, negedge: 0, noedge: 0, bothedge: 0
21.0.AM: Last scan. Per property time limit: 0s
21.0.AM: Starting proof for property "CS_mult_fsm_s1_22"	[0.00 s].
21.0.AM: Trace Attempt  1	[0.02 s]
21.0.B: Trace Attempt  5	[0.19 s]
21.0.AM: Trace Attempt  2	[0.05 s]
21.0.AM: Trace Attempt  3	[0.10 s]
21.0.AM: Trace Attempt  4	[0.13 s]
21.0.Oh: bwd trail(1): 1 0.11129s
21.0.Oh: All properties either determined or skipped. [0.32 s]
21.0.Oh: Exited with Success (@ 0.81 s)
21.0.Oh: Completed, Restart ignored.
21.0.AM: Trace Attempt  5	[0.19 s]
21.0.Mpcustom4: Trace Attempt  3	[1.35 s]
21.0.Mpcustom4: Trace Attempt  3	[1.38 s]
21.0.Mpcustom4: Trace Attempt  4	[1.41 s]
21.0.Mpcustom4: Trace Attempt  4	[1.46 s]
21.0.Mpcustom4: Trace Attempt  5	[1.48 s]
21.0.Mpcustom4: Trace Attempt  5	[1.55 s]
21.0.N: Requesting engine job to stop
21.0.B: Requesting engine job to stop
21.0.AM: Requesting engine job to stop
21.0.Hp: Requesting engine job to terminate
21.0.Ht: Requesting engine job to terminate
21.0.Mpcustom4: Requesting engine job to terminate
INFO (IPF144): 21: Initiating shutdown of proof [3.83 s]
21.0.AM: Trace Attempt 29	[1.82 s]
21.0.AM: A trace with 29 cycles was found. [3.17 s]
INFO (IPF047): 21.0.AM: The cover property "CS_mult_fsm_s1_22" was covered in 29 cycles in 3.22 s.
21.0.AM: Stopped processing property "CS_mult_fsm_s1_22"	[3.24 s].
21.0.Hp: Interrupted (multi)
21.0.Hp: All properties determined. [3.83 s]
21.0.AM: All properties determined. [3.22 s]
21.0.AM: Exited with Success (@ 3.88 s)
21: ProofGrid usable level: 0
21.0.B: Trace Attempt 29	[2.38 s]
21.0.B: Stopped processing property "CS_mult_fsm_s1_22"	[3.45 s].
21.0.Ht: Interrupted (multi)
21.0.Ht: Trace Attempt 29	[2.55 s]
21.0.Ht: All properties determined. [3.66 s]
21.0.B: All properties determined. [3.44 s]
21.0.B: Exited with Success (@ 3.94 s)
21.0.N: Trace Attempt 20	[3.87 s]
21.0.N: Stopped processing property "CS_mult_fsm_s1_22"	[3.87 s].
21.0.N: All properties determined. [3.88 s]
21.0.N: Exited with Success (@ 4.02 s)
21.0.Mpcustom4: Trace Attempt 21	[3.58 s]
21.0.Mpcustom4: All properties determined. [3.77 s]
21.0.Mpcustom4: Exited with Success (@ 4.06 s)
21.0.Hp: Exited with Success (@ 4.15 s)
21.0.Ht: Exited with Success (@ 4.28 s)
21: --------------------------------------------------------------
ProofGrid Summary (utilization 87.34 %)
--------------------------------------------------------------
     engines started                               :     7
     engine jobs started                           :     7
     jobs where 1 minute load exceeded core count  :     6

    Average time in state (seconds)
    ------------------------------------------------------
    Engine  Pending     Running        Dead    Utilization
    ------------------------------------------------------
      N        0.51        3.72        0.00       87.89 %
     Hp        0.33        3.82        0.00       92.07 %
     Ht        0.33        3.55        0.00       91.44 %
    Mpcustom4        0.35        3.55        0.00       91.10 %
     Oh        0.56        0.32        0.00       36.43 %
      B        0.46        3.36        0.00       87.87 %
     AM        0.58        3.21        0.00       84.65 %
    all        0.45        3.08        0.00       87.34 %

    Total time in state (seconds)
    -----------------------------------------
            Pending     Running        Dead  
    -----------------------------------------
               3.12       21.53        0.00

    Data read    : 83.55 kiB
    Data written : 7.81 kiB

21: All pending notifications were processed.
INFO (IPF059): 21: Completed proof on task: "mytask"
cover -name CS_mult_fsm_s1_23 {@(posedge clk_i) !mult_fsm_s1 ##1 mult_fsm_s1 [*23] ##1 !mult_fsm_s1 }
INFO (IPF036): Starting proof on task: "mytask", 1 properties to prove with 0 already proven/unreachable
INFO (IPF031): Settings used for proof thread 22:
    orchestration                 = on (auto)
    time_limit                    = 600s
    per_property_time_limit       = 1s * 10 ^ scan
    engine_mode                   = auto
    proofgrid_per_engine_max_jobs = 1
    max engine jobs               = auto
    proofgrid_mode                = local
    proofgrid_restarts            = 10
22: Using multistage preprocessing
22: Starting reduce
22: Finished reduce in 0.045s
22.0.PRE: Performing Proof Simplification...
22.0.N: clocks: 1, declared: 1, looping: 0, posedge: 1, negedge: 0, noedge: 0, bothedge: 0
22.0.N: Proof Simplification Iteration 1	[0.00 s]
22.0.N: Proof Simplification Iteration 2	[0.04 s]
22.0.N: Proof Simplification Iteration 3	[0.06 s]
22.0.N: Proof Simplification Iteration 4	[0.09 s]
22.0.N: Proof Simplification Iteration 5	[0.10 s]
22.0.N: Proof Simplification Iteration 6	[0.13 s]
22.0.N: Proof Simplification Iteration 7	[0.15 s]
22.0.N: Proof Simplification Iteration 8	[0.17 s]
22.0.N: Proof Simplification Iteration 9	[0.21 s]
22.0.N: Proof Simplification Iteration 10	[0.25 s]
22.0.PRE: Proof Simplification completed in 0.34 s
22: About to start ProofGrid in its own thread with a limit of 10000 pending notifications and a limit of 10 traces.
22: =============================== ProofGrid start ===============================
22: ProofGrid usable level: 1
22: Initial ProofGrid level: 1
22: ProofGrid is starting event handling
22.0.Hp: caddy12.stanford.edu: "Rocky Linux 8.10 (Green Obsidian)" is an unsupported operating system.
22.0.N: caddy12.stanford.edu: "Rocky Linux 8.10 (Green Obsidian)" is an unsupported operating system.
22.0.N: Proofgrid shell started at 2324580@caddy12.stanford.edu(local) jg_2320910_caddy12.stanford.edu_23
22.0.Hp: Proofgrid shell started at 2324581@caddy12.stanford.edu(local) jg_2320910_caddy12.stanford.edu_23
22.0.Ht: caddy12.stanford.edu: "Rocky Linux 8.10 (Green Obsidian)" is an unsupported operating system.
22.0.N: clocks: 1, declared: 1, looping: 0, posedge: 1, negedge: 0, noedge: 0, bothedge: 0
22.0.Hp: clocks: 1, declared: 1, looping: 0, posedge: 1, negedge: 0, noedge: 0, bothedge: 0
22.0.N: Last scan. Per property time limit: 0s
22.0.N: Starting proof for property "CS_mult_fsm_s1_23"	[0.00 s].
22.0.N: Trace Attempt  1	[0.01 s]
22.0.N: Trace Attempt  2	[0.02 s]
22.0.N: Trace Attempt  3	[0.02 s]
22.0.N: Trace Attempt  3	[0.06 s]
22.0.N: Trace Attempt  4	[0.08 s]
22.0.N: Trace Attempt  5	[0.08 s]
22.0.N: Trace Attempt  5	[0.16 s]
22.0.Ht: Proofgrid shell started at 2324603@caddy12.stanford.edu(local) jg_2320910_caddy12.stanford.edu_23
22.0.Mpcustom4: caddy12.stanford.edu: "Rocky Linux 8.10 (Green Obsidian)" is an unsupported operating system.
22.0.Ht: clocks: 1, declared: 1, looping: 0, posedge: 1, negedge: 0, noedge: 0, bothedge: 0
22.0.B: caddy12.stanford.edu: "Rocky Linux 8.10 (Green Obsidian)" is an unsupported operating system.
22.0.Oh: caddy12.stanford.edu: "Rocky Linux 8.10 (Green Obsidian)" is an unsupported operating system.
22.0.Ht: Trace Attempt  1	[0.05 s]
22.0.Ht: Trace Attempt  2	[0.05 s]
22.0.Ht: Trace Attempt  3	[0.06 s]
22.0.AM: caddy12.stanford.edu: "Rocky Linux 8.10 (Green Obsidian)" is an unsupported operating system.
22.0.Ht: Trace Attempt  4	[0.08 s]
22.0.Ht: Trace Attempt  5	[0.10 s]
22.0.Oh: Proofgrid shell started at 2324621@caddy12.stanford.edu(local) jg_2320910_caddy12.stanford.edu_23
22.0.Oh: clocks: 1, declared: 1, looping: 0, posedge: 1, negedge: 0, noedge: 0, bothedge: 0
22.0.B: Proofgrid shell started at 2324627@caddy12.stanford.edu(local) jg_2320910_caddy12.stanford.edu_23
22.0.Mpcustom4: Proofgrid shell started at 2324618@caddy12.stanford.edu(local) jg_2320910_caddy12.stanford.edu_23
22.0.Mpcustom4: clocks: 1, declared: 1, looping: 0, posedge: 1, negedge: 0, noedge: 0, bothedge: 0
22.0.B: clocks: 1, declared: 1, looping: 0, posedge: 1, negedge: 0, noedge: 0, bothedge: 0
22.0.B: Last scan. Per property time limit: 0s
22.0.B: Starting proof for property "CS_mult_fsm_s1_23"	[0.00 s].
22.0.B: Trace Attempt  1	[0.01 s]
22.0.AM: Proofgrid shell started at 2324630@caddy12.stanford.edu(local) jg_2320910_caddy12.stanford.edu_23
22.0.B: Trace Attempt  2	[0.02 s]
22.0.B: Trace Attempt  3	[0.02 s]
22.0.AM: clocks: 1, declared: 1, looping: 0, posedge: 1, negedge: 0, noedge: 0, bothedge: 0
22.0.B: Trace Attempt  4	[0.04 s]
22.0.AM: Last scan. Per property time limit: 0s
22.0.AM: Starting proof for property "CS_mult_fsm_s1_23"	[0.00 s].
22.0.Mpcustom4: Trace Attempt  1	[0.10 s]
22.0.B: Trace Attempt  5	[0.08 s]
22.0.AM: Trace Attempt  1	[0.05 s]
22.0.Mpcustom4: Trace Attempt  2	[0.14 s]
22.0.AM: Trace Attempt  2	[0.09 s]
22.0.AM: Trace Attempt  3	[0.15 s]
22.0.Oh: bwd trail(1): 1 0.110822s
22.0.Oh: All properties either determined or skipped. [0.28 s]
22.0.Oh: Exited with Success (@ 0.81 s)
22.0.Oh: Completed, Restart ignored.
22.0.AM: Trace Attempt  4	[0.18 s]
22.0.AM: Trace Attempt  5	[0.21 s]
22.0.Mpcustom4: Trace Attempt  3	[1.04 s]
22.0.Mpcustom4: Trace Attempt  3	[1.07 s]
22.0.Mpcustom4: Trace Attempt  4	[1.11 s]
22.0.Mpcustom4: Trace Attempt  4	[1.16 s]
22.0.Mpcustom4: Trace Attempt  5	[1.19 s]
22.0.Mpcustom4: Trace Attempt  5	[1.25 s]
22.0.N: Requesting engine job to stop
22.0.B: Requesting engine job to stop
22.0.AM: Requesting engine job to stop
22.0.Hp: Requesting engine job to terminate
22.0.Ht: Requesting engine job to terminate
22.0.Mpcustom4: Requesting engine job to terminate
INFO (IPF144): 22: Initiating shutdown of proof [4.34 s]
22.0.AM: Trace Attempt 30	[1.68 s]
22.0.AM: A trace with 30 cycles was found. [3.67 s]
INFO (IPF047): 22.0.AM: The cover property "CS_mult_fsm_s1_23" was covered in 30 cycles in 3.70 s.
22.0.AM: Stopped processing property "CS_mult_fsm_s1_23"	[3.73 s].
22.0.AM: All properties determined. [3.69 s]
22.0.Ht: Interrupted (multi)
22.0.Ht: Trace Attempt 30	[1.41 s]
22.0.Ht: All properties determined. [4.04 s]
22.0.AM: Exited with Success (@ 4.36 s)
22: ProofGrid usable level: 0
22.0.N: Trace Attempt 28	[4.13 s]
22.0.N: Stopped processing property "CS_mult_fsm_s1_23"	[4.32 s].
22.0.N: All properties determined. [4.30 s]
22.0.Hp: Interrupted (multi)
22.0.Hp: All properties determined. [4.35 s]
22.0.B: Trace Attempt 30	[2.03 s]
22.0.B: Stopped processing property "CS_mult_fsm_s1_23"	[3.86 s].
22.0.B: All properties determined. [3.86 s]
22.0.N: Exited with Success (@ 4.47 s)
22.0.B: Exited with Success (@ 4.48 s)
22.0.Mpcustom4: Trace Attempt 25	[3.79 s]
22.0.Mpcustom4: All properties determined. [3.97 s]
22.0.Mpcustom4: Exited with Success (@ 4.58 s)
22.0.Hp: Exited with Success (@ 4.61 s)
22.0.Ht: Exited with Success (@ 4.73 s)
22: --------------------------------------------------------------
ProofGrid Summary (utilization 87.94 %)
--------------------------------------------------------------
     engines started                               :     7
     engine jobs started                           :     7
     jobs where 1 minute load exceeded core count  :     7

    Average time in state (seconds)
    ------------------------------------------------------
    Engine  Pending     Running        Dead    Utilization
    ------------------------------------------------------
      N        0.43        4.31        0.00       90.86 %
     Hp        0.38        4.31        0.00       91.84 %
     Ht        0.40        4.02        0.00       91.03 %
    Mpcustom4        0.58        3.76        0.00       86.58 %
     Oh        0.47        0.29        0.00       37.83 %
      B        0.51        3.75        0.00       88.12 %
     AM        0.54        3.71        0.00       87.35 %
    all        0.47        3.45        0.00       87.94 %

    Total time in state (seconds)
    -----------------------------------------
            Pending     Running        Dead  
    -----------------------------------------
               3.31       24.14        0.00

    Data read    : 87.49 kiB
    Data written : 8.38 kiB

22: All pending notifications were processed.
INFO (IPF059): 22: Completed proof on task: "mytask"
cover -name CS_mult_fsm_s1_24 {@(posedge clk_i) !mult_fsm_s1 ##1 mult_fsm_s1 [*24] ##1 !mult_fsm_s1 }
INFO (IPF036): Starting proof on task: "mytask", 1 properties to prove with 0 already proven/unreachable
INFO (IPF031): Settings used for proof thread 23:
    orchestration                 = on (auto)
    time_limit                    = 600s
    per_property_time_limit       = 1s * 10 ^ scan
    engine_mode                   = auto
    proofgrid_per_engine_max_jobs = 1
    max engine jobs               = auto
    proofgrid_mode                = local
    proofgrid_restarts            = 10
23: Using multistage preprocessing
23: Starting reduce
23: Finished reduce in 0.045s
23.0.PRE: Performing Proof Simplification...
23.0.N: clocks: 1, declared: 1, looping: 0, posedge: 1, negedge: 0, noedge: 0, bothedge: 0
23.0.N: Proof Simplification Iteration 1	[0.00 s]
23.0.N: Proof Simplification Iteration 2	[0.04 s]
23.0.N: Proof Simplification Iteration 3	[0.06 s]
23.0.N: Proof Simplification Iteration 4	[0.08 s]
23.0.N: Proof Simplification Iteration 5	[0.10 s]
23.0.N: Proof Simplification Iteration 6	[0.12 s]
23.0.N: Proof Simplification Iteration 7	[0.14 s]
23.0.N: Proof Simplification Iteration 8	[0.16 s]
23.0.N: Proof Simplification Iteration 9	[0.17 s]
23.0.N: Proof Simplification Iteration 10	[0.19 s]
23.0.PRE: Proof Simplification completed in 0.24 s
23: About to start ProofGrid in its own thread with a limit of 10000 pending notifications and a limit of 10 traces.
23: =============================== ProofGrid start ===============================
23: ProofGrid usable level: 1
23: Initial ProofGrid level: 1
23: ProofGrid is starting event handling
23.0.N: caddy12.stanford.edu: "Rocky Linux 8.10 (Green Obsidian)" is an unsupported operating system.
23.0.Hp: caddy12.stanford.edu: "Rocky Linux 8.10 (Green Obsidian)" is an unsupported operating system.
23.0.Hp: Proofgrid shell started at 2324839@caddy12.stanford.edu(local) jg_2320910_caddy12.stanford.edu_24
23.0.N: Proofgrid shell started at 2324838@caddy12.stanford.edu(local) jg_2320910_caddy12.stanford.edu_24
23.0.Hp: clocks: 1, declared: 1, looping: 0, posedge: 1, negedge: 0, noedge: 0, bothedge: 0
23.0.N: clocks: 1, declared: 1, looping: 0, posedge: 1, negedge: 0, noedge: 0, bothedge: 0
23.0.N: Last scan. Per property time limit: 0s
23.0.N: Starting proof for property "CS_mult_fsm_s1_24"	[0.00 s].
23.0.N: Trace Attempt  1	[0.01 s]
23.0.N: Trace Attempt  2	[0.02 s]
23.0.N: Trace Attempt  3	[0.02 s]
23.0.N: Trace Attempt  3	[0.06 s]
23.0.Ht: caddy12.stanford.edu: "Rocky Linux 8.10 (Green Obsidian)" is an unsupported operating system.
23.0.N: Trace Attempt  4	[0.08 s]
23.0.N: Trace Attempt  5	[0.08 s]
23.0.N: Trace Attempt  5	[0.17 s]
23.0.Mpcustom4: caddy12.stanford.edu: "Rocky Linux 8.10 (Green Obsidian)" is an unsupported operating system.
23.0.Oh: caddy12.stanford.edu: "Rocky Linux 8.10 (Green Obsidian)" is an unsupported operating system.
23.0.B: caddy12.stanford.edu: "Rocky Linux 8.10 (Green Obsidian)" is an unsupported operating system.
23.0.Ht: Proofgrid shell started at 2324862@caddy12.stanford.edu(local) jg_2320910_caddy12.stanford.edu_24
23.0.AM: caddy12.stanford.edu: "Rocky Linux 8.10 (Green Obsidian)" is an unsupported operating system.
23.0.Ht: clocks: 1, declared: 1, looping: 0, posedge: 1, negedge: 0, noedge: 0, bothedge: 0
23.0.Ht: Trace Attempt  1	[0.06 s]
23.0.Ht: Trace Attempt  2	[0.06 s]
23.0.Ht: Trace Attempt  3	[0.07 s]
23.0.Ht: Trace Attempt  4	[0.07 s]
23.0.Ht: Trace Attempt  5	[0.08 s]
23.0.Mpcustom4: Proofgrid shell started at 2324872@caddy12.stanford.edu(local) jg_2320910_caddy12.stanford.edu_24
23.0.Mpcustom4: clocks: 1, declared: 1, looping: 0, posedge: 1, negedge: 0, noedge: 0, bothedge: 0
23.0.Oh: Proofgrid shell started at 2324874@caddy12.stanford.edu(local) jg_2320910_caddy12.stanford.edu_24
23.0.Mpcustom4: Trace Attempt  1	[0.07 s]
23.0.B: Proofgrid shell started at 2324878@caddy12.stanford.edu(local) jg_2320910_caddy12.stanford.edu_24
23.0.Mpcustom4: Trace Attempt  2	[0.10 s]
23.0.Oh: clocks: 1, declared: 1, looping: 0, posedge: 1, negedge: 0, noedge: 0, bothedge: 0
23.0.B: clocks: 1, declared: 1, looping: 0, posedge: 1, negedge: 0, noedge: 0, bothedge: 0
23.0.AM: Proofgrid shell started at 2324883@caddy12.stanford.edu(local) jg_2320910_caddy12.stanford.edu_24
23.0.B: Last scan. Per property time limit: 0s
23.0.B: Starting proof for property "CS_mult_fsm_s1_24"	[0.00 s].
23.0.B: Trace Attempt  1	[0.03 s]
23.0.AM: clocks: 1, declared: 1, looping: 0, posedge: 1, negedge: 0, noedge: 0, bothedge: 0
23.0.B: Trace Attempt  2	[0.04 s]
23.0.AM: Last scan. Per property time limit: 0s
23.0.AM: Starting proof for property "CS_mult_fsm_s1_24"	[0.00 s].
23.0.B: Trace Attempt  3	[0.07 s]
23.0.AM: Trace Attempt  1	[0.03 s]
23.0.B: Trace Attempt  4	[0.09 s]
23.0.AM: Trace Attempt  2	[0.05 s]
23.0.AM: Trace Attempt  3	[0.09 s]
23.0.B: Trace Attempt  5	[0.16 s]
23.0.AM: Trace Attempt  4	[0.11 s]
23.0.Oh: bwd trail(1): 1 0.110462s
23.0.Oh: All properties either determined or skipped. [0.30 s]
23.0.AM: Trace Attempt  5	[0.18 s]
23.0.Oh: Exited with Success (@ 0.97 s)
23.0.Mpcustom4: Trace Attempt  3	[0.88 s]
23.0.Mpcustom4: Trace Attempt  3	[0.95 s]
23.0.Mpcustom4: Trace Attempt  4	[1.02 s]
23.0.Mpcustom4: Trace Attempt  4	[1.17 s]
23.0.Mpcustom4: Trace Attempt  5	[1.26 s]
23.0.Mpcustom4: Trace Attempt  5	[1.40 s]
23.0.N: Trace Attempt 25	[4.29 s]
23.0.N: Requesting engine job to stop
23.0.B: Requesting engine job to stop
23.0.AM: Requesting engine job to stop
23.0.Hp: Requesting engine job to terminate
23.0.Ht: Requesting engine job to terminate
23.0.Mpcustom4: Requesting engine job to terminate
INFO (IPF144): 23: Initiating shutdown of proof [5.09 s]
23.0.Ht: Trace Attempt 31	[1.51 s]
23.0.Ht: A trace with 31 cycles was found. [4.64 s]
INFO (IPF047): 23.0.Ht: The cover property "CS_mult_fsm_s1_24" was covered in 31 cycles in 4.69 s.
23.0.Ht: All properties determined. [4.67 s]
23.0.N: Trace Attempt 28	[5.04 s]
23.0.N: Stopped processing property "CS_mult_fsm_s1_24"	[5.12 s].
23.0.N: All properties determined. [5.06 s]
23.0.N: Exited with Success (@ 5.10 s)
23: ProofGrid usable level: 0
23.0.Hp: Interrupted (multi)
23.0.Hp: All properties determined. [5.12 s]
23.0.B: Trace Attempt 31	[3.37 s]
23.0.B: Stopped processing property "CS_mult_fsm_s1_24"	[4.55 s].
23.0.B: All properties determined. [4.57 s]
23.0.B: Exited with Success (@ 5.28 s)
23.0.Mpcustom4: Trace Attempt 29	[4.16 s]
23.0.Mpcustom4: All properties determined. [4.76 s]
23.0.AM: Trace Attempt 31	[2.70 s]
23.0.AM: Stopped processing property "CS_mult_fsm_s1_24"	[4.59 s].
23.0.Mpcustom4: Exited with Success (@ 5.35 s)
23.0.AM: All properties determined. [4.60 s]
23.0.AM: Exited with Success (@ 5.35 s)
23.0.Ht: Exited with Success (@ 5.45 s)
23.0.Hp: Exited with Success (@ 5.45 s)
23: --------------------------------------------------------------
ProofGrid Summary (utilization 90.48 %)
--------------------------------------------------------------
     engines started                               :     7
     engine jobs started                           :     7
     jobs where 1 minute load exceeded core count  :     7

    Average time in state (seconds)
    ------------------------------------------------------
    Engine  Pending     Running        Dead    Utilization
    ------------------------------------------------------
      N        0.11        5.07        0.00       97.79 %
     Hp        0.09        5.07        0.00       98.29 %
     Ht        0.45        4.68        0.00       91.23 %
    Mpcustom4        0.51        4.54        0.00       89.91 %
     Oh        0.58        0.29        0.00       33.29 %
      B        0.61        4.41        0.00       87.88 %
     AM        0.64        4.37        0.00       87.28 %
    all        0.43        4.06        0.00       90.48 %

    Total time in state (seconds)
    -----------------------------------------
            Pending     Running        Dead  
    -----------------------------------------
               2.99       28.43        0.00

    Data read    : 89.56 kiB
    Data written : 8.94 kiB

23: All pending notifications were processed.
INFO (IPF059): 23: Completed proof on task: "mytask"
cover -name CS_mult_fsm_s1_25 {@(posedge clk_i) !mult_fsm_s1 ##1 mult_fsm_s1 [*25] ##1 !mult_fsm_s1 }
INFO (IPF036): Starting proof on task: "mytask", 1 properties to prove with 0 already proven/unreachable
INFO (IPF031): Settings used for proof thread 24:
    orchestration                 = on (auto)
    time_limit                    = 600s
    per_property_time_limit       = 1s * 10 ^ scan
    engine_mode                   = auto
    proofgrid_per_engine_max_jobs = 1
    max engine jobs               = auto
    proofgrid_mode                = local
    proofgrid_restarts            = 10
24: Using multistage preprocessing
24: Starting reduce
24: Finished reduce in 0.045s
24.0.PRE: Performing Proof Simplification...
24.0.N: clocks: 1, declared: 1, looping: 0, posedge: 1, negedge: 0, noedge: 0, bothedge: 0
24.0.N: Proof Simplification Iteration 1	[0.00 s]
24.0.N: Proof Simplification Iteration 2	[0.04 s]
24.0.N: Proof Simplification Iteration 3	[0.06 s]
24.0.N: Proof Simplification Iteration 4	[0.08 s]
24.0.N: Proof Simplification Iteration 5	[0.10 s]
24.0.N: Proof Simplification Iteration 6	[0.12 s]
24.0.N: Proof Simplification Iteration 7	[0.14 s]
24.0.N: Proof Simplification Iteration 8	[0.16 s]
24.0.N: Proof Simplification Iteration 9	[0.18 s]
24.0.N: Proof Simplification Iteration 10	[0.20 s]
24.0.PRE: Proof Simplification completed in 0.24 s
24: About to start ProofGrid in its own thread with a limit of 10000 pending notifications and a limit of 10 traces.
24: =============================== ProofGrid start ===============================
24: ProofGrid usable level: 1
24: Initial ProofGrid level: 1
24: ProofGrid is starting event handling
24.0.N: caddy12.stanford.edu: "Rocky Linux 8.10 (Green Obsidian)" is an unsupported operating system.
24.0.Hp: caddy12.stanford.edu: "Rocky Linux 8.10 (Green Obsidian)" is an unsupported operating system.
24.0.N: Proofgrid shell started at 2324954@caddy12.stanford.edu(local) jg_2320910_caddy12.stanford.edu_25
24.0.Hp: Proofgrid shell started at 2324955@caddy12.stanford.edu(local) jg_2320910_caddy12.stanford.edu_25
24.0.N: clocks: 1, declared: 1, looping: 0, posedge: 1, negedge: 0, noedge: 0, bothedge: 0
24.0.N: Last scan. Per property time limit: 0s
24.0.N: Starting proof for property "CS_mult_fsm_s1_25"	[0.00 s].
24.0.Ht: caddy12.stanford.edu: "Rocky Linux 8.10 (Green Obsidian)" is an unsupported operating system.
24.0.N: Trace Attempt  1	[0.01 s]
24.0.N: Trace Attempt  2	[0.02 s]
24.0.N: Trace Attempt  3	[0.02 s]
24.0.Hp: clocks: 1, declared: 1, looping: 0, posedge: 1, negedge: 0, noedge: 0, bothedge: 0
24.0.Mpcustom4: caddy12.stanford.edu: "Rocky Linux 8.10 (Green Obsidian)" is an unsupported operating system.
24.0.N: Trace Attempt  3	[0.06 s]
24.0.Ht: Proofgrid shell started at 2324973@caddy12.stanford.edu(local) jg_2320910_caddy12.stanford.edu_25
24.0.N: Trace Attempt  4	[0.08 s]
24.0.N: Trace Attempt  5	[0.08 s]
24.0.AM: caddy12.stanford.edu: "Rocky Linux 8.10 (Green Obsidian)" is an unsupported operating system.
24.0.Ht: clocks: 1, declared: 1, looping: 0, posedge: 1, negedge: 0, noedge: 0, bothedge: 0
24.0.AM: Proofgrid shell started at 2325005@caddy12.stanford.edu(local) jg_2320910_caddy12.stanford.edu_25
24.0.Oh: caddy12.stanford.edu: "Rocky Linux 8.10 (Green Obsidian)" is an unsupported operating system.
24.0.N: Trace Attempt  5	[0.16 s]
24.0.Ht: Trace Attempt  1	[0.08 s]
24.0.B: caddy12.stanford.edu: "Rocky Linux 8.10 (Green Obsidian)" is an unsupported operating system.
24.0.Ht: Trace Attempt  2	[0.09 s]
24.0.Ht: Trace Attempt  3	[0.10 s]
24.0.AM: clocks: 1, declared: 1, looping: 0, posedge: 1, negedge: 0, noedge: 0, bothedge: 0
24.0.Mpcustom4: Proofgrid shell started at 2324983@caddy12.stanford.edu(local) jg_2320910_caddy12.stanford.edu_25
24.0.Ht: Trace Attempt  4	[0.12 s]
24.0.AM: Last scan. Per property time limit: 0s
24.0.AM: Starting proof for property "CS_mult_fsm_s1_25"	[0.00 s].
24.0.Ht: Trace Attempt  5	[0.14 s]
24.0.Mpcustom4: clocks: 1, declared: 1, looping: 0, posedge: 1, negedge: 0, noedge: 0, bothedge: 0
24.0.AM: Trace Attempt  1	[0.04 s]
24.0.Oh: Proofgrid shell started at 2324997@caddy12.stanford.edu(local) jg_2320910_caddy12.stanford.edu_25
24.0.AM: Trace Attempt  2	[0.09 s]
24.0.Oh: clocks: 1, declared: 1, looping: 0, posedge: 1, negedge: 0, noedge: 0, bothedge: 0
24.0.Mpcustom4: Trace Attempt  1	[0.10 s]
24.0.AM: Trace Attempt  3	[0.14 s]
24.0.Mpcustom4: Trace Attempt  2	[0.16 s]
24.0.B: Proofgrid shell started at 2325002@caddy12.stanford.edu(local) jg_2320910_caddy12.stanford.edu_25
24.0.AM: Trace Attempt  4	[0.20 s]
24.0.B: clocks: 1, declared: 1, looping: 0, posedge: 1, negedge: 0, noedge: 0, bothedge: 0
24.0.B: Last scan. Per property time limit: 0s
24.0.B: Starting proof for property "CS_mult_fsm_s1_25"	[0.00 s].
24.0.B: Trace Attempt  1	[0.05 s]
24.0.B: Trace Attempt  2	[0.06 s]
24.0.AM: Trace Attempt  5	[0.34 s]
24.0.Oh: bwd trail(1): 1 0.108823s
24.0.Oh: All properties either determined or skipped. [0.27 s]
24.0.Oh: Exited with Success (@ 0.62 s)
24.0.Oh: Completed, Restart ignored.
24.0.B: Trace Attempt  3	[0.10 s]
24.0.B: Trace Attempt  4	[0.15 s]
24.0.B: Trace Attempt  5	[0.24 s]
24.0.Mpcustom4: Trace Attempt  3	[1.55 s]
24.0.Mpcustom4: Trace Attempt  3	[1.58 s]
24.0.Mpcustom4: Trace Attempt  4	[1.61 s]
24.0.Mpcustom4: Trace Attempt  4	[1.66 s]
24.0.Mpcustom4: Trace Attempt  5	[1.69 s]
24.0.Mpcustom4: Trace Attempt  5	[1.76 s]
24.0.N: Trace Attempt 27	[4.66 s]
24.0.N: Requesting engine job to stop
24.0.B: Requesting engine job to stop
24.0.AM: Requesting engine job to stop
24.0.Hp: Requesting engine job to terminate
24.0.Ht: Requesting engine job to terminate
24.0.Mpcustom4: Requesting engine job to terminate
INFO (IPF144): 24: Initiating shutdown of proof [4.81 s]
24.0.AM: Trace Attempt 32	[2.88 s]
24.0.AM: A trace with 32 cycles was found. [4.54 s]
INFO (IPF047): 24.0.AM: The cover property "CS_mult_fsm_s1_25" was covered in 32 cycles in 4.59 s.
24.0.AM: Stopped processing property "CS_mult_fsm_s1_25"	[4.59 s].
24.0.Ht: Interrupted (multi)
24.0.Ht: Trace Attempt 32	[1.92 s]
24.0.Ht: All properties determined. [4.69 s]
24.0.AM: All properties determined. [4.57 s]
24.0.AM: Exited with Success (@ 4.83 s)
24: ProofGrid usable level: 0
24.0.N: Trace Attempt 28	[4.79 s]
24.0.N: Stopped processing property "CS_mult_fsm_s1_25"	[4.82 s].
24.0.N: All properties determined. [4.80 s]
24.0.N: Exited with Success (@ 4.84 s)
24.0.Hp: Interrupted (multi)
24.0.Hp: All properties determined. [4.86 s]
24.0.B: Trace Attempt 32	[2.31 s]
24.0.B: Stopped processing property "CS_mult_fsm_s1_25"	[4.42 s].
24.0.B: All properties determined. [4.43 s]
24.0.B: Exited with Success (@ 4.95 s)
24.0.Mpcustom4: Trace Attempt 29	[4.37 s]
24.0.Mpcustom4: All properties determined. [4.76 s]
24.0.Mpcustom4: Exited with Success (@ 5.05 s)
24.0.Hp: Exited with Success (@ 5.14 s)
24.0.Ht: Exited with Success (@ 5.20 s)
24: --------------------------------------------------------------
ProofGrid Summary (utilization 94.58 %)
--------------------------------------------------------------
     engines started                               :     7
     engine jobs started                           :     7
     jobs where 1 minute load exceeded core count  :     7

    Average time in state (seconds)
    ------------------------------------------------------
    Engine  Pending     Running        Dead    Utilization
    ------------------------------------------------------
      N        0.11        4.79        0.00       97.71 %
     Hp        0.12        4.77        0.00       97.48 %
     Ht        0.18        4.69        0.00       96.35 %
    Mpcustom4        0.30        4.55        0.00       93.88 %
     Oh        0.31        0.27        0.00       46.69 %
      B        0.43        4.33        0.00       90.94 %
     AM        0.15        4.60        0.00       96.76 %
    all        0.23        4.00        0.00       94.58 %

    Total time in state (seconds)
    -----------------------------------------
            Pending     Running        Dead  
    -----------------------------------------
               1.61       27.99        0.00

    Data read    : 92.12 kiB
    Data written : 8.25 kiB

24: All pending notifications were processed.
INFO (IPF059): 24: Completed proof on task: "mytask"
cover -name CS_mult_fsm_s1_26 {@(posedge clk_i) !mult_fsm_s1 ##1 mult_fsm_s1 [*26] ##1 !mult_fsm_s1 }
INFO (IPF036): Starting proof on task: "mytask", 1 properties to prove with 0 already proven/unreachable
INFO (IPF031): Settings used for proof thread 25:
    orchestration                 = on (auto)
    time_limit                    = 600s
    per_property_time_limit       = 1s * 10 ^ scan
    engine_mode                   = auto
    proofgrid_per_engine_max_jobs = 1
    max engine jobs               = auto
    proofgrid_mode                = local
    proofgrid_restarts            = 10
25: Using multistage preprocessing
25: Starting reduce
25: Finished reduce in 0.045s
25.0.PRE: Performing Proof Simplification...
25.0.N: clocks: 1, declared: 1, looping: 0, posedge: 1, negedge: 0, noedge: 0, bothedge: 0
25.0.N: Proof Simplification Iteration 1	[0.00 s]
25.0.N: Proof Simplification Iteration 2	[0.04 s]
25.0.N: Proof Simplification Iteration 3	[0.06 s]
25.0.N: Proof Simplification Iteration 4	[0.08 s]
25.0.N: Proof Simplification Iteration 5	[0.10 s]
25.0.N: Proof Simplification Iteration 6	[0.12 s]
25.0.N: Proof Simplification Iteration 7	[0.14 s]
25.0.N: Proof Simplification Iteration 8	[0.16 s]
25.0.N: Proof Simplification Iteration 9	[0.18 s]
25.0.N: Proof Simplification Iteration 10	[0.20 s]
25.0.PRE: Proof Simplification completed in 0.24 s
25: About to start ProofGrid in its own thread with a limit of 10000 pending notifications and a limit of 10 traces.
25: =============================== ProofGrid start ===============================
25: ProofGrid usable level: 1
25: Initial ProofGrid level: 1
25: ProofGrid is starting event handling
25.0.N: caddy12.stanford.edu: "Rocky Linux 8.10 (Green Obsidian)" is an unsupported operating system.
25.0.Hp: caddy12.stanford.edu: "Rocky Linux 8.10 (Green Obsidian)" is an unsupported operating system.
25.0.N: Proofgrid shell started at 2325089@caddy12.stanford.edu(local) jg_2320910_caddy12.stanford.edu_26
25.0.N: clocks: 1, declared: 1, looping: 0, posedge: 1, negedge: 0, noedge: 0, bothedge: 0
25.0.N: Last scan. Per property time limit: 0s
25.0.N: Starting proof for property "CS_mult_fsm_s1_26"	[0.00 s].
25.0.N: Trace Attempt  1	[0.01 s]
25.0.N: Trace Attempt  2	[0.02 s]
25.0.N: Trace Attempt  3	[0.02 s]
25.0.Hp: Proofgrid shell started at 2325090@caddy12.stanford.edu(local) jg_2320910_caddy12.stanford.edu_26
25.0.Mpcustom4: caddy12.stanford.edu: "Rocky Linux 8.10 (Green Obsidian)" is an unsupported operating system.
25.0.Hp: clocks: 1, declared: 1, looping: 0, posedge: 1, negedge: 0, noedge: 0, bothedge: 0
25.0.N: Trace Attempt  3	[0.06 s]
25.0.Ht: caddy12.stanford.edu: "Rocky Linux 8.10 (Green Obsidian)" is an unsupported operating system.
25.0.N: Trace Attempt  4	[0.08 s]
25.0.N: Trace Attempt  5	[0.08 s]
25.0.B: caddy12.stanford.edu: "Rocky Linux 8.10 (Green Obsidian)" is an unsupported operating system.
25.0.N: Trace Attempt  5	[0.16 s]
25.0.Oh: caddy12.stanford.edu: "Rocky Linux 8.10 (Green Obsidian)" is an unsupported operating system.
25.0.Ht: Proofgrid shell started at 2325109@caddy12.stanford.edu(local) jg_2320910_caddy12.stanford.edu_26
25.0.AM: caddy12.stanford.edu: "Rocky Linux 8.10 (Green Obsidian)" is an unsupported operating system.
25.0.Mpcustom4: Proofgrid shell started at 2325119@caddy12.stanford.edu(local) jg_2320910_caddy12.stanford.edu_26
25.0.Ht: clocks: 1, declared: 1, looping: 0, posedge: 1, negedge: 0, noedge: 0, bothedge: 0
25.0.Mpcustom4: clocks: 1, declared: 1, looping: 0, posedge: 1, negedge: 0, noedge: 0, bothedge: 0
25.0.Ht: Trace Attempt  1	[0.05 s]
25.0.Ht: Trace Attempt  2	[0.06 s]
25.0.Ht: Trace Attempt  3	[0.06 s]
25.0.Ht: Trace Attempt  4	[0.07 s]
25.0.Ht: Trace Attempt  5	[0.08 s]
25.0.B: Proofgrid shell started at 2325130@caddy12.stanford.edu(local) jg_2320910_caddy12.stanford.edu_26
25.0.Mpcustom4: Trace Attempt  1	[0.07 s]
25.0.B: clocks: 1, declared: 1, looping: 0, posedge: 1, negedge: 0, noedge: 0, bothedge: 0
25.0.Mpcustom4: Trace Attempt  2	[0.10 s]
25.0.B: Last scan. Per property time limit: 0s
25.0.B: Starting proof for property "CS_mult_fsm_s1_26"	[0.00 s].
25.0.B: Trace Attempt  1	[0.01 s]
25.0.Oh: Proofgrid shell started at 2325124@caddy12.stanford.edu(local) jg_2320910_caddy12.stanford.edu_26
25.0.B: Trace Attempt  2	[0.03 s]
25.0.B: Trace Attempt  3	[0.05 s]
25.0.B: Trace Attempt  4	[0.07 s]
25.0.Oh: clocks: 1, declared: 1, looping: 0, posedge: 1, negedge: 0, noedge: 0, bothedge: 0
25.0.AM: Proofgrid shell started at 2325135@caddy12.stanford.edu(local) jg_2320910_caddy12.stanford.edu_26
25.0.AM: clocks: 1, declared: 1, looping: 0, posedge: 1, negedge: 0, noedge: 0, bothedge: 0
25.0.B: Trace Attempt  5	[0.15 s]
25.0.AM: Last scan. Per property time limit: 0s
25.0.AM: Starting proof for property "CS_mult_fsm_s1_26"	[0.00 s].
25.0.AM: Trace Attempt  1	[0.04 s]
25.0.AM: Trace Attempt  2	[0.05 s]
25.0.AM: Trace Attempt  3	[0.09 s]
25.0.AM: Trace Attempt  4	[0.13 s]
25.0.Oh: bwd trail(1): 1 0.112676s
25.0.Oh: All properties either determined or skipped. [0.29 s]
25.0.Oh: Exited with Success (@ 0.88 s)
25.0.Oh: Completed, Restart ignored.
25.0.AM: Trace Attempt  5	[0.22 s]
25.0.Mpcustom4: Trace Attempt  3	[1.16 s]
25.0.Mpcustom4: Trace Attempt  3	[1.19 s]
25.0.Mpcustom4: Trace Attempt  4	[1.22 s]
25.0.Mpcustom4: Trace Attempt  4	[1.27 s]
25.0.Mpcustom4: Trace Attempt  5	[1.30 s]
25.0.Mpcustom4: Trace Attempt  5	[1.36 s]
25.0.N: Trace Attempt 26	[4.28 s]
25.0.N: Requesting engine job to stop
25.0.B: Requesting engine job to stop
25.0.AM: Requesting engine job to stop
25.0.Hp: Requesting engine job to terminate
25.0.Ht: Requesting engine job to terminate
25.0.Mpcustom4: Requesting engine job to terminate
INFO (IPF144): 25: Initiating shutdown of proof [4.84 s]
25.0.Ht: Trace Attempt 33	[1.75 s]
25.0.Ht: A trace with 33 cycles was found. [4.42 s]
INFO (IPF047): 25.0.Ht: The cover property "CS_mult_fsm_s1_26" was covered in 33 cycles in 4.47 s.
25.0.Ht: All properties determined. [4.45 s]
25.0.Hp: Interrupted (multi)
25.0.Hp: All properties determined. [4.79 s]
25.0.B: Trace Attempt 33	[3.52 s]
25.0.B: Stopped processing property "CS_mult_fsm_s1_26"	[4.45 s].
25.0.AM: Trace Attempt 33	[2.64 s]
25: ProofGrid usable level: 0
25.0.AM: Stopped processing property "CS_mult_fsm_s1_26"	[4.30 s].
25.0.B: All properties determined. [4.45 s]
25.0.B: Exited with Success (@ 4.98 s)
25.0.AM: All properties determined. [4.31 s]
25.0.AM: Exited with Success (@ 4.99 s)
25.0.N: Trace Attempt 28	[5.02 s]
25.0.N: Stopped processing property "CS_mult_fsm_s1_26"	[5.01 s].
25.0.N: All properties determined. [5.02 s]
25.0.N: Exited with Success (@ 5.06 s)
25.0.Mpcustom4: Trace Attempt 31	[4.27 s]
25.0.Mpcustom4: All properties determined. [4.66 s]
25.0.Mpcustom4: Exited with Success (@ 5.11 s)
25.0.Hp: Exited with Success (@ 5.15 s)
25.0.Ht: Exited with Success (@ 5.24 s)
25: --------------------------------------------------------------
ProofGrid Summary (utilization 91.04 %)
--------------------------------------------------------------
     engines started                               :     7
     engine jobs started                           :     7
     jobs where 1 minute load exceeded core count  :     7

    Average time in state (seconds)
    ------------------------------------------------------
    Engine  Pending     Running        Dead    Utilization
    ------------------------------------------------------
      N        0.11        4.82        0.00       97.73 %
     Hp        0.16        4.75        0.00       96.81 %
     Ht        0.40        4.46        0.00       91.74 %
    Mpcustom4        0.41        4.43        0.00       91.54 %
     Oh        0.54        0.30        0.00       35.36 %
      B        0.46        4.35        0.00       90.43 %
     AM        0.60        4.19        0.00       87.38 %
    all        0.38        3.90        0.00       91.04 %

    Total time in state (seconds)
    -----------------------------------------
            Pending     Running        Dead  
    -----------------------------------------
               2.69       27.30        0.00

    Data read    : 93.81 kiB
    Data written : 8.43 kiB

25: All pending notifications were processed.
INFO (IPF059): 25: Completed proof on task: "mytask"
cover -name CS_mult_fsm_s1_27 {@(posedge clk_i) !mult_fsm_s1 ##1 mult_fsm_s1 [*27] ##1 !mult_fsm_s1 }
INFO (IPF036): Starting proof on task: "mytask", 1 properties to prove with 0 already proven/unreachable
INFO (IPF031): Settings used for proof thread 26:
    orchestration                 = on (auto)
    time_limit                    = 600s
    per_property_time_limit       = 1s * 10 ^ scan
    engine_mode                   = auto
    proofgrid_per_engine_max_jobs = 1
    max engine jobs               = auto
    proofgrid_mode                = local
    proofgrid_restarts            = 10
26: Using multistage preprocessing
26: Starting reduce
26: Finished reduce in 0.047s
26.0.PRE: Performing Proof Simplification...
26.0.N: clocks: 1, declared: 1, looping: 0, posedge: 1, negedge: 0, noedge: 0, bothedge: 0
26.0.N: Proof Simplification Iteration 1	[0.00 s]
26.0.N: Proof Simplification Iteration 2	[0.04 s]
26.0.N: Proof Simplification Iteration 3	[0.06 s]
26.0.N: Proof Simplification Iteration 4	[0.08 s]
26.0.N: Proof Simplification Iteration 5	[0.10 s]
26.0.N: Proof Simplification Iteration 6	[0.12 s]
26.0.N: Proof Simplification Iteration 7	[0.14 s]
26.0.N: Proof Simplification Iteration 8	[0.16 s]
26.0.N: Proof Simplification Iteration 9	[0.18 s]
26.0.N: Proof Simplification Iteration 10	[0.20 s]
26.0.PRE: Proof Simplification completed in 0.25 s
26: About to start ProofGrid in its own thread with a limit of 10000 pending notifications and a limit of 10 traces.
26: =============================== ProofGrid start ===============================
26: ProofGrid usable level: 1
26: Initial ProofGrid level: 1
26: ProofGrid is starting event handling
26.0.N: caddy12.stanford.edu: "Rocky Linux 8.10 (Green Obsidian)" is an unsupported operating system.
26.0.Hp: caddy12.stanford.edu: "Rocky Linux 8.10 (Green Obsidian)" is an unsupported operating system.
26.0.N: Proofgrid shell started at 2325325@caddy12.stanford.edu(local) jg_2320910_caddy12.stanford.edu_27
26.0.N: clocks: 1, declared: 1, looping: 0, posedge: 1, negedge: 0, noedge: 0, bothedge: 0
26.0.Oh: caddy12.stanford.edu: "Rocky Linux 8.10 (Green Obsidian)" is an unsupported operating system.
26.0.N: Last scan. Per property time limit: 0s
26.0.N: Starting proof for property "CS_mult_fsm_s1_27"	[0.00 s].
26.0.N: Trace Attempt  1	[0.01 s]
26.0.Mpcustom4: caddy12.stanford.edu: "Rocky Linux 8.10 (Green Obsidian)" is an unsupported operating system.
26.0.N: Trace Attempt  2	[0.02 s]
26.0.N: Trace Attempt  3	[0.02 s]
26.0.N: Trace Attempt  3	[0.06 s]
26.0.Oh: Proofgrid shell started at 2325357@caddy12.stanford.edu(local) jg_2320910_caddy12.stanford.edu_27
26.0.N: Trace Attempt  4	[0.08 s]
26.0.N: Trace Attempt  5	[0.08 s]
26.0.Ht: caddy12.stanford.edu: "Rocky Linux 8.10 (Green Obsidian)" is an unsupported operating system.
26.0.Mpcustom4: Proofgrid shell started at 2325353@caddy12.stanford.edu(local) jg_2320910_caddy12.stanford.edu_27
26.0.Oh: clocks: 1, declared: 1, looping: 0, posedge: 1, negedge: 0, noedge: 0, bothedge: 0
26.0.Mpcustom4: clocks: 1, declared: 1, looping: 0, posedge: 1, negedge: 0, noedge: 0, bothedge: 0
26.0.B: caddy12.stanford.edu: "Rocky Linux 8.10 (Green Obsidian)" is an unsupported operating system.
26.0.Hp: Proofgrid shell started at 2325326@caddy12.stanford.edu(local) jg_2320910_caddy12.stanford.edu_27
26.0.Ht: Proofgrid shell started at 2325352@caddy12.stanford.edu(local) jg_2320910_caddy12.stanford.edu_27
26.0.AM: caddy12.stanford.edu: "Rocky Linux 8.10 (Green Obsidian)" is an unsupported operating system.
26.0.Ht: clocks: 1, declared: 1, looping: 0, posedge: 1, negedge: 0, noedge: 0, bothedge: 0
26.0.Mpcustom4: Trace Attempt  1	[0.09 s]
26.0.Oh: bwd trail(1): 1 0.107362s
26.0.Oh: All properties either determined or skipped. [0.14 s]
26.0.Hp: clocks: 1, declared: 1, looping: 0, posedge: 1, negedge: 0, noedge: 0, bothedge: 0
26.0.Oh: Exited with Success (@ 0.26 s)
26.0.Oh: Completed, Restart ignored.
26.0.Ht: Trace Attempt  1	[0.05 s]
26.0.Mpcustom4: Trace Attempt  2	[0.12 s]
26.0.Ht: Trace Attempt  2	[0.05 s]
26.0.Ht: Trace Attempt  3	[0.06 s]
26.0.N: Trace Attempt  5	[0.26 s]
26.0.Ht: Trace Attempt  4	[0.07 s]
26.0.Ht: Trace Attempt  5	[0.07 s]
26.0.B: Proofgrid shell started at 2325365@caddy12.stanford.edu(local) jg_2320910_caddy12.stanford.edu_27
26.0.AM: Proofgrid shell started at 2325392@caddy12.stanford.edu(local) jg_2320910_caddy12.stanford.edu_27
26.0.AM: clocks: 1, declared: 1, looping: 0, posedge: 1, negedge: 0, noedge: 0, bothedge: 0
26.0.AM: Last scan. Per property time limit: 0s
26.0.AM: Starting proof for property "CS_mult_fsm_s1_27"	[0.00 s].
26.0.B: clocks: 1, declared: 1, looping: 0, posedge: 1, negedge: 0, noedge: 0, bothedge: 0
26.0.B: Last scan. Per property time limit: 0s
26.0.B: Starting proof for property "CS_mult_fsm_s1_27"	[0.00 s].
26.0.AM: Trace Attempt  1	[0.02 s]
26.0.B: Trace Attempt  1	[0.01 s]
26.0.B: Trace Attempt  2	[0.02 s]
26.0.AM: Trace Attempt  2	[0.04 s]
26.0.B: Trace Attempt  3	[0.03 s]
26.0.AM: Trace Attempt  3	[0.06 s]
26.0.AM: Trace Attempt  4	[0.08 s]
26.0.B: Trace Attempt  4	[0.07 s]
26.0.AM: Trace Attempt  5	[0.11 s]
26.0.B: Trace Attempt  5	[0.15 s]
26.0.Mpcustom4: Trace Attempt  3	[0.87 s]
26.0.Mpcustom4: Trace Attempt  3	[0.90 s]
26.0.Mpcustom4: Trace Attempt  4	[0.94 s]
26.0.Mpcustom4: Trace Attempt  4	[0.99 s]
26.0.Mpcustom4: Trace Attempt  5	[1.02 s]
26.0.Mpcustom4: Trace Attempt  5	[1.08 s]
26.0.N: Trace Attempt 28	[4.37 s]
26.0.N: Requesting engine job to stop
26.0.B: Requesting engine job to stop
26.0.AM: Requesting engine job to stop
26.0.Hp: Requesting engine job to terminate
26.0.Ht: Requesting engine job to terminate
26.0.Mpcustom4: Requesting engine job to terminate
INFO (IPF144): 26: Initiating shutdown of proof [4.61 s]
26.0.AM: Trace Attempt 34	[1.97 s]
26.0.AM: A trace with 34 cycles was found. [4.09 s]
INFO (IPF047): 26.0.AM: The cover property "CS_mult_fsm_s1_27" was covered in 34 cycles in 4.15 s.
26.0.AM: Stopped processing property "CS_mult_fsm_s1_27"	[4.19 s].
26.0.AM: All properties determined. [4.14 s]
26.0.Ht: Interrupted (multi)
26.0.Ht: Trace Attempt 34	[1.99 s]
26.0.Ht: All properties determined. [4.42 s]
26.0.AM: Exited with Success (@ 4.64 s)
26: ProofGrid usable level: 0
26.0.Hp: Interrupted (multi)
26.0.Hp: All properties determined. [4.44 s]
26.0.N: Trace Attempt 29	[4.37 s]
26.0.N: Stopped processing property "CS_mult_fsm_s1_27"	[4.66 s].
26.0.N: All properties determined. [4.66 s]
26.0.B: Trace Attempt 29	[4.05 s]
26.0.B: Stopped processing property "CS_mult_fsm_s1_27"	[4.30 s].
26.0.N: Exited with Success (@ 4.81 s)
26.0.B: All properties determined. [4.31 s]
26.0.B: Exited with Success (@ 4.81 s)
26.0.Hp: Exited with Success (@ 4.95 s)
26.0.Mpcustom4: Trace Attempt 32	[4.08 s]
26.0.Mpcustom4: All properties determined. [4.88 s]
26.0.Mpcustom4: Exited with Success (@ 5.06 s)
26.0.Ht: Exited with Success (@ 5.08 s)
26: --------------------------------------------------------------
ProofGrid Summary (utilization 94.06 %)
--------------------------------------------------------------
     engines started                               :     7
     engine jobs started                           :     7
     jobs where 1 minute load exceeded core count  :     7

    Average time in state (seconds)
    ------------------------------------------------------
    Engine  Pending     Running        Dead    Utilization
    ------------------------------------------------------
      N        0.11        4.60        0.00       97.66 %
     Hp        0.29        4.37        0.00       93.78 %
     Ht        0.22        4.39        0.00       95.27 %
    Mpcustom4        0.14        4.47        0.00       96.86 %
     Oh        0.10        0.14        0.00       57.66 %
      B        0.41        4.14        0.00       90.91 %
     AM        0.38        4.16        0.00       91.63 %
    all        0.24        3.75        0.00       94.06 %

    Total time in state (seconds)
    -----------------------------------------
            Pending     Running        Dead  
    -----------------------------------------
               1.66       26.27        0.00

    Data read    : 96.40 kiB
    Data written : 7.45 kiB

26: All pending notifications were processed.
INFO (IPF059): 26: Completed proof on task: "mytask"
cover -name CS_mult_fsm_s1_28 {@(posedge clk_i) !mult_fsm_s1 ##1 mult_fsm_s1 [*28] ##1 !mult_fsm_s1 }
INFO (IPF036): Starting proof on task: "mytask", 1 properties to prove with 0 already proven/unreachable
INFO (IPF031): Settings used for proof thread 27:
    orchestration                 = on (auto)
    time_limit                    = 600s
    per_property_time_limit       = 1s * 10 ^ scan
    engine_mode                   = auto
    proofgrid_per_engine_max_jobs = 1
    max engine jobs               = auto
    proofgrid_mode                = local
    proofgrid_restarts            = 10
27: Using multistage preprocessing
27: Starting reduce
27: Finished reduce in 0.045s
27.0.PRE: Performing Proof Simplification...
27.0.N: clocks: 1, declared: 1, looping: 0, posedge: 1, negedge: 0, noedge: 0, bothedge: 0
27.0.N: Proof Simplification Iteration 1	[0.00 s]
27.0.N: Proof Simplification Iteration 2	[0.04 s]
27.0.N: Proof Simplification Iteration 3	[0.06 s]
27.0.N: Proof Simplification Iteration 4	[0.08 s]
27.0.N: Proof Simplification Iteration 5	[0.10 s]
27.0.N: Proof Simplification Iteration 6	[0.12 s]
27.0.N: Proof Simplification Iteration 7	[0.14 s]
27.0.N: Proof Simplification Iteration 8	[0.16 s]
27.0.N: Proof Simplification Iteration 9	[0.18 s]
27.0.N: Proof Simplification Iteration 10	[0.20 s]
27.0.PRE: Proof Simplification completed in 0.25 s
27: About to start ProofGrid in its own thread with a limit of 10000 pending notifications and a limit of 10 traces.
27: =============================== ProofGrid start ===============================
27: ProofGrid usable level: 1
27: Initial ProofGrid level: 1
27: ProofGrid is starting event handling
27.0.N: caddy12.stanford.edu: "Rocky Linux 8.10 (Green Obsidian)" is an unsupported operating system.
27.0.Hp: caddy12.stanford.edu: "Rocky Linux 8.10 (Green Obsidian)" is an unsupported operating system.
27.0.N: Proofgrid shell started at 2325443@caddy12.stanford.edu(local) jg_2320910_caddy12.stanford.edu_28
27.0.Hp: Proofgrid shell started at 2325444@caddy12.stanford.edu(local) jg_2320910_caddy12.stanford.edu_28
27.0.N: clocks: 1, declared: 1, looping: 0, posedge: 1, negedge: 0, noedge: 0, bothedge: 0
27.0.Ht: caddy12.stanford.edu: "Rocky Linux 8.10 (Green Obsidian)" is an unsupported operating system.
27.0.N: Last scan. Per property time limit: 0s
27.0.N: Starting proof for property "CS_mult_fsm_s1_28"	[0.00 s].
27.0.N: Trace Attempt  1	[0.01 s]
27.0.N: Trace Attempt  2	[0.02 s]
27.0.N: Trace Attempt  3	[0.02 s]
27.0.Hp: clocks: 1, declared: 1, looping: 0, posedge: 1, negedge: 0, noedge: 0, bothedge: 0
27.0.N: Trace Attempt  3	[0.07 s]
27.0.Mpcustom4: caddy12.stanford.edu: "Rocky Linux 8.10 (Green Obsidian)" is an unsupported operating system.
27.0.N: Trace Attempt  4	[0.09 s]
27.0.N: Trace Attempt  5	[0.09 s]
27.0.Oh: caddy12.stanford.edu: "Rocky Linux 8.10 (Green Obsidian)" is an unsupported operating system.
27.0.N: Trace Attempt  5	[0.17 s]
27.0.B: caddy12.stanford.edu: "Rocky Linux 8.10 (Green Obsidian)" is an unsupported operating system.
27.0.Ht: Proofgrid shell started at 2325465@caddy12.stanford.edu(local) jg_2320910_caddy12.stanford.edu_28
27.0.AM: caddy12.stanford.edu: "Rocky Linux 8.10 (Green Obsidian)" is an unsupported operating system.
27.0.Ht: clocks: 1, declared: 1, looping: 0, posedge: 1, negedge: 0, noedge: 0, bothedge: 0
27.0.Ht: Trace Attempt  1	[0.06 s]
27.0.Ht: Trace Attempt  2	[0.08 s]
27.0.Ht: Trace Attempt  3	[0.09 s]
27.0.Oh: Proofgrid shell started at 2325482@caddy12.stanford.edu(local) jg_2320910_caddy12.stanford.edu_28
27.0.Mpcustom4: Proofgrid shell started at 2325475@caddy12.stanford.edu(local) jg_2320910_caddy12.stanford.edu_28
27.0.Ht: Trace Attempt  4	[0.11 s]
27.0.Ht: Trace Attempt  5	[0.11 s]
27.0.Oh: clocks: 1, declared: 1, looping: 0, posedge: 1, negedge: 0, noedge: 0, bothedge: 0
27.0.Mpcustom4: clocks: 1, declared: 1, looping: 0, posedge: 1, negedge: 0, noedge: 0, bothedge: 0
27.0.Mpcustom4: Trace Attempt  1	[0.06 s]
27.0.Mpcustom4: Trace Attempt  2	[0.09 s]
27.0.B: Proofgrid shell started at 2325484@caddy12.stanford.edu(local) jg_2320910_caddy12.stanford.edu_28
27.0.AM: Proofgrid shell started at 2325492@caddy12.stanford.edu(local) jg_2320910_caddy12.stanford.edu_28
27.0.B: clocks: 1, declared: 1, looping: 0, posedge: 1, negedge: 0, noedge: 0, bothedge: 0
27.0.B: Last scan. Per property time limit: 0s
27.0.B: Starting proof for property "CS_mult_fsm_s1_28"	[0.00 s].
27.0.B: Trace Attempt  1	[0.01 s]
27.0.AM: clocks: 1, declared: 1, looping: 0, posedge: 1, negedge: 0, noedge: 0, bothedge: 0
27.0.Oh: bwd trail(1): 1 0.109777s
27.0.Oh: All properties either determined or skipped. [0.24 s]
27.0.B: Trace Attempt  2	[0.03 s]
27.0.Oh: Exited with Success (@ 0.66 s)
27.0.Oh: Completed, Restart ignored.
27.0.AM: Last scan. Per property time limit: 0s
27.0.AM: Starting proof for property "CS_mult_fsm_s1_28"	[0.00 s].
27.0.B: Trace Attempt  3	[0.06 s]
27.0.AM: Trace Attempt  1	[0.02 s]
27.0.B: Trace Attempt  4	[0.07 s]
27.0.AM: Trace Attempt  2	[0.06 s]
27.0.AM: Trace Attempt  3	[0.09 s]
27.0.B: Trace Attempt  5	[0.15 s]
27.0.AM: Trace Attempt  4	[0.16 s]
27.0.AM: Trace Attempt  5	[0.19 s]
27.0.Mpcustom4: Trace Attempt  3	[1.51 s]
27.0.Mpcustom4: Trace Attempt  3	[1.54 s]
27.0.Mpcustom4: Trace Attempt  4	[1.57 s]
27.0.Mpcustom4: Trace Attempt  4	[1.62 s]
27.0.Mpcustom4: Trace Attempt  5	[1.65 s]
27.0.Mpcustom4: Trace Attempt  5	[1.72 s]
27.0.N: Trace Attempt 23	[4.30 s]
27.0.N: Requesting engine job to stop
27.0.B: Requesting engine job to stop
27.0.AM: Requesting engine job to stop
27.0.Hp: Requesting engine job to terminate
27.0.Ht: Requesting engine job to terminate
27.0.Mpcustom4: Requesting engine job to terminate
INFO (IPF144): 27: Initiating shutdown of proof [6.29 s]
27.0.AM: Trace Attempt 35	[3.31 s]
27.0.AM: A trace with 35 cycles was found. [5.61 s]
INFO (IPF047): 27.0.AM: The cover property "CS_mult_fsm_s1_28" was covered in 35 cycles in 5.66 s.
27.0.AM: Stopped processing property "CS_mult_fsm_s1_28"	[5.67 s].
27.0.AM: All properties determined. [5.63 s]
27.0.Hp: Interrupted (multi)
27.0.Hp: All properties determined. [6.27 s]
27.0.AM: Exited with Success (@ 6.31 s)
27: ProofGrid usable level: 0
27.0.Ht: Interrupted (multi)
27.0.Ht: Trace Attempt 35	[1.96 s]
27.0.Ht: All properties determined. [6.02 s]
27.0.N: Trace Attempt 31	[6.08 s]
27.0.N: Stopped processing property "CS_mult_fsm_s1_28"	[6.28 s].
27.0.N: All properties determined. [6.30 s]
27.0.N: Exited with Success (@ 6.34 s)
27.0.B: Trace Attempt 35	[3.29 s]
27.0.B: Stopped processing property "CS_mult_fsm_s1_28"	[5.80 s].
27.0.B: All properties determined. [5.81 s]
27.0.B: Exited with Success (@ 6.44 s)
27.0.Hp: Exited with Success (@ 6.54 s)
27.0.Mpcustom4: Trace Attempt 33	[5.61 s]
27.0.Mpcustom4: All properties determined. [6.11 s]
27.0.Mpcustom4: Exited with Success (@ 6.56 s)
27.0.Ht: Exited with Success (@ 6.75 s)
27: --------------------------------------------------------------
ProofGrid Summary (utilization 93.48 %)
--------------------------------------------------------------
     engines started                               :     7
     engine jobs started                           :     7
     jobs where 1 minute load exceeded core count  :     7

    Average time in state (seconds)
    ------------------------------------------------------
    Engine  Pending     Running        Dead    Utilization
    ------------------------------------------------------
      N        0.11        6.27        0.00       98.26 %
     Hp        0.11        6.23        0.00       98.33 %
     Ht        0.34        6.00        0.00       94.66 %
    Mpcustom4        0.43        5.86        0.00       93.11 %
     Oh        0.38        0.24        0.00       38.85 %
      B        0.56        5.69        0.00       90.99 %
     AM        0.58        5.66        0.00       90.76 %
    all        0.36        5.14        0.00       93.48 %

    Total time in state (seconds)
    -----------------------------------------
            Pending     Running        Dead  
    -----------------------------------------
               2.51       35.96        0.00

    Data read    : 100.77 kiB
    Data written : 8.62 kiB

27: All pending notifications were processed.
INFO (IPF059): 27: Completed proof on task: "mytask"
cover -name CS_mult_fsm_s1_29 {@(posedge clk_i) !mult_fsm_s1 ##1 mult_fsm_s1 [*29] ##1 !mult_fsm_s1 }
INFO (IPF036): Starting proof on task: "mytask", 1 properties to prove with 0 already proven/unreachable
INFO (IPF031): Settings used for proof thread 28:
    orchestration                 = on (auto)
    time_limit                    = 600s
    per_property_time_limit       = 1s * 10 ^ scan
    engine_mode                   = auto
    proofgrid_per_engine_max_jobs = 1
    max engine jobs               = auto
    proofgrid_mode                = local
    proofgrid_restarts            = 10
28: Using multistage preprocessing
28: Starting reduce
28: Finished reduce in 0.045s
28.0.PRE: Performing Proof Simplification...
28.0.N: clocks: 1, declared: 1, looping: 0, posedge: 1, negedge: 0, noedge: 0, bothedge: 0
28.0.N: Proof Simplification Iteration 1	[0.00 s]
28.0.N: Proof Simplification Iteration 2	[0.04 s]
28.0.N: Proof Simplification Iteration 3	[0.06 s]
28.0.N: Proof Simplification Iteration 4	[0.08 s]
28.0.N: Proof Simplification Iteration 5	[0.10 s]
28.0.N: Proof Simplification Iteration 6	[0.12 s]
28.0.N: Proof Simplification Iteration 7	[0.14 s]
28.0.N: Proof Simplification Iteration 8	[0.16 s]
28.0.N: Proof Simplification Iteration 9	[0.17 s]
28.0.N: Proof Simplification Iteration 10	[0.20 s]
28.0.PRE: Proof Simplification completed in 0.24 s
28: About to start ProofGrid in its own thread with a limit of 10000 pending notifications and a limit of 10 traces.
28: =============================== ProofGrid start ===============================
28: ProofGrid usable level: 1
28: Initial ProofGrid level: 1
28: ProofGrid is starting event handling
28.0.Hp: caddy12.stanford.edu: "Rocky Linux 8.10 (Green Obsidian)" is an unsupported operating system.
28.0.N: caddy12.stanford.edu: "Rocky Linux 8.10 (Green Obsidian)" is an unsupported operating system.
28.0.N: Proofgrid shell started at 2325669@caddy12.stanford.edu(local) jg_2320910_caddy12.stanford.edu_29
28.0.Hp: Proofgrid shell started at 2325670@caddy12.stanford.edu(local) jg_2320910_caddy12.stanford.edu_29
28.0.N: clocks: 1, declared: 1, looping: 0, posedge: 1, negedge: 0, noedge: 0, bothedge: 0
28.0.Hp: clocks: 1, declared: 1, looping: 0, posedge: 1, negedge: 0, noedge: 0, bothedge: 0
28.0.Ht: caddy12.stanford.edu: "Rocky Linux 8.10 (Green Obsidian)" is an unsupported operating system.
28.0.N: Last scan. Per property time limit: 0s
28.0.N: Starting proof for property "CS_mult_fsm_s1_29"	[0.00 s].
28.0.N: Trace Attempt  1	[0.01 s]
28.0.N: Trace Attempt  2	[0.02 s]
28.0.N: Trace Attempt  3	[0.02 s]
28.0.N: Trace Attempt  3	[0.06 s]
28.0.N: Trace Attempt  4	[0.08 s]
28.0.N: Trace Attempt  5	[0.08 s]
28.0.Mpcustom4: caddy12.stanford.edu: "Rocky Linux 8.10 (Green Obsidian)" is an unsupported operating system.
28.0.N: Trace Attempt  5	[0.16 s]
28.0.Ht: Proofgrid shell started at 2325692@caddy12.stanford.edu(local) jg_2320910_caddy12.stanford.edu_29
28.0.Ht: clocks: 1, declared: 1, looping: 0, posedge: 1, negedge: 0, noedge: 0, bothedge: 0
28.0.Mpcustom4: Proofgrid shell started at 2325704@caddy12.stanford.edu(local) jg_2320910_caddy12.stanford.edu_29
28.0.B: caddy12.stanford.edu: "Rocky Linux 8.10 (Green Obsidian)" is an unsupported operating system.
28.0.Mpcustom4: clocks: 1, declared: 1, looping: 0, posedge: 1, negedge: 0, noedge: 0, bothedge: 0
28.0.Ht: Trace Attempt  1	[0.07 s]
28.0.Ht: Trace Attempt  2	[0.09 s]
28.0.Oh: caddy12.stanford.edu: "Rocky Linux 8.10 (Green Obsidian)" is an unsupported operating system.
28.0.Ht: Trace Attempt  3	[0.09 s]
28.0.Mpcustom4: Trace Attempt  1	[0.06 s]
28.0.Ht: Trace Attempt  4	[0.11 s]
28.0.AM: caddy12.stanford.edu: "Rocky Linux 8.10 (Green Obsidian)" is an unsupported operating system.
28.0.Mpcustom4: Trace Attempt  2	[0.07 s]
28.0.Ht: Trace Attempt  5	[0.13 s]
28.0.B: Proofgrid shell started at 2325714@caddy12.stanford.edu(local) jg_2320910_caddy12.stanford.edu_29
28.0.Oh: Proofgrid shell started at 2325709@caddy12.stanford.edu(local) jg_2320910_caddy12.stanford.edu_29
28.0.AM: Proofgrid shell started at 2325717@caddy12.stanford.edu(local) jg_2320910_caddy12.stanford.edu_29
28.0.B: clocks: 1, declared: 1, looping: 0, posedge: 1, negedge: 0, noedge: 0, bothedge: 0
28.0.Oh: clocks: 1, declared: 1, looping: 0, posedge: 1, negedge: 0, noedge: 0, bothedge: 0
28.0.B: Last scan. Per property time limit: 0s
28.0.B: Starting proof for property "CS_mult_fsm_s1_29"	[0.00 s].
28.0.AM: clocks: 1, declared: 1, looping: 0, posedge: 1, negedge: 0, noedge: 0, bothedge: 0
28.0.B: Trace Attempt  1	[0.01 s]
28.0.AM: Last scan. Per property time limit: 0s
28.0.AM: Starting proof for property "CS_mult_fsm_s1_29"	[0.00 s].
28.0.B: Trace Attempt  2	[0.03 s]
28.0.B: Trace Attempt  3	[0.04 s]
28.0.B: Trace Attempt  4	[0.05 s]
28.0.AM: Trace Attempt  1	[0.04 s]
28.0.AM: Trace Attempt  2	[0.07 s]
28.0.AM: Trace Attempt  3	[0.09 s]
28.0.AM: Trace Attempt  4	[0.12 s]
28.0.B: Trace Attempt  5	[0.15 s]
28.0.AM: Trace Attempt  5	[0.20 s]
28.0.Oh: bwd trail(1): 1 0.109031s
28.0.Oh: All properties either determined or skipped. [0.27 s]
28.0.Oh: Exited with Success (@ 0.89 s)
28.0.Oh: Completed, Restart ignored.
28.0.Mpcustom4: Trace Attempt  3	[1.07 s]
28.0.Mpcustom4: Trace Attempt  3	[1.10 s]
28.0.Mpcustom4: Trace Attempt  4	[1.14 s]
28.0.Mpcustom4: Trace Attempt  4	[1.19 s]
28.0.Mpcustom4: Trace Attempt  5	[1.22 s]
28.0.Mpcustom4: Trace Attempt  5	[1.28 s]
28.0.N: Trace Attempt 27	[4.31 s]
28.0.B: Trace Attempt 36	[4.16 s]
28.0.N: Requesting engine job to stop
28.0.B: Requesting engine job to stop
28.0.AM: Requesting engine job to stop
28.0.Hp: Requesting engine job to terminate
28.0.Ht: Requesting engine job to terminate
28.0.Mpcustom4: Requesting engine job to terminate
INFO (IPF144): 28: Initiating shutdown of proof [5.15 s]
28.0.AM: Trace Attempt 36	[2.28 s]
28.0.AM: A trace with 36 cycles was found. [4.48 s]
INFO (IPF047): 28.0.AM: The cover property "CS_mult_fsm_s1_29" was covered in 36 cycles in 4.54 s.
28.0.AM: Stopped processing property "CS_mult_fsm_s1_29"	[4.59 s].
28.0.AM: All properties determined. [4.51 s]
28.0.AM: Exited with Success (@ 5.17 s)
28: ProofGrid usable level: 0
28.0.Ht: Interrupted (multi)
28.0.Ht: Trace Attempt 36	[1.77 s]
28.0.Ht: All properties determined. [4.95 s]
28.0.N: Trace Attempt 31	[5.03 s]
28.0.N: Stopped processing property "CS_mult_fsm_s1_29"	[5.18 s].
28.0.N: All properties determined. [5.15 s]
28.0.N: Exited with Success (@ 5.20 s)
28.0.Hp: Interrupted (multi)
28.0.Hp: All properties determined. [5.21 s]
28.0.B: Stopped processing property "CS_mult_fsm_s1_29"	[4.65 s].
28.0.B: All properties determined. [4.66 s]
28.0.B: Exited with Success (@ 5.30 s)
28.0.Mpcustom4: Trace Attempt 34	[4.49 s]
28.0.Mpcustom4: All properties determined. [5.15 s]
28.0.Mpcustom4: Exited with Success (@ 5.44 s)
28.0.Ht: Exited with Success (@ 5.60 s)
28.0.Hp: Exited with Success (@ 5.63 s)
28: --------------------------------------------------------------
ProofGrid Summary (utilization 92.32 %)
--------------------------------------------------------------
     engines started                               :     7
     engine jobs started                           :     7
     jobs where 1 minute load exceeded core count  :     7

    Average time in state (seconds)
    ------------------------------------------------------
    Engine  Pending     Running        Dead    Utilization
    ------------------------------------------------------
      N        0.12        5.13        0.00       97.69 %
     Hp        0.10        5.13        0.00       98.08 %
     Ht        0.28        4.93        0.00       94.66 %
    Mpcustom4        0.25        4.89        0.00       95.22 %
     Oh        0.58        0.28        0.00       32.67 %
      B        0.56        4.55        0.00       89.00 %
     AM        0.56        4.53        0.00       88.98 %
    all        0.35        4.21        0.00       92.32 %

    Total time in state (seconds)
    -----------------------------------------
            Pending     Running        Dead  
    -----------------------------------------
               2.45       29.46        0.00

    Data read    : 102.71 kiB
    Data written : 8.51 kiB

28: All pending notifications were processed.
INFO (IPF059): 28: Completed proof on task: "mytask"
cover -name CS_mult_fsm_s1_30 {@(posedge clk_i) !mult_fsm_s1 ##1 mult_fsm_s1 [*30] ##1 !mult_fsm_s1 }
INFO (IPF036): Starting proof on task: "mytask", 1 properties to prove with 0 already proven/unreachable
INFO (IPF031): Settings used for proof thread 29:
    orchestration                 = on (auto)
    time_limit                    = 600s
    per_property_time_limit       = 1s * 10 ^ scan
    engine_mode                   = auto
    proofgrid_per_engine_max_jobs = 1
    max engine jobs               = auto
    proofgrid_mode                = local
    proofgrid_restarts            = 10
29: Using multistage preprocessing
29: Starting reduce
29: Finished reduce in 0.045s
29.0.PRE: Performing Proof Simplification...
29.0.N: clocks: 1, declared: 1, looping: 0, posedge: 1, negedge: 0, noedge: 0, bothedge: 0
29.0.N: Proof Simplification Iteration 1	[0.00 s]
29.0.N: Proof Simplification Iteration 2	[0.04 s]
29.0.N: Proof Simplification Iteration 3	[0.23 s]
29.0.N: Proof Simplification Iteration 4	[0.25 s]
29.0.N: Proof Simplification Iteration 5	[0.27 s]
29.0.N: Proof Simplification Iteration 6	[0.29 s]
29.0.N: Proof Simplification Iteration 7	[0.31 s]
29.0.N: Proof Simplification Iteration 8	[0.33 s]
29.0.N: Proof Simplification Iteration 9	[0.35 s]
29.0.N: Proof Simplification Iteration 10	[0.37 s]
29.0.PRE: Proof Simplification completed in 0.42 s
29: About to start ProofGrid in its own thread with a limit of 10000 pending notifications and a limit of 10 traces.
29: =============================== ProofGrid start ===============================
29: ProofGrid usable level: 1
29: Initial ProofGrid level: 1
29: ProofGrid is starting event handling
29.0.Hp: caddy12.stanford.edu: "Rocky Linux 8.10 (Green Obsidian)" is an unsupported operating system.
29.0.N: caddy12.stanford.edu: "Rocky Linux 8.10 (Green Obsidian)" is an unsupported operating system.
29.0.N: Proofgrid shell started at 2325784@caddy12.stanford.edu(local) jg_2320910_caddy12.stanford.edu_30
29.0.Hp: Proofgrid shell started at 2325785@caddy12.stanford.edu(local) jg_2320910_caddy12.stanford.edu_30
29.0.Ht: caddy12.stanford.edu: "Rocky Linux 8.10 (Green Obsidian)" is an unsupported operating system.
29.0.N: clocks: 1, declared: 1, looping: 0, posedge: 1, negedge: 0, noedge: 0, bothedge: 0
29.0.N: Last scan. Per property time limit: 0s
29.0.N: Starting proof for property "CS_mult_fsm_s1_30"	[0.00 s].
29.0.N: Trace Attempt  1	[0.01 s]
29.0.N: Trace Attempt  2	[0.02 s]
29.0.N: Trace Attempt  3	[0.02 s]
29.0.Hp: clocks: 1, declared: 1, looping: 0, posedge: 1, negedge: 0, noedge: 0, bothedge: 0
29.0.N: Trace Attempt  3	[0.06 s]
29.0.N: Trace Attempt  4	[0.08 s]
29.0.N: Trace Attempt  5	[0.08 s]
29.0.Ht: Proofgrid shell started at 2325807@caddy12.stanford.edu(local) jg_2320910_caddy12.stanford.edu_30
29.0.Ht: clocks: 1, declared: 1, looping: 0, posedge: 1, negedge: 0, noedge: 0, bothedge: 0
29.0.N: Trace Attempt  5	[0.15 s]
29.0.Ht: Trace Attempt  1	[0.07 s]
29.0.Ht: Trace Attempt  2	[0.07 s]
29.0.Ht: Trace Attempt  3	[0.08 s]
29.0.Ht: Trace Attempt  4	[0.08 s]
29.0.Mpcustom4: caddy12.stanford.edu: "Rocky Linux 8.10 (Green Obsidian)" is an unsupported operating system.
29.0.Ht: Trace Attempt  5	[0.10 s]
29.0.Oh: caddy12.stanford.edu: "Rocky Linux 8.10 (Green Obsidian)" is an unsupported operating system.
29.0.B: caddy12.stanford.edu: "Rocky Linux 8.10 (Green Obsidian)" is an unsupported operating system.
29.0.AM: caddy12.stanford.edu: "Rocky Linux 8.10 (Green Obsidian)" is an unsupported operating system.
29.0.Mpcustom4: Proofgrid shell started at 2325818@caddy12.stanford.edu(local) jg_2320910_caddy12.stanford.edu_30
29.0.Oh: Proofgrid shell started at 2325825@caddy12.stanford.edu(local) jg_2320910_caddy12.stanford.edu_30
29.0.Oh: clocks: 1, declared: 1, looping: 0, posedge: 1, negedge: 0, noedge: 0, bothedge: 0
29.0.Mpcustom4: clocks: 1, declared: 1, looping: 0, posedge: 1, negedge: 0, noedge: 0, bothedge: 0
29.0.Mpcustom4: Trace Attempt  1	[0.08 s]
29.0.B: Proofgrid shell started at 2325831@caddy12.stanford.edu(local) jg_2320910_caddy12.stanford.edu_30
29.0.Mpcustom4: Trace Attempt  2	[0.12 s]
29.0.B: clocks: 1, declared: 1, looping: 0, posedge: 1, negedge: 0, noedge: 0, bothedge: 0
29.0.B: Last scan. Per property time limit: 0s
29.0.B: Starting proof for property "CS_mult_fsm_s1_30"	[0.00 s].
29.0.B: Trace Attempt  1	[0.01 s]
29.0.AM: Proofgrid shell started at 2325836@caddy12.stanford.edu(local) jg_2320910_caddy12.stanford.edu_30
29.0.B: Trace Attempt  2	[0.02 s]
29.0.B: Trace Attempt  3	[0.02 s]
29.0.B: Trace Attempt  4	[0.04 s]
29.0.AM: clocks: 1, declared: 1, looping: 0, posedge: 1, negedge: 0, noedge: 0, bothedge: 0
29.0.B: Trace Attempt  5	[0.07 s]
29.0.AM: Last scan. Per property time limit: 0s
29.0.AM: Starting proof for property "CS_mult_fsm_s1_30"	[0.00 s].
29.0.Oh: bwd trail(1): 1 0.115242s
29.0.Oh: All properties either determined or skipped. [0.26 s]
29.0.Oh: Exited with Success (@ 0.82 s)
29.0.Oh: Completed, Restart ignored.
29.0.AM: Trace Attempt  1	[0.03 s]
29.0.AM: Trace Attempt  2	[0.05 s]
29.0.AM: Trace Attempt  3	[0.10 s]
29.0.AM: Trace Attempt  4	[0.12 s]
29.0.AM: Trace Attempt  5	[0.15 s]
29.0.Mpcustom4: Trace Attempt  3	[1.74 s]
29.0.Mpcustom4: Trace Attempt  3	[1.77 s]
29.0.Mpcustom4: Trace Attempt  4	[1.80 s]
29.0.Mpcustom4: Trace Attempt  4	[1.85 s]
29.0.Mpcustom4: Trace Attempt  5	[1.88 s]
29.0.Mpcustom4: Trace Attempt  5	[1.94 s]
29.0.N: Trace Attempt 25	[4.56 s]
29.0.N: Requesting engine job to stop
29.0.B: Requesting engine job to stop
29.0.AM: Requesting engine job to stop
29.0.Hp: Requesting engine job to terminate
29.0.Ht: Requesting engine job to terminate
29.0.Mpcustom4: Requesting engine job to terminate
INFO (IPF144): 29: Initiating shutdown of proof [6.80 s]
29.0.Ht: Trace Attempt 37	[2.16 s]
29.0.Ht: A trace with 37 cycles was found. [6.61 s]
INFO (IPF047): 29.0.Ht: The cover property "CS_mult_fsm_s1_30" was covered in 37 cycles in 6.66 s.
29.0.Ht: All properties determined. [6.64 s]
29.0.N: Trace Attempt 31	[6.51 s]
29.0.N: Stopped processing property "CS_mult_fsm_s1_30"	[6.80 s].
29.0.N: All properties determined. [6.82 s]
29.0.N: Exited with Success (@ 6.86 s)
29: ProofGrid usable level: 0
29.0.Hp: Interrupted (multi)
29.0.Hp: All properties determined. [6.86 s]
29.0.AM: Trace Attempt 37	[2.60 s]
29.0.AM: Stopped processing property "CS_mult_fsm_s1_30"	[6.15 s].
29.0.AM: All properties determined. [6.16 s]
29.0.AM: Exited with Success (@ 6.96 s)
29.0.B: Trace Attempt 37	[3.91 s]
29.0.B: Stopped processing property "CS_mult_fsm_s1_30"	[6.24 s].
29.0.B: All properties determined. [6.25 s]
29.0.B: Exited with Success (@ 7.06 s)
29.0.Mpcustom4: Trace Attempt 35	[5.67 s]
29.0.Mpcustom4: All properties determined. [6.50 s]
29.0.Hp: Exited with Success (@ 7.25 s)
29.0.Mpcustom4: Exited with Success (@ 7.25 s)
29.0.Ht: Exited with Success (@ 7.27 s)
29: --------------------------------------------------------------
ProofGrid Summary (utilization 93.45 %)
--------------------------------------------------------------
     engines started                               :     7
     engine jobs started                           :     7
     jobs where 1 minute load exceeded core count  :     7

    Average time in state (seconds)
    ------------------------------------------------------
    Engine  Pending     Running        Dead    Utilization
    ------------------------------------------------------
      N        0.11        6.78        0.00       98.45 %
     Hp        0.10        6.77        0.00       98.60 %
     Ht        0.20        6.65        0.00       97.13 %
    Mpcustom4        0.52        6.23        0.00       92.34 %
     Oh        0.52        0.26        0.00       33.53 %
      B        0.63        6.12        0.00       90.64 %
     AM        0.65        6.03        0.00       90.23 %
    all        0.39        5.55        0.00       93.45 %

    Total time in state (seconds)
    -----------------------------------------
            Pending     Running        Dead  
    -----------------------------------------
               2.72       38.84        0.00

    Data read    : 103.60 kiB
    Data written : 8.82 kiB

29: All pending notifications were processed.
INFO (IPF059): 29: Completed proof on task: "mytask"
cover -name CS_mult_fsm_s1_31 {@(posedge clk_i) !mult_fsm_s1 ##1 mult_fsm_s1 [*31] ##1 !mult_fsm_s1 }
INFO (IPF036): Starting proof on task: "mytask", 1 properties to prove with 0 already proven/unreachable
INFO (IPF031): Settings used for proof thread 30:
    orchestration                 = on (auto)
    time_limit                    = 600s
    per_property_time_limit       = 1s * 10 ^ scan
    engine_mode                   = auto
    proofgrid_per_engine_max_jobs = 1
    max engine jobs               = auto
    proofgrid_mode                = local
    proofgrid_restarts            = 10
30: Using multistage preprocessing
30: Starting reduce
30: Finished reduce in 0.046s
30.0.PRE: Performing Proof Simplification...
30.0.N: clocks: 1, declared: 1, looping: 0, posedge: 1, negedge: 0, noedge: 0, bothedge: 0
30.0.N: Proof Simplification Iteration 1	[0.00 s]
30.0.N: Proof Simplification Iteration 2	[0.04 s]
30.0.N: Proof Simplification Iteration 3	[0.06 s]
30.0.N: Proof Simplification Iteration 4	[0.08 s]
30.0.N: Proof Simplification Iteration 5	[0.10 s]
30.0.N: Proof Simplification Iteration 6	[0.12 s]
30.0.N: Proof Simplification Iteration 7	[0.14 s]
30.0.N: Proof Simplification Iteration 8	[0.16 s]
30.0.N: Proof Simplification Iteration 9	[0.18 s]
30.0.N: Proof Simplification Iteration 10	[0.20 s]
30.0.PRE: Proof Simplification completed in 0.25 s
30: About to start ProofGrid in its own thread with a limit of 10000 pending notifications and a limit of 10 traces.
30: =============================== ProofGrid start ===============================
30: ProofGrid usable level: 1
30: Initial ProofGrid level: 1
30: ProofGrid is starting event handling
30.0.Hp: caddy12.stanford.edu: "Rocky Linux 8.10 (Green Obsidian)" is an unsupported operating system.
30.0.N: caddy12.stanford.edu: "Rocky Linux 8.10 (Green Obsidian)" is an unsupported operating system.
30.0.Hp: Proofgrid shell started at 2326011@caddy12.stanford.edu(local) jg_2320910_caddy12.stanford.edu_31
30.0.N: Proofgrid shell started at 2326010@caddy12.stanford.edu(local) jg_2320910_caddy12.stanford.edu_31
30.0.Hp: clocks: 1, declared: 1, looping: 0, posedge: 1, negedge: 0, noedge: 0, bothedge: 0
30.0.N: clocks: 1, declared: 1, looping: 0, posedge: 1, negedge: 0, noedge: 0, bothedge: 0
30.0.Ht: caddy12.stanford.edu: "Rocky Linux 8.10 (Green Obsidian)" is an unsupported operating system.
30.0.N: Last scan. Per property time limit: 0s
30.0.N: Starting proof for property "CS_mult_fsm_s1_31"	[0.00 s].
30.0.Oh: caddy12.stanford.edu: "Rocky Linux 8.10 (Green Obsidian)" is an unsupported operating system.
30.0.N: Trace Attempt  1	[0.01 s]
30.0.Mpcustom4: caddy12.stanford.edu: "Rocky Linux 8.10 (Green Obsidian)" is an unsupported operating system.
30.0.N: Trace Attempt  2	[0.03 s]
30.0.N: Trace Attempt  3	[0.03 s]
30.0.B: caddy12.stanford.edu: "Rocky Linux 8.10 (Green Obsidian)" is an unsupported operating system.
30.0.N: Trace Attempt  3	[0.08 s]
30.0.Ht: Proofgrid shell started at 2326033@caddy12.stanford.edu(local) jg_2320910_caddy12.stanford.edu_31
30.0.N: Trace Attempt  4	[0.10 s]
30.0.N: Trace Attempt  5	[0.10 s]
30.0.Ht: clocks: 1, declared: 1, looping: 0, posedge: 1, negedge: 0, noedge: 0, bothedge: 0
30.0.Mpcustom4: Proofgrid shell started at 2326047@caddy12.stanford.edu(local) jg_2320910_caddy12.stanford.edu_31
30.0.Mpcustom4: clocks: 1, declared: 1, looping: 0, posedge: 1, negedge: 0, noedge: 0, bothedge: 0
30.0.AM: caddy12.stanford.edu: "Rocky Linux 8.10 (Green Obsidian)" is an unsupported operating system.
30.0.Ht: Trace Attempt  1	[0.09 s]
30.0.Ht: Trace Attempt  2	[0.10 s]
30.0.Ht: Trace Attempt  3	[0.12 s]
30.0.Mpcustom4: Trace Attempt  1	[0.08 s]
30.0.Ht: Trace Attempt  4	[0.15 s]
30.0.Oh: Proofgrid shell started at 2326048@caddy12.stanford.edu(local) jg_2320910_caddy12.stanford.edu_31
30.0.Ht: Trace Attempt  5	[0.15 s]
30.0.Mpcustom4: Trace Attempt  2	[0.12 s]
30.0.N: Trace Attempt  5	[0.28 s]
30.0.Oh: clocks: 1, declared: 1, looping: 0, posedge: 1, negedge: 0, noedge: 0, bothedge: 0
30.0.B: Proofgrid shell started at 2326050@caddy12.stanford.edu(local) jg_2320910_caddy12.stanford.edu_31
30.0.B: clocks: 1, declared: 1, looping: 0, posedge: 1, negedge: 0, noedge: 0, bothedge: 0
30.0.B: Last scan. Per property time limit: 0s
30.0.B: Starting proof for property "CS_mult_fsm_s1_31"	[0.00 s].
30.0.B: Trace Attempt  1	[0.01 s]
30.0.B: Trace Attempt  2	[0.03 s]
30.0.AM: Proofgrid shell started at 2326052@caddy12.stanford.edu(local) jg_2320910_caddy12.stanford.edu_31
30.0.B: Trace Attempt  3	[0.05 s]
30.0.B: Trace Attempt  4	[0.07 s]
30.0.AM: clocks: 1, declared: 1, looping: 0, posedge: 1, negedge: 0, noedge: 0, bothedge: 0
30.0.AM: Last scan. Per property time limit: 0s
30.0.AM: Starting proof for property "CS_mult_fsm_s1_31"	[0.00 s].
30.0.B: Trace Attempt  5	[0.12 s]
30.0.AM: Trace Attempt  1	[0.03 s]
30.0.AM: Trace Attempt  2	[0.04 s]
30.0.Oh: bwd trail(1): 1 0.108023s
30.0.Oh: All properties either determined or skipped. [0.25 s]
30.0.Oh: Exited with Success (@ 0.59 s)
30.0.Oh: Completed, Restart ignored.
30.0.AM: Trace Attempt  3	[0.06 s]
30.0.AM: Trace Attempt  4	[0.08 s]
30.0.AM: Trace Attempt  5	[0.11 s]
30.0.Mpcustom4: Trace Attempt  3	[1.78 s]
30.0.Mpcustom4: Trace Attempt  3	[1.84 s]
30.0.Mpcustom4: Trace Attempt  4	[1.91 s]
30.0.Mpcustom4: Trace Attempt  4	[2.04 s]
30.0.Mpcustom4: Trace Attempt  5	[2.07 s]
30.0.Mpcustom4: Trace Attempt  5	[2.13 s]
30.0.N: Trace Attempt 25	[4.39 s]
30.0.N: Requesting engine job to stop
30.0.B: Requesting engine job to stop
30.0.AM: Requesting engine job to stop
30.0.Hp: Requesting engine job to terminate
30.0.Ht: Requesting engine job to terminate
30.0.Mpcustom4: Requesting engine job to terminate
INFO (IPF144): 30: Initiating shutdown of proof [6.30 s]
30.0.AM: Trace Attempt 38	[2.66 s]
30.0.AM: A trace with 38 cycles was found. [5.74 s]
INFO (IPF047): 30.0.AM: The cover property "CS_mult_fsm_s1_31" was covered in 38 cycles in 5.78 s.
30.0.AM: Stopped processing property "CS_mult_fsm_s1_31"	[5.81 s].
30.0.AM: All properties determined. [5.77 s]
30.0.AM: Exited with Success (@ 6.32 s)
30: ProofGrid usable level: 0
30.0.Ht: Interrupted (multi)
30.0.Ht: Trace Attempt 38	[3.27 s]
30.0.Ht: All properties determined. [6.18 s]
30.0.N: Trace Attempt 31	[5.85 s]
30.0.N: Stopped processing property "CS_mult_fsm_s1_31"	[6.34 s].
30.0.N: All properties determined. [6.33 s]
30.0.N: Exited with Success (@ 6.39 s)
30.0.B: Trace Attempt 38	[3.04 s]
30.0.B: Stopped processing property "CS_mult_fsm_s1_31"	[6.06 s].
30.0.B: All properties determined. [6.06 s]
30.0.B: Exited with Success (@ 6.50 s)
30.0.Mpcustom4: Trace Attempt 36	[5.77 s]
30.0.Mpcustom4: All properties determined. [6.36 s]
30.0.Mpcustom4: Exited with Success (@ 6.58 s)
30.0.Ht: Exited with Success (@ 6.81 s)
30.0.Hp: Interrupted (multi)
30.0.Hp: All properties determined. [6.98 s]
30.0.Hp: Exited with Success (@ 7.22 s)
30: --------------------------------------------------------------
ProofGrid Summary (utilization 95.45 %)
--------------------------------------------------------------
     engines started                               :     7
     engine jobs started                           :     7
     jobs where 1 minute load exceeded core count  :     7

    Average time in state (seconds)
    ------------------------------------------------------
    Engine  Pending     Running        Dead    Utilization
    ------------------------------------------------------
      N        0.11        6.27        0.00       98.21 %
     Hp        0.09        6.29        0.00       98.63 %
     Ht        0.20        6.16        0.00       96.93 %
    Mpcustom4        0.20        6.10        0.00       96.85 %
     Oh        0.30        0.24        0.00       44.93 %
      B        0.39        5.89        0.00       93.85 %
     AM        0.47        5.79        0.00       92.45 %
    all        0.25        5.25        0.00       95.45 %

    Total time in state (seconds)
    -----------------------------------------
            Pending     Running        Dead  
    -----------------------------------------
               1.75       36.75        0.00

    Data read    : 107.04 kiB
    Data written : 8.58 kiB

30: All pending notifications were processed.
INFO (IPF059): 30: Completed proof on task: "mytask"
cover -name CS_mult_fsm_s1_32 {@(posedge clk_i) !mult_fsm_s1 ##1 mult_fsm_s1 [*32] ##1 !mult_fsm_s1 }
INFO (IPF036): Starting proof on task: "mytask", 1 properties to prove with 0 already proven/unreachable
INFO (IPF031): Settings used for proof thread 31:
    orchestration                 = on (auto)
    time_limit                    = 600s
    per_property_time_limit       = 1s * 10 ^ scan
    engine_mode                   = auto
    proofgrid_per_engine_max_jobs = 1
    max engine jobs               = auto
    proofgrid_mode                = local
    proofgrid_restarts            = 10
31: Using multistage preprocessing
31: Starting reduce
31: Finished reduce in 0.046s
31.0.PRE: Performing Proof Simplification...
31.0.N: clocks: 1, declared: 1, looping: 0, posedge: 1, negedge: 0, noedge: 0, bothedge: 0
31.0.N: Proof Simplification Iteration 1	[0.00 s]
31.0.N: Proof Simplification Iteration 2	[0.04 s]
31.0.N: Proof Simplification Iteration 3	[0.06 s]
31.0.N: Proof Simplification Iteration 4	[0.08 s]
31.0.N: Proof Simplification Iteration 5	[0.10 s]
31.0.N: Proof Simplification Iteration 6	[0.12 s]
31.0.N: Proof Simplification Iteration 7	[0.14 s]
31.0.N: Proof Simplification Iteration 8	[0.16 s]
31.0.N: Proof Simplification Iteration 9	[0.18 s]
31.0.N: Proof Simplification Iteration 10	[0.20 s]
31.0.PRE: Proof Simplification completed in 0.24 s
31: About to start ProofGrid in its own thread with a limit of 10000 pending notifications and a limit of 10 traces.
31: =============================== ProofGrid start ===============================
31: ProofGrid usable level: 1
31: Initial ProofGrid level: 1
31: ProofGrid is starting event handling
31.0.Hp: caddy12.stanford.edu: "Rocky Linux 8.10 (Green Obsidian)" is an unsupported operating system.
31.0.N: caddy12.stanford.edu: "Rocky Linux 8.10 (Green Obsidian)" is an unsupported operating system.
31.0.Ht: caddy12.stanford.edu: "Rocky Linux 8.10 (Green Obsidian)" is an unsupported operating system.
31.0.N: Proofgrid shell started at 2326123@caddy12.stanford.edu(local) jg_2320910_caddy12.stanford.edu_32
31.0.Hp: Proofgrid shell started at 2326124@caddy12.stanford.edu(local) jg_2320910_caddy12.stanford.edu_32
31.0.Mpcustom4: caddy12.stanford.edu: "Rocky Linux 8.10 (Green Obsidian)" is an unsupported operating system.
31.0.Ht: Proofgrid shell started at 2326147@caddy12.stanford.edu(local) jg_2320910_caddy12.stanford.edu_32
31.0.N: clocks: 1, declared: 1, looping: 0, posedge: 1, negedge: 0, noedge: 0, bothedge: 0
31.0.Hp: clocks: 1, declared: 1, looping: 0, posedge: 1, negedge: 0, noedge: 0, bothedge: 0
31.0.Mpcustom4: Proofgrid shell started at 2326165@caddy12.stanford.edu(local) jg_2320910_caddy12.stanford.edu_32
31.0.N: Last scan. Per property time limit: 0s
31.0.N: Starting proof for property "CS_mult_fsm_s1_32"	[0.00 s].
31.0.N: Trace Attempt  1	[0.01 s]
31.0.N: Trace Attempt  2	[0.02 s]
31.0.N: Trace Attempt  3	[0.02 s]
31.0.Ht: clocks: 1, declared: 1, looping: 0, posedge: 1, negedge: 0, noedge: 0, bothedge: 0
31.0.Mpcustom4: clocks: 1, declared: 1, looping: 0, posedge: 1, negedge: 0, noedge: 0, bothedge: 0
31.0.N: Trace Attempt  3	[0.06 s]
31.0.Mpcustom4: Trace Attempt  1	[0.06 s]
31.0.N: Trace Attempt  4	[0.08 s]
31.0.N: Trace Attempt  5	[0.08 s]
31.0.Ht: Trace Attempt  1	[0.07 s]
31.0.Ht: Trace Attempt  2	[0.07 s]
31.0.Ht: Trace Attempt  3	[0.08 s]
31.0.Ht: Trace Attempt  4	[0.09 s]
31.0.Ht: Trace Attempt  5	[0.11 s]
31.0.Mpcustom4: Trace Attempt  2	[0.10 s]
31.0.Oh: caddy12.stanford.edu: "Rocky Linux 8.10 (Green Obsidian)" is an unsupported operating system.
31.0.N: Trace Attempt  5	[0.15 s]
31.0.B: caddy12.stanford.edu: "Rocky Linux 8.10 (Green Obsidian)" is an unsupported operating system.
31.0.AM: caddy12.stanford.edu: "Rocky Linux 8.10 (Green Obsidian)" is an unsupported operating system.
31.0.Oh: Proofgrid shell started at 2326173@caddy12.stanford.edu(local) jg_2320910_caddy12.stanford.edu_32
31.0.Oh: clocks: 1, declared: 1, looping: 0, posedge: 1, negedge: 0, noedge: 0, bothedge: 0
31.0.B: Proofgrid shell started at 2326180@caddy12.stanford.edu(local) jg_2320910_caddy12.stanford.edu_32
31.0.Oh: bwd trail(1): 1 0.106838s
31.0.B: clocks: 1, declared: 1, looping: 0, posedge: 1, negedge: 0, noedge: 0, bothedge: 0
31.0.AM: Proofgrid shell started at 2326185@caddy12.stanford.edu(local) jg_2320910_caddy12.stanford.edu_32
31.0.Oh: All properties either determined or skipped. [0.15 s]
31.0.Oh: Exited with Success (@ 0.55 s)
31.0.Oh: Completed, Restart ignored.
31.0.B: Last scan. Per property time limit: 0s
31.0.B: Starting proof for property "CS_mult_fsm_s1_32"	[0.00 s].
31.0.B: Trace Attempt  1	[0.01 s]
31.0.AM: clocks: 1, declared: 1, looping: 0, posedge: 1, negedge: 0, noedge: 0, bothedge: 0
31.0.AM: Last scan. Per property time limit: 0s
31.0.AM: Starting proof for property "CS_mult_fsm_s1_32"	[0.00 s].
31.0.B: Trace Attempt  2	[0.03 s]
31.0.B: Trace Attempt  3	[0.04 s]
31.0.AM: Trace Attempt  1	[0.03 s]
31.0.B: Trace Attempt  4	[0.07 s]
31.0.AM: Trace Attempt  2	[0.07 s]
31.0.AM: Trace Attempt  3	[0.09 s]
31.0.AM: Trace Attempt  4	[0.11 s]
31.0.B: Trace Attempt  5	[0.16 s]
31.0.AM: Trace Attempt  5	[0.14 s]
31.0.Mpcustom4: Trace Attempt  3	[1.39 s]
31.0.Mpcustom4: Trace Attempt  3	[1.46 s]
31.0.Mpcustom4: Trace Attempt  4	[1.53 s]
31.0.Mpcustom4: Trace Attempt  4	[1.62 s]
31.0.Mpcustom4: Trace Attempt  5	[1.69 s]
31.0.Mpcustom4: Trace Attempt  5	[1.83 s]
31.0.N: Trace Attempt 27	[4.22 s]
31.0.N: Requesting engine job to stop
31.0.B: Requesting engine job to stop
31.0.AM: Requesting engine job to stop
31.0.Hp: Requesting engine job to terminate
31.0.Ht: Requesting engine job to terminate
31.0.Mpcustom4: Requesting engine job to terminate
INFO (IPF144): 31: Initiating shutdown of proof [5.48 s]
31.0.Ht: Trace Attempt 39	[2.16 s]
31.0.Ht: A trace with 39 cycles was found. [5.33 s]
INFO (IPF047): 31.0.Ht: The cover property "CS_mult_fsm_s1_32" was covered in 39 cycles in 5.40 s.
31.0.Ht: All properties determined. [5.37 s]
31.0.Hp: Interrupted (multi)
31.0.Hp: All properties determined. [5.46 s]
31.0.AM: Trace Attempt 39	[2.50 s]
31.0.AM: Stopped processing property "CS_mult_fsm_s1_32"	[5.08 s].
31.0.AM: All properties determined. [5.07 s]
31.0.AM: Exited with Success (@ 5.67 s)
31: ProofGrid usable level: 0
31.0.N: Trace Attempt 31	[5.01 s]
31.0.N: Stopped processing property "CS_mult_fsm_s1_32"	[5.59 s].
31.0.N: All properties determined. [5.60 s]
31.0.N: Exited with Success (@ 5.69 s)
31.0.B: Trace Attempt 39	[3.42 s]
31.0.B: Stopped processing property "CS_mult_fsm_s1_32"	[5.22 s].
31.0.B: All properties determined. [5.22 s]
31.0.B: Exited with Success (@ 5.79 s)
31.0.Mpcustom4: Trace Attempt 36	[5.25 s]
31.0.Mpcustom4: All properties determined. [5.71 s]
31.0.Mpcustom4: Exited with Success (@ 5.84 s)
31.0.Hp: Exited with Success (@ 5.86 s)
31.0.Ht: Exited with Success (@ 6.18 s)
31: --------------------------------------------------------------
ProofGrid Summary (utilization 94.23 %)
--------------------------------------------------------------
     engines started                               :     7
     engine jobs started                           :     7
     jobs where 1 minute load exceeded core count  :     7

    Average time in state (seconds)
    ------------------------------------------------------
    Engine  Pending     Running        Dead    Utilization
    ------------------------------------------------------
      N        0.13        5.42        0.00       97.68 %
     Hp        0.11        5.42        0.00       97.97 %
     Ht        0.15        5.39        0.00       97.23 %
    Mpcustom4        0.13        5.39        0.00       97.63 %
     Oh        0.39        0.15        0.00       27.72 %
      B        0.50        4.95        0.00       90.75 %
     AM        0.51        4.92        0.00       90.56 %
    all        0.28        4.52        0.00       94.23 %

    Total time in state (seconds)
    -----------------------------------------
            Pending     Running        Dead  
    -----------------------------------------
               1.94       31.63        0.00

    Data read    : 197.13 kiB
    Data written : 8.00 kiB

31: All pending notifications were processed.
INFO (IPF059): 31: Completed proof on task: "mytask"
cover -name CS_mult_fsm_s1_33 {@(posedge clk_i) !mult_fsm_s1 ##1 mult_fsm_s1 [*33] ##1 !mult_fsm_s1 }
INFO (IPF036): Starting proof on task: "mytask", 1 properties to prove with 0 already proven/unreachable
INFO (IPF031): Settings used for proof thread 32:
    orchestration                 = on (auto)
    time_limit                    = 600s
    per_property_time_limit       = 1s * 10 ^ scan
    engine_mode                   = auto
    proofgrid_per_engine_max_jobs = 1
    max engine jobs               = auto
    proofgrid_mode                = local
    proofgrid_restarts            = 10
32: Using multistage preprocessing
32: Starting reduce
32: Finished reduce in 0.046s
32.0.PRE: Performing Proof Simplification...
32.0.N: clocks: 1, declared: 1, looping: 0, posedge: 1, negedge: 0, noedge: 0, bothedge: 0
32.0.N: Proof Simplification Iteration 1	[0.00 s]
32.0.N: Proof Simplification Iteration 2	[0.04 s]
32.0.N: Proof Simplification Iteration 3	[0.06 s]
32.0.N: Proof Simplification Iteration 4	[0.08 s]
32.0.N: Proof Simplification Iteration 5	[0.10 s]
32.0.N: Proof Simplification Iteration 6	[0.12 s]
32.0.N: Proof Simplification Iteration 7	[0.14 s]
32.0.N: Proof Simplification Iteration 8	[0.16 s]
32.0.N: Proof Simplification Iteration 9	[0.18 s]
32.0.N: Proof Simplification Iteration 10	[0.20 s]
32.0.PRE: Proof Simplification completed in 0.25 s
32: About to start ProofGrid in its own thread with a limit of 10000 pending notifications and a limit of 10 traces.
32: =============================== ProofGrid start ===============================
32: ProofGrid usable level: 1
32: Initial ProofGrid level: 1
32: ProofGrid is starting event handling
32.0.Hp: caddy12.stanford.edu: "Rocky Linux 8.10 (Green Obsidian)" is an unsupported operating system.
32.0.N: caddy12.stanford.edu: "Rocky Linux 8.10 (Green Obsidian)" is an unsupported operating system.
32.0.Hp: Proofgrid shell started at 2326352@caddy12.stanford.edu(local) jg_2320910_caddy12.stanford.edu_33
32.0.N: Proofgrid shell started at 2326351@caddy12.stanford.edu(local) jg_2320910_caddy12.stanford.edu_33
32.0.Hp: clocks: 1, declared: 1, looping: 0, posedge: 1, negedge: 0, noedge: 0, bothedge: 0
32.0.N: clocks: 1, declared: 1, looping: 0, posedge: 1, negedge: 0, noedge: 0, bothedge: 0
32.0.Ht: caddy12.stanford.edu: "Rocky Linux 8.10 (Green Obsidian)" is an unsupported operating system.
32.0.N: Last scan. Per property time limit: 0s
32.0.N: Starting proof for property "CS_mult_fsm_s1_33"	[0.00 s].
32.0.N: Trace Attempt  1	[0.01 s]
32.0.N: Trace Attempt  2	[0.02 s]
32.0.N: Trace Attempt  3	[0.02 s]
32.0.N: Trace Attempt  3	[0.06 s]
32.0.N: Trace Attempt  4	[0.08 s]
32.0.N: Trace Attempt  5	[0.08 s]
32.0.Oh: caddy12.stanford.edu: "Rocky Linux 8.10 (Green Obsidian)" is an unsupported operating system.
32.0.Mpcustom4: caddy12.stanford.edu: "Rocky Linux 8.10 (Green Obsidian)" is an unsupported operating system.
32.0.N: Trace Attempt  5	[0.16 s]
32.0.B: caddy12.stanford.edu: "Rocky Linux 8.10 (Green Obsidian)" is an unsupported operating system.
32.0.Ht: Proofgrid shell started at 2326374@caddy12.stanford.edu(local) jg_2320910_caddy12.stanford.edu_33
32.0.Ht: clocks: 1, declared: 1, looping: 0, posedge: 1, negedge: 0, noedge: 0, bothedge: 0
32.0.AM: caddy12.stanford.edu: "Rocky Linux 8.10 (Green Obsidian)" is an unsupported operating system.
32.0.Ht: Trace Attempt  1	[0.05 s]
32.0.Ht: Trace Attempt  2	[0.05 s]
32.0.Ht: Trace Attempt  3	[0.06 s]
32.0.Ht: Trace Attempt  4	[0.07 s]
32.0.Ht: Trace Attempt  5	[0.07 s]
32.0.Oh: Proofgrid shell started at 2326392@caddy12.stanford.edu(local) jg_2320910_caddy12.stanford.edu_33
32.0.B: Proofgrid shell started at 2326395@caddy12.stanford.edu(local) jg_2320910_caddy12.stanford.edu_33
32.0.Oh: clocks: 1, declared: 1, looping: 0, posedge: 1, negedge: 0, noedge: 0, bothedge: 0
32.0.Mpcustom4: Proofgrid shell started at 2326390@caddy12.stanford.edu(local) jg_2320910_caddy12.stanford.edu_33
32.0.B: clocks: 1, declared: 1, looping: 0, posedge: 1, negedge: 0, noedge: 0, bothedge: 0
32.0.B: Last scan. Per property time limit: 0s
32.0.B: Starting proof for property "CS_mult_fsm_s1_33"	[0.00 s].
32.0.B: Trace Attempt  1	[0.01 s]
32.0.B: Trace Attempt  2	[0.02 s]
32.0.B: Trace Attempt  3	[0.03 s]
32.0.Mpcustom4: clocks: 1, declared: 1, looping: 0, posedge: 1, negedge: 0, noedge: 0, bothedge: 0
32.0.B: Trace Attempt  4	[0.07 s]
32.0.AM: Proofgrid shell started at 2326402@caddy12.stanford.edu(local) jg_2320910_caddy12.stanford.edu_33
32.0.Mpcustom4: Trace Attempt  1	[0.07 s]
32.0.AM: clocks: 1, declared: 1, looping: 0, posedge: 1, negedge: 0, noedge: 0, bothedge: 0
32.0.B: Trace Attempt  5	[0.14 s]
32.0.AM: Last scan. Per property time limit: 0s
32.0.AM: Starting proof for property "CS_mult_fsm_s1_33"	[0.00 s].
32.0.Mpcustom4: Trace Attempt  2	[0.13 s]
32.0.AM: Trace Attempt  1	[0.02 s]
32.0.AM: Trace Attempt  2	[0.05 s]
32.0.AM: Trace Attempt  3	[0.10 s]
32.0.AM: Trace Attempt  4	[0.13 s]
32.0.Oh: bwd trail(1): 1 0.111709s
32.0.Oh: All properties either determined or skipped. [0.36 s]
32.0.Oh: Exited with Success (@ 0.90 s)
32.0.AM: Trace Attempt  5	[0.20 s]
32.0.Mpcustom4: Trace Attempt  3	[1.63 s]
32.0.Mpcustom4: Trace Attempt  3	[1.66 s]
32.0.Mpcustom4: Trace Attempt  4	[1.69 s]
32.0.Mpcustom4: Trace Attempt  4	[1.74 s]
32.0.Mpcustom4: Trace Attempt  5	[1.77 s]
32.0.Mpcustom4: Trace Attempt  5	[1.83 s]
32.0.N: Trace Attempt 27	[4.18 s]
32.0.N: Requesting engine job to stop
32.0.B: Requesting engine job to stop
32.0.AM: Requesting engine job to stop
32.0.Hp: Requesting engine job to terminate
32.0.Ht: Requesting engine job to terminate
32.0.Mpcustom4: Requesting engine job to terminate
INFO (IPF144): 32: Initiating shutdown of proof [5.20 s]
32.0.Ht: Trace Attempt 40	[1.76 s]
32.0.Ht: A trace with 40 cycles was found. [4.82 s]
INFO (IPF047): 32.0.Ht: The cover property "CS_mult_fsm_s1_33" was covered in 40 cycles in 4.91 s.
32.0.Ht: All properties determined. [4.86 s]
32.0.N: Trace Attempt 31	[4.95 s]
32.0.N: Stopped processing property "CS_mult_fsm_s1_33"	[5.24 s].
32.0.N: All properties determined. [5.21 s]
32.0.N: Exited with Success (@ 5.26 s)
32: ProofGrid usable level: 0
32.0.Hp: Interrupted (multi)
32.0.Hp: All properties determined. [5.27 s]
32.0.B: Trace Attempt 40	[3.69 s]
32.0.B: Stopped processing property "CS_mult_fsm_s1_33"	[4.82 s].
32.0.B: All properties determined. [4.83 s]
32.0.B: Exited with Success (@ 5.38 s)
32.0.AM: Trace Attempt 40	[3.27 s]
32.0.AM: Stopped processing property "CS_mult_fsm_s1_33"	[4.72 s].
32.0.Mpcustom4: Trace Attempt 29	[4.18 s]
32.0.Mpcustom4: All properties determined. [4.85 s]
32.0.AM: All properties determined. [4.72 s]
32.0.Mpcustom4: Exited with Success (@ 5.44 s)
32.0.AM: Exited with Success (@ 5.44 s)
32.0.Hp: Exited with Success (@ 5.58 s)
32.0.Ht: Exited with Success (@ 5.71 s)
32: --------------------------------------------------------------
ProofGrid Summary (utilization 91.89 %)
--------------------------------------------------------------
     engines started                               :     7
     engine jobs started                           :     7

    Average time in state (seconds)
    ------------------------------------------------------
    Engine  Pending     Running        Dead    Utilization
    ------------------------------------------------------
      N        0.12        5.18        0.00       97.66 %
     Hp        0.08        5.18        0.00       98.40 %
     Ht        0.37        4.87        0.00       92.88 %
    Mpcustom4        0.51        4.64        0.00       90.02 %
     Oh        0.44        0.36        0.00       45.10 %
      B        0.48        4.69        0.00       90.77 %
     AM        0.58        4.54        0.00       88.61 %
    all        0.37        4.21        0.00       91.89 %

    Total time in state (seconds)
    -----------------------------------------
            Pending     Running        Dead  
    -----------------------------------------
               2.60       29.47        0.00

    Data read    : 108.27 kiB
    Data written : 8.75 kiB

32: All pending notifications were processed.
INFO (IPF059): 32: Completed proof on task: "mytask"
cover -name CS_mult_fsm_s1_34 {@(posedge clk_i) !mult_fsm_s1 ##1 mult_fsm_s1 [*34] ##1 !mult_fsm_s1 }
INFO (IPF036): Starting proof on task: "mytask", 1 properties to prove with 0 already proven/unreachable
INFO (IPF031): Settings used for proof thread 33:
    orchestration                 = on (auto)
    time_limit                    = 600s
    per_property_time_limit       = 1s * 10 ^ scan
    engine_mode                   = auto
    proofgrid_per_engine_max_jobs = 1
    max engine jobs               = auto
    proofgrid_mode                = local
    proofgrid_restarts            = 10
33: Using multistage preprocessing
33: Starting reduce
33: Finished reduce in 0.046s
33.0.PRE: Performing Proof Simplification...
33.0.N: clocks: 1, declared: 1, looping: 0, posedge: 1, negedge: 0, noedge: 0, bothedge: 0
33.0.N: Proof Simplification Iteration 1	[0.00 s]
33.0.N: Proof Simplification Iteration 2	[0.04 s]
33.0.N: Proof Simplification Iteration 3	[0.06 s]
33.0.N: Proof Simplification Iteration 4	[0.08 s]
33.0.N: Proof Simplification Iteration 5	[0.10 s]
33.0.N: Proof Simplification Iteration 6	[0.12 s]
33.0.N: Proof Simplification Iteration 7	[0.14 s]
33.0.N: Proof Simplification Iteration 8	[0.16 s]
33.0.N: Proof Simplification Iteration 9	[0.17 s]
33.0.N: Proof Simplification Iteration 10	[0.20 s]
33.0.PRE: Proof Simplification completed in 0.24 s
33: About to start ProofGrid in its own thread with a limit of 10000 pending notifications and a limit of 10 traces.
33: =============================== ProofGrid start ===============================
33: ProofGrid usable level: 1
33: Initial ProofGrid level: 1
33: ProofGrid is starting event handling
33.0.N: caddy12.stanford.edu: "Rocky Linux 8.10 (Green Obsidian)" is an unsupported operating system.
33.0.Hp: caddy12.stanford.edu: "Rocky Linux 8.10 (Green Obsidian)" is an unsupported operating system.
33.0.N: Proofgrid shell started at 2326464@caddy12.stanford.edu(local) jg_2320910_caddy12.stanford.edu_34
33.0.Hp: Proofgrid shell started at 2326465@caddy12.stanford.edu(local) jg_2320910_caddy12.stanford.edu_34
33.0.Ht: caddy12.stanford.edu: "Rocky Linux 8.10 (Green Obsidian)" is an unsupported operating system.
33.0.N: clocks: 1, declared: 1, looping: 0, posedge: 1, negedge: 0, noedge: 0, bothedge: 0
33.0.N: Last scan. Per property time limit: 0s
33.0.N: Starting proof for property "CS_mult_fsm_s1_34"	[0.00 s].
33.0.Mpcustom4: caddy12.stanford.edu: "Rocky Linux 8.10 (Green Obsidian)" is an unsupported operating system.
33.0.N: Trace Attempt  1	[0.01 s]
33.0.Hp: clocks: 1, declared: 1, looping: 0, posedge: 1, negedge: 0, noedge: 0, bothedge: 0
33.0.N: Trace Attempt  2	[0.03 s]
33.0.N: Trace Attempt  3	[0.03 s]
33.0.N: Trace Attempt  3	[0.07 s]
33.0.Ht: Proofgrid shell started at 2326488@caddy12.stanford.edu(local) jg_2320910_caddy12.stanford.edu_34
33.0.N: Trace Attempt  4	[0.10 s]
33.0.N: Trace Attempt  5	[0.10 s]
33.0.Ht: clocks: 1, declared: 1, looping: 0, posedge: 1, negedge: 0, noedge: 0, bothedge: 0
33.0.Mpcustom4: Proofgrid shell started at 2326497@caddy12.stanford.edu(local) jg_2320910_caddy12.stanford.edu_34
33.0.Mpcustom4: clocks: 1, declared: 1, looping: 0, posedge: 1, negedge: 0, noedge: 0, bothedge: 0
33.0.Ht: Trace Attempt  1	[0.08 s]
33.0.Ht: Trace Attempt  2	[0.08 s]
33.0.Ht: Trace Attempt  3	[0.09 s]
33.0.Ht: Trace Attempt  4	[0.10 s]
33.0.Ht: Trace Attempt  5	[0.11 s]
33.0.Oh: caddy12.stanford.edu: "Rocky Linux 8.10 (Green Obsidian)" is an unsupported operating system.
33.0.Mpcustom4: Trace Attempt  1	[0.08 s]
33.0.AM: caddy12.stanford.edu: "Rocky Linux 8.10 (Green Obsidian)" is an unsupported operating system.
33.0.Mpcustom4: Trace Attempt  2	[0.11 s]
33.0.B: caddy12.stanford.edu: "Rocky Linux 8.10 (Green Obsidian)" is an unsupported operating system.
33.0.N: Trace Attempt  5	[0.28 s]
33.0.Oh: Proofgrid shell started at 2326499@caddy12.stanford.edu(local) jg_2320910_caddy12.stanford.edu_34
33.0.Oh: clocks: 1, declared: 1, looping: 0, posedge: 1, negedge: 0, noedge: 0, bothedge: 0
33.0.AM: Proofgrid shell started at 2326521@caddy12.stanford.edu(local) jg_2320910_caddy12.stanford.edu_34
33.0.B: Proofgrid shell started at 2326504@caddy12.stanford.edu(local) jg_2320910_caddy12.stanford.edu_34
33.0.AM: clocks: 1, declared: 1, looping: 0, posedge: 1, negedge: 0, noedge: 0, bothedge: 0
33.0.AM: Last scan. Per property time limit: 0s
33.0.AM: Starting proof for property "CS_mult_fsm_s1_34"	[0.00 s].
33.0.AM: Trace Attempt  1	[0.02 s]
33.0.AM: Trace Attempt  2	[0.04 s]
33.0.B: clocks: 1, declared: 1, looping: 0, posedge: 1, negedge: 0, noedge: 0, bothedge: 0
33.0.AM: Trace Attempt  3	[0.06 s]
33.0.B: Last scan. Per property time limit: 0s
33.0.B: Starting proof for property "CS_mult_fsm_s1_34"	[0.00 s].
33.0.B: Trace Attempt  1	[0.01 s]
33.0.AM: Trace Attempt  4	[0.08 s]
33.0.B: Trace Attempt  2	[0.02 s]
33.0.B: Trace Attempt  3	[0.03 s]
33.0.Oh: bwd trail(1): 1 0.111741s
33.0.AM: Trace Attempt  5	[0.11 s]
33.0.Oh: All properties either determined or skipped. [0.26 s]
33.0.Oh: Exited with Success (@ 0.70 s)
33.0.Oh: Completed, Restart ignored.
33.0.B: Trace Attempt  4	[0.06 s]
33.0.B: Trace Attempt  5	[0.15 s]
33.0.Mpcustom4: Trace Attempt  3	[1.06 s]
33.0.Mpcustom4: Trace Attempt  3	[1.09 s]
33.0.Mpcustom4: Trace Attempt  4	[1.12 s]
33.0.Mpcustom4: Trace Attempt  4	[1.17 s]
33.0.Mpcustom4: Trace Attempt  5	[1.20 s]
33.0.Mpcustom4: Trace Attempt  5	[1.26 s]
33.0.N: Requesting engine job to stop
33.0.B: Requesting engine job to stop
33.0.AM: Requesting engine job to stop
33.0.Hp: Requesting engine job to terminate
33.0.Ht: Requesting engine job to terminate
33.0.Mpcustom4: Requesting engine job to terminate
INFO (IPF144): 33: Initiating shutdown of proof [4.04 s]
33.0.Ht: Trace Attempt 41	[1.96 s]
33.0.Ht: A trace with 41 cycles was found. [3.87 s]
INFO (IPF047): 33.0.Ht: The cover property "CS_mult_fsm_s1_34" was covered in 41 cycles in 3.94 s.
33.0.Ht: All properties determined. [3.91 s]
33.0.Hp: Interrupted (multi)
33.0.Hp: All properties determined. [4.03 s]
33.0.N: Trace Attempt 23	[3.53 s]
33.0.N: Stopped processing property "CS_mult_fsm_s1_34"	[4.12 s].
33.0.N: All properties determined. [4.14 s]
33.0.Hp: Exited with Success (@ 4.20 s)
33: ProofGrid usable level: 0
33.0.AM: Trace Attempt 41	[2.80 s]
33.0.AM: Stopped processing property "CS_mult_fsm_s1_34"	[3.61 s].
33.0.N: Exited with Success (@ 4.20 s)
33.0.AM: All properties determined. [3.62 s]
33.0.AM: Exited with Success (@ 4.21 s)
33.0.B: Trace Attempt 37	[3.35 s]
33.0.B: Stopped processing property "CS_mult_fsm_s1_34"	[3.57 s].
33.0.B: All properties determined. [3.57 s]
33.0.B: Exited with Success (@ 4.22 s)
33.0.Mpcustom4: Trace Attempt 25	[3.78 s]
33.0.Mpcustom4: All properties determined. [4.11 s]
33.0.Mpcustom4: Exited with Success (@ 4.31 s)
33.0.Ht: Exited with Success (@ 4.54 s)
33: --------------------------------------------------------------
ProofGrid Summary (utilization 91.86 %)
--------------------------------------------------------------
     engines started                               :     7
     engine jobs started                           :     7

    Average time in state (seconds)
    ------------------------------------------------------
    Engine  Pending     Running        Dead    Utilization
    ------------------------------------------------------
      N        0.11        4.03        0.00       97.30 %
     Hp        0.10        4.00        0.00       97.66 %
     Ht        0.18        3.92        0.00       95.56 %
    Mpcustom4        0.18        3.86        0.00       95.58 %
     Oh        0.43        0.27        0.00       38.49 %
      B        0.55        3.43        0.00       86.16 %
     AM        0.49        3.49        0.00       87.69 %
    all        0.29        3.28        0.00       91.86 %

    Total time in state (seconds)
    -----------------------------------------
            Pending     Running        Dead  
    -----------------------------------------
               2.04       22.99        0.00

    Data read    : 106.98 kiB
    Data written : 8.43 kiB

33: All pending notifications were processed.
INFO (IPF059): 33: Completed proof on task: "mytask"
cover -name CS_mult_fsm_s1_35 {@(posedge clk_i) !mult_fsm_s1 ##1 mult_fsm_s1 [*35] ##1 !mult_fsm_s1 }
INFO (IPF036): Starting proof on task: "mytask", 1 properties to prove with 0 already proven/unreachable
INFO (IPF031): Settings used for proof thread 34:
    orchestration                 = on (auto)
    time_limit                    = 600s
    per_property_time_limit       = 1s * 10 ^ scan
    engine_mode                   = auto
    proofgrid_per_engine_max_jobs = 1
    max engine jobs               = auto
    proofgrid_mode                = local
    proofgrid_restarts            = 10
34: Using multistage preprocessing
34: Starting reduce
34: Finished reduce in 0.046s
34.0.PRE: Performing Proof Simplification...
34.0.N: clocks: 1, declared: 1, looping: 0, posedge: 1, negedge: 0, noedge: 0, bothedge: 0
34.0.N: Proof Simplification Iteration 1	[0.00 s]
34.0.N: Proof Simplification Iteration 2	[0.04 s]
34.0.N: Proof Simplification Iteration 3	[0.06 s]
34.0.N: Proof Simplification Iteration 4	[0.08 s]
34.0.N: Proof Simplification Iteration 5	[0.10 s]
34.0.N: Proof Simplification Iteration 6	[0.12 s]
34.0.N: Proof Simplification Iteration 7	[0.14 s]
34.0.N: Proof Simplification Iteration 8	[0.16 s]
34.0.N: Proof Simplification Iteration 9	[0.17 s]
34.0.N: Proof Simplification Iteration 10	[0.20 s]
34.0.PRE: Proof Simplification completed in 0.24 s
34: About to start ProofGrid in its own thread with a limit of 10000 pending notifications and a limit of 10 traces.
34: =============================== ProofGrid start ===============================
34: ProofGrid usable level: 1
34: Initial ProofGrid level: 1
34: ProofGrid is starting event handling
34.0.Hp: caddy12.stanford.edu: "Rocky Linux 8.10 (Green Obsidian)" is an unsupported operating system.
34.0.N: caddy12.stanford.edu: "Rocky Linux 8.10 (Green Obsidian)" is an unsupported operating system.
34.0.Hp: Proofgrid shell started at 2326579@caddy12.stanford.edu(local) jg_2320910_caddy12.stanford.edu_35
34.0.N: Proofgrid shell started at 2326578@caddy12.stanford.edu(local) jg_2320910_caddy12.stanford.edu_35
34.0.Hp: clocks: 1, declared: 1, looping: 0, posedge: 1, negedge: 0, noedge: 0, bothedge: 0
34.0.N: clocks: 1, declared: 1, looping: 0, posedge: 1, negedge: 0, noedge: 0, bothedge: 0
34.0.Ht: caddy12.stanford.edu: "Rocky Linux 8.10 (Green Obsidian)" is an unsupported operating system.
34.0.N: Last scan. Per property time limit: 0s
34.0.N: Starting proof for property "CS_mult_fsm_s1_35"	[0.00 s].
34.0.N: Trace Attempt  1	[0.01 s]
34.0.N: Trace Attempt  2	[0.02 s]
34.0.N: Trace Attempt  3	[0.02 s]
34.0.N: Trace Attempt  3	[0.06 s]
34.0.N: Trace Attempt  4	[0.08 s]
34.0.N: Trace Attempt  5	[0.08 s]
34.0.N: Trace Attempt  5	[0.15 s]
34.0.Oh: caddy12.stanford.edu: "Rocky Linux 8.10 (Green Obsidian)" is an unsupported operating system.
34.0.Mpcustom4: caddy12.stanford.edu: "Rocky Linux 8.10 (Green Obsidian)" is an unsupported operating system.
34.0.Ht: Proofgrid shell started at 2326601@caddy12.stanford.edu(local) jg_2320910_caddy12.stanford.edu_35
34.0.B: caddy12.stanford.edu: "Rocky Linux 8.10 (Green Obsidian)" is an unsupported operating system.
34.0.AM: caddy12.stanford.edu: "Rocky Linux 8.10 (Green Obsidian)" is an unsupported operating system.
34.0.Ht: clocks: 1, declared: 1, looping: 0, posedge: 1, negedge: 0, noedge: 0, bothedge: 0
34.0.Mpcustom4: Proofgrid shell started at 2326617@caddy12.stanford.edu(local) jg_2320910_caddy12.stanford.edu_35
34.0.Ht: Trace Attempt  1	[0.08 s]
34.0.Mpcustom4: clocks: 1, declared: 1, looping: 0, posedge: 1, negedge: 0, noedge: 0, bothedge: 0
34.0.Ht: Trace Attempt  2	[0.10 s]
34.0.Ht: Trace Attempt  3	[0.10 s]
34.0.B: Proofgrid shell started at 2326621@caddy12.stanford.edu(local) jg_2320910_caddy12.stanford.edu_35
34.0.Ht: Trace Attempt  4	[0.12 s]
34.0.Ht: Trace Attempt  5	[0.13 s]
34.0.B: clocks: 1, declared: 1, looping: 0, posedge: 1, negedge: 0, noedge: 0, bothedge: 0
34.0.Mpcustom4: Trace Attempt  1	[0.08 s]
34.0.B: Last scan. Per property time limit: 0s
34.0.B: Starting proof for property "CS_mult_fsm_s1_35"	[0.00 s].
34.0.Oh: Proofgrid shell started at 2326619@caddy12.stanford.edu(local) jg_2320910_caddy12.stanford.edu_35
34.0.B: Trace Attempt  1	[0.01 s]
34.0.B: Trace Attempt  2	[0.02 s]
34.0.B: Trace Attempt  3	[0.02 s]
34.0.Mpcustom4: Trace Attempt  2	[0.12 s]
34.0.Oh: clocks: 1, declared: 1, looping: 0, posedge: 1, negedge: 0, noedge: 0, bothedge: 0
34.0.AM: Proofgrid shell started at 2326623@caddy12.stanford.edu(local) jg_2320910_caddy12.stanford.edu_35
34.0.AM: clocks: 1, declared: 1, looping: 0, posedge: 1, negedge: 0, noedge: 0, bothedge: 0
34.0.B: Trace Attempt  4	[0.08 s]
34.0.AM: Last scan. Per property time limit: 0s
34.0.AM: Starting proof for property "CS_mult_fsm_s1_35"	[0.00 s].
34.0.AM: Trace Attempt  1	[0.04 s]
34.0.AM: Trace Attempt  2	[0.09 s]
34.0.B: Trace Attempt  5	[0.20 s]
34.0.AM: Trace Attempt  3	[0.15 s]
34.0.AM: Trace Attempt  4	[0.20 s]
34.0.Oh: bwd trail(1): 1 0.111945s
34.0.Oh: All properties either determined or skipped. [0.35 s]
34.0.Oh: Exited with Success (@ 0.88 s)
34.0.AM: Trace Attempt  5	[0.29 s]
34.0.Mpcustom4: Trace Attempt  3	[0.98 s]
34.0.Mpcustom4: Trace Attempt  3	[1.01 s]
34.0.Mpcustom4: Trace Attempt  4	[1.04 s]
34.0.Mpcustom4: Trace Attempt  4	[1.09 s]
34.0.Mpcustom4: Trace Attempt  5	[1.12 s]
34.0.Mpcustom4: Trace Attempt  5	[1.18 s]
34.0.N: Trace Attempt 29	[4.27 s]
34.0.N: Requesting engine job to stop
34.0.B: Requesting engine job to stop
34.0.AM: Requesting engine job to stop
34.0.Hp: Requesting engine job to terminate
34.0.Ht: Requesting engine job to terminate
34.0.Mpcustom4: Requesting engine job to terminate
INFO (IPF144): 34: Initiating shutdown of proof [4.74 s]
34.0.Ht: Trace Attempt 42	[1.92 s]
34.0.Ht: A trace with 42 cycles was found. [4.31 s]
INFO (IPF047): 34.0.Ht: The cover property "CS_mult_fsm_s1_35" was covered in 42 cycles in 4.43 s.
34.0.Ht: All properties determined. [4.40 s]
34.0.Hp: Interrupted (multi)
34.0.Hp: All properties determined. [4.80 s]
34.0.N: Trace Attempt 31	[4.42 s]
34.0.N: Stopped processing property "CS_mult_fsm_s1_35"	[4.79 s].
34.0.N: All properties determined. [4.79 s]
34.0.N: Exited with Success (@ 4.82 s)
34: ProofGrid usable level: 0
34.0.B: Trace Attempt 42	[3.29 s]
34.0.B: Stopped processing property "CS_mult_fsm_s1_35"	[4.41 s].
34.0.B: All properties determined. [4.42 s]
34.0.B: Exited with Success (@ 4.92 s)
34.0.AM: Trace Attempt 42	[3.07 s]
34.0.AM: Stopped processing property "CS_mult_fsm_s1_35"	[4.39 s].
34.0.AM: All properties determined. [4.38 s]
34.0.AM: Exited with Success (@ 4.98 s)
34.0.Mpcustom4: Trace Attempt 36	[4.19 s]
34.0.Mpcustom4: All properties determined. [4.66 s]
34.0.Hp: Exited with Success (@ 5.19 s)
34.0.Mpcustom4: Exited with Success (@ 5.29 s)
34.0.Ht: Exited with Success (@ 5.29 s)
34: --------------------------------------------------------------
ProofGrid Summary (utilization 91.84 %)
--------------------------------------------------------------
     engines started                               :     7
     engine jobs started                           :     7

    Average time in state (seconds)
    ------------------------------------------------------
    Engine  Pending     Running        Dead    Utilization
    ------------------------------------------------------
      N        0.12        4.73        0.00       97.49 %
     Hp        0.10        4.73        0.00       98.00 %
     Ht        0.36        4.42        0.00       92.47 %
    Mpcustom4        0.40        4.35        0.00       91.63 %
     Oh        0.48        0.36        0.00       42.42 %
      B        0.43        4.29        0.00       90.93 %
     AM        0.52        4.19        0.00       88.99 %
    all        0.34        3.87        0.00       91.84 %

    Total time in state (seconds)
    -----------------------------------------
            Pending     Running        Dead  
    -----------------------------------------
               2.40       27.07        0.00

    Data read    : 113.17 kiB
    Data written : 8.80 kiB

34: All pending notifications were processed.
INFO (IPF059): 34: Completed proof on task: "mytask"
cover -name CS_mult_fsm_s1_36 {@(posedge clk_i) !mult_fsm_s1 ##1 mult_fsm_s1 [*36] ##1 !mult_fsm_s1 }
INFO (IPF036): Starting proof on task: "mytask", 1 properties to prove with 0 already proven/unreachable
INFO (IPF031): Settings used for proof thread 35:
    orchestration                 = on (auto)
    time_limit                    = 600s
    per_property_time_limit       = 1s * 10 ^ scan
    engine_mode                   = auto
    proofgrid_per_engine_max_jobs = 1
    max engine jobs               = auto
    proofgrid_mode                = local
    proofgrid_restarts            = 10
35: Using multistage preprocessing
35: Starting reduce
35: Finished reduce in 0.047s
35.0.PRE: Performing Proof Simplification...
35.0.N: clocks: 1, declared: 1, looping: 0, posedge: 1, negedge: 0, noedge: 0, bothedge: 0
35.0.N: Proof Simplification Iteration 1	[0.00 s]
35.0.N: Proof Simplification Iteration 2	[0.04 s]
35.0.N: Proof Simplification Iteration 3	[0.06 s]
35.0.N: Proof Simplification Iteration 4	[0.08 s]
35.0.N: Proof Simplification Iteration 5	[0.10 s]
35.0.N: Proof Simplification Iteration 6	[0.12 s]
35.0.N: Proof Simplification Iteration 7	[0.14 s]
35.0.N: Proof Simplification Iteration 8	[0.16 s]
35.0.N: Proof Simplification Iteration 9	[0.18 s]
35.0.N: Proof Simplification Iteration 10	[0.20 s]
35.0.PRE: Proof Simplification completed in 0.25 s
35: About to start ProofGrid in its own thread with a limit of 10000 pending notifications and a limit of 10 traces.
35: =============================== ProofGrid start ===============================
35: ProofGrid usable level: 1
35: Initial ProofGrid level: 1
35: ProofGrid is starting event handling
35.0.N: caddy12.stanford.edu: "Rocky Linux 8.10 (Green Obsidian)" is an unsupported operating system.
35.0.Hp: caddy12.stanford.edu: "Rocky Linux 8.10 (Green Obsidian)" is an unsupported operating system.
35.0.Hp: Proofgrid shell started at 2326814@caddy12.stanford.edu(local) jg_2320910_caddy12.stanford.edu_36
35.0.N: Proofgrid shell started at 2326813@caddy12.stanford.edu(local) jg_2320910_caddy12.stanford.edu_36
35.0.Hp: clocks: 1, declared: 1, looping: 0, posedge: 1, negedge: 0, noedge: 0, bothedge: 0
35.0.Ht: caddy12.stanford.edu: "Rocky Linux 8.10 (Green Obsidian)" is an unsupported operating system.
35.0.N: clocks: 1, declared: 1, looping: 0, posedge: 1, negedge: 0, noedge: 0, bothedge: 0
35.0.N: Last scan. Per property time limit: 0s
35.0.N: Starting proof for property "CS_mult_fsm_s1_36"	[0.00 s].
35.0.N: Trace Attempt  1	[0.01 s]
35.0.N: Trace Attempt  2	[0.02 s]
35.0.N: Trace Attempt  3	[0.02 s]
35.0.Mpcustom4: caddy12.stanford.edu: "Rocky Linux 8.10 (Green Obsidian)" is an unsupported operating system.
35.0.N: Trace Attempt  3	[0.07 s]
35.0.N: Trace Attempt  4	[0.09 s]
35.0.N: Trace Attempt  5	[0.09 s]
35.0.B: caddy12.stanford.edu: "Rocky Linux 8.10 (Green Obsidian)" is an unsupported operating system.
35.0.Oh: caddy12.stanford.edu: "Rocky Linux 8.10 (Green Obsidian)" is an unsupported operating system.
35.0.N: Trace Attempt  5	[0.17 s]
35.0.Ht: Proofgrid shell started at 2326836@caddy12.stanford.edu(local) jg_2320910_caddy12.stanford.edu_36
35.0.Ht: clocks: 1, declared: 1, looping: 0, posedge: 1, negedge: 0, noedge: 0, bothedge: 0
35.0.AM: caddy12.stanford.edu: "Rocky Linux 8.10 (Green Obsidian)" is an unsupported operating system.
35.0.Ht: Trace Attempt  1	[0.07 s]
35.0.Ht: Trace Attempt  2	[0.08 s]
35.0.Ht: Trace Attempt  3	[0.08 s]
35.0.Ht: Trace Attempt  4	[0.10 s]
35.0.Mpcustom4: Proofgrid shell started at 2326847@caddy12.stanford.edu(local) jg_2320910_caddy12.stanford.edu_36
35.0.Ht: Trace Attempt  5	[0.13 s]
35.0.Mpcustom4: clocks: 1, declared: 1, looping: 0, posedge: 1, negedge: 0, noedge: 0, bothedge: 0
35.0.B: Proofgrid shell started at 2326850@caddy12.stanford.edu(local) jg_2320910_caddy12.stanford.edu_36
35.0.Mpcustom4: Trace Attempt  1	[0.08 s]
35.0.Oh: Proofgrid shell started at 2326849@caddy12.stanford.edu(local) jg_2320910_caddy12.stanford.edu_36
35.0.B: clocks: 1, declared: 1, looping: 0, posedge: 1, negedge: 0, noedge: 0, bothedge: 0
35.0.B: Last scan. Per property time limit: 0s
35.0.B: Starting proof for property "CS_mult_fsm_s1_36"	[0.00 s].
35.0.Mpcustom4: Trace Attempt  2	[0.11 s]
35.0.Oh: clocks: 1, declared: 1, looping: 0, posedge: 1, negedge: 0, noedge: 0, bothedge: 0
35.0.B: Trace Attempt  1	[0.03 s]
35.0.B: Trace Attempt  2	[0.06 s]
35.0.B: Trace Attempt  3	[0.09 s]
35.0.B: Trace Attempt  4	[0.12 s]
35.0.AM: Proofgrid shell started at 2326854@caddy12.stanford.edu(local) jg_2320910_caddy12.stanford.edu_36
35.0.AM: clocks: 1, declared: 1, looping: 0, posedge: 1, negedge: 0, noedge: 0, bothedge: 0
35.0.AM: Last scan. Per property time limit: 0s
35.0.AM: Starting proof for property "CS_mult_fsm_s1_36"	[0.00 s].
35.0.B: Trace Attempt  5	[0.22 s]
35.0.AM: Trace Attempt  1	[0.04 s]
35.0.AM: Trace Attempt  2	[0.11 s]
35.0.Oh: bwd trail(1): 1 0.112827s
35.0.AM: Trace Attempt  3	[0.15 s]
35.0.Oh: All properties either determined or skipped. [0.37 s]
35.0.Oh: Exited with Success (@ 0.90 s)
35.0.Oh: Completed, Restart ignored.
35.0.AM: Trace Attempt  4	[0.19 s]
35.0.AM: Trace Attempt  5	[0.25 s]
35.0.Mpcustom4: Trace Attempt  3	[1.47 s]
35.0.Mpcustom4: Trace Attempt  3	[1.56 s]
35.0.Mpcustom4: Trace Attempt  4	[1.59 s]
35.0.Mpcustom4: Trace Attempt  4	[1.73 s]
35.0.Mpcustom4: Trace Attempt  5	[1.79 s]
35.0.Mpcustom4: Trace Attempt  5	[1.93 s]
35.0.N: Trace Attempt 26	[4.39 s]
35.0.AM: Trace Attempt 43	[4.47 s]
35.0.Mpcustom4: Trace Attempt 36	[6.36 s]
35.0.N: Trace Attempt 35	[8.52 s]
35.0.N: Requesting engine job to stop
35.0.B: Requesting engine job to stop
35.0.AM: Requesting engine job to stop
35.0.Hp: Requesting engine job to terminate
35.0.Ht: Requesting engine job to terminate
35.0.Mpcustom4: Requesting engine job to terminate
INFO (IPF144): 35: Initiating shutdown of proof [8.95 s]
35.0.AM: A trace with 43 cycles was found. [8.19 s]
INFO (IPF047): 35.0.AM: The cover property "CS_mult_fsm_s1_36" was covered in 43 cycles in 8.27 s.
35.0.AM: Stopped processing property "CS_mult_fsm_s1_36"	[8.28 s].
35.0.AM: All properties determined. [8.22 s]
35.0.AM: Exited with Success (@ 8.97 s)
35: ProofGrid usable level: 0
35.0.N: Trace Attempt 37	[8.70 s]
35.0.N: Stopped processing property "CS_mult_fsm_s1_36"	[8.97 s].
35.0.N: All properties determined. [8.92 s]
35.0.N: Exited with Success (@ 8.99 s)
35.0.Ht: Interrupted (multi)
35.0.Ht: Trace Attempt 43	[2.37 s]
35.0.Ht: All properties determined. [8.72 s]
35.0.Hp: Interrupted (multi)
35.0.Hp: All properties determined. [8.99 s]
35.0.B: Trace Attempt 43	[3.85 s]
35.0.B: Stopped processing property "CS_mult_fsm_s1_36"	[8.59 s].
35.0.B: All properties determined. [8.61 s]
35.0.B: Exited with Success (@ 9.13 s)
35.0.Mpcustom4: Trace Attempt 41	[7.98 s]
35.0.Mpcustom4: All properties determined. [8.85 s]
35.0.Mpcustom4: Exited with Success (@ 9.30 s)
35.0.Hp: Exited with Success (@ 9.45 s)
35.0.Ht: Exited with Success (@ 9.55 s)
35: --------------------------------------------------------------
ProofGrid Summary (utilization 95.37 %)
--------------------------------------------------------------
     engines started                               :     7
     engine jobs started                           :     7

    Average time in state (seconds)
    ------------------------------------------------------
    Engine  Pending     Running        Dead    Utilization
    ------------------------------------------------------
      N        0.12        8.90        0.00       98.70 %
     Hp        0.09        8.94        0.00       99.05 %
     Ht        0.33        8.67        0.00       96.38 %
    Mpcustom4        0.40        8.53        0.00       95.52 %
     Oh        0.50        0.38        0.00       43.34 %
      B        0.45        8.45        0.00       94.91 %
     AM        0.65        8.24        0.00       92.65 %
    all        0.36        7.45        0.00       95.37 %

    Total time in state (seconds)
    -----------------------------------------
            Pending     Running        Dead  
    -----------------------------------------
               2.53       52.12        0.00

    Data read    : 122.64 kiB
    Data written : 9.42 kiB

35: All pending notifications were processed.
INFO (IPF059): 35: Completed proof on task: "mytask"
cover -name CS_mult_fsm_s1_37 {@(posedge clk_i) !mult_fsm_s1 ##1 mult_fsm_s1 [*37] ##1 !mult_fsm_s1 }
INFO (IPF036): Starting proof on task: "mytask", 1 properties to prove with 0 already proven/unreachable
INFO (IPF031): Settings used for proof thread 36:
    orchestration                 = on (auto)
    time_limit                    = 600s
    per_property_time_limit       = 1s * 10 ^ scan
    engine_mode                   = auto
    proofgrid_per_engine_max_jobs = 1
    max engine jobs               = auto
    proofgrid_mode                = local
    proofgrid_restarts            = 10
36: Using multistage preprocessing
36: Starting reduce
36: Finished reduce in 0.046s
36.0.PRE: Performing Proof Simplification...
36.0.N: clocks: 1, declared: 1, looping: 0, posedge: 1, negedge: 0, noedge: 0, bothedge: 0
36.0.N: Proof Simplification Iteration 1	[0.00 s]
36.0.N: Proof Simplification Iteration 2	[0.04 s]
36.0.N: Proof Simplification Iteration 3	[0.06 s]
36.0.N: Proof Simplification Iteration 4	[0.08 s]
36.0.N: Proof Simplification Iteration 5	[0.10 s]
36.0.N: Proof Simplification Iteration 6	[0.12 s]
36.0.N: Proof Simplification Iteration 7	[0.14 s]
36.0.N: Proof Simplification Iteration 8	[0.16 s]
36.0.N: Proof Simplification Iteration 9	[0.18 s]
36.0.N: Proof Simplification Iteration 10	[0.20 s]
36.0.PRE: Proof Simplification completed in 0.24 s
36: About to start ProofGrid in its own thread with a limit of 10000 pending notifications and a limit of 10 traces.
36: =============================== ProofGrid start ===============================
36: ProofGrid usable level: 1
36: Initial ProofGrid level: 1
36: ProofGrid is starting event handling
36.0.Hp: caddy12.stanford.edu: "Rocky Linux 8.10 (Green Obsidian)" is an unsupported operating system.
36.0.Hp: Proofgrid shell started at 2326948@caddy12.stanford.edu(local) jg_2320910_caddy12.stanford.edu_37
36.0.Hp: clocks: 1, declared: 1, looping: 0, posedge: 1, negedge: 0, noedge: 0, bothedge: 0
36.0.N: caddy12.stanford.edu: "Rocky Linux 8.10 (Green Obsidian)" is an unsupported operating system.
36.0.Ht: caddy12.stanford.edu: "Rocky Linux 8.10 (Green Obsidian)" is an unsupported operating system.
36.0.Mpcustom4: caddy12.stanford.edu: "Rocky Linux 8.10 (Green Obsidian)" is an unsupported operating system.
36.0.Hp: Trace Attempt  1	[0.15 s]
36.0.Hp: Trace Attempt  2	[0.16 s]
36.0.Oh: caddy12.stanford.edu: "Rocky Linux 8.10 (Green Obsidian)" is an unsupported operating system.
36.0.B: caddy12.stanford.edu: "Rocky Linux 8.10 (Green Obsidian)" is an unsupported operating system.
36.0.Mpcustom4: Proofgrid shell started at 2326974@caddy12.stanford.edu(local) jg_2320910_caddy12.stanford.edu_37
36.0.Ht: Proofgrid shell started at 2326964@caddy12.stanford.edu(local) jg_2320910_caddy12.stanford.edu_37
36.0.N: Proofgrid shell started at 2326947@caddy12.stanford.edu(local) jg_2320910_caddy12.stanford.edu_37
36.0.Mpcustom4: clocks: 1, declared: 1, looping: 0, posedge: 1, negedge: 0, noedge: 0, bothedge: 0
36.0.Hp: Trace Attempt  3	[0.29 s]
36.0.N: clocks: 1, declared: 1, looping: 0, posedge: 1, negedge: 0, noedge: 0, bothedge: 0
36.0.Ht: clocks: 1, declared: 1, looping: 0, posedge: 1, negedge: 0, noedge: 0, bothedge: 0
36.0.Mpcustom4: Trace Attempt  1	[0.04 s]
36.0.N: Last scan. Per property time limit: 0s
36.0.N: Starting proof for property "CS_mult_fsm_s1_37"	[0.00 s].
36.0.Mpcustom4: Trace Attempt  2	[0.06 s]
36.0.N: Trace Attempt  1	[0.03 s]
36.0.AM: caddy12.stanford.edu: "Rocky Linux 8.10 (Green Obsidian)" is an unsupported operating system.
36.0.N: Trace Attempt  2	[0.03 s]
36.0.N: Trace Attempt  3	[0.03 s]
36.0.Ht: Trace Attempt  1	[0.08 s]
36.0.Ht: Trace Attempt  2	[0.08 s]
36.0.Ht: Trace Attempt  3	[0.10 s]
36.0.Ht: Trace Attempt  4	[0.12 s]
36.0.Ht: Trace Attempt  5	[0.14 s]
36.0.N: Trace Attempt  3	[0.14 s]
36.0.Oh: Proofgrid shell started at 2326976@caddy12.stanford.edu(local) jg_2320910_caddy12.stanford.edu_37
36.0.N: Trace Attempt  4	[0.19 s]
36.0.N: Trace Attempt  5	[0.19 s]
36.0.B: Proofgrid shell started at 2326978@caddy12.stanford.edu(local) jg_2320910_caddy12.stanford.edu_37
36.0.Oh: clocks: 1, declared: 1, looping: 0, posedge: 1, negedge: 0, noedge: 0, bothedge: 0
36.0.B: clocks: 1, declared: 1, looping: 0, posedge: 1, negedge: 0, noedge: 0, bothedge: 0
36.0.B: Last scan. Per property time limit: 0s
36.0.B: Starting proof for property "CS_mult_fsm_s1_37"	[0.00 s].
36.0.AM: Proofgrid shell started at 2326987@caddy12.stanford.edu(local) jg_2320910_caddy12.stanford.edu_37
36.0.B: Trace Attempt  1	[0.01 s]
36.0.B: Trace Attempt  2	[0.02 s]
36.0.B: Trace Attempt  3	[0.04 s]
36.0.AM: clocks: 1, declared: 1, looping: 0, posedge: 1, negedge: 0, noedge: 0, bothedge: 0
36.0.B: Trace Attempt  4	[0.06 s]
36.0.AM: Last scan. Per property time limit: 0s
36.0.AM: Starting proof for property "CS_mult_fsm_s1_37"	[0.00 s].
36.0.AM: Trace Attempt  1	[0.03 s]
36.0.B: Trace Attempt  5	[0.10 s]
36.0.N: Trace Attempt  5	[0.40 s]
36.0.AM: Trace Attempt  2	[0.07 s]
36.0.AM: Trace Attempt  3	[0.09 s]
36.0.AM: Trace Attempt  4	[0.11 s]
36.0.AM: Trace Attempt  5	[0.14 s]
36.0.Oh: bwd trail(1): 1 0.112982s
36.0.Oh: All properties either determined or skipped. [0.35 s]
36.0.Oh: Exited with Success (@ 0.90 s)
36.0.Oh: Completed, Restart ignored.
36.0.Mpcustom4: Trace Attempt  3	[1.07 s]
36.0.Mpcustom4: Trace Attempt  3	[1.13 s]
36.0.Mpcustom4: Trace Attempt  4	[1.20 s]
36.0.Mpcustom4: Trace Attempt  4	[1.29 s]
36.0.Mpcustom4: Trace Attempt  5	[1.36 s]
36.0.Mpcustom4: Trace Attempt  5	[1.49 s]
36.0.N: Trace Attempt 23	[4.66 s]
36.0.Mpcustom4: Trace Attempt 31	[5.55 s]
36.0.N: Requesting engine job to stop
36.0.B: Requesting engine job to stop
36.0.AM: Requesting engine job to stop
36.0.Hp: Requesting engine job to terminate
36.0.Ht: Requesting engine job to terminate
36.0.Mpcustom4: Requesting engine job to terminate
INFO (IPF144): 36: Initiating shutdown of proof [6.33 s]
36.0.Ht: Trace Attempt 44	[3.48 s]
36.0.Ht: A trace with 44 cycles was found. [5.99 s]
INFO (IPF047): 36.0.Ht: The cover property "CS_mult_fsm_s1_37" was covered in 44 cycles in 6.08 s.
36.0.Ht: All properties determined. [6.03 s]
36.0.N: Trace Attempt 29	[5.81 s]
36.0.N: Stopped processing property "CS_mult_fsm_s1_37"	[6.09 s].
36.0.N: All properties determined. [6.07 s]
36.0.B: Trace Attempt 44	[3.46 s]
36.0.B: Stopped processing property "CS_mult_fsm_s1_37"	[5.89 s].
36.0.N: Exited with Success (@ 6.51 s)
36: ProofGrid usable level: 0
36.0.Hp: Interrupted (multi)
36.0.Hp: All properties determined. [6.50 s]
36.0.B: All properties determined. [5.90 s]
36.0.B: Exited with Success (@ 6.51 s)
36.0.AM: Trace Attempt 44	[3.10 s]
36.0.AM: Stopped processing property "CS_mult_fsm_s1_37"	[5.86 s].
36.0.AM: All properties determined. [5.87 s]
36.0.AM: Exited with Success (@ 6.54 s)
36.0.Mpcustom4: Trace Attempt 36	[5.84 s]
36.0.Mpcustom4: All properties determined. [6.36 s]
36.0.Hp: Exited with Success (@ 6.71 s)
36.0.Ht: Exited with Success (@ 6.84 s)
36.0.Mpcustom4: Exited with Success (@ 6.84 s)
36: --------------------------------------------------------------
ProofGrid Summary (utilization 93.07 %)
--------------------------------------------------------------
     engines started                               :     7
     engine jobs started                           :     7

    Average time in state (seconds)
    ------------------------------------------------------
    Engine  Pending     Running        Dead    Utilization
    ------------------------------------------------------
      N        0.39        6.04        0.00       93.91 %
     Hp        0.09        6.32        0.00       98.58 %
     Ht        0.34        6.04        0.00       94.71 %
    Mpcustom4        0.27        6.05        0.00       95.67 %
     Oh        0.51        0.35        0.00       40.79 %
      B        0.53        5.75        0.00       91.56 %
     AM        0.56        5.70        0.00       90.99 %
    all        0.39        5.18        0.00       93.07 %

    Total time in state (seconds)
    -----------------------------------------
            Pending     Running        Dead  
    -----------------------------------------
               2.70       36.26        0.00

    Data read    : 116.19 kiB
    Data written : 8.30 kiB

36: All pending notifications were processed.
INFO (IPF059): 36: Completed proof on task: "mytask"
cover -name CS_mult_fsm_s1_38 {@(posedge clk_i) !mult_fsm_s1 ##1 mult_fsm_s1 [*38] ##1 !mult_fsm_s1 }
INFO (IPF036): Starting proof on task: "mytask", 1 properties to prove with 0 already proven/unreachable
INFO (IPF031): Settings used for proof thread 37:
    orchestration                 = on (auto)
    time_limit                    = 600s
    per_property_time_limit       = 1s * 10 ^ scan
    engine_mode                   = auto
    proofgrid_per_engine_max_jobs = 1
    max engine jobs               = auto
    proofgrid_mode                = local
    proofgrid_restarts            = 10
37: Using multistage preprocessing
37: Starting reduce
37: Finished reduce in 0.046s
37.0.PRE: Performing Proof Simplification...
37.0.N: clocks: 1, declared: 1, looping: 0, posedge: 1, negedge: 0, noedge: 0, bothedge: 0
37.0.N: Proof Simplification Iteration 1	[0.00 s]
37.0.N: Proof Simplification Iteration 2	[0.04 s]
37.0.N: Proof Simplification Iteration 3	[0.06 s]
37.0.N: Proof Simplification Iteration 4	[0.08 s]
37.0.N: Proof Simplification Iteration 5	[0.10 s]
37.0.N: Proof Simplification Iteration 6	[0.12 s]
37.0.N: Proof Simplification Iteration 7	[0.14 s]
37.0.N: Proof Simplification Iteration 8	[0.16 s]
37.0.N: Proof Simplification Iteration 9	[0.18 s]
37.0.N: Proof Simplification Iteration 10	[0.20 s]
37.0.PRE: Proof Simplification completed in 0.25 s
37: About to start ProofGrid in its own thread with a limit of 10000 pending notifications and a limit of 10 traces.
37: =============================== ProofGrid start ===============================
37: ProofGrid usable level: 1
37: Initial ProofGrid level: 1
37: ProofGrid is starting event handling
37.0.N: caddy12.stanford.edu: "Rocky Linux 8.10 (Green Obsidian)" is an unsupported operating system.
37.0.Hp: caddy12.stanford.edu: "Rocky Linux 8.10 (Green Obsidian)" is an unsupported operating system.
37.0.Hp: Proofgrid shell started at 2327174@caddy12.stanford.edu(local) jg_2320910_caddy12.stanford.edu_38
37.0.Hp: clocks: 1, declared: 1, looping: 0, posedge: 1, negedge: 0, noedge: 0, bothedge: 0
37.0.Ht: caddy12.stanford.edu: "Rocky Linux 8.10 (Green Obsidian)" is an unsupported operating system.
37.0.Hp: Trace Attempt  1	[0.15 s]
37.0.N: Proofgrid shell started at 2327173@caddy12.stanford.edu(local) jg_2320910_caddy12.stanford.edu_38
37.0.Hp: Trace Attempt  2	[0.15 s]
37.0.N: clocks: 1, declared: 1, looping: 0, posedge: 1, negedge: 0, noedge: 0, bothedge: 0
37.0.N: Last scan. Per property time limit: 0s
37.0.N: Starting proof for property "CS_mult_fsm_s1_38"	[0.00 s].
37.0.N: Trace Attempt  1	[0.01 s]
37.0.N: Trace Attempt  2	[0.04 s]
37.0.N: Trace Attempt  3	[0.04 s]
37.0.Hp: Trace Attempt  3	[0.24 s]
37.0.Mpcustom4: caddy12.stanford.edu: "Rocky Linux 8.10 (Green Obsidian)" is an unsupported operating system.
37.0.Oh: caddy12.stanford.edu: "Rocky Linux 8.10 (Green Obsidian)" is an unsupported operating system.
37.0.N: Trace Attempt  3	[0.14 s]
37.0.B: caddy12.stanford.edu: "Rocky Linux 8.10 (Green Obsidian)" is an unsupported operating system.
37.0.AM: caddy12.stanford.edu: "Rocky Linux 8.10 (Green Obsidian)" is an unsupported operating system.
37.0.N: Trace Attempt  4	[0.16 s]
37.0.N: Trace Attempt  5	[0.16 s]
37.0.Ht: Proofgrid shell started at 2327191@caddy12.stanford.edu(local) jg_2320910_caddy12.stanford.edu_38
37.0.Ht: clocks: 1, declared: 1, looping: 0, posedge: 1, negedge: 0, noedge: 0, bothedge: 0
37.0.N: Trace Attempt  5	[0.26 s]
37.0.Ht: Trace Attempt  1	[0.07 s]
37.0.Ht: Trace Attempt  2	[0.07 s]
37.0.Ht: Trace Attempt  3	[0.08 s]
37.0.B: Proofgrid shell started at 2327212@caddy12.stanford.edu(local) jg_2320910_caddy12.stanford.edu_38
37.0.B: clocks: 1, declared: 1, looping: 0, posedge: 1, negedge: 0, noedge: 0, bothedge: 0
37.0.B: Last scan. Per property time limit: 0s
37.0.B: Starting proof for property "CS_mult_fsm_s1_38"	[0.00 s].
37.0.Ht: Trace Attempt  4	[0.12 s]
37.0.Mpcustom4: Proofgrid shell started at 2327207@caddy12.stanford.edu(local) jg_2320910_caddy12.stanford.edu_38
37.0.B: Trace Attempt  1	[0.01 s]
37.0.Ht: Trace Attempt  5	[0.12 s]
37.0.B: Trace Attempt  2	[0.04 s]
37.0.Mpcustom4: clocks: 1, declared: 1, looping: 0, posedge: 1, negedge: 0, noedge: 0, bothedge: 0
37.0.B: Trace Attempt  3	[0.05 s]
37.0.B: Trace Attempt  4	[0.06 s]
37.0.AM: Proofgrid shell started at 2327219@caddy12.stanford.edu(local) jg_2320910_caddy12.stanford.edu_38
37.0.Oh: Proofgrid shell started at 2327209@caddy12.stanford.edu(local) jg_2320910_caddy12.stanford.edu_38
37.0.Mpcustom4: Trace Attempt  1	[0.07 s]
37.0.B: Trace Attempt  5	[0.10 s]
37.0.AM: clocks: 1, declared: 1, looping: 0, posedge: 1, negedge: 0, noedge: 0, bothedge: 0
37.0.Oh: clocks: 1, declared: 1, looping: 0, posedge: 1, negedge: 0, noedge: 0, bothedge: 0
37.0.AM: Last scan. Per property time limit: 0s
37.0.AM: Starting proof for property "CS_mult_fsm_s1_38"	[0.00 s].
37.0.AM: Trace Attempt  1	[0.03 s]
37.0.Mpcustom4: Trace Attempt  2	[0.16 s]
37.0.AM: Trace Attempt  2	[0.08 s]
37.0.AM: Trace Attempt  3	[0.10 s]
37.0.AM: Trace Attempt  4	[0.14 s]
37.0.AM: Trace Attempt  5	[0.22 s]
37.0.Oh: bwd trail(1): 1 0.112523s
37.0.Oh: All properties either determined or skipped. [0.36 s]
37.0.Oh: Exited with Success (@ 1.02 s)
37.0.Oh: Completed, Restart ignored.
37.0.Mpcustom4: Trace Attempt  3	[1.85 s]
37.0.Mpcustom4: Trace Attempt  3	[1.91 s]
37.0.Mpcustom4: Trace Attempt  4	[1.97 s]
37.0.Mpcustom4: Trace Attempt  4	[2.05 s]
37.0.Mpcustom4: Trace Attempt  5	[2.17 s]
37.0.Mpcustom4: Trace Attempt  5	[2.38 s]
37.0.N: Trace Attempt 27	[4.38 s]
37.0.B: Trace Attempt 44	[4.10 s]
37.0.AM: Trace Attempt 36	[4.26 s]
37.0.Mpcustom4: Trace Attempt 29	[6.75 s]
37.0.N: Trace Attempt 37	[8.55 s]
37.0.N: Requesting engine job to stop
37.0.B: Requesting engine job to stop
37.0.AM: Requesting engine job to stop
37.0.Hp: Requesting engine job to terminate
37.0.Ht: Requesting engine job to terminate
37.0.Mpcustom4: Requesting engine job to terminate
INFO (IPF144): 37: Initiating shutdown of proof [9.70 s]
37.0.AM: Trace Attempt 45	[5.77 s]
37.0.AM: A trace with 45 cycles was found. [9.01 s]
INFO (IPF047): 37.0.AM: The cover property "CS_mult_fsm_s1_38" was covered in 45 cycles in 9.06 s.
37.0.AM: Stopped processing property "CS_mult_fsm_s1_38"	[9.09 s].
37.0.AM: All properties determined. [9.04 s]
37.0.AM: Exited with Success (@ 9.71 s)
37: ProofGrid usable level: 0
37.0.Ht: Interrupted (multi)
37.0.Ht: Trace Attempt 45	[2.77 s]
37.0.Ht: All properties determined. [9.31 s]
37.0.N: Trace Attempt 39	[8.80 s]
37.0.N: Stopped processing property "CS_mult_fsm_s1_38"	[9.59 s].
37.0.N: All properties determined. [9.59 s]
37.0.N: Exited with Success (@ 9.80 s)
37.0.Mpcustom4: Trace Attempt 39	[8.96 s]
37.0.Mpcustom4: All properties determined. [9.39 s]
37.0.B: Trace Attempt 45	[4.21 s]
37.0.B: Stopped processing property "CS_mult_fsm_s1_38"	[9.42 s].
37.0.B: All properties determined. [9.43 s]
37.0.B: Exited with Success (@ 9.99 s)
37.0.Mpcustom4: Exited with Success (@ 10.00 s)
37.0.Ht: Exited with Success (@ 10.32 s)
37.0.Hp: Interrupted (multi)
37.0.Hp: All properties determined. [10.41 s]
37.0.Hp: Exited with Success (@ 10.60 s)
37: --------------------------------------------------------------
ProofGrid Summary (utilization 94.86 %)
--------------------------------------------------------------
     engines started                               :     7
     engine jobs started                           :     7

    Average time in state (seconds)
    ------------------------------------------------------
    Engine  Pending     Running        Dead    Utilization
    ------------------------------------------------------
      N        0.28        9.53        0.00       97.11 %
     Hp        0.11        9.70        0.00       98.91 %
     Ht        0.49        9.26        0.00       94.98 %
    Mpcustom4        0.56        9.12        0.00       94.19 %
     Oh        0.61        0.36        0.00       37.12 %
      B        0.47        9.18        0.00       95.15 %
     AM        0.52        9.06        0.00       94.54 %
    all        0.44        8.03        0.00       94.86 %

    Total time in state (seconds)
    -----------------------------------------
            Pending     Running        Dead  
    -----------------------------------------
               3.05       56.20        0.00

    Data read    : 125.72 kiB
    Data written : 9.49 kiB

37: All pending notifications were processed.
INFO (IPF059): 37: Completed proof on task: "mytask"
cover -name CS_mult_fsm_s1_39 {@(posedge clk_i) !mult_fsm_s1 ##1 mult_fsm_s1 [*39] ##1 !mult_fsm_s1 }
INFO (IPF036): Starting proof on task: "mytask", 1 properties to prove with 0 already proven/unreachable
INFO (IPF031): Settings used for proof thread 38:
    orchestration                 = on (auto)
    time_limit                    = 600s
    per_property_time_limit       = 1s * 10 ^ scan
    engine_mode                   = auto
    proofgrid_per_engine_max_jobs = 1
    max engine jobs               = auto
    proofgrid_mode                = local
    proofgrid_restarts            = 10
38: Using multistage preprocessing
38: Starting reduce
38: Finished reduce in 0.047s
38.0.PRE: Performing Proof Simplification...
38.0.N: clocks: 1, declared: 1, looping: 0, posedge: 1, negedge: 0, noedge: 0, bothedge: 0
38.0.N: Proof Simplification Iteration 1	[0.00 s]
38.0.N: Proof Simplification Iteration 2	[0.04 s]
38.0.N: Proof Simplification Iteration 3	[0.06 s]
38.0.N: Proof Simplification Iteration 4	[0.08 s]
38.0.N: Proof Simplification Iteration 5	[0.10 s]
38.0.N: Proof Simplification Iteration 6	[0.12 s]
38.0.N: Proof Simplification Iteration 7	[0.14 s]
38.0.N: Proof Simplification Iteration 8	[0.16 s]
38.0.N: Proof Simplification Iteration 9	[0.18 s]
38.0.N: Proof Simplification Iteration 10	[0.20 s]
38.0.PRE: Proof Simplification completed in 0.25 s
38: About to start ProofGrid in its own thread with a limit of 10000 pending notifications and a limit of 10 traces.
38: =============================== ProofGrid start ===============================
38: ProofGrid usable level: 1
38: Initial ProofGrid level: 1
38: ProofGrid is starting event handling
38.0.Hp: caddy12.stanford.edu: "Rocky Linux 8.10 (Green Obsidian)" is an unsupported operating system.
38.0.Hp: Proofgrid shell started at 2327289@caddy12.stanford.edu(local) jg_2320910_caddy12.stanford.edu_39
38.0.N: caddy12.stanford.edu: "Rocky Linux 8.10 (Green Obsidian)" is an unsupported operating system.
38.0.Hp: clocks: 1, declared: 1, looping: 0, posedge: 1, negedge: 0, noedge: 0, bothedge: 0
38.0.Hp: Trace Attempt  1	[0.15 s]
38.0.Hp: Trace Attempt  2	[0.15 s]
38.0.Ht: caddy12.stanford.edu: "Rocky Linux 8.10 (Green Obsidian)" is an unsupported operating system.
38.0.Hp: Trace Attempt  3	[0.24 s]
38.0.Mpcustom4: caddy12.stanford.edu: "Rocky Linux 8.10 (Green Obsidian)" is an unsupported operating system.
38.0.N: Proofgrid shell started at 2327288@caddy12.stanford.edu(local) jg_2320910_caddy12.stanford.edu_39
38.0.N: clocks: 1, declared: 1, looping: 0, posedge: 1, negedge: 0, noedge: 0, bothedge: 0
38.0.Oh: caddy12.stanford.edu: "Rocky Linux 8.10 (Green Obsidian)" is an unsupported operating system.
38.0.N: Last scan. Per property time limit: 0s
38.0.N: Starting proof for property "CS_mult_fsm_s1_39"	[0.00 s].
38.0.B: caddy12.stanford.edu: "Rocky Linux 8.10 (Green Obsidian)" is an unsupported operating system.
38.0.N: Trace Attempt  1	[0.03 s]
38.0.Hp: Trace Attempt  4	[0.34 s]
38.0.N: Trace Attempt  2	[0.04 s]
38.0.N: Trace Attempt  3	[0.04 s]
38.0.AM: caddy12.stanford.edu: "Rocky Linux 8.10 (Green Obsidian)" is an unsupported operating system.
38.0.Ht: Proofgrid shell started at 2327307@caddy12.stanford.edu(local) jg_2320910_caddy12.stanford.edu_39
38.0.N: Trace Attempt  3	[0.16 s]
38.0.Ht: clocks: 1, declared: 1, looping: 0, posedge: 1, negedge: 0, noedge: 0, bothedge: 0
38.0.N: Trace Attempt  4	[0.18 s]
38.0.N: Trace Attempt  5	[0.18 s]
38.0.Hp: Trace Attempt  5	[0.49 s]
38.0.Ht: Trace Attempt  1	[0.07 s]
38.0.Ht: Trace Attempt  2	[0.08 s]
38.0.Mpcustom4: Proofgrid shell started at 2327315@caddy12.stanford.edu(local) jg_2320910_caddy12.stanford.edu_39
38.0.Ht: Trace Attempt  3	[0.10 s]
38.0.Ht: Trace Attempt  4	[0.10 s]
38.0.Oh: Proofgrid shell started at 2327320@caddy12.stanford.edu(local) jg_2320910_caddy12.stanford.edu_39
38.0.Ht: Trace Attempt  5	[0.12 s]
38.0.B: Proofgrid shell started at 2327323@caddy12.stanford.edu(local) jg_2320910_caddy12.stanford.edu_39
38.0.N: Trace Attempt  5	[0.27 s]
38.0.Mpcustom4: clocks: 1, declared: 1, looping: 0, posedge: 1, negedge: 0, noedge: 0, bothedge: 0
38.0.Oh: clocks: 1, declared: 1, looping: 0, posedge: 1, negedge: 0, noedge: 0, bothedge: 0
38.0.B: clocks: 1, declared: 1, looping: 0, posedge: 1, negedge: 0, noedge: 0, bothedge: 0
38.0.Mpcustom4: Trace Attempt  1	[0.06 s]
38.0.B: Last scan. Per property time limit: 0s
38.0.B: Starting proof for property "CS_mult_fsm_s1_39"	[0.00 s].
38.0.B: Trace Attempt  1	[0.01 s]
38.0.AM: Proofgrid shell started at 2327328@caddy12.stanford.edu(local) jg_2320910_caddy12.stanford.edu_39
38.0.Mpcustom4: Trace Attempt  2	[0.08 s]
38.0.AM: clocks: 1, declared: 1, looping: 0, posedge: 1, negedge: 0, noedge: 0, bothedge: 0
38.0.B: Trace Attempt  2	[0.04 s]
38.0.AM: Last scan. Per property time limit: 0s
38.0.AM: Starting proof for property "CS_mult_fsm_s1_39"	[0.00 s].
38.0.B: Trace Attempt  3	[0.06 s]
38.0.B: Trace Attempt  4	[0.09 s]
38.0.AM: Trace Attempt  1	[0.04 s]
38.0.AM: Trace Attempt  2	[0.07 s]
38.0.AM: Trace Attempt  3	[0.11 s]
38.0.AM: Trace Attempt  4	[0.14 s]
38.0.B: Trace Attempt  5	[0.20 s]
38.0.AM: Trace Attempt  5	[0.21 s]
38.0.Oh: bwd trail(1): 1 0.110205s
38.0.Oh: All properties either determined or skipped. [0.39 s]
38.0.Oh: Exited with Success (@ 0.97 s)
38.0.Oh: Completed, Restart ignored.
38.0.Mpcustom4: Trace Attempt  3	[0.83 s]
38.0.Mpcustom4: Trace Attempt  3	[0.86 s]
38.0.Mpcustom4: Trace Attempt  4	[0.89 s]
38.0.Mpcustom4: Trace Attempt  4	[0.94 s]
38.0.Mpcustom4: Trace Attempt  5	[0.97 s]
38.0.Mpcustom4: Trace Attempt  5	[1.04 s]
38.0.N: Trace Attempt 21	[4.49 s]
38.0.B: Trace Attempt 32	[4.35 s]
38.0.Mpcustom4: Trace Attempt 38	[5.06 s]
38.0.N: Requesting engine job to stop
38.0.B: Requesting engine job to stop
38.0.AM: Requesting engine job to stop
38.0.Hp: Requesting engine job to terminate
38.0.Ht: Requesting engine job to terminate
38.0.Mpcustom4: Requesting engine job to terminate
INFO (IPF144): 38: Initiating shutdown of proof [8.48 s]
38.0.AM: Trace Attempt 46	[3.50 s]
38.0.AM: A trace with 46 cycles was found. [7.73 s]
INFO (IPF047): 38.0.AM: The cover property "CS_mult_fsm_s1_39" was covered in 46 cycles in 7.88 s.
38.0.AM: Stopped processing property "CS_mult_fsm_s1_39"	[7.90 s].
38.0.Ht: Interrupted (multi)
38.0.Ht: Trace Attempt 46	[3.94 s]
38.0.Ht: All properties determined. [8.04 s]
38.0.AM: All properties determined. [7.80 s]
38.0.Hp: Interrupted (multi)
38.0.Hp: All properties determined. [8.50 s]
38.0.AM: Exited with Success (@ 8.52 s)
38: ProofGrid usable level: 0
38.0.N: Trace Attempt 29	[7.54 s]
38.0.N: Stopped processing property "CS_mult_fsm_s1_39"	[8.30 s].
38.0.N: All properties determined. [8.31 s]
38.0.B: Trace Attempt 46	[6.65 s]
38.0.B: Stopped processing property "CS_mult_fsm_s1_39"	[8.18 s].
38.0.N: Exited with Success (@ 8.82 s)
38.0.B: All properties determined. [8.20 s]
38.0.B: Exited with Success (@ 8.83 s)
38.0.Hp: Exited with Success (@ 8.87 s)
38.0.Mpcustom4: Trace Attempt 44	[7.46 s]
38.0.Mpcustom4: All properties determined. [8.49 s]
38.0.Ht: Exited with Success (@ 9.20 s)
38.0.Mpcustom4: Exited with Success (@ 9.20 s)
38: --------------------------------------------------------------
ProofGrid Summary (utilization 93.93 %)
--------------------------------------------------------------
     engines started                               :     7
     engine jobs started                           :     7

    Average time in state (seconds)
    ------------------------------------------------------
    Engine  Pending     Running        Dead    Utilization
    ------------------------------------------------------
      N        0.38        8.19        0.00       95.54 %
     Hp        0.09        8.47        0.00       98.98 %
     Ht        0.50        8.03        0.00       94.16 %
    Mpcustom4        0.54        7.91        0.00       93.66 %
     Oh        0.55        0.40        0.00       42.12 %
      B        0.53        7.89        0.00       93.67 %
     AM        0.56        7.83        0.00       93.29 %
    all        0.45        6.96        0.00       93.93 %

    Total time in state (seconds)
    -----------------------------------------
            Pending     Running        Dead  
    -----------------------------------------
               3.15       48.72        0.00

    Data read    : 128.42 kiB
    Data written : 9.77 kiB

38: All pending notifications were processed.
INFO (IPF059): 38: Completed proof on task: "mytask"
cover -name CS_mult_fsm_s1_40 {@(posedge clk_i) !mult_fsm_s1 ##1 mult_fsm_s1 [*40] ##1 !mult_fsm_s1 }
INFO (IPF036): Starting proof on task: "mytask", 1 properties to prove with 0 already proven/unreachable
INFO (IPF031): Settings used for proof thread 39:
    orchestration                 = on (auto)
    time_limit                    = 600s
    per_property_time_limit       = 1s * 10 ^ scan
    engine_mode                   = auto
    proofgrid_per_engine_max_jobs = 1
    max engine jobs               = auto
    proofgrid_mode                = local
    proofgrid_restarts            = 10
39: Using multistage preprocessing
39: Starting reduce
39: Finished reduce in 0.047s
39.0.PRE: Performing Proof Simplification...
39.0.N: clocks: 1, declared: 1, looping: 0, posedge: 1, negedge: 0, noedge: 0, bothedge: 0
39.0.N: Proof Simplification Iteration 1	[0.00 s]
39.0.N: Proof Simplification Iteration 2	[0.04 s]
39.0.N: Proof Simplification Iteration 3	[0.06 s]
39.0.N: Proof Simplification Iteration 4	[0.08 s]
39.0.N: Proof Simplification Iteration 5	[0.10 s]
39.0.N: Proof Simplification Iteration 6	[0.12 s]
39.0.N: Proof Simplification Iteration 7	[0.14 s]
39.0.N: Proof Simplification Iteration 8	[0.16 s]
39.0.N: Proof Simplification Iteration 9	[0.18 s]
39.0.N: Proof Simplification Iteration 10	[0.20 s]
39.0.PRE: Proof Simplification completed in 0.25 s
39: About to start ProofGrid in its own thread with a limit of 10000 pending notifications and a limit of 10 traces.
39: =============================== ProofGrid start ===============================
39: ProofGrid usable level: 1
39: Initial ProofGrid level: 1
39: ProofGrid is starting event handling
39.0.N: caddy12.stanford.edu: "Rocky Linux 8.10 (Green Obsidian)" is an unsupported operating system.
39.0.Hp: caddy12.stanford.edu: "Rocky Linux 8.10 (Green Obsidian)" is an unsupported operating system.
39.0.Ht: caddy12.stanford.edu: "Rocky Linux 8.10 (Green Obsidian)" is an unsupported operating system.
39.0.Mpcustom4: caddy12.stanford.edu: "Rocky Linux 8.10 (Green Obsidian)" is an unsupported operating system.
39.0.N: Proofgrid shell started at 2327403@caddy12.stanford.edu(local) jg_2320910_caddy12.stanford.edu_40
39.0.Ht: Proofgrid shell started at 2327426@caddy12.stanford.edu(local) jg_2320910_caddy12.stanford.edu_40
39.0.N: clocks: 1, declared: 1, looping: 0, posedge: 1, negedge: 0, noedge: 0, bothedge: 0
39.0.N: Last scan. Per property time limit: 0s
39.0.N: Starting proof for property "CS_mult_fsm_s1_40"	[0.00 s].
39.0.N: Trace Attempt  1	[0.01 s]
39.0.Ht: clocks: 1, declared: 1, looping: 0, posedge: 1, negedge: 0, noedge: 0, bothedge: 0
39.0.N: Trace Attempt  2	[0.02 s]
39.0.N: Trace Attempt  3	[0.02 s]
39.0.Hp: Proofgrid shell started at 2327404@caddy12.stanford.edu(local) jg_2320910_caddy12.stanford.edu_40
39.0.Mpcustom4: Proofgrid shell started at 2327429@caddy12.stanford.edu(local) jg_2320910_caddy12.stanford.edu_40
39.0.Hp: clocks: 1, declared: 1, looping: 0, posedge: 1, negedge: 0, noedge: 0, bothedge: 0
39.0.Ht: Trace Attempt  1	[0.04 s]
39.0.Ht: Trace Attempt  2	[0.04 s]
39.0.Mpcustom4: clocks: 1, declared: 1, looping: 0, posedge: 1, negedge: 0, noedge: 0, bothedge: 0
39.0.Ht: Trace Attempt  3	[0.05 s]
39.0.N: Trace Attempt  3	[0.06 s]
39.0.Ht: Trace Attempt  4	[0.06 s]
39.0.Ht: Trace Attempt  5	[0.07 s]
39.0.N: Trace Attempt  4	[0.08 s]
39.0.N: Trace Attempt  5	[0.08 s]
39.0.Mpcustom4: Trace Attempt  1	[0.04 s]
39.0.Mpcustom4: Trace Attempt  2	[0.06 s]
39.0.N: Trace Attempt  5	[0.16 s]
39.0.Oh: caddy12.stanford.edu: "Rocky Linux 8.10 (Green Obsidian)" is an unsupported operating system.
39.0.AM: caddy12.stanford.edu: "Rocky Linux 8.10 (Green Obsidian)" is an unsupported operating system.
39.0.B: caddy12.stanford.edu: "Rocky Linux 8.10 (Green Obsidian)" is an unsupported operating system.
39.0.B: Proofgrid shell started at 2327461@caddy12.stanford.edu(local) jg_2320910_caddy12.stanford.edu_40
39.0.Oh: Proofgrid shell started at 2327454@caddy12.stanford.edu(local) jg_2320910_caddy12.stanford.edu_40
39.0.B: clocks: 1, declared: 1, looping: 0, posedge: 1, negedge: 0, noedge: 0, bothedge: 0
39.0.Oh: clocks: 1, declared: 1, looping: 0, posedge: 1, negedge: 0, noedge: 0, bothedge: 0
39.0.B: Last scan. Per property time limit: 0s
39.0.B: Starting proof for property "CS_mult_fsm_s1_40"	[0.00 s].
39.0.B: Trace Attempt  1	[0.01 s]
39.0.AM: Proofgrid shell started at 2327465@caddy12.stanford.edu(local) jg_2320910_caddy12.stanford.edu_40
39.0.B: Trace Attempt  2	[0.02 s]
39.0.B: Trace Attempt  3	[0.03 s]
39.0.B: Trace Attempt  4	[0.04 s]
39.0.AM: clocks: 1, declared: 1, looping: 0, posedge: 1, negedge: 0, noedge: 0, bothedge: 0
39.0.B: Trace Attempt  5	[0.09 s]
39.0.AM: Last scan. Per property time limit: 0s
39.0.AM: Starting proof for property "CS_mult_fsm_s1_40"	[0.00 s].
39.0.AM: Trace Attempt  1	[0.03 s]
39.0.Oh: bwd trail(1): 1 0.111142s
39.0.Oh: All properties either determined or skipped. [0.15 s]
39.0.Oh: Exited with Success (@ 0.50 s)
39.0.Oh: Completed, Restart ignored.
39.0.AM: Trace Attempt  2	[0.06 s]
39.0.AM: Trace Attempt  3	[0.08 s]
39.0.AM: Trace Attempt  4	[0.10 s]
39.0.AM: Trace Attempt  5	[0.13 s]
39.0.Mpcustom4: Trace Attempt  3	[0.82 s]
39.0.Mpcustom4: Trace Attempt  3	[0.85 s]
39.0.Mpcustom4: Trace Attempt  4	[0.88 s]
39.0.Mpcustom4: Trace Attempt  4	[0.93 s]
39.0.Mpcustom4: Trace Attempt  5	[0.96 s]
39.0.Mpcustom4: Trace Attempt  5	[1.03 s]
39.0.N: Trace Attempt 29	[4.49 s]
39.0.Mpcustom4: Trace Attempt 36	[5.28 s]
39.0.N: Requesting engine job to stop
39.0.B: Requesting engine job to stop
39.0.AM: Requesting engine job to stop
39.0.Hp: Requesting engine job to terminate
39.0.Ht: Requesting engine job to terminate
39.0.Mpcustom4: Requesting engine job to terminate
INFO (IPF144): 39: Initiating shutdown of proof [8.75 s]
39.0.Ht: Trace Attempt 47	[2.16 s]
39.0.Ht: A trace with 47 cycles was found. [8.66 s]
INFO (IPF047): 39.0.Ht: The cover property "CS_mult_fsm_s1_40" was covered in 47 cycles in 8.77 s.
39.0.Ht: All properties determined. [8.71 s]
39.0.N: Trace Attempt 39	[8.20 s]
39.0.N: Stopped processing property "CS_mult_fsm_s1_40"	[8.87 s].
39.0.N: All properties determined. [8.88 s]
39.0.N: Exited with Success (@ 8.91 s)
39: ProofGrid usable level: 0
39.0.B: Trace Attempt 47	[3.43 s]
39.0.B: Stopped processing property "CS_mult_fsm_s1_40"	[8.58 s].
39.0.B: All properties determined. [8.59 s]
39.0.B: Exited with Success (@ 8.96 s)
39.0.Mpcustom4: Trace Attempt 42	[8.68 s]
39.0.Mpcustom4: All properties determined. [8.99 s]
39.0.AM: Trace Attempt 47	[4.03 s]
39.0.AM: Stopped processing property "CS_mult_fsm_s1_40"	[8.65 s].
39.0.Mpcustom4: Exited with Success (@ 9.09 s)
39.0.AM: All properties determined. [8.65 s]
39.0.AM: Exited with Success (@ 9.11 s)
39.0.Ht: Exited with Success (@ 9.34 s)
39.0.Hp: Interrupted (multi)
39.0.Hp: All properties determined. [9.99 s]
39.0.Hp: Exited with Success (@ 10.32 s)
39: --------------------------------------------------------------
ProofGrid Summary (utilization 97.03 %)
--------------------------------------------------------------
     engines started                               :     7
     engine jobs started                           :     7

    Average time in state (seconds)
    ------------------------------------------------------
    Engine  Pending     Running        Dead    Utilization
    ------------------------------------------------------
      N        0.12        8.75        0.00       98.59 %
     Hp        0.15        8.70        0.00       98.35 %
     Ht        0.09        8.72        0.00       98.98 %
    Mpcustom4        0.13        8.68        0.00       98.51 %
     Oh        0.38        0.15        0.00       29.02 %
      B        0.33        8.42        0.00       96.19 %
     AM        0.38        8.33        0.00       95.63 %
    all        0.23        7.39        0.00       97.03 %

    Total time in state (seconds)
    -----------------------------------------
            Pending     Running        Dead  
    -----------------------------------------
               1.58       51.75        0.00

    Data read    : 235.00 kiB
    Data written : 9.36 kiB

39: All pending notifications were processed.
INFO (IPF059): 39: Completed proof on task: "mytask"
cover -name CS_mult_fsm_s1_41 {@(posedge clk_i) !mult_fsm_s1 ##1 mult_fsm_s1 [*41] ##1 !mult_fsm_s1 }
INFO (IPF036): Starting proof on task: "mytask", 1 properties to prove with 0 already proven/unreachable
INFO (IPF031): Settings used for proof thread 40:
    orchestration                 = on (auto)
    time_limit                    = 600s
    per_property_time_limit       = 1s * 10 ^ scan
    engine_mode                   = auto
    proofgrid_per_engine_max_jobs = 1
    max engine jobs               = auto
    proofgrid_mode                = local
    proofgrid_restarts            = 10
40: Using multistage preprocessing
40: Starting reduce
40: Finished reduce in 0.046s
40.0.PRE: Performing Proof Simplification...
40.0.N: clocks: 1, declared: 1, looping: 0, posedge: 1, negedge: 0, noedge: 0, bothedge: 0
40.0.N: Proof Simplification Iteration 1	[0.00 s]
40.0.N: Proof Simplification Iteration 2	[0.04 s]
40.0.N: Proof Simplification Iteration 3	[0.06 s]
40.0.N: Proof Simplification Iteration 4	[0.08 s]
40.0.N: Proof Simplification Iteration 5	[0.10 s]
40.0.N: Proof Simplification Iteration 6	[0.12 s]
40.0.N: Proof Simplification Iteration 7	[0.14 s]
40.0.N: Proof Simplification Iteration 8	[0.16 s]
40.0.N: Proof Simplification Iteration 9	[0.18 s]
40.0.N: Proof Simplification Iteration 10	[0.20 s]
40.0.PRE: Proof Simplification completed in 0.25 s
40: About to start ProofGrid in its own thread with a limit of 10000 pending notifications and a limit of 10 traces.
40: =============================== ProofGrid start ===============================
40: ProofGrid usable level: 1
40: Initial ProofGrid level: 1
40: ProofGrid is starting event handling
40.0.N: caddy12.stanford.edu: "Rocky Linux 8.10 (Green Obsidian)" is an unsupported operating system.
40.0.Hp: caddy12.stanford.edu: "Rocky Linux 8.10 (Green Obsidian)" is an unsupported operating system.
40.0.N: Proofgrid shell started at 2327631@caddy12.stanford.edu(local) jg_2320910_caddy12.stanford.edu_41
40.0.N: clocks: 1, declared: 1, looping: 0, posedge: 1, negedge: 0, noedge: 0, bothedge: 0
40.0.Hp: Proofgrid shell started at 2327632@caddy12.stanford.edu(local) jg_2320910_caddy12.stanford.edu_41
40.0.N: Last scan. Per property time limit: 0s
40.0.N: Starting proof for property "CS_mult_fsm_s1_41"	[0.00 s].
40.0.N: Trace Attempt  1	[0.01 s]
40.0.N: Trace Attempt  2	[0.02 s]
40.0.N: Trace Attempt  3	[0.02 s]
40.0.Hp: clocks: 1, declared: 1, looping: 0, posedge: 1, negedge: 0, noedge: 0, bothedge: 0
40.0.N: Trace Attempt  3	[0.06 s]
40.0.Ht: caddy12.stanford.edu: "Rocky Linux 8.10 (Green Obsidian)" is an unsupported operating system.
40.0.N: Trace Attempt  4	[0.08 s]
40.0.N: Trace Attempt  5	[0.08 s]
40.0.Mpcustom4: caddy12.stanford.edu: "Rocky Linux 8.10 (Green Obsidian)" is an unsupported operating system.
40.0.N: Trace Attempt  5	[0.16 s]
40.0.Oh: caddy12.stanford.edu: "Rocky Linux 8.10 (Green Obsidian)" is an unsupported operating system.
40.0.B: caddy12.stanford.edu: "Rocky Linux 8.10 (Green Obsidian)" is an unsupported operating system.
40.0.AM: caddy12.stanford.edu: "Rocky Linux 8.10 (Green Obsidian)" is an unsupported operating system.
40.0.Ht: Proofgrid shell started at 2327654@caddy12.stanford.edu(local) jg_2320910_caddy12.stanford.edu_41
40.0.Ht: clocks: 1, declared: 1, looping: 0, posedge: 1, negedge: 0, noedge: 0, bothedge: 0
40.0.Ht: Trace Attempt  1	[0.05 s]
40.0.Ht: Trace Attempt  2	[0.05 s]
40.0.Mpcustom4: Proofgrid shell started at 2327662@caddy12.stanford.edu(local) jg_2320910_caddy12.stanford.edu_41
40.0.Ht: Trace Attempt  3	[0.06 s]
40.0.Ht: Trace Attempt  4	[0.07 s]
40.0.Ht: Trace Attempt  5	[0.08 s]
40.0.Mpcustom4: clocks: 1, declared: 1, looping: 0, posedge: 1, negedge: 0, noedge: 0, bothedge: 0
40.0.Oh: Proofgrid shell started at 2327667@caddy12.stanford.edu(local) jg_2320910_caddy12.stanford.edu_41
40.0.Mpcustom4: Trace Attempt  1	[0.07 s]
40.0.Oh: clocks: 1, declared: 1, looping: 0, posedge: 1, negedge: 0, noedge: 0, bothedge: 0
40.0.Mpcustom4: Trace Attempt  2	[0.09 s]
40.0.B: Proofgrid shell started at 2327671@caddy12.stanford.edu(local) jg_2320910_caddy12.stanford.edu_41
40.0.AM: Proofgrid shell started at 2327676@caddy12.stanford.edu(local) jg_2320910_caddy12.stanford.edu_41
40.0.B: clocks: 1, declared: 1, looping: 0, posedge: 1, negedge: 0, noedge: 0, bothedge: 0
40.0.B: Last scan. Per property time limit: 0s
40.0.B: Starting proof for property "CS_mult_fsm_s1_41"	[0.00 s].
40.0.B: Trace Attempt  1	[0.02 s]
40.0.AM: clocks: 1, declared: 1, looping: 0, posedge: 1, negedge: 0, noedge: 0, bothedge: 0
40.0.B: Trace Attempt  2	[0.03 s]
40.0.AM: Last scan. Per property time limit: 0s
40.0.AM: Starting proof for property "CS_mult_fsm_s1_41"	[0.00 s].
40.0.B: Trace Attempt  3	[0.06 s]
40.0.AM: Trace Attempt  1	[0.03 s]
40.0.B: Trace Attempt  4	[0.07 s]
40.0.Oh: bwd trail(1): 1 0.109455s
40.0.Oh: All properties either determined or skipped. [0.17 s]
40.0.AM: Trace Attempt  2	[0.06 s]
40.0.Oh: Exited with Success (@ 0.76 s)
40.0.AM: Trace Attempt  3	[0.08 s]
40.0.B: Trace Attempt  5	[0.14 s]
40.0.AM: Trace Attempt  4	[0.10 s]
40.0.AM: Trace Attempt  5	[0.13 s]
40.0.Mpcustom4: Trace Attempt  3	[0.83 s]
40.0.Mpcustom4: Trace Attempt  3	[0.86 s]
40.0.Mpcustom4: Trace Attempt  4	[0.90 s]
40.0.Mpcustom4: Trace Attempt  4	[0.94 s]
40.0.Mpcustom4: Trace Attempt  5	[0.97 s]
40.0.Mpcustom4: Trace Attempt  5	[1.04 s]
40.0.N: Trace Attempt 27	[4.17 s]
40.0.Mpcustom4: Trace Attempt 36	[5.34 s]
40.0.N: Requesting engine job to stop
40.0.B: Requesting engine job to stop
40.0.AM: Requesting engine job to stop
40.0.Hp: Requesting engine job to terminate
40.0.Ht: Requesting engine job to terminate
40.0.Mpcustom4: Requesting engine job to terminate
INFO (IPF144): 40: Initiating shutdown of proof [5.93 s]
40.0.Ht: Trace Attempt 48	[2.95 s]
40.0.Ht: A trace with 48 cycles was found. [5.45 s]
INFO (IPF047): 40.0.Ht: The cover property "CS_mult_fsm_s1_41" was covered in 48 cycles in 5.53 s.
40: ProofGrid usable level: 0
40.0.Ht: All properties determined. [5.50 s]
40.0.N: Trace Attempt 33	[5.57 s]
40.0.N: Stopped processing property "CS_mult_fsm_s1_41"	[5.91 s].
40.0.N: All properties determined. [5.95 s]
40.0.N: Exited with Success (@ 6.01 s)
40.0.AM: Trace Attempt 48	[3.83 s]
40.0.AM: Stopped processing property "CS_mult_fsm_s1_41"	[5.43 s].
40.0.AM: All properties determined. [5.43 s]
40.0.AM: Exited with Success (@ 6.13 s)
40.0.Mpcustom4: All properties determined. [5.70 s]
40.0.B: Trace Attempt 48	[3.85 s]
40.0.B: Stopped processing property "CS_mult_fsm_s1_41"	[5.63 s].
40.0.Mpcustom4: Exited with Success (@ 6.29 s)
40.0.B: All properties determined. [5.64 s]
40.0.B: Exited with Success (@ 6.29 s)
40.0.Ht: Exited with Success (@ 6.64 s)
40.0.Hp: Interrupted (multi)
40.0.Hp: All properties determined. [6.57 s]
40.0.Hp: Exited with Success (@ 6.86 s)
40: --------------------------------------------------------------
ProofGrid Summary (utilization 91.99 %)
--------------------------------------------------------------
     engines started                               :     7
     engine jobs started                           :     7

    Average time in state (seconds)
    ------------------------------------------------------
    Engine  Pending     Running        Dead    Utilization
    ------------------------------------------------------
      N        0.14        5.90        0.00       97.64 %
     Hp        0.18        5.84        0.00       96.96 %
     Ht        0.48        5.51        0.00       92.07 %
    Mpcustom4        0.49        5.42        0.00       91.78 %
     Oh        0.50        0.17        0.00       25.79 %
      B        0.56        5.31        0.00       90.48 %
     AM        0.56        5.28        0.00       90.36 %
    all        0.42        4.78        0.00       91.99 %

    Total time in state (seconds)
    -----------------------------------------
            Pending     Running        Dead  
    -----------------------------------------
               2.91       33.43        0.00

    Data read    : 125.75 kiB
    Data written : 8.76 kiB

40: All pending notifications were processed.
INFO (IPF059): 40: Completed proof on task: "mytask"
cover -name CS_mult_fsm_s1_42 {@(posedge clk_i) !mult_fsm_s1 ##1 mult_fsm_s1 [*42] ##1 !mult_fsm_s1 }
INFO (IPF036): Starting proof on task: "mytask", 1 properties to prove with 0 already proven/unreachable
INFO (IPF031): Settings used for proof thread 41:
    orchestration                 = on (auto)
    time_limit                    = 600s
    per_property_time_limit       = 1s * 10 ^ scan
    engine_mode                   = auto
    proofgrid_per_engine_max_jobs = 1
    max engine jobs               = auto
    proofgrid_mode                = local
    proofgrid_restarts            = 10
41: Using multistage preprocessing
41: Starting reduce
41: Finished reduce in 0.047s
41.0.PRE: Performing Proof Simplification...
41.0.N: clocks: 1, declared: 1, looping: 0, posedge: 1, negedge: 0, noedge: 0, bothedge: 0
41.0.N: Proof Simplification Iteration 1	[0.00 s]
41.0.N: Proof Simplification Iteration 2	[0.04 s]
41.0.N: Proof Simplification Iteration 3	[0.06 s]
41.0.N: Proof Simplification Iteration 4	[0.08 s]
41.0.N: Proof Simplification Iteration 5	[0.10 s]
41.0.N: Proof Simplification Iteration 6	[0.12 s]
41.0.N: Proof Simplification Iteration 7	[0.14 s]
41.0.N: Proof Simplification Iteration 8	[0.16 s]
41.0.N: Proof Simplification Iteration 9	[0.18 s]
41.0.N: Proof Simplification Iteration 10	[0.20 s]
41.0.PRE: Proof Simplification completed in 0.25 s
41: About to start ProofGrid in its own thread with a limit of 10000 pending notifications and a limit of 10 traces.
41: =============================== ProofGrid start ===============================
41: ProofGrid usable level: 1
41: Initial ProofGrid level: 1
41: ProofGrid is starting event handling
41.0.N: caddy12.stanford.edu: "Rocky Linux 8.10 (Green Obsidian)" is an unsupported operating system.
41.0.Ht: caddy12.stanford.edu: "Rocky Linux 8.10 (Green Obsidian)" is an unsupported operating system.
41.0.Hp: caddy12.stanford.edu: "Rocky Linux 8.10 (Green Obsidian)" is an unsupported operating system.
41.0.Mpcustom4: caddy12.stanford.edu: "Rocky Linux 8.10 (Green Obsidian)" is an unsupported operating system.
41.0.Ht: Proofgrid shell started at 2327799@caddy12.stanford.edu(local) jg_2320910_caddy12.stanford.edu_42
41.0.Hp: Proofgrid shell started at 2327786@caddy12.stanford.edu(local) jg_2320910_caddy12.stanford.edu_42
41.0.Ht: clocks: 1, declared: 1, looping: 0, posedge: 1, negedge: 0, noedge: 0, bothedge: 0
41.0.N: Proofgrid shell started at 2327785@caddy12.stanford.edu(local) jg_2320910_caddy12.stanford.edu_42
41.0.Hp: clocks: 1, declared: 1, looping: 0, posedge: 1, negedge: 0, noedge: 0, bothedge: 0
41.0.N: clocks: 1, declared: 1, looping: 0, posedge: 1, negedge: 0, noedge: 0, bothedge: 0
41.0.N: Last scan. Per property time limit: 0s
41.0.N: Starting proof for property "CS_mult_fsm_s1_42"	[0.00 s].
41.0.Oh: caddy12.stanford.edu: "Rocky Linux 8.10 (Green Obsidian)" is an unsupported operating system.
41.0.N: Trace Attempt  1	[0.04 s]
41.0.Mpcustom4: Proofgrid shell started at 2327815@caddy12.stanford.edu(local) jg_2320910_caddy12.stanford.edu_42
41.0.N: Trace Attempt  2	[0.04 s]
41.0.N: Trace Attempt  3	[0.04 s]
41.0.Ht: Trace Attempt  1	[0.15 s]
41.0.Ht: Trace Attempt  2	[0.16 s]
41.0.Mpcustom4: clocks: 1, declared: 1, looping: 0, posedge: 1, negedge: 0, noedge: 0, bothedge: 0
41.0.Ht: Trace Attempt  3	[0.20 s]
41.0.Mpcustom4: Trace Attempt  1	[0.06 s]
41.0.Ht: Trace Attempt  4	[0.22 s]
41.0.Ht: Trace Attempt  5	[0.23 s]
41.0.B: caddy12.stanford.edu: "Rocky Linux 8.10 (Green Obsidian)" is an unsupported operating system.
41.0.Mpcustom4: Trace Attempt  2	[0.11 s]
41.0.N: Trace Attempt  3	[0.18 s]
41.0.AM: caddy12.stanford.edu: "Rocky Linux 8.10 (Green Obsidian)" is an unsupported operating system.
41.0.N: Trace Attempt  4	[0.21 s]
41.0.N: Trace Attempt  5	[0.21 s]
41.0.Oh: Proofgrid shell started at 2327835@caddy12.stanford.edu(local) jg_2320910_caddy12.stanford.edu_42
41.0.Oh: clocks: 1, declared: 1, looping: 0, posedge: 1, negedge: 0, noedge: 0, bothedge: 0
41.0.B: Proofgrid shell started at 2327849@caddy12.stanford.edu(local) jg_2320910_caddy12.stanford.edu_42
41.0.B: clocks: 1, declared: 1, looping: 0, posedge: 1, negedge: 0, noedge: 0, bothedge: 0
41.0.B: Last scan. Per property time limit: 0s
41.0.B: Starting proof for property "CS_mult_fsm_s1_42"	[0.00 s].
41.0.B: Trace Attempt  1	[0.01 s]
41.0.N: Trace Attempt  5	[0.46 s]
41.0.AM: Proofgrid shell started at 2327851@caddy12.stanford.edu(local) jg_2320910_caddy12.stanford.edu_42
41.0.B: Trace Attempt  2	[0.03 s]
41.0.B: Trace Attempt  3	[0.05 s]
41.0.AM: clocks: 1, declared: 1, looping: 0, posedge: 1, negedge: 0, noedge: 0, bothedge: 0
41.0.Oh: bwd trail(1): 1 0.114016s
41.0.Oh: All properties either determined or skipped. [0.20 s]
41.0.AM: Last scan. Per property time limit: 0s
41.0.AM: Starting proof for property "CS_mult_fsm_s1_42"	[0.00 s].
41.0.B: Trace Attempt  4	[0.08 s]
41.0.Oh: Exited with Success (@ 0.65 s)
41.0.AM: Trace Attempt  1	[0.02 s]
41.0.AM: Trace Attempt  2	[0.05 s]
41.0.B: Trace Attempt  5	[0.15 s]
41.0.AM: Trace Attempt  3	[0.09 s]
41.0.AM: Trace Attempt  4	[0.14 s]
41.0.AM: Trace Attempt  5	[0.19 s]
41.0.Mpcustom4: Trace Attempt  3	[1.08 s]
41.0.Mpcustom4: Trace Attempt  3	[1.12 s]
41.0.Mpcustom4: Trace Attempt  4	[1.15 s]
41.0.Mpcustom4: Trace Attempt  4	[1.20 s]
41.0.Mpcustom4: Trace Attempt  5	[1.23 s]
41.0.Mpcustom4: Trace Attempt  5	[1.29 s]
41.0.N: Trace Attempt 25	[4.55 s]
41.0.AM: Trace Attempt 45	[4.24 s]
41.0.Mpcustom4: Trace Attempt 33	[5.31 s]
41.0.N: Trace Attempt 37	[8.74 s]
41.0.Mpcustom4: Trace Attempt 39	[9.39 s]
41.0.N: Requesting engine job to stop
41.0.B: Requesting engine job to stop
41.0.AM: Requesting engine job to stop
41.0.Hp: Requesting engine job to terminate
41.0.Ht: Requesting engine job to terminate
41.0.Mpcustom4: Requesting engine job to terminate
INFO (IPF144): 41: Initiating shutdown of proof [11.72 s]
41.0.Ht: Trace Attempt 49	[3.44 s]
41.0.Ht: A trace with 49 cycles was found. [11.65 s]
INFO (IPF047): 41.0.Ht: The cover property "CS_mult_fsm_s1_42" was covered in 49 cycles in 11.67 s.
41.0.Ht: All properties determined. [11.69 s]
41.0.N: Trace Attempt 45	[11.42 s]
41.0.N: Stopped processing property "CS_mult_fsm_s1_42"	[11.67 s].
41.0.N: All properties determined. [11.65 s]
41.0.N: Exited with Success (@ 11.78 s)
41: ProofGrid usable level: 0
41.0.AM: Trace Attempt 49	[5.45 s]
41.0.AM: Stopped processing property "CS_mult_fsm_s1_42"	[11.21 s].
41.0.AM: All properties determined. [11.21 s]
41.0.B: Trace Attempt 49	[4.05 s]
41.0.B: Stopped processing property "CS_mult_fsm_s1_42"	[11.46 s].
41.0.AM: Exited with Success (@ 12.05 s)
41.0.B: All properties determined. [11.47 s]
41.0.B: Exited with Success (@ 12.05 s)
41.0.Mpcustom4: Trace Attempt 47	[11.54 s]
41.0.Mpcustom4: All properties determined. [11.94 s]
41.0.Hp: Interrupted (multi)
41.0.Hp: All properties determined. [12.08 s]
41.0.Mpcustom4: Exited with Success (@ 12.15 s)
41.0.Ht: Exited with Success (@ 12.19 s)
41.0.Hp: Exited with Success (@ 12.48 s)
41: --------------------------------------------------------------
ProofGrid Summary (utilization 96.49 %)
--------------------------------------------------------------
     engines started                               :     7
     engine jobs started                           :     7

    Average time in state (seconds)
    ------------------------------------------------------
    Engine  Pending     Running        Dead    Utilization
    ------------------------------------------------------
      N        0.25       11.65        0.00       97.88 %
     Hp        0.22       11.67        0.00       98.17 %
     Ht        0.14       11.70        0.00       98.80 %
    Mpcustom4        0.28       11.54        0.00       97.65 %
     Oh        0.52        0.20        0.00       27.57 %
      B        0.53       11.17        0.00       95.48 %
     AM        0.58       11.10        0.00       95.06 %
    all        0.36        9.86        0.00       96.49 %

    Total time in state (seconds)
    -----------------------------------------
            Pending     Running        Dead  
    -----------------------------------------
               2.51       69.03        0.00

    Data read    : 135.25 kiB
    Data written : 9.55 kiB

41: All pending notifications were processed.
INFO (IPF059): 41: Completed proof on task: "mytask"
cover -name CS_mult_fsm_s1_43 {@(posedge clk_i) !mult_fsm_s1 ##1 mult_fsm_s1 [*43] ##1 !mult_fsm_s1 }
INFO (IPF036): Starting proof on task: "mytask", 1 properties to prove with 0 already proven/unreachable
INFO (IPF031): Settings used for proof thread 42:
    orchestration                 = on (auto)
    time_limit                    = 600s
    per_property_time_limit       = 1s * 10 ^ scan
    engine_mode                   = auto
    proofgrid_per_engine_max_jobs = 1
    max engine jobs               = auto
    proofgrid_mode                = local
    proofgrid_restarts            = 10
42: Using multistage preprocessing
42: Starting reduce
42: Finished reduce in 0.047s
42.0.PRE: Performing Proof Simplification...
42.0.N: clocks: 1, declared: 1, looping: 0, posedge: 1, negedge: 0, noedge: 0, bothedge: 0
42.0.N: Proof Simplification Iteration 1	[0.00 s]
42.0.N: Proof Simplification Iteration 2	[0.04 s]
42.0.N: Proof Simplification Iteration 3	[0.06 s]
42.0.N: Proof Simplification Iteration 4	[0.08 s]
42.0.N: Proof Simplification Iteration 5	[0.10 s]
42.0.N: Proof Simplification Iteration 6	[0.12 s]
42.0.N: Proof Simplification Iteration 7	[0.14 s]
42.0.N: Proof Simplification Iteration 8	[0.16 s]
42.0.N: Proof Simplification Iteration 9	[0.18 s]
42.0.N: Proof Simplification Iteration 10	[0.20 s]
42.0.PRE: Proof Simplification completed in 0.25 s
42: About to start ProofGrid in its own thread with a limit of 10000 pending notifications and a limit of 10 traces.
42: =============================== ProofGrid start ===============================
42: ProofGrid usable level: 1
42: Initial ProofGrid level: 1
42: ProofGrid is starting event handling
42.0.Hp: caddy12.stanford.edu: "Rocky Linux 8.10 (Green Obsidian)" is an unsupported operating system.
42.0.N: caddy12.stanford.edu: "Rocky Linux 8.10 (Green Obsidian)" is an unsupported operating system.
42.0.N: Proofgrid shell started at 2328034@caddy12.stanford.edu(local) jg_2320910_caddy12.stanford.edu_43
42.0.N: clocks: 1, declared: 1, looping: 0, posedge: 1, negedge: 0, noedge: 0, bothedge: 0
42.0.Hp: Proofgrid shell started at 2328035@caddy12.stanford.edu(local) jg_2320910_caddy12.stanford.edu_43
42.0.N: Last scan. Per property time limit: 0s
42.0.N: Starting proof for property "CS_mult_fsm_s1_43"	[0.00 s].
42.0.N: Trace Attempt  1	[0.01 s]
42.0.N: Trace Attempt  2	[0.02 s]
42.0.Hp: clocks: 1, declared: 1, looping: 0, posedge: 1, negedge: 0, noedge: 0, bothedge: 0
42.0.N: Trace Attempt  3	[0.02 s]
42.0.Ht: caddy12.stanford.edu: "Rocky Linux 8.10 (Green Obsidian)" is an unsupported operating system.
42.0.N: Trace Attempt  3	[0.07 s]
42.0.N: Trace Attempt  4	[0.09 s]
42.0.N: Trace Attempt  5	[0.09 s]
42.0.Mpcustom4: caddy12.stanford.edu: "Rocky Linux 8.10 (Green Obsidian)" is an unsupported operating system.
42.0.N: Trace Attempt  5	[0.17 s]
42.0.Oh: caddy12.stanford.edu: "Rocky Linux 8.10 (Green Obsidian)" is an unsupported operating system.
42.0.B: caddy12.stanford.edu: "Rocky Linux 8.10 (Green Obsidian)" is an unsupported operating system.
42.0.AM: caddy12.stanford.edu: "Rocky Linux 8.10 (Green Obsidian)" is an unsupported operating system.
42.0.Ht: Proofgrid shell started at 2328049@caddy12.stanford.edu(local) jg_2320910_caddy12.stanford.edu_43
42.0.Ht: clocks: 1, declared: 1, looping: 0, posedge: 1, negedge: 0, noedge: 0, bothedge: 0
42.0.Ht: Trace Attempt  1	[0.07 s]
42.0.Ht: Trace Attempt  2	[0.08 s]
42.0.Mpcustom4: Proofgrid shell started at 2328061@caddy12.stanford.edu(local) jg_2320910_caddy12.stanford.edu_43
42.0.Ht: Trace Attempt  3	[0.10 s]
42.0.Ht: Trace Attempt  4	[0.12 s]
42.0.Ht: Trace Attempt  5	[0.12 s]
42.0.Mpcustom4: clocks: 1, declared: 1, looping: 0, posedge: 1, negedge: 0, noedge: 0, bothedge: 0
42.0.Mpcustom4: Trace Attempt  1	[0.07 s]
42.0.Oh: Proofgrid shell started at 2328072@caddy12.stanford.edu(local) jg_2320910_caddy12.stanford.edu_43
42.0.Mpcustom4: Trace Attempt  2	[0.10 s]
42.0.AM: Proofgrid shell started at 2328079@caddy12.stanford.edu(local) jg_2320910_caddy12.stanford.edu_43
42.0.B: Proofgrid shell started at 2328076@caddy12.stanford.edu(local) jg_2320910_caddy12.stanford.edu_43
42.0.Oh: clocks: 1, declared: 1, looping: 0, posedge: 1, negedge: 0, noedge: 0, bothedge: 0
42.0.AM: clocks: 1, declared: 1, looping: 0, posedge: 1, negedge: 0, noedge: 0, bothedge: 0
42.0.B: clocks: 1, declared: 1, looping: 0, posedge: 1, negedge: 0, noedge: 0, bothedge: 0
42.0.B: Last scan. Per property time limit: 0s
42.0.B: Starting proof for property "CS_mult_fsm_s1_43"	[0.00 s].
42.0.AM: Last scan. Per property time limit: 0s
42.0.AM: Starting proof for property "CS_mult_fsm_s1_43"	[0.00 s].
42.0.AM: Trace Attempt  1	[0.02 s]
42.0.B: Trace Attempt  1	[0.05 s]
42.0.B: Trace Attempt  2	[0.05 s]
42.0.B: Trace Attempt  3	[0.06 s]
42.0.B: Trace Attempt  4	[0.07 s]
42.0.AM: Trace Attempt  2	[0.08 s]
42.0.Oh: bwd trail(1): 1 0.106459s
42.0.Oh: All properties either determined or skipped. [0.14 s]
42.0.Oh: Exited with Success (@ 0.74 s)
42.0.Oh: Completed, Restart ignored.
42.0.AM: Trace Attempt  3	[0.11 s]
42.0.AM: Trace Attempt  4	[0.14 s]
42.0.B: Trace Attempt  5	[0.16 s]
42.0.AM: Trace Attempt  5	[0.20 s]
42.0.Mpcustom4: Trace Attempt  3	[1.52 s]
42.0.Mpcustom4: Trace Attempt  3	[1.61 s]
42.0.Mpcustom4: Trace Attempt  4	[1.71 s]
42.0.Mpcustom4: Trace Attempt  4	[1.81 s]
42.0.Mpcustom4: Trace Attempt  5	[1.87 s]
42.0.Mpcustom4: Trace Attempt  5	[2.02 s]
42.0.N: Trace Attempt 27	[4.25 s]
42.0.B: Trace Attempt 38	[4.27 s]
42.0.AM: Trace Attempt 49	[4.27 s]
42.0.N: Requesting engine job to stop
42.0.B: Requesting engine job to stop
42.0.AM: Requesting engine job to stop
42.0.Hp: Requesting engine job to terminate
42.0.Ht: Requesting engine job to terminate
42.0.Mpcustom4: Requesting engine job to terminate
INFO (IPF144): 42: Initiating shutdown of proof [6.25 s]
42.0.Ht: Trace Attempt 50	[2.84 s]
42.0.Ht: A trace with 50 cycles was found. [5.83 s]
INFO (IPF047): 42.0.Ht: The cover property "CS_mult_fsm_s1_43" was covered in 50 cycles in 5.93 s.
42.0.Ht: All properties determined. [5.88 s]
42.0.Hp: Interrupted (multi)
42.0.Hp: All properties determined. [6.19 s]
42.0.N: Trace Attempt 34	[6.27 s]
42.0.N: Stopped processing property "CS_mult_fsm_s1_43"	[6.32 s].
42.0.N: All properties determined. [6.28 s]
42.0.N: Exited with Success (@ 6.33 s)
42: ProofGrid usable level: 0
42.0.AM: Trace Attempt 50	[4.46 s]
42.0.AM: Stopped processing property "CS_mult_fsm_s1_43"	[5.76 s].
42.0.AM: All properties determined. [5.78 s]
42.0.AM: Exited with Success (@ 6.45 s)
42.0.Hp: Exited with Success (@ 6.46 s)
42.0.Mpcustom4: Trace Attempt 29	[5.67 s]
42.0.Mpcustom4: All properties determined. [6.03 s]
42.0.Mpcustom4: Exited with Success (@ 6.52 s)
42.0.B: Trace Attempt 46	[5.59 s]
42.0.B: Stopped processing property "CS_mult_fsm_s1_43"	[5.93 s].
42.0.B: All properties determined. [5.95 s]
42.0.B: Exited with Success (@ 6.61 s)
42.0.Ht: Exited with Success (@ 6.92 s)
42: --------------------------------------------------------------
ProofGrid Summary (utilization 92.23 %)
--------------------------------------------------------------
     engines started                               :     7
     engine jobs started                           :     7

    Average time in state (seconds)
    ------------------------------------------------------
    Engine  Pending     Running        Dead    Utilization
    ------------------------------------------------------
      N        0.16        6.22        0.00       97.53 %
     Hp        0.18        6.18        0.00       97.24 %
     Ht        0.42        5.90        0.00       93.40 %
    Mpcustom4        0.51        5.77        0.00       91.87 %
     Oh        0.57        0.13        0.00       18.42 %
      B        0.60        5.64        0.00       90.35 %
     AM        0.56        5.64        0.00       90.99 %
    all        0.43        5.07        0.00       92.23 %

    Total time in state (seconds)
    -----------------------------------------
            Pending     Running        Dead  
    -----------------------------------------
               2.99       35.48        0.00

    Data read    : 128.45 kiB
    Data written : 7.86 kiB

42: All pending notifications were processed.
INFO (IPF059): 42: Completed proof on task: "mytask"
cover -name CS_mult_fsm_s1_44 {@(posedge clk_i) !mult_fsm_s1 ##1 mult_fsm_s1 [*44] ##1 !mult_fsm_s1 }
INFO (IPF036): Starting proof on task: "mytask", 1 properties to prove with 0 already proven/unreachable
INFO (IPF031): Settings used for proof thread 43:
    orchestration                 = on (auto)
    time_limit                    = 600s
    per_property_time_limit       = 1s * 10 ^ scan
    engine_mode                   = auto
    proofgrid_per_engine_max_jobs = 1
    max engine jobs               = auto
    proofgrid_mode                = local
    proofgrid_restarts            = 10
43: Using multistage preprocessing
43: Starting reduce
43: Finished reduce in 0.047s
43.0.PRE: Performing Proof Simplification...
43.0.N: clocks: 1, declared: 1, looping: 0, posedge: 1, negedge: 0, noedge: 0, bothedge: 0
43.0.N: Proof Simplification Iteration 1	[0.00 s]
43.0.N: Proof Simplification Iteration 2	[0.04 s]
43.0.N: Proof Simplification Iteration 3	[0.06 s]
43.0.N: Proof Simplification Iteration 4	[0.08 s]
43.0.N: Proof Simplification Iteration 5	[0.10 s]
43.0.N: Proof Simplification Iteration 6	[0.12 s]
43.0.N: Proof Simplification Iteration 7	[0.14 s]
43.0.N: Proof Simplification Iteration 8	[0.16 s]
43.0.N: Proof Simplification Iteration 9	[0.18 s]
43.0.N: Proof Simplification Iteration 10	[0.20 s]
43.0.PRE: Proof Simplification completed in 0.25 s
43: About to start ProofGrid in its own thread with a limit of 10000 pending notifications and a limit of 10 traces.
43: =============================== ProofGrid start ===============================
43: ProofGrid usable level: 1
43: Initial ProofGrid level: 1
43: ProofGrid is starting event handling
43.0.N: caddy12.stanford.edu: "Rocky Linux 8.10 (Green Obsidian)" is an unsupported operating system.
43.0.N: Proofgrid shell started at 2328147@caddy12.stanford.edu(local) jg_2320910_caddy12.stanford.edu_44
43.0.N: clocks: 1, declared: 1, looping: 0, posedge: 1, negedge: 0, noedge: 0, bothedge: 0
43.0.N: Last scan. Per property time limit: 0s
43.0.N: Starting proof for property "CS_mult_fsm_s1_44"	[0.00 s].
43.0.N: Trace Attempt  1	[0.01 s]
43.0.Hp: caddy12.stanford.edu: "Rocky Linux 8.10 (Green Obsidian)" is an unsupported operating system.
43.0.N: Trace Attempt  2	[0.02 s]
43.0.N: Trace Attempt  3	[0.02 s]
43.0.N: Trace Attempt  3	[0.06 s]
43.0.N: Trace Attempt  4	[0.08 s]
43.0.N: Trace Attempt  5	[0.08 s]
43.0.Ht: caddy12.stanford.edu: "Rocky Linux 8.10 (Green Obsidian)" is an unsupported operating system.
43.0.N: Trace Attempt  5	[0.16 s]
43.0.Mpcustom4: caddy12.stanford.edu: "Rocky Linux 8.10 (Green Obsidian)" is an unsupported operating system.
43.0.Oh: caddy12.stanford.edu: "Rocky Linux 8.10 (Green Obsidian)" is an unsupported operating system.
43.0.Hp: Proofgrid shell started at 2328148@caddy12.stanford.edu(local) jg_2320910_caddy12.stanford.edu_44
43.0.B: caddy12.stanford.edu: "Rocky Linux 8.10 (Green Obsidian)" is an unsupported operating system.
43.0.AM: caddy12.stanford.edu: "Rocky Linux 8.10 (Green Obsidian)" is an unsupported operating system.
43.0.Hp: clocks: 1, declared: 1, looping: 0, posedge: 1, negedge: 0, noedge: 0, bothedge: 0
43.0.Ht: Proofgrid shell started at 2328162@caddy12.stanford.edu(local) jg_2320910_caddy12.stanford.edu_44
43.0.Ht: clocks: 1, declared: 1, looping: 0, posedge: 1, negedge: 0, noedge: 0, bothedge: 0
43.0.Ht: Trace Attempt  1	[0.07 s]
43.0.Ht: Trace Attempt  2	[0.07 s]
43.0.Mpcustom4: Proofgrid shell started at 2328174@caddy12.stanford.edu(local) jg_2320910_caddy12.stanford.edu_44
43.0.Ht: Trace Attempt  3	[0.09 s]
43.0.Ht: Trace Attempt  4	[0.10 s]
43.0.Mpcustom4: clocks: 1, declared: 1, looping: 0, posedge: 1, negedge: 0, noedge: 0, bothedge: 0
43.0.Ht: Trace Attempt  5	[0.11 s]
43.0.Oh: Proofgrid shell started at 2328176@caddy12.stanford.edu(local) jg_2320910_caddy12.stanford.edu_44
43.0.Mpcustom4: Trace Attempt  1	[0.07 s]
43.0.B: Proofgrid shell started at 2328181@caddy12.stanford.edu(local) jg_2320910_caddy12.stanford.edu_44
43.0.AM: Proofgrid shell started at 2328189@caddy12.stanford.edu(local) jg_2320910_caddy12.stanford.edu_44
43.0.Oh: clocks: 1, declared: 1, looping: 0, posedge: 1, negedge: 0, noedge: 0, bothedge: 0
43.0.Mpcustom4: Trace Attempt  2	[0.11 s]
43.0.B: clocks: 1, declared: 1, looping: 0, posedge: 1, negedge: 0, noedge: 0, bothedge: 0
43.0.AM: clocks: 1, declared: 1, looping: 0, posedge: 1, negedge: 0, noedge: 0, bothedge: 0
43.0.B: Last scan. Per property time limit: 0s
43.0.B: Starting proof for property "CS_mult_fsm_s1_44"	[0.00 s].
43.0.B: Trace Attempt  1	[0.01 s]
43.0.AM: Last scan. Per property time limit: 0s
43.0.AM: Starting proof for property "CS_mult_fsm_s1_44"	[0.00 s].
43.0.B: Trace Attempt  2	[0.03 s]
43.0.AM: Trace Attempt  1	[0.03 s]
43.0.B: Trace Attempt  3	[0.06 s]
43.0.AM: Trace Attempt  2	[0.05 s]
43.0.B: Trace Attempt  4	[0.09 s]
43.0.AM: Trace Attempt  3	[0.10 s]
43.0.AM: Trace Attempt  4	[0.12 s]
43.0.B: Trace Attempt  5	[0.16 s]
43.0.AM: Trace Attempt  5	[0.15 s]
43.0.Oh: bwd trail(1): 1 0.114939s
43.0.Oh: All properties either determined or skipped. [0.30 s]
43.0.Oh: Exited with Success (@ 0.94 s)
43.0.Oh: Completed, Restart ignored.
43.0.Mpcustom4: Trace Attempt  3	[1.15 s]
43.0.Mpcustom4: Trace Attempt  3	[1.20 s]
43.0.Mpcustom4: Trace Attempt  4	[1.24 s]
43.0.Mpcustom4: Trace Attempt  4	[1.28 s]
43.0.Mpcustom4: Trace Attempt  5	[1.31 s]
43.0.Mpcustom4: Trace Attempt  5	[1.38 s]
43.0.N: Trace Attempt 26	[4.28 s]
43.0.AM: Trace Attempt 42	[4.16 s]
43.0.Mpcustom4: Trace Attempt 36	[5.88 s]
43.0.N: Trace Attempt 36	[8.61 s]
43.0.Mpcustom4: Trace Attempt 48	[9.93 s]
43.0.N: Requesting engine job to stop
43.0.B: Requesting engine job to stop
43.0.AM: Requesting engine job to stop
43.0.Hp: Requesting engine job to terminate
43.0.Ht: Requesting engine job to terminate
43.0.Mpcustom4: Requesting engine job to terminate
INFO (IPF144): 43: Initiating shutdown of proof [11.10 s]
43.0.AM: Trace Attempt 51	[5.40 s]
43.0.AM: A trace with 51 cycles was found. [10.37 s]
INFO (IPF047): 43.0.AM: The cover property "CS_mult_fsm_s1_44" was covered in 51 cycles in 10.42 s.
43.0.AM: Stopped processing property "CS_mult_fsm_s1_44"	[10.46 s].
43.0.AM: All properties determined. [10.40 s]
43.0.Ht: Interrupted (multi)
43.0.Ht: Trace Attempt 51	[3.34 s]
43.0.Ht: All properties determined. [10.66 s]
43.0.AM: Exited with Success (@ 11.12 s)
43: ProofGrid usable level: 0
43.0.Hp: Interrupted (multi)
43.0.Hp: All properties determined. [10.77 s]
43.0.N: Trace Attempt 41	[10.78 s]
43.0.N: Stopped processing property "CS_mult_fsm_s1_44"	[11.14 s].
43.0.N: All properties determined. [11.16 s]
43.0.N: Exited with Success (@ 11.19 s)
43.0.Hp: Exited with Success (@ 11.45 s)
43.0.Mpcustom4: Trace Attempt 50	[10.09 s]
43.0.Mpcustom4: All properties determined. [10.96 s]
43.0.B: Trace Attempt 51	[4.04 s]
43.0.B: Stopped processing property "CS_mult_fsm_s1_44"	[10.85 s].
43.0.B: All properties determined. [10.84 s]
43.0.Mpcustom4: Exited with Success (@ 11.55 s)
43.0.B: Exited with Success (@ 11.80 s)
43.0.Ht: Exited with Success (@ 11.95 s)
43: --------------------------------------------------------------
ProofGrid Summary (utilization 95.07 %)
--------------------------------------------------------------
     engines started                               :     7
     engine jobs started                           :     7

    Average time in state (seconds)
    ------------------------------------------------------
    Engine  Pending     Running        Dead    Utilization
    ------------------------------------------------------
      N        0.12       11.09        0.00       98.90 %
     Hp        0.44       10.73        0.00       96.03 %
     Ht        0.49       10.64        0.00       95.57 %
    Mpcustom4        0.53       10.54        0.00       95.22 %
     Oh        0.59        0.30        0.00       33.90 %
      B        0.59       10.43        0.00       94.63 %
     AM        0.55       10.43        0.00       94.96 %
    all        0.48        9.17        0.00       95.07 %

    Total time in state (seconds)
    -----------------------------------------
            Pending     Running        Dead  
    -----------------------------------------
               3.33       64.18        0.00

    Data read    : 142.37 kiB
    Data written : 9.56 kiB

43: All pending notifications were processed.
INFO (IPF059): 43: Completed proof on task: "mytask"
cover -name CS_mult_fsm_s1_45 {@(posedge clk_i) !mult_fsm_s1 ##1 mult_fsm_s1 [*45] ##1 !mult_fsm_s1 }
INFO (IPF036): Starting proof on task: "mytask", 1 properties to prove with 0 already proven/unreachable
INFO (IPF031): Settings used for proof thread 44:
    orchestration                 = on (auto)
    time_limit                    = 600s
    per_property_time_limit       = 1s * 10 ^ scan
    engine_mode                   = auto
    proofgrid_per_engine_max_jobs = 1
    max engine jobs               = auto
    proofgrid_mode                = local
    proofgrid_restarts            = 10
44: Using multistage preprocessing
44: Starting reduce
44: Finished reduce in 0.047s
44.0.PRE: Performing Proof Simplification...
44.0.N: clocks: 1, declared: 1, looping: 0, posedge: 1, negedge: 0, noedge: 0, bothedge: 0
44.0.N: Proof Simplification Iteration 1	[0.00 s]
44.0.N: Proof Simplification Iteration 2	[0.04 s]
44.0.N: Proof Simplification Iteration 3	[0.06 s]
44.0.N: Proof Simplification Iteration 4	[0.08 s]
44.0.N: Proof Simplification Iteration 5	[0.10 s]
44.0.N: Proof Simplification Iteration 6	[0.12 s]
44.0.N: Proof Simplification Iteration 7	[0.14 s]
44.0.N: Proof Simplification Iteration 8	[0.16 s]
44.0.N: Proof Simplification Iteration 9	[0.18 s]
44.0.N: Proof Simplification Iteration 10	[0.20 s]
44.0.PRE: Proof Simplification completed in 0.26 s
44: About to start ProofGrid in its own thread with a limit of 10000 pending notifications and a limit of 10 traces.
44: =============================== ProofGrid start ===============================
44: ProofGrid usable level: 1
44: Initial ProofGrid level: 1
44: ProofGrid is starting event handling
44.0.Hp: caddy12.stanford.edu: "Rocky Linux 8.10 (Green Obsidian)" is an unsupported operating system.
44.0.Hp: Proofgrid shell started at 2328375@caddy12.stanford.edu(local) jg_2320910_caddy12.stanford.edu_45
44.0.N: caddy12.stanford.edu: "Rocky Linux 8.10 (Green Obsidian)" is an unsupported operating system.
44.0.Hp: clocks: 1, declared: 1, looping: 0, posedge: 1, negedge: 0, noedge: 0, bothedge: 0
44.0.Hp: Trace Attempt  1	[0.15 s]
44.0.Hp: Trace Attempt  2	[0.15 s]
44.0.Ht: caddy12.stanford.edu: "Rocky Linux 8.10 (Green Obsidian)" is an unsupported operating system.
44.0.Mpcustom4: caddy12.stanford.edu: "Rocky Linux 8.10 (Green Obsidian)" is an unsupported operating system.
44.0.N: Proofgrid shell started at 2328374@caddy12.stanford.edu(local) jg_2320910_caddy12.stanford.edu_45
44.0.N: clocks: 1, declared: 1, looping: 0, posedge: 1, negedge: 0, noedge: 0, bothedge: 0
44.0.N: Last scan. Per property time limit: 0s
44.0.N: Starting proof for property "CS_mult_fsm_s1_45"	[0.00 s].
44.0.Hp: Trace Attempt  3	[0.28 s]
44.0.N: Trace Attempt  1	[0.02 s]
44.0.N: Trace Attempt  2	[0.03 s]
44.0.N: Trace Attempt  3	[0.03 s]
44.0.Oh: caddy12.stanford.edu: "Rocky Linux 8.10 (Green Obsidian)" is an unsupported operating system.
44.0.AM: caddy12.stanford.edu: "Rocky Linux 8.10 (Green Obsidian)" is an unsupported operating system.
44.0.B: caddy12.stanford.edu: "Rocky Linux 8.10 (Green Obsidian)" is an unsupported operating system.
44.0.N: Trace Attempt  3	[0.14 s]
44.0.Hp: Trace Attempt  4	[0.41 s]
44.0.Ht: Proofgrid shell started at 2328390@caddy12.stanford.edu(local) jg_2320910_caddy12.stanford.edu_45
44.0.N: Trace Attempt  4	[0.17 s]
44.0.N: Trace Attempt  5	[0.17 s]
44.0.Ht: clocks: 1, declared: 1, looping: 0, posedge: 1, negedge: 0, noedge: 0, bothedge: 0
44.0.Mpcustom4: Proofgrid shell started at 2328402@caddy12.stanford.edu(local) jg_2320910_caddy12.stanford.edu_45
44.0.Mpcustom4: clocks: 1, declared: 1, looping: 0, posedge: 1, negedge: 0, noedge: 0, bothedge: 0
44.0.Ht: Trace Attempt  1	[0.08 s]
44.0.Ht: Trace Attempt  2	[0.09 s]
44.0.Ht: Trace Attempt  3	[0.10 s]
44.0.Mpcustom4: Trace Attempt  1	[0.07 s]
44.0.Oh: Proofgrid shell started at 2328407@caddy12.stanford.edu(local) jg_2320910_caddy12.stanford.edu_45
44.0.AM: Proofgrid shell started at 2328421@caddy12.stanford.edu(local) jg_2320910_caddy12.stanford.edu_45
44.0.Ht: Trace Attempt  4	[0.11 s]
44.0.Ht: Trace Attempt  5	[0.12 s]
44.0.Oh: clocks: 1, declared: 1, looping: 0, posedge: 1, negedge: 0, noedge: 0, bothedge: 0
44.0.N: Trace Attempt  5	[0.32 s]
44.0.AM: clocks: 1, declared: 1, looping: 0, posedge: 1, negedge: 0, noedge: 0, bothedge: 0
44.0.AM: Last scan. Per property time limit: 0s
44.0.AM: Starting proof for property "CS_mult_fsm_s1_45"	[0.00 s].
44.0.Mpcustom4: Trace Attempt  2	[0.13 s]
44.0.B: Proofgrid shell started at 2328415@caddy12.stanford.edu(local) jg_2320910_caddy12.stanford.edu_45
44.0.AM: Trace Attempt  1	[0.01 s]
44.0.AM: Trace Attempt  2	[0.03 s]
44.0.AM: Trace Attempt  3	[0.05 s]
44.0.B: clocks: 1, declared: 1, looping: 0, posedge: 1, negedge: 0, noedge: 0, bothedge: 0
44.0.AM: Trace Attempt  4	[0.07 s]
44.0.B: Last scan. Per property time limit: 0s
44.0.B: Starting proof for property "CS_mult_fsm_s1_45"	[0.00 s].
44.0.AM: Trace Attempt  5	[0.10 s]
44.0.B: Trace Attempt  1	[0.02 s]
44.0.B: Trace Attempt  2	[0.03 s]
44.0.B: Trace Attempt  3	[0.05 s]
44.0.B: Trace Attempt  4	[0.07 s]
44.0.B: Trace Attempt  5	[0.15 s]
44.0.Oh: bwd trail(1): 1 0.116563s
44.0.Oh: All properties either determined or skipped. [0.37 s]
44.0.Oh: Exited with Success (@ 1.00 s)
44.0.Mpcustom4: Trace Attempt  3	[1.84 s]
44.0.Mpcustom4: Trace Attempt  3	[1.90 s]
44.0.Mpcustom4: Trace Attempt  4	[1.97 s]
44.0.Mpcustom4: Trace Attempt  4	[2.08 s]
44.0.Mpcustom4: Trace Attempt  5	[2.14 s]
44.0.Mpcustom4: Trace Attempt  5	[2.20 s]
44.0.N: Trace Attempt 20	[4.33 s]
44.0.AM: Trace Attempt 52	[4.22 s]
44.0.B: Trace Attempt 29	[4.28 s]
44.0.Ht: Trace Attempt 50	[4.74 s]
44.0.Mpcustom4: Trace Attempt 36	[6.53 s]
44.0.N: Trace Attempt 28	[8.45 s]
44.0.N: Requesting engine job to stop
44.0.B: Requesting engine job to stop
44.0.AM: Requesting engine job to stop
44.0.Hp: Requesting engine job to terminate
44.0.Ht: Requesting engine job to terminate
44.0.Mpcustom4: Requesting engine job to terminate
INFO (IPF144): 44: Initiating shutdown of proof [9.29 s]
44.0.AM: A trace with 52 cycles was found. [8.64 s]
INFO (IPF047): 44.0.AM: The cover property "CS_mult_fsm_s1_45" was covered in 52 cycles in 8.70 s.
44.0.AM: Stopped processing property "CS_mult_fsm_s1_45"	[8.75 s].
44.0.AM: All properties determined. [8.67 s]
44.0.AM: Exited with Success (@ 9.31 s)
44: ProofGrid usable level: 0
44.0.Ht: Interrupted (multi)
44.0.Ht: Trace Attempt 52	[4.91 s]
44.0.Ht: All properties determined. [8.89 s]
44.0.N: Trace Attempt 29	[8.45 s]
44.0.N: Stopped processing property "CS_mult_fsm_s1_45"	[9.12 s].
44.0.N: All properties determined. [9.14 s]
44.0.N: Exited with Success (@ 9.42 s)
44.0.B: Trace Attempt 52	[7.39 s]
44.0.B: Stopped processing property "CS_mult_fsm_s1_45"	[9.04 s].
44.0.B: All properties determined. [9.04 s]
44.0.B: Exited with Success (@ 9.76 s)
44.0.Mpcustom4: Trace Attempt 39	[8.25 s]
44.0.Mpcustom4: All properties determined. [9.42 s]
44.0.Hp: Interrupted (multi)
44.0.Hp: All properties determined. [9.96 s]
44.0.Ht: Exited with Success (@ 9.98 s)
44.0.Mpcustom4: Exited with Success (@ 10.18 s)
44.0.Hp: Exited with Success (@ 10.18 s)
44: --------------------------------------------------------------
ProofGrid Summary (utilization 94.61 %)
--------------------------------------------------------------
     engines started                               :     7
     engine jobs started                           :     7

    Average time in state (seconds)
    ------------------------------------------------------
    Engine  Pending     Running        Dead    Utilization
    ------------------------------------------------------
      N        0.36        9.03        0.00       96.20 %
     Hp        0.09        9.28        0.00       98.99 %
     Ht        0.50        8.84        0.00       94.62 %
    Mpcustom4        0.48        8.79        0.00       94.84 %
     Oh        0.56        0.38        0.00       40.20 %
      B        0.59        8.62        0.00       93.64 %
     AM        0.47        8.69        0.00       94.82 %
    all        0.44        7.66        0.00       94.61 %

    Total time in state (seconds)
    -----------------------------------------
            Pending     Running        Dead  
    -----------------------------------------
               3.05       53.63        0.00

    Data read    : 138.89 kiB
    Data written : 8.77 kiB

44: All pending notifications were processed.
INFO (IPF059): 44: Completed proof on task: "mytask"
cover -name CS_mult_fsm_s1_46 {@(posedge clk_i) !mult_fsm_s1 ##1 mult_fsm_s1 [*46] ##1 !mult_fsm_s1 }
INFO (IPF036): Starting proof on task: "mytask", 1 properties to prove with 0 already proven/unreachable
INFO (IPF031): Settings used for proof thread 45:
    orchestration                 = on (auto)
    time_limit                    = 600s
    per_property_time_limit       = 1s * 10 ^ scan
    engine_mode                   = auto
    proofgrid_per_engine_max_jobs = 1
    max engine jobs               = auto
    proofgrid_mode                = local
    proofgrid_restarts            = 10
45: Using multistage preprocessing
45: Starting reduce
45: Finished reduce in 0.047s
45.0.PRE: Performing Proof Simplification...
45.0.N: clocks: 1, declared: 1, looping: 0, posedge: 1, negedge: 0, noedge: 0, bothedge: 0
45.0.N: Proof Simplification Iteration 1	[0.00 s]
45.0.N: Proof Simplification Iteration 2	[0.04 s]
45.0.N: Proof Simplification Iteration 3	[0.06 s]
45.0.N: Proof Simplification Iteration 4	[0.08 s]
45.0.N: Proof Simplification Iteration 5	[0.10 s]
45.0.N: Proof Simplification Iteration 6	[0.12 s]
45.0.N: Proof Simplification Iteration 7	[0.14 s]
45.0.N: Proof Simplification Iteration 8	[0.16 s]
45.0.N: Proof Simplification Iteration 9	[0.18 s]
45.0.N: Proof Simplification Iteration 10	[0.20 s]
45.0.PRE: Proof Simplification completed in 0.25 s
45: About to start ProofGrid in its own thread with a limit of 10000 pending notifications and a limit of 10 traces.
45: =============================== ProofGrid start ===============================
45: ProofGrid usable level: 1
45: Initial ProofGrid level: 1
45: ProofGrid is starting event handling
45.0.N: caddy12.stanford.edu: "Rocky Linux 8.10 (Green Obsidian)" is an unsupported operating system.
45.0.N: Proofgrid shell started at 2328490@caddy12.stanford.edu(local) jg_2320910_caddy12.stanford.edu_46
45.0.Hp: caddy12.stanford.edu: "Rocky Linux 8.10 (Green Obsidian)" is an unsupported operating system.
45.0.N: clocks: 1, declared: 1, looping: 0, posedge: 1, negedge: 0, noedge: 0, bothedge: 0
45.0.N: Last scan. Per property time limit: 0s
45.0.N: Starting proof for property "CS_mult_fsm_s1_46"	[0.00 s].
45.0.N: Trace Attempt  1	[0.01 s]
45.0.N: Trace Attempt  2	[0.02 s]
45.0.N: Trace Attempt  3	[0.02 s]
45.0.N: Trace Attempt  3	[0.06 s]
45.0.N: Trace Attempt  4	[0.08 s]
45.0.N: Trace Attempt  5	[0.08 s]
45.0.Ht: caddy12.stanford.edu: "Rocky Linux 8.10 (Green Obsidian)" is an unsupported operating system.
45.0.N: Trace Attempt  5	[0.15 s]
45.0.Mpcustom4: caddy12.stanford.edu: "Rocky Linux 8.10 (Green Obsidian)" is an unsupported operating system.
45.0.Oh: caddy12.stanford.edu: "Rocky Linux 8.10 (Green Obsidian)" is an unsupported operating system.
45.0.Hp: Proofgrid shell started at 2328491@caddy12.stanford.edu(local) jg_2320910_caddy12.stanford.edu_46
45.0.B: caddy12.stanford.edu: "Rocky Linux 8.10 (Green Obsidian)" is an unsupported operating system.
45.0.Hp: clocks: 1, declared: 1, looping: 0, posedge: 1, negedge: 0, noedge: 0, bothedge: 0
45.0.Ht: Proofgrid shell started at 2328508@caddy12.stanford.edu(local) jg_2320910_caddy12.stanford.edu_46
45.0.AM: caddy12.stanford.edu: "Rocky Linux 8.10 (Green Obsidian)" is an unsupported operating system.
45.0.Ht: clocks: 1, declared: 1, looping: 0, posedge: 1, negedge: 0, noedge: 0, bothedge: 0
45.0.Mpcustom4: Proofgrid shell started at 2328516@caddy12.stanford.edu(local) jg_2320910_caddy12.stanford.edu_46
45.0.Mpcustom4: clocks: 1, declared: 1, looping: 0, posedge: 1, negedge: 0, noedge: 0, bothedge: 0
45.0.Ht: Trace Attempt  1	[0.10 s]
45.0.Ht: Trace Attempt  2	[0.12 s]
45.0.Ht: Trace Attempt  3	[0.12 s]
45.0.Mpcustom4: Trace Attempt  1	[0.06 s]
45.0.Oh: Proofgrid shell started at 2328522@caddy12.stanford.edu(local) jg_2320910_caddy12.stanford.edu_46
45.0.Mpcustom4: Trace Attempt  2	[0.08 s]
45.0.Ht: Trace Attempt  4	[0.14 s]
45.0.Ht: Trace Attempt  5	[0.15 s]
45.0.B: Proofgrid shell started at 2328524@caddy12.stanford.edu(local) jg_2320910_caddy12.stanford.edu_46
45.0.Oh: clocks: 1, declared: 1, looping: 0, posedge: 1, negedge: 0, noedge: 0, bothedge: 0
45.0.B: clocks: 1, declared: 1, looping: 0, posedge: 1, negedge: 0, noedge: 0, bothedge: 0
45.0.B: Last scan. Per property time limit: 0s
45.0.B: Starting proof for property "CS_mult_fsm_s1_46"	[0.00 s].
45.0.B: Trace Attempt  1	[0.02 s]
45.0.B: Trace Attempt  2	[0.03 s]
45.0.B: Trace Attempt  3	[0.05 s]
45.0.AM: Proofgrid shell started at 2328538@caddy12.stanford.edu(local) jg_2320910_caddy12.stanford.edu_46
45.0.Oh: bwd trail(1): 1 0.111957s
45.0.B: Trace Attempt  4	[0.07 s]
45.0.Oh: All properties either determined or skipped. [0.14 s]
45.0.Oh: Exited with Success (@ 0.70 s)
45.0.Oh: Completed, Restart ignored.
45.0.AM: clocks: 1, declared: 1, looping: 0, posedge: 1, negedge: 0, noedge: 0, bothedge: 0
45.0.AM: Last scan. Per property time limit: 0s
45.0.AM: Starting proof for property "CS_mult_fsm_s1_46"	[0.00 s].
45.0.B: Trace Attempt  5	[0.15 s]
45.0.AM: Trace Attempt  1	[0.04 s]
45.0.AM: Trace Attempt  2	[0.10 s]
45.0.AM: Trace Attempt  3	[0.16 s]
45.0.AM: Trace Attempt  4	[0.20 s]
45.0.AM: Trace Attempt  5	[0.27 s]
45.0.Mpcustom4: Trace Attempt  3	[1.27 s]
45.0.Mpcustom4: Trace Attempt  3	[1.35 s]
45.0.Mpcustom4: Trace Attempt  4	[1.42 s]
45.0.Mpcustom4: Trace Attempt  4	[1.50 s]
45.0.Mpcustom4: Trace Attempt  5	[1.53 s]
45.0.Mpcustom4: Trace Attempt  5	[1.60 s]
45.0.N: Trace Attempt 29	[4.38 s]
45.0.B: Trace Attempt 52	[4.20 s]
45.0.AM: Trace Attempt 46	[4.30 s]
45.0.Mpcustom4: Trace Attempt 36	[5.84 s]
45.0.N: Trace Attempt 41	[8.65 s]
45.0.N: Requesting engine job to stop
45.0.B: Requesting engine job to stop
45.0.AM: Requesting engine job to stop
45.0.Hp: Requesting engine job to terminate
45.0.Ht: Requesting engine job to terminate
45.0.Mpcustom4: Requesting engine job to terminate
INFO (IPF144): 45: Initiating shutdown of proof [10.59 s]
45.0.Ht: Trace Attempt 53	[3.06 s]
45.0.Ht: A trace with 53 cycles was found. [10.12 s]
INFO (IPF047): 45.0.Ht: The cover property "CS_mult_fsm_s1_46" was covered in 53 cycles in 10.20 s.
45.0.Ht: All properties determined. [10.17 s]
45.0.N: Trace Attempt 46	[10.66 s]
45.0.N: Stopped processing property "CS_mult_fsm_s1_46"	[10.64 s].
45.0.N: All properties determined. [10.67 s]
45.0.N: Exited with Success (@ 10.71 s)
45: ProofGrid usable level: 0
45.0.B: Trace Attempt 53	[4.29 s]
45.0.B: Stopped processing property "CS_mult_fsm_s1_46"	[10.21 s].
45.0.B: All properties determined. [10.22 s]
45.0.B: Exited with Success (@ 10.85 s)
45.0.Mpcustom4: Trace Attempt 52	[9.79 s]
45.0.Mpcustom4: All properties determined. [10.48 s]
45.0.Mpcustom4: Exited with Success (@ 11.00 s)
45.0.AM: Trace Attempt 53	[6.34 s]
45.0.AM: Stopped processing property "CS_mult_fsm_s1_46"	[10.27 s].
45.0.AM: All properties determined. [10.28 s]
45.0.Ht: Exited with Success (@ 11.05 s)
45.0.AM: Exited with Success (@ 11.30 s)
45.0.Hp: Sending SIGKILL
45.0.Hp: Terminated by signal SIGKILL (@ 12.83 s)
45: --------------------------------------------------------------
ProofGrid Summary (utilization 95.22 %)
--------------------------------------------------------------
     engines started                               :     7
     engine jobs started                           :     7

    Average time in state (seconds)
    ------------------------------------------------------
    Engine  Pending     Running        Dead    Utilization
    ------------------------------------------------------
      N        0.12       10.57        0.00       98.90 %
     Hp        0.39       10.27        0.00       96.31 %
     Ht        0.46       10.19        0.00       95.72 %
    Mpcustom4        0.46       10.12        0.00       95.62 %
     Oh        0.52        0.14        0.00       21.56 %
      B        0.54        9.99        0.00       94.90 %
     AM        0.59        9.89        0.00       94.39 %
    all        0.44        8.74        0.00       95.22 %

    Total time in state (seconds)
    -----------------------------------------
            Pending     Running        Dead  
    -----------------------------------------
               3.07       61.18        0.00

    Data read    : 144.66 kiB
    Data written : 9.32 kiB

45: All pending notifications were processed.
INFO (IPF059): 45: Completed proof on task: "mytask"
cover -name CS_mult_fsm_s1_47 {@(posedge clk_i) !mult_fsm_s1 ##1 mult_fsm_s1 [*47] ##1 !mult_fsm_s1 }
INFO (IPF036): Starting proof on task: "mytask", 1 properties to prove with 0 already proven/unreachable
INFO (IPF031): Settings used for proof thread 46:
    orchestration                 = on (auto)
    time_limit                    = 600s
    per_property_time_limit       = 1s * 10 ^ scan
    engine_mode                   = auto
    proofgrid_per_engine_max_jobs = 1
    max engine jobs               = auto
    proofgrid_mode                = local
    proofgrid_restarts            = 10
46: Using multistage preprocessing
46: Starting reduce
46: Finished reduce in 0.046s
46.0.PRE: Performing Proof Simplification...
46.0.N: clocks: 1, declared: 1, looping: 0, posedge: 1, negedge: 0, noedge: 0, bothedge: 0
46.0.N: Proof Simplification Iteration 1	[0.00 s]
46.0.N: Proof Simplification Iteration 2	[0.04 s]
46.0.N: Proof Simplification Iteration 3	[0.06 s]
46.0.N: Proof Simplification Iteration 4	[0.08 s]
46.0.N: Proof Simplification Iteration 5	[0.10 s]
46.0.N: Proof Simplification Iteration 6	[0.12 s]
46.0.N: Proof Simplification Iteration 7	[0.14 s]
46.0.N: Proof Simplification Iteration 8	[0.16 s]
46.0.N: Proof Simplification Iteration 9	[0.19 s]
46.0.N: Proof Simplification Iteration 10	[0.23 s]
46.0.PRE: Proof Simplification completed in 0.28 s
46: About to start ProofGrid in its own thread with a limit of 10000 pending notifications and a limit of 10 traces.
46: =============================== ProofGrid start ===============================
46: ProofGrid usable level: 1
46: Initial ProofGrid level: 1
46: ProofGrid is starting event handling
46.0.Hp: caddy12.stanford.edu: "Rocky Linux 8.10 (Green Obsidian)" is an unsupported operating system.
46.0.N: caddy12.stanford.edu: "Rocky Linux 8.10 (Green Obsidian)" is an unsupported operating system.
46.0.N: Proofgrid shell started at 2328717@caddy12.stanford.edu(local) jg_2320910_caddy12.stanford.edu_47
46.0.N: clocks: 1, declared: 1, looping: 0, posedge: 1, negedge: 0, noedge: 0, bothedge: 0
46.0.Mpcustom4: caddy12.stanford.edu: "Rocky Linux 8.10 (Green Obsidian)" is an unsupported operating system.
46.0.N: Last scan. Per property time limit: 0s
46.0.N: Starting proof for property "CS_mult_fsm_s1_47"	[0.00 s].
46.0.N: Trace Attempt  1	[0.03 s]
46.0.N: Trace Attempt  2	[0.04 s]
46.0.N: Trace Attempt  3	[0.04 s]
46.0.Hp: Proofgrid shell started at 2328718@caddy12.stanford.edu(local) jg_2320910_caddy12.stanford.edu_47
46.0.Ht: caddy12.stanford.edu: "Rocky Linux 8.10 (Green Obsidian)" is an unsupported operating system.
46.0.Hp: clocks: 1, declared: 1, looping: 0, posedge: 1, negedge: 0, noedge: 0, bothedge: 0
46.0.N: Trace Attempt  3	[0.11 s]
46.0.Oh: caddy12.stanford.edu: "Rocky Linux 8.10 (Green Obsidian)" is an unsupported operating system.
46.0.N: Trace Attempt  4	[0.17 s]
46.0.N: Trace Attempt  5	[0.17 s]
46.0.Mpcustom4: Proofgrid shell started at 2328748@caddy12.stanford.edu(local) jg_2320910_caddy12.stanford.edu_47
46.0.Mpcustom4: clocks: 1, declared: 1, looping: 0, posedge: 1, negedge: 0, noedge: 0, bothedge: 0
46.0.B: caddy12.stanford.edu: "Rocky Linux 8.10 (Green Obsidian)" is an unsupported operating system.
46.0.Mpcustom4: Trace Attempt  1	[0.08 s]
46.0.Ht: Proofgrid shell started at 2328740@caddy12.stanford.edu(local) jg_2320910_caddy12.stanford.edu_47
46.0.AM: caddy12.stanford.edu: "Rocky Linux 8.10 (Green Obsidian)" is an unsupported operating system.
46.0.Mpcustom4: Trace Attempt  2	[0.11 s]
46.0.Ht: clocks: 1, declared: 1, looping: 0, posedge: 1, negedge: 0, noedge: 0, bothedge: 0
46.0.N: Trace Attempt  5	[0.32 s]
46.0.Ht: Trace Attempt  1	[0.07 s]
46.0.Ht: Trace Attempt  2	[0.08 s]
46.0.Ht: Trace Attempt  3	[0.09 s]
46.0.Oh: Proofgrid shell started at 2328750@caddy12.stanford.edu(local) jg_2320910_caddy12.stanford.edu_47
46.0.Ht: Trace Attempt  4	[0.11 s]
46.0.Ht: Trace Attempt  5	[0.13 s]
46.0.Oh: clocks: 1, declared: 1, looping: 0, posedge: 1, negedge: 0, noedge: 0, bothedge: 0
46.0.B: Proofgrid shell started at 2328767@caddy12.stanford.edu(local) jg_2320910_caddy12.stanford.edu_47
46.0.B: clocks: 1, declared: 1, looping: 0, posedge: 1, negedge: 0, noedge: 0, bothedge: 0
46.0.B: Last scan. Per property time limit: 0s
46.0.B: Starting proof for property "CS_mult_fsm_s1_47"	[0.00 s].
46.0.B: Trace Attempt  1	[0.01 s]
46.0.B: Trace Attempt  2	[0.02 s]
46.0.AM: Proofgrid shell started at 2328771@caddy12.stanford.edu(local) jg_2320910_caddy12.stanford.edu_47
46.0.B: Trace Attempt  3	[0.03 s]
46.0.B: Trace Attempt  4	[0.07 s]
46.0.AM: clocks: 1, declared: 1, looping: 0, posedge: 1, negedge: 0, noedge: 0, bothedge: 0
46.0.AM: Last scan. Per property time limit: 0s
46.0.AM: Starting proof for property "CS_mult_fsm_s1_47"	[0.00 s].
46.0.Oh: bwd trail(1): 1 0.114972s
46.0.Oh: All properties either determined or skipped. [0.25 s]
46.0.AM: Trace Attempt  1	[0.04 s]
46.0.Oh: Exited with Success (@ 0.73 s)
46.0.AM: Trace Attempt  2	[0.05 s]
46.0.B: Trace Attempt  5	[0.15 s]
46.0.AM: Trace Attempt  3	[0.08 s]
46.0.AM: Trace Attempt  4	[0.15 s]
46.0.AM: Trace Attempt  5	[0.21 s]
46.0.Mpcustom4: Trace Attempt  3	[1.50 s]
46.0.Mpcustom4: Trace Attempt  3	[1.53 s]
46.0.Mpcustom4: Trace Attempt  4	[1.56 s]
46.0.Mpcustom4: Trace Attempt  4	[1.60 s]
46.0.Mpcustom4: Trace Attempt  5	[1.64 s]
46.0.Mpcustom4: Trace Attempt  5	[1.70 s]
46.0.N: Trace Attempt 20	[4.53 s]
46.0.B: Trace Attempt 33	[4.31 s]
46.0.AM: Trace Attempt 39	[4.25 s]
46.0.N: Requesting engine job to stop
46.0.B: Requesting engine job to stop
46.0.AM: Requesting engine job to stop
46.0.Hp: Requesting engine job to terminate
46.0.Ht: Requesting engine job to terminate
46.0.Mpcustom4: Requesting engine job to terminate
INFO (IPF144): 46: Initiating shutdown of proof [6.52 s]
46.0.Ht: Trace Attempt 54	[2.83 s]
46.0.Ht: A trace with 54 cycles was found. [6.11 s]
INFO (IPF047): 46.0.Ht: The cover property "CS_mult_fsm_s1_47" was covered in 54 cycles in 6.20 s.
46.0.Ht: All properties determined. [6.17 s]
46.0.Hp: Interrupted (multi)
46.0.Hp: All properties determined. [6.43 s]
46.0.AM: Trace Attempt 47	[5.76 s]
46.0.AM: Stopped processing property "CS_mult_fsm_s1_47"	[6.01 s].
46.0.AM: All properties determined. [6.00 s]
46.0.AM: Exited with Success (@ 6.70 s)
46: ProofGrid usable level: 0
46.0.N: Trace Attempt 28	[6.83 s]
46.0.N: Stopped processing property "CS_mult_fsm_s1_47"	[6.84 s].
46.0.B: Trace Attempt 43	[5.87 s]
46.0.B: Stopped processing property "CS_mult_fsm_s1_47"	[6.26 s].
46.0.B: All properties determined. [6.27 s]
46.0.N: All properties determined. [6.83 s]
46.0.N: Exited with Success (@ 6.88 s)
46.0.B: Exited with Success (@ 6.91 s)
46.0.Mpcustom4: Trace Attempt 29	[5.39 s]
46.0.Mpcustom4: All properties determined. [6.76 s]
46.0.Hp: Exited with Success (@ 7.01 s)
46.0.Mpcustom4: Exited with Success (@ 7.04 s)
46.0.Ht: Exited with Success (@ 7.25 s)
46: --------------------------------------------------------------
ProofGrid Summary (utilization 93.76 %)
--------------------------------------------------------------
     engines started                               :     7
     engine jobs started                           :     7

    Average time in state (seconds)
    ------------------------------------------------------
    Engine  Pending     Running        Dead    Utilization
    ------------------------------------------------------
      N        0.13        6.51        0.00       98.11 %
     Hp        0.20        6.41        0.00       96.99 %
     Ht        0.39        6.18        0.00       94.06 %
    Mpcustom4        0.22        6.28        0.00       96.65 %
     Oh        0.44        0.25        0.00       36.25 %
      B        0.53        5.93        0.00       91.85 %
     AM        0.59        5.86        0.00       90.84 %
    all        0.36        5.35        0.00       93.76 %

    Total time in state (seconds)
    -----------------------------------------
            Pending     Running        Dead  
    -----------------------------------------
               2.49       37.42        0.00

    Data read    : 135.94 kiB
    Data written : 7.83 kiB

46: All pending notifications were processed.
INFO (IPF059): 46: Completed proof on task: "mytask"
cover -name CS_mult_fsm_s1_48 {@(posedge clk_i) !mult_fsm_s1 ##1 mult_fsm_s1 [*48] ##1 !mult_fsm_s1 }
INFO (IPF036): Starting proof on task: "mytask", 1 properties to prove with 0 already proven/unreachable
INFO (IPF031): Settings used for proof thread 47:
    orchestration                 = on (auto)
    time_limit                    = 600s
    per_property_time_limit       = 1s * 10 ^ scan
    engine_mode                   = auto
    proofgrid_per_engine_max_jobs = 1
    max engine jobs               = auto
    proofgrid_mode                = local
    proofgrid_restarts            = 10
47: Using multistage preprocessing
47: Starting reduce
47: Finished reduce in 0.048s
47.0.PRE: Performing Proof Simplification...
47.0.N: clocks: 1, declared: 1, looping: 0, posedge: 1, negedge: 0, noedge: 0, bothedge: 0
47.0.N: Proof Simplification Iteration 1	[0.00 s]
47.0.N: Proof Simplification Iteration 2	[0.04 s]
47.0.N: Proof Simplification Iteration 3	[0.06 s]
47.0.N: Proof Simplification Iteration 4	[0.08 s]
47.0.N: Proof Simplification Iteration 5	[0.10 s]
47.0.N: Proof Simplification Iteration 6	[0.12 s]
47.0.N: Proof Simplification Iteration 7	[0.14 s]
47.0.N: Proof Simplification Iteration 8	[0.16 s]
47.0.N: Proof Simplification Iteration 9	[0.18 s]
47.0.N: Proof Simplification Iteration 10	[0.20 s]
47.0.PRE: Proof Simplification completed in 0.25 s
47: About to start ProofGrid in its own thread with a limit of 10000 pending notifications and a limit of 10 traces.
47: =============================== ProofGrid start ===============================
47: ProofGrid usable level: 1
47: Initial ProofGrid level: 1
47: ProofGrid is starting event handling
47.0.N: caddy12.stanford.edu: "Rocky Linux 8.10 (Green Obsidian)" is an unsupported operating system.
47.0.N: Proofgrid shell started at 2328846@caddy12.stanford.edu(local) jg_2320910_caddy12.stanford.edu_48
47.0.N: clocks: 1, declared: 1, looping: 0, posedge: 1, negedge: 0, noedge: 0, bothedge: 0
47.0.Hp: caddy12.stanford.edu: "Rocky Linux 8.10 (Green Obsidian)" is an unsupported operating system.
47.0.N: Last scan. Per property time limit: 0s
47.0.N: Starting proof for property "CS_mult_fsm_s1_48"	[0.00 s].
47.0.N: Trace Attempt  1	[0.01 s]
47.0.N: Trace Attempt  2	[0.02 s]
47.0.N: Trace Attempt  3	[0.02 s]
47.0.Ht: caddy12.stanford.edu: "Rocky Linux 8.10 (Green Obsidian)" is an unsupported operating system.
47.0.N: Trace Attempt  3	[0.07 s]
47.0.N: Trace Attempt  4	[0.09 s]
47.0.N: Trace Attempt  5	[0.09 s]
47.0.N: Trace Attempt  5	[0.17 s]
47.0.Mpcustom4: caddy12.stanford.edu: "Rocky Linux 8.10 (Green Obsidian)" is an unsupported operating system.
47.0.Oh: caddy12.stanford.edu: "Rocky Linux 8.10 (Green Obsidian)" is an unsupported operating system.
47.0.Ht: Proofgrid shell started at 2328860@caddy12.stanford.edu(local) jg_2320910_caddy12.stanford.edu_48
47.0.Hp: Proofgrid shell started at 2328847@caddy12.stanford.edu(local) jg_2320910_caddy12.stanford.edu_48
47.0.Ht: clocks: 1, declared: 1, looping: 0, posedge: 1, negedge: 0, noedge: 0, bothedge: 0
47.0.B: caddy12.stanford.edu: "Rocky Linux 8.10 (Green Obsidian)" is an unsupported operating system.
47.0.Hp: clocks: 1, declared: 1, looping: 0, posedge: 1, negedge: 0, noedge: 0, bothedge: 0
47.0.AM: caddy12.stanford.edu: "Rocky Linux 8.10 (Green Obsidian)" is an unsupported operating system.
47.0.Ht: Trace Attempt  1	[0.10 s]
47.0.Ht: Trace Attempt  2	[0.10 s]
47.0.Ht: Trace Attempt  3	[0.13 s]
47.0.Ht: Trace Attempt  4	[0.16 s]
47.0.Ht: Trace Attempt  5	[0.17 s]
47.0.Mpcustom4: Proofgrid shell started at 2328875@caddy12.stanford.edu(local) jg_2320910_caddy12.stanford.edu_48
47.0.Oh: Proofgrid shell started at 2328880@caddy12.stanford.edu(local) jg_2320910_caddy12.stanford.edu_48
47.0.Mpcustom4: clocks: 1, declared: 1, looping: 0, posedge: 1, negedge: 0, noedge: 0, bothedge: 0
47.0.Oh: clocks: 1, declared: 1, looping: 0, posedge: 1, negedge: 0, noedge: 0, bothedge: 0
47.0.B: Proofgrid shell started at 2328883@caddy12.stanford.edu(local) jg_2320910_caddy12.stanford.edu_48
47.0.Mpcustom4: Trace Attempt  1	[0.10 s]
47.0.B: clocks: 1, declared: 1, looping: 0, posedge: 1, negedge: 0, noedge: 0, bothedge: 0
47.0.B: Last scan. Per property time limit: 0s
47.0.B: Starting proof for property "CS_mult_fsm_s1_48"	[0.00 s].
47.0.AM: Proofgrid shell started at 2328892@caddy12.stanford.edu(local) jg_2320910_caddy12.stanford.edu_48
47.0.B: Trace Attempt  1	[0.03 s]
47.0.B: Trace Attempt  2	[0.04 s]
47.0.Mpcustom4: Trace Attempt  2	[0.15 s]
47.0.B: Trace Attempt  3	[0.04 s]
47.0.AM: clocks: 1, declared: 1, looping: 0, posedge: 1, negedge: 0, noedge: 0, bothedge: 0
47.0.B: Trace Attempt  4	[0.07 s]
47.0.AM: Last scan. Per property time limit: 0s
47.0.AM: Starting proof for property "CS_mult_fsm_s1_48"	[0.00 s].
47.0.AM: Trace Attempt  1	[0.04 s]
47.0.AM: Trace Attempt  2	[0.05 s]
47.0.Oh: bwd trail(1): 1 0.111152s
47.0.Oh: All properties either determined or skipped. [0.25 s]
47.0.Oh: Exited with Success (@ 0.80 s)
47.0.Oh: Completed, Restart ignored.
47.0.B: Trace Attempt  5	[0.14 s]
47.0.AM: Trace Attempt  3	[0.19 s]
47.0.AM: Trace Attempt  4	[0.28 s]
47.0.AM: Trace Attempt  5	[0.35 s]
47.0.Mpcustom4: Trace Attempt  3	[1.45 s]
47.0.Mpcustom4: Trace Attempt  3	[1.52 s]
47.0.Mpcustom4: Trace Attempt  4	[1.59 s]
47.0.Mpcustom4: Trace Attempt  4	[1.69 s]
47.0.Mpcustom4: Trace Attempt  5	[1.73 s]
47.0.Mpcustom4: Trace Attempt  5	[1.80 s]
47.0.N: Trace Attempt 29	[4.74 s]
47.0.B: Trace Attempt 40	[4.24 s]
47.0.AM: Trace Attempt 48	[4.58 s]
47.0.Mpcustom4: Trace Attempt 36	[6.07 s]
47.0.N: Trace Attempt 38	[8.89 s]
47.0.Mpcustom4: Trace Attempt 54	[11.33 s]
47.0.N: Trace Attempt 47	[13.54 s]
47.0.N: Requesting engine job to stop
47.0.B: Requesting engine job to stop
47.0.AM: Requesting engine job to stop
47.0.Hp: Requesting engine job to terminate
47.0.Ht: Requesting engine job to terminate
47.0.Mpcustom4: Requesting engine job to terminate
INFO (IPF144): 47: Initiating shutdown of proof [15.05 s]
47.0.Ht: Trace Attempt 55	[3.02 s]
47.0.Ht: A trace with 55 cycles was found. [14.59 s]
INFO (IPF047): 47.0.Ht: The cover property "CS_mult_fsm_s1_48" was covered in 55 cycles in 14.73 s.
47.0.Ht: All properties determined. [14.70 s]
47.0.N: Trace Attempt 51	[14.76 s]
47.0.N: Stopped processing property "CS_mult_fsm_s1_48"	[15.10 s].
47.0.N: All properties determined. [15.08 s]
47.0.N: Exited with Success (@ 15.11 s)
47: ProofGrid usable level: 0
47.0.B: Trace Attempt 55	[7.55 s]
47.0.B: Stopped processing property "CS_mult_fsm_s1_48"	[14.59 s].
47.0.B: All properties determined. [14.61 s]
47.0.B: Exited with Success (@ 15.29 s)
47.0.AM: Trace Attempt 55	[6.63 s]
47.0.AM: Stopped processing property "CS_mult_fsm_s1_48"	[14.67 s].
47.0.AM: All properties determined. [14.69 s]
47.0.AM: Exited with Success (@ 15.45 s)
47.0.Mpcustom4: All properties determined. [15.21 s]
47.0.Mpcustom4: Exited with Success (@ 15.86 s)
47.0.Ht: Exited with Success (@ 16.05 s)
47.0.Hp: Interrupted (multi)
47.0.Hp: All properties determined. [15.83 s]
47.0.Hp: Exited with Success (@ 16.56 s)
47: --------------------------------------------------------------
ProofGrid Summary (utilization 96.54 %)
--------------------------------------------------------------
     engines started                               :     7
     engine jobs started                           :     7

    Average time in state (seconds)
    ------------------------------------------------------
    Engine  Pending     Running        Dead    Utilization
    ------------------------------------------------------
      N        0.13       15.04        0.00       99.16 %
     Hp        0.42       14.69        0.00       97.20 %
     Ht        0.38       14.72        0.00       97.49 %
    Mpcustom4        0.53       14.50        0.00       96.50 %
     Oh        0.52        0.26        0.00       33.12 %
      B        0.58       14.41        0.00       96.12 %
     AM        0.60       14.35        0.00       95.99 %
    all        0.45       12.57        0.00       96.54 %

    Total time in state (seconds)
    -----------------------------------------
            Pending     Running        Dead  
    -----------------------------------------
               3.16       87.97        0.00

    Data read    : 151.84 kiB
    Data written : 9.31 kiB

47: All pending notifications were processed.
INFO (IPF059): 47: Completed proof on task: "mytask"
cover -name CS_mult_fsm_s1_49 {@(posedge clk_i) !mult_fsm_s1 ##1 mult_fsm_s1 [*49] ##1 !mult_fsm_s1 }
INFO (IPF036): Starting proof on task: "mytask", 1 properties to prove with 0 already proven/unreachable
INFO (IPF031): Settings used for proof thread 48:
    orchestration                 = on (auto)
    time_limit                    = 600s
    per_property_time_limit       = 1s * 10 ^ scan
    engine_mode                   = auto
    proofgrid_per_engine_max_jobs = 1
    max engine jobs               = auto
    proofgrid_mode                = local
    proofgrid_restarts            = 10
48: Using multistage preprocessing
48: Starting reduce
48: Finished reduce in 0.047s
48.0.PRE: Performing Proof Simplification...
48.0.N: clocks: 1, declared: 1, looping: 0, posedge: 1, negedge: 0, noedge: 0, bothedge: 0
48.0.N: Proof Simplification Iteration 1	[0.00 s]
48.0.N: Proof Simplification Iteration 2	[0.04 s]
48.0.N: Proof Simplification Iteration 3	[0.06 s]
48.0.N: Proof Simplification Iteration 4	[0.08 s]
48.0.N: Proof Simplification Iteration 5	[0.10 s]
48.0.N: Proof Simplification Iteration 6	[0.12 s]
48.0.N: Proof Simplification Iteration 7	[0.14 s]
48.0.N: Proof Simplification Iteration 8	[0.16 s]
48.0.N: Proof Simplification Iteration 9	[0.18 s]
48.0.N: Proof Simplification Iteration 10	[0.20 s]
48.0.PRE: Proof Simplification completed in 0.25 s
48: About to start ProofGrid in its own thread with a limit of 10000 pending notifications and a limit of 10 traces.
48: =============================== ProofGrid start ===============================
48: ProofGrid usable level: 1
48: Initial ProofGrid level: 1
48: ProofGrid is starting event handling
48.0.Hp: caddy12.stanford.edu: "Rocky Linux 8.10 (Green Obsidian)" is an unsupported operating system.
48.0.N: caddy12.stanford.edu: "Rocky Linux 8.10 (Green Obsidian)" is an unsupported operating system.
48.0.Hp: Proofgrid shell started at 2329077@caddy12.stanford.edu(local) jg_2320910_caddy12.stanford.edu_49
48.0.N: Proofgrid shell started at 2329076@caddy12.stanford.edu(local) jg_2320910_caddy12.stanford.edu_49
48.0.Oh: caddy12.stanford.edu: "Rocky Linux 8.10 (Green Obsidian)" is an unsupported operating system.
48.0.Hp: clocks: 1, declared: 1, looping: 0, posedge: 1, negedge: 0, noedge: 0, bothedge: 0
48.0.N: clocks: 1, declared: 1, looping: 0, posedge: 1, negedge: 0, noedge: 0, bothedge: 0
48.0.Ht: caddy12.stanford.edu: "Rocky Linux 8.10 (Green Obsidian)" is an unsupported operating system.
48.0.N: Last scan. Per property time limit: 0s
48.0.N: Starting proof for property "CS_mult_fsm_s1_49"	[0.00 s].
48.0.Oh: Proofgrid shell started at 2329113@caddy12.stanford.edu(local) jg_2320910_caddy12.stanford.edu_49
48.0.N: Trace Attempt  1	[0.03 s]
48.0.N: Trace Attempt  2	[0.04 s]
48.0.N: Trace Attempt  3	[0.04 s]
48.0.Mpcustom4: caddy12.stanford.edu: "Rocky Linux 8.10 (Green Obsidian)" is an unsupported operating system.
48.0.Oh: clocks: 1, declared: 1, looping: 0, posedge: 1, negedge: 0, noedge: 0, bothedge: 0
48.0.N: Trace Attempt  3	[0.14 s]
48.0.N: Trace Attempt  4	[0.17 s]
48.0.N: Trace Attempt  5	[0.17 s]
48.0.AM: caddy12.stanford.edu: "Rocky Linux 8.10 (Green Obsidian)" is an unsupported operating system.
48.0.B: caddy12.stanford.edu: "Rocky Linux 8.10 (Green Obsidian)" is an unsupported operating system.
48.0.Mpcustom4: Proofgrid shell started at 2329104@caddy12.stanford.edu(local) jg_2320910_caddy12.stanford.edu_49
48.0.Ht: Proofgrid shell started at 2329095@caddy12.stanford.edu(local) jg_2320910_caddy12.stanford.edu_49
48.0.Oh: bwd trail(1): 1 0.117007s
48.0.Oh: All properties either determined or skipped. [0.21 s]
48.0.Mpcustom4: clocks: 1, declared: 1, looping: 0, posedge: 1, negedge: 0, noedge: 0, bothedge: 0
48.0.Oh: Exited with Success (@ 0.37 s)
48.0.Ht: clocks: 1, declared: 1, looping: 0, posedge: 1, negedge: 0, noedge: 0, bothedge: 0
48.0.N: Trace Attempt  5	[0.31 s]
48.0.Ht: Trace Attempt  1	[0.07 s]
48.0.Ht: Trace Attempt  2	[0.07 s]
48.0.Mpcustom4: Trace Attempt  1	[0.07 s]
48.0.Ht: Trace Attempt  3	[0.08 s]
48.0.Mpcustom4: Trace Attempt  2	[0.10 s]
48.0.Ht: Trace Attempt  4	[0.10 s]
48.0.Ht: Trace Attempt  5	[0.12 s]
48.0.AM: Proofgrid shell started at 2329136@caddy12.stanford.edu(local) jg_2320910_caddy12.stanford.edu_49
48.0.B: Proofgrid shell started at 2329118@caddy12.stanford.edu(local) jg_2320910_caddy12.stanford.edu_49
48.0.AM: clocks: 1, declared: 1, looping: 0, posedge: 1, negedge: 0, noedge: 0, bothedge: 0
48.0.AM: Last scan. Per property time limit: 0s
48.0.AM: Starting proof for property "CS_mult_fsm_s1_49"	[0.00 s].
48.0.AM: Trace Attempt  1	[0.03 s]
48.0.B: clocks: 1, declared: 1, looping: 0, posedge: 1, negedge: 0, noedge: 0, bothedge: 0
48.0.B: Last scan. Per property time limit: 0s
48.0.B: Starting proof for property "CS_mult_fsm_s1_49"	[0.00 s].
48.0.AM: Trace Attempt  2	[0.06 s]
48.0.B: Trace Attempt  1	[0.01 s]
48.0.B: Trace Attempt  2	[0.02 s]
48.0.B: Trace Attempt  3	[0.04 s]
48.0.AM: Trace Attempt  3	[0.10 s]
48.0.B: Trace Attempt  4	[0.08 s]
48.0.AM: Trace Attempt  4	[0.14 s]
48.0.AM: Trace Attempt  5	[0.19 s]
48.0.B: Trace Attempt  5	[0.18 s]
48.0.Mpcustom4: Trace Attempt  3	[0.92 s]
48.0.Mpcustom4: Trace Attempt  3	[0.95 s]
48.0.Mpcustom4: Trace Attempt  4	[0.98 s]
48.0.Mpcustom4: Trace Attempt  4	[1.03 s]
48.0.Mpcustom4: Trace Attempt  5	[1.06 s]
48.0.Mpcustom4: Trace Attempt  5	[1.20 s]
48.0.N: Trace Attempt 21	[4.42 s]
48.0.AM: Trace Attempt 46	[4.24 s]
48.0.B: Trace Attempt 40	[4.20 s]
48.0.Mpcustom4: Trace Attempt 36	[5.51 s]
48.0.N: Trace Attempt 32	[8.55 s]
48.0.N: Requesting engine job to stop
48.0.B: Requesting engine job to stop
48.0.AM: Requesting engine job to stop
48.0.Hp: Requesting engine job to terminate
48.0.Ht: Requesting engine job to terminate
48.0.Mpcustom4: Requesting engine job to terminate
INFO (IPF144): 48: Initiating shutdown of proof [9.68 s]
48.0.Ht: Trace Attempt 56	[2.65 s]
48.0.Ht: A trace with 56 cycles was found. [9.25 s]
INFO (IPF047): 48.0.Ht: The cover property "CS_mult_fsm_s1_49" was covered in 56 cycles in 9.36 s.
48.0.Ht: All properties determined. [9.31 s]
48.0.Hp: Interrupted (multi)
48.0.Hp: All properties determined. [9.65 s]
48.0.N: Trace Attempt 35	[9.21 s]
48.0.N: Stopped processing property "CS_mult_fsm_s1_49"	[9.69 s].
48.0.N: All properties determined. [9.70 s]
48.0.N: Exited with Success (@ 9.80 s)
48: ProofGrid usable level: 0
48.0.Hp: Exited with Success (@ 9.88 s)
48.0.AM: Trace Attempt 56	[6.97 s]
48.0.AM: Stopped processing property "CS_mult_fsm_s1_49"	[9.30 s].
48.0.AM: All properties determined. [9.31 s]
48.0.B: Trace Attempt 56	[5.74 s]
48.0.B: Stopped processing property "CS_mult_fsm_s1_49"	[9.30 s].
48.0.AM: Exited with Success (@ 9.93 s)
48.0.B: All properties determined. [9.31 s]
48.0.B: Exited with Success (@ 9.99 s)
48.0.Mpcustom4: Trace Attempt 46	[8.93 s]
48.0.Mpcustom4: All properties determined. [9.64 s]
48.0.Mpcustom4: Exited with Success (@ 10.03 s)
48.0.Ht: Exited with Success (@ 10.41 s)
48: --------------------------------------------------------------
ProofGrid Summary (utilization 96.14 %)
--------------------------------------------------------------
     engines started                               :     7
     engine jobs started                           :     7

    Average time in state (seconds)
    ------------------------------------------------------
    Engine  Pending     Running        Dead    Utilization
    ------------------------------------------------------
      N        0.20        9.60        0.00       97.99 %
     Hp        0.12        9.62        0.00       98.81 %
     Ht        0.42        9.32        0.00       95.66 %
    Mpcustom4        0.39        9.32        0.00       95.93 %
     Oh        0.13        0.21        0.00       62.55 %
      B        0.54        9.07        0.00       94.42 %
     AM        0.47        9.13        0.00       95.12 %
    all        0.32        8.04        0.00       96.14 %

    Total time in state (seconds)
    -----------------------------------------
            Pending     Running        Dead  
    -----------------------------------------
               2.26       56.26        0.00

    Data read    : 147.14 kiB
    Data written : 8.73 kiB

48: All pending notifications were processed.
INFO (IPF059): 48: Completed proof on task: "mytask"
cover -name CS_mult_fsm_s1_50 {@(posedge clk_i) !mult_fsm_s1 ##1 mult_fsm_s1 [*50] ##1 !mult_fsm_s1 }
INFO (IPF036): Starting proof on task: "mytask", 1 properties to prove with 0 already proven/unreachable
INFO (IPF031): Settings used for proof thread 49:
    orchestration                 = on (auto)
    time_limit                    = 600s
    per_property_time_limit       = 1s * 10 ^ scan
    engine_mode                   = auto
    proofgrid_per_engine_max_jobs = 1
    max engine jobs               = auto
    proofgrid_mode                = local
    proofgrid_restarts            = 10
49: Using multistage preprocessing
49: Starting reduce
49: Finished reduce in 0.045s
49.0.PRE: Performing Proof Simplification...
49.0.N: clocks: 1, declared: 1, looping: 0, posedge: 1, negedge: 0, noedge: 0, bothedge: 0
49.0.N: Proof Simplification Iteration 1	[0.00 s]
49.0.N: Proof Simplification Iteration 2	[0.04 s]
49.0.N: Proof Simplification Iteration 3	[0.06 s]
49.0.N: Proof Simplification Iteration 4	[0.08 s]
49.0.N: Proof Simplification Iteration 5	[0.10 s]
49.0.N: Proof Simplification Iteration 6	[0.12 s]
49.0.N: Proof Simplification Iteration 7	[0.14 s]
49.0.N: Proof Simplification Iteration 8	[0.15 s]
49.0.N: Proof Simplification Iteration 9	[0.17 s]
49.0.N: Proof Simplification Iteration 10	[0.19 s]
49.0.PRE: Proof Simplification completed in 0.24 s
49: About to start ProofGrid in its own thread with a limit of 10000 pending notifications and a limit of 10 traces.
49: =============================== ProofGrid start ===============================
49: ProofGrid usable level: 1
49: Initial ProofGrid level: 1
49: ProofGrid is starting event handling
49.0.N: caddy12.stanford.edu: "Rocky Linux 8.10 (Green Obsidian)" is an unsupported operating system.
49.0.Hp: caddy12.stanford.edu: "Rocky Linux 8.10 (Green Obsidian)" is an unsupported operating system.
49.0.Ht: caddy12.stanford.edu: "Rocky Linux 8.10 (Green Obsidian)" is an unsupported operating system.
49.0.Hp: Proofgrid shell started at 2329191@caddy12.stanford.edu(local) jg_2320910_caddy12.stanford.edu_50
49.0.N: Proofgrid shell started at 2329190@caddy12.stanford.edu(local) jg_2320910_caddy12.stanford.edu_50
49.0.Mpcustom4: caddy12.stanford.edu: "Rocky Linux 8.10 (Green Obsidian)" is an unsupported operating system.
49.0.N: clocks: 1, declared: 1, looping: 0, posedge: 1, negedge: 0, noedge: 0, bothedge: 0
49.0.Hp: clocks: 1, declared: 1, looping: 0, posedge: 1, negedge: 0, noedge: 0, bothedge: 0
49.0.B: caddy12.stanford.edu: "Rocky Linux 8.10 (Green Obsidian)" is an unsupported operating system.
49.0.Oh: caddy12.stanford.edu: "Rocky Linux 8.10 (Green Obsidian)" is an unsupported operating system.
49.0.N: Last scan. Per property time limit: 0s
49.0.N: Starting proof for property "CS_mult_fsm_s1_50"	[0.00 s].
49.0.AM: caddy12.stanford.edu: "Rocky Linux 8.10 (Green Obsidian)" is an unsupported operating system.
49.0.N: Trace Attempt  1	[0.01 s]
49.0.N: Trace Attempt  2	[0.02 s]
49.0.N: Trace Attempt  3	[0.02 s]
49.0.Ht: Proofgrid shell started at 2329214@caddy12.stanford.edu(local) jg_2320910_caddy12.stanford.edu_50
49.0.Ht: clocks: 1, declared: 1, looping: 0, posedge: 1, negedge: 0, noedge: 0, bothedge: 0
49.0.Mpcustom4: Proofgrid shell started at 2329233@caddy12.stanford.edu(local) jg_2320910_caddy12.stanford.edu_50
49.0.Mpcustom4: clocks: 1, declared: 1, looping: 0, posedge: 1, negedge: 0, noedge: 0, bothedge: 0
49.0.Oh: Proofgrid shell started at 2329242@caddy12.stanford.edu(local) jg_2320910_caddy12.stanford.edu_50
49.0.B: Proofgrid shell started at 2329243@caddy12.stanford.edu(local) jg_2320910_caddy12.stanford.edu_50
49.0.N: Trace Attempt  3	[0.06 s]
49.0.AM: Proofgrid shell started at 2329249@caddy12.stanford.edu(local) jg_2320910_caddy12.stanford.edu_50
49.0.Ht: Trace Attempt  1	[0.04 s]
49.0.B: clocks: 1, declared: 1, looping: 0, posedge: 1, negedge: 0, noedge: 0, bothedge: 0
49.0.Oh: clocks: 1, declared: 1, looping: 0, posedge: 1, negedge: 0, noedge: 0, bothedge: 0
49.0.Ht: Trace Attempt  2	[0.04 s]
49.0.AM: clocks: 1, declared: 1, looping: 0, posedge: 1, negedge: 0, noedge: 0, bothedge: 0
49.0.Ht: Trace Attempt  3	[0.05 s]
49.0.B: Last scan. Per property time limit: 0s
49.0.B: Starting proof for property "CS_mult_fsm_s1_50"	[0.00 s].
49.0.N: Trace Attempt  4	[0.07 s]
49.0.N: Trace Attempt  5	[0.07 s]
49.0.AM: Last scan. Per property time limit: 0s
49.0.AM: Starting proof for property "CS_mult_fsm_s1_50"	[0.00 s].
49.0.Ht: Trace Attempt  4	[0.06 s]
49.0.B: Trace Attempt  1	[0.01 s]
49.0.Mpcustom4: Trace Attempt  1	[0.04 s]
49.0.Ht: Trace Attempt  5	[0.06 s]
49.0.B: Trace Attempt  2	[0.02 s]
49.0.AM: Trace Attempt  1	[0.01 s]
49.0.B: Trace Attempt  3	[0.02 s]
49.0.Mpcustom4: Trace Attempt  2	[0.05 s]
49.0.B: Trace Attempt  4	[0.03 s]
49.0.AM: Trace Attempt  2	[0.03 s]
49.0.AM: Trace Attempt  3	[0.05 s]
49.0.B: Trace Attempt  5	[0.07 s]
49.0.N: Trace Attempt  5	[0.14 s]
49.0.AM: Trace Attempt  4	[0.07 s]
49.0.Oh: bwd trail(1): 1 0.100691s
49.0.AM: Trace Attempt  5	[0.10 s]
49.0.Oh: All properties either determined or skipped. [0.12 s]
49.0.Oh: Exited with Success (@ 0.21 s)
49.0.Mpcustom4: Trace Attempt  3	[0.75 s]
49.0.Mpcustom4: Trace Attempt  3	[0.78 s]
49.0.Mpcustom4: Trace Attempt  4	[0.81 s]
49.0.Mpcustom4: Trace Attempt  4	[0.86 s]
49.0.Mpcustom4: Trace Attempt  5	[0.89 s]
49.0.Mpcustom4: Trace Attempt  5	[0.95 s]
49.0.B: Trace Attempt 56	[4.14 s]
49.0.N: Trace Attempt 29	[4.25 s]
49.0.AM: Trace Attempt 46	[4.23 s]
49.0.Mpcustom4: Trace Attempt 36	[4.97 s]
49.0.N: Trace Attempt 41	[8.72 s]
49.0.Mpcustom4: Trace Attempt 48	[9.04 s]
49.0.N: Requesting engine job to stop
49.0.B: Requesting engine job to stop
49.0.AM: Requesting engine job to stop
49.0.Hp: Requesting engine job to terminate
49.0.Ht: Requesting engine job to terminate
49.0.Mpcustom4: Requesting engine job to terminate
INFO (IPF144): 49: Initiating shutdown of proof [12.65 s]
49.0.Ht: Trace Attempt 57	[2.59 s]
49.0.Ht: A trace with 57 cycles was found. [12.54 s]
INFO (IPF047): 49.0.Ht: The cover property "CS_mult_fsm_s1_50" was covered in 57 cycles in 12.65 s.
49.0.Ht: All properties determined. [12.59 s]
49.0.Hp: Interrupted (multi)
49.0.Hp: All properties determined. [12.66 s]
49.0.N: Trace Attempt 49	[12.24 s]
49.0.N: Stopped processing property "CS_mult_fsm_s1_50"	[12.78 s].
49.0.N: All properties determined. [12.78 s]
49.0.N: Exited with Success (@ 12.83 s)
49: ProofGrid usable level: 0
49.0.AM: Trace Attempt 57	[6.86 s]
49.0.AM: Stopped processing property "CS_mult_fsm_s1_50"	[12.73 s].
49.0.AM: All properties determined. [12.74 s]
49.0.AM: Exited with Success (@ 12.86 s)
49.0.B: Trace Attempt 57	[4.23 s]
49.0.B: Stopped processing property "CS_mult_fsm_s1_50"	[12.78 s].
49.0.B: All properties determined. [12.79 s]
49.0.B: Exited with Success (@ 12.89 s)
49.0.Hp: Exited with Success (@ 13.18 s)
49.0.Mpcustom4: Trace Attempt 56	[11.44 s]
49.0.Mpcustom4: All properties determined. [13.12 s]
49.0.Mpcustom4: Exited with Success (@ 13.23 s)
49.0.Ht: Exited with Success (@ 13.46 s)
49: --------------------------------------------------------------
ProofGrid Summary (utilization 99.19 %)
--------------------------------------------------------------
     engines started                               :     7
     engine jobs started                           :     7

    Average time in state (seconds)
    ------------------------------------------------------
    Engine  Pending     Running        Dead    Utilization
    ------------------------------------------------------
      N        0.12       12.65        0.00       99.09 %
     Hp        0.09       12.65        0.00       99.29 %
     Ht        0.10       12.60        0.00       99.21 %
    Mpcustom4        0.08       12.58        0.00       99.37 %
     Oh        0.08        0.12        0.00       60.31 %
      B        0.08       12.57        0.00       99.39 %
     AM        0.08       12.56        0.00       99.38 %
    all        0.09       10.82        0.00       99.19 %

    Total time in state (seconds)
    -----------------------------------------
            Pending     Running        Dead  
    -----------------------------------------
               0.62       75.73        0.00

    Data read    : 156.31 kiB
    Data written : 9.56 kiB

49: All pending notifications were processed.
INFO (IPF059): 49: Completed proof on task: "mytask"
cover -name CS_mult_fsm_s1_51 {@(posedge clk_i) !mult_fsm_s1 ##1 mult_fsm_s1 [*51] ##1 !mult_fsm_s1 }
INFO (IPF036): Starting proof on task: "mytask", 1 properties to prove with 0 already proven/unreachable
INFO (IPF031): Settings used for proof thread 50:
    orchestration                 = on (auto)
    time_limit                    = 600s
    per_property_time_limit       = 1s * 10 ^ scan
    engine_mode                   = auto
    proofgrid_per_engine_max_jobs = 1
    max engine jobs               = auto
    proofgrid_mode                = local
    proofgrid_restarts            = 10
50: Using multistage preprocessing
50: Starting reduce
50: Finished reduce in 0.046s
50.0.PRE: Performing Proof Simplification...
50.0.N: clocks: 1, declared: 1, looping: 0, posedge: 1, negedge: 0, noedge: 0, bothedge: 0
50.0.N: Proof Simplification Iteration 1	[0.00 s]
50.0.N: Proof Simplification Iteration 2	[0.04 s]
50.0.N: Proof Simplification Iteration 3	[0.06 s]
50.0.N: Proof Simplification Iteration 4	[0.08 s]
50.0.N: Proof Simplification Iteration 5	[0.10 s]
50.0.N: Proof Simplification Iteration 6	[0.12 s]
50.0.N: Proof Simplification Iteration 7	[0.14 s]
50.0.N: Proof Simplification Iteration 8	[0.16 s]
50.0.N: Proof Simplification Iteration 9	[0.18 s]
50.0.N: Proof Simplification Iteration 10	[0.20 s]
50.0.PRE: Proof Simplification completed in 0.24 s
50: About to start ProofGrid in its own thread with a limit of 10000 pending notifications and a limit of 10 traces.
50: =============================== ProofGrid start ===============================
50: ProofGrid usable level: 1
50: Initial ProofGrid level: 1
50: ProofGrid is starting event handling
50.0.N: caddy12.stanford.edu: "Rocky Linux 8.10 (Green Obsidian)" is an unsupported operating system.
50.0.Hp: caddy12.stanford.edu: "Rocky Linux 8.10 (Green Obsidian)" is an unsupported operating system.
50.0.Ht: caddy12.stanford.edu: "Rocky Linux 8.10 (Green Obsidian)" is an unsupported operating system.
50.0.Mpcustom4: caddy12.stanford.edu: "Rocky Linux 8.10 (Green Obsidian)" is an unsupported operating system.
50.0.Hp: Proofgrid shell started at 2329533@caddy12.stanford.edu(local) jg_2320910_caddy12.stanford.edu_51
50.0.N: Proofgrid shell started at 2329532@caddy12.stanford.edu(local) jg_2320910_caddy12.stanford.edu_51
50.0.N: clocks: 1, declared: 1, looping: 0, posedge: 1, negedge: 0, noedge: 0, bothedge: 0
50.0.Ht: Proofgrid shell started at 2329554@caddy12.stanford.edu(local) jg_2320910_caddy12.stanford.edu_51
50.0.Hp: clocks: 1, declared: 1, looping: 0, posedge: 1, negedge: 0, noedge: 0, bothedge: 0
50.0.N: Last scan. Per property time limit: 0s
50.0.N: Starting proof for property "CS_mult_fsm_s1_51"	[0.00 s].
50.0.Ht: clocks: 1, declared: 1, looping: 0, posedge: 1, negedge: 0, noedge: 0, bothedge: 0
50.0.Oh: caddy12.stanford.edu: "Rocky Linux 8.10 (Green Obsidian)" is an unsupported operating system.
50.0.N: Trace Attempt  1	[0.02 s]
50.0.N: Trace Attempt  2	[0.03 s]
50.0.N: Trace Attempt  3	[0.03 s]
50.0.Mpcustom4: Proofgrid shell started at 2329559@caddy12.stanford.edu(local) jg_2320910_caddy12.stanford.edu_51
50.0.Ht: Trace Attempt  1	[0.05 s]
50.0.Mpcustom4: clocks: 1, declared: 1, looping: 0, posedge: 1, negedge: 0, noedge: 0, bothedge: 0
50.0.Ht: Trace Attempt  2	[0.06 s]
50.0.Ht: Trace Attempt  3	[0.06 s]
50.0.Ht: Trace Attempt  4	[0.07 s]
50.0.N: Trace Attempt  3	[0.07 s]
50.0.Ht: Trace Attempt  5	[0.08 s]
50.0.Mpcustom4: Trace Attempt  1	[0.04 s]
50.0.Mpcustom4: Trace Attempt  2	[0.06 s]
50.0.N: Trace Attempt  4	[0.13 s]
50.0.N: Trace Attempt  5	[0.13 s]
50.0.AM: caddy12.stanford.edu: "Rocky Linux 8.10 (Green Obsidian)" is an unsupported operating system.
50.0.B: caddy12.stanford.edu: "Rocky Linux 8.10 (Green Obsidian)" is an unsupported operating system.
50.0.N: Trace Attempt  5	[0.20 s]
50.0.Oh: Proofgrid shell started at 2329580@caddy12.stanford.edu(local) jg_2320910_caddy12.stanford.edu_51
50.0.Oh: clocks: 1, declared: 1, looping: 0, posedge: 1, negedge: 0, noedge: 0, bothedge: 0
50.0.AM: Proofgrid shell started at 2329595@caddy12.stanford.edu(local) jg_2320910_caddy12.stanford.edu_51
50.0.AM: clocks: 1, declared: 1, looping: 0, posedge: 1, negedge: 0, noedge: 0, bothedge: 0
50.0.AM: Last scan. Per property time limit: 0s
50.0.AM: Starting proof for property "CS_mult_fsm_s1_51"	[0.00 s].
50.0.AM: Trace Attempt  1	[0.01 s]
50.0.B: Proofgrid shell started at 2329590@caddy12.stanford.edu(local) jg_2320910_caddy12.stanford.edu_51
50.0.AM: Trace Attempt  2	[0.03 s]
50.0.Oh: bwd trail(1): 1 0.114044s
50.0.AM: Trace Attempt  3	[0.05 s]
50.0.Oh: All properties either determined or skipped. [0.28 s]
50.0.B: clocks: 1, declared: 1, looping: 0, posedge: 1, negedge: 0, noedge: 0, bothedge: 0
50.0.Oh: Exited with Success (@ 0.56 s)
50.0.Oh: Completed, Restart ignored.
50.0.B: Last scan. Per property time limit: 0s
50.0.B: Starting proof for property "CS_mult_fsm_s1_51"	[0.00 s].
50.0.AM: Trace Attempt  4	[0.07 s]
50.0.B: Trace Attempt  1	[0.01 s]
50.0.B: Trace Attempt  2	[0.02 s]
50.0.AM: Trace Attempt  5	[0.10 s]
50.0.B: Trace Attempt  3	[0.04 s]
50.0.B: Trace Attempt  4	[0.07 s]
50.0.B: Trace Attempt  5	[0.15 s]
50.0.Mpcustom4: Trace Attempt  3	[0.88 s]
50.0.Mpcustom4: Trace Attempt  3	[0.96 s]
50.0.Mpcustom4: Trace Attempt  4	[1.01 s]
50.0.Mpcustom4: Trace Attempt  4	[1.12 s]
50.0.Mpcustom4: Trace Attempt  5	[1.20 s]
50.0.Mpcustom4: Trace Attempt  5	[1.37 s]
50.0.N: Trace Attempt 25	[4.47 s]
50.0.AM: Trace Attempt 52	[4.12 s]
50.0.B: Trace Attempt 38	[4.21 s]
50.0.Mpcustom4: Trace Attempt 36	[5.73 s]
50.0.N: Trace Attempt 36	[8.56 s]
50.0.Mpcustom4: Trace Attempt 49	[9.77 s]
50.0.N: Requesting engine job to stop
50.0.B: Requesting engine job to stop
50.0.AM: Requesting engine job to stop
50.0.Hp: Requesting engine job to terminate
50.0.Ht: Requesting engine job to terminate
50.0.Mpcustom4: Requesting engine job to terminate
INFO (IPF144): 50: Initiating shutdown of proof [10.97 s]
50.0.AM: Trace Attempt 58	[5.15 s]
50.0.AM: A trace with 58 cycles was found. [10.44 s]
INFO (IPF047): 50.0.AM: The cover property "CS_mult_fsm_s1_51" was covered in 58 cycles in 10.50 s.
50.0.AM: Stopped processing property "CS_mult_fsm_s1_51"	[10.50 s].
50.0.AM: All properties determined. [10.48 s]
50.0.Ht: Interrupted (multi)
50.0.Ht: Trace Attempt 58	[2.92 s]
50.0.Ht: All properties determined. [10.98 s]
50.0.AM: Exited with Success (@ 11.01 s)
50: ProofGrid usable level: 0
50.0.N: Trace Attempt 42	[11.02 s]
50.0.N: Stopped processing property "CS_mult_fsm_s1_51"	[11.02 s].
50.0.N: All properties determined. [11.03 s]
50.0.B: Trace Attempt 58	[6.48 s]
50.0.B: Stopped processing property "CS_mult_fsm_s1_51"	[10.63 s].
50.0.N: Exited with Success (@ 11.21 s)
50.0.B: All properties determined. [10.64 s]
50.0.B: Exited with Success (@ 11.32 s)
50.0.Mpcustom4: Trace Attempt 54	[10.07 s]
50.0.Mpcustom4: All properties determined. [11.25 s]
50.0.Mpcustom4: Exited with Success (@ 11.62 s)
50.0.Ht: Exited with Success (@ 11.76 s)
50.0.Hp: Sending SIGKILL
50.0.Hp: Terminated by signal SIGKILL (@ 13.04 s)
50: --------------------------------------------------------------
ProofGrid Summary (utilization 97.47 %)
--------------------------------------------------------------
     engines started                               :     7
     engine jobs started                           :     7

    Average time in state (seconds)
    ------------------------------------------------------
    Engine  Pending     Running        Dead    Utilization
    ------------------------------------------------------
      N        0.12       10.96        0.00       98.96 %
     Hp        0.08       10.96        0.00       99.26 %
     Ht        0.09       10.94        0.00       99.21 %
    Mpcustom4        0.13       10.89        0.00       98.86 %
     Oh        0.28        0.29        0.00       50.58 %
      B        0.53       10.42        0.00       95.13 %
     AM        0.46       10.50        0.00       95.79 %
    all        0.24        9.28        0.00       97.47 %

    Total time in state (seconds)
    -----------------------------------------
            Pending     Running        Dead  
    -----------------------------------------
               1.69       64.95        0.00

    Data read    : 159.71 kiB
    Data written : 10.18 kiB

50: All pending notifications were processed.
INFO (IPF059): 50: Completed proof on task: "mytask"
cover -name CS_mult_fsm_s1_52 {@(posedge clk_i) !mult_fsm_s1 ##1 mult_fsm_s1 [*52] ##1 !mult_fsm_s1 }
INFO (IPF036): Starting proof on task: "mytask", 1 properties to prove with 0 already proven/unreachable
INFO (IPF031): Settings used for proof thread 51:
    orchestration                 = on (auto)
    time_limit                    = 600s
    per_property_time_limit       = 1s * 10 ^ scan
    engine_mode                   = auto
    proofgrid_per_engine_max_jobs = 1
    max engine jobs               = auto
    proofgrid_mode                = local
    proofgrid_restarts            = 10
51: Using multistage preprocessing
51: Starting reduce
51: Finished reduce in 0.046s
51.0.PRE: Performing Proof Simplification...
51.0.N: clocks: 1, declared: 1, looping: 0, posedge: 1, negedge: 0, noedge: 0, bothedge: 0
51.0.N: Proof Simplification Iteration 1	[0.00 s]
51.0.N: Proof Simplification Iteration 2	[0.04 s]
51.0.N: Proof Simplification Iteration 3	[0.06 s]
51.0.N: Proof Simplification Iteration 4	[0.08 s]
51.0.N: Proof Simplification Iteration 5	[0.10 s]
51.0.N: Proof Simplification Iteration 6	[0.12 s]
51.0.N: Proof Simplification Iteration 7	[0.14 s]
51.0.N: Proof Simplification Iteration 8	[0.15 s]
51.0.N: Proof Simplification Iteration 9	[0.17 s]
51.0.N: Proof Simplification Iteration 10	[0.19 s]
51.0.PRE: Proof Simplification completed in 0.24 s
51: About to start ProofGrid in its own thread with a limit of 10000 pending notifications and a limit of 10 traces.
51: =============================== ProofGrid start ===============================
51: ProofGrid usable level: 1
51: Initial ProofGrid level: 1
51: ProofGrid is starting event handling
51.0.N: caddy12.stanford.edu: "Rocky Linux 8.10 (Green Obsidian)" is an unsupported operating system.
51.0.Hp: caddy12.stanford.edu: "Rocky Linux 8.10 (Green Obsidian)" is an unsupported operating system.
51.0.Ht: caddy12.stanford.edu: "Rocky Linux 8.10 (Green Obsidian)" is an unsupported operating system.
51.0.Mpcustom4: caddy12.stanford.edu: "Rocky Linux 8.10 (Green Obsidian)" is an unsupported operating system.
51.0.Hp: Proofgrid shell started at 2329768@caddy12.stanford.edu(local) jg_2320910_caddy12.stanford.edu_52
51.0.N: Proofgrid shell started at 2329767@caddy12.stanford.edu(local) jg_2320910_caddy12.stanford.edu_52
51.0.Mpcustom4: Proofgrid shell started at 2329793@caddy12.stanford.edu(local) jg_2320910_caddy12.stanford.edu_52
51.0.N: clocks: 1, declared: 1, looping: 0, posedge: 1, negedge: 0, noedge: 0, bothedge: 0
51.0.Hp: clocks: 1, declared: 1, looping: 0, posedge: 1, negedge: 0, noedge: 0, bothedge: 0
51.0.Ht: Proofgrid shell started at 2329790@caddy12.stanford.edu(local) jg_2320910_caddy12.stanford.edu_52
51.0.Mpcustom4: clocks: 1, declared: 1, looping: 0, posedge: 1, negedge: 0, noedge: 0, bothedge: 0
51.0.N: Last scan. Per property time limit: 0s
51.0.N: Starting proof for property "CS_mult_fsm_s1_52"	[0.00 s].
51.0.N: Trace Attempt  1	[0.01 s]
51.0.Oh: caddy12.stanford.edu: "Rocky Linux 8.10 (Green Obsidian)" is an unsupported operating system.
51.0.N: Trace Attempt  2	[0.02 s]
51.0.N: Trace Attempt  3	[0.02 s]
51.0.B: caddy12.stanford.edu: "Rocky Linux 8.10 (Green Obsidian)" is an unsupported operating system.
51.0.Ht: clocks: 1, declared: 1, looping: 0, posedge: 1, negedge: 0, noedge: 0, bothedge: 0
51.0.Mpcustom4: Trace Attempt  1	[0.04 s]
51.0.Mpcustom4: Trace Attempt  2	[0.06 s]
51.0.N: Trace Attempt  3	[0.07 s]
51.0.Ht: Trace Attempt  1	[0.06 s]
51.0.N: Trace Attempt  4	[0.09 s]
51.0.N: Trace Attempt  5	[0.09 s]
51.0.Ht: Trace Attempt  2	[0.06 s]
51.0.Ht: Trace Attempt  3	[0.07 s]
51.0.Ht: Trace Attempt  4	[0.08 s]
51.0.Ht: Trace Attempt  5	[0.08 s]
51.0.N: Trace Attempt  5	[0.16 s]
51.0.AM: caddy12.stanford.edu: "Rocky Linux 8.10 (Green Obsidian)" is an unsupported operating system.
51.0.Oh: Proofgrid shell started at 2329821@caddy12.stanford.edu(local) jg_2320910_caddy12.stanford.edu_52
51.0.Oh: clocks: 1, declared: 1, looping: 0, posedge: 1, negedge: 0, noedge: 0, bothedge: 0
51.0.B: Proofgrid shell started at 2329829@caddy12.stanford.edu(local) jg_2320910_caddy12.stanford.edu_52
51.0.B: clocks: 1, declared: 1, looping: 0, posedge: 1, negedge: 0, noedge: 0, bothedge: 0
51.0.B: Last scan. Per property time limit: 0s
51.0.B: Starting proof for property "CS_mult_fsm_s1_52"	[0.00 s].
51.0.B: Trace Attempt  1	[0.01 s]
51.0.B: Trace Attempt  2	[0.03 s]
51.0.B: Trace Attempt  3	[0.05 s]
51.0.B: Trace Attempt  4	[0.07 s]
51.0.AM: Proofgrid shell started at 2329832@caddy12.stanford.edu(local) jg_2320910_caddy12.stanford.edu_52
51.0.B: Trace Attempt  5	[0.13 s]
51.0.AM: clocks: 1, declared: 1, looping: 0, posedge: 1, negedge: 0, noedge: 0, bothedge: 0
51.0.Oh: bwd trail(1): 1 0.113438s
51.0.Oh: All properties either determined or skipped. [0.27 s]
51.0.AM: Last scan. Per property time limit: 0s
51.0.AM: Starting proof for property "CS_mult_fsm_s1_52"	[0.00 s].
51.0.AM: Trace Attempt  1	[0.01 s]
51.0.Oh: Exited with Success (@ 0.56 s)
51.0.AM: Trace Attempt  2	[0.05 s]
51.0.AM: Trace Attempt  3	[0.09 s]
51.0.AM: Trace Attempt  4	[0.12 s]
51.0.AM: Trace Attempt  5	[0.18 s]
51.0.Mpcustom4: Trace Attempt  3	[0.84 s]
51.0.Mpcustom4: Trace Attempt  3	[0.88 s]
51.0.Mpcustom4: Trace Attempt  4	[0.91 s]
51.0.Mpcustom4: Trace Attempt  4	[0.95 s]
51.0.Mpcustom4: Trace Attempt  5	[0.99 s]
51.0.Mpcustom4: Trace Attempt  5	[1.05 s]
51.0.N: Trace Attempt 29	[4.57 s]
51.0.B: Trace Attempt 49	[4.30 s]
51.0.AM: Trace Attempt 45	[4.30 s]
51.0.Mpcustom4: Trace Attempt 36	[5.24 s]
51.0.N: Trace Attempt 41	[8.88 s]
51.0.Mpcustom4: Trace Attempt 54	[9.29 s]
51.0.N: Requesting engine job to stop
51.0.B: Requesting engine job to stop
51.0.AM: Requesting engine job to stop
51.0.Hp: Requesting engine job to terminate
51.0.Ht: Requesting engine job to terminate
51.0.Mpcustom4: Requesting engine job to terminate
INFO (IPF144): 51: Initiating shutdown of proof [11.40 s]
51.0.Ht: Trace Attempt 59	[3.13 s]
51.0.Ht: A trace with 59 cycles was found. [11.22 s]
INFO (IPF047): 51.0.Ht: The cover property "CS_mult_fsm_s1_52" was covered in 59 cycles in 11.38 s.
51.0.Ht: All properties determined. [11.35 s]
51.0.N: Trace Attempt 47	[10.92 s]
51.0.N: Stopped processing property "CS_mult_fsm_s1_52"	[11.46 s].
51.0.N: All properties determined. [11.47 s]
51.0.N: Exited with Success (@ 11.51 s)
51: ProofGrid usable level: 0
51.0.AM: Trace Attempt 59	[7.21 s]
51.0.AM: Stopped processing property "CS_mult_fsm_s1_52"	[10.98 s].
51.0.AM: All properties determined. [10.99 s]
51.0.AM: Exited with Success (@ 11.55 s)
51.0.B: Trace Attempt 59	[5.53 s]
51.0.B: Stopped processing property "CS_mult_fsm_s1_52"	[11.26 s].
51.0.B: All properties determined. [11.28 s]
51.0.B: Exited with Success (@ 11.65 s)
51.0.Mpcustom4: Trace Attempt 56	[11.40 s]
51.0.Mpcustom4: All properties determined. [11.81 s]
51.0.Hp: Interrupted (multi)
51.0.Hp: All properties determined. [12.08 s]
51.0.Mpcustom4: Exited with Success (@ 12.11 s)
51.0.Ht: Exited with Success (@ 12.33 s)
51.0.Hp: Exited with Success (@ 12.33 s)
51: --------------------------------------------------------------
ProofGrid Summary (utilization 97.94 %)
--------------------------------------------------------------
     engines started                               :     7
     engine jobs started                           :     7

    Average time in state (seconds)
    ------------------------------------------------------
    Engine  Pending     Running        Dead    Utilization
    ------------------------------------------------------
      N        0.11       11.38        0.00       99.06 %
     Hp        0.08       11.38        0.00       99.28 %
     Ht        0.10       11.34        0.00       99.15 %
    Mpcustom4        0.08       11.38        0.00       99.34 %
     Oh        0.28        0.27        0.00       48.71 %
      B        0.31       11.05        0.00       97.24 %
     AM        0.47       10.90        0.00       95.87 %
    all        0.20        9.67        0.00       97.94 %

    Total time in state (seconds)
    -----------------------------------------
            Pending     Running        Dead  
    -----------------------------------------
               1.43       67.71        0.00

    Data read    : 159.20 kiB
    Data written : 9.73 kiB

51: All pending notifications were processed.
INFO (IPF059): 51: Completed proof on task: "mytask"
cover -name CS_mult_fsm_s1_53 {@(posedge clk_i) !mult_fsm_s1 ##1 mult_fsm_s1 [*53] ##1 !mult_fsm_s1 }
INFO (IPF036): Starting proof on task: "mytask", 1 properties to prove with 0 already proven/unreachable
INFO (IPF031): Settings used for proof thread 52:
    orchestration                 = on (auto)
    time_limit                    = 600s
    per_property_time_limit       = 1s * 10 ^ scan
    engine_mode                   = auto
    proofgrid_per_engine_max_jobs = 1
    max engine jobs               = auto
    proofgrid_mode                = local
    proofgrid_restarts            = 10
52: Using multistage preprocessing
52: Starting reduce
52: Finished reduce in 0.047s
52.0.PRE: Performing Proof Simplification...
52.0.N: clocks: 1, declared: 1, looping: 0, posedge: 1, negedge: 0, noedge: 0, bothedge: 0
52.0.N: Proof Simplification Iteration 1	[0.00 s]
52.0.N: Proof Simplification Iteration 2	[0.04 s]
52.0.N: Proof Simplification Iteration 3	[0.06 s]
52.0.N: Proof Simplification Iteration 4	[0.08 s]
52.0.N: Proof Simplification Iteration 5	[0.10 s]
52.0.N: Proof Simplification Iteration 6	[0.12 s]
52.0.N: Proof Simplification Iteration 7	[0.14 s]
52.0.N: Proof Simplification Iteration 8	[0.16 s]
52.0.N: Proof Simplification Iteration 9	[0.18 s]
52.0.N: Proof Simplification Iteration 10	[0.20 s]
52.0.PRE: Proof Simplification completed in 0.25 s
52: About to start ProofGrid in its own thread with a limit of 10000 pending notifications and a limit of 10 traces.
52: =============================== ProofGrid start ===============================
52: ProofGrid usable level: 1
52: Initial ProofGrid level: 1
52: ProofGrid is starting event handling
52.0.Hp: caddy12.stanford.edu: "Rocky Linux 8.10 (Green Obsidian)" is an unsupported operating system.
52.0.N: caddy12.stanford.edu: "Rocky Linux 8.10 (Green Obsidian)" is an unsupported operating system.
52.0.Ht: caddy12.stanford.edu: "Rocky Linux 8.10 (Green Obsidian)" is an unsupported operating system.
52.0.Hp: Proofgrid shell started at 2329890@caddy12.stanford.edu(local) jg_2320910_caddy12.stanford.edu_53
52.0.Hp: clocks: 1, declared: 1, looping: 0, posedge: 1, negedge: 0, noedge: 0, bothedge: 0
52.0.N: Proofgrid shell started at 2329889@caddy12.stanford.edu(local) jg_2320910_caddy12.stanford.edu_53
52.0.Mpcustom4: caddy12.stanford.edu: "Rocky Linux 8.10 (Green Obsidian)" is an unsupported operating system.
52.0.N: clocks: 1, declared: 1, looping: 0, posedge: 1, negedge: 0, noedge: 0, bothedge: 0
52.0.Ht: Proofgrid shell started at 2329912@caddy12.stanford.edu(local) jg_2320910_caddy12.stanford.edu_53
52.0.N: Last scan. Per property time limit: 0s
52.0.N: Starting proof for property "CS_mult_fsm_s1_53"	[0.00 s].
52.0.N: Trace Attempt  1	[0.01 s]
52.0.Ht: clocks: 1, declared: 1, looping: 0, posedge: 1, negedge: 0, noedge: 0, bothedge: 0
52.0.N: Trace Attempt  2	[0.02 s]
52.0.N: Trace Attempt  3	[0.02 s]
52.0.B: caddy12.stanford.edu: "Rocky Linux 8.10 (Green Obsidian)" is an unsupported operating system.
52.0.Ht: Trace Attempt  1	[0.04 s]
52.0.Ht: Trace Attempt  2	[0.04 s]
52.0.Ht: Trace Attempt  3	[0.05 s]
52.0.Ht: Trace Attempt  4	[0.06 s]
52.0.Mpcustom4: Proofgrid shell started at 2329931@caddy12.stanford.edu(local) jg_2320910_caddy12.stanford.edu_53
52.0.Oh: caddy12.stanford.edu: "Rocky Linux 8.10 (Green Obsidian)" is an unsupported operating system.
52.0.N: Trace Attempt  3	[0.07 s]
52.0.Ht: Trace Attempt  5	[0.06 s]
52.0.Mpcustom4: clocks: 1, declared: 1, looping: 0, posedge: 1, negedge: 0, noedge: 0, bothedge: 0
52.0.N: Trace Attempt  4	[0.09 s]
52.0.N: Trace Attempt  5	[0.09 s]
52.0.B: Proofgrid shell started at 2329936@caddy12.stanford.edu(local) jg_2320910_caddy12.stanford.edu_53
52.0.Mpcustom4: Trace Attempt  1	[0.07 s]
52.0.B: clocks: 1, declared: 1, looping: 0, posedge: 1, negedge: 0, noedge: 0, bothedge: 0
52.0.B: Last scan. Per property time limit: 0s
52.0.B: Starting proof for property "CS_mult_fsm_s1_53"	[0.00 s].
52.0.Oh: Proofgrid shell started at 2329935@caddy12.stanford.edu(local) jg_2320910_caddy12.stanford.edu_53
52.0.B: Trace Attempt  1	[0.01 s]
52.0.AM: caddy12.stanford.edu: "Rocky Linux 8.10 (Green Obsidian)" is an unsupported operating system.
52.0.N: Trace Attempt  5	[0.18 s]
52.0.Mpcustom4: Trace Attempt  2	[0.10 s]
52.0.B: Trace Attempt  2	[0.02 s]
52.0.B: Trace Attempt  3	[0.03 s]
52.0.Oh: clocks: 1, declared: 1, looping: 0, posedge: 1, negedge: 0, noedge: 0, bothedge: 0
52.0.B: Trace Attempt  4	[0.05 s]
52.0.B: Trace Attempt  5	[0.15 s]
52.0.AM: Proofgrid shell started at 2329942@caddy12.stanford.edu(local) jg_2320910_caddy12.stanford.edu_53
52.0.Oh: bwd trail(1): 1 0.11249s
52.0.Oh: All properties either determined or skipped. [0.26 s]
52.0.Oh: Exited with Success (@ 0.51 s)
52.0.Oh: Completed, Restart ignored.
52.0.AM: clocks: 1, declared: 1, looping: 0, posedge: 1, negedge: 0, noedge: 0, bothedge: 0
52.0.AM: Last scan. Per property time limit: 0s
52.0.AM: Starting proof for property "CS_mult_fsm_s1_53"	[0.00 s].
52.0.AM: Trace Attempt  1	[0.02 s]
52.0.AM: Trace Attempt  2	[0.06 s]
52.0.AM: Trace Attempt  3	[0.08 s]
52.0.AM: Trace Attempt  4	[0.10 s]
52.0.AM: Trace Attempt  5	[0.13 s]
52.0.Mpcustom4: Trace Attempt  3	[0.86 s]
52.0.Mpcustom4: Trace Attempt  3	[0.90 s]
52.0.Mpcustom4: Trace Attempt  4	[0.93 s]
52.0.Mpcustom4: Trace Attempt  4	[0.97 s]
52.0.Mpcustom4: Trace Attempt  5	[1.01 s]
52.0.Mpcustom4: Trace Attempt  5	[1.07 s]
52.0.N: Trace Attempt 29	[4.38 s]
52.0.B: Trace Attempt 52	[4.22 s]
52.0.AM: Trace Attempt 49	[4.23 s]
52.0.Mpcustom4: Trace Attempt 36	[5.20 s]
52.0.Mpcustom4: Trace Attempt 49	[9.21 s]
52.0.N: Trace Attempt 41	[9.47 s]
52.0.N: Requesting engine job to stop
52.0.B: Requesting engine job to stop
52.0.AM: Requesting engine job to stop
52.0.Hp: Requesting engine job to terminate
52.0.Ht: Requesting engine job to terminate
52.0.Mpcustom4: Requesting engine job to terminate
INFO (IPF144): 52: Initiating shutdown of proof [12.41 s]
52.0.Ht: Trace Attempt 60	[2.98 s]
52.0.Ht: A trace with 60 cycles was found. [12.28 s]
INFO (IPF047): 52.0.Ht: The cover property "CS_mult_fsm_s1_53" was covered in 60 cycles in 12.39 s.
52: ProofGrid usable level: 0
52.0.Ht: All properties determined. [12.34 s]
52.0.N: Trace Attempt 47	[11.79 s]
52.0.N: Stopped processing property "CS_mult_fsm_s1_53"	[12.55 s].
52.0.N: All properties determined. [12.56 s]
52.0.AM: Trace Attempt 60	[6.93 s]
52.0.AM: Stopped processing property "CS_mult_fsm_s1_53"	[12.13 s].
52.0.N: Exited with Success (@ 12.67 s)
52.0.AM: All properties determined. [12.14 s]
52.0.B: Trace Attempt 60	[4.87 s]
52.0.B: Stopped processing property "CS_mult_fsm_s1_53"	[12.56 s].
52.0.B: All properties determined. [12.56 s]
52.0.AM: Exited with Success (@ 12.79 s)
52.0.B: Exited with Success (@ 12.79 s)
52.0.Mpcustom4: Trace Attempt 59	[12.02 s]
52.0.Mpcustom4: All properties determined. [12.70 s]
52.0.Mpcustom4: Exited with Success (@ 13.12 s)
52.0.Ht: Exited with Success (@ 13.19 s)
52.0.Hp: Sending SIGKILL
52.0.Hp: Terminated by signal SIGKILL (@ 14.47 s)
52: --------------------------------------------------------------
ProofGrid Summary (utilization 98.29 %)
--------------------------------------------------------------
     engines started                               :     7
     engine jobs started                           :     7

    Average time in state (seconds)
    ------------------------------------------------------
    Engine  Pending     Running        Dead    Utilization
    ------------------------------------------------------
      N        0.12       12.37        0.00       99.07 %
     Hp        0.06       12.40        0.00       99.51 %
     Ht        0.10       12.35        0.00       99.22 %
    Mpcustom4        0.13       12.28        0.00       98.92 %
     Oh        0.23        0.27        0.00       54.03 %
      B        0.19       12.21        0.00       98.48 %
     AM        0.46       11.90        0.00       96.29 %
    all        0.18       10.54        0.00       98.29 %

    Total time in state (seconds)
    -----------------------------------------
            Pending     Running        Dead  
    -----------------------------------------
               1.28       73.78        0.00

    Data read    : 162.25 kiB
    Data written : 9.70 kiB

52: All pending notifications were processed.
INFO (IPF059): 52: Completed proof on task: "mytask"
cover -name CS_mult_fsm_s1_54 {@(posedge clk_i) !mult_fsm_s1 ##1 mult_fsm_s1 [*54] ##1 !mult_fsm_s1 }
INFO (IPF036): Starting proof on task: "mytask", 1 properties to prove with 0 already proven/unreachable
INFO (IPF031): Settings used for proof thread 53:
    orchestration                 = on (auto)
    time_limit                    = 600s
    per_property_time_limit       = 1s * 10 ^ scan
    engine_mode                   = auto
    proofgrid_per_engine_max_jobs = 1
    max engine jobs               = auto
    proofgrid_mode                = local
    proofgrid_restarts            = 10
53: Using multistage preprocessing
53: Starting reduce
53: Finished reduce in 0.047s
53.0.PRE: Performing Proof Simplification...
53.0.N: clocks: 1, declared: 1, looping: 0, posedge: 1, negedge: 0, noedge: 0, bothedge: 0
53.0.N: Proof Simplification Iteration 1	[0.00 s]
53.0.N: Proof Simplification Iteration 2	[0.04 s]
53.0.N: Proof Simplification Iteration 3	[0.06 s]
53.0.N: Proof Simplification Iteration 4	[0.08 s]
53.0.N: Proof Simplification Iteration 5	[0.10 s]
53.0.N: Proof Simplification Iteration 6	[0.12 s]
53.0.N: Proof Simplification Iteration 7	[0.14 s]
53.0.N: Proof Simplification Iteration 8	[0.15 s]
53.0.N: Proof Simplification Iteration 9	[0.17 s]
53.0.N: Proof Simplification Iteration 10	[0.19 s]
53.0.PRE: Proof Simplification completed in 0.24 s
53: About to start ProofGrid in its own thread with a limit of 10000 pending notifications and a limit of 10 traces.
53: =============================== ProofGrid start ===============================
53: ProofGrid usable level: 1
53: Initial ProofGrid level: 1
53: ProofGrid is starting event handling
53.0.Hp: caddy12.stanford.edu: "Rocky Linux 8.10 (Green Obsidian)" is an unsupported operating system.
53.0.N: caddy12.stanford.edu: "Rocky Linux 8.10 (Green Obsidian)" is an unsupported operating system.
53.0.Ht: caddy12.stanford.edu: "Rocky Linux 8.10 (Green Obsidian)" is an unsupported operating system.
53.0.Mpcustom4: caddy12.stanford.edu: "Rocky Linux 8.10 (Green Obsidian)" is an unsupported operating system.
53.0.N: Proofgrid shell started at 2330117@caddy12.stanford.edu(local) jg_2320910_caddy12.stanford.edu_54
53.0.Hp: Proofgrid shell started at 2330118@caddy12.stanford.edu(local) jg_2320910_caddy12.stanford.edu_54
53.0.Ht: Proofgrid shell started at 2330140@caddy12.stanford.edu(local) jg_2320910_caddy12.stanford.edu_54
53.0.N: clocks: 1, declared: 1, looping: 0, posedge: 1, negedge: 0, noedge: 0, bothedge: 0
53.0.Hp: clocks: 1, declared: 1, looping: 0, posedge: 1, negedge: 0, noedge: 0, bothedge: 0
53.0.Oh: caddy12.stanford.edu: "Rocky Linux 8.10 (Green Obsidian)" is an unsupported operating system.
53.0.N: Last scan. Per property time limit: 0s
53.0.N: Starting proof for property "CS_mult_fsm_s1_54"	[0.00 s].
53.0.Ht: clocks: 1, declared: 1, looping: 0, posedge: 1, negedge: 0, noedge: 0, bothedge: 0
53.0.N: Trace Attempt  1	[0.01 s]
53.0.N: Trace Attempt  2	[0.02 s]
53.0.N: Trace Attempt  3	[0.02 s]
53.0.AM: caddy12.stanford.edu: "Rocky Linux 8.10 (Green Obsidian)" is an unsupported operating system.
53.0.B: caddy12.stanford.edu: "Rocky Linux 8.10 (Green Obsidian)" is an unsupported operating system.
53.0.Ht: Trace Attempt  1	[0.04 s]
53.0.Ht: Trace Attempt  2	[0.04 s]
53.0.Ht: Trace Attempt  3	[0.05 s]
53.0.N: Trace Attempt  3	[0.07 s]
53.0.Oh: Proofgrid shell started at 2330174@caddy12.stanford.edu(local) jg_2320910_caddy12.stanford.edu_54
53.0.Ht: Trace Attempt  4	[0.09 s]
53.0.N: Trace Attempt  4	[0.09 s]
53.0.N: Trace Attempt  5	[0.09 s]
53.0.Oh: clocks: 1, declared: 1, looping: 0, posedge: 1, negedge: 0, noedge: 0, bothedge: 0
53.0.Ht: Trace Attempt  5	[0.10 s]
53.0.Mpcustom4: Proofgrid shell started at 2330159@caddy12.stanford.edu(local) jg_2320910_caddy12.stanford.edu_54
53.0.B: Proofgrid shell started at 2330179@caddy12.stanford.edu(local) jg_2320910_caddy12.stanford.edu_54
53.0.AM: Proofgrid shell started at 2330182@caddy12.stanford.edu(local) jg_2320910_caddy12.stanford.edu_54
53.0.Mpcustom4: clocks: 1, declared: 1, looping: 0, posedge: 1, negedge: 0, noedge: 0, bothedge: 0
53.0.AM: clocks: 1, declared: 1, looping: 0, posedge: 1, negedge: 0, noedge: 0, bothedge: 0
53.0.B: clocks: 1, declared: 1, looping: 0, posedge: 1, negedge: 0, noedge: 0, bothedge: 0
53.0.Mpcustom4: Trace Attempt  1	[0.04 s]
53.0.AM: Last scan. Per property time limit: 0s
53.0.AM: Starting proof for property "CS_mult_fsm_s1_54"	[0.00 s].
53.0.B: Last scan. Per property time limit: 0s
53.0.B: Starting proof for property "CS_mult_fsm_s1_54"	[0.00 s].
53.0.Mpcustom4: Trace Attempt  2	[0.06 s]
53.0.AM: Trace Attempt  1	[0.04 s]
53.0.B: Trace Attempt  1	[0.03 s]
53.0.N: Trace Attempt  5	[0.26 s]
53.0.B: Trace Attempt  2	[0.06 s]
53.0.B: Trace Attempt  3	[0.07 s]
53.0.AM: Trace Attempt  2	[0.10 s]
53.0.B: Trace Attempt  4	[0.10 s]
53.0.Oh: bwd trail(1): 1 0.11421s
53.0.Oh: All properties either determined or skipped. [0.27 s]
53.0.Oh: Exited with Success (@ 0.38 s)
53.0.Oh: Completed, Restart ignored.
53.0.AM: Trace Attempt  3	[0.16 s]
53.0.B: Trace Attempt  5	[0.21 s]
53.0.AM: Trace Attempt  4	[0.23 s]
53.0.AM: Trace Attempt  5	[0.30 s]
53.0.Mpcustom4: Trace Attempt  3	[0.81 s]
53.0.Mpcustom4: Trace Attempt  3	[0.83 s]
53.0.Mpcustom4: Trace Attempt  4	[0.86 s]
53.0.Mpcustom4: Trace Attempt  4	[0.91 s]
53.0.Mpcustom4: Trace Attempt  5	[0.94 s]
53.0.Mpcustom4: Trace Attempt  5	[1.01 s]
53.0.B: Trace Attempt 47	[4.24 s]
53.0.N: Trace Attempt 27	[4.49 s]
53.0.AM: Trace Attempt 52	[4.49 s]
53.0.Mpcustom4: Trace Attempt 36	[5.27 s]
53.0.N: Requesting engine job to stop
53.0.B: Requesting engine job to stop
53.0.AM: Requesting engine job to stop
53.0.Hp: Requesting engine job to terminate
53.0.Ht: Requesting engine job to terminate
53.0.Mpcustom4: Requesting engine job to terminate
INFO (IPF144): 53: Initiating shutdown of proof [6.76 s]
53.0.Ht: Trace Attempt 61	[3.10 s]
53.0.Ht: A trace with 61 cycles was found. [6.67 s]
INFO (IPF047): 53.0.Ht: The cover property "CS_mult_fsm_s1_54" was covered in 61 cycles in 6.77 s.
53.0.Ht: All properties determined. [6.73 s]
53.0.N: Trace Attempt 35	[6.64 s]
53.0.N: Stopped processing property "CS_mult_fsm_s1_54"	[6.79 s].
53.0.N: All properties determined. [6.80 s]
53.0.Hp: Interrupted (multi)
53.0.Hp: All properties determined. [6.83 s]
53.0.B: Trace Attempt 61	[5.68 s]
53.0.B: Stopped processing property "CS_mult_fsm_s1_54"	[6.72 s].
53.0.N: Exited with Success (@ 6.97 s)
53: ProofGrid usable level: 0
53.0.B: All properties determined. [6.73 s]
53.0.B: Exited with Success (@ 6.98 s)
53.0.AM: Trace Attempt 60	[6.19 s]
53.0.AM: Stopped processing property "CS_mult_fsm_s1_54"	[6.78 s].
53.0.AM: All properties determined. [6.79 s]
53.0.AM: Exited with Success (@ 7.03 s)
53.0.Mpcustom4: Trace Attempt 39	[6.15 s]
53.0.Mpcustom4: All properties determined. [6.85 s]
53.0.Mpcustom4: Exited with Success (@ 7.11 s)
53.0.Hp: Exited with Success (@ 7.36 s)
53.0.Ht: Exited with Success (@ 7.63 s)
53: --------------------------------------------------------------
ProofGrid Summary (utilization 97.65 %)
--------------------------------------------------------------
     engines started                               :     7
     engine jobs started                           :     7

    Average time in state (seconds)
    ------------------------------------------------------
    Engine  Pending     Running        Dead    Utilization
    ------------------------------------------------------
      N        0.10        6.75        0.00       98.49 %
     Hp        0.09        6.75        0.00       98.73 %
     Ht        0.09        6.73        0.00       98.75 %
    Mpcustom4        0.21        6.57        0.00       96.95 %
     Oh        0.12        0.27        0.00       69.45 %
      B        0.18        6.56        0.00       97.31 %
     AM        0.19        6.56        0.00       97.24 %
    all        0.14        5.74        0.00       97.65 %

    Total time in state (seconds)
    -----------------------------------------
            Pending     Running        Dead  
    -----------------------------------------
               0.97       40.18        0.00

    Data read    : 154.81 kiB
    Data written : 9.14 kiB

53: All pending notifications were processed.
INFO (IPF059): 53: Completed proof on task: "mytask"
cover -name CS_mult_fsm_s1_55 {@(posedge clk_i) !mult_fsm_s1 ##1 mult_fsm_s1 [*55] ##1 !mult_fsm_s1 }
INFO (IPF036): Starting proof on task: "mytask", 1 properties to prove with 0 already proven/unreachable
INFO (IPF031): Settings used for proof thread 54:
    orchestration                 = on (auto)
    time_limit                    = 600s
    per_property_time_limit       = 1s * 10 ^ scan
    engine_mode                   = auto
    proofgrid_per_engine_max_jobs = 1
    max engine jobs               = auto
    proofgrid_mode                = local
    proofgrid_restarts            = 10
54: Using multistage preprocessing
54: Starting reduce
54: Finished reduce in 0.047s
54.0.PRE: Performing Proof Simplification...
54.0.N: clocks: 1, declared: 1, looping: 0, posedge: 1, negedge: 0, noedge: 0, bothedge: 0
54.0.N: Proof Simplification Iteration 1	[0.00 s]
54.0.N: Proof Simplification Iteration 2	[0.04 s]
54.0.N: Proof Simplification Iteration 3	[0.06 s]
54.0.N: Proof Simplification Iteration 4	[0.08 s]
54.0.N: Proof Simplification Iteration 5	[0.10 s]
54.0.N: Proof Simplification Iteration 6	[0.12 s]
54.0.N: Proof Simplification Iteration 7	[0.14 s]
54.0.N: Proof Simplification Iteration 8	[0.16 s]
54.0.N: Proof Simplification Iteration 9	[0.18 s]
54.0.N: Proof Simplification Iteration 10	[0.20 s]
54.0.PRE: Proof Simplification completed in 0.24 s
54: About to start ProofGrid in its own thread with a limit of 10000 pending notifications and a limit of 10 traces.
54: =============================== ProofGrid start ===============================
54: ProofGrid usable level: 1
54: Initial ProofGrid level: 1
54: ProofGrid is starting event handling
54.0.N: caddy12.stanford.edu: "Rocky Linux 8.10 (Green Obsidian)" is an unsupported operating system.
54.0.Hp: caddy12.stanford.edu: "Rocky Linux 8.10 (Green Obsidian)" is an unsupported operating system.
54.0.Ht: caddy12.stanford.edu: "Rocky Linux 8.10 (Green Obsidian)" is an unsupported operating system.
54.0.Hp: Proofgrid shell started at 2330232@caddy12.stanford.edu(local) jg_2320910_caddy12.stanford.edu_55
54.0.N: Proofgrid shell started at 2330231@caddy12.stanford.edu(local) jg_2320910_caddy12.stanford.edu_55
54.0.Hp: clocks: 1, declared: 1, looping: 0, posedge: 1, negedge: 0, noedge: 0, bothedge: 0
54.0.N: clocks: 1, declared: 1, looping: 0, posedge: 1, negedge: 0, noedge: 0, bothedge: 0
54.0.Ht: Proofgrid shell started at 2330255@caddy12.stanford.edu(local) jg_2320910_caddy12.stanford.edu_55
54.0.N: Last scan. Per property time limit: 0s
54.0.N: Starting proof for property "CS_mult_fsm_s1_55"	[0.00 s].
54.0.Mpcustom4: caddy12.stanford.edu: "Rocky Linux 8.10 (Green Obsidian)" is an unsupported operating system.
54.0.N: Trace Attempt  1	[0.01 s]
54.0.N: Trace Attempt  2	[0.02 s]
54.0.N: Trace Attempt  3	[0.02 s]
54.0.Ht: clocks: 1, declared: 1, looping: 0, posedge: 1, negedge: 0, noedge: 0, bothedge: 0
54.0.Oh: caddy12.stanford.edu: "Rocky Linux 8.10 (Green Obsidian)" is an unsupported operating system.
54.0.B: caddy12.stanford.edu: "Rocky Linux 8.10 (Green Obsidian)" is an unsupported operating system.
54.0.Ht: Trace Attempt  1	[0.04 s]
54.0.Ht: Trace Attempt  2	[0.05 s]
54.0.AM: caddy12.stanford.edu: "Rocky Linux 8.10 (Green Obsidian)" is an unsupported operating system.
54.0.N: Trace Attempt  3	[0.07 s]
54.0.Ht: Trace Attempt  3	[0.05 s]
54.0.Ht: Trace Attempt  4	[0.06 s]
54.0.Ht: Trace Attempt  5	[0.07 s]
54.0.N: Trace Attempt  4	[0.08 s]
54.0.N: Trace Attempt  5	[0.08 s]
54.0.B: Proofgrid shell started at 2330282@caddy12.stanford.edu(local) jg_2320910_caddy12.stanford.edu_55
54.0.B: clocks: 1, declared: 1, looping: 0, posedge: 1, negedge: 0, noedge: 0, bothedge: 0
54.0.Mpcustom4: Proofgrid shell started at 2330273@caddy12.stanford.edu(local) jg_2320910_caddy12.stanford.edu_55
54.0.B: Last scan. Per property time limit: 0s
54.0.B: Starting proof for property "CS_mult_fsm_s1_55"	[0.00 s].
54.0.N: Trace Attempt  5	[0.17 s]
54.0.B: Trace Attempt  1	[0.01 s]
54.0.AM: Proofgrid shell started at 2330290@caddy12.stanford.edu(local) jg_2320910_caddy12.stanford.edu_55
54.0.Mpcustom4: clocks: 1, declared: 1, looping: 0, posedge: 1, negedge: 0, noedge: 0, bothedge: 0
54.0.B: Trace Attempt  2	[0.02 s]
54.0.B: Trace Attempt  3	[0.04 s]
54.0.B: Trace Attempt  4	[0.05 s]
54.0.AM: clocks: 1, declared: 1, looping: 0, posedge: 1, negedge: 0, noedge: 0, bothedge: 0
54.0.AM: Last scan. Per property time limit: 0s
54.0.AM: Starting proof for property "CS_mult_fsm_s1_55"	[0.00 s].
54.0.AM: Trace Attempt  1	[0.02 s]
54.0.Oh: Proofgrid shell started at 2330279@caddy12.stanford.edu(local) jg_2320910_caddy12.stanford.edu_55
54.0.Mpcustom4: Trace Attempt  1	[0.07 s]
54.0.Mpcustom4: Trace Attempt  2	[0.10 s]
54.0.B: Trace Attempt  5	[0.11 s]
54.0.AM: Trace Attempt  2	[0.06 s]
54.0.Oh: clocks: 1, declared: 1, looping: 0, posedge: 1, negedge: 0, noedge: 0, bothedge: 0
54.0.AM: Trace Attempt  3	[0.08 s]
54.0.AM: Trace Attempt  4	[0.10 s]
54.0.AM: Trace Attempt  5	[0.13 s]
54.0.Oh: bwd trail(1): 1 0.112014s
54.0.Oh: All properties either determined or skipped. [0.25 s]
54.0.Oh: Exited with Success (@ 0.57 s)
54.0.Oh: Completed, Restart ignored.
54.0.Mpcustom4: Trace Attempt  3	[1.24 s]
54.0.Mpcustom4: Trace Attempt  3	[1.27 s]
54.0.Mpcustom4: Trace Attempt  4	[1.30 s]
54.0.Mpcustom4: Trace Attempt  4	[1.35 s]
54.0.Mpcustom4: Trace Attempt  5	[1.38 s]
54.0.Mpcustom4: Trace Attempt  5	[1.45 s]
54.0.B: Trace Attempt 54	[4.12 s]
54.0.N: Trace Attempt 28	[4.29 s]
54.0.AM: Trace Attempt 51	[4.24 s]
54.0.Mpcustom4: Trace Attempt 37	[5.46 s]
54.0.N: Requesting engine job to stop
54.0.B: Requesting engine job to stop
54.0.AM: Requesting engine job to stop
54.0.Hp: Requesting engine job to terminate
54.0.Ht: Requesting engine job to terminate
54.0.Mpcustom4: Requesting engine job to terminate
INFO (IPF144): 54: Initiating shutdown of proof [7.29 s]
54.0.Ht: Trace Attempt 62	[2.87 s]
54.0.Ht: A trace with 62 cycles was found. [7.18 s]
INFO (IPF047): 54.0.Ht: The cover property "CS_mult_fsm_s1_55" was covered in 62 cycles in 7.29 s.
54.0.Ht: All properties determined. [7.24 s]
54.0.N: Trace Attempt 36	[7.51 s]
54.0.N: Stopped processing property "CS_mult_fsm_s1_55"	[7.52 s].
54.0.N: All properties determined. [7.52 s]
54.0.N: Exited with Success (@ 7.56 s)
54: ProofGrid usable level: 0
54.0.Mpcustom4: Trace Attempt 42	[7.05 s]
54.0.Mpcustom4: All properties determined. [7.42 s]
54.0.Mpcustom4: Exited with Success (@ 7.67 s)
54.0.B: Trace Attempt 62	[4.81 s]
54.0.B: Stopped processing property "CS_mult_fsm_s1_55"	[7.54 s].
54.0.B: All properties determined. [7.53 s]
54.0.B: Exited with Success (@ 7.74 s)
54.0.AM: Trace Attempt 62	[6.56 s]
54.0.AM: Stopped processing property "CS_mult_fsm_s1_55"	[7.59 s].
54.0.AM: All properties determined. [7.61 s]
54.0.AM: Exited with Success (@ 8.14 s)
54.0.Ht: Exited with Success (@ 8.46 s)
54.0.Hp: Interrupted (multi)
54.0.Hp: All properties determined. [8.91 s]
54.0.Hp: Exited with Success (@ 9.06 s)
54: --------------------------------------------------------------
ProofGrid Summary (utilization 97.46 %)
--------------------------------------------------------------
     engines started                               :     7
     engine jobs started                           :     7

    Average time in state (seconds)
    ------------------------------------------------------
    Engine  Pending     Running        Dead    Utilization
    ------------------------------------------------------
      N        0.10        7.27        0.00       98.60 %
     Hp        0.07        7.28        0.00       99.01 %
     Ht        0.10        7.25        0.00       98.67 %
    Mpcustom4        0.22        7.08        0.00       96.99 %
     Oh        0.28        0.24        0.00       46.25 %
      B        0.16        7.11        0.00       97.81 %
     AM        0.19        7.06        0.00       97.34 %
    all        0.16        6.18        0.00       97.46 %

    Total time in state (seconds)
    -----------------------------------------
            Pending     Running        Dead  
    -----------------------------------------
               1.13       43.29        0.00

    Data read    : 157.87 kiB
    Data written : 9.77 kiB

54: All pending notifications were processed.
INFO (IPF059): 54: Completed proof on task: "mytask"
cover -name CS_mult_fsm_s1_56 {@(posedge clk_i) !mult_fsm_s1 ##1 mult_fsm_s1 [*56] ##1 !mult_fsm_s1 }
INFO (IPF036): Starting proof on task: "mytask", 1 properties to prove with 0 already proven/unreachable
INFO (IPF031): Settings used for proof thread 55:
    orchestration                 = on (auto)
    time_limit                    = 600s
    per_property_time_limit       = 1s * 10 ^ scan
    engine_mode                   = auto
    proofgrid_per_engine_max_jobs = 1
    max engine jobs               = auto
    proofgrid_mode                = local
    proofgrid_restarts            = 10
55: Using multistage preprocessing
55: Starting reduce
55: Finished reduce in 0.046s
55.0.PRE: Performing Proof Simplification...
55.0.N: clocks: 1, declared: 1, looping: 0, posedge: 1, negedge: 0, noedge: 0, bothedge: 0
55.0.N: Proof Simplification Iteration 1	[0.00 s]
55.0.N: Proof Simplification Iteration 2	[0.04 s]
55.0.N: Proof Simplification Iteration 3	[0.06 s]
55.0.N: Proof Simplification Iteration 4	[0.08 s]
55.0.N: Proof Simplification Iteration 5	[0.10 s]
55.0.N: Proof Simplification Iteration 6	[0.12 s]
55.0.N: Proof Simplification Iteration 7	[0.14 s]
55.0.N: Proof Simplification Iteration 8	[0.15 s]
55.0.N: Proof Simplification Iteration 9	[0.17 s]
55.0.N: Proof Simplification Iteration 10	[0.19 s]
55.0.PRE: Proof Simplification completed in 0.24 s
55: About to start ProofGrid in its own thread with a limit of 10000 pending notifications and a limit of 10 traces.
55: =============================== ProofGrid start ===============================
55: ProofGrid usable level: 1
55: Initial ProofGrid level: 1
55: ProofGrid is starting event handling
55.0.Hp: caddy12.stanford.edu: "Rocky Linux 8.10 (Green Obsidian)" is an unsupported operating system.
55.0.N: caddy12.stanford.edu: "Rocky Linux 8.10 (Green Obsidian)" is an unsupported operating system.
55.0.Ht: caddy12.stanford.edu: "Rocky Linux 8.10 (Green Obsidian)" is an unsupported operating system.
55.0.Mpcustom4: caddy12.stanford.edu: "Rocky Linux 8.10 (Green Obsidian)" is an unsupported operating system.
55.0.Hp: Proofgrid shell started at 2330461@caddy12.stanford.edu(local) jg_2320910_caddy12.stanford.edu_56
55.0.N: Proofgrid shell started at 2330460@caddy12.stanford.edu(local) jg_2320910_caddy12.stanford.edu_56
55.0.N: clocks: 1, declared: 1, looping: 0, posedge: 1, negedge: 0, noedge: 0, bothedge: 0
55.0.Hp: clocks: 1, declared: 1, looping: 0, posedge: 1, negedge: 0, noedge: 0, bothedge: 0
55.0.Ht: Proofgrid shell started at 2330483@caddy12.stanford.edu(local) jg_2320910_caddy12.stanford.edu_56
55.0.N: Last scan. Per property time limit: 0s
55.0.N: Starting proof for property "CS_mult_fsm_s1_56"	[0.00 s].
55.0.Oh: caddy12.stanford.edu: "Rocky Linux 8.10 (Green Obsidian)" is an unsupported operating system.
55.0.N: Trace Attempt  1	[0.01 s]
55.0.N: Trace Attempt  2	[0.02 s]
55.0.N: Trace Attempt  3	[0.02 s]
55.0.Ht: clocks: 1, declared: 1, looping: 0, posedge: 1, negedge: 0, noedge: 0, bothedge: 0
55.0.Mpcustom4: Proofgrid shell started at 2330502@caddy12.stanford.edu(local) jg_2320910_caddy12.stanford.edu_56
55.0.B: caddy12.stanford.edu: "Rocky Linux 8.10 (Green Obsidian)" is an unsupported operating system.
55.0.Mpcustom4: clocks: 1, declared: 1, looping: 0, posedge: 1, negedge: 0, noedge: 0, bothedge: 0
55.0.AM: caddy12.stanford.edu: "Rocky Linux 8.10 (Green Obsidian)" is an unsupported operating system.
55.0.N: Trace Attempt  3	[0.08 s]
55.0.N: Trace Attempt  4	[0.10 s]
55.0.N: Trace Attempt  5	[0.10 s]
55.0.Ht: Trace Attempt  1	[0.09 s]
55.0.Ht: Trace Attempt  2	[0.10 s]
55.0.Mpcustom4: Trace Attempt  1	[0.06 s]
55.0.Oh: Proofgrid shell started at 2330517@caddy12.stanford.edu(local) jg_2320910_caddy12.stanford.edu_56
55.0.Ht: Trace Attempt  3	[0.12 s]
55.0.Oh: clocks: 1, declared: 1, looping: 0, posedge: 1, negedge: 0, noedge: 0, bothedge: 0
55.0.Ht: Trace Attempt  4	[0.14 s]
55.0.Mpcustom4: Trace Attempt  2	[0.09 s]
55.0.Ht: Trace Attempt  5	[0.15 s]
55.0.AM: Proofgrid shell started at 2330526@caddy12.stanford.edu(local) jg_2320910_caddy12.stanford.edu_56
55.0.N: Trace Attempt  5	[0.18 s]
55.0.B: Proofgrid shell started at 2330518@caddy12.stanford.edu(local) jg_2320910_caddy12.stanford.edu_56
55.0.AM: clocks: 1, declared: 1, looping: 0, posedge: 1, negedge: 0, noedge: 0, bothedge: 0
55.0.AM: Last scan. Per property time limit: 0s
55.0.AM: Starting proof for property "CS_mult_fsm_s1_56"	[0.00 s].
55.0.AM: Trace Attempt  1	[0.01 s]
55.0.AM: Trace Attempt  2	[0.03 s]
55.0.B: clocks: 1, declared: 1, looping: 0, posedge: 1, negedge: 0, noedge: 0, bothedge: 0
55.0.AM: Trace Attempt  3	[0.05 s]
55.0.B: Last scan. Per property time limit: 0s
55.0.B: Starting proof for property "CS_mult_fsm_s1_56"	[0.00 s].
55.0.AM: Trace Attempt  4	[0.07 s]
55.0.B: Trace Attempt  1	[0.02 s]
55.0.B: Trace Attempt  2	[0.03 s]
55.0.B: Trace Attempt  3	[0.04 s]
55.0.AM: Trace Attempt  5	[0.10 s]
55.0.B: Trace Attempt  4	[0.06 s]
55.0.Oh: bwd trail(1): 1 0.114074s
55.0.Oh: All properties either determined or skipped. [0.24 s]
55.0.Oh: Exited with Success (@ 0.43 s)
55.0.B: Trace Attempt  5	[0.15 s]
55.0.Mpcustom4: Trace Attempt  3	[1.06 s]
55.0.Mpcustom4: Trace Attempt  3	[1.11 s]
55.0.Mpcustom4: Trace Attempt  4	[1.18 s]
55.0.Mpcustom4: Trace Attempt  4	[1.28 s]
55.0.Mpcustom4: Trace Attempt  5	[1.35 s]
55.0.Mpcustom4: Trace Attempt  5	[1.48 s]
55.0.AM: Trace Attempt 51	[4.17 s]
55.0.N: Trace Attempt 24	[4.42 s]
55.0.B: Trace Attempt 55	[4.21 s]
55.0.Mpcustom4: Trace Attempt 30	[5.49 s]
55.0.N: Trace Attempt 35	[9.15 s]
55.0.Mpcustom4: Trace Attempt 46	[9.97 s]
55.0.N: Requesting engine job to stop
55.0.B: Requesting engine job to stop
55.0.AM: Requesting engine job to stop
55.0.Hp: Requesting engine job to terminate
55.0.Ht: Requesting engine job to terminate
55.0.Mpcustom4: Requesting engine job to terminate
INFO (IPF144): 55: Initiating shutdown of proof [10.52 s]
55.0.Ht: Trace Attempt 63	[3.52 s]
55.0.Ht: A trace with 63 cycles was found. [10.41 s]
INFO (IPF047): 55.0.Ht: The cover property "CS_mult_fsm_s1_56" was covered in 63 cycles in 10.55 s.
55.0.Ht: All properties determined. [10.47 s]
55.0.Hp: Interrupted (multi)
55.0.Hp: All properties determined. [10.57 s]
55.0.N: Trace Attempt 38	[10.59 s]
55.0.N: Stopped processing property "CS_mult_fsm_s1_56"	[10.60 s].
55.0.N: All properties determined. [10.59 s]
55.0.N: Exited with Success (@ 10.64 s)
55: ProofGrid usable level: 0
55.0.AM: Trace Attempt 63	[6.42 s]
55.0.AM: Stopped processing property "CS_mult_fsm_s1_56"	[10.40 s].
55.0.AM: All properties determined. [10.41 s]
55.0.AM: Exited with Success (@ 10.67 s)
55.0.B: Trace Attempt 63	[4.88 s]
55.0.B: Stopped processing property "CS_mult_fsm_s1_56"	[10.46 s].
55.0.B: All properties determined. [10.47 s]
55.0.B: Exited with Success (@ 10.78 s)
55.0.Mpcustom4: All properties determined. [10.76 s]
55.0.Mpcustom4: Exited with Success (@ 10.87 s)
55.0.Ht: Exited with Success (@ 11.06 s)
55.0.Hp: Exited with Success (@ 11.18 s)
55: --------------------------------------------------------------
ProofGrid Summary (utilization 98.49 %)
--------------------------------------------------------------
     engines started                               :     7
     engine jobs started                           :     7

    Average time in state (seconds)
    ------------------------------------------------------
    Engine  Pending     Running        Dead    Utilization
    ------------------------------------------------------
      N        0.11       10.50        0.00       98.93 %
     Hp        0.08       10.49        0.00       99.24 %
     Ht        0.09       10.48        0.00       99.12 %
    Mpcustom4        0.10       10.43        0.00       99.03 %
     Oh        0.16        0.24        0.00       60.84 %
      B        0.22       10.24        0.00       97.87 %
     AM        0.19       10.29        0.00       98.16 %
    all        0.14        8.96        0.00       98.49 %

    Total time in state (seconds)
    -----------------------------------------
            Pending     Running        Dead  
    -----------------------------------------
               0.96       62.69        0.00

    Data read    : 163.38 kiB
    Data written : 9.25 kiB

55: All pending notifications were processed.
INFO (IPF059): 55: Completed proof on task: "mytask"
cover -name CS_mult_fsm_s1_57 {@(posedge clk_i) !mult_fsm_s1 ##1 mult_fsm_s1 [*57] ##1 !mult_fsm_s1 }
INFO (IPF036): Starting proof on task: "mytask", 1 properties to prove with 0 already proven/unreachable
INFO (IPF031): Settings used for proof thread 56:
    orchestration                 = on (auto)
    time_limit                    = 600s
    per_property_time_limit       = 1s * 10 ^ scan
    engine_mode                   = auto
    proofgrid_per_engine_max_jobs = 1
    max engine jobs               = auto
    proofgrid_mode                = local
    proofgrid_restarts            = 10
56: Using multistage preprocessing
56: Starting reduce
56: Finished reduce in 0.046s
56.0.PRE: Performing Proof Simplification...
56.0.N: clocks: 1, declared: 1, looping: 0, posedge: 1, negedge: 0, noedge: 0, bothedge: 0
56.0.N: Proof Simplification Iteration 1	[0.00 s]
56.0.N: Proof Simplification Iteration 2	[0.04 s]
56.0.N: Proof Simplification Iteration 3	[0.06 s]
56.0.N: Proof Simplification Iteration 4	[0.08 s]
56.0.N: Proof Simplification Iteration 5	[0.10 s]
56.0.N: Proof Simplification Iteration 6	[0.12 s]
56.0.N: Proof Simplification Iteration 7	[0.14 s]
56.0.N: Proof Simplification Iteration 8	[0.15 s]
56.0.N: Proof Simplification Iteration 9	[0.17 s]
56.0.N: Proof Simplification Iteration 10	[0.19 s]
56.0.PRE: Proof Simplification completed in 0.24 s
56: About to start ProofGrid in its own thread with a limit of 10000 pending notifications and a limit of 10 traces.
56: =============================== ProofGrid start ===============================
56: ProofGrid usable level: 1
56: Initial ProofGrid level: 1
56: ProofGrid is starting event handling
56.0.N: caddy12.stanford.edu: "Rocky Linux 8.10 (Green Obsidian)" is an unsupported operating system.
56.0.Hp: caddy12.stanford.edu: "Rocky Linux 8.10 (Green Obsidian)" is an unsupported operating system.
56.0.Ht: caddy12.stanford.edu: "Rocky Linux 8.10 (Green Obsidian)" is an unsupported operating system.
56.0.N: Proofgrid shell started at 2330575@caddy12.stanford.edu(local) jg_2320910_caddy12.stanford.edu_57
56.0.Hp: Proofgrid shell started at 2330576@caddy12.stanford.edu(local) jg_2320910_caddy12.stanford.edu_57
56.0.Mpcustom4: caddy12.stanford.edu: "Rocky Linux 8.10 (Green Obsidian)" is an unsupported operating system.
56.0.N: clocks: 1, declared: 1, looping: 0, posedge: 1, negedge: 0, noedge: 0, bothedge: 0
56.0.Hp: clocks: 1, declared: 1, looping: 0, posedge: 1, negedge: 0, noedge: 0, bothedge: 0
56.0.Ht: Proofgrid shell started at 2330598@caddy12.stanford.edu(local) jg_2320910_caddy12.stanford.edu_57
56.0.N: Last scan. Per property time limit: 0s
56.0.N: Starting proof for property "CS_mult_fsm_s1_57"	[0.00 s].
56.0.N: Trace Attempt  1	[0.01 s]
56.0.N: Trace Attempt  2	[0.02 s]
56.0.N: Trace Attempt  3	[0.02 s]
56.0.Mpcustom4: Proofgrid shell started at 2330617@caddy12.stanford.edu(local) jg_2320910_caddy12.stanford.edu_57
56.0.Ht: clocks: 1, declared: 1, looping: 0, posedge: 1, negedge: 0, noedge: 0, bothedge: 0
56.0.Mpcustom4: clocks: 1, declared: 1, looping: 0, posedge: 1, negedge: 0, noedge: 0, bothedge: 0
56.0.N: Trace Attempt  3	[0.06 s]
56.0.Ht: Trace Attempt  1	[0.05 s]
56.0.Ht: Trace Attempt  2	[0.05 s]
56.0.Mpcustom4: Trace Attempt  1	[0.04 s]
56.0.N: Trace Attempt  4	[0.08 s]
56.0.N: Trace Attempt  5	[0.08 s]
56.0.Ht: Trace Attempt  3	[0.06 s]
56.0.Ht: Trace Attempt  4	[0.07 s]
56.0.Mpcustom4: Trace Attempt  2	[0.06 s]
56.0.Ht: Trace Attempt  5	[0.07 s]
56.0.N: Trace Attempt  5	[0.16 s]
56.0.Oh: caddy12.stanford.edu: "Rocky Linux 8.10 (Green Obsidian)" is an unsupported operating system.
56.0.AM: caddy12.stanford.edu: "Rocky Linux 8.10 (Green Obsidian)" is an unsupported operating system.
56.0.B: caddy12.stanford.edu: "Rocky Linux 8.10 (Green Obsidian)" is an unsupported operating system.
56.0.Oh: Proofgrid shell started at 2330631@caddy12.stanford.edu(local) jg_2320910_caddy12.stanford.edu_57
56.0.AM: Proofgrid shell started at 2330637@caddy12.stanford.edu(local) jg_2320910_caddy12.stanford.edu_57
56.0.Oh: clocks: 1, declared: 1, looping: 0, posedge: 1, negedge: 0, noedge: 0, bothedge: 0
56.0.AM: clocks: 1, declared: 1, looping: 0, posedge: 1, negedge: 0, noedge: 0, bothedge: 0
56.0.B: Proofgrid shell started at 2330636@caddy12.stanford.edu(local) jg_2320910_caddy12.stanford.edu_57
56.0.AM: Last scan. Per property time limit: 0s
56.0.AM: Starting proof for property "CS_mult_fsm_s1_57"	[0.00 s].
56.0.AM: Trace Attempt  1	[0.02 s]
56.0.B: clocks: 1, declared: 1, looping: 0, posedge: 1, negedge: 0, noedge: 0, bothedge: 0
56.0.B: Last scan. Per property time limit: 0s
56.0.B: Starting proof for property "CS_mult_fsm_s1_57"	[0.00 s].
56.0.AM: Trace Attempt  2	[0.06 s]
56.0.B: Trace Attempt  1	[0.01 s]
56.0.B: Trace Attempt  2	[0.02 s]
56.0.B: Trace Attempt  3	[0.04 s]
56.0.AM: Trace Attempt  3	[0.10 s]
56.0.B: Trace Attempt  4	[0.07 s]
56.0.AM: Trace Attempt  4	[0.15 s]
56.0.B: Trace Attempt  5	[0.14 s]
56.0.AM: Trace Attempt  5	[0.20 s]
56.0.Oh: bwd trail(1): 1 0.112142s
56.0.Oh: All properties either determined or skipped. [0.26 s]
56.0.Oh: Exited with Success (@ 0.81 s)
56.0.Oh: Completed, Restart ignored.
56.0.Mpcustom4: Trace Attempt  3	[0.83 s]
56.0.Mpcustom4: Trace Attempt  3	[0.86 s]
56.0.Mpcustom4: Trace Attempt  4	[0.89 s]
56.0.Mpcustom4: Trace Attempt  4	[0.94 s]
56.0.Mpcustom4: Trace Attempt  5	[0.97 s]
56.0.Mpcustom4: Trace Attempt  5	[1.03 s]
56.0.N: Trace Attempt 29	[4.31 s]
56.0.AM: Trace Attempt 46	[4.21 s]
56.0.B: Trace Attempt 53	[4.17 s]
56.0.Mpcustom4: Trace Attempt 36	[5.97 s]
56.0.N: Trace Attempt 39	[8.45 s]
56.0.Mpcustom4: Trace Attempt 50	[9.97 s]
56.0.N: Trace Attempt 47	[12.53 s]
56.0.N: Requesting engine job to stop
56.0.B: Requesting engine job to stop
56.0.AM: Requesting engine job to stop
56.0.Hp: Requesting engine job to terminate
56.0.Ht: Requesting engine job to terminate
56.0.Mpcustom4: Requesting engine job to terminate
INFO (IPF144): 56: Initiating shutdown of proof [14.12 s]
56.0.Ht: Trace Attempt 64	[3.00 s]
56.0.Ht: A trace with 64 cycles was found. [13.98 s]
INFO (IPF047): 56.0.Ht: The cover property "CS_mult_fsm_s1_57" was covered in 64 cycles in 14.12 s.
56.0.Ht: All properties determined. [14.06 s]
56.0.AM: Trace Attempt 64	[7.62 s]
56.0.AM: Stopped processing property "CS_mult_fsm_s1_57"	[13.75 s].
56.0.AM: All properties determined. [13.78 s]
56.0.AM: Exited with Success (@ 14.36 s)
56: ProofGrid usable level: 0
56.0.N: Trace Attempt 49	[12.78 s]
56.0.N: Stopped processing property "CS_mult_fsm_s1_57"	[14.35 s].
56.0.N: All properties determined. [14.37 s]
56.0.N: Exited with Success (@ 14.41 s)
56.0.B: Trace Attempt 64	[5.47 s]
56.0.B: Stopped processing property "CS_mult_fsm_s1_57"	[13.91 s].
56.0.B: All properties determined. [13.93 s]
56.0.B: Exited with Success (@ 14.55 s)
56.0.Mpcustom4: Trace Attempt 62	[13.68 s]
56.0.Mpcustom4: All properties determined. [14.49 s]
56.0.Hp: Interrupted (multi)
56.0.Hp: All properties determined. [14.63 s]
56.0.Mpcustom4: Exited with Success (@ 14.64 s)
56.0.Ht: Exited with Success (@ 14.77 s)
56.0.Hp: Exited with Success (@ 14.91 s)
56: --------------------------------------------------------------
ProofGrid Summary (utilization 97.72 %)
--------------------------------------------------------------
     engines started                               :     7
     engine jobs started                           :     7

    Average time in state (seconds)
    ------------------------------------------------------
    Engine  Pending     Running        Dead    Utilization
    ------------------------------------------------------
      N        0.11       14.11        0.00       99.26 %
     Hp        0.09       14.11        0.00       99.36 %
     Ht        0.11       14.07        0.00       99.24 %
    Mpcustom4        0.10       14.05        0.00       99.33 %
     Oh        0.51        0.25        0.00       33.42 %
      B        0.56       13.52        0.00       96.00 %
     AM        0.49       13.58        0.00       96.55 %
    all        0.28       11.96        0.00       97.72 %

    Total time in state (seconds)
    -----------------------------------------
            Pending     Running        Dead  
    -----------------------------------------
               1.95       83.71        0.00

    Data read    : 172.34 kiB
    Data written : 11.10 kiB

56: All pending notifications were processed.
INFO (IPF059): 56: Completed proof on task: "mytask"
cover -name CS_mult_fsm_s1_58 {@(posedge clk_i) !mult_fsm_s1 ##1 mult_fsm_s1 [*58] ##1 !mult_fsm_s1 }
INFO (IPF036): Starting proof on task: "mytask", 1 properties to prove with 0 already proven/unreachable
INFO (IPF031): Settings used for proof thread 57:
    orchestration                 = on (auto)
    time_limit                    = 600s
    per_property_time_limit       = 1s * 10 ^ scan
    engine_mode                   = auto
    proofgrid_per_engine_max_jobs = 1
    max engine jobs               = auto
    proofgrid_mode                = local
    proofgrid_restarts            = 10
57: Using multistage preprocessing
57: Starting reduce
57: Finished reduce in 0.046s
57.0.PRE: Performing Proof Simplification...
57.0.N: clocks: 1, declared: 1, looping: 0, posedge: 1, negedge: 0, noedge: 0, bothedge: 0
57.0.N: Proof Simplification Iteration 1	[0.00 s]
57.0.N: Proof Simplification Iteration 2	[0.04 s]
57.0.N: Proof Simplification Iteration 3	[0.06 s]
57.0.N: Proof Simplification Iteration 4	[0.08 s]
57.0.N: Proof Simplification Iteration 5	[0.10 s]
57.0.N: Proof Simplification Iteration 6	[0.12 s]
57.0.N: Proof Simplification Iteration 7	[0.14 s]
57.0.N: Proof Simplification Iteration 8	[0.15 s]
57.0.N: Proof Simplification Iteration 9	[0.17 s]
57.0.N: Proof Simplification Iteration 10	[0.19 s]
57.0.PRE: Proof Simplification completed in 0.24 s
57: About to start ProofGrid in its own thread with a limit of 10000 pending notifications and a limit of 10 traces.
57: =============================== ProofGrid start ===============================
57: ProofGrid usable level: 1
57: Initial ProofGrid level: 1
57: ProofGrid is starting event handling
57.0.N: caddy12.stanford.edu: "Rocky Linux 8.10 (Green Obsidian)" is an unsupported operating system.
57.0.Hp: caddy12.stanford.edu: "Rocky Linux 8.10 (Green Obsidian)" is an unsupported operating system.
57.0.Mpcustom4: caddy12.stanford.edu: "Rocky Linux 8.10 (Green Obsidian)" is an unsupported operating system.
57.0.Ht: caddy12.stanford.edu: "Rocky Linux 8.10 (Green Obsidian)" is an unsupported operating system.
57.0.N: Proofgrid shell started at 2330817@caddy12.stanford.edu(local) jg_2320910_caddy12.stanford.edu_58
57.0.Hp: Proofgrid shell started at 2330818@caddy12.stanford.edu(local) jg_2320910_caddy12.stanford.edu_58
57.0.Oh: caddy12.stanford.edu: "Rocky Linux 8.10 (Green Obsidian)" is an unsupported operating system.
57.0.N: clocks: 1, declared: 1, looping: 0, posedge: 1, negedge: 0, noedge: 0, bothedge: 0
57.0.N: Last scan. Per property time limit: 0s
57.0.N: Starting proof for property "CS_mult_fsm_s1_58"	[0.00 s].
57.0.Hp: clocks: 1, declared: 1, looping: 0, posedge: 1, negedge: 0, noedge: 0, bothedge: 0
57.0.N: Trace Attempt  1	[0.01 s]
57.0.Mpcustom4: Proofgrid shell started at 2330843@caddy12.stanford.edu(local) jg_2320910_caddy12.stanford.edu_58
57.0.N: Trace Attempt  2	[0.02 s]
57.0.N: Trace Attempt  3	[0.02 s]
57.0.Mpcustom4: clocks: 1, declared: 1, looping: 0, posedge: 1, negedge: 0, noedge: 0, bothedge: 0
57.0.Oh: Proofgrid shell started at 2330864@caddy12.stanford.edu(local) jg_2320910_caddy12.stanford.edu_58
57.0.N: Trace Attempt  3	[0.06 s]
57.0.Oh: clocks: 1, declared: 1, looping: 0, posedge: 1, negedge: 0, noedge: 0, bothedge: 0
57.0.N: Trace Attempt  4	[0.08 s]
57.0.N: Trace Attempt  5	[0.08 s]
57.0.Ht: Proofgrid shell started at 2330840@caddy12.stanford.edu(local) jg_2320910_caddy12.stanford.edu_58
57.0.Ht: clocks: 1, declared: 1, looping: 0, posedge: 1, negedge: 0, noedge: 0, bothedge: 0
57.0.Mpcustom4: Trace Attempt  1	[0.10 s]
57.0.Ht: Trace Attempt  1	[0.04 s]
57.0.B: caddy12.stanford.edu: "Rocky Linux 8.10 (Green Obsidian)" is an unsupported operating system.
57.0.Ht: Trace Attempt  2	[0.04 s]
57.0.Ht: Trace Attempt  3	[0.05 s]
57.0.Mpcustom4: Trace Attempt  2	[0.13 s]
57.0.N: Trace Attempt  5	[0.16 s]
57.0.Ht: Trace Attempt  4	[0.06 s]
57.0.Ht: Trace Attempt  5	[0.06 s]
57.0.AM: caddy12.stanford.edu: "Rocky Linux 8.10 (Green Obsidian)" is an unsupported operating system.
57.0.Oh: bwd trail(1): 1 0.113727s
57.0.Oh: All properties either determined or skipped. [0.25 s]
57.0.Oh: Exited with Success (@ 0.34 s)
57.0.Oh: Completed, Restart ignored.
57.0.B: Proofgrid shell started at 2330880@caddy12.stanford.edu(local) jg_2320910_caddy12.stanford.edu_58
57.0.AM: Proofgrid shell started at 2330888@caddy12.stanford.edu(local) jg_2320910_caddy12.stanford.edu_58
57.0.B: clocks: 1, declared: 1, looping: 0, posedge: 1, negedge: 0, noedge: 0, bothedge: 0
57.0.B: Last scan. Per property time limit: 0s
57.0.B: Starting proof for property "CS_mult_fsm_s1_58"	[0.00 s].
57.0.B: Trace Attempt  1	[0.02 s]
57.0.B: Trace Attempt  2	[0.03 s]
57.0.AM: clocks: 1, declared: 1, looping: 0, posedge: 1, negedge: 0, noedge: 0, bothedge: 0
57.0.AM: Last scan. Per property time limit: 0s
57.0.AM: Starting proof for property "CS_mult_fsm_s1_58"	[0.00 s].
57.0.B: Trace Attempt  3	[0.05 s]
57.0.AM: Trace Attempt  1	[0.03 s]
57.0.B: Trace Attempt  4	[0.07 s]
57.0.AM: Trace Attempt  2	[0.06 s]
57.0.AM: Trace Attempt  3	[0.10 s]
57.0.B: Trace Attempt  5	[0.16 s]
57.0.AM: Trace Attempt  4	[0.15 s]
57.0.AM: Trace Attempt  5	[0.21 s]
57.0.Mpcustom4: Trace Attempt  3	[0.96 s]
57.0.Mpcustom4: Trace Attempt  3	[1.00 s]
57.0.Mpcustom4: Trace Attempt  4	[1.03 s]
57.0.Mpcustom4: Trace Attempt  4	[1.08 s]
57.0.Mpcustom4: Trace Attempt  5	[1.11 s]
57.0.Mpcustom4: Trace Attempt  5	[1.17 s]
57.0.N: Trace Attempt 27	[4.27 s]
57.0.B: Trace Attempt 52	[4.18 s]
57.0.AM: Trace Attempt 46	[4.31 s]
57.0.Mpcustom4: Trace Attempt 30	[5.18 s]
57.0.N: Trace Attempt 40	[8.44 s]
57.0.Mpcustom4: Trace Attempt 46	[9.64 s]
57.0.N: Requesting engine job to stop
57.0.B: Requesting engine job to stop
57.0.AM: Requesting engine job to stop
57.0.Hp: Requesting engine job to terminate
57.0.Ht: Requesting engine job to terminate
57.0.Mpcustom4: Requesting engine job to terminate
INFO (IPF144): 57: Initiating shutdown of proof [12.15 s]
57.0.Ht: Trace Attempt 65	[4.03 s]
57.0.Ht: A trace with 65 cycles was found. [11.96 s]
INFO (IPF047): 57.0.Ht: The cover property "CS_mult_fsm_s1_58" was covered in 65 cycles in 12.07 s.
57.0.Ht: All properties determined. [12.02 s]
57.0.N: Trace Attempt 48	[12.17 s]
57.0.N: Stopped processing property "CS_mult_fsm_s1_58"	[12.20 s].
57.0.N: All properties determined. [12.17 s]
57.0.N: Exited with Success (@ 12.21 s)
57: ProofGrid usable level: 0
57.0.Hp: Interrupted (multi)
57.0.Hp: All properties determined. [12.23 s]
57.0.AM: Trace Attempt 65	[8.00 s]
57.0.AM: Stopped processing property "CS_mult_fsm_s1_58"	[11.81 s].
57.0.AM: All properties determined. [11.81 s]
57.0.AM: Exited with Success (@ 12.34 s)
57.0.B: Trace Attempt 65	[5.29 s]
57.0.B: Stopped processing property "CS_mult_fsm_s1_58"	[11.92 s].
57.0.B: All properties determined. [11.93 s]
57.0.B: Exited with Success (@ 12.43 s)
57.0.Mpcustom4: Trace Attempt 54	[11.89 s]
57.0.Mpcustom4: All properties determined. [12.48 s]
57.0.Mpcustom4: Exited with Success (@ 12.82 s)
57.0.Hp: Exited with Success (@ 12.93 s)
57.0.Ht: Exited with Success (@ 12.93 s)
57: --------------------------------------------------------------
ProofGrid Summary (utilization 98.00 %)
--------------------------------------------------------------
     engines started                               :     7
     engine jobs started                           :     7

    Average time in state (seconds)
    ------------------------------------------------------
    Engine  Pending     Running        Dead    Utilization
    ------------------------------------------------------
      N        0.10       12.15        0.00       99.16 %
     Hp        0.08       12.14        0.00       99.32 %
     Ht        0.18       12.03        0.00       98.57 %
    Mpcustom4        0.11       12.10        0.00       99.13 %
     Oh        0.10        0.25        0.00       72.05 %
      B        0.44       11.69        0.00       96.33 %
     AM        0.46       11.66        0.00       96.21 %
    all        0.21       10.29        0.00       98.00 %

    Total time in state (seconds)
    -----------------------------------------
            Pending     Running        Dead  
    -----------------------------------------
               1.47       72.03        0.00

    Data read    : 171.77 kiB
    Data written : 9.38 kiB

57: All pending notifications were processed.
INFO (IPF059): 57: Completed proof on task: "mytask"
cover -name CS_mult_fsm_s1_59 {@(posedge clk_i) !mult_fsm_s1 ##1 mult_fsm_s1 [*59] ##1 !mult_fsm_s1 }
INFO (IPF036): Starting proof on task: "mytask", 1 properties to prove with 0 already proven/unreachable
INFO (IPF031): Settings used for proof thread 58:
    orchestration                 = on (auto)
    time_limit                    = 600s
    per_property_time_limit       = 1s * 10 ^ scan
    engine_mode                   = auto
    proofgrid_per_engine_max_jobs = 1
    max engine jobs               = auto
    proofgrid_mode                = local
    proofgrid_restarts            = 10
58: Using multistage preprocessing
58: Starting reduce
58: Finished reduce in 0.047s
58.0.PRE: Performing Proof Simplification...
58.0.N: clocks: 1, declared: 1, looping: 0, posedge: 1, negedge: 0, noedge: 0, bothedge: 0
58.0.N: Proof Simplification Iteration 1	[0.00 s]
58.0.N: Proof Simplification Iteration 2	[0.04 s]
58.0.N: Proof Simplification Iteration 3	[0.06 s]
58.0.N: Proof Simplification Iteration 4	[0.08 s]
58.0.N: Proof Simplification Iteration 5	[0.10 s]
58.0.N: Proof Simplification Iteration 6	[0.12 s]
58.0.N: Proof Simplification Iteration 7	[0.14 s]
58.0.N: Proof Simplification Iteration 8	[0.16 s]
58.0.N: Proof Simplification Iteration 9	[0.18 s]
58.0.N: Proof Simplification Iteration 10	[0.20 s]
58.0.PRE: Proof Simplification completed in 0.24 s
58: About to start ProofGrid in its own thread with a limit of 10000 pending notifications and a limit of 10 traces.
58: =============================== ProofGrid start ===============================
58: ProofGrid usable level: 1
58: Initial ProofGrid level: 1
58: ProofGrid is starting event handling
58.0.Hp: caddy12.stanford.edu: "Rocky Linux 8.10 (Green Obsidian)" is an unsupported operating system.
58.0.N: caddy12.stanford.edu: "Rocky Linux 8.10 (Green Obsidian)" is an unsupported operating system.
58.0.Ht: caddy12.stanford.edu: "Rocky Linux 8.10 (Green Obsidian)" is an unsupported operating system.
58.0.Mpcustom4: caddy12.stanford.edu: "Rocky Linux 8.10 (Green Obsidian)" is an unsupported operating system.
58.0.N: Proofgrid shell started at 2330931@caddy12.stanford.edu(local) jg_2320910_caddy12.stanford.edu_59
58.0.Hp: Proofgrid shell started at 2330932@caddy12.stanford.edu(local) jg_2320910_caddy12.stanford.edu_59
58.0.Hp: clocks: 1, declared: 1, looping: 0, posedge: 1, negedge: 0, noedge: 0, bothedge: 0
58.0.N: clocks: 1, declared: 1, looping: 0, posedge: 1, negedge: 0, noedge: 0, bothedge: 0
58.0.N: Last scan. Per property time limit: 0s
58.0.N: Starting proof for property "CS_mult_fsm_s1_59"	[0.00 s].
58.0.Ht: Proofgrid shell started at 2330955@caddy12.stanford.edu(local) jg_2320910_caddy12.stanford.edu_59
58.0.N: Trace Attempt  1	[0.01 s]
58.0.N: Trace Attempt  2	[0.02 s]
58.0.N: Trace Attempt  3	[0.02 s]
58.0.Ht: clocks: 1, declared: 1, looping: 0, posedge: 1, negedge: 0, noedge: 0, bothedge: 0
58.0.Mpcustom4: Proofgrid shell started at 2330973@caddy12.stanford.edu(local) jg_2320910_caddy12.stanford.edu_59
58.0.Mpcustom4: clocks: 1, declared: 1, looping: 0, posedge: 1, negedge: 0, noedge: 0, bothedge: 0
58.0.Ht: Trace Attempt  1	[0.04 s]
58.0.Ht: Trace Attempt  2	[0.04 s]
58.0.Ht: Trace Attempt  3	[0.05 s]
58.0.N: Trace Attempt  3	[0.06 s]
58.0.Ht: Trace Attempt  4	[0.06 s]
58.0.Mpcustom4: Trace Attempt  1	[0.04 s]
58.0.Ht: Trace Attempt  5	[0.07 s]
58.0.N: Trace Attempt  4	[0.08 s]
58.0.N: Trace Attempt  5	[0.08 s]
58.0.Mpcustom4: Trace Attempt  2	[0.06 s]
58.0.Oh: caddy12.stanford.edu: "Rocky Linux 8.10 (Green Obsidian)" is an unsupported operating system.
58.0.N: Trace Attempt  5	[0.16 s]
58.0.AM: caddy12.stanford.edu: "Rocky Linux 8.10 (Green Obsidian)" is an unsupported operating system.
58.0.B: caddy12.stanford.edu: "Rocky Linux 8.10 (Green Obsidian)" is an unsupported operating system.
58.0.Oh: Proofgrid shell started at 2330988@caddy12.stanford.edu(local) jg_2320910_caddy12.stanford.edu_59
58.0.AM: Proofgrid shell started at 2330993@caddy12.stanford.edu(local) jg_2320910_caddy12.stanford.edu_59
58.0.Oh: clocks: 1, declared: 1, looping: 0, posedge: 1, negedge: 0, noedge: 0, bothedge: 0
58.0.B: Proofgrid shell started at 2330990@caddy12.stanford.edu(local) jg_2320910_caddy12.stanford.edu_59
58.0.AM: clocks: 1, declared: 1, looping: 0, posedge: 1, negedge: 0, noedge: 0, bothedge: 0
58.0.AM: Last scan. Per property time limit: 0s
58.0.AM: Starting proof for property "CS_mult_fsm_s1_59"	[0.00 s].
58.0.B: clocks: 1, declared: 1, looping: 0, posedge: 1, negedge: 0, noedge: 0, bothedge: 0
58.0.AM: Trace Attempt  1	[0.01 s]
58.0.B: Last scan. Per property time limit: 0s
58.0.B: Starting proof for property "CS_mult_fsm_s1_59"	[0.00 s].
58.0.AM: Trace Attempt  2	[0.03 s]
58.0.B: Trace Attempt  1	[0.02 s]
58.0.B: Trace Attempt  2	[0.03 s]
58.0.AM: Trace Attempt  3	[0.05 s]
58.0.B: Trace Attempt  3	[0.05 s]
58.0.AM: Trace Attempt  4	[0.07 s]
58.0.B: Trace Attempt  4	[0.07 s]
58.0.AM: Trace Attempt  5	[0.10 s]
58.0.Oh: bwd trail(1): 1 0.109105s
58.0.Oh: All properties either determined or skipped. [0.18 s]
58.0.Oh: Exited with Success (@ 0.66 s)
58.0.Oh: Completed, Restart ignored.
58.0.B: Trace Attempt  5	[0.12 s]
58.0.Mpcustom4: Trace Attempt  3	[0.85 s]
58.0.Mpcustom4: Trace Attempt  3	[0.88 s]
58.0.Mpcustom4: Trace Attempt  4	[0.91 s]
58.0.Mpcustom4: Trace Attempt  4	[0.96 s]
58.0.Mpcustom4: Trace Attempt  5	[0.99 s]
58.0.Mpcustom4: Trace Attempt  5	[1.06 s]
58.0.N: Trace Attempt 28	[4.17 s]
58.0.AM: Trace Attempt 50	[4.13 s]
58.0.B: Trace Attempt 53	[4.21 s]
58.0.Mpcustom4: Trace Attempt 36	[5.45 s]
58.0.N: Trace Attempt 39	[8.20 s]
58.0.Mpcustom4: Trace Attempt 46	[10.13 s]
58.0.N: Requesting engine job to stop
58.0.B: Requesting engine job to stop
58.0.AM: Requesting engine job to stop
58.0.Hp: Requesting engine job to terminate
58.0.Ht: Requesting engine job to terminate
58.0.Mpcustom4: Requesting engine job to terminate
INFO (IPF144): 58: Initiating shutdown of proof [10.56 s]
58.0.Ht: Trace Attempt 66	[3.29 s]
58.0.Ht: A trace with 66 cycles was found. [10.44 s]
INFO (IPF047): 58.0.Ht: The cover property "CS_mult_fsm_s1_59" was covered in 66 cycles in 10.54 s.
58.0.Ht: All properties determined. [10.51 s]
58.0.Hp: Interrupted (multi)
58.0.Hp: All properties determined. [10.56 s]
58.0.N: Trace Attempt 45	[10.29 s]
58.0.N: Stopped processing property "CS_mult_fsm_s1_59"	[10.61 s].
58.0.N: All properties determined. [10.59 s]
58.0.N: Exited with Success (@ 10.63 s)
58: ProofGrid usable level: 0
58.0.AM: Trace Attempt 66	[7.12 s]
58.0.AM: Stopped processing property "CS_mult_fsm_s1_59"	[10.17 s].
58.0.AM: All properties determined. [10.18 s]
58.0.AM: Exited with Success (@ 10.72 s)
58.0.B: Trace Attempt 66	[5.27 s]
58.0.B: Stopped processing property "CS_mult_fsm_s1_59"	[10.26 s].
58.0.B: All properties determined. [10.27 s]
58.0.B: Exited with Success (@ 10.83 s)
58.0.Mpcustom4: Trace Attempt 49	[10.55 s]
58.0.Mpcustom4: All properties determined. [11.00 s]
58.0.Mpcustom4: Exited with Success (@ 11.12 s)
58.0.Hp: Exited with Success (@ 11.40 s)
58.0.Ht: Exited with Success (@ 11.40 s)
58: --------------------------------------------------------------
ProofGrid Summary (utilization 97.19 %)
--------------------------------------------------------------
     engines started                               :     7
     engine jobs started                           :     7

    Average time in state (seconds)
    ------------------------------------------------------
    Engine  Pending     Running        Dead    Utilization
    ------------------------------------------------------
      N        0.10       10.54        0.00       99.01 %
     Hp        0.08       10.55        0.00       99.22 %
     Ht        0.09       10.52        0.00       99.12 %
    Mpcustom4        0.09       10.49        0.00       99.12 %
     Oh        0.46        0.19        0.00       29.14 %
      B        0.51       10.04        0.00       95.21 %
     AM        0.47       10.06        0.00       95.57 %
    all        0.26        8.91        0.00       97.19 %

    Total time in state (seconds)
    -----------------------------------------
            Pending     Running        Dead  
    -----------------------------------------
               1.80       62.40        0.00

    Data read    : 172.04 kiB
    Data written : 10.64 kiB

58: All pending notifications were processed.
INFO (IPF059): 58: Completed proof on task: "mytask"
cover -name CS_mult_fsm_s1_60 {@(posedge clk_i) !mult_fsm_s1 ##1 mult_fsm_s1 [*60] ##1 !mult_fsm_s1 }
INFO (IPF036): Starting proof on task: "mytask", 1 properties to prove with 0 already proven/unreachable
INFO (IPF031): Settings used for proof thread 59:
    orchestration                 = on (auto)
    time_limit                    = 600s
    per_property_time_limit       = 1s * 10 ^ scan
    engine_mode                   = auto
    proofgrid_per_engine_max_jobs = 1
    max engine jobs               = auto
    proofgrid_mode                = local
    proofgrid_restarts            = 10
59: Using multistage preprocessing
59: Starting reduce
59: Finished reduce in 0.046s
59.0.PRE: Performing Proof Simplification...
59.0.N: clocks: 1, declared: 1, looping: 0, posedge: 1, negedge: 0, noedge: 0, bothedge: 0
59.0.N: Proof Simplification Iteration 1	[0.00 s]
59.0.N: Proof Simplification Iteration 2	[0.04 s]
59.0.N: Proof Simplification Iteration 3	[0.06 s]
59.0.N: Proof Simplification Iteration 4	[0.08 s]
59.0.N: Proof Simplification Iteration 5	[0.10 s]
59.0.N: Proof Simplification Iteration 6	[0.12 s]
59.0.N: Proof Simplification Iteration 7	[0.14 s]
59.0.N: Proof Simplification Iteration 8	[0.15 s]
59.0.N: Proof Simplification Iteration 9	[0.17 s]
59.0.N: Proof Simplification Iteration 10	[0.19 s]
59.0.PRE: Proof Simplification completed in 0.24 s
59: About to start ProofGrid in its own thread with a limit of 10000 pending notifications and a limit of 10 traces.
59: =============================== ProofGrid start ===============================
59: ProofGrid usable level: 1
59: Initial ProofGrid level: 1
59: ProofGrid is starting event handling
59.0.N: caddy12.stanford.edu: "Rocky Linux 8.10 (Green Obsidian)" is an unsupported operating system.
59.0.Hp: caddy12.stanford.edu: "Rocky Linux 8.10 (Green Obsidian)" is an unsupported operating system.
59.0.Ht: caddy12.stanford.edu: "Rocky Linux 8.10 (Green Obsidian)" is an unsupported operating system.
59.0.Hp: Proofgrid shell started at 2331189@caddy12.stanford.edu(local) jg_2320910_caddy12.stanford.edu_60
59.0.N: Proofgrid shell started at 2331188@caddy12.stanford.edu(local) jg_2320910_caddy12.stanford.edu_60
59.0.Hp: clocks: 1, declared: 1, looping: 0, posedge: 1, negedge: 0, noedge: 0, bothedge: 0
59.0.Mpcustom4: caddy12.stanford.edu: "Rocky Linux 8.10 (Green Obsidian)" is an unsupported operating system.
59.0.Ht: Proofgrid shell started at 2331211@caddy12.stanford.edu(local) jg_2320910_caddy12.stanford.edu_60
59.0.N: clocks: 1, declared: 1, looping: 0, posedge: 1, negedge: 0, noedge: 0, bothedge: 0
59.0.N: Last scan. Per property time limit: 0s
59.0.N: Starting proof for property "CS_mult_fsm_s1_60"	[0.00 s].
59.0.Ht: clocks: 1, declared: 1, looping: 0, posedge: 1, negedge: 0, noedge: 0, bothedge: 0
59.0.N: Trace Attempt  1	[0.01 s]
59.0.N: Trace Attempt  2	[0.02 s]
59.0.N: Trace Attempt  3	[0.02 s]
59.0.Ht: Trace Attempt  1	[0.04 s]
59.0.Ht: Trace Attempt  2	[0.04 s]
59.0.Ht: Trace Attempt  3	[0.05 s]
59.0.Mpcustom4: Proofgrid shell started at 2331230@caddy12.stanford.edu(local) jg_2320910_caddy12.stanford.edu_60
59.0.Ht: Trace Attempt  4	[0.06 s]
59.0.Oh: caddy12.stanford.edu: "Rocky Linux 8.10 (Green Obsidian)" is an unsupported operating system.
59.0.Ht: Trace Attempt  5	[0.07 s]
59.0.Mpcustom4: clocks: 1, declared: 1, looping: 0, posedge: 1, negedge: 0, noedge: 0, bothedge: 0
59.0.N: Trace Attempt  3	[0.07 s]
59.0.N: Trace Attempt  4	[0.09 s]
59.0.N: Trace Attempt  5	[0.09 s]
59.0.Mpcustom4: Trace Attempt  1	[0.05 s]
59.0.Mpcustom4: Trace Attempt  2	[0.07 s]
59.0.AM: caddy12.stanford.edu: "Rocky Linux 8.10 (Green Obsidian)" is an unsupported operating system.
59.0.N: Trace Attempt  5	[0.17 s]
59.0.B: caddy12.stanford.edu: "Rocky Linux 8.10 (Green Obsidian)" is an unsupported operating system.
59.0.Oh: Proofgrid shell started at 2331239@caddy12.stanford.edu(local) jg_2320910_caddy12.stanford.edu_60
59.0.Oh: clocks: 1, declared: 1, looping: 0, posedge: 1, negedge: 0, noedge: 0, bothedge: 0
59.0.AM: Proofgrid shell started at 2331244@caddy12.stanford.edu(local) jg_2320910_caddy12.stanford.edu_60
59.0.B: Proofgrid shell started at 2331241@caddy12.stanford.edu(local) jg_2320910_caddy12.stanford.edu_60
59.0.AM: clocks: 1, declared: 1, looping: 0, posedge: 1, negedge: 0, noedge: 0, bothedge: 0
59.0.AM: Last scan. Per property time limit: 0s
59.0.AM: Starting proof for property "CS_mult_fsm_s1_60"	[0.00 s].
59.0.B: clocks: 1, declared: 1, looping: 0, posedge: 1, negedge: 0, noedge: 0, bothedge: 0
59.0.B: Last scan. Per property time limit: 0s
59.0.B: Starting proof for property "CS_mult_fsm_s1_60"	[0.00 s].
59.0.B: Trace Attempt  1	[0.02 s]
59.0.AM: Trace Attempt  1	[0.03 s]
59.0.B: Trace Attempt  2	[0.03 s]
59.0.Oh: bwd trail(1): 1 0.112334s
59.0.B: Trace Attempt  3	[0.05 s]
59.0.AM: Trace Attempt  2	[0.06 s]
59.0.Oh: All properties either determined or skipped. [0.27 s]
59.0.Oh: Exited with Success (@ 0.59 s)
59.0.Oh: Completed, Restart ignored.
59.0.B: Trace Attempt  4	[0.07 s]
59.0.AM: Trace Attempt  3	[0.09 s]
59.0.AM: Trace Attempt  4	[0.14 s]
59.0.B: Trace Attempt  5	[0.14 s]
59.0.AM: Trace Attempt  5	[0.20 s]
59.0.Mpcustom4: Trace Attempt  3	[0.85 s]
59.0.Mpcustom4: Trace Attempt  3	[0.88 s]
59.0.Mpcustom4: Trace Attempt  4	[0.91 s]
59.0.Mpcustom4: Trace Attempt  4	[0.96 s]
59.0.Mpcustom4: Trace Attempt  5	[0.99 s]
59.0.Mpcustom4: Trace Attempt  5	[1.06 s]
59.0.N: Trace Attempt 25	[4.39 s]
59.0.AM: Trace Attempt 49	[4.27 s]
59.0.B: Trace Attempt 49	[4.32 s]
59.0.Mpcustom4: Trace Attempt 36	[5.37 s]
59.0.N: Trace Attempt 38	[8.45 s]
59.0.Mpcustom4: Trace Attempt 46	[9.49 s]
59.0.N: Trace Attempt 48	[12.64 s]
59.0.Mpcustom4: Trace Attempt 62	[14.65 s]
59.0.N: Requesting engine job to stop
59.0.B: Requesting engine job to stop
59.0.AM: Requesting engine job to stop
59.0.Hp: Requesting engine job to terminate
59.0.Ht: Requesting engine job to terminate
59.0.Mpcustom4: Requesting engine job to terminate
INFO (IPF144): 59: Initiating shutdown of proof [14.91 s]
59.0.Ht: Trace Attempt 67	[3.10 s]
59.0.Ht: A trace with 67 cycles was found. [14.78 s]
INFO (IPF047): 59.0.Ht: The cover property "CS_mult_fsm_s1_60" was covered in 67 cycles in 14.89 s.
59.0.Ht: All properties determined. [14.85 s]
59.0.N: Trace Attempt 53	[14.57 s]
59.0.N: Stopped processing property "CS_mult_fsm_s1_60"	[14.99 s].
59.0.N: All properties determined. [14.99 s]
59.0.AM: Trace Attempt 67	[7.85 s]
59.0.N: Exited with Success (@ 15.15 s)
59: ProofGrid usable level: 0
59.0.AM: Stopped processing property "CS_mult_fsm_s1_60"	[14.63 s].
59.0.AM: All properties determined. [14.62 s]
59.0.B: Trace Attempt 67	[6.29 s]
59.0.B: Stopped processing property "CS_mult_fsm_s1_60"	[14.65 s].
59.0.B: All properties determined. [14.65 s]
59.0.AM: Exited with Success (@ 15.20 s)
59.0.B: Exited with Success (@ 15.20 s)
59.0.Mpcustom4: Trace Attempt 65	[14.86 s]
59.0.Mpcustom4: All properties determined. [15.38 s]
59.0.Mpcustom4: Exited with Success (@ 15.79 s)
59.0.Ht: Exited with Success (@ 16.16 s)
59.0.Hp: Sending SIGKILL
59.0.Hp: Terminated by signal SIGKILL (@ 16.94 s)
59: --------------------------------------------------------------
ProofGrid Summary (utilization 98.24 %)
--------------------------------------------------------------
     engines started                               :     7
     engine jobs started                           :     7

    Average time in state (seconds)
    ------------------------------------------------------
    Engine  Pending     Running        Dead    Utilization
    ------------------------------------------------------
      N        0.11       14.87        0.00       99.29 %
     Hp        0.07       14.89        0.00       99.56 %
     Ht        0.08       14.86        0.00       99.45 %
    Mpcustom4        0.13       14.80        0.00       99.15 %
     Oh        0.30        0.27        0.00       48.01 %
      B        0.46       14.39        0.00       96.91 %
     AM        0.45       14.40        0.00       96.96 %
    all        0.23       12.64        0.00       98.24 %

    Total time in state (seconds)
    -----------------------------------------
            Pending     Running        Dead  
    -----------------------------------------
               1.59       88.49        0.00

    Data read    : 181.15 kiB
    Data written : 10.40 kiB

59: All pending notifications were processed.
INFO (IPF059): 59: Completed proof on task: "mytask"
cover -name CS_mult_fsm_s1_61 {@(posedge clk_i) !mult_fsm_s1 ##1 mult_fsm_s1 [*61] ##1 !mult_fsm_s1 }
INFO (IPF036): Starting proof on task: "mytask", 1 properties to prove with 0 already proven/unreachable
INFO (IPF031): Settings used for proof thread 60:
    orchestration                 = on (auto)
    time_limit                    = 600s
    per_property_time_limit       = 1s * 10 ^ scan
    engine_mode                   = auto
    proofgrid_per_engine_max_jobs = 1
    max engine jobs               = auto
    proofgrid_mode                = local
    proofgrid_restarts            = 10
60: Using multistage preprocessing
60: Starting reduce
60: Finished reduce in 0.047s
60.0.PRE: Performing Proof Simplification...
60.0.N: clocks: 1, declared: 1, looping: 0, posedge: 1, negedge: 0, noedge: 0, bothedge: 0
60.0.N: Proof Simplification Iteration 1	[0.00 s]
60.0.N: Proof Simplification Iteration 2	[0.04 s]
60.0.N: Proof Simplification Iteration 3	[0.06 s]
60.0.N: Proof Simplification Iteration 4	[0.08 s]
60.0.N: Proof Simplification Iteration 5	[0.10 s]
60.0.N: Proof Simplification Iteration 6	[0.12 s]
60.0.N: Proof Simplification Iteration 7	[0.14 s]
60.0.N: Proof Simplification Iteration 8	[0.16 s]
60.0.N: Proof Simplification Iteration 9	[0.18 s]
60.0.N: Proof Simplification Iteration 10	[0.20 s]
60.0.PRE: Proof Simplification completed in 0.24 s
60: About to start ProofGrid in its own thread with a limit of 10000 pending notifications and a limit of 10 traces.
60: =============================== ProofGrid start ===============================
60: ProofGrid usable level: 1
60: Initial ProofGrid level: 1
60: ProofGrid is starting event handling
60.0.N: caddy12.stanford.edu: "Rocky Linux 8.10 (Green Obsidian)" is an unsupported operating system.
60.0.Hp: caddy12.stanford.edu: "Rocky Linux 8.10 (Green Obsidian)" is an unsupported operating system.
60.0.Ht: caddy12.stanford.edu: "Rocky Linux 8.10 (Green Obsidian)" is an unsupported operating system.
60.0.Mpcustom4: caddy12.stanford.edu: "Rocky Linux 8.10 (Green Obsidian)" is an unsupported operating system.
60.0.N: Proofgrid shell started at 2331306@caddy12.stanford.edu(local) jg_2320910_caddy12.stanford.edu_61
60.0.Hp: Proofgrid shell started at 2331307@caddy12.stanford.edu(local) jg_2320910_caddy12.stanford.edu_61
60.0.N: clocks: 1, declared: 1, looping: 0, posedge: 1, negedge: 0, noedge: 0, bothedge: 0
60.0.Hp: clocks: 1, declared: 1, looping: 0, posedge: 1, negedge: 0, noedge: 0, bothedge: 0
60.0.Ht: Proofgrid shell started at 2331329@caddy12.stanford.edu(local) jg_2320910_caddy12.stanford.edu_61
60.0.N: Last scan. Per property time limit: 0s
60.0.N: Starting proof for property "CS_mult_fsm_s1_61"	[0.00 s].
60.0.N: Trace Attempt  1	[0.01 s]
60.0.N: Trace Attempt  2	[0.02 s]
60.0.N: Trace Attempt  3	[0.02 s]
60.0.Ht: clocks: 1, declared: 1, looping: 0, posedge: 1, negedge: 0, noedge: 0, bothedge: 0
60.0.AM: caddy12.stanford.edu: "Rocky Linux 8.10 (Green Obsidian)" is an unsupported operating system.
60.0.Mpcustom4: Proofgrid shell started at 2331348@caddy12.stanford.edu(local) jg_2320910_caddy12.stanford.edu_61
60.0.Oh: caddy12.stanford.edu: "Rocky Linux 8.10 (Green Obsidian)" is an unsupported operating system.
60.0.B: caddy12.stanford.edu: "Rocky Linux 8.10 (Green Obsidian)" is an unsupported operating system.
60.0.Mpcustom4: clocks: 1, declared: 1, looping: 0, posedge: 1, negedge: 0, noedge: 0, bothedge: 0
60.0.Ht: Trace Attempt  1	[0.07 s]
60.0.Ht: Trace Attempt  2	[0.08 s]
60.0.Mpcustom4: Trace Attempt  1	[0.04 s]
60.0.Oh: Proofgrid shell started at 2331363@caddy12.stanford.edu(local) jg_2320910_caddy12.stanford.edu_61
60.0.N: Trace Attempt  3	[0.10 s]
60.0.Mpcustom4: Trace Attempt  2	[0.06 s]
60.0.Ht: Trace Attempt  3	[0.10 s]
60.0.Oh: clocks: 1, declared: 1, looping: 0, posedge: 1, negedge: 0, noedge: 0, bothedge: 0
60.0.N: Trace Attempt  4	[0.12 s]
60.0.N: Trace Attempt  5	[0.12 s]
60.0.Ht: Trace Attempt  4	[0.12 s]
60.0.Ht: Trace Attempt  5	[0.13 s]
60.0.N: Trace Attempt  5	[0.21 s]
60.0.Oh: bwd trail(1): 1 0.115434s
60.0.Oh: All properties either determined or skipped. [0.14 s]
60.0.Oh: Exited with Success (@ 0.28 s)
60.0.Oh: Completed, Restart ignored.
60.0.AM: Proofgrid shell started at 2331366@caddy12.stanford.edu(local) jg_2320910_caddy12.stanford.edu_61
60.0.AM: clocks: 1, declared: 1, looping: 0, posedge: 1, negedge: 0, noedge: 0, bothedge: 0
60.0.B: Proofgrid shell started at 2331365@caddy12.stanford.edu(local) jg_2320910_caddy12.stanford.edu_61
60.0.AM: Last scan. Per property time limit: 0s
60.0.AM: Starting proof for property "CS_mult_fsm_s1_61"	[0.00 s].
60.0.B: clocks: 1, declared: 1, looping: 0, posedge: 1, negedge: 0, noedge: 0, bothedge: 0
60.0.AM: Trace Attempt  1	[0.03 s]
60.0.B: Last scan. Per property time limit: 0s
60.0.B: Starting proof for property "CS_mult_fsm_s1_61"	[0.00 s].
60.0.B: Trace Attempt  1	[0.03 s]
60.0.AM: Trace Attempt  2	[0.06 s]
60.0.B: Trace Attempt  2	[0.04 s]
60.0.B: Trace Attempt  3	[0.04 s]
60.0.B: Trace Attempt  4	[0.07 s]
60.0.AM: Trace Attempt  3	[0.10 s]
60.0.AM: Trace Attempt  4	[0.15 s]
60.0.B: Trace Attempt  5	[0.14 s]
60.0.AM: Trace Attempt  5	[0.20 s]
60.0.Mpcustom4: Trace Attempt  3	[0.82 s]
60.0.Mpcustom4: Trace Attempt  3	[0.85 s]
60.0.Mpcustom4: Trace Attempt  4	[0.88 s]
60.0.Mpcustom4: Trace Attempt  4	[0.93 s]
60.0.Mpcustom4: Trace Attempt  5	[0.97 s]
60.0.Mpcustom4: Trace Attempt  5	[1.03 s]
60.0.N: Trace Attempt 29	[4.61 s]
60.0.B: Trace Attempt 38	[4.26 s]
60.0.AM: Trace Attempt 52	[4.28 s]
60.0.Mpcustom4: Trace Attempt 36	[5.12 s]
60.0.N: Trace Attempt 41	[8.95 s]
60.0.Mpcustom4: Trace Attempt 52	[9.15 s]
60.0.N: Trace Attempt 50	[12.97 s]
60.0.N: Requesting engine job to stop
60.0.B: Requesting engine job to stop
60.0.AM: Requesting engine job to stop
60.0.Hp: Requesting engine job to terminate
60.0.Ht: Requesting engine job to terminate
60.0.Mpcustom4: Requesting engine job to terminate
INFO (IPF144): 60: Initiating shutdown of proof [13.32 s]
60.0.Ht: Trace Attempt 68	[3.27 s]
60.0.Ht: A trace with 68 cycles was found. [13.20 s]
INFO (IPF047): 60.0.Ht: The cover property "CS_mult_fsm_s1_61" was covered in 68 cycles in 13.31 s.
60.0.Ht: All properties determined. [13.27 s]
60.0.N: Trace Attempt 51	[12.97 s]
60.0.N: Stopped processing property "CS_mult_fsm_s1_61"	[13.44 s].
60.0.Hp: Interrupted (multi)
60.0.Hp: All properties determined. [13.39 s]
60.0.N: All properties determined. [13.38 s]
60.0.N: Exited with Success (@ 13.41 s)
60: ProofGrid usable level: 0
60.0.AM: Trace Attempt 68	[7.87 s]
60.0.AM: Stopped processing property "CS_mult_fsm_s1_61"	[13.20 s].
60.0.AM: All properties determined. [13.21 s]
60.0.AM: Exited with Success (@ 13.58 s)
60.0.B: Trace Attempt 68	[7.63 s]
60.0.B: Stopped processing property "CS_mult_fsm_s1_61"	[13.20 s].
60.0.B: All properties determined. [13.21 s]
60.0.B: Exited with Success (@ 13.61 s)
60.0.Mpcustom4: Trace Attempt 62	[12.79 s]
60.0.Mpcustom4: All properties determined. [13.74 s]
60.0.Mpcustom4: Exited with Success (@ 13.99 s)
60.0.Hp: Exited with Success (@ 14.24 s)
60.0.Ht: Exited with Success (@ 14.28 s)
60: --------------------------------------------------------------
ProofGrid Summary (utilization 98.53 %)
--------------------------------------------------------------
     engines started                               :     7
     engine jobs started                           :     7

    Average time in state (seconds)
    ------------------------------------------------------
    Engine  Pending     Running        Dead    Utilization
    ------------------------------------------------------
      N        0.10       13.32        0.00       99.23 %
     Hp        0.08       13.31        0.00       99.37 %
     Ht        0.09       13.28        0.00       99.33 %
    Mpcustom4        0.11       13.25        0.00       99.16 %
     Oh        0.14        0.14        0.00       49.14 %
      B        0.35       12.96        0.00       97.36 %
     AM        0.30       12.99        0.00       97.75 %
    all        0.17       11.32        0.00       98.53 %

    Total time in state (seconds)
    -----------------------------------------
            Pending     Running        Dead  
    -----------------------------------------
               1.18       79.24        0.00

    Data read    : 180.58 kiB
    Data written : 9.25 kiB

60: All pending notifications were processed.
INFO (IPF059): 60: Completed proof on task: "mytask"
cover -name CS_mult_fsm_s1_62 {@(posedge clk_i) !mult_fsm_s1 ##1 mult_fsm_s1 [*62] ##1 !mult_fsm_s1 }
INFO (IPF036): Starting proof on task: "mytask", 1 properties to prove with 0 already proven/unreachable
INFO (IPF031): Settings used for proof thread 61:
    orchestration                 = on (auto)
    time_limit                    = 600s
    per_property_time_limit       = 1s * 10 ^ scan
    engine_mode                   = auto
    proofgrid_per_engine_max_jobs = 1
    max engine jobs               = auto
    proofgrid_mode                = local
    proofgrid_restarts            = 10
61: Using multistage preprocessing
61: Starting reduce
61: Finished reduce in 0.048s
61.0.PRE: Performing Proof Simplification...
61.0.N: clocks: 1, declared: 1, looping: 0, posedge: 1, negedge: 0, noedge: 0, bothedge: 0
61.0.N: Proof Simplification Iteration 1	[0.00 s]
61.0.N: Proof Simplification Iteration 2	[0.04 s]
61.0.N: Proof Simplification Iteration 3	[0.06 s]
61.0.N: Proof Simplification Iteration 4	[0.08 s]
61.0.N: Proof Simplification Iteration 5	[0.10 s]
61.0.N: Proof Simplification Iteration 6	[0.12 s]
61.0.N: Proof Simplification Iteration 7	[0.14 s]
61.0.N: Proof Simplification Iteration 8	[0.16 s]
61.0.N: Proof Simplification Iteration 9	[0.18 s]
61.0.N: Proof Simplification Iteration 10	[0.20 s]
61.0.PRE: Proof Simplification completed in 0.25 s
61: About to start ProofGrid in its own thread with a limit of 10000 pending notifications and a limit of 10 traces.
61: =============================== ProofGrid start ===============================
61: ProofGrid usable level: 1
61: Initial ProofGrid level: 1
61: ProofGrid is starting event handling
61.0.Hp: caddy12.stanford.edu: "Rocky Linux 8.10 (Green Obsidian)" is an unsupported operating system.
61.0.N: caddy12.stanford.edu: "Rocky Linux 8.10 (Green Obsidian)" is an unsupported operating system.
61.0.Ht: caddy12.stanford.edu: "Rocky Linux 8.10 (Green Obsidian)" is an unsupported operating system.
61.0.Mpcustom4: caddy12.stanford.edu: "Rocky Linux 8.10 (Green Obsidian)" is an unsupported operating system.
61.0.N: Proofgrid shell started at 2331546@caddy12.stanford.edu(local) jg_2320910_caddy12.stanford.edu_62
61.0.Hp: Proofgrid shell started at 2331547@caddy12.stanford.edu(local) jg_2320910_caddy12.stanford.edu_62
61.0.N: clocks: 1, declared: 1, looping: 0, posedge: 1, negedge: 0, noedge: 0, bothedge: 0
61.0.N: Last scan. Per property time limit: 0s
61.0.N: Starting proof for property "CS_mult_fsm_s1_62"	[0.00 s].
61.0.Hp: clocks: 1, declared: 1, looping: 0, posedge: 1, negedge: 0, noedge: 0, bothedge: 0
61.0.N: Trace Attempt  1	[0.01 s]
61.0.Ht: Proofgrid shell started at 2331570@caddy12.stanford.edu(local) jg_2320910_caddy12.stanford.edu_62
61.0.N: Trace Attempt  2	[0.02 s]
61.0.N: Trace Attempt  3	[0.02 s]
61.0.Ht: clocks: 1, declared: 1, looping: 0, posedge: 1, negedge: 0, noedge: 0, bothedge: 0
61.0.Ht: Trace Attempt  1	[0.04 s]
61.0.N: Trace Attempt  3	[0.06 s]
61.0.Ht: Trace Attempt  2	[0.04 s]
61.0.Ht: Trace Attempt  3	[0.05 s]
61.0.Mpcustom4: Proofgrid shell started at 2331588@caddy12.stanford.edu(local) jg_2320910_caddy12.stanford.edu_62
61.0.N: Trace Attempt  4	[0.08 s]
61.0.N: Trace Attempt  5	[0.08 s]
61.0.Ht: Trace Attempt  4	[0.06 s]
61.0.Mpcustom4: clocks: 1, declared: 1, looping: 0, posedge: 1, negedge: 0, noedge: 0, bothedge: 0
61.0.Ht: Trace Attempt  5	[0.07 s]
61.0.Mpcustom4: Trace Attempt  1	[0.04 s]
61.0.Oh: caddy12.stanford.edu: "Rocky Linux 8.10 (Green Obsidian)" is an unsupported operating system.
61.0.Mpcustom4: Trace Attempt  2	[0.06 s]
61.0.N: Trace Attempt  5	[0.17 s]
61.0.B: caddy12.stanford.edu: "Rocky Linux 8.10 (Green Obsidian)" is an unsupported operating system.
61.0.AM: caddy12.stanford.edu: "Rocky Linux 8.10 (Green Obsidian)" is an unsupported operating system.
61.0.Oh: Proofgrid shell started at 2331603@caddy12.stanford.edu(local) jg_2320910_caddy12.stanford.edu_62
61.0.Oh: clocks: 1, declared: 1, looping: 0, posedge: 1, negedge: 0, noedge: 0, bothedge: 0
61.0.B: Proofgrid shell started at 2331606@caddy12.stanford.edu(local) jg_2320910_caddy12.stanford.edu_62
61.0.B: clocks: 1, declared: 1, looping: 0, posedge: 1, negedge: 0, noedge: 0, bothedge: 0
61.0.B: Last scan. Per property time limit: 0s
61.0.B: Starting proof for property "CS_mult_fsm_s1_62"	[0.00 s].
61.0.B: Trace Attempt  1	[0.01 s]
61.0.B: Trace Attempt  2	[0.03 s]
61.0.B: Trace Attempt  3	[0.04 s]
61.0.AM: Proofgrid shell started at 2331608@caddy12.stanford.edu(local) jg_2320910_caddy12.stanford.edu_62
61.0.B: Trace Attempt  4	[0.06 s]
61.0.AM: clocks: 1, declared: 1, looping: 0, posedge: 1, negedge: 0, noedge: 0, bothedge: 0
61.0.AM: Last scan. Per property time limit: 0s
61.0.AM: Starting proof for property "CS_mult_fsm_s1_62"	[0.00 s].
61.0.AM: Trace Attempt  1	[0.02 s]
61.0.Oh: bwd trail(1): 1 0.114015s
61.0.Oh: All properties either determined or skipped. [0.19 s]
61.0.Oh: Exited with Success (@ 0.64 s)
61.0.Oh: Completed, Restart ignored.
61.0.B: Trace Attempt  5	[0.14 s]
61.0.AM: Trace Attempt  2	[0.07 s]
61.0.AM: Trace Attempt  3	[0.10 s]
61.0.AM: Trace Attempt  4	[0.15 s]
61.0.AM: Trace Attempt  5	[0.20 s]
61.0.Mpcustom4: Trace Attempt  3	[0.85 s]
61.0.Mpcustom4: Trace Attempt  3	[0.88 s]
61.0.Mpcustom4: Trace Attempt  4	[0.92 s]
61.0.Mpcustom4: Trace Attempt  4	[0.97 s]
61.0.Mpcustom4: Trace Attempt  5	[1.00 s]
61.0.Mpcustom4: Trace Attempt  5	[1.07 s]
61.0.N: Trace Attempt 29	[4.66 s]
61.0.B: Trace Attempt 45	[4.21 s]
61.0.AM: Trace Attempt 41	[4.24 s]
61.0.Mpcustom4: Trace Attempt 36	[5.18 s]
61.0.N: Trace Attempt 40	[8.72 s]
61.0.AM: Trace Attempt 62	[8.41 s]
61.0.Mpcustom4: Trace Attempt 54	[10.13 s]
61.0.N: Trace Attempt 49	[13.57 s]
61.0.Mpcustom4: Trace Attempt 65	[14.14 s]
61.0.N: Trace Attempt 55	[17.65 s]
61.0.N: Requesting engine job to stop
61.0.B: Requesting engine job to stop
61.0.AM: Requesting engine job to stop
61.0.Hp: Requesting engine job to terminate
61.0.Ht: Requesting engine job to terminate
61.0.Mpcustom4: Requesting engine job to terminate
INFO (IPF144): 61: Initiating shutdown of proof [19.34 s]
61.0.Ht: Trace Attempt 69	[3.35 s]
61.0.Ht: A trace with 69 cycles was found. [19.14 s]
INFO (IPF047): 61.0.Ht: The cover property "CS_mult_fsm_s1_62" was covered in 69 cycles in 19.36 s.
61.0.Ht: All properties determined. [19.29 s]
61.0.N: Trace Attempt 59	[19.10 s]
61.0.N: Stopped processing property "CS_mult_fsm_s1_62"	[19.41 s].
61.0.N: All properties determined. [19.39 s]
61.0.N: Exited with Success (@ 19.42 s)
61: ProofGrid usable level: 0
61.0.AM: Trace Attempt 69	[11.22 s]
61.0.AM: Stopped processing property "CS_mult_fsm_s1_62"	[18.98 s].
61.0.AM: All properties determined. [19.00 s]
61.0.AM: Exited with Success (@ 19.62 s)
61.0.B: Trace Attempt 69	[6.65 s]
61.0.B: Stopped processing property "CS_mult_fsm_s1_62"	[19.14 s].
61.0.B: All properties determined. [19.16 s]
61.0.B: Exited with Success (@ 19.83 s)
61.0.Mpcustom4: Trace Attempt 68	[17.08 s]
61.0.Mpcustom4: All properties determined. [19.74 s]
61.0.Mpcustom4: Exited with Success (@ 20.15 s)
61.0.Ht: Exited with Success (@ 20.47 s)
61.0.Hp: Interrupted (multi)
61.0.Hp: All properties determined. [20.54 s]
61.0.Hp: Exited with Success (@ 21.28 s)
61: --------------------------------------------------------------
ProofGrid Summary (utilization 98.41 %)
--------------------------------------------------------------
     engines started                               :     7
     engine jobs started                           :     7

    Average time in state (seconds)
    ------------------------------------------------------
    Engine  Pending     Running        Dead    Utilization
    ------------------------------------------------------
      N        0.10       19.33        0.00       99.47 %
     Hp        0.08       19.32        0.00       99.58 %
     Ht        0.10       19.30        0.00       99.49 %
    Mpcustom4        0.13       19.25        0.00       99.35 %
     Oh        0.43        0.19        0.00       30.28 %
      B        0.46       18.86        0.00       97.60 %
     AM        0.55       18.76        0.00       97.15 %
    all        0.27       16.43        0.00       98.41 %

    Total time in state (seconds)
    -----------------------------------------
            Pending     Running        Dead  
    -----------------------------------------
               1.86      115.01        0.00

    Data read    : 190.40 kiB
    Data written : 10.78 kiB

61: All pending notifications were processed.
INFO (IPF059): 61: Completed proof on task: "mytask"
cover -name CS_mult_fsm_s1_63 {@(posedge clk_i) !mult_fsm_s1 ##1 mult_fsm_s1 [*63] ##1 !mult_fsm_s1 }
INFO (IPF036): Starting proof on task: "mytask", 1 properties to prove with 0 already proven/unreachable
INFO (IPF031): Settings used for proof thread 62:
    orchestration                 = on (auto)
    time_limit                    = 600s
    per_property_time_limit       = 1s * 10 ^ scan
    engine_mode                   = auto
    proofgrid_per_engine_max_jobs = 1
    max engine jobs               = auto
    proofgrid_mode                = local
    proofgrid_restarts            = 10
62: Using multistage preprocessing
62: Starting reduce
62: Finished reduce in 0.047s
62.0.PRE: Performing Proof Simplification...
62.0.N: clocks: 1, declared: 1, looping: 0, posedge: 1, negedge: 0, noedge: 0, bothedge: 0
62.0.N: Proof Simplification Iteration 1	[0.00 s]
62.0.N: Proof Simplification Iteration 2	[0.04 s]
62.0.N: Proof Simplification Iteration 3	[0.06 s]
62.0.N: Proof Simplification Iteration 4	[0.08 s]
62.0.N: Proof Simplification Iteration 5	[0.10 s]
62.0.N: Proof Simplification Iteration 6	[0.12 s]
62.0.N: Proof Simplification Iteration 7	[0.14 s]
62.0.N: Proof Simplification Iteration 8	[0.22 s]
62.0.N: Proof Simplification Iteration 9	[0.24 s]
62.0.N: Proof Simplification Iteration 10	[0.26 s]
62.0.PRE: Proof Simplification completed in 0.31 s
62: About to start ProofGrid in its own thread with a limit of 10000 pending notifications and a limit of 10 traces.
62: =============================== ProofGrid start ===============================
62: ProofGrid usable level: 1
62: Initial ProofGrid level: 1
62: ProofGrid is starting event handling
62.0.N: caddy12.stanford.edu: "Rocky Linux 8.10 (Green Obsidian)" is an unsupported operating system.
62.0.Hp: caddy12.stanford.edu: "Rocky Linux 8.10 (Green Obsidian)" is an unsupported operating system.
62.0.N: Proofgrid shell started at 2331777@caddy12.stanford.edu(local) jg_2320910_caddy12.stanford.edu_63
62.0.Hp: Proofgrid shell started at 2331778@caddy12.stanford.edu(local) jg_2320910_caddy12.stanford.edu_63
62.0.N: clocks: 1, declared: 1, looping: 0, posedge: 1, negedge: 0, noedge: 0, bothedge: 0
62.0.Hp: clocks: 1, declared: 1, looping: 0, posedge: 1, negedge: 0, noedge: 0, bothedge: 0
62.0.N: Last scan. Per property time limit: 0s
62.0.N: Starting proof for property "CS_mult_fsm_s1_63"	[0.00 s].
62.0.N: Trace Attempt  1	[0.01 s]
62.0.N: Trace Attempt  2	[0.02 s]
62.0.N: Trace Attempt  3	[0.02 s]
62.0.N: Trace Attempt  3	[0.06 s]
62.0.Ht: caddy12.stanford.edu: "Rocky Linux 8.10 (Green Obsidian)" is an unsupported operating system.
62.0.Mpcustom4: caddy12.stanford.edu: "Rocky Linux 8.10 (Green Obsidian)" is an unsupported operating system.
62.0.AM: caddy12.stanford.edu: "Rocky Linux 8.10 (Green Obsidian)" is an unsupported operating system.
62.0.N: Trace Attempt  4	[0.08 s]
62.0.N: Trace Attempt  5	[0.08 s]
62.0.Ht: Proofgrid shell started at 2331800@caddy12.stanford.edu(local) jg_2320910_caddy12.stanford.edu_63
62.0.Mpcustom4: Proofgrid shell started at 2331803@caddy12.stanford.edu(local) jg_2320910_caddy12.stanford.edu_63
62.0.Oh: caddy12.stanford.edu: "Rocky Linux 8.10 (Green Obsidian)" is an unsupported operating system.
62.0.Mpcustom4: clocks: 1, declared: 1, looping: 0, posedge: 1, negedge: 0, noedge: 0, bothedge: 0
62.0.N: Trace Attempt  5	[0.16 s]
62.0.Ht: clocks: 1, declared: 1, looping: 0, posedge: 1, negedge: 0, noedge: 0, bothedge: 0
62.0.B: caddy12.stanford.edu: "Rocky Linux 8.10 (Green Obsidian)" is an unsupported operating system.
62.0.AM: Proofgrid shell started at 2331811@caddy12.stanford.edu(local) jg_2320910_caddy12.stanford.edu_63
62.0.Ht: Trace Attempt  1	[0.04 s]
62.0.Ht: Trace Attempt  2	[0.04 s]
62.0.AM: clocks: 1, declared: 1, looping: 0, posedge: 1, negedge: 0, noedge: 0, bothedge: 0
62.0.Ht: Trace Attempt  3	[0.05 s]
62.0.AM: Last scan. Per property time limit: 0s
62.0.AM: Starting proof for property "CS_mult_fsm_s1_63"	[0.00 s].
62.0.Ht: Trace Attempt  4	[0.06 s]
62.0.Ht: Trace Attempt  5	[0.07 s]
62.0.Mpcustom4: Trace Attempt  1	[0.07 s]
62.0.AM: Trace Attempt  1	[0.01 s]
62.0.AM: Trace Attempt  2	[0.03 s]
62.0.AM: Trace Attempt  3	[0.05 s]
62.0.Mpcustom4: Trace Attempt  2	[0.13 s]
62.0.AM: Trace Attempt  4	[0.07 s]
62.0.AM: Trace Attempt  5	[0.10 s]
62.0.Oh: Proofgrid shell started at 2331809@caddy12.stanford.edu(local) jg_2320910_caddy12.stanford.edu_63
62.0.Oh: clocks: 1, declared: 1, looping: 0, posedge: 1, negedge: 0, noedge: 0, bothedge: 0
62.0.B: Proofgrid shell started at 2331810@caddy12.stanford.edu(local) jg_2320910_caddy12.stanford.edu_63
62.0.B: clocks: 1, declared: 1, looping: 0, posedge: 1, negedge: 0, noedge: 0, bothedge: 0
62.0.B: Last scan. Per property time limit: 0s
62.0.B: Starting proof for property "CS_mult_fsm_s1_63"	[0.00 s].
62.0.B: Trace Attempt  1	[0.01 s]
62.0.B: Trace Attempt  2	[0.03 s]
62.0.B: Trace Attempt  3	[0.05 s]
62.0.B: Trace Attempt  4	[0.07 s]
62.0.B: Trace Attempt  5	[0.15 s]
62.0.Oh: bwd trail(1): 1 0.116663s
62.0.Oh: All properties either determined or skipped. [0.26 s]
62.0.Oh: Exited with Success (@ 0.70 s)
62.0.Oh: Completed, Restart ignored.
62.0.Mpcustom4: Trace Attempt  3	[0.95 s]
62.0.Mpcustom4: Trace Attempt  3	[1.00 s]
62.0.Mpcustom4: Trace Attempt  4	[1.06 s]
62.0.Mpcustom4: Trace Attempt  4	[1.16 s]
62.0.Mpcustom4: Trace Attempt  5	[1.24 s]
62.0.Mpcustom4: Trace Attempt  5	[1.30 s]
62.0.N: Trace Attempt 24	[4.25 s]
62.0.AM: Trace Attempt 52	[4.18 s]
62.0.B: Trace Attempt 51	[4.21 s]
62.0.Mpcustom4: Trace Attempt 29	[5.38 s]
62.0.AM: Trace Attempt 70	[8.34 s]
62.0.N: Trace Attempt 37	[9.03 s]
62.0.Mpcustom4: Trace Attempt 46	[11.08 s]
62.0.N: Requesting engine job to stop
62.0.B: Requesting engine job to stop
62.0.AM: Requesting engine job to stop
62.0.Hp: Requesting engine job to terminate
62.0.Ht: Requesting engine job to terminate
62.0.Mpcustom4: Requesting engine job to terminate
INFO (IPF144): 62: Initiating shutdown of proof [12.38 s]
62.0.Ht: Trace Attempt 70	[3.33 s]
62.0.Ht: A trace with 70 cycles was found. [12.14 s]
INFO (IPF047): 62.0.Ht: The cover property "CS_mult_fsm_s1_63" was covered in 70 cycles in 12.19 s.
62.0.Ht: All properties determined. [12.21 s]
62: ProofGrid usable level: 0
62.0.AM: Stopped processing property "CS_mult_fsm_s1_63"	[12.28 s].
62.0.AM: All properties determined. [12.32 s]
62.0.N: Trace Attempt 44	[12.54 s]
62.0.N: Stopped processing property "CS_mult_fsm_s1_63"	[12.51 s].
62.0.N: All properties determined. [12.54 s]
62.0.AM: Exited with Success (@ 12.57 s)
62.0.B: Trace Attempt 70	[5.78 s]
62.0.N: Exited with Success (@ 12.83 s)
62.0.B: Stopped processing property "CS_mult_fsm_s1_63"	[12.31 s].
62.0.B: All properties determined. [12.34 s]
62.0.B: Exited with Success (@ 12.85 s)
62.0.Mpcustom4: All properties determined. [12.90 s]
62.0.Mpcustom4: Exited with Success (@ 13.13 s)
62.0.Ht: Exited with Success (@ 14.07 s)
62.0.Hp: Sending SIGKILL
62.0.Hp: Terminated by signal SIGKILL (@ 14.59 s)
62: --------------------------------------------------------------
ProofGrid Summary (utilization 97.18 %)
--------------------------------------------------------------
     engines started                               :     7
     engine jobs started                           :     7

    Average time in state (seconds)
    ------------------------------------------------------
    Engine  Pending     Running        Dead    Utilization
    ------------------------------------------------------
      N        0.49       12.37        0.00       96.22 %
     Hp        0.18       12.37        0.00       98.58 %
     Ht        0.21       12.21        0.00       98.30 %
    Mpcustom4        0.21       12.22        0.00       98.31 %
     Oh        0.41        0.26        0.00       39.10 %
      B        0.44       11.91        0.00       96.41 %
     AM        0.20       12.17        0.00       98.41 %
    all        0.30       10.50        0.00       97.18 %

    Total time in state (seconds)
    -----------------------------------------
            Pending     Running        Dead  
    -----------------------------------------
               2.13       73.51        0.00

    Data read    : 179.30 kiB
    Data written : 10.49 kiB

62: All pending notifications were processed.
INFO (IPF059): 62: Completed proof on task: "mytask"
cover -name CS_mult_fsm_s1_64 {@(posedge clk_i) !mult_fsm_s1 ##1 mult_fsm_s1 [*64] ##1 !mult_fsm_s1 }
INFO (IPF036): Starting proof on task: "mytask", 1 properties to prove with 0 already proven/unreachable
INFO (IPF031): Settings used for proof thread 63:
    orchestration                 = on (auto)
    time_limit                    = 600s
    per_property_time_limit       = 1s * 10 ^ scan
    engine_mode                   = auto
    proofgrid_per_engine_max_jobs = 1
    max engine jobs               = auto
    proofgrid_mode                = local
    proofgrid_restarts            = 10
63: Using multistage preprocessing
63: Starting reduce
63: Finished reduce in 0.086s
63.0.PRE: Performing Proof Simplification...
63.0.N: clocks: 1, declared: 1, looping: 0, posedge: 1, negedge: 0, noedge: 0, bothedge: 0
63.0.N: Proof Simplification Iteration 1	[0.00 s]
63.0.N: Proof Simplification Iteration 2	[0.06 s]
63.0.N: Proof Simplification Iteration 3	[0.10 s]
63.0.N: Proof Simplification Iteration 4	[0.14 s]
63.0.N: Proof Simplification Iteration 5	[0.17 s]
63.0.N: Proof Simplification Iteration 6	[0.21 s]
63.0.N: Proof Simplification Iteration 7	[0.24 s]
63.0.N: Proof Simplification Iteration 8	[0.28 s]
63.0.N: Proof Simplification Iteration 9	[0.32 s]
63.0.N: Proof Simplification Iteration 10	[0.34 s]
63.0.PRE: Proof Simplification completed in 0.44 s
63: About to start ProofGrid in its own thread with a limit of 10000 pending notifications and a limit of 10 traces.
63: =============================== ProofGrid start ===============================
63: ProofGrid usable level: 1
63: Initial ProofGrid level: 1
63: ProofGrid is starting event handling
63.0.N: caddy12.stanford.edu: "Rocky Linux 8.10 (Green Obsidian)" is an unsupported operating system.
63.0.Hp: caddy12.stanford.edu: "Rocky Linux 8.10 (Green Obsidian)" is an unsupported operating system.
63.0.Ht: caddy12.stanford.edu: "Rocky Linux 8.10 (Green Obsidian)" is an unsupported operating system.
63.0.Hp: Proofgrid shell started at 2332084@caddy12.stanford.edu(local) jg_2320910_caddy12.stanford.edu_64
63.0.N: Proofgrid shell started at 2332083@caddy12.stanford.edu(local) jg_2320910_caddy12.stanford.edu_64
63.0.N: clocks: 1, declared: 1, looping: 0, posedge: 1, negedge: 0, noedge: 0, bothedge: 0
63.0.N: Last scan. Per property time limit: 0s
63.0.N: Starting proof for property "CS_mult_fsm_s1_64"	[0.00 s].
63.0.Hp: clocks: 1, declared: 1, looping: 0, posedge: 1, negedge: 0, noedge: 0, bothedge: 0
63.0.N: Trace Attempt  1	[0.03 s]
63.0.N: Trace Attempt  2	[0.04 s]
63.0.N: Trace Attempt  3	[0.04 s]
63.0.N: Trace Attempt  3	[0.12 s]
63.0.Ht: Proofgrid shell started at 2332106@caddy12.stanford.edu(local) jg_2320910_caddy12.stanford.edu_64
63.0.N: Trace Attempt  4	[0.17 s]
63.0.N: Trace Attempt  5	[0.17 s]
63.0.Ht: clocks: 1, declared: 1, looping: 0, posedge: 1, negedge: 0, noedge: 0, bothedge: 0
63.0.Mpcustom4: caddy12.stanford.edu: "Rocky Linux 8.10 (Green Obsidian)" is an unsupported operating system.
63.0.Ht: Trace Attempt  1	[0.07 s]
63.0.B: caddy12.stanford.edu: "Rocky Linux 8.10 (Green Obsidian)" is an unsupported operating system.
63.0.Ht: Trace Attempt  2	[0.07 s]
63.0.Ht: Trace Attempt  3	[0.08 s]
63.0.Oh: caddy12.stanford.edu: "Rocky Linux 8.10 (Green Obsidian)" is an unsupported operating system.
63.0.Ht: Trace Attempt  4	[0.10 s]
63.0.Ht: Trace Attempt  5	[0.10 s]
63.0.N: Trace Attempt  5	[0.35 s]
63.0.AM: caddy12.stanford.edu: "Rocky Linux 8.10 (Green Obsidian)" is an unsupported operating system.
63.0.Mpcustom4: Proofgrid shell started at 2332125@caddy12.stanford.edu(local) jg_2320910_caddy12.stanford.edu_64
63.0.Oh: Proofgrid shell started at 2332128@caddy12.stanford.edu(local) jg_2320910_caddy12.stanford.edu_64
63.0.Mpcustom4: clocks: 1, declared: 1, looping: 0, posedge: 1, negedge: 0, noedge: 0, bothedge: 0
63.0.B: Proofgrid shell started at 2332130@caddy12.stanford.edu(local) jg_2320910_caddy12.stanford.edu_64
63.0.Oh: clocks: 1, declared: 1, looping: 0, posedge: 1, negedge: 0, noedge: 0, bothedge: 0
63.0.Mpcustom4: Trace Attempt  1	[0.07 s]
63.0.B: clocks: 1, declared: 1, looping: 0, posedge: 1, negedge: 0, noedge: 0, bothedge: 0
63.0.AM: Proofgrid shell started at 2332135@caddy12.stanford.edu(local) jg_2320910_caddy12.stanford.edu_64
63.0.Mpcustom4: Trace Attempt  2	[0.10 s]
63.0.B: Last scan. Per property time limit: 0s
63.0.B: Starting proof for property "CS_mult_fsm_s1_64"	[0.00 s].
63.0.B: Trace Attempt  1	[0.01 s]
63.0.AM: clocks: 1, declared: 1, looping: 0, posedge: 1, negedge: 0, noedge: 0, bothedge: 0
63.0.AM: Last scan. Per property time limit: 0s
63.0.AM: Starting proof for property "CS_mult_fsm_s1_64"	[0.00 s].
63.0.B: Trace Attempt  2	[0.04 s]
63.0.B: Trace Attempt  3	[0.05 s]
63.0.AM: Trace Attempt  1	[0.03 s]
63.0.B: Trace Attempt  4	[0.07 s]
63.0.AM: Trace Attempt  2	[0.06 s]
63.0.B: Trace Attempt  5	[0.13 s]
63.0.AM: Trace Attempt  3	[0.11 s]
63.0.AM: Trace Attempt  4	[0.14 s]
63.0.Oh: bwd trail(1): 1 0.113384s
63.0.Oh: All properties either determined or skipped. [0.26 s]
63.0.Oh: Exited with Success (@ 0.93 s)
63.0.AM: Trace Attempt  5	[0.20 s]
63.0.Mpcustom4: Trace Attempt  3	[1.12 s]
63.0.Mpcustom4: Trace Attempt  3	[1.15 s]
63.0.Mpcustom4: Trace Attempt  4	[1.18 s]
63.0.Mpcustom4: Trace Attempt  4	[1.23 s]
63.0.Mpcustom4: Trace Attempt  5	[1.26 s]
63.0.Mpcustom4: Trace Attempt  5	[1.32 s]
63.0.Ht: Trace Attempt 69	[4.32 s]
63.0.N: Trace Attempt 25	[4.58 s]
63.0.B: Trace Attempt 35	[4.15 s]
63.0.AM: Trace Attempt 40	[4.31 s]
63.0.Mpcustom4: Trace Attempt 36	[5.33 s]
63.0.N: Trace Attempt 37	[8.95 s]
63.0.AM: Trace Attempt 57	[8.40 s]
63.0.Mpcustom4: Trace Attempt 46	[9.41 s]
63.0.N: Requesting engine job to stop
63.0.B: Requesting engine job to stop
63.0.AM: Requesting engine job to stop
63.0.Hp: Requesting engine job to terminate
63.0.Ht: Requesting engine job to terminate
63.0.Mpcustom4: Requesting engine job to terminate
INFO (IPF144): 63: Initiating shutdown of proof [12.66 s]
63.0.Ht: Trace Attempt 71	[4.48 s]
63.0.Ht: A trace with 71 cycles was found. [12.33 s]
INFO (IPF047): 63.0.Ht: The cover property "CS_mult_fsm_s1_64" was covered in 71 cycles in 12.44 s.
63.0.Ht: All properties determined. [12.40 s]
63.0.Hp: Interrupted (multi)
63.0.Hp: All properties determined. [12.65 s]
63.0.N: Trace Attempt 45	[12.14 s]
63.0.N: Stopped processing property "CS_mult_fsm_s1_64"	[12.69 s].
63.0.N: All properties determined. [12.71 s]
63.0.N: Exited with Success (@ 12.77 s)
63: ProofGrid usable level: 0
63.0.Mpcustom4: Trace Attempt 56	[12.10 s]
63.0.Mpcustom4: All properties determined. [12.50 s]
63.0.B: Trace Attempt 71	[7.59 s]
63.0.B: Stopped processing property "CS_mult_fsm_s1_64"	[12.44 s].
63.0.Mpcustom4: Exited with Success (@ 13.14 s)
63.0.B: All properties determined. [12.44 s]
63.0.B: Exited with Success (@ 13.14 s)
63.0.AM: Trace Attempt 66	[11.57 s]
63.0.AM: Stopped processing property "CS_mult_fsm_s1_64"	[12.46 s].
63.0.AM: All properties determined. [12.46 s]
63.0.AM: Exited with Success (@ 13.21 s)
63.0.Hp: Exited with Success (@ 13.28 s)
63.0.Ht: Exited with Success (@ 13.34 s)
63: --------------------------------------------------------------
ProofGrid Summary (utilization 94.72 %)
--------------------------------------------------------------
     engines started                               :     7
     engine jobs started                           :     7

    Average time in state (seconds)
    ------------------------------------------------------
    Engine  Pending     Running        Dead    Utilization
    ------------------------------------------------------
      N        0.68       12.63        0.00       94.92 %
     Hp        0.54       12.63        0.00       95.91 %
     Ht        0.51       12.42        0.00       96.03 %
    Mpcustom4        0.60       12.07        0.00       95.24 %
     Oh        0.60        0.26        0.00       29.91 %
      B        0.59       11.99        0.00       95.29 %
     AM        0.60       11.95        0.00       95.24 %
    all        0.59       10.56        0.00       94.72 %

    Total time in state (seconds)
    -----------------------------------------
            Pending     Running        Dead  
    -----------------------------------------
               4.12       73.95        0.00

    Data read    : 184.83 kiB
    Data written : 9.90 kiB

63: All pending notifications were processed.
INFO (IPF059): 63: Completed proof on task: "mytask"
cover -name CS_mult_fsm_s1_65 {@(posedge clk_i) !mult_fsm_s1 ##1 mult_fsm_s1 [*65] ##1 !mult_fsm_s1 }
INFO (IPF036): Starting proof on task: "mytask", 1 properties to prove with 0 already proven/unreachable
INFO (IPF031): Settings used for proof thread 64:
    orchestration                 = on (auto)
    time_limit                    = 600s
    per_property_time_limit       = 1s * 10 ^ scan
    engine_mode                   = auto
    proofgrid_per_engine_max_jobs = 1
    max engine jobs               = auto
    proofgrid_mode                = local
    proofgrid_restarts            = 10
64: Using multistage preprocessing
64: Starting reduce
64: Finished reduce in 0.068s
64.0.PRE: Performing Proof Simplification...
64.0.N: clocks: 1, declared: 1, looping: 0, posedge: 1, negedge: 0, noedge: 0, bothedge: 0
64.0.N: Proof Simplification Iteration 1	[0.00 s]
64.0.N: Proof Simplification Iteration 2	[0.06 s]
64.0.N: Proof Simplification Iteration 3	[0.08 s]
64.0.N: Proof Simplification Iteration 4	[0.10 s]
64.0.N: Proof Simplification Iteration 5	[0.12 s]
64.0.N: Proof Simplification Iteration 6	[0.14 s]
64.0.N: Proof Simplification Iteration 7	[0.16 s]
64.0.N: Proof Simplification Iteration 8	[0.18 s]
64.0.N: Proof Simplification Iteration 9	[0.22 s]
64.0.N: Proof Simplification Iteration 10	[0.27 s]
64.0.PRE: Proof Simplification completed in 0.36 s
64: About to start ProofGrid in its own thread with a limit of 10000 pending notifications and a limit of 10 traces.
64: =============================== ProofGrid start ===============================
64: ProofGrid usable level: 1
64: Initial ProofGrid level: 1
64: ProofGrid is starting event handling
64.0.Hp: caddy12.stanford.edu: "Rocky Linux 8.10 (Green Obsidian)" is an unsupported operating system.
64.0.N: caddy12.stanford.edu: "Rocky Linux 8.10 (Green Obsidian)" is an unsupported operating system.
64.0.Ht: caddy12.stanford.edu: "Rocky Linux 8.10 (Green Obsidian)" is an unsupported operating system.
64.0.Ht: Proofgrid shell started at 2332321@caddy12.stanford.edu(local) jg_2320910_caddy12.stanford.edu_65
64.0.Ht: clocks: 1, declared: 1, looping: 0, posedge: 1, negedge: 0, noedge: 0, bothedge: 0
64.0.Hp: Proofgrid shell started at 2332300@caddy12.stanford.edu(local) jg_2320910_caddy12.stanford.edu_65
64.0.Ht: Trace Attempt  1	[0.08 s]
64.0.Hp: clocks: 1, declared: 1, looping: 0, posedge: 1, negedge: 0, noedge: 0, bothedge: 0
64.0.Ht: Trace Attempt  2	[0.09 s]
64.0.Ht: Trace Attempt  3	[0.09 s]
64.0.Ht: Trace Attempt  4	[0.10 s]
64.0.Ht: Trace Attempt  5	[0.11 s]
64.0.Mpcustom4: caddy12.stanford.edu: "Rocky Linux 8.10 (Green Obsidian)" is an unsupported operating system.
64.0.N: Proofgrid shell started at 2332299@caddy12.stanford.edu(local) jg_2320910_caddy12.stanford.edu_65
64.0.N: clocks: 1, declared: 1, looping: 0, posedge: 1, negedge: 0, noedge: 0, bothedge: 0
64.0.N: Last scan. Per property time limit: 0s
64.0.N: Starting proof for property "CS_mult_fsm_s1_65"	[0.00 s].
64.0.Oh: caddy12.stanford.edu: "Rocky Linux 8.10 (Green Obsidian)" is an unsupported operating system.
64.0.B: caddy12.stanford.edu: "Rocky Linux 8.10 (Green Obsidian)" is an unsupported operating system.
64.0.N: Trace Attempt  1	[0.01 s]
64.0.N: Trace Attempt  2	[0.02 s]
64.0.N: Trace Attempt  3	[0.02 s]
64.0.N: Trace Attempt  3	[0.12 s]
64.0.Mpcustom4: Proofgrid shell started at 2332329@caddy12.stanford.edu(local) jg_2320910_caddy12.stanford.edu_65
64.0.N: Trace Attempt  4	[0.14 s]
64.0.N: Trace Attempt  5	[0.14 s]
64.0.AM: caddy12.stanford.edu: "Rocky Linux 8.10 (Green Obsidian)" is an unsupported operating system.
64.0.Mpcustom4: clocks: 1, declared: 1, looping: 0, posedge: 1, negedge: 0, noedge: 0, bothedge: 0
64.0.Mpcustom4: Trace Attempt  1	[0.07 s]
64.0.N: Trace Attempt  5	[0.22 s]
64.0.Mpcustom4: Trace Attempt  2	[0.10 s]
64.0.B: Proofgrid shell started at 2332353@caddy12.stanford.edu(local) jg_2320910_caddy12.stanford.edu_65
64.0.Oh: Proofgrid shell started at 2332349@caddy12.stanford.edu(local) jg_2320910_caddy12.stanford.edu_65
64.0.Oh: clocks: 1, declared: 1, looping: 0, posedge: 1, negedge: 0, noedge: 0, bothedge: 0
64.0.B: clocks: 1, declared: 1, looping: 0, posedge: 1, negedge: 0, noedge: 0, bothedge: 0
64.0.B: Last scan. Per property time limit: 0s
64.0.B: Starting proof for property "CS_mult_fsm_s1_65"	[0.00 s].
64.0.B: Trace Attempt  1	[0.01 s]
64.0.B: Trace Attempt  2	[0.04 s]
64.0.B: Trace Attempt  3	[0.07 s]
64.0.AM: Proofgrid shell started at 2332359@caddy12.stanford.edu(local) jg_2320910_caddy12.stanford.edu_65
64.0.Oh: bwd trail(1): 1 0.105323s
64.0.Oh: All properties either determined or skipped. [0.14 s]
64.0.B: Trace Attempt  4	[0.10 s]
64.0.Oh: Exited with Success (@ 0.71 s)
64.0.AM: clocks: 1, declared: 1, looping: 0, posedge: 1, negedge: 0, noedge: 0, bothedge: 0
64.0.AM: Last scan. Per property time limit: 0s
64.0.AM: Starting proof for property "CS_mult_fsm_s1_65"	[0.00 s].
64.0.AM: Trace Attempt  1	[0.03 s]
64.0.B: Trace Attempt  5	[0.19 s]
64.0.AM: Trace Attempt  2	[0.06 s]
64.0.AM: Trace Attempt  3	[0.10 s]
64.0.AM: Trace Attempt  4	[0.14 s]
64.0.AM: Trace Attempt  5	[0.20 s]
64.0.Mpcustom4: Trace Attempt  3	[1.45 s]
64.0.Mpcustom4: Trace Attempt  3	[1.48 s]
64.0.Mpcustom4: Trace Attempt  4	[1.51 s]
64.0.Mpcustom4: Trace Attempt  4	[1.56 s]
64.0.Mpcustom4: Trace Attempt  5	[1.59 s]
64.0.Mpcustom4: Trace Attempt  5	[1.66 s]
64.0.N: Trace Attempt 20	[4.32 s]
64.0.B: Trace Attempt 36	[4.25 s]
64.0.AM: Trace Attempt 37	[4.45 s]
64.0.Ht: Trace Attempt 70	[5.51 s]
64.0.Mpcustom4: Trace Attempt 36	[6.04 s]
64.0.N: Trace Attempt 34	[8.48 s]
64.0.AM: Trace Attempt 62	[8.54 s]
64.0.N: Requesting engine job to stop
64.0.B: Requesting engine job to stop
64.0.AM: Requesting engine job to stop
64.0.Hp: Requesting engine job to terminate
64.0.Ht: Requesting engine job to terminate
64.0.Mpcustom4: Requesting engine job to terminate
INFO (IPF144): 64: Initiating shutdown of proof [9.62 s]
64.0.Ht: Trace Attempt 72	[5.68 s]
64.0.Ht: A trace with 72 cycles was found. [9.42 s]
INFO (IPF047): 64.0.Ht: The cover property "CS_mult_fsm_s1_65" was covered in 72 cycles in 9.58 s.
64.0.Ht: All properties determined. [9.58 s]
64.0.N: Trace Attempt 37	[9.17 s]
64.0.N: Stopped processing property "CS_mult_fsm_s1_65"	[9.46 s].
64.0.N: All properties determined. [9.41 s]
64.0.N: Exited with Success (@ 9.68 s)
64: ProofGrid usable level: 0
64.0.Hp: Interrupted (multi)
64.0.Hp: All properties determined. [9.58 s]
64.0.AM: Stopped processing property "CS_mult_fsm_s1_65"	[9.13 s].
64.0.AM: All properties determined. [9.15 s]
64.0.AM: Exited with Success (@ 9.90 s)
64.0.B: Trace Attempt 72	[7.47 s]
64.0.B: Stopped processing property "CS_mult_fsm_s1_65"	[9.41 s].
64.0.B: All properties determined. [9.42 s]
64.0.B: Exited with Success (@ 10.04 s)
64.0.Mpcustom4: Trace Attempt 46	[9.12 s]
64.0.Mpcustom4: All properties determined. [9.67 s]
64.0.Mpcustom4: Exited with Success (@ 10.13 s)
64.0.Hp: Exited with Success (@ 10.58 s)
64.0.Ht: Exited with Success (@ 10.58 s)
64: --------------------------------------------------------------
ProofGrid Summary (utilization 94.67 %)
--------------------------------------------------------------
     engines started                               :     7
     engine jobs started                           :     7

    Average time in state (seconds)
    ------------------------------------------------------
    Engine  Pending     Running        Dead    Utilization
    ------------------------------------------------------
      N        0.53        9.41        0.00       94.69 %
     Hp        0.38        9.52        0.00       96.17 %
     Ht        0.10        9.56        0.00       98.97 %
    Mpcustom4        0.47        9.20        0.00       95.09 %
     Oh        0.55        0.14        0.00       20.15 %
      B        0.50        9.03        0.00       94.73 %
     AM        0.60        8.92        0.00       93.68 %
    all        0.45        7.97        0.00       94.67 %

    Total time in state (seconds)
    -----------------------------------------
            Pending     Running        Dead  
    -----------------------------------------
               3.14       55.77        0.00

    Data read    : 180.52 kiB
    Data written : 9.74 kiB

64: All pending notifications were processed.
INFO (IPF059): 64: Completed proof on task: "mytask"
cover -name CS_mult_fsm_s1_66 {@(posedge clk_i) !mult_fsm_s1 ##1 mult_fsm_s1 [*66] ##1 !mult_fsm_s1 }
INFO (IPF036): Starting proof on task: "mytask", 1 properties to prove with 0 already proven/unreachable
INFO (IPF031): Settings used for proof thread 65:
    orchestration                 = on (auto)
    time_limit                    = 600s
    per_property_time_limit       = 1s * 10 ^ scan
    engine_mode                   = auto
    proofgrid_per_engine_max_jobs = 1
    max engine jobs               = auto
    proofgrid_mode                = local
    proofgrid_restarts            = 10
65: Using multistage preprocessing
65: Starting reduce
65: Finished reduce in 0.069s
65.0.PRE: Performing Proof Simplification...
65.0.N: clocks: 1, declared: 1, looping: 0, posedge: 1, negedge: 0, noedge: 0, bothedge: 0
65.0.N: Proof Simplification Iteration 1	[0.03 s]
65.0.N: Proof Simplification Iteration 2	[0.09 s]
65.0.N: Proof Simplification Iteration 3	[0.13 s]
65.0.N: Proof Simplification Iteration 4	[0.16 s]
65.0.N: Proof Simplification Iteration 5	[0.20 s]
65.0.N: Proof Simplification Iteration 6	[0.24 s]
65.0.N: Proof Simplification Iteration 7	[0.28 s]
65.0.N: Proof Simplification Iteration 8	[0.31 s]
65.0.N: Proof Simplification Iteration 9	[0.33 s]
65.0.N: Proof Simplification Iteration 10	[0.35 s]
65.0.PRE: Proof Simplification completed in 0.41 s
65: About to start ProofGrid in its own thread with a limit of 10000 pending notifications and a limit of 10 traces.
65: =============================== ProofGrid start ===============================
65: ProofGrid usable level: 1
65: Initial ProofGrid level: 1
65: ProofGrid is starting event handling
65.0.N: caddy12.stanford.edu: "Rocky Linux 8.10 (Green Obsidian)" is an unsupported operating system.
65.0.Hp: caddy12.stanford.edu: "Rocky Linux 8.10 (Green Obsidian)" is an unsupported operating system.
65.0.N: Proofgrid shell started at 2332584@caddy12.stanford.edu(local) jg_2320910_caddy12.stanford.edu_66
65.0.N: clocks: 1, declared: 1, looping: 0, posedge: 1, negedge: 0, noedge: 0, bothedge: 0
65.0.N: Last scan. Per property time limit: 0s
65.0.N: Starting proof for property "CS_mult_fsm_s1_66"	[0.00 s].
65.0.N: Trace Attempt  1	[0.01 s]
65.0.N: Trace Attempt  2	[0.02 s]
65.0.N: Trace Attempt  3	[0.02 s]
65.0.N: Trace Attempt  3	[0.07 s]
65.0.Ht: caddy12.stanford.edu: "Rocky Linux 8.10 (Green Obsidian)" is an unsupported operating system.
65.0.N: Trace Attempt  4	[0.09 s]
65.0.N: Trace Attempt  5	[0.09 s]
65.0.Mpcustom4: caddy12.stanford.edu: "Rocky Linux 8.10 (Green Obsidian)" is an unsupported operating system.
65.0.N: Trace Attempt  5	[0.17 s]
65.0.Hp: Proofgrid shell started at 2332585@caddy12.stanford.edu(local) jg_2320910_caddy12.stanford.edu_66
65.0.Hp: clocks: 1, declared: 1, looping: 0, posedge: 1, negedge: 0, noedge: 0, bothedge: 0
65.0.Oh: caddy12.stanford.edu: "Rocky Linux 8.10 (Green Obsidian)" is an unsupported operating system.
65.0.AM: caddy12.stanford.edu: "Rocky Linux 8.10 (Green Obsidian)" is an unsupported operating system.
65.0.B: caddy12.stanford.edu: "Rocky Linux 8.10 (Green Obsidian)" is an unsupported operating system.
65.0.Ht: Proofgrid shell started at 2332600@caddy12.stanford.edu(local) jg_2320910_caddy12.stanford.edu_66
65.0.Ht: clocks: 1, declared: 1, looping: 0, posedge: 1, negedge: 0, noedge: 0, bothedge: 0
65.0.Mpcustom4: Proofgrid shell started at 2332614@caddy12.stanford.edu(local) jg_2320910_caddy12.stanford.edu_66
65.0.Ht: Trace Attempt  1	[0.05 s]
65.0.Ht: Trace Attempt  2	[0.05 s]
65.0.Mpcustom4: clocks: 1, declared: 1, looping: 0, posedge: 1, negedge: 0, noedge: 0, bothedge: 0
65.0.Ht: Trace Attempt  3	[0.09 s]
65.0.Ht: Trace Attempt  4	[0.11 s]
65.0.Ht: Trace Attempt  5	[0.12 s]
65.0.Mpcustom4: Trace Attempt  1	[0.07 s]
65.0.Mpcustom4: Trace Attempt  2	[0.10 s]
65.0.Oh: Proofgrid shell started at 2332618@caddy12.stanford.edu(local) jg_2320910_caddy12.stanford.edu_66
65.0.Oh: clocks: 1, declared: 1, looping: 0, posedge: 1, negedge: 0, noedge: 0, bothedge: 0
65.0.B: Proofgrid shell started at 2332620@caddy12.stanford.edu(local) jg_2320910_caddy12.stanford.edu_66
65.0.AM: Proofgrid shell started at 2332630@caddy12.stanford.edu(local) jg_2320910_caddy12.stanford.edu_66
65.0.B: clocks: 1, declared: 1, looping: 0, posedge: 1, negedge: 0, noedge: 0, bothedge: 0
65.0.B: Last scan. Per property time limit: 0s
65.0.B: Starting proof for property "CS_mult_fsm_s1_66"	[0.00 s].
65.0.B: Trace Attempt  1	[0.02 s]
65.0.B: Trace Attempt  2	[0.03 s]
65.0.AM: clocks: 1, declared: 1, looping: 0, posedge: 1, negedge: 0, noedge: 0, bothedge: 0
65.0.AM: Last scan. Per property time limit: 0s
65.0.AM: Starting proof for property "CS_mult_fsm_s1_66"	[0.00 s].
65.0.B: Trace Attempt  3	[0.05 s]
65.0.AM: Trace Attempt  1	[0.02 s]
65.0.B: Trace Attempt  4	[0.07 s]
65.0.AM: Trace Attempt  2	[0.06 s]
65.0.B: Trace Attempt  5	[0.14 s]
65.0.AM: Trace Attempt  3	[0.09 s]
65.0.AM: Trace Attempt  4	[0.14 s]
65.0.AM: Trace Attempt  5	[0.20 s]
65.0.Oh: bwd trail(1): 1 0.112193s
65.0.Oh: All properties either determined or skipped. [0.36 s]
65.0.Oh: Exited with Success (@ 0.94 s)
65.0.Mpcustom4: Trace Attempt  3	[1.53 s]
65.0.Mpcustom4: Trace Attempt  3	[1.58 s]
65.0.Mpcustom4: Trace Attempt  4	[1.64 s]
65.0.Mpcustom4: Trace Attempt  4	[1.69 s]
65.0.Mpcustom4: Trace Attempt  5	[1.72 s]
65.0.Mpcustom4: Trace Attempt  5	[1.79 s]
65.0.N: Trace Attempt 26	[4.21 s]
65.0.B: Trace Attempt 38	[4.17 s]
65.0.Ht: Trace Attempt 71	[4.62 s]
65.0.AM: Trace Attempt 49	[4.33 s]
65.0.Mpcustom4: Trace Attempt 36	[6.13 s]
65.0.N: Trace Attempt 35	[8.40 s]
65.0.B: Trace Attempt 71	[8.23 s]
65.0.AM: Trace Attempt 67	[8.38 s]
65.0.Mpcustom4: Trace Attempt 46	[10.15 s]
65.0.N: Requesting engine job to stop
65.0.B: Requesting engine job to stop
65.0.AM: Requesting engine job to stop
65.0.Hp: Requesting engine job to terminate
65.0.Ht: Requesting engine job to terminate
65.0.Mpcustom4: Requesting engine job to terminate
INFO (IPF144): 65: Initiating shutdown of proof [10.66 s]
65.0.Ht: Trace Attempt 73	[4.96 s]
65.0.Ht: A trace with 73 cycles was found. [10.19 s]
INFO (IPF047): 65.0.Ht: The cover property "CS_mult_fsm_s1_66" was covered in 73 cycles in 10.30 s.
65.0.Ht: All properties determined. [10.27 s]
65.0.Hp: Interrupted (multi)
65.0.Hp: All properties determined. [10.43 s]
65.0.N: Trace Attempt 41	[10.53 s]
65.0.N: Stopped processing property "CS_mult_fsm_s1_66"	[10.66 s].
65.0.N: All properties determined. [10.64 s]
65.0.N: Exited with Success (@ 10.69 s)
65: ProofGrid usable level: 0
65.0.B: Trace Attempt 73	[9.09 s]
65.0.B: Stopped processing property "CS_mult_fsm_s1_66"	[10.31 s].
65.0.B: All properties determined. [10.32 s]
65.0.B: Exited with Success (@ 10.98 s)
65.0.AM: Stopped processing property "CS_mult_fsm_s1_66"	[10.32 s].
65.0.AM: All properties determined. [10.32 s]
65.0.Hp: Exited with Success (@ 11.01 s)
65.0.AM: Exited with Success (@ 11.03 s)
65.0.Mpcustom4: All properties determined. [10.59 s]
65.0.Mpcustom4: Exited with Success (@ 11.05 s)
65.0.Ht: Exited with Success (@ 11.75 s)
65: --------------------------------------------------------------
ProofGrid Summary (utilization 94.88 %)
--------------------------------------------------------------
     engines started                               :     7
     engine jobs started                           :     7

    Average time in state (seconds)
    ------------------------------------------------------
    Engine  Pending     Running        Dead    Utilization
    ------------------------------------------------------
      N        0.31       10.64        0.00       97.20 %
     Hp        0.44       10.43        0.00       95.98 %
     Ht        0.45       10.28        0.00       95.83 %
    Mpcustom4        0.45       10.24        0.00       95.77 %
     Oh        0.54        0.36        0.00       40.07 %
      B        0.59       10.05        0.00       94.48 %
     AM        0.58       10.00        0.00       94.49 %
    all        0.48        8.86        0.00       94.88 %

    Total time in state (seconds)
    -----------------------------------------
            Pending     Running        Dead  
    -----------------------------------------
               3.35       62.00        0.00

    Data read    : 183.60 kiB
    Data written : 9.54 kiB

65: All pending notifications were processed.
INFO (IPF059): 65: Completed proof on task: "mytask"
cover -name CS_mult_fsm_s1_67 {@(posedge clk_i) !mult_fsm_s1 ##1 mult_fsm_s1 [*67] ##1 !mult_fsm_s1 }
INFO (IPF036): Starting proof on task: "mytask", 1 properties to prove with 0 already proven/unreachable
INFO (IPF031): Settings used for proof thread 66:
    orchestration                 = on (auto)
    time_limit                    = 600s
    per_property_time_limit       = 1s * 10 ^ scan
    engine_mode                   = auto
    proofgrid_per_engine_max_jobs = 1
    max engine jobs               = auto
    proofgrid_mode                = local
    proofgrid_restarts            = 10
66: Using multistage preprocessing
66: Starting reduce
66: Finished reduce in 0.06s
66.0.PRE: Performing Proof Simplification...
66.0.N: clocks: 1, declared: 1, looping: 0, posedge: 1, negedge: 0, noedge: 0, bothedge: 0
66.0.N: Proof Simplification Iteration 1	[0.00 s]
66.0.N: Proof Simplification Iteration 2	[0.04 s]
66.0.N: Proof Simplification Iteration 3	[0.06 s]
66.0.N: Proof Simplification Iteration 4	[0.08 s]
66.0.N: Proof Simplification Iteration 5	[0.10 s]
66.0.N: Proof Simplification Iteration 6	[0.12 s]
66.0.N: Proof Simplification Iteration 7	[0.14 s]
66.0.N: Proof Simplification Iteration 8	[0.16 s]
66.0.N: Proof Simplification Iteration 9	[0.18 s]
66.0.N: Proof Simplification Iteration 10	[0.23 s]
66.0.PRE: Proof Simplification completed in 0.28 s
66: About to start ProofGrid in its own thread with a limit of 10000 pending notifications and a limit of 10 traces.
66: =============================== ProofGrid start ===============================
66: ProofGrid usable level: 1
66: Initial ProofGrid level: 1
66: ProofGrid is starting event handling
66.0.N: caddy12.stanford.edu: "Rocky Linux 8.10 (Green Obsidian)" is an unsupported operating system.
66.0.Hp: caddy12.stanford.edu: "Rocky Linux 8.10 (Green Obsidian)" is an unsupported operating system.
66.0.Hp: Proofgrid shell started at 2332758@caddy12.stanford.edu(local) jg_2320910_caddy12.stanford.edu_67
66.0.Hp: clocks: 1, declared: 1, looping: 0, posedge: 1, negedge: 0, noedge: 0, bothedge: 0
66.0.Ht: caddy12.stanford.edu: "Rocky Linux 8.10 (Green Obsidian)" is an unsupported operating system.
66.0.Hp: Trace Attempt  1	[0.14 s]
66.0.Hp: Trace Attempt  2	[0.15 s]
66.0.N: Proofgrid shell started at 2332757@caddy12.stanford.edu(local) jg_2320910_caddy12.stanford.edu_67
66.0.N: clocks: 1, declared: 1, looping: 0, posedge: 1, negedge: 0, noedge: 0, bothedge: 0
66.0.N: Last scan. Per property time limit: 0s
66.0.N: Starting proof for property "CS_mult_fsm_s1_67"	[0.00 s].
66.0.N: Trace Attempt  1	[0.01 s]
66.0.N: Trace Attempt  2	[0.02 s]
66.0.N: Trace Attempt  3	[0.02 s]
66.0.Hp: Trace Attempt  3	[0.24 s]
66.0.Mpcustom4: caddy12.stanford.edu: "Rocky Linux 8.10 (Green Obsidian)" is an unsupported operating system.
66.0.Oh: caddy12.stanford.edu: "Rocky Linux 8.10 (Green Obsidian)" is an unsupported operating system.
66.0.B: caddy12.stanford.edu: "Rocky Linux 8.10 (Green Obsidian)" is an unsupported operating system.
66.0.N: Trace Attempt  3	[0.10 s]
66.0.Hp: Trace Attempt  4	[0.34 s]
66.0.AM: caddy12.stanford.edu: "Rocky Linux 8.10 (Green Obsidian)" is an unsupported operating system.
66.0.N: Trace Attempt  4	[0.16 s]
66.0.N: Trace Attempt  5	[0.16 s]
66.0.Ht: Proofgrid shell started at 2332777@caddy12.stanford.edu(local) jg_2320910_caddy12.stanford.edu_67
66.0.Hp: Trace Attempt  5	[0.43 s]
66.0.Ht: clocks: 1, declared: 1, looping: 0, posedge: 1, negedge: 0, noedge: 0, bothedge: 0
66.0.B: Proofgrid shell started at 2332794@caddy12.stanford.edu(local) jg_2320910_caddy12.stanford.edu_67
66.0.Ht: Trace Attempt  1	[0.09 s]
66.0.Ht: Trace Attempt  2	[0.10 s]
66.0.Ht: Trace Attempt  3	[0.10 s]
66.0.N: Trace Attempt  5	[0.33 s]
66.0.B: clocks: 1, declared: 1, looping: 0, posedge: 1, negedge: 0, noedge: 0, bothedge: 0
66.0.B: Last scan. Per property time limit: 0s
66.0.B: Starting proof for property "CS_mult_fsm_s1_67"	[0.00 s].
66.0.Oh: Proofgrid shell started at 2332793@caddy12.stanford.edu(local) jg_2320910_caddy12.stanford.edu_67
66.0.Ht: Trace Attempt  4	[0.14 s]
66.0.B: Trace Attempt  1	[0.02 s]
66.0.B: Trace Attempt  2	[0.03 s]
66.0.Mpcustom4: Proofgrid shell started at 2332791@caddy12.stanford.edu(local) jg_2320910_caddy12.stanford.edu_67
66.0.Ht: Trace Attempt  5	[0.17 s]
66.0.B: Trace Attempt  3	[0.05 s]
66.0.Mpcustom4: clocks: 1, declared: 1, looping: 0, posedge: 1, negedge: 0, noedge: 0, bothedge: 0
66.0.B: Trace Attempt  4	[0.06 s]
66.0.Oh: clocks: 1, declared: 1, looping: 0, posedge: 1, negedge: 0, noedge: 0, bothedge: 0
66.0.AM: Proofgrid shell started at 2332799@caddy12.stanford.edu(local) jg_2320910_caddy12.stanford.edu_67
66.0.AM: clocks: 1, declared: 1, looping: 0, posedge: 1, negedge: 0, noedge: 0, bothedge: 0
66.0.AM: Last scan. Per property time limit: 0s
66.0.AM: Starting proof for property "CS_mult_fsm_s1_67"	[0.00 s].
66.0.AM: Trace Attempt  1	[0.01 s]
66.0.Mpcustom4: Trace Attempt  1	[0.11 s]
66.0.B: Trace Attempt  5	[0.17 s]
66.0.AM: Trace Attempt  2	[0.04 s]
66.0.Mpcustom4: Trace Attempt  2	[0.15 s]
66.0.AM: Trace Attempt  3	[0.09 s]
66.0.AM: Trace Attempt  4	[0.12 s]
66.0.Oh: bwd trail(1): 1 0.110362s
66.0.Oh: All properties either determined or skipped. [0.25 s]
66.0.Oh: Exited with Success (@ 0.86 s)
66.0.Oh: Completed, Restart ignored.
66.0.AM: Trace Attempt  5	[0.21 s]
66.0.Mpcustom4: Trace Attempt  3	[1.72 s]
66.0.Mpcustom4: Trace Attempt  3	[1.75 s]
66.0.Mpcustom4: Trace Attempt  4	[1.78 s]
66.0.Mpcustom4: Trace Attempt  4	[1.83 s]
66.0.Mpcustom4: Trace Attempt  5	[1.86 s]
66.0.Mpcustom4: Trace Attempt  5	[2.00 s]
66.0.B: Trace Attempt 39	[4.20 s]
66.0.N: Trace Attempt 25	[4.56 s]
66.0.AM: Trace Attempt 35	[4.25 s]
66.0.Ht: Trace Attempt 72	[4.83 s]
66.0.Mpcustom4: Trace Attempt 36	[6.38 s]
66.0.AM: Trace Attempt 57	[8.27 s]
66.0.N: Trace Attempt 37	[9.17 s]
66.0.N: Requesting engine job to stop
66.0.B: Requesting engine job to stop
66.0.AM: Requesting engine job to stop
66.0.Hp: Requesting engine job to terminate
66.0.Ht: Requesting engine job to terminate
66.0.Mpcustom4: Requesting engine job to terminate
INFO (IPF144): 66: Initiating shutdown of proof [9.71 s]
66.0.Ht: Trace Attempt 74	[5.12 s]
66.0.Ht: A trace with 74 cycles was found. [9.17 s]
INFO (IPF047): 66.0.Ht: The cover property "CS_mult_fsm_s1_67" was covered in 74 cycles in 9.28 s.
66.0.Ht: All properties determined. [9.27 s]
66.0.Hp: Interrupted (multi)
66.0.Hp: Trace Attempt  6	[0.56 s]
66.0.Hp: All properties determined. [9.71 s]
66.0.N: Trace Attempt 39	[9.44 s]
66.0.N: Stopped processing property "CS_mult_fsm_s1_67"	[9.59 s].
66.0.N: All properties determined. [9.52 s]
66.0.N: Exited with Success (@ 9.74 s)
66: ProofGrid usable level: 0
66.0.AM: Trace Attempt 60	[8.80 s]
66.0.AM: Stopped processing property "CS_mult_fsm_s1_67"	[9.25 s].
66.0.AM: All properties determined. [9.26 s]
66.0.AM: Exited with Success (@ 9.97 s)
66.0.B: Trace Attempt 74	[7.50 s]
66.0.B: Stopped processing property "CS_mult_fsm_s1_67"	[9.46 s].
66.0.B: All properties determined. [9.46 s]
66.0.B: Exited with Success (@ 10.03 s)
66.0.Mpcustom4: Trace Attempt 39	[8.98 s]
66.0.Mpcustom4: All properties determined. [9.47 s]
66.0.Mpcustom4: Exited with Success (@ 10.11 s)
66.0.Hp: Exited with Success (@ 10.42 s)
66.0.Ht: Exited with Success (@ 10.64 s)
66: --------------------------------------------------------------
ProofGrid Summary (utilization 94.00 %)
--------------------------------------------------------------
     engines started                               :     7
     engine jobs started                           :     7

    Average time in state (seconds)
    ------------------------------------------------------
    Engine  Pending     Running        Dead    Utilization
    ------------------------------------------------------
      N        0.53        9.52        0.00       94.73 %
     Hp        0.28        9.70        0.00       97.23 %
     Ht        0.50        9.27        0.00       94.91 %
    Mpcustom4        0.60        9.09        0.00       93.80 %
     Oh        0.56        0.25        0.00       31.11 %
      B        0.52        9.17        0.00       94.64 %
     AM        0.59        9.04        0.00       93.90 %
    all        0.51        8.00        0.00       94.00 %

    Total time in state (seconds)
    -----------------------------------------
            Pending     Running        Dead  
    -----------------------------------------
               3.57       56.03        0.00

    Data read    : 183.25 kiB
    Data written : 8.73 kiB

66: All pending notifications were processed.
INFO (IPF059): 66: Completed proof on task: "mytask"
cover -name CS_mult_fsm_s1_68 {@(posedge clk_i) !mult_fsm_s1 ##1 mult_fsm_s1 [*68] ##1 !mult_fsm_s1 }
INFO (IPF036): Starting proof on task: "mytask", 1 properties to prove with 0 already proven/unreachable
INFO (IPF031): Settings used for proof thread 67:
    orchestration                 = on (auto)
    time_limit                    = 600s
    per_property_time_limit       = 1s * 10 ^ scan
    engine_mode                   = auto
    proofgrid_per_engine_max_jobs = 1
    max engine jobs               = auto
    proofgrid_mode                = local
    proofgrid_restarts            = 10
67: Using multistage preprocessing
67: Starting reduce
67: Finished reduce in 0.047s
67.0.PRE: Performing Proof Simplification...
67.0.N: clocks: 1, declared: 1, looping: 0, posedge: 1, negedge: 0, noedge: 0, bothedge: 0
67.0.N: Proof Simplification Iteration 1	[0.00 s]
67.0.N: Proof Simplification Iteration 2	[0.04 s]
67.0.N: Proof Simplification Iteration 3	[0.06 s]
67.0.N: Proof Simplification Iteration 4	[0.08 s]
67.0.N: Proof Simplification Iteration 5	[0.10 s]
67.0.N: Proof Simplification Iteration 6	[0.12 s]
67.0.N: Proof Simplification Iteration 7	[0.14 s]
67.0.N: Proof Simplification Iteration 8	[0.16 s]
67.0.N: Proof Simplification Iteration 9	[0.17 s]
67.0.N: Proof Simplification Iteration 10	[0.19 s]
67.0.PRE: Proof Simplification completed in 0.24 s
67: About to start ProofGrid in its own thread with a limit of 10000 pending notifications and a limit of 10 traces.
67: =============================== ProofGrid start ===============================
67: ProofGrid usable level: 1
67: Initial ProofGrid level: 1
67: ProofGrid is starting event handling
67.0.Hp: caddy12.stanford.edu: "Rocky Linux 8.10 (Green Obsidian)" is an unsupported operating system.
67.0.N: caddy12.stanford.edu: "Rocky Linux 8.10 (Green Obsidian)" is an unsupported operating system.
67.0.Ht: caddy12.stanford.edu: "Rocky Linux 8.10 (Green Obsidian)" is an unsupported operating system.
67.0.Mpcustom4: caddy12.stanford.edu: "Rocky Linux 8.10 (Green Obsidian)" is an unsupported operating system.
67.0.Hp: Proofgrid shell started at 2332888@caddy12.stanford.edu(local) jg_2320910_caddy12.stanford.edu_68
67.0.N: Proofgrid shell started at 2332887@caddy12.stanford.edu(local) jg_2320910_caddy12.stanford.edu_68
67.0.Ht: Proofgrid shell started at 2332910@caddy12.stanford.edu(local) jg_2320910_caddy12.stanford.edu_68
67.0.Hp: clocks: 1, declared: 1, looping: 0, posedge: 1, negedge: 0, noedge: 0, bothedge: 0
67.0.Ht: clocks: 1, declared: 1, looping: 0, posedge: 1, negedge: 0, noedge: 0, bothedge: 0
67.0.N: clocks: 1, declared: 1, looping: 0, posedge: 1, negedge: 0, noedge: 0, bothedge: 0
67.0.Ht: Trace Attempt  1	[0.04 s]
67.0.Mpcustom4: Proofgrid shell started at 2332929@caddy12.stanford.edu(local) jg_2320910_caddy12.stanford.edu_68
67.0.Oh: caddy12.stanford.edu: "Rocky Linux 8.10 (Green Obsidian)" is an unsupported operating system.
67.0.N: Last scan. Per property time limit: 0s
67.0.N: Starting proof for property "CS_mult_fsm_s1_68"	[0.00 s].
67.0.Ht: Trace Attempt  2	[0.04 s]
67.0.N: Trace Attempt  1	[0.01 s]
67.0.B: caddy12.stanford.edu: "Rocky Linux 8.10 (Green Obsidian)" is an unsupported operating system.
67.0.N: Trace Attempt  2	[0.02 s]
67.0.N: Trace Attempt  3	[0.02 s]
67.0.Ht: Trace Attempt  3	[0.05 s]
67.0.Ht: Trace Attempt  4	[0.06 s]
67.0.Ht: Trace Attempt  5	[0.07 s]
67.0.Mpcustom4: clocks: 1, declared: 1, looping: 0, posedge: 1, negedge: 0, noedge: 0, bothedge: 0
67.0.N: Trace Attempt  3	[0.06 s]
67.0.AM: caddy12.stanford.edu: "Rocky Linux 8.10 (Green Obsidian)" is an unsupported operating system.
67.0.Oh: Proofgrid shell started at 2332944@caddy12.stanford.edu(local) jg_2320910_caddy12.stanford.edu_68
67.0.N: Trace Attempt  4	[0.08 s]
67.0.N: Trace Attempt  5	[0.08 s]
67.0.Oh: clocks: 1, declared: 1, looping: 0, posedge: 1, negedge: 0, noedge: 0, bothedge: 0
67.0.Mpcustom4: Trace Attempt  1	[0.08 s]
67.0.B: Proofgrid shell started at 2332948@caddy12.stanford.edu(local) jg_2320910_caddy12.stanford.edu_68
67.0.Mpcustom4: Trace Attempt  2	[0.11 s]
67.0.B: clocks: 1, declared: 1, looping: 0, posedge: 1, negedge: 0, noedge: 0, bothedge: 0
67.0.B: Last scan. Per property time limit: 0s
67.0.B: Starting proof for property "CS_mult_fsm_s1_68"	[0.00 s].
67.0.N: Trace Attempt  5	[0.16 s]
67.0.B: Trace Attempt  1	[0.01 s]
67.0.B: Trace Attempt  2	[0.02 s]
67.0.B: Trace Attempt  3	[0.03 s]
67.0.B: Trace Attempt  4	[0.04 s]
67.0.Oh: bwd trail(1): 1 0.107093s
67.0.Oh: All properties either determined or skipped. [0.13 s]
67.0.Oh: Exited with Success (@ 0.27 s)
67.0.B: Trace Attempt  5	[0.08 s]
67.0.AM: Proofgrid shell started at 2332950@caddy12.stanford.edu(local) jg_2320910_caddy12.stanford.edu_68
67.0.AM: clocks: 1, declared: 1, looping: 0, posedge: 1, negedge: 0, noedge: 0, bothedge: 0
67.0.AM: Last scan. Per property time limit: 0s
67.0.AM: Starting proof for property "CS_mult_fsm_s1_68"	[0.00 s].
67.0.AM: Trace Attempt  1	[0.01 s]
67.0.AM: Trace Attempt  2	[0.03 s]
67.0.AM: Trace Attempt  3	[0.05 s]
67.0.AM: Trace Attempt  4	[0.07 s]
67.0.AM: Trace Attempt  5	[0.10 s]
67.0.Mpcustom4: Trace Attempt  3	[1.01 s]
67.0.Mpcustom4: Trace Attempt  3	[1.04 s]
67.0.Mpcustom4: Trace Attempt  4	[1.07 s]
67.0.Mpcustom4: Trace Attempt  4	[1.12 s]
67.0.Mpcustom4: Trace Attempt  5	[1.15 s]
67.0.Mpcustom4: Trace Attempt  5	[1.22 s]
67.0.N: Trace Attempt 23	[4.29 s]
67.0.B: Trace Attempt 55	[4.15 s]
67.0.AM: Trace Attempt 46	[4.13 s]
67.0.Mpcustom4: Trace Attempt 36	[5.41 s]
67.0.N: Trace Attempt 32	[8.42 s]
67.0.AM: Trace Attempt 63	[8.49 s]
67.0.Mpcustom4: Trace Attempt 54	[10.33 s]
67.0.N: Trace Attempt 38	[12.50 s]
67.0.AM: Trace Attempt 70	[12.73 s]
67.0.Mpcustom4: Trace Attempt 65	[15.47 s]
67.0.N: Trace Attempt 43	[16.92 s]
67.0.Mpcustom4: Trace Attempt 73	[20.05 s]
67.0.N: Trace Attempt 47	[20.96 s]
67.0.N: Trace Attempt 52	[24.98 s]
67.0.Mpcustom4: Trace Attempt 74	[26.62 s]
67.0.N: Requesting engine job to stop
67.0.B: Requesting engine job to stop
67.0.AM: Requesting engine job to stop
67.0.Hp: Requesting engine job to terminate
67.0.Ht: Requesting engine job to terminate
67.0.Mpcustom4: Requesting engine job to terminate
INFO (IPF144): 67: Initiating shutdown of proof [28.87 s]
67.0.AM: Trace Attempt 75	[16.10 s]
67.0.AM: A trace with 75 cycles was found. [28.43 s]
INFO (IPF047): 67.0.AM: The cover property "CS_mult_fsm_s1_68" was covered in 75 cycles in 28.54 s.
67: ProofGrid usable level: 0
67.0.AM: Stopped processing property "CS_mult_fsm_s1_68"	[28.55 s].
67.0.AM: All properties determined. [28.53 s]
67.0.AM: Exited with Success (@ 28.90 s)
67.0.Ht: Interrupted (multi)
67.0.Ht: Trace Attempt 75	[3.51 s]
67.0.Ht: All properties determined. [28.91 s]
67.0.N: Trace Attempt 57	[28.03 s]
67.0.N: Stopped processing property "CS_mult_fsm_s1_68"	[28.96 s].
67.0.N: All properties determined. [28.96 s]
67.0.N: Exited with Success (@ 29.03 s)
67.0.B: Trace Attempt 75	[7.22 s]
67.0.B: Stopped processing property "CS_mult_fsm_s1_68"	[28.94 s].
67.0.B: All properties determined. [28.95 s]
67.0.B: Exited with Success (@ 29.41 s)
67.0.Mpcustom4: Trace Attempt 74	[28.33 s]
67.0.Mpcustom4: All properties determined. [29.33 s]
67.0.Ht: Exited with Success (@ 29.92 s)
67.0.Mpcustom4: Exited with Success (@ 29.92 s)
67.0.Hp: Sending SIGKILL
67.0.Hp: Terminated by signal SIGKILL (@ 30.96 s)
67: --------------------------------------------------------------
ProofGrid Summary (utilization 99.40 %)
--------------------------------------------------------------
     engines started                               :     7
     engine jobs started                           :     7

    Average time in state (seconds)
    ------------------------------------------------------
    Engine  Pending     Running        Dead    Utilization
    ------------------------------------------------------
      N        0.11       28.84        0.00       99.63 %
     Hp        0.08       28.86        0.00       99.73 %
     Ht        0.09       28.84        0.00       99.70 %
    Mpcustom4        0.11       28.77        0.00       99.62 %
     Oh        0.15        0.13        0.00       46.53 %
      B        0.20       28.67        0.00       99.31 %
     AM        0.32       28.54        0.00       98.90 %
    all        0.15       24.66        0.00       99.40 %

    Total time in state (seconds)
    -----------------------------------------
            Pending     Running        Dead  
    -----------------------------------------
               1.05      172.64        0.00

    Data read    : 219.07 kiB
    Data written : 23.61 kiB

67: All pending notifications were processed.
INFO (IPF059): 67: Completed proof on task: "mytask"
cover -name CS_mult_fsm_s1_69 {@(posedge clk_i) !mult_fsm_s1 ##1 mult_fsm_s1 [*69] ##1 !mult_fsm_s1 }
INFO (IPF036): Starting proof on task: "mytask", 1 properties to prove with 0 already proven/unreachable
INFO (IPF031): Settings used for proof thread 68:
    orchestration                 = on (auto)
    time_limit                    = 600s
    per_property_time_limit       = 1s * 10 ^ scan
    engine_mode                   = auto
    proofgrid_per_engine_max_jobs = 1
    max engine jobs               = auto
    proofgrid_mode                = local
    proofgrid_restarts            = 10
68: Using multistage preprocessing
68: Starting reduce
68: Finished reduce in 0.081s
68.0.PRE: Performing Proof Simplification...
68.0.N: clocks: 1, declared: 1, looping: 0, posedge: 1, negedge: 0, noedge: 0, bothedge: 0
68.0.N: Proof Simplification Iteration 1	[0.00 s]
68.0.N: Proof Simplification Iteration 2	[0.07 s]
68.0.N: Proof Simplification Iteration 3	[0.11 s]
68.0.N: Proof Simplification Iteration 4	[0.15 s]
68.0.N: Proof Simplification Iteration 5	[0.19 s]
68.0.N: Proof Simplification Iteration 6	[0.22 s]
68.0.N: Proof Simplification Iteration 7	[0.28 s]
68.0.N: Proof Simplification Iteration 8	[0.31 s]
68.0.N: Proof Simplification Iteration 9	[0.33 s]
68.0.N: Proof Simplification Iteration 10	[0.36 s]
68.0.PRE: Proof Simplification completed in 0.45 s
68: About to start ProofGrid in its own thread with a limit of 10000 pending notifications and a limit of 10 traces.
68: =============================== ProofGrid start ===============================
68: ProofGrid usable level: 1
68: Initial ProofGrid level: 1
68: ProofGrid is starting event handling
68.0.N: caddy12.stanford.edu: "Rocky Linux 8.10 (Green Obsidian)" is an unsupported operating system.
68.0.Hp: caddy12.stanford.edu: "Rocky Linux 8.10 (Green Obsidian)" is an unsupported operating system.
68.0.Ht: caddy12.stanford.edu: "Rocky Linux 8.10 (Green Obsidian)" is an unsupported operating system.
68.0.N: Proofgrid shell started at 2333241@caddy12.stanford.edu(local) jg_2320910_caddy12.stanford.edu_69
68.0.Hp: Proofgrid shell started at 2333242@caddy12.stanford.edu(local) jg_2320910_caddy12.stanford.edu_69
68.0.Hp: clocks: 1, declared: 1, looping: 0, posedge: 1, negedge: 0, noedge: 0, bothedge: 0
68.0.N: clocks: 1, declared: 1, looping: 0, posedge: 1, negedge: 0, noedge: 0, bothedge: 0
68.0.N: Last scan. Per property time limit: 0s
68.0.N: Starting proof for property "CS_mult_fsm_s1_69"	[0.00 s].
68.0.N: Trace Attempt  1	[0.02 s]
68.0.N: Trace Attempt  2	[0.03 s]
68.0.N: Trace Attempt  3	[0.03 s]
68.0.Ht: Proofgrid shell started at 2333264@caddy12.stanford.edu(local) jg_2320910_caddy12.stanford.edu_69
68.0.N: Trace Attempt  3	[0.13 s]
68.0.Ht: clocks: 1, declared: 1, looping: 0, posedge: 1, negedge: 0, noedge: 0, bothedge: 0
68.0.Mpcustom4: caddy12.stanford.edu: "Rocky Linux 8.10 (Green Obsidian)" is an unsupported operating system.
68.0.N: Trace Attempt  4	[0.19 s]
68.0.N: Trace Attempt  5	[0.19 s]
68.0.Oh: caddy12.stanford.edu: "Rocky Linux 8.10 (Green Obsidian)" is an unsupported operating system.
68.0.Ht: Trace Attempt  1	[0.09 s]
68.0.Ht: Trace Attempt  2	[0.09 s]
68.0.Ht: Trace Attempt  3	[0.10 s]
68.0.Ht: Trace Attempt  4	[0.12 s]
68.0.B: caddy12.stanford.edu: "Rocky Linux 8.10 (Green Obsidian)" is an unsupported operating system.
68.0.Ht: Trace Attempt  5	[0.15 s]
68.0.AM: caddy12.stanford.edu: "Rocky Linux 8.10 (Green Obsidian)" is an unsupported operating system.
68.0.N: Trace Attempt  5	[0.31 s]
68.0.Mpcustom4: Proofgrid shell started at 2333283@caddy12.stanford.edu(local) jg_2320910_caddy12.stanford.edu_69
68.0.Oh: Proofgrid shell started at 2333286@caddy12.stanford.edu(local) jg_2320910_caddy12.stanford.edu_69
68.0.Mpcustom4: clocks: 1, declared: 1, looping: 0, posedge: 1, negedge: 0, noedge: 0, bothedge: 0
68.0.Oh: clocks: 1, declared: 1, looping: 0, posedge: 1, negedge: 0, noedge: 0, bothedge: 0
68.0.B: Proofgrid shell started at 2333288@caddy12.stanford.edu(local) jg_2320910_caddy12.stanford.edu_69
68.0.Mpcustom4: Trace Attempt  1	[0.07 s]
68.0.B: clocks: 1, declared: 1, looping: 0, posedge: 1, negedge: 0, noedge: 0, bothedge: 0
68.0.Mpcustom4: Trace Attempt  2	[0.10 s]
68.0.B: Last scan. Per property time limit: 0s
68.0.B: Starting proof for property "CS_mult_fsm_s1_69"	[0.00 s].
68.0.AM: Proofgrid shell started at 2333291@caddy12.stanford.edu(local) jg_2320910_caddy12.stanford.edu_69
68.0.B: Trace Attempt  1	[0.01 s]
68.0.B: Trace Attempt  2	[0.02 s]
68.0.AM: clocks: 1, declared: 1, looping: 0, posedge: 1, negedge: 0, noedge: 0, bothedge: 0
68.0.AM: Last scan. Per property time limit: 0s
68.0.AM: Starting proof for property "CS_mult_fsm_s1_69"	[0.00 s].
68.0.B: Trace Attempt  3	[0.04 s]
68.0.B: Trace Attempt  4	[0.07 s]
68.0.AM: Trace Attempt  1	[0.05 s]
68.0.AM: Trace Attempt  2	[0.08 s]
68.0.B: Trace Attempt  5	[0.15 s]
68.0.Oh: bwd trail(1): 1 0.111187s
68.0.Oh: All properties either determined or skipped. [0.23 s]
68.0.AM: Trace Attempt  3	[0.13 s]
68.0.Oh: Exited with Success (@ 0.85 s)
68.0.AM: Trace Attempt  4	[0.17 s]
68.0.AM: Trace Attempt  5	[0.22 s]
68.0.Mpcustom4: Trace Attempt  3	[1.81 s]
68.0.Mpcustom4: Trace Attempt  3	[1.88 s]
68.0.Mpcustom4: Trace Attempt  4	[1.91 s]
68.0.Mpcustom4: Trace Attempt  4	[1.96 s]
68.0.Mpcustom4: Trace Attempt  5	[1.99 s]
68.0.Mpcustom4: Trace Attempt  5	[2.05 s]
68.0.N: Trace Attempt 25	[4.64 s]
68.0.B: Trace Attempt 55	[4.16 s]
68.0.AM: Trace Attempt 44	[4.44 s]
68.0.Ht: Trace Attempt 74	[6.44 s]
68.0.Mpcustom4: Trace Attempt 29	[6.64 s]
68.0.AM: Trace Attempt 58	[8.61 s]
68.0.N: Trace Attempt 35	[9.28 s]
68.0.Mpcustom4: Trace Attempt 39	[11.12 s]
68.0.AM: Trace Attempt 69	[12.83 s]
68.0.N: Trace Attempt 41	[13.69 s]
68.0.N: Requesting engine job to stop
68.0.B: Requesting engine job to stop
68.0.AM: Requesting engine job to stop
68.0.Hp: Requesting engine job to terminate
68.0.Ht: Requesting engine job to terminate
68.0.Mpcustom4: Requesting engine job to terminate
INFO (IPF144): 68: Initiating shutdown of proof [15.07 s]
68.0.Ht: Trace Attempt 76	[6.65 s]
68.0.Ht: A trace with 76 cycles was found. [14.72 s]
INFO (IPF047): 68.0.Ht: The cover property "CS_mult_fsm_s1_69" was covered in 76 cycles in 14.91 s.
68.0.Ht: All properties determined. [14.82 s]
68.0.Hp: Interrupted (multi)
68.0.Hp: All properties determined. [15.04 s]
68.0.N: Trace Attempt 43	[14.13 s]
68.0.N: Stopped processing property "CS_mult_fsm_s1_69"	[15.12 s].
68.0.N: All properties determined. [15.14 s]
68.0.N: Exited with Success (@ 15.24 s)
68: ProofGrid usable level: 0
68.0.B: Trace Attempt 76	[6.02 s]
68.0.B: Stopped processing property "CS_mult_fsm_s1_69"	[14.73 s].
68.0.B: All properties determined. [14.73 s]
68.0.B: Exited with Success (@ 15.40 s)
68.0.AM: Trace Attempt 72	[14.09 s]
68.0.AM: Stopped processing property "CS_mult_fsm_s1_69"	[14.74 s].
68.0.AM: All properties determined. [14.74 s]
68.0.Mpcustom4: Trace Attempt 53	[14.51 s]
68.0.Mpcustom4: All properties determined. [14.88 s]
68.0.AM: Exited with Success (@ 15.48 s)
68.0.Mpcustom4: Exited with Success (@ 15.48 s)
68.0.Hp: Exited with Success (@ 15.92 s)
68.0.Ht: Exited with Success (@ 16.28 s)
68: --------------------------------------------------------------
ProofGrid Summary (utilization 95.64 %)
--------------------------------------------------------------
     engines started                               :     7
     engine jobs started                           :     7

    Average time in state (seconds)
    ------------------------------------------------------
    Engine  Pending     Running        Dead    Utilization
    ------------------------------------------------------
      N        0.65       15.00        0.00       95.85 %
     Hp        0.56       15.02        0.00       96.40 %
     Ht        0.52       14.83        0.00       96.61 %
    Mpcustom4        0.57       14.51        0.00       96.24 %
     Oh        0.57        0.23        0.00       28.75 %
      B        0.58       14.43        0.00       96.17 %
     AM        0.59       14.38        0.00       96.08 %
    all        0.58       12.63        0.00       95.64 %

    Total time in state (seconds)
    -----------------------------------------
            Pending     Running        Dead  
    -----------------------------------------
               4.03       88.41        0.00

    Data read    : 193.51 kiB
    Data written : 9.67 kiB

68: All pending notifications were processed.
INFO (IPF059): 68: Completed proof on task: "mytask"
cover -name CS_mult_fsm_s1_70 {@(posedge clk_i) !mult_fsm_s1 ##1 mult_fsm_s1 [*70] ##1 !mult_fsm_s1 }
INFO (IPF036): Starting proof on task: "mytask", 1 properties to prove with 0 already proven/unreachable
INFO (IPF031): Settings used for proof thread 69:
    orchestration                 = on (auto)
    time_limit                    = 600s
    per_property_time_limit       = 1s * 10 ^ scan
    engine_mode                   = auto
    proofgrid_per_engine_max_jobs = 1
    max engine jobs               = auto
    proofgrid_mode                = local
    proofgrid_restarts            = 10
69: Using multistage preprocessing
69: Starting reduce
69: Finished reduce in 0.063s
69.0.PRE: Performing Proof Simplification...
69.0.N: clocks: 1, declared: 1, looping: 0, posedge: 1, negedge: 0, noedge: 0, bothedge: 0
69.0.N: Proof Simplification Iteration 1	[0.00 s]
69.0.N: Proof Simplification Iteration 2	[0.07 s]
69.0.N: Proof Simplification Iteration 3	[0.11 s]
69.0.N: Proof Simplification Iteration 4	[0.14 s]
69.0.N: Proof Simplification Iteration 5	[0.19 s]
69.0.N: Proof Simplification Iteration 6	[0.22 s]
69.0.N: Proof Simplification Iteration 7	[0.26 s]
69.0.N: Proof Simplification Iteration 8	[0.29 s]
69.0.N: Proof Simplification Iteration 9	[0.32 s]
69.0.N: Proof Simplification Iteration 10	[0.34 s]
69.0.PRE: Proof Simplification completed in 0.40 s
69: About to start ProofGrid in its own thread with a limit of 10000 pending notifications and a limit of 10 traces.
69: =============================== ProofGrid start ===============================
69: ProofGrid usable level: 1
69: Initial ProofGrid level: 1
69: ProofGrid is starting event handling
69.0.N: caddy12.stanford.edu: "Rocky Linux 8.10 (Green Obsidian)" is an unsupported operating system.
69.0.Hp: caddy12.stanford.edu: "Rocky Linux 8.10 (Green Obsidian)" is an unsupported operating system.
69.0.Hp: Proofgrid shell started at 2333357@caddy12.stanford.edu(local) jg_2320910_caddy12.stanford.edu_70
69.0.Hp: clocks: 1, declared: 1, looping: 0, posedge: 1, negedge: 0, noedge: 0, bothedge: 0
69.0.N: Proofgrid shell started at 2333356@caddy12.stanford.edu(local) jg_2320910_caddy12.stanford.edu_70
69.0.Ht: caddy12.stanford.edu: "Rocky Linux 8.10 (Green Obsidian)" is an unsupported operating system.
69.0.N: clocks: 1, declared: 1, looping: 0, posedge: 1, negedge: 0, noedge: 0, bothedge: 0
69.0.N: Last scan. Per property time limit: 0s
69.0.N: Starting proof for property "CS_mult_fsm_s1_70"	[0.00 s].
69.0.N: Trace Attempt  1	[0.01 s]
69.0.N: Trace Attempt  2	[0.02 s]
69.0.N: Trace Attempt  3	[0.02 s]
69.0.N: Trace Attempt  3	[0.09 s]
69.0.Mpcustom4: caddy12.stanford.edu: "Rocky Linux 8.10 (Green Obsidian)" is an unsupported operating system.
69.0.N: Trace Attempt  4	[0.14 s]
69.0.N: Trace Attempt  5	[0.14 s]
69.0.B: caddy12.stanford.edu: "Rocky Linux 8.10 (Green Obsidian)" is an unsupported operating system.
69.0.Ht: Proofgrid shell started at 2333379@caddy12.stanford.edu(local) jg_2320910_caddy12.stanford.edu_70
69.0.Oh: caddy12.stanford.edu: "Rocky Linux 8.10 (Green Obsidian)" is an unsupported operating system.
69.0.Ht: clocks: 1, declared: 1, looping: 0, posedge: 1, negedge: 0, noedge: 0, bothedge: 0
69.0.AM: caddy12.stanford.edu: "Rocky Linux 8.10 (Green Obsidian)" is an unsupported operating system.
69.0.Ht: Trace Attempt  1	[0.07 s]
69.0.Ht: Trace Attempt  2	[0.08 s]
69.0.Ht: Trace Attempt  3	[0.08 s]
69.0.Ht: Trace Attempt  4	[0.10 s]
69.0.Ht: Trace Attempt  5	[0.11 s]
69.0.N: Trace Attempt  5	[0.30 s]
69.0.Mpcustom4: Proofgrid shell started at 2333392@caddy12.stanford.edu(local) jg_2320910_caddy12.stanford.edu_70
69.0.Mpcustom4: clocks: 1, declared: 1, looping: 0, posedge: 1, negedge: 0, noedge: 0, bothedge: 0
69.0.B: Proofgrid shell started at 2333398@caddy12.stanford.edu(local) jg_2320910_caddy12.stanford.edu_70
69.0.B: clocks: 1, declared: 1, looping: 0, posedge: 1, negedge: 0, noedge: 0, bothedge: 0
69.0.B: Last scan. Per property time limit: 0s
69.0.B: Starting proof for property "CS_mult_fsm_s1_70"	[0.00 s].
69.0.B: Trace Attempt  1	[0.02 s]
69.0.B: Trace Attempt  2	[0.04 s]
69.0.Mpcustom4: Trace Attempt  1	[0.08 s]
69.0.AM: Proofgrid shell started at 2333402@caddy12.stanford.edu(local) jg_2320910_caddy12.stanford.edu_70
69.0.Oh: Proofgrid shell started at 2333395@caddy12.stanford.edu(local) jg_2320910_caddy12.stanford.edu_70
69.0.B: Trace Attempt  3	[0.06 s]
69.0.Mpcustom4: Trace Attempt  2	[0.11 s]
69.0.B: Trace Attempt  4	[0.11 s]
69.0.AM: clocks: 1, declared: 1, looping: 0, posedge: 1, negedge: 0, noedge: 0, bothedge: 0
69.0.Oh: clocks: 1, declared: 1, looping: 0, posedge: 1, negedge: 0, noedge: 0, bothedge: 0
69.0.AM: Last scan. Per property time limit: 0s
69.0.AM: Starting proof for property "CS_mult_fsm_s1_70"	[0.00 s].
69.0.AM: Trace Attempt  1	[0.04 s]
69.0.B: Trace Attempt  5	[0.17 s]
69.0.AM: Trace Attempt  2	[0.10 s]
69.0.AM: Trace Attempt  3	[0.16 s]
69.0.AM: Trace Attempt  4	[0.20 s]
69.0.Oh: bwd trail(1): 1 0.114871s
69.0.Oh: All properties either determined or skipped. [0.27 s]
69.0.Oh: Exited with Success (@ 0.94 s)
69.0.Oh: Completed, Restart ignored.
69.0.AM: Trace Attempt  5	[0.29 s]
69.0.Mpcustom4: Trace Attempt  3	[1.67 s]
69.0.Mpcustom4: Trace Attempt  3	[1.70 s]
69.0.Mpcustom4: Trace Attempt  4	[1.73 s]
69.0.Mpcustom4: Trace Attempt  4	[1.78 s]
69.0.Mpcustom4: Trace Attempt  5	[1.83 s]
69.0.Mpcustom4: Trace Attempt  5	[1.95 s]
69.0.N: Trace Attempt 26	[4.33 s]
69.0.B: Trace Attempt 48	[4.23 s]
69.0.Ht: Trace Attempt 75	[4.49 s]
69.0.AM: Trace Attempt 46	[4.41 s]
69.0.Mpcustom4: Trace Attempt 36	[6.92 s]
69.0.N: Trace Attempt 39	[8.63 s]
69.0.AM: Trace Attempt 68	[9.27 s]
69.0.Mpcustom4: Trace Attempt 46	[11.31 s]
69.0.N: Trace Attempt 48	[12.82 s]
69.0.Mpcustom4: Trace Attempt 59	[15.63 s]
69.0.N: Requesting engine job to stop
69.0.B: Requesting engine job to stop
69.0.AM: Requesting engine job to stop
69.0.Hp: Requesting engine job to terminate
69.0.Ht: Requesting engine job to terminate
69.0.Mpcustom4: Requesting engine job to terminate
INFO (IPF144): 69: Initiating shutdown of proof [16.50 s]
69.0.Ht: Trace Attempt 77	[4.66 s]
69.0.Ht: A trace with 77 cycles was found. [16.03 s]
INFO (IPF047): 69.0.Ht: The cover property "CS_mult_fsm_s1_70" was covered in 77 cycles in 16.22 s.
69.0.Ht: All properties determined. [16.15 s]
69.0.N: Trace Attempt 55	[16.16 s]
69.0.N: Stopped processing property "CS_mult_fsm_s1_70"	[16.50 s].
69.0.N: All properties determined. [16.47 s]
69.0.N: Exited with Success (@ 16.64 s)
69: ProofGrid usable level: 0
69.0.AM: Trace Attempt 77	[12.11 s]
69.0.AM: Stopped processing property "CS_mult_fsm_s1_70"	[16.04 s].
69.0.AM: All properties determined. [16.04 s]
69.0.AM: Exited with Success (@ 16.76 s)
69.0.B: Trace Attempt 77	[7.10 s]
69.0.B: Stopped processing property "CS_mult_fsm_s1_70"	[16.23 s].
69.0.B: All properties determined. [16.24 s]
69.0.B: Exited with Success (@ 16.83 s)
69.0.Mpcustom4: Trace Attempt 62	[15.77 s]
69.0.Mpcustom4: All properties determined. [16.38 s]
69.0.Mpcustom4: Exited with Success (@ 16.97 s)
69.0.Ht: Exited with Success (@ 17.56 s)
69.0.Hp: Interrupted (multi)
69.0.Hp: All properties determined. [18.44 s]
69.0.Hp: Sending SIGKILL
69.0.Hp: Terminated by signal SIGKILL (@ 18.75 s)
69: --------------------------------------------------------------
ProofGrid Summary (utilization 96.24 %)
--------------------------------------------------------------
     engines started                               :     7
     engine jobs started                           :     7

    Average time in state (seconds)
    ------------------------------------------------------
    Engine  Pending     Running        Dead    Utilization
    ------------------------------------------------------
      N        0.62       16.38        0.00       96.34 %
     Hp        0.45       16.47        0.00       97.34 %
     Ht        0.52       16.16        0.00       96.86 %
    Mpcustom4        0.53       15.96        0.00       96.81 %
     Oh        0.61        0.27        0.00       30.82 %
      B        0.51       15.93        0.00       96.91 %
     AM        0.55       15.83        0.00       96.63 %
    all        0.54       13.86        0.00       96.24 %

    Total time in state (seconds)
    -----------------------------------------
            Pending     Running        Dead  
    -----------------------------------------
               3.79       97.00        0.00

    Data read    : 200.74 kiB
    Data written : 9.73 kiB

69: All pending notifications were processed.
INFO (IPF059): 69: Completed proof on task: "mytask"
=========EXIT CUSTOMTCL=========
[mytask] % INFO (IPL005): Received request to exit from the console.
INFO (IPL014): Waiting for the Tcl-thread to exit.
INFO: Waiting for proof threads to stop...
INFO: Proof threads stopped.
INFO (IPL018): The peak resident set memory use for this session was 2.924 GB.
INFO (IPL015): The Tcl-thread exited with status 0.
INFO (IPL016): Exiting the analysis session with status 0.
./RUN_JG.sh -j ./synthlc/i_DIV_out/xEnumCycleCnt -s ./synthlc/i_DIV_out/xEnumCycleCnt/out/mult_fsm_s1.sv -t ./synthlc/i_DIV_out/xEnumCycleCnt/out/mult_fsm_s1.tcl -g 0
